:020000040800F2
:10000000C0090020C50100081D440008953D0008F6
:1000100001420008B12200086754000800000000F7
:10002000000000000000000000000000454B000838
:100030008939000800000000194A00088D4D0008A9
:10004000DF010008DF010008DF010008DF01000810
:10005000DF010008DF010008DF010008DF01000800
:10006000DF010008DF010008DF010008DF010008F0
:10007000DF010008DF010008DF010008DF010008E0
:10008000DF010008DF010008DF010008DF010008D0
:10009000DF010008DF010008DF010008DF010008C0
:1000A000DF010008DF010008DF010008DF010008B0
:1000B000DF010008DF010008F14D0008DF01000842
:1000C000DF010008DF010008DF010008DF01000890
:1000D000DF01000841510008C9510008DF01000894
:1000E000DF010008DF010008DF01000800F002F86E
:1000F00000F059F80AA090E8000C82448344AAF169
:100100000107DA4501D100F04EF8AFF2090EBAE866
:100110000F0013F0010F18BFFB1A43F0010318473B
:10012000C8B20000E8B20000103A24BF78C878C115
:10013000FAD8520724BF30C830C144BF04680C60ED
:10014000704700000023002400250026103A28BF35
:1001500078C1FBD8520728BF30C148BF0B60704739
:10016000662909F02B86642900F0DC80752900F0EF
:10017000D980782900F01281732900F0A28500202F
:1001800070471FB500F0F4FD04000020002108F0C6
:1001900085FC401C60600020002108F069FCE060E4
:1001A0001FBD10B510BD00F00FFF1146FFF7E9FFAE
:1001B00007F03CF901F0B2F903B4FFF7F2FF03BC1A
:1001C00005F0E8FB0948804709480047FEE7FEE7DD
:1001D000FEE7FEE7FEE7FEE7FEE7FEE7FEE7FEE7F7
:1001E00004480549054A064B70470000914D000838
:1001F000ED000008C0030020C0090020C005002059
:10020000C0050020704710B54C1084EA530404D593
:100210004042C1F1000138BF491E1B4204D5524281
:10022000C3F1000338BF5B1E00F029FA14F0804FC1
:1002300004D04042C1F1000138BF491E14F0004F04
:1002400004D05242C3F1000338BF5B1E10BD000052
:100250000FB41CB50C0007AA009001D02044401E2A
:10026000074B7B4469460190069800F0F8FC002C8F
:1002700003D06946002000F005FD1CBC5DF814FBAE
:10028000290A000070B5044685690068C10601D5D9
:10029000302600E02026C00707D070BDD4E9012138
:1002A00030469047206A401C20626D1EF6D570BD16
:1002B00070B5044685690078C00707D170BDD4E9E0
:1002C000012120209047206A401C20626D1EF6D537
:1002D00070BD70B50C460546012A05D02878800609
:1002E00000D5EA69002302E0012305E05B1C93428C
:1002F00002D2E05C0028F9D1A869E618C01AA8610A
:10030000286A184428622846FFF7BCFF04E0D5E9B4
:10031000012114F8010B9047B442F8D32846FFF7A7
:10032000C7FF70BD2DE9F04106460024106875290D
:10033000314616A510D0AFF30080002802DA404203
:1003400013A507E031688A0701D512A502E0490725
:1003500004D511A5012401E0AFF3008000210A2299
:1003600006F1240709E0B0FBF2FCB0FBF2F302FB5C
:100370001C00303078541846491C0028F3D123461D
:100380002A463046BDE8F04100F0FBB9000000000D
:100390002D0000002B0000002000000070B5044676
:1003A0000D4621461068AFF300802188090502D56B
:1003B0000F4A7A4402E00E4A7A440E32002104F1D8
:1003C000240305E000F00F060009965D5E54491C09
:1003D0000028F7D120780023000704D5702D02D023
:1003E00009B1022311322046BDE8704000F0C9B9BE
:1003F0003CAD00002DE9F05F894604464FF0000A4D
:10040000DFF874B1FB44C0F820A02046E1688847BB
:10041000002874D0252806D0D4E901219047206A0D
:10042000401C2062F1E700265F462046E1688847CD
:100430002028054607DB312D05D2781910F8200C4D
:1004400008B10643F1E7B00701D526F00406C4F869
:100450001CA00027C4F818A02A2D09D0284605F0B2
:1004600092FA38B304EB8708303DC8F8185019E009
:1004700059F8041B204604EB87029161E168884724
:10048000012F054618D1E069002820DA26F0200661
:100490001DE0D8F8180000EB800005EB4000303874
:1004A000C8F818002046E1688847054605F06BFA51
:1004B0000028EED1012F0AD02E2D08D12046E16868
:1004C00088477F1C0546022F46F02006C4DBA06942
:1004D000002803DA404246F00106A061F00701D08F
:1004E00026F010066C2D0BD0682D09D04C2D39D07C
:1004F0006A2D35D0742D35D07A2D33D016E038E002
:10050000E1682F4620468847B842054609D16C2F3E
:1005100026D04FF48060E1680643204688470546B0
:1005200004E06C2F1AD04FF4807006430DB3A5F190
:100530004100192802D8203546F400664A4629466B
:10054000204626604E46FFF70BFE80B101280BD0F7
:10055000F61D26F0070000F1080956E74020E4E701
:100560008020D8E70020D6E706F104094DE72846A9
:1005700052E7206ABDE8F09F12AD000040EA010397
:1005800010B59B070FD1042A0DD310C808C9121F3C
:100590009C42F8D020BA19BA884201D9012010BD76
:1005A0004FF0FF3010BD1AB1D30703D0521C07E043
:1005B000002010BD10F8013B11F8014B1B1B07D1A7
:1005C00010F8013B11F8014B1B1B01D1921EF1D118
:1005D000184610BD02F0FF0343EA032242EA02423A
:1005E00000F002B84FF000020429C0F0128010F0B1
:1005F000030C00F01B80CCF1040CBCF1020F18BFFF
:1006000000F8012BA8BF20F8022BA1EB0C0100F091
:100610000DB85FEAC17C24BF00F8012B00F8012B64
:1006200048BF00F8012B70474FF0000200B5134699
:1006300094469646203922BFA0E80C50A0E80C5002
:10064000B1F12001BFF4F7AF090728BFA0E80C50B3
:1006500048BF0CC05DF804EB890028BF40F8042BAC
:1006600008BF704748BF20F8022B11F0804F18BF19
:1006700000F8012B7047704770477047704753EA86
:10068000020C00F069802DE9F04B4FF00006002BC2
:100690001FBFB3FA83F503FA05F424FA05F65E40AA
:1006A00012BF1643B2FA82F502FA05F4C5F120052D
:1006B0001EBF22FA05FC44EA0C04203556EA044C1D
:1006C0004FEA144418BF641C4FF000084FF00009B3
:1006D000904271EB030C39D3002919BFB1FA81F7AD
:1006E00001FA07F6B0FA80F700FA07F6C7F120071B
:1006F0001EBF20FA07FC46EA0C062037B6FBF4FCC6
:10070000A7EB0507103F07F01F0BCBF120060CFAF3
:100710000BFB2CFA06F644BFB3460026202FA4BFDD
:100720005E464FF0000B5BEA060C08BF4FF0010B72
:1007300019EB0B09ABFB027C48EB0608C01B06FB60
:1007400002CC0BFB03CC71EB0C01C1E70B4602465C
:1007500041464846BDE8F08B13B54FF000004FF01E
:100760000001AFF30080BDE81C40704710B500F0F9
:1007700003FB006810BD10B5044600F0FDFA0460EC
:1007800010BD2DE9F0470D4699469246044600F10A
:1007900024080168880604D5E06921F01001216071
:1007A00000E00120A84201DD471B00E00027A1690D
:1007B0007A1902EB0900081AA0612078C00602D459
:1007C0002046FFF75FFD002608E0D4E901211AF872
:1007D00006009047206A401C761C20624E45F4DBE0
:1007E0002078C0060AD52046FFF74CFD06E0D4E984
:1007F000012130209047206A401C2062381EA7F15A
:100800000107F4DC07E0D4E9012118F8050090475E
:10081000206A401C2062281EA5F10105F3DC204659
:10082000FFF746FD2078000602D50220BDE8F087DC
:100830000120FBE770472DE9FF4F0C461E464FF0A5
:10084000FF378BB0D2E90001DDF860800A908A465C
:10085000C1F30A5505B93D46002108464FF0000096
:10086000BAF1000F00F4400005DA00EB80004FF40D
:10087000400101EA50004FEA9059B9F1010F00DD43
:10088000B9460A9850EA4A000ED044F61050A5F234
:10089000FF3545432F14B8F1000F1ED07542291EB5
:1008A0001EDDC9F100021CE0B8F1010F4FF000009D
:1008B00001D0302103E0F24305E02154401CB04256
:1008C000FBDB30460022002121540B99C1F808803F
:1008D000C1E900200FB0BDE8F08FBD1B6D1CDEE745
:1008E0004A4600DA694206A800F0F8FA06AB93E837
:1008F000070003AB83E8070050460A9901F0A3F80C
:100900008DE80700A0F500501F3800900398002DD7
:100910000ADD42F21F014A460844002303A903905E
:10092000684601F04FFB09E0A0F500504A461F3829
:10093000002303A90390684601F06EFB8DE80700D1
:100940000004000C03D04FF0FF30410800E01046D7
:10095000B8F1000F03D00022009215461EE0751E6C
:1009600005D400F00DFA303262556D1EF9D5B3464C
:100970000122084302D000227F1C04E020783028A6
:1009800001D100227F1E002A099784D01DE0112D7D
:1009900007DA00F0F5F9303262556D1C50EA0102B9
:1009A000F5D1084302D00098C8B10EE00021681EBE
:1009B00005E0235C625C63542254401E491C814262
:1009C000F7DBAB46A81B401E0990002004F80B0083
:1009D0000B98099AC0F80880C0E9002B7AE7112625
:1009E0004FF0000857E72DE9F04F88460446D21D26
:1009F00022F0070191B0D1E90001CDE90A0104F02C
:100A0000CDFE02460B98C00F01D02D2007E02068D4
:100A1000810701D52B2002E0202101EAC000032A32
:100A2000099001D0072A05DB03464146204600F025
:100A3000F5F90BE12078800601D5E06900E0062099
:100A4000B8F1650F814606D0B8F1660F18D0B8F13D
:100A5000670F70D131E00020B9F1110F009001DB78
:100A6000112301E009F101030AAA01A90CA8FFF76B
:100A7000E2FEDDE90C70002609F10105834647E03E
:100A800001204B4600904FF000470AAA01A90CA88C
:100A9000FFF7D1FEDDE90DB00C995D46002610B9D7
:100AA00009F101000D18B9EB050003D4C0F1FF36C0
:100AB00009F10105A5EB09002BE0B9F1010F01DAFD
:100AC0004FF001090020B9F1110F0090484601DDF7
:100AD000112300E003460AAA01A90CA8FFF7ABFE08
:100AE000DDE90C704D4600268346207800070AD4C5
:100AF000AB4500DA5D4601A8012D04DD411911F86E
:100B0000011C302907D04F4502DA17F1040F04DA2F
:100B1000012082460FE06D1EEEE7002F02DCED1B88
:100B20003E4403E0781CA84200DD7D1CB81B00F1A8
:100B3000010A4FF000472078000703D4AA4501DBE3
:100B40004FF0FF3A0021B7F1004F0DF143088DF847
:100B5000431024D002202B23002F01DA7F422D23C3
:100B60000A21021EA0F1010000DC5FB197FBF1FC3D
:100B700097FBF1F201FB1C7C17460CF1300C08F8D6
:100B800001CDEEE7A8F1010003702188090501D528
:100B9000452100E06521A0F1010800F8011C099839
:100BA0000FA9A1EB0807FF1D00B10120411901EBBE
:100BB000EA70A1693844081A401EA0612078C00676
:100BC00002D42046FFF75EFB099828B1D4E9012141
:100BD0009047206A401C20622078C00622D520461B
:100BE000FFF750FB1EE0002E04DBB34502DD01A839
:100BF000805D00E03020D4E901219047206A401C4C
:100C00002062761CAAF101005FEA000A0AD100F016
:100C1000AFF8C0680168405CD4E901219047206AC0
:100C2000401C2062281EA5F10105DCDC07E0D4E9A8
:100C3000012118F8010B9047206A401C2062381EE1
:100C4000A7F10107F3DC2046FFF732FB032011B0C8
:100C500041E6000001694A1C02610878704700B54E
:100C60008FB0CDE901310021059105497944CDE9E5
:100C7000031011466846FFF7BDFB0FB000BD000032
:100C8000E5FFFFFF0A6802F8010B0A607047D1E92F
:100C900000239A4202D2531C0B601070704710B5AB
:100CA000436913B1AFF3008001E0FFF712FB0120AD
:100CB00010BD127800F124010A7000224A7001224E
:100CC000EDE711684FF0FF32E9E700000FB40023B1
:100CD00000B589B00CA900910B99CB60214B7B44E6
:100CE0000693214B7B44079304236FF00042CDE928
:100CF00001321E4A7A446B4608920246002009F0EF
:100D0000BFF809B05DF814FB70B506464FF0FF3030
:100D100015460C46324686B00091CDE90101694680
:100D20000020049004A8FFF7D1FF02460498211880
:100D300025B108B1084600E0204628600498002844
:100D40000DD0002A02DD0098884208D03246081BE8
:100D500069460094CDE9010404A8FFF7B7FF06B087
:100D600070BD0000BB010000D301000013010000B2
:100D7000004870477C030020004870475C03002057
:100D800030B5B0F10A024FEA900E71F100034EEA5D
:100D9000817EB0EB0E0061EB91014FEA101E4EEA2E
:100DA000017E10EB0E0041EB11114FEA102E4EEABE
:100DB000016E10EB0E0041EB11214FEA104E4EEA8E
:100DC000014E10EB0E0041EB1141401841F10001C2
:100DD0004FEAD00040EA41704FEAD10110EB8005A4
:100DE0004FEA810444EA907444EB01046D1944EB2A
:100DF0000404521BA3414FF0000348BF0A3200D540
:100E000030BD401C41F1000130BD10B5044600F07A
:100E100001F90068005D00F0010010BD2DE9F0410E
:100E20001F46044603260168072A01F4006004DB1C
:100E300008B116A505E016A503E008B115A500E068
:100E400015A521F010002060A069C01EA0610FB19F
:100E5000401EA0612046FFF715FA4FB1D4E90121E9
:100E600038469047206A401C2062C01C206206E081
:100E7000206AFAE7D4E9012115F8010B9047761EA4
:100E8000F8D22046FFF714FABDE8F0814E414E003B
:100E90006E616E00494E4600696E6600426842B15E
:100EA000016811F8013B23B1521EC0E90012184637
:100EB00070470121C160881E704742685AB1C368FB
:100EC000016843B983688B4205D0491E521CC0E9B2
:100ED0000012002070474FF0FF3070472DE9F047B7
:100EE000814616468AB0354878440DC88DE80D0015
:100EF00032487844801C03AC0DC884E80D0041F6EC
:100F00009B300844372190FBF1F290FBF1F5A5F1FD
:100F1000800501FB12041B3C02D56442012000E065
:100F20000020DFF898A080460027FA44AAF1BE0A04
:100F30000EE0E0070AD03246684607EB470101237E
:100F40000AEB810101F068F88DE8070064107F1C4E
:100F5000002CEED1194F7F44AE3F19E0E80715D0C1
:100F600007EB04100DF1180A90E80E008AE80E0055
:100F7000C068F04201D1981908903246012306A9B1
:100F800003A801F049F803AB83E807006D10641C67
:100F9000002DE3D14FF0010332466946B8F1000F4E
:100FA00003A802D001F00EF801E001F035F8C9E91C
:100FB0000001C9F808200AB0BDE8F087B0A300001E
:100FC000004870475C0300207546FFF7F9FFAE4606
:100FD00005006946534620F00700854618B020B545
:100FE000FFF7FEF8BDE820404FF000064FF0000785
:100FF0004FF000084FF0000B21F00701AC46ACE8C1
:10100000C009ACE8C009ACE8C009ACE8C0098D462D
:101010007047000010B5FFF7ABFE001D10BD00BF0C
:101020007D7A00002DE9FF4F06468BB00878FF2837
:1010300006D0491C2D2805D000244FF0000908E0F7
:1010400000200CE00124F8E709EB8903491C00EBC0
:1010500043090878FF28F7D114B1C9F1000081468F
:10106000107800252C46AA4629462D2801D02B2889
:1010700004D1521C2D2813D0002082468B461078B4
:10108000FF280FD04FF0000C0A21521CA5FB01785D
:1010900004FB018105FB0C11C5194BEB0104EEE7C4
:1010A0000120EAE7002108464FF00000BAF1000FE6
:1010B00002D000EB80004008C0F38157012F01DD12
:1010C0004FF0FF370E9955EA040009EB01080BD0E9
:1010D0004FF0020918F5FA7F16DA4FEACA70002FAE
:1010E000706008DD012007E04FEACA70C6E900B071
:1010F0000FB0BDE8F08F00203060FFF73DFEC0F874
:1011000000901821084616E0B8F5FA7F18DD002F88
:1011100002DAF748784401E0F6487844D0E9001054
:10112000C6E9001040EACA707060FFF725FEC0F8FB
:101130000090142108460FB0BDE8F04F08F03BBE08
:10114000002108464FF00000B8F10001099002DAD2
:10115000C7F1000200E03A4601DAC8F1000106A832
:10116000FFF7BCFE06AB93E8070003AB83E807007C
:1011700044F23E005BEA04010090584604D144F278
:101180001E012C465D460091210C0904014306D145
:101190000099240444EA15442D041039009104F008
:1011A0007F41014306D10099240244EA15642D02CF
:1011B0000839009104F07041014306D100992401DF
:1011C00044EA15742D01091F009104F040410143C8
:1011D00006D10099A40044EA9574AD00891E0091DF
:1011E00004F00041084304D100986D196441401E89
:1011F00000904FF001033A466846B8F1000FCDE980
:10120000014503A902DD00F01CFF01E000F0EFFE44
:10121000BAF1000F04460D4601D084F000440021CD
:1012200008464FF00000099940F2FF77484010F05F
:101230000C0F07D124F00040284303D0C4F30A5018
:10124000B84212D1FFF798FDC0F80090C4F30A50DD
:10125000B8420AD1A8487844D0E90010C6E9001085
:1012600004F000410843706042E7C6E900543FE7DC
:101270002DE9FF4F1F464FF0000A4FF0FF3845465B
:1012800091B0D7E90146CDF83CA0FFF771FDC068E9
:101290000168405C1090B96912986D1C8847396AE2
:1012A000814688470028F6D1B9F1FF3F0AD0002EC9
:1012B00024F4D06411DDB9F12B0F08D0B9F12D0F52
:1012C0000BD102E0404615B013E744F48064B969DD
:1012D00012986D1C8847761E8146600504A901D5C9
:1012E0002D2000E02B20002E01F1010B0DF1300824
:1012F0008DF810003FDDB9F1690F08D0B9F1490F41
:1013000005D0B9F16E0F02D0B9F14E0F1CD13B469A
:1013100001A8009580E85002DDE912126FF002008A
:1013200008F0B2FDC11CCED10EE0B96912986D1C57
:10133000884781461398761E44F4007405600F9820
:10134000401C002E0F9016DDB9F1300FEDD0B9F131
:10135000780F02D0B9F1580F0DD10F9801280AD19A
:101360003B46CDE90054DDE91212001F029608F059
:1013700089FDC11CA7D1109989453ED144F0800454
:1013800006E01399681CAAF1010A44F4007408608D
:10139000B9696D1C1298761E884730288146F0D0B6
:1013A0002BE01099894505D1200603D4761E44F020
:1013B000800418E0484604F0E6FA08B3761E0DF102
:1013C00023018B4544F4007408D2A9F130000BF8D6
:1013D000010B200607D5AAF1010003E0200602D484
:1013E0000AF101008246A00502D51399681C086025
:1013F000B96912986D1C88478146002ED1DC53E0F4
:10140000002E51DDB9F1650F02D0B9F1450F4BD176
:10141000A00549D5B9696D1C1298761E24F4407454
:101420008847002E81460CDD2B2804D0B9F12D0F02
:1014300007D144F48074B96912986D1C8847761EF0
:101440008146E00501D52D2100E02B2108F8011B84
:10145000CDF8008021E0761E0DF13901884544F475
:1014600000740CD2A9F1300010F0FF0088F80000E1
:1014700002D10099884509D908F1010806E0E00584
:1014800001D51E4801E042F20F708246B9691298F8
:101490006D1C8847814613980560002E04DD484680
:1014A00004F071FA0028D6D1F96912988847FF2014
:1014B00053468BF8000088F8000000200A900B903B
:1014C00004AA0CA90AA8FFF7ADFDA00502D46FF08D
:1014D0000100F8E614F0240F12D0E0071CD13868A0
:1014E000DDE90A12031D3B600068C0E9001213E049
:1014F000F8A20000EAA20000AEA10000F1D8FFFFB0
:101500000AA9684604F0CEF9E00705D13868009AC8
:10151000011D3960006802602846D4E610B5044613
:10152000AFF300802046BDE81040FEF745BE000046
:101530004FF0013C50F8042B51F8043B9A4221D162
:10154000A2EB0C03934313EACC1317D150F8042BEE
:1015500051F8043B9A4215D1A2EB0C03934313EAD2
:10156000CC130BD150F8042B51F8043B9A4209D10B
:10157000A2EB0C03934313EACC13DBD04FF0000033
:10158000704700BFD01A01BAB1FA81F101F0180119
:1015900022FA01F0CB40C1F12001DBB2C0B2C01A87
:1015A0002CFA01F3D11A914311EAC311E6D1704725
:1015B0002DE9FF4F1F464FF03C0987B04FF0004226
:1015C000DDE9141001F10108DDF858A002EA4050ED
:1015D0000390002005908346054604460490B969AF
:1015E000461E08988847AAF1010A0290BAF1000F36
:1015F0003BDD02982E2815D0102100F016FA0028A5
:101600002EDB4FF0010B0599014317D0B9F1000F04
:101610000BDB4A46C11700F0F5F905430C43A9F16D
:10162000040905E0012004900BE008B145F0010534
:1016300001200590049820B9361D02E0049800B1FD
:10164000361FB969089808F101088847BBF1000FF7
:10165000AAF1010A0290C9D00999C1F80080C5E732
:101660000298702808D0502806D0F9690898884751
:10167000BBF1000F14D04FE0002002900120BBF11D
:10168000000F049009D0B969089808F1010888474B
:10169000AAF10109B9F1000F07DCF9690898884738
:1016A0006FF001000BB0BDE8F08F2B2804D02D287F
:1016B0000CD14FF0FF300490B969089808F1010887
:1016C0008847A9F10109B9F1000FE6DD411CE4D01A
:1016D0000A2100F0AAF90028DFDB029908F10108CD
:1016E00001EB810100EB41000290B969089888473D
:1016F0000A2100F09AF9099AA9F10109B9F1000F3C
:10170000C2F8008001DD0028E7DAF9690898884707
:101710000499029800FB016655EA040004D004F025
:101720004041090002D006E0039898E0A40044EA92
:101730009574AD00B61E04F00041080002D16D1989
:101740006441761E159810F0240F03D04FF00B095A
:101750005C4803E04FF028096FF07D008246564553
:1017600007DAAAEB06018944B9F1410F01DD4FF018
:10177000410901200021A9F1010200F043F90246CC
:1017800028400B462140084301D0012100E0002100
:10179000501E029143F1FF3128402140084301D0FF
:1017A000012000E000200299834651EA0B014FD04E
:1017B000002108464FF00000039900F4400039B1C1
:1017C00000EB80004FF4400100EBD07001EA6000B4
:1017D0008015012802DD4FF0FF3000E013D0401CDF
:1017E00036D0029860B3BBF1000F0CD14A460120FD
:1017F000002100F007F928402140084301D00120D2
:1018000000E00020E0B101204A46002100F0FAF893
:10181000034640190A4661412D1A8C4111D3B9F192
:10182000400F09DD159810F0240F02D0AAF13406FC
:1018300003E0AAF1170600E0761C00254FF00044F3
:1018400006E05B1E42F1FF3220EA030521EA0204B2
:10185000CAF10100B04206DA1B490398084301901F
:10186000002000900EE0039AC4F3D321E80A0A4353
:10187000164940EA44500A433146CDE90002684621
:1018800004F076F8159810F0240F0BD01598C007C7
:1018900015D13868DDE90012031D3B600068C0E91E
:1018A00000120CE002A8694603F0FCFF1598C0077F
:1018B00005D13868029A011D39600068026040460F
:1018C000F0E6000002FCFFFF0000F07F0000F03FA8
:1018D0002DE9FF4F92461D4685B04FF00041DDE9EE
:1018E000124BDDE914727F1E01EA4B50414940F072
:1018F000FF4940EA0108002122F020004928049114
:1019000002D04E2828D04CE03BA0012607C88DE825
:101910000700A9690698641C88477F1E014606D403
:101920001DF8060018B121F0200181420BD0E969B1
:1019300006988847032E34D0082E32D06FF001006D
:1019400009B0BDE8F08F761C032E01D0082EE0D13F
:10195000601CCAF80000DCE7A9690698641C884787
:101960007F1E2AD420F02000412826D1A96906989C
:10197000641C88477F1E20D420F020004E281CD1F4
:10198000A9690698641C88477F1E48F4002849F41A
:101990008009CAF8004001D4282806D0E9690698D1
:1019A00088475FEACB7012D022E0A9690698641CD0
:1019B00088477F1E01D4002803DAE9690698884722
:1019C000BCE72928F1D1641CCAF80040E9E71BF004
:1019D000240F07D028680499031D2B600068C0E914
:1019E000001805E02868021D2A600068C0F8009011
:1019F0002046A5E70000F07F494E46494E4954591C
:101A000000000000B2F120030AD5C2F1200301FA60
:101A100002F120FA03F300FA02F041EA03017047F1
:101A200000FA03F14FF0000070473A2800D2303836
:101A300020F02002412A01D3A2F13700884201D3CD
:101A40004FF0FF3070475FEA400C08BF91F0000F85
:101A50004FEA8C234FEAC12243EA51514FEA1C500E
:101A600018BF00F5F0404FEA300018BF41F00041C8
:101A70005FEA6C5C00F02980BCF1FF3F08BF40F0DA
:101A800080407047130C06BF12044FF0100C4FF04B
:101A9000000C130E04BF12020CF1080C130F04BF4C
:101AA00012010CF1040C930F04BF92000CF1020C14
:101AB000D30F04BF52000CF1010C11464FF000028D
:101AC000A0F11F00A0EB0C00704711F0004F08BF01
:101AD000704731F000413FF4D5AF0B0C06BF09044D
:101AE0004FF0100C4FF0000C0B0E04BF09020CF16C
:101AF000080C0B0F04BF09010CF1040C8B0F04BF81
:101B000089000CF1020CCB0F04BF49000CF1010C51
:101B1000CCF12003A0EB0C0022FA03F302FA0CF242
:101B200041EA030100F10100704720F07F4C80EA98
:101B3000030023F07F47ACEB070303F57C5300F071
:101B4000004003F1FF032DE980494FEA154B09B42A
:101B50004FEA144325EA0B4E24EA03480FF2042609
:101B600006EB132749083E785FEA320203FB06675B
:101B7000C7F5000707FB06F64FEA54374FEAD6468B
:101B800006F1020607FB066CCCF1005C4FEA1C472D
:101B90002CEA074C07FB06F40CFB06F504EB154694
:101BA0004FEA961634BF00204FF000404FEAD1377D
:101BB00006FB07FC4FEA1C4C0CFB0BF7D21B03FB8C
:101BC0000CF761EB07010CFB0EF7B0EB074072EB73
:101BD00017420CFB08F734BFA2EB0742B2EB0742F7
:101BE00061EB17414FEA0C444FEA910706FB07FCF3
:101BF0004FEA1C4C0CFB0BF7B0EBC74072EB5732B3
:101C000003FB0CF734BFA2EBC742B2EBC74261EB58
:101C100057310CFB0EF7B0EBC70072EB57720CFBA1
:101C200008F734BFA2EBC702B2EBC70261EB5771F2
:101C3000039F4FEA816141EA921104EBCC044FEA21
:101C4000D1374FEA826206FB07FC42EA90124FEA64
:101C500080604FEA1C4C0CFB0BF7D21B03FB0CF70C
:101C600061EB07010CFB0EF7B0EB074072EB17427C
:101C70000CFB08F734BFA2EB0742B2EB074261EB63
:101C800017414FEA8C554FEA910704EB9C2406FB61
:101C900007FC4FEA1C4C0CFB0BF7B0EBC74072EB98
:101CA000573203FB0CF734BFA2EBC742B2EBC7427B
:101CB00061EB57310CFB0EF7B0EBC70072EB5772BC
:101CC0000CFB08F734BFA2EBC702B2EBC70261EB13
:101CD000577115EB4C254FEA816141EA92114FEAA9
:101CE00082624FEAD13742EA901206FB07FC44F1C8
:101CF00000044FEA80604FEA1C4C0CFB0BF7D21B30
:101D000003FB0CF761EB07010CFB0EF7B0EB074090
:101D100072EB17420CFB08F734BFA2EB0742B2EBA1
:101D2000074261EB174115EB1C154FEA813141EA7F
:101D300092414FEA823242EA90424FEA80304FEAC3
:101D40000C7644F1000448EA03434EEA0B484FF096
:101D5000000EB2EB080C71EB030724BF6246394654
:101D60004EEB0E0E4FF0000B0018524149414BEB69
:101D70000B0BB2EB080C71EB03077BF1000B24BFDC
:101D8000624639464EEB0E0E4FF0000B00185241E2
:101D900049414BEB0B0BB2EB080C71EB03077BF1EA
:101DA000000B24BF624639464EEB0E0E51EA020785
:101DB00018BF46F0010616EB0E7655F1000254F1FD
:101DC000000103D5BDE88901BDE80088BDE88901AF
:101DD000BDE80048B619524141EB0101A3F10103EE
:101DE000704780807F7E7D7C7B7A79787776767588
:101DF0007473727171706F6E6E6D6C6C6B6A6A6900
:101E00006868676666656464636362616160605F99
:101E10005F5E5E5D5D5C5C5B5B5A5A595958585712
:101E2000575656555555545453535252525151507A
:101E300050504F4F4F4E4E4D4D4D4C4C4C4B4B4BCD
:101E40004A4A4A4949494848484747474746464613
:101E5000454545444444444343434342424242414E
:101E60004141000046EA0646A3F570534FEA164684
:101E700046EA42564FEAD22242EA415210B54FEAB0
:101E8000D121A3F1010300F02FF820F0004000F170
:101E9000020C00F0004701EB00501146BCF5006F4A
:101EA00040EA070000D210BDBAF1000F0AD01CB5FD
:101EB00003B44FF004004FF004014FF000000FBCDA
:101EC000BDE810404FF00001BBF1010FB9BF04485D
:101ED0004FF0FF310348002140EA070010BD00BF6A
:101EE000FFFFEF7F0000F07F002B9C4630D477008F
:101EF0002BD01CB54FEA370703B44FF010004FF05A
:101F00001001BAF1000F06D0BCF1000FDCBF40F0A9
:101F1000080040F008014FF000000FBCBDE8104081
:101F20000BF1010BBBF1010F08BF5FEA170722BFDE
:101F300012F1010211F101014FF0004143F10003E0
:101F400000F0004043EA00007047F9D35708D0E79B
:101F500046EA064613F1400F4FEA16461FDD13F11D
:101F6000200FDFBF16430A46002120335B42BED05C
:101F7000C3F1200746EA064602FA07F74FEA16467B
:101F800046EA0706C3F1200722FA03F201FA07F72F
:101F900021FA03F14FF0000342EA0702A7E746EAFD
:101FA000020646EA06464FEA164646EA0106BCBF66
:101FB00046EA0646360C4FF000034FF000024FF0A1
:101FC000000194E72DE9804C9A46934670B491E85D
:101FD000380007C831EA400C48BF34EA430C03D547
:101FE000FFF7A3FDFFF780FFF0BCBDE8008C2DE9F3
:101FF000804C9A46934670B491E8380007C831EA9D
:10200000400C48BF34EA430C03D5FFF78EFDFFF7C1
:1020100029FFF0BCBDE8008C2DE9804C9A46934620
:1020200070B491E8380007C810F0804F08BF13F073
:10203000804F03D100F01AF8FFF756FFF0BCBDE85F
:10204000008C2DE9804C9A46934670B491E8380094
:1020500007C810F0804F08BF13F0804F03D100F085
:1020600005F8FFF7FFFEF0BCBDE8008C20F07F47CD
:1020700080EA030023F07F4C07EB0C03A3F57C53AD
:1020800000F00040A3F1FE0392F0000F00F0B380D7
:1020900095F0000F00F077802DE901494FEA1140DB
:1020A0004FEA144621EA004800FB06FC24EA0647F2
:1020B00008FB06F607FB08F800FB07F718EB0648D5
:1020C0004CEB164C4FEA124B18EB07484FEA1546FB
:1020D0004CEB174022EA0B4E0BFB06FC25EA0647A9
:1020E0000EFB06F607FB0EFE0BFB07F71EEB064E7C
:1020F0004CEB164C4FF000061EEB074E4CEB174B0B
:1021000018EB0B0840F1000018EB0E0B58EB000821
:1021100040F100008F1A4FF000013CBFC943661B1D
:1021200014BFB5EB040C00213CBFC943F61B4FEABA
:1021300017444EEA8E0E27EA04454FEA1C4704FB7B
:1021400007622CEA074C05FB07F70CFB05F604FBBE
:102150000CFC16EB074642EB174216EB0C4642EB23
:102160001C421BEB060658EB0202414146EA9E0662
:1021700001D5BDE80189B619524141EB0101A3F136
:102180000103BDE801894FEA14454FEA114724EAEB
:10219000054621EA074C05FB07F406FB07F70CFB95
:1021A00006F105FB0CFC11EB074144EB17444FEA29
:1021B000124711EB0C4144EB1C4422EA074C05FB8F
:1021C00007F206FB07F70CFB06F605FB0CFC16EB0B
:1021D000074642EB174216EB0C4642EB1C456A18C9
:1021E00054F1000148BF7047B619524141EB01015B
:1021F000A3F10103704795F0000F37D04FEA114269
:102200004FEA144721EA024624EA074C02FB07F191
:1022100006FB07F70CFB06F402FB0CFC14EB07446F
:1022200041EB17414FEA154714EB0C4441EB1C41BD
:1022300025EA074C02FB07F506FB07F70CFB06F641
:1022400002FB0CFC16EB074645EB174516EB0C465C
:1022500045EB1C42121951F1000148BF7047B619F5
:10226000524141EB0101A3F1010370474FEA1445CC
:102270004FEA114724EA054621EA074C05FB07F11E
:1022800006FB07F70CFB06F24FF0000605FB0CFC03
:1022900012EB074241EB174112EB0C4251EB1C4190
:1022A00048BF7047921841EB0101A3F10103704749
:1022B00000BFFEE703468B4201DA084670479342AF
:1022C00001DD1046FAE71846F8E700002DE9FC4169
:1022D00004460D462746002602E00020B855761C2D
:1022E000B6F5E07FF9D339480090394B394A3A497D
:1022F000019004F1340002F067FB384838490023AC
:102300004FF07C52CDE90010364904F5A07002F080
:102310005BFB3248324900234FF07C52CDE900107C
:10232000304904F5B67002F04FFB1DB1012084F86E
:10233000B80102E0002084F8B80101F05FFD01F06F
:102340009BFB01F06FFF03F091F80022264904F592
:10235000A07002F05DFB0022234904F5B67002F084
:1023600057FB00224FF07C5104F5A07002F042FBB5
:1023700000224FF07C5104F5B67002F03BFBB5B97A
:102380001AA20121084602F03CFA05F001FB804642
:10239000B8F1000F05D118A20121084602F031FA68
:1023A00004E018A20121084602F02BFA00BF01F058
:1023B00029FF002084F8B001012084F8AA01002040
:1023C00084F8AB01C4F8AC01BDE8FC8100004842D0
:1023D0008FC2753E0AD7A33CCDCCCC3F0000C8428B
:1023E00000007A4400002F449A99993E444D5020B1
:1023F000696E69742E2E2E00444D50204F4B2020C4
:1024000020202000444D5020455252202020200002
:102410002DE9F04F87B0044694F8B00110B907B029
:10242000BDE8F08F0A2104F1200001F093FB204663
:1024300001F002FA94F8B801012804D1B4F99C81A2
:10244000B4F99C9155E0B4F99C51D4F8BC710021C9
:10245000384607F0FFFA01D287F000474FF0020B31
:10246000022002904FF0000AC649384607F0F2FBFE
:1024700002D202254FF0010AD4F8A06100213046B3
:1024800007F0E8FA01D286F00046B4F99C0103286F
:1024900009DD4FF07C51304607F010F9019007F04C
:1024A00071FA281A05B2BAF1000F02D1022D00DA32
:1024B00002254FF08041D4F8A00107F0FFFA019007
:1024C00007F060FA06B201216A1E10B2002800DA95
:1024D0000020864201DD064604E04242964201DACF
:1024E000424216B2A81B0FFA80F8A8190FFA80F919
:1024F00000BFB8F1000F01DA4FF00008B9F1000F8A
:1025000001DA4FF00009208DA8EB000000B2069020
:10251000608DA9EB000000B20590B4F9280007F027
:102520006DFA0546404607F069FA0646069807F038
:1025300065FA07463346944A394604F5A07000957B
:1025400002F0FFF90490B4F92A0007F057FA0546A3
:10255000484607F053FA0646059807F04FFA074633
:102560003346894A394604F5B670009502F0E9F918
:102570000390049807F006FA06B2039807F002FAEF
:1025800007B294F8B801012811D08049D4F8A0010D
:10259000096807F093FA834607F0F4F90FFA80FA16
:1025A000A6EB0A0006B207EB0A0007B200BF4FF421
:1025B000AC71085907F0E6F90FFA80FA4FF4C271CE
:1025C000085907F0DFF90FFA80FBBAF1000F03DAC0
:1025D000CAF100000FFA80FABBF1000F03DACBF169
:1025E00000000FFA80FB564501DD564606E0CAF1B1
:1025F0000000864202DACAF1000006B25F4501DD42
:102600005F4606E0CBF10000874202DACBF1000022
:1026100007B294F8B801012838D0002E00DA00265D
:10262000002F00DA0027B8F1000F07DD5848B0F995
:102630000000864202DA5648B0F90060B9F1000F96
:1026400007DD5348B0F90000874202DA5048B0F97C
:102650000070B4F99C01002818DD4E490988D4F8AF
:10266000B401884212D24C49B1F90000002801DAC5
:10267000414208B2642800DD6420002805DD86425E
:1026800000DA0646874200DA074600BFB4F8A40124
:10269000301A00B20290B4F8A601381A00B20190C4
:1026A0003E48B0F90050002D01DA684205B2012D14
:1026B00000DA01250298A84201DD029506E0694290
:1026C0000298884202DA684200B202900198A84259
:1026D00001DD019506E069420198884202DA68420C
:1026E00000B2019004F5D27421880298084400B227
:1026F000208061880198084400B260802088A18809
:10270000084407B26088A188401A0FFA80FA207D39
:10271000A4F5D274012807D0002F00DA0027BAF1FF
:10272000000F01DA4FF0000A4FF4AC71085907F0BE
:1027300029F905B24FF4C271085907F023F906B21E
:10274000002D01DA684205B2002E01DA704206B2AD
:10275000AF4201DD2F4604E06842874201DA684259
:1027600007B2B24501DDB24605E07042824502DAA9
:1027700070420FFA80FA5146384601F0CFFD00BF93
:102780004DE60000000070410AD7233C34000020D1
:102790003E0000204A000020480000203C000020AD
:1027A00010B50446A069C4F8980104F1340002F0A1
:1027B0001DF910BD2DE9F047044694F8B00108B9A1
:1027C000BDE8F08794F8B80100B1F9E7A169D4F841
:1027D000980101F0A7FBC4F8BC01D4F8BC7100213A
:1027E000384607F037F901D287F0004757480168AB
:1027F000384607F02FF91FD20020D4F8A01107F0B7
:1028000065FA8146524806683146484607F022FA82
:1028100001D2B14608E086F0004A4946504607F02A
:1028200019FA01D286F000494946D4F8A00106F011
:1028300045FFC4F8A001C3E7D4F8BC814FF07E5136
:10284000404607F03BF980464249E069096807F0D5
:1028500035F90646414607F02EFA8046B4F99C0148
:1028600007F0CCF805460021284607F0F3F801D21E
:1028700085F000454FF07C51284607F01FF90546CA
:102880004FF07E51284607F0E5F801D24FF07E5513
:102890003149284607F0DEF900D22F4D294640463F
:1028A00007F0D8F901D2A84608E085F00046414675
:1028B000304607F0CFF901D285F000484046D4F801
:1028C000A01107F003FA81462449384607F0F6F8CC
:1028D00082461F480168504606F0F0FE06464FF05B
:1028E0008041304607F0B6F901D24FF080463146BC
:1028F000484607F0AFF901D2B14608E086F0004A39
:102900004946504607F0A6F901D286F000494946EB
:10291000D4F8A00106F0D2FEC4F8A0012946D4F8EC
:10292000A00107F097F902D2C4F8A0510BE085F09E
:10293000004A5046D4F8A01107F08CF903D285F074
:102940000040C4F8A00100BF3AE7000038000020B2
:102950002C0000203000002000002041CDCC4C3D58
:102960002DE9F04104460D46605D3D2802D000206F
:10297000BDE8F081691C601803F06EFB064606F0A6
:10298000A3F8F5E72DE9F04FEFB00446202167A842
:1029900002F0BAFE6690669810B96FB0BDE8F08F8D
:1029A00067ABFEA2402156A8FDF752FC56A802F0E4
:1029B0009DFE9DF89C01232803D0FCA002F096FE0A
:1029C000EBE79DF89D0153287ED19DF89E01542888
:1029D000FAD19DF89F014128F6D19DF8A001542815
:1029E0007FD19DF8A10100287BD1A06906F0CAFF24
:1029F0000546F449D4F8BC0107F060F8074606F034
:102A0000C1FF0646EF49D4F8A00107F057F8074682
:102A100006F0B8FF8146EC49E06907F04FF8074639
:102A200006F0B0FF8246D4F8980106F0ABFF83466B
:102A3000B4F928001D90B4F92A001C90B4F92810AC
:102A4000B4F92A00081A1B9000F0E4FF1A9000F075
:102A5000E9FF1990D4F8AC0106F004FE0746884659
:102A6000606906F08FFF1890D8480268D84803685C
:102A700094F8AB1194F8AA01CDE9127814AF0BC702
:102A80001792B4F9A801DDE91A321999CDE90D239D
:102A9000CDE90F10B4F9A621B4F9A431DDE91C0188
:102AA000CDE90932CDE90B10B4F90A101898CDE937
:102AB000059ACDE90710B4F99C01CDE903B6CDE93B
:102AC000010594F8B00100E00BE00090C14AE0215C
:102AD0001EA8D4F8B431FDF7BBFB1EA802F006FE19
:102AE0005BE79DF89D01522818D19DF89E0155285D
:102AF00014D19DF89F014E2810D19DF8A00168B90E
:102B000094F8B801012802D02046FFF749FE20467C
:102B100000F057FDB0A002F0E9FD3EE79DF89D01F1
:102B2000532815D19DF89E01542811D19DF89F017D
:102B30004F280DD19DF8A001502809D19DF8A10181
:102B400030B9204600F08EFDA6A002F0CFFD24E7AC
:102B50009DF89D0153282BD19DF89E01502827D127
:102B60009DF89F01442823D19DF8A0013D281FD145
:102B7000002601270DF2A11528782D2801D1771EF6
:102B80006D1C06E02878303806EB860100EB410624
:102B90006D1C2878302802DB28783928F2DD7E4346
:102BA00031B2204600F00AFD91A002F09FFDF4E64C
:102BB0009DF89D0148281ED19DF89E0150281AD1EC
:102BC0009DF89F013D2816D1032167A8FFF7C8FE95
:102BD00005460021284606F03DFF00D20025874922
:102BE000284607F037F800D2844D8548056085A057
:102BF00002F07CFDD1E69DF89D0148281ED19DF88C
:102C00009E0144281AD19DF89F013D2816D1032129
:102C100067A8FFF7A5FE05460021284606F01AFF23
:102C200000D200257949284607F014F800D2774DE4
:102C30007748056077A002F059FDAEE69DF89D014A
:102C400048281ED19DF89E0153281AD19DF89F0156
:102C50003D2816D1032167A8FFF782FE0546002113
:102C6000284606F0F7FE00D200256C49284606F0FB
:102C7000F1FF00D2694D6A4805606AA002F036FD96
:102C80008BE69DF89D0144281ED19DF89E014228A7
:102C90001AD19DF89F013D2816D1032167A8FFF79F
:102CA0005FFE05460021284606F0D4FE00D200252E
:102CB0005A49284606F0CEFF00D2584D5B480560C1
:102CC0005BA002F013FD68E69DF89D01532834D106
:102CD0009DF89E014B2830D19DF89F0150282CD1A2
:102CE0009DF8A0013D2828D1042167A8FFF738FEF0
:102CF00005460021284606F0ADFE00D200254E49CB
:102D0000284606F0A7FF00D24B4D4FF4A47003599C
:102D1000001F0259294604F5A07001F06FFE4FF420
:102D2000BA700359001F0259294604F5B67001F024
:102D300065FE42A002F0DAFC2FE69DF89D015328C3
:102D40002AD19DF89E014B2826D19DF89F01492844
:102D500022D19DF8A0013D281ED1042167A8FFF7CC
:102D6000FFFD05460021284606F074FE00D200252E
:102D70003549284606F06EFF00D2334D4FF4A4705B
:102D800003592A4604F5A070D4F8401101F036FE2C
:102D90004FF4BA70035959E063E00000434D445FBB
:102DA00052583A205B25735D0D0A0000434D445F85
:102DB0004552523A204E6F20232070726566697822
:102DC0000D0A0000000020410000C8422800002039
:102DD000240000204CB300084F4B2052554E0D0AE2
:102DE000000000004F4B2053544F500D0A000000CC
:102DF0004F4B205350440D0A000000000000A0413A
:102E0000340000204F4B2048500D0A000AD7233CC5
:102E1000300000204F4B2048440D0A000000A04025
:102E20002C0000204F4B2048530D0A003800002092
:102E30004F4B2044420D0A000000FA444F4B2053F0
:102E40004B500D0A00000000000048422A4604F5DD
:102E5000B670D4F86C1101F0D1FDF8A002F046FC78
:102E60009BE59DF89D01532834D19DF89E014B2888
:102E700030D19DF89F0144282CD19DF8A0013D2818
:102E800028D1042167A8FFF76BFD054600212846DD
:102E900006F0E0FD00D20025EB49284606F0DAFEF8
:102EA00000D2E94D4FF4A27002592B4604F5A070F0
:102EB000D4F8401101F0A2FD4FF4B87002592B462E
:102EC00004F5B670D4F86C1101F098FDDFA002F0A3
:102ED0000DFC62E59DF89D01532825D19DF89E01CA
:102EE0004F2821D19DF89F013D281DD1032167A8BE
:102EF000FFF736FD064606F045FD0546002D00DAD3
:102F00000025642D00DD6425284606F077FD4FF48A
:102F1000AC710851284606F071FD4FF4C27108519A
:102F2000CDA002F0E3FB38E59DF89D01522824D1A5
:102F30009DF89E01412820D19DF89F014D281CD16C
:102F40009DF8A001502818D19DF8A1013D2814D169
:102F5000052167A8FFF704FD064606F013FD0546A8
:102F6000012D00DA0125142D00DD142528B2BC49FD
:102F70000880BCA002F0BAFB0FE59DF89D014D282A
:102F800020D19DF89E0149281CD19DF89F014E2813
:102F900018D19DF8A0013D2814D1042167A8FFF79E
:102FA000DFFC064606F0EEFC0546002D00DA0025A3
:102FB000642D00DD642528B2AD490880ADA002F083
:102FC00095FBEAE49DF89D0146283AD19DF89E01C3
:102FD000462836D19DF89F013D2832D1032167A8AC
:102FE000FFF7BEFC05460021284606F033FD00D25F
:102FF0000025A349284606F02DFE00D2A04D002151
:10300000284606F027FE01D2012000E000200646F7
:103010003246294604F5A07001F0ECFC0021284658
:1030200006F018FE01D2012000E0002006463246DC
:10303000294604F5B67001F0DDFC92A002F056FBC3
:10304000ABE49DF89D0145283ED19DF89E014D2899
:103050003AD19DF89F01462836D19DF8A0013D2820
:1030600032D1042167A8FFF77BFC054600212846E2
:1030700006F0F0FC00D200258149284606F0EAFD62
:1030800000D27F4D0021284606F0E4FD01D2012048
:1030900000E0002006463246294604F5A07001F003
:1030A000B7FC0021284606F0D5FD01D2012000E042
:1030B000002006463246294604F5B67001F0A8FC09
:1030C00072A002F013FB68E49DF89D01432817D11C
:1030D0009DF89E01412813D19DF89F014C280FD1E6
:1030E0009DF8A00160B9204600F0BCFA94F8B80140
:1030F00010B92046FFF754FB67A002F0F7FA4CE442
:103100009DF89D01542840D19DF89E0152283CD144
:103110009DF89F01492838D19DF8A0014D2834D150
:103120009DF8A1013D2830D1012700260DF5D1756C
:1031300028782D2801D1771E6D1C06E028783038BC
:1031400006EB860100EB41066D1C2878302802DB77
:1031500028783928F2DD7E43142E01DD142604E0A0
:1031600016F1140F01DA6FF0130630B2A4F8A801BB
:10317000B4F9A80106F042FCC4F8AC01012084F8BF
:10318000AB0148A002F0B2FA07E49DF89D01412886
:1031900027D19DF89E01542823D19DF89F013D28F9
:1031A0001FD1002668AD06E02878303806EB86018E
:1031B00000EB41066D1C2878302802DB287839287E
:1031C000F2DD0EB1012000E0002084F8AA0194F89D
:1031D000AA0110B1002084F8AB0135A002F086FAF4
:1031E0007EE49DF89D01522827D19DF89E0141283B
:1031F00023D19DF89F0157281FD19DF8A0013D289C
:103200001BD1002501270DF2A11630782D2801D100
:103210006F1E761C06E03078303805EB850100EB38
:103220004105761C3078302802DB30783928F2DD11
:103230007D43642D40DD642543E067E04F4B205320
:103240004B490D0A00000000000048434F4B20533B
:103250004B440D0A000000004F4B20534F0D0A0055
:103260003C0000204F4B2052414D500D0A00000001
:103270003E0000204F4B204D494E0D0A000000003B
:103280000000A0404F4B2046460D0A004F4B204502
:103290004D460D0A000000004F4B2043414C0D0AE3
:1032A000000000004F4B205452494D0D0A00000011
:1032B0004F4B2041540D0A0015F1640F01DA6FF0F5
:1032C000630565B90020524908705249088001F031
:1032D0008BF800F0BBFB50A002F008FA1DE40120BF
:1032E0004B49087028B24B490880D4F8B40100F566
:1032F000FA604C49086000F0A9FB00F08BFF012048
:1033000084F8B00148A002F0F1F906E49DF89D01AF
:103310004B281CD19DF89E01502818D19DF89F0183
:103320003D2814D1032167A8FFF71AFB064606F0D3
:1033300029FB0546002D00DA0025642D00DD6425FB
:1033400028B23C4908803CA002F0D0F92FE49DF857
:103350009D014B281DD19DF89E014D2819D19DF846
:103360009F013D2815D1032167A8FFF7F9FA06460A
:1033700006F008FB0546002D00DA0025B5F5FA6FCA
:1033800001DD4FF4FA652E490D802EA002F0AEF952
:103390000DE49DF89D01422834D19DF89E014928F5
:1033A00030D19DF89F014E282CD19DF8A0013D28D9
:1033B00028D100260DF2A11506E02878303806EB5A
:1033C000860100EB41066D1C2878302802DB287846
:1033D0003928F2DD0EB1012000E000201B49087001
:1033E0000846007808B10A2000E014201849088037
:1033F0001649097809B117A100E019A1084602F0A1
:1034000075F91AE419A002F071F900BF15E4000083
:1034100040000020420000204F4B20524157300D09
:103420000A000000440000204F4B205241570D0A73
:1034300000000000480000204F4B204B500D0A00B8
:103440004A0000204F4B204B4D0D0A004C0000203D
:103450004E0000204F4B2042494E310D0A00000023
:103460004F4B2042494E300D0A0000004552520D8C
:103470000A0000002DE9F04FD7B004464948007813
:10348000A8B1D4F8BC011B90B4F92820B4F92A10D3
:10349000501A06F0B3FA1A90D4F8A0011990DDE999
:1034A00019211B9802F0CEF857B0BDE8F08FA06943
:1034B00006F068FA05463C49D4F8BC0106F0FEFA6D
:1034C0001B9006F05FFA06463749D4F8A00106F0D3
:1034D000F5FA1B9006F056FA07463449E06906F003
:1034E000EDFA1B9006F04EFA8046D4F8980106F0EB
:1034F00049FA8146B4F928A0B4F92AB0B4F92810E1
:10350000B4F92A000A1A1E9200F084FA1D9000F005
:1035100089FA1C90D4F8AC0106F0A4F8CDE91A01A0
:10352000606906F02FFA1990214802682148036863
:1035300094F8AB1194F8AA01CDE91632CDE9140143
:10354000DDE91A01CDE91201B4F9A831DDE91D2147
:103550001C98CDE90F03CDE90D12B4F9A601B4F919
:10356000A411CDE90BABCDE90910B4F90A101998F3
:10357000CDE90578CDE90710B4F99C01CDE90396B2
:10358000CDE9010594F8B00100900B4AE0211FA895
:10359000D4F8B431FCF75CFE1FA802F0A7F800BF16
:1035A00082E700004C000020000020410000C842DB
:1035B0002800002024000020B4B20008A0F89C11CC
:1035C00070472DE9F04104460020C4F8B40100F032
:1035D0003DFA94F8B80101280ED104F5A07001F06D
:1035E00005FA04F5B67001F001FA00F013FE0120AF
:1035F00084F8B001BDE8F0812046FFF7D1F804F56A
:10360000A07001F0F3F904F5B67001F0EFF994F849
:10361000AA0100B394F8AB01E8B9D4F8AC61002179
:10362000304606F017FB05D84FF07C51304606F0C7
:1036300045F804E04FF07C51304606F047FB074662
:1036400006F0A0F905B2142251422846FEF732FED8
:10365000A4F8A80100BF00F0DDFD012084F8B0014E
:1036600000BFC7E710B5044600F0BEFE00F0CAFD7B
:1036700000F0ECF90020C4F8A001C4F8BC01A4F8E3
:10368000A401A4F8A60104F5A07001F0AFF904F5B7
:10369000B67001F0ABF9002084F8B00110BD000055
:1036A000FEB50446D4F8B401401CC4F8B40194F843
:1036B000B801012848D053480088401C80B25149C5
:1036C0000880142840DB00200880029001900090C0
:1036D0006A4601A902A804F049F8054675BBA66927
:1036E00049480068401C484908600098A06131467C
:1036F000A06906F0EBFA074604E04449384606F0B4
:10370000E5FA07464249384606F0A4FAF5D304E044
:103710003E49384605F0D2FF07463E49384606F096
:1037200099F9F5D33C49384606F036F8E06194F84B
:10373000B00110B12046FFF73DF804E037480068BB
:10374000401C3649086000BF35480088401C80B2E4
:10375000334908800A2840DB002008800A2104F150
:10376000200000F0F7F994F8B00158B32D48007824
:1037700020B32D49D4F8B401096888420CD3002045
:10378000284908702949088000F02EFE0020A4F87E
:10379000A401A4F8A60120E02448B0F90000A4F890
:1037A000A4012248B0F90000A4F8A6011F48B0F90E
:1037B0000010B0F9000000F0B1FD0EE02046FEF769
:1037C00027FE0AE000F010FE0020C4F8A001C4F8B3
:1037D000BC01A4F8A401A4F8A60115480088401C67
:1037E00080B21349088013490988884205DB00200C
:1037F0000F4908802046FFF73DFE2046FFF7C2F83C
:10380000FEBD000050000020240000200000B44352
:1038100000003443000034C30AD7A33C2800002032
:103820005200002040000020440000204200002000
:10383000540000204E0000202DE9F047044694F883
:10384000B00108B9BDE8F08794F8B80100B1F9E714
:1038500094F8AA0100B9F5E794F8AB0100B1F1E7DB
:10386000D4F8B401B0F5FA7F00D2EBE7B4F99C01CB
:10387000002800DCE6E7D4F8A0510021284606F035
:10388000E9F801D285F000453949284606F0E2F909
:1038900000D2D7E7E5690021284606F0DBF801D21F
:1038A00085F000453349284606F0D4F900D2C9E72F
:1038B000D4F8BC51DFF8C0A00021284606F0CAF9B0
:1038C00001D8284601E085F0004007464FF07E51C0
:1038D000384606F0BFF800D8B4E72849284606F075
:1038E000B9F901D2254D05E02549284606F0B2F880
:1038F00000D2234D2049284606F0E0F80646D4F8C9
:10390000AC1105F0DBFEC4F8AC011A49D4F8AC01E7
:1039100006F0A0F903D21748C4F8AC0108E0194931
:10392000D4F8AC0106F096F802D21648C4F8AC01FF
:10393000D4F8AC810021404606F08CF905D84FF050
:103940007C51404605F0BAFE04E04FF07C51404601
:1039500006F0BCF9814606F015F806B21422514271
:103960003046FEF7A7FCA4F8A80100BF6AE70000F4
:103970009A99993E0000A0410AD7233C000070416B
:10398000000070C10000A0C1704700B5034603E00D
:103990004FF47A7000F005F8181EA3F10103F7D177
:1039A00000BD00EBC001C9004FF0E02251610021D1
:1039B00091610521116100BF4FF0E021096901F417
:1039C00080310029F8D004214FF0E02211617047C6
:1039D0002DE9F04105460C4614B90020BDE8F08100
:1039E000204606F023F880464146084805F0D4FEFC
:1039F0000646284606F002F88046054905F0CCFE4A
:103A00000746314606F05AF8E8E7000000606A47CA
:103A10000000304210B54FF0804001F03CFA00B297
:103A200010BD000010B5024801F035FA00B210BD1B
:103A30000004004070B50446204601F02CFA05B29F
:103A40000021204601F0F0FA284670BD10B5002193
:103A50004FF0804001F0E8FA0021044801F0E4FA58
:103A60000020034908800349088010BD000400407D
:103A70001A0000201C0000201FB50121084600F09C
:103A8000CDFF0121022000F0C9FF0121042000F038
:103A9000D5FF48208DF80F0003208DF80E00C320BD
:103AA000ADF80C0003A9294800F08EF80020ADF80D
:103AB0000600ADF802004FF6FF70ADF804000020DC
:103AC000ADF800008DF8080069464FF0804001F025
:103AD000ADFA00231A4603214FF0804001F0BAF9F5
:103AE0004FF08040008B40F60F71084040F0A0007E
:103AF00040F420404FF0804108836946144801F0AB
:103B000095FA00231A460321114801F0A3F9104841
:103B10001830008840F60F71084040F0A00040F4D3
:103B200020400B49183108800121880701F077F9FE
:103B30000121074801F073F900214FF0804001F0A6
:103B400073FA0021024801F06FFA1FBD000801401E
:103B5000000400402DE9F04104460F464FF080403C
:103B6000FFF768FF05461548FFF764FF0646684201
:103B700005B2704206B225816681B4F9081020684A
:103B800008442060B4F90A10606808446060B4F921
:103B900008003946FFF71CFFE060B4F90A00394617
:103BA000FFF716FF2061FFF735FF05490880FFF793
:103BB00039FF04490880BDE8F0810000000400409E
:103BC0001A0000201C0000202DE9F04102460025CB
:103BD0000026002000230024002791F803C00CF0E9
:103BE0000F0591F803C00CF0100CBCF1000F03D0CE
:103BF00091F802C04CEA050591F800C0BCF1000F35
:103C000031D0146800202BE04FF0010C0CFA00F3C7
:103C1000B1F800C00CEA03069E4220D183004FF0A9
:103C20000F0C0CFA03F7BC4305FA03FC4CEA04043E
:103C300091F803C0BCF1280F06D14FF0010C0CFA2B
:103C400000FCC2F814C00AE091F803C0BCF1480FB0
:103C500005D14FF0010C0CFA00FCC2F810C0401C5A
:103C60000828D1D31460B1F800C0BCF1FF0F34DDD7
:103C7000546800202EE000F1080C4FF0010808FA0B
:103C80000CF3B1F800C00CEA03069E4221D1830078
:103C90004FF00F0C0CFA03F7BC4305FA03FC4CEA97
:103CA000040491F803C0BCF1280F05D100F1080C01
:103CB00008FA0CF8C2F8148091F803C0BCF1480F60
:103CC00007D100F1080C4FF0010808FA0CF8C2F80F
:103CD0001080401C0828CED35460BDE8F08100005D
:103CE000F0B50A46002300240021002500F000461C
:103CF000B6F1004F02D11D4EF16901E01B4E716813
:103D0000C0F3034583B200F44016B6F5401F08D156
:103D100021F07061154E766826F07066134F7E6054
:103D200012E000F48016B6F5801F06D1032606FACD
:103D300005F4A14341F0706106E0460D360103FA37
:103D400006F6B14341F0706122B1460D360103FA27
:103D500006F6314300F00046B6F1004F02D1034EA3
:103D6000F16101E0014E7160F0BD00000000014012
:103D70000246002093680B400BB1012000E00020B8
:103D8000704741617047016170470AB1016100E00D
:103D90004161704700BFFEE770B500250024202177
:103DA0001548FFF7E5FF28BB1420FFF7EEFD2021A3
:103DB0001148FFF7DDFFE8B903E00A20FFF7E5FD52
:103DC0000A3420210C48FFF7D3FF18B940F24C40C9
:103DD0008442F2D3B4F57A7F01D3022500E00125B5
:103DE00000BF20210448FFF7C3FF0028F9D01420AA
:103DF000FFF7CBFD284670BD000C014008B501213E
:103E0000082000F01BFE48208DF803002020ADF8AC
:103E1000000003208DF8020069460248FFF7D4FE37
:103E200008BD0000000C01402DE9F041064688461F
:103E300015461F4605B117B90120BDE8F08100F015
:103E40004BF97106080E00F0FFF800F083F918B185
:103E500000F060F90120F0E7404600F0F5F800F0CE
:103E600079F918B100F056F90120E6E700F034F9CD
:103E7000012101EB4601C8B200F0E6F800F06AF952
:103E800018B100F047F90120D7E700240DE000F059
:103E900097F83855681EC0B2A04202D000F0BCF8B6
:103EA00001E000F001F9601CC4B2AC42EFDB00F0AD
:103EB00031F90020C1E72DE9F04107468846154653
:103EC0001E4605B116B90120BDE8F08100F004F9E5
:103ED0007906080E00F0B8F800F03CF918B100F0CF
:103EE00019F90120F0E7404600F0AEF800F032F991
:103EF00018B100F00FF90120E6E700240BE0305D77
:103F000000F0A2F800F026F918B100F003F9012042
:103F1000DAE7601CC4B2AC42F1DB00F0FBF8002031
:103F2000D2E7000070B504460D462946204605F04C
:103F3000CDFE064604E00B49304605F0C7FE0646B6
:103F40000949304605F086FEF5D304E005493046C0
:103F500005F0B4FB06460549304605F07BFDF5D378
:103F6000304670BD0000B44300003443000034C349
:103F700008B50121082000F061FD4FF44050ADF874
:103F8000000014208DF8030003208DF8020069461C
:103F90000648FFF719FE4FF480510448FFF7F3FE7F
:103FA0004FF400510148FFF7EEFE08BD000C014040
:103FB000002002E000BF411CC8B22828FADB70478D
:103FC00070B5002400F0FAF8002519E04FF4805194
:103FD0001048FFF7D6FEFFF7EBFF4FF480510D4876
:103FE000FFF7D1FE6006040E4FF400510948FFF7B9
:103FF000BFFE08B144F00104FFF7DAFF681CC5B248
:10400000082DE3DB4FF480510248FFF7BAFE20464B
:1040100070BD0000000C014010B500F0DFF84FF457
:1040200000510848FFF7ADFE4FF480510548FFF7F7
:10403000AAFEFFF7BDFF4FF480510248FFF7A1FE33
:1040400010BD0000000C014070B5044600F0C6F839
:104050004FF480511348FFF794FE00251FE004F051
:10406000800028B14FF400510E48FFF78CFE04E0A9
:104070004FF400510B48FFF784FE6006040EFFF773
:1040800097FF4FF480510748FFF77DFEFFF790FF41
:104090004FF480510348FFF774FE681CC5B2082D29
:1040A000DDDB70BD000C014010B500F097F84FF457
:1040B00000510848FFF767FE4FF480510548FFF7AD
:1040C00062FEFFF775FF4FF480510248FFF759FE7B
:1040D00010BD0000000C014010B500F07FF84FF457
:1040E00000510B48FFF74FFE4FF480510848FFF78F
:1040F0004AFEFFF75DFF4FF400510548FFF741FE10
:10410000FFF756FF4FF480510148FFF73AFE10BD0C
:10411000000C014010B500F061F84FF480510C48DC
:10412000FFF72FFE4FF400510948FFF72AFEFFF773
:104130003FFF4FF480510648FFF725FEFFF738FF99
:104140004FF400510248FFF71EFEFFF731FF10BD8C
:10415000000C014010B5002400F030F84FF400517D
:104160001548FFF710FE4FF480511348FFF70BFE80
:10417000FFF71EFF10E0601C80B20446B0F5C87F58
:1041800008DB4FF480510C48FFF7FBFD00F026F8E8
:10419000012010BDFFF70CFF4FF400510648FFF758
:1041A000E7FD0028E7D14FF480510348FFF7E9FD10
:1041B00000F014F80020ECE7000C014008B54FF4C3
:1041C0000050ADF8000048208DF803006946024811
:1041D000FFF7FAFC08BD0000000C014008B54FF4E1
:1041E0000050ADF8000014208DF8030003208DF876
:1041F000020069460148FFF7E7FC08BD000C0140DA
:1042000000BFFEE710B501210148FFF7BAFD10BD60
:10421000000C014010B501210148FFF7B4FD10BDAD
:10422000000C014000B589B00121042000F006FC1B
:104230000121082000F002FC0121C80200F0FEFB71
:1042400010208DF8230003208DF822000120ADF806
:10425000200008A92E48FFF7B7FC01212C48FFF7E2
:1042600090FD3020ADF8200008A92A48FFF7ACFCEB
:1042700030212848FFF785FD40F20240ADF82000CC
:1042800008A92348FFF7A0FC40F202412048FFF7AD
:1042900078FD18208DF823004001ADF8200008A912
:1042A0001C48FFF791FC0020ADF81A00ADF816008D
:1042B0006320ADF8180040F2CF20ADF814000020C4
:1042C0008DF81C0005A9144800F0B0FE01A800F00C
:1042D0009DFE6020ADF804000020ADF80C00012028
:1042E000ADF806000020ADF80A0001A90A4800F068
:1042F000EFFD01A9084800F037FE0121064800F053
:104300009AFD0121044800F08AFD09B000BD0000BB
:10431000000C014000080140002C014070B505462A
:104320000C46002D04DB0021284600F013F804E0C1
:104330000121684200B200F00DF8002C04DB0021DE
:10434000204600F02BF804E00121604200B200F0AA
:1043500025F870BD70B504460D46642C00DD64245C
:10436000002C00DA002445B910210A48FFF70BFDA4
:1043700020210848FFF705FD07E010210548FFF759
:1043800000FD20210348FFF7FEFCA1B2024800F027
:1043900047FE70BD00080140002C014070B5044686
:1043A0000D46642C00DD6424002C00DA00244DB995
:1043B00002210B48FFF7E7FC4FF480610848FFF744
:1043C000E0FC08E002210648FFF7DBFC4FF48061C7
:1043D0000348FFF7D8FCA1B2024800F023FE70BDED
:1043E000000C0140002C014010B530210848FFF7B7
:1043F000C8FC40F202410748FFF7C3FC0021064811
:1044000000F00EFE0021044800F00CFE10BD00007C
:1044100000080140000C0140002C014070470000E2
:1044200070B5002100230F22C47804B3154C246812
:1044300004F4E064C4F5E064210AC1F10403CA4055
:10444000447804FA03F184781440214309010E4CA6
:104450000678A155047804F01F050124AC400578C6
:104460006D11AD0005F1E025C5F8004109E00478C3
:1044700004F01F050124AC40044D0678761145F880
:10448000264070BD0CED00E000E400E080E100E0BB
:1044900002490143024A1160704700000000FA051A
:1044A0000CED00E070B500240EE00021204600F085
:1044B00008F9002504E0002000F0C7F9681CC5B227
:1044C000802DF8DB601CC4B2082CEEDB70BD000050
:1044D00008B50121082000F0B1FA10208DF8030082
:1044E00003208DF802008020ADF8000069460D48D9
:1044F000FFF76AFB4FF48070ADF800006946094889
:10450000FFF762FB4FF4C0710648FFF73CFC012245
:1045100080210448FFF739FC012211020148FFF70E
:1045200034FC08BD000C014070B50546002424E0B1
:1045300080202041284008B1012000E000200246F0
:104540004FF480711648FFF720FC002001E0411C69
:10455000C8B20A28FBDB012280211148FFF715FCB5
:10456000002001E0411CC8B20A28FBDB00228021A8
:104570000B48FFF70AFC601CC4B2082CD8DB0122F0
:1045800080210748FFF701FC002001E0411CC8B270
:104590000A28FBDB002280210148FFF7F6FB70BDF3
:1045A000000C014010B5012211020A48FFF7EDFB93
:1045B000012280210748FFF7E8FB00224FF48071B9
:1045C0000448FFF7E2FB002280210248FFF7DDFBF1
:1045D00010BD0000000C014010B500224FF48071A6
:1045E0000648FFF7D2FB012280210448FFF7CDFBEC
:1045F000012211020148FFF7C8FB10BD000C014069
:1046000070B5002406E0002500E06D1CB5F57A7F4A
:10461000FBD3641CB4F57A7FF5D3FFF759FFAE20C6
:1046200000F003F9D52000F000F9802000F0FDF83B
:10463000A82000F0FAF83F2000F0F7F8D32000F0AF
:10464000F4F8002000F0F1F8402000F0EEF8A1208E
:1046500000F0EBF8C82000F0E8F8DA2000F0E5F808
:10466000122000F0E2F8812000F0DFF8CF2000F007
:10467000DCF8D92000F0D9F8F12000F0D6F8DB20E2
:1046800000F0D3F8302000F0D0F8A42000F0CDF8EE
:10469000A62000F0CAF88D2000F0C7F8142000F022
:1046A000C4F8AF2000F0C1F8FFF7FCFE70BD10B5F4
:1046B0000246012000E050430B1EA1F10101FAD196
:1046C00010BD70B505460C4645F0B00000F0ADF8E1
:1046D000102141EA141000F0A8F804F00F0000F0D7
:1046E000A4F870BD2DE9F04105460E461746721E2E
:1046F000D206110E6A1E5206100EFFF7E2FF0024CA
:1047000009E0A7F12001134A02EB0111085D00F056
:104710009CF8601CC4B2082CF3DB721ED206110E8A
:104720006A1E012303EB4202D0B2FFF7CAFF002446
:104730000BE0A7F12001074A02EB011204F1080186
:10474000505C00F082F8601CC4B2082CF1DBBDE8BC
:10475000F0810000BC9E00082DE9F04780460E461F
:1047600017461D46002415E0281B411E0A20FFF7AE
:104770009EFFB7FBF0F00A21B0FBF1F201FB120043
:1047800000F130093019C1B24A464046FFF7AAFF8E
:10479000601CC4B2AC42E7DBBDE8F0872DE9F0470E
:1047A0008146884615461E46002D06DB2B224146D3
:1047B0004846FFF797FF2F4605E02D224146484621
:1047C000FFF790FF6F42002417E0301B411E0A20C4
:1047D000FFF76DFFB7FBF0F00A21B0FBF1F201FB30
:1047E000120000F1300A08EB0400401CC1B252462E
:1047F0004846FFF777FF601CC4B2B442E5DBBDE872
:10480000F0872DE9F04107460E461546002407E0E3
:104810002A5D3019C1B23846FFF764FF601CC4B28C
:10482000285D0028F4D1BDE8F08110B50446FFF7FB
:10483000B9FE7820FFF778FE0020FFF775FE2046CE
:10484000FFF772FEFFF7C8FE10BD10B50446FFF774
:10485000A9FE7820FFF768FE4020FFF765FE20469E
:10486000FFF762FEFFF7B8FE10BD2DE9F84F0446D2
:104870000D4616462946206805F020F9009031467D
:10488000284605F01BF98146E16804F017FFE06057
:104890006169E06805F0DEF902D26069E0600BE072
:1048A000606980F000494846E16805F0D3F903D219
:1048B000606980F00040E060E168606805F0FEF843
:1048C00082464FF000080021304605F0C3F90CD2B3
:1048D0002846216905F0FAF98346A16805F0EEF84B
:1048E0008146314604F058FF8046256151460098C4
:1048F00004F0E4FE8146414604F0E0FE07463846F7
:10490000A16905F0A7F901D2A7690AE0A06980F0C2
:1049100000493946484605F09DF902D2A06980F069
:1049200000473846BDE8F88F70B504460D4694F848
:10493000200008B9002070BD2846E16905F0BEF8E6
:10494000F9E72DE9FC5F04460F4690461D46DDF869
:104950003090424639462046FFF787FF8346294676
:104960002046FFF7E1FF01904946204600F01FF87E
:1049700000905846019904F0A1FE8246009904F087
:104980009DFE06463046A16905F064F901D2A6698C
:104990000AE0A06980F0004A3146504605F05AF915
:1049A00002D2A06980F000463046BDE8FC9F70B599
:1049B00004460D4694F8280008B9002070BD28462A
:1049C000616A05F07BF8F9E770B5DDE9044501603F
:1049D000426083600026C660066144618561C661ED
:1049E00080F82060466280F8286070BD0021C160B8
:1049F00001617047C16180F82020704730B50446DE
:104A00000D4625606260A3602046FFF7EFFF30BDD2
:104A1000416280F8282070477047000029B1064A9B
:104A2000D2690243044BDA6104E0034AD26982434B
:104A3000014BDA61704700000010024029B1064ABC
:104A400092690243044B9A6104E0034A92698243EB
:104A5000014B9A6170470000001002400348406A11
:104A600040F0807001494862704700000010024029
:104A700030B500210022002400232D4D6D6805F083
:104A80000C0121B1042905D0082923D105E0294DC5
:104A9000056022E0274D05601FE0254D6D6805F497
:104AA0007012234D6D6805F48034022505EB9242A7
:104AB0001CB9214D554305600BE01D4D6D6805F493
:104AC00000351DB11C4D5543056002E0194D55439D
:104AD000056002E0174D056000BF00BF144D6D6812
:104AE00005F0F0010909154D6B5C0568DD40456076
:104AF0000F4D6D6805F4E061090A104D6B5C456867
:104B0000DD4085600A4D6D6805F46051C90A0B4DA2
:104B10006B5C4568DD40C560054D6D6805F440413E
:104B2000890B074D6B5CC568B5FBF3F5056130BDBE
:104B30000010024000127A0000093D000000002031
:104B400010000020704710B500F002F810BD000002
:104B50000CB50020019000903348006840F480308C
:104B60003149086000BF3048006800F40030009010
:104B70000198401C0190009818B90198B0F5A06FF9
:104B8000F1D12948006800F4003010B101200090F4
:104B900001E0002000900098012843D123480068DC
:104BA00040F01000214908600846006820F003002A
:104BB00008600846006840F0020008601A48406833
:104BC000194948600846406848600846406840F413
:104BD000806048600846406820F47C1048600846C1
:104BE000406840F4E81048600846006840F0807073
:104BF000086000BF0C48006800F000700028F9D081
:104C00000948406820F003000749486008464068AA
:104C100040F00200486000BF0348406800F00C000C
:104C20000828F9D10CBD000000100240002002400D
:104C300010B504462046FEF7B4FE10BD08B50121AC
:104C40000820FFF7FBFE01210846FFF7F7FE0121D0
:104C50001348FFF745F84FF48040ADF800001020EE
:104C60008DF8030003208DF8020069460D48FEF719
:104C7000ABFF4FF40040ADF8000048208DF8030072
:104C800069460848FEF7A0FF4FF480410548FFF74A
:104C90007AF80020044908700449087008BD000033
:104CA00000023000000C0140580000205900002094
:104CB00070B504464FF480411348FFF762F80820AE
:104CC000FFF7B6FF002513E004F0010028B14FF410
:104CD00080410D48FFF757F804E04FF480410A483F
:104CE000FFF74FF864100820FFF7A2FF681CC5B259
:104CF000082DE9DB4FF480410348FFF744F8082012
:104D0000FFF796FF70BD0000000C014017B581B0A1
:104D10001DA00068009001AC2078FFF7C9FF607803
:104D2000FFF7C6FFA078FFF7C3FFE078FFF7C0FFEB
:104D300002AC2078FFF7BCFF6078FFF7B9FFA078DE
:104D4000FFF7B6FFE078FFF7B3FF03AC2078FFF77B
:104D5000AFFF6078FFF7ACFFA078FFF7A9FFE0781E
:104D6000FFF7A6FF9DF80000FFF7A2FF9DF80100E6
:104D7000FFF79EFF9DF80200FFF79AFF9DF80300E2
:104D8000FFF796FF1FBD00000000807F7047000006
:104D900010B51348006840F001001149086008464A
:104DA0004068104908400E494860084600680E49AE
:104DB00008400B4908600846006820F4802008601D
:104DC0000846406820F4FE0048604FF41F008860E9
:104DD000FFF7B9FE4FF000600449086010BD000005
:104DE000001002400000FFF8FFFFF6FE08ED00E0B3
:104DF00010B50121064800F051F840B101210448E6
:104E000000F00AF803480068401C0249086010BD21
:104E100000080040A0000020CA430282704721B170
:104E2000028842F00102028004E002884FF6FE731D
:104E30001A400280704731B1B0F8442042F4004279
:104E4000A0F8442005E0B0F84420C2F30E02A0F818
:104E500044207047F0B50C4615461E46002100223E
:104E600000230189028B038C4FF6F87739402143E8
:104E70004FF6FC473A4040F201173A434FF6DD77D0
:104E80003B404FF6FF7707EA06172F433B4301816C
:104E900002830384F0BD0146888C704730B502461A
:104EA000002000230024158A05EA0103958905EAFC
:104EB000010413B10CB1012000E0002030BD1AB193
:104EC00083890B43838102E083898B43838170470D
:104ED00070B5002400220023058C4FF6FE76354085
:104EE0000584028C8388048B4FF68F752C40B51E89
:104EF0002C400D882C43751E2A400D892A434D886D
:104F00002A43144DA8420BD0134DA84208D0134D8C
:104F1000A84205D0124DA84202D0124DA84213D18A
:104F20004FF6F7752A404D892A434FF6FB752A4004
:104F30008D882A434FF6FF652B404FF6FF552B40D7
:104F40008D892B43CD892B4383800483CD8885862F
:104F5000028470BD002C014000340140004001403B
:104F6000004401400048014070B5002400220023A5
:104F7000058C4FF6EF7635400584028C8388048BD0
:104F800048F6FF752C404FF6FF452C400D884FF634
:104F9000FF7606EA05252C434FF6DF752A400D897A
:104FA00006EA05152A434D8806EA05152A43154DDC
:104FB000A84202D0144DA8421DD14FF67F752A4059
:104FC0004D894FF6FF7606EA05152A434FF6BF7561
:104FD0002A408D8806EA05152A434FF6FF352B40F7
:104FE0004FF2FF752B408D8906EA85052B43CD894D
:104FF00006EA85052B4383800483CD8805870284D8
:1050000070BD0000002C01400034014000210180EF
:1050100041808180C180018141818181C18170474E
:10502000818670470187704781847047002202881B
:105030001D4B98420ED01D4B98420BD0B0F1804FC3
:1050400008D01B4B984205D01A4B984202D01A4BFD
:10505000984204D14FF68F731A404B881A43174B6E
:10506000984207D0164B984204D04FF6FF431A409F
:10507000CB881A4302808B8883850B8803850A4B73
:1050800098420BD0094B984208D00E4B984205D05D
:105090000D4B984202D00D4B984201D10B7A0386FA
:1050A0000123838270470000002C0140003401403E
:1050B0000004004000080040000C004000100040C8
:1050C00000140040004001400044014000480140FD
:1050D0001FB501210420FFF7A1FC0020ADF80A0054
:1050E000ADF8060040F2E730ADF808004720ADF813
:1050F000040000208DF80C0001A91048FFF796FF6E
:10510000012211460D48FFF7DAFE4FF4A060FFF7C9
:10511000BFF91E208DF8000001208DF80300022049
:105120008DF8010000208DF802006846FFF778F93D
:1051300001210248FFF773FE1FBD00000008004078
:1051400010B540F225511D4800F0C9F810B31B48B6
:1051500000F080F9C4B21A48008800F40040C8B9D1
:105160001748008800F4804060B10A2C03D000206A
:105170001349088020E01248008840F4004010499C
:10518000088019E00D2C06D10D48008840F48040BD
:105190000B49088010E00A480088C0F30D00094957
:1051A0000C5407480088401C0549088008460088C0
:1051B000C72801DD0020088010BD00000038014034
:1051C00018000020A400002010B540F225513348FB
:1051D00000F085F8002860D0304800F03BF9C4B2F8
:1051E0002F48007820B1012813D0022853D141E084
:1051F000232C0DD100202B49087008460178007837
:10520000401C284A10702848445401202449087042
:1052100041E0212C0FD123480078202807DA2148CB
:1052200001780078401C1F4A10701F484454022027
:105230001B4908701DE0232C0BD100201949087070
:10524000084601780078401C164A107016484454ED
:105250000FE014480078202808DA12480178007816
:10526000401C104A10701048445402E000200C49C1
:10527000087010E0232C0DD100200A490870084660
:1052800001780078401C074A1070074844540120F8
:105290000349087000BF00BF00BF10BD00440040BC
:1052A0001F0000201E0000206C01002021B1828917
:1052B00042F40052828104E082894DF6FF731A4065
:1052C0008281704702460020B1F5007F00D100BF07
:1052D00013880B400BB1012000E00020704770B52F
:1052E0000246002400230025002040F66A16B14241
:1052F00000D100BFC1F3421501F01F03012606FAD9
:1053000003F3012D02D19689334006E0022D02D12C
:10531000168A334001E0968A33400C12012606FAC1
:1053200004F41688344013B10CB1012000E00020D1
:1053300070BDF0B50346002400260025002040F68D
:105340006A17B94200D100BF1846C1F3421401F0F8
:105350001F06012707FA06F5012C01D10C3004E0E5
:10536000022C01D1103000E014301AB107682F432D
:10537000076002E00768AF430760F0BD2DE9F04722
:1053800086B005460E460024A24600BFA14600276F
:10539000B08900B100BF2F462C8A4CF6FF70044044
:1053A000F08804432C82AC894EF6F3100440B08898
:1053B00031890843718908430443AC81AC8A4FF6B4
:1053C000FF400440B0890443AC8201A8FFF750FBC2
:1053D0001F48874202D1DDF810A001E0DDF80CA0E3
:1053E000A88900F4004040B10AEBCA0000EB0A10A3
:1053F00031684900B0FBF1F807E00AEBCA0000EBA6
:105400000A1031688900B0FBF1F86420B8FBF0F0B5
:1054100004012009642101FB1089A88900F40040DF
:1054200040B1322000EBC900B0FBF1F000F0070002
:10543000044308E0322000EB09106421B0FBF1F0D6
:1054400000F00F0004432C8106B0BDE8F087000097
:105450000038014001468888C0F308007047C1F356
:1054600008028280704700BFFEE7000030B5A5B09B
:1054700001210420FFF7E2FA01214804FFF7CEFAE8
:1054800003208DF892000420ADF8900018208DF8CC
:10549000930024A94348FEF797FB0820ADF890003D
:1054A00048208DF8930024A93E48FEF78DFB4FF469
:1054B000E13020900020ADF88C000C20ADF88A007F
:1054C0000020ADF88800ADF88600ADF8840020A972
:1054D0003548FFF753FF012240F225513248FFF7CC
:1054E00028FF4FF4A060FEF7D3FF26208DF87C0044
:1054F00001208DF87F008DF87D008DF87E001FA8BB
:10550000FEF78EFF01212848FFF7D0FE2748446AA6
:10551000FFF7A4FAE00FC4F38071C4F34072C4F340
:105520000073CDE90232CDE90410C4F38060C4F306
:10553000C06123461EA2CDE90010602107A8FAF73A
:1055400087FE07AD0BE000BF80211748FFF7BAFECA
:105550000028F9D015F8011B1348FFF780FF2878C1
:105560000028F0D1FFF76AFB00202149087021498B
:10557000087020212048FBF735F820A52C460BE0C9
:1055800000BF80210848FFF79DFE0028F9D014F8DD
:10559000011B0548FFF763FF20780028F0D125B0F4
:1055A00030BD0000000801400044004000100240EF
:1055B000424F4F54206373723D2530386C58205051
:1055C0004F523D25752050494E3D25752053465478
:1055D0003D257520495744473D2575205757444779
:1055E0003D2575204C5057523D25750D0A00000091
:1055F0001E0000201F0000206C010020564F464175
:105600005F494E49545F4F4B205553415254325FCE
:1056100052585F494E545F454E41424C45440D0A35
:105620000000000010B5044600BF80210448FFF7C9
:1056300049FE0028F9D021460148FFF710FF10BDB0
:105640000044004017B581B026A0006800902648AD
:10565000007818B124480078022836D101AC2078AF
:10566000FFF7E0FF6078FFF7DDFFA078FFF7DAFFD4
:10567000E078FFF7D7FF02AC2078FFF7D3FF607820
:10568000FFF7D0FFA078FFF7CDFFE078FFF7CAFF64
:1056900003AC2078FFF7C6FF6078FFF7C3FFA07860
:1056A000FFF7C0FFE078FFF7BDFF9DF80000FFF7B0
:1056B000B9FF9DF80100FFF7B5FF9DF80200FFF765
:1056C000B1FF9DF80300FFF7ADFF07480078012800
:1056D00003D005480078022803D101A807C8FFF7C6
:1056E00015FB1FBD0000807F2000002010B5044680
:1056F00004B910BD03E014F8010BFFF793FF207805
:105700000028F8D100BFF4E710B502460B4602B1FD
:105710000BB9002010BD1E480078022801D00020DF
:10572000F8E71C480078022806DA0020184C2070A0
:10573000184C20701070EDE717480078232806D128
:1057400014480078401E144C205C212806D000200C
:105750000F4C20700F4C20701070DBE7002104E02C
:105760000D48405C5054481CC1B20A480078401EA5
:10577000C0B2884203DD581EC0B28842F0DC00206F
:105780005054034C2070034C20700120C2E70000ED
:105790001F0000201E0000206C010020490050EA7C
:1057A000C12018BF04204A0D18BF40F0010040F28C
:1057B000FF72B2EB515F08BF40F00200012808BF42
:1057C000052070472DE9F0414F1E00EBC70104464C
:1057D000D1E9000115461E4637F006020DD02A46D3
:1057E000334603F02FFC7F1E04EBC703D3E90023ED
:1057F00003F09CF937F00602F1D1022F25D0042FD7
:1058000013D0062F18BFBDE8F0812A46334603F0B7
:1058100019FCD4E90A2303F089F92A46334603F038
:1058200011FCD4E9082303F081F92A46334603F03A
:1058300009FCD4E9062303F079F92A46334603F03C
:1058400001FCD4E9042303F071F92A46334603F03E
:10585000F9FBD4E9022303F069F92A46334603F041
:10586000F1FBD4E90023BDE8F04103F05FB9012268
:1058700004F0D8BA03F05AB9002213461046114674
:1058800003F010BA40F2013200204FF0E04104F082
:10589000C9BA0000024A0020110704F0C3BA000090
:1058A00001FDFFFF10B50446D1E9000100F002F848
:1058B000206010BDF8B504460D466A4601F0F6F9C1
:1058C00000987E30009000281EDC002213462046FF
:1058D000294603F03FFB17D0002140F608004FF0A7
:1058E000000006462046294603F0EEF8044640F63E
:1058F000080006EA00014FF0000034F0004004BF49
:105900000220FAF738FF29E00098FF2828DB002161
:1059100008464FF0000000F44006002213462046DF
:10592000294603F08DFC8CBF002501250220FAF7E3
:1059300022FF4FF0FF4446B1002D0CBF4FF4000092
:105940004FF48000B04218BF084C042108464FF0C5
:105950000000002D04BF84F00040F8BD2046F8BDD3
:1059600020462946BDE8F84003F0AEB8FFFF7F7F30
:1059700010B504460A46D4E90003194601F01BFDA0
:10598000C4E9000110BD30380A2801D20120704757
:1059900000207047014600BF704700002DE9FE4F10
:1059A000074688460026684601F0ACF9002444E02A
:1059B00057F8240058F82410A0EB010ABAF1000FA0
:1059C00001DB514601E0CAF10001084604F016F877
:1059D00083464FF08F4103F0DFFE81465DF82400DF
:1059E000002103F09BFF18D05DF82410484603F017
:1059F000D3FE82464FF07E5104F068F9054600BFA1
:105A000025F0004082460F48416A504604F022F9D2
:105A100012D20120A04006430EE00A48C169484660
:105A200004F018F805D30748016A484604F012F953
:105A300002D20120A0400643641C032CB8DB304690
:105A4000BDE8FE8FD4A400082DE9F04D8D4F21F064
:105A5000004A86B005460C46BA452ADBAAEB070089
:105A600028430AD08848824501DC1AD1CDB106B05E
:105A70002846BDE8F04DFFF7FABE844A844B28461D
:105A800003F0E0FA07460E46824A834B2846214639
:105A900003F0D8FA06B03A463346BDE8F04D03F0BD
:105AA00045B80120FAF767FE06B0BDE8F04DFFF7F4
:105AB000E3BE7A48824542DABAF1795F0BDA2846CA
:105AC000FFF76CFE042808BFFFF7E4FE284606B087
:105AD0002146BDE8F08D2A460B46104603F0B2FA87
:105AE000834602466E480E460B4606217844FFF771
:105AF00069FE5A46334603F0A5FA804669488A464D
:105B00005A46334604217844FFF75CFE5A46334632
:105B100003F098FA00223B4603F008F802460B46D1
:105B20004046514603F0BEF82A46234603F08AFA5F
:105B300006B02A462346BDE8F04D02F0F7BF2846DE
:105B400024F0004100223D463B4603F0AFFB4FF0FE
:105B5000FF3204F067F90646024653480F460B46EB
:105B600006217844FFF72EFE32463B4603F06AFAE0
:105B7000CDE900014D4832463B4604217844FFF709
:105B800021FE32463B4603F05DFA00222B4602F02E
:105B9000CDFF834602913046394602F043FF8046EE
:105BA00043480D46504517DCDDE900015A46029B8B
:105BB00003F078F842462B4603F044FA42462B465F
:105BC00002F0B4FF012204F02DF9304A304B03F00B
:105BD0005FFC304A304B4CE04FF0000A52460B4617
:105BE000404602F0A3FFCDE9031052462B46104673
:105BF000194603F027FA32463B4603F057FBDDE92E
:105C0000033203F04FF806460F46DDE900015A461D
:105C1000029B03F047F88346009101223046394643
:105C200004F000F9194A1A4B03F040FB06460F46F0
:105C300001224046294604F0F5F85A46009B03F03D
:105C400001FA32463B4603F023FC06460F4601228A
:105C50005046294604F0E6F80E4DDFF858802A46F3
:105C6000434603F023FB32463B4603F01FFB2A4624
:105C7000434603F01BFB002CD8BF81F0004106B067
:105C8000BDE8F08D0000F03F0000F07F075C1433AA
:105C900026A6913C182D4454FB21F93F0000E03F1B
:105CA0004056000056560000CA550000E05500005E
:105CB0003333EF3FFB21E93F2DE9F84F04460D4612
:105CC00021F0004000917349814211DC7249884201
:105CD00001DC06D12CB120462946BDE8F84FFFF77C
:105CE000C6BD6E48002DCCBF6D496E49BDE8F88F2A
:105CF0006D49814211DD6D498142D8BF4FF0FF36B9
:105D00006DDD20462946FFF749FD042808BFFFF74F
:105D1000C1FD20462946BDE8F88F6549654F25F04D
:105D20000045814233DD6449814219DD0026324657
:105D30004FF080432046294602F0F8FE80468A460E
:105D400001222046294604F06DF800223B4603F06C
:105D50009FFB4246534602F0A5FF04460D463EE037
:105D600001260022BA463B462046294602F0DEFEC6
:105D700080460F46002253462046294603F088FB02
:105D800042463B4602F08EFF04460D4627E04B4953
:105D900081421BDDDFF828A102260022534620465F
:105DA000294603F04FF900223B4602F0BFFE804631
:105DB0000F46002253462046294603F069FB42461F
:105DC0003B4602F06FFF04460D4608E003262246DC
:105DD0002B4600203B4902F065FF04460D46224653
:105DE0002B461046194603F02DF98B468246024693
:105DF0000B4603F027F907460246334888460B4610
:105E000006217844FFF7DEFC52465B4603F01AF9A0
:105E100082462E488B463A46434605217844FFF792
:105E2000D1FC3A46434603F00DF902460B46002EDC
:105E3000504659460CDA02F079FE22462B4603F012
:105E400001F901B022462B46BDE8F04F03F02EBA0F
:105E500002F06CFE22462B4603F0F4F81C4A7A440A
:105E600002EBC603D3E9002303F012FB22462B46C4
:105E700003F00EFB174A7A4402EBC603D3E9002372
:105E800003F014FA009A002AB8BF81F00041BDE87F
:105E9000F88F0000000010440000F07F182D4454DB
:105EA000FB21F93FFB21F9BF0000DC3F0000203E51
:105EB0000000F33F0000F03F0000E63F0080034099
:105EC0000000F83F0000F0BFE2530000A0530000C4
:105ED0003E530000065300002DE9F04D9446CCF1EE
:105EE000000423F000464CEA0404524F46EAD474FE
:105EF0009A46884621F00042BC4206D8454240EA14
:105F0000050442EAD474BC4204D9BDE8F04D6246AF
:105F1000FFF7B0BCAAF14055A5F17F6555EA0C0426
:105F20000BD0022404EAAA74434DDFF810E144EADE
:105F3000D87452EA000B04D00CE0BDE8F04DFFF736
:105F4000BBBE002C14BF012CBDE8F08D022C30D05C
:105F5000032C32D056EA0C0B0AD0BE4220D1BA42F2
:105F600009D126F0804622F080423346114617E0E0
:105F700000291ADB25E0DFF8C8B0FB44002C04BF81
:105F8000DBE90001BDE8F08D012C02BFDBE9000177
:105F900081F00041BDE8F08D022C0AD0032C0CD01A
:105FA000BA4212D1B8F1000F0BDA23482549BDE8F7
:105FB000F08D28462449BDE8F08D28467146BDE89D
:105FC000F08D1D482149BDE8F08D921B12153C2A29
:105FD000C4BF19481D490EDCBAF1000FBEBF12F153
:105FE0003C0F0020014606DB624602F05BFE21F01A
:105FF0000041FFF761FE002C08BFBDE8F08D012CC9
:1060000004BF81F00041BDE8F08D114A114B022C14
:1060100007D003F03DFA2A46BDE8F04D0A4B03F0E5
:1060200037BA03F035FA2A46BDE8F04D064B03F0C7
:106030003DB900000000F07F182D4454FB2109C039
:106040009A520000FB21F9BFFB210940FB21F93FD7
:10605000075C143326A6A13C30B583B00446FAF79A
:1060600085FB05460020CDE9000002462146684632
:10607000FAF74AFE2846FAF77EFBDDE9000103B095
:1060800030BD00002DE9F0410446E07800F0C00684
:10609000E07800F03F05607800F0010098B1EF1063
:1060A0002846E91705EB5171C910A5EBC101491C40
:1060B00001F0FF080B48006820B10A484146026819
:1060C0003846904700BF607800F0080030B10548BE
:1060D000406818B1B011034A516888470020BDE8F4
:1060E000F08100008C01002010B504462046FDF729
:1060F0004CFC10BD38B5044664B120208DF800007A
:1061000028208DF8010030208DF8020038208DF80D
:10611000030004E0A32204216846FAF75BFA6A460A
:10612000042140F69E2002F0ABFB01F095FF38BD44
:106130003EB5044602208DF80000CA208DF801000B
:10614000E3208DF8020009208DF803006A4604213F
:10615000682002F095FBA3208DF8000004F04000B9
:1061600048B1C0208DF80100C8208DF80200C2207F
:106170008DF8030006E0A3208DF801008DF80200E1
:106180008DF8030004F4C07048B1C4208DF80400F9
:10619000CC208DF80500C6208DF8060006E0A3206F
:1061A0008DF804008DF805008DF80600A3208DF809
:1061B00007008DF808008DF809006A460A2140F6AC
:1061C000A72002F05DFB04F0030018B120208DF839
:1061D000000002E0D8208DF800006A46012140F658
:1061E000B62002F04DFB04F0200018B1012000F0B1
:1061F000ADF802E0002000F0A9F804F4C07008B384
:1062000004F4807060B1B2208DF800008B208DF80E
:106210000100B6208DF802009B208DF803000BE0F2
:10622000B0208DF8000080208DF80100B4208DF89A
:10623000020090208DF803006A46042140F6A22057
:1062400002F01EFB04F0010020B3F8208DF80000DE
:106250006A4601214FF40B6002F012FBFA2107207D
:1062600000F02EFC072000F0F5FB012000F015FCEB
:10627000642000F0F5FC4FF4FA7000F004FDC82132
:10628000304800F0A5FB282000F0BEFB0A2000F0FB
:10629000CEFB08E0D8208DF800006A4601214FF4BB
:1062A0000B6002F0EDFA04F0020018B1D9208DF86D
:1062B000000002E0D8208DF800006A46012140F27B
:1062C0003D7002F0DDFA04F0040018B1012000F086
:1062D00069F802E0002000F065F804F0100018B141
:1062E0000120FFF707FF02E00020FFF703FF44F063
:1062F00008001549488101F0AFFE0020124988735B
:1063000004F0400018B10846807B801D887304F4B7
:10631000C07020B10C48807B801D0B49887304F04D
:10632000140020B10848807B10300749887304F0BE
:10633000030020B10448807B001D034988730020BE
:106340003EBD000009E3CA028C0100203EB50446B0
:106350006CB10EA1D1E900208968CDE9002002913D
:106360006A4609214FF4976002F08AFA3EBD0AA2FC
:10637000D2E900109268CDE9010200916A46092134
:106380004FF4976002F07CFAF0E70000B8AAB38DF2
:10639000B4980D355D000000B8AAAAAAB088C3C59C
:1063A000C700000038B5044664B1C0208DF8000075
:1063B000C2208DF80100C4208DF80200C6208DF89F
:1063C000030004E08B2204216846FAF703F96A46C9
:1063D000042140F6982002F053FA01F03DFE38BD4A
:1063E00010B5C8234FF48062024940F6F63001F040
:1063F000C7FC10BDFCA400082DE9F04F8DB0074686
:10640000884615469946DDE9166B00240020308049
:106410006B49887B5A4605A901F07EFD18B1601EC4
:106420000DB0BDE8F08F6648807A00F014000028B7
:1064300067D09DF8140000069DF8151040EA014051
:106440009DF8161040EA01209DF8171008432860B7
:106450009DF8180000069DF8191040EA01409DF8CB
:106460001A1040EA01209DF81B10084368609DF84F
:106470001C0000069DF81D1040EA01409DF81E100A
:1064800040EA01209DF81F100843A8609DF82000F5
:1064900000069DF8211040EA01409DF8221040EAD4
:1064A00001209DF823100843E86004F11000C4B2F5
:1064B000286800140190686800140290A86800140D
:1064C0000390E8680014049001984043029901FB8E
:1064D0000100039901FB0100049901FB010ABAF1D3
:1064E000706F02DBBAF1885F05DD01F0B5FD0020B9
:1064F0003080401E94E7B6F9000040F48070308090
:1065000000BF2F48807A00F0400020B305A9601C2E
:10651000085C095D40EA012000B2A8F8000005A966
:10652000E01C095C05AAA01C105C41EA002000B236
:10653000A8F8020005A9601D095C201D105C41EA55
:10654000002000B2A8F80400A01DC4B2B6F90000F3
:1065500040F0080030801A48408900F4C07008B349
:1065600005A9601C085C095D40EA012000B2388082
:1065700005A9E01C095C05AAA01C105C41EA0020EA
:1065800000B2788005A9601D095C201D105C41EAFD
:10659000002000B2B880A01DC4B2B6F9000040F0DF
:1065A000700030800648807A00F0030018B105A919
:1065B0000819FFF767FD484601F09EF800202FE715
:1065C0008C01002070B588B0064601A801F056FA8B
:1065D000BDF804000021C90341EA5045C40300BFCF
:1065E0004448007A00F0030056F820000590414826
:1065F000007A00F0040010B10598404205903D4833
:10660000007AC0F3C10056F8200006903948007A9D
:1066100000F0200010B10698404206903548007AFC
:10662000C0F3811056F8200007903248008900F42A
:10663000807010B10798404207900598C117A0FBE1
:10664000042301FB043100FB0510810041EA927034
:1066500005900698C117A0FB042301FB043100FB41
:106660000510810041EA927006900798C117A0FBBF
:10667000042301FB043100FB0510810041EA927004
:1066800007900598000E8DF808000598000C8DF80D
:1066900009000598000A8DF80A000598C0B28DF827
:1066A0000B000698000E8DF80C000698000C8DF873
:1066B0000D000698000A8DF80E000698C0B28DF8FD
:1066C0000F000798000E8DF810000798000C8DF849
:1066D00011000798000A8DF812000798C0B28DF8D3
:1066E000130002AA0C214FF4257002F0C9F808B07B
:1066F00070BD00008C01002030B585B0044616A2A4
:1067000007CA02AB07C3C82C03DD4FF0FF3005B04A
:1067100030BDC82090FBF4F0401E85B2280A8DF8E9
:106720000000E8B28DF801006A46022140F216200E
:1067300002F0A6F810B14FF0FF30E8E702AA0C21F2
:1067400040F6C12002F09CF810B14FF0FF30DEE7B8
:10675000044884810020DAE7FEF2ABC4AAF1DFDF4F
:10676000BBAFDFDF8C0100201FB504464848007A2C
:1067700000F0030054F8200001904548007A00F032
:10678000040010B10198404201904148007AC0F3E2
:10679000C10054F8200002903D48007A00F020002B
:1067A00010B10298404202903948007AC0F381103B
:1067B00054F8200003903648008900F4807010B12E
:1067C0000398404203903349019880FB0101800FF8
:1067D00040EA810001902F49029880FB011082005D
:1067E00042EA917002902B49039880FB01108200CD
:1067F00042EA917003900198000E8DF80000019814
:10680000000C8DF801000198000A8DF80200019833
:10681000C0B28DF803006A4604214FF4747002F090
:106820002FF818B14FF0FF3004B010BD0298000EE1
:106830008DF800000298000C8DF801000298000A03
:106840008DF802000298C0B28DF803006A46042158
:106850004FF4757002F014F810B14FF0FF30E3E719
:106860000398000E8DF800000398000C8DF80100CD
:106870000398000A8DF802000398C0B28DF8030057
:106880006A4604214FF4767001F0FAFFCCE700006D
:106890008C01002009E3CA0210B586B0044647A067
:1068A0000068039046A00068029046A0006801902E
:1068B00045A00068009004F0030003A9085C8DF86F
:1068C000140003A8C4F3C101405C8DF8150003A8AF
:1068D000C4F38111405C8DF8160004F0030002A996
:1068E000085C8DF8100002A8C4F3C101405C8DF86B
:1068F000110002A8C4F38111405C8DF8120005AAB2
:10690000032140F2264001F0BBFF18B14FF0FF30E9
:1069100006B010BD04AA032140F22A4001F0B0FFE6
:1069200010B14FF0FF30F3E7019805900098049004
:1069300004F0040058B19DF8140040F001008DF8F7
:1069400014009DF8100040F001008DF8100004F0D4
:10695000200058B19DF8150040F001008DF8150099
:106960009DF8110040F001008DF8110004F48070D2
:1069700058B19DF8160040F001008DF816009DF802
:10698000120040F001008DF8120005AA03214FF417
:10699000886001F075FF10B14FF0FF30B8E704AA2E
:1069A000032140F2314001F06BFF10B14FF0FF3096
:1069B000AEE7064804810020AAE700004CCD6C0039
:1069C0000CC92C0036567600264666008C01002045
:1069D000F8B505460E464FF47A7095FBF0F000FBD3
:1069E00006F4200E8DF80000200C8DF80100200A1E
:1069F0008DF80200E0B28DF803006A4604214FF4DE
:106A0000AE7001F03DFFF8BD38B50446052094FB9B
:106A1000F0F084B220128DF80000E0B28DF8010091
:106A20006A4602214FF4AD7001F02AFF38BD38B537
:106A30000446052094FBF0F084B220128DF800008B
:106A4000E0B28DF801006A4602214FF4AC7001F00B
:106A500017FF38BD38B504460020009004F001004F
:106A600020B19DF8000040F03000009004F00200DA
:106A700020B19DF8000040F00C00009004F00400EC
:106A800020B19DF8000040F0030000906A4601210B
:106A90004FF4A47001F0F4FE38BD38B50446012C63
:106AA00001DA012402E0042C00DD0424601EC0B2DF
:106AB00000906A46012140F24F1001F0E1FE38BD1E
:106AC0002DE9FC4706460F4606F0070010B1B7F562
:106AD000C86F03DD4FF0FF30BDE8FC87384602F099
:106AE000A5FF8146594902F057FE8046684600F0EE
:106AF0009FFF9DF80000022806D0042816D0082821
:106B000026D0102848D135E04FF08D41404602F0A4
:106B1000D5FF814602F052FF84B24D49404602F053
:106B2000CDFF814602F04AFF85B238E04FF08C413C
:106B3000404602F0C3FF814602F040FF84B245495F
:106B4000404602F0BBFF814602F038FF85B226E0E6
:106B50004FF08B41404602F0B1FF814602F02EFF1C
:106B600084B23D49404602F0A9FF814602F026FF6B
:106B700085B214E04FF08A41404602F09FFF814603
:106B800002F01CFF84B23549404602F097FF81466F
:106B900002F014FF85B202E04FF0FF309CE700BF27
:106BA00020128DF80400E0B28DF8050028128DF84F
:106BB0000600E8B28DF8070006F00100A0B101AAB6
:106BC00002214FF4EA7001F05BFE10B14FF0FF308C
:106BD00082E70DF1060202214FF4927001F050FE9F
:106BE00010B14FF0FF3077E706F00200A0B101AA24
:106BF00002214FF4EC7001F043FE10B14FF0FF3072
:106C00006AE70DF1060202214FF4947001F038FE9C
:106C100010B14FF0FF305FE706F00400A0B101AA09
:106C200002214FF4EE7001F02BFE10B14FF0FF3057
:106C300052E70DF1060202214FF4967001F020FE9A
:106C400010B14FF0FF3047E7002045E70000484310
:106C5000000040460000C045000040450000C04420
:106C600038B50446052094FBF0F085B228128DF863
:106C70000000E8B28DF801006A4602214FF4EF707F
:106C800001F0FEFD38BD38B50446052094FBF0F058
:106C900085B228128DF80000E8B28DF801006A462E
:106CA00002214FF4ED7001F0EBFD38BD10B5144634
:106CB00000222260114A21F000439342A8BF10BD78
:106CC00053EA000208BF10BDB3F5801FA8BF2268B9
:106CD00007DA362203F0A6F86FF0350221F0004300
:106CE0002260DFF81CC06FF31E510CEB23531A44D3
:106CF00041F0FF5141F00051226010BD0000F07FD3
:106D000002FCFFFF7CB5054628494968087801ABBD
:106D100004220D21FDF788F808B107207CBD9DF8FD
:106D20000700C0F301109DF8041001F0E00140EAF3
:106D3000E1008DF800009DF80700C0F381009DF888
:106D4000051001F0E00140EAE1008DF801009DF836
:106D5000070000F003009DF8061001F0E00140EA92
:106D6000E1008DF8020000241CE01DF8040018B9B1
:106D7000002045F8240013E00D4845F8240006E003
:106D800055F824000B4902F099FE45F824001DF83F
:106D90000400401EC0B20DF804000028F0D100BF6E
:106DA000601CC4B2032CE0DB0020B7E764000020C5
:106DB0007B14AE3E1D5A843F2DE9F04F87B0054647
:106DC0000C46914601208DF8100000208DF811002E
:106DD000FE4A1268917CFD4A5268107804AB022288
:106DE000FDF769F820B14FF0FF3007B0BDE8F08F34
:106DF000C820FFF779F900208DF81000F34A1268D7
:106E0000D17BF24A5268107804AB0122FDF753F8A7
:106E100010B14FF0FF30E8E7EC4A12685179EB4AC5
:106E20005268107804AB0122FDF745F810B14FF01D
:106E3000FF30DAE7E54A1268917CE44A526810783C
:106E400004AB0122FDF737F810B14FF0FF30CCE76B
:106E5000DE4A1268D17DDD4A5268107804AB012207
:106E6000FDF729F810B14FF0FF30BEE7D74A12689E
:106E70001179D64A5268107804AB0122FDF71BF84D
:106E800010B14FF0FF30B0E70C208DF81000CF4A62
:106E900012681179CD4A5268107804AB0122FDF7CF
:106EA0000AF810B14FF0FF309FE70F20FFF71CF9F1
:106EB000C648806A407A8DF81000C44A12689178FA
:106EC000C24A5268107804AB0122FCF7F4FF10B1FB
:106ED0004FF0FF3089E7BD48806A007A8DF81000D6
:106EE000BA4A12685178B94A5268107804AB012244
:106EF000FCF7E1FF10B14FF0FF3076E7B9F1000F7A
:106F000007D0B248806A807A40F0E0008DF8100027
:106F100004E0AE48806A807A8DF81000AB4A1268AF
:106F20009179AA4A5268107804AB0122FCF7C3FF9A
:106F300010B14FF0FF3058E7B9F1000F07D0A34868
:106F4000806AC07A40F0E0008DF8100003E0A048AD
:106F5000C07A8DF810009D4A1268D1799B4A526818
:106F6000107804AB0122FCF7A6FF10B14FF0FF3000
:106F70003BE7B9F1000F02D0C820FFF7B5F8402079
:106F80008DF81000914A12681179904A5268107871
:106F900004AB0122FCF78FFF10B14FF0FF3024E764
:106FA00078208DF81000894A12685179874A526812
:106FB000107804AB0122FCF77EFF10B14FF0FF30D8
:106FC00013E783498889FFF78FF800208DF81000B8
:106FD0007E4A126851797D4A5268107804AB0122CA
:106FE000FCF769FF10B14FF0FF30FEE6774A1268F8
:106FF000917A764A5268107804AB0222FCF714FFAB
:1070000010B14FF0FF30F0E69DF811009DF8101020
:1070100040EA012B0C209BFBF0F0C6B20020A860D8
:1070200068602860A06060602060824665E0674A12
:107030001268D17A654A5268107804AB0C22FCF7CA
:10704000F3FE10B14FF0FF30CFE69DF811009DF830
:10705000101040EA012000B2ADF808009DF81300BE
:107060009DF8121040EA012000B2ADF80A009DF828
:1070700015009DF8141040EA012000B2ADF80C0094
:10708000BDF90810206808442060BDF90A10606846
:1070900008446060BDF90C10A0680844A0609DF829
:1070A00017009DF8161040EA012000B2ADF800006C
:1070B0009DF819009DF8181040EA012000B2ADF8C3
:1070C00002009DF81B009DF81A1040EA012000B252
:1070D000ADF80400BDF90010286808442860BDF927
:1070E0000210686808446860BDF90410A868084484
:1070F000A8600AF1010000F0FF0AB24597DB3448AE
:10710000D0F800C02868C117090441EA10410704FB
:10711000624600233846F9F776F832460023CDE977
:107120000201F9F770F828602948D0F800C06868B3
:10713000C117090441EA104107046246002338469A
:10714000F9F761F832460023CDE90201F9F75BF85F
:1071500068601F48D0F800C0A868C117090441EA58
:1071600010410704624600233846F9F74CF83246CE
:107170000023CDE90201F9F746F8A8601448D0F8D9
:1071800004C02168C817000440EA11480F04624691
:10719000002338464146F9F736F832460023CDE958
:1071A0000201F9F730F820600948D0F804C060689F
:1071B000C117090441EA104107046246002338461A
:1071C000F9F721F83246002304E0000064000020B3
:1071D000D4A40008CDE90201F9F715F86060114860
:1071E000D0F804C0A068C117090441EA104107049F
:1071F000624600233846F9F706F832460023CDE907
:107200000201F9F700F8A060A068002804DDA0687A
:10721000A0F58030A06003E0A06800F58030A06099
:107220000020E2E5D4A400082DE9FC5F074688466B
:1072300000263F494968087801AB03220D21FCF77D
:10724000F3FD10B10720BDE8FC9F9DF8040000F09D
:107250001F008DF804009DF8050000F01F008DF858
:1072600005009DF8060000F01F008DF806000024C0
:1072700059E057F8240058F82410A0EB010BBBF19B
:10728000000F01DB594601E0CBF10001084602F096
:10729000B5FB4FF08F41009002F07EFA824601A8C4
:1072A000005D78B32349086802F0C0FB8346594665
:1072B000214802F071FA814604E02049484602F074
:1072C000FDFB814601A8005D401EC0B201A9085522
:1072D0000028F2D14946504602F05EFA83464FF04C
:1072E0007E5102F0F3FC054600BF25F000408346C6
:1072F00010488169584602F0ADFC13D20120A0402D
:1073000006430FE0FFE70B480169504602F0A2FB7D
:1073100005D308484169504602F09CFC02D2012086
:10732000A0400643641C032CA3DB30468BE700001F
:1073300064000020D4A4000800B04C4554E3853F0D
:1073400010B50446204600F00FF80346E01C00F09C
:107350000BF843EAC00083B2A01D00F005F843EA31
:10736000801083B2184610BD014691F90020002A12
:1073700001DD00201EE091F90020002A01DA04203E
:1073800018E091F90120002A01DD012012E091F9B5
:107390000120002A01DA05200CE091F90220002AE0
:1073A00001DD022006E091F90220002A01DA062020
:1073B00000E0072070472DE9F04106460C4640F2F8
:1073C000FF75174635EA14502BD00022134630467D
:1073D00001F0C0FD25D03A463046214602F022FD9C
:1073E00006460C4635EA145010D0002213463046AB
:1073F00001F0B0FD15D10220F9F7BDF9FEF74AFA08
:107400000A46214662F31E01BDE8F0810220F9F729
:10741000B2F9FEF737FA0A46214662F31E01BDE8CB
:10742000F08130462146BDE8F0810000FDF7E8F824
:1074300084A201210846FDF7E4F986A20121022079
:10744000FDF7DFF9FCF7DAFC01218648FAF73EFF89
:1074500001208449A1F89C01FDF73AFE82A2012196
:107460000846FDF7CEF985A201210220FDF7C9F9F2
:1074700086A201210320FDF7C4F988A2012104207E
:10748000FDF7BFF9DCE07748FCF70AF9FCF784FC6C
:107490000446012C22D1734890F8B001A8B983A208
:1074A00001210846FDF7ADF96E4890F8B8010128B2
:1074B00002D06C48FBF774F96A48FCF782F880A2A6
:1074C00001210846FDF79DF93BE06648FCF7CAF844
:1074D00072A201210420FDF794F932E0022C30D190
:1074E000604890F8B00140B15E48FCF7BBF86BA271
:1074F00001210420FDF785F923E076A20121084649
:10750000FDF77FF95748FCF7ADF8564890F8B801F9
:10751000012802D05348FBF743F953A20121084642
:10752000FDF76FF955A201210220FDF76AF957A274
:1075300001210320FDF765F958A201210420FDF780
:1075400060F94848D0F8B40167490968401A322800
:1075500072D34448D0F8B401634908604148D0F878
:10756000B40142F21071B0FBF1F201FB12050423E9
:107570002A4607210120FDF7EFF85C4800684FF428
:107580007A71B0FBF1F201FB120503232A460E21AA
:107590000120FDF7E1F8564800684FF47A71B0FB1E
:1075A000F1F201FB120503232A4602210846FDF7EA
:1075B000D3F82C49886902F0E5F9054604232A46E8
:1075C00007210220FDF7EAF82649D1F8BC01494914
:1075D00002F074FA064602F0D5F9054603232A465E
:1075E0000D210220FDF7DAF81E49D1F8A00141492A
:1075F00002F064FA064602F0C5F9054603232A465E
:1076000002211846FDF7CAF81648B0F9A421032351
:1076100008211846FDF7C2F81248B0F9A621032345
:107620000D211846FDF7BAF80E4890F8B021012355
:1076300005210420FDF790F80120FCF7A6F900BF12
:1076400021E7000046757A7A792050494420436149
:1076500072000000496E697469616C697A696E67CD
:107660002E2E2E009C0100204449414720543030EA
:107670003030204F4B30303000000000463030308A
:1076800020593030303020453030300043303030F9
:10769000204C3030302052303030200052554E3D9A
:1076A00030204D50553D3F20202020005374617202
:1076B00074696E672E2E2E202020202000000000EE
:1076C00052756E6E696E672E2E2E2020202020208F
:1076D0000000000043616C6962726174696E672E1C
:1076E0002E2E2020000000009C00002024000020FE
:1076F00028000020000020417047000070B50446BB
:10770000002624F00104184890F8240008B1002055
:1077100070BD1548807A10B94FF0FF30F8E7124875
:10772000057C807A2040104908740846007CA042FD
:1077300002D04FF0FF3600E0002614B90A48007D61
:1077400018B1012001F026F902E0002001F022F931
:107750003CB100F081FC20B1034805744FF0FF30CC
:10776000D6E73046D4E70000640000202DE9F04F52
:1077700099B004460D4616464FF07E574FF000086C
:107780004FF000094FF0000A12A813A918AB0EAA77
:10779000CDE9001014A916A8FEF72EFE18B101209D
:1077A00019B0BDE8F08FBDF84C0000F480700028DF
:1077B0007ED00E9802F022F983464FF09D4101F0F1
:1077C000EBFF07460F9802F019F983464FF09D41F1
:1077D00001F0E2FF8046109802F010F983464FF066
:1077E0009D4101F0D9FF8146119802F007F98346C7
:1077F0004FF09D4101F0D0FF824639464FF0804066
:1078000002F05CF94946059002F058F941460790AC
:107810004FF0404002F052F95146059002F04EF907
:107820000690079901F04AFF834601F01BFFCDE95E
:107830000801FEF709F94FF06632544BCDE90A0111
:1078400001F000FCCDE90C0101F03EF92060494651
:107850004FF0804002F032F94946029002F02EF9D2
:10786000414604904FF0404002F028F94146029012
:1078700002F024F90390049902F028FA83464FF0AD
:107880007E5101F01BFF059001F0ECFECDE90801EF
:1078900039464FF0804002F011F94146039002F062
:1078A0000DF9494604904FF0804002F007F900E0DE
:1078B00068E05146039002F001F98346049901F013
:1078C000FDFE059001F0CEFECDE90601DDE90823BD
:1078D000FEF702FB4FF066322C4BCDE90A0101F0B6
:1078E000B1FBCDE90C0101F0EFF82860514650469C
:1078F00002F0E4F849460490484602F0DFF84146B9
:107900000390404602F0DAF839460190384602F01A
:10791000D5F80090019901F0D1FE0290039902F090
:10792000D5F98346049902F0D1F9059001F09AFE49
:10793000CDE908015146384602F0C0F849460490A6
:10794000404602F0BBF80390049901F0B7FE4FF0F7
:107950008041059002F0B2F8834601F083FECDE944
:107960000601DDE90823FEF7B7FA4FF06632074B50
:10797000CDE90A0101F066FBCDE90C0101F0A4F8A4
:10798000306001E002200BE7002009E766A64C40CA
:1079900070B50024FCF7ECFA00F024F9002840D17F
:1079A000782000F005FFC4B20CB1012070BD782032
:1079B000FFF7A4FEC4B20CB10220F7E7C82000F024
:1079C000A9FEC4B20CB10320F0E7FEF709FDC4B272
:1079D0000CB10420EAE71548FFF7B2FC0546FEF7B4
:1079E0005BFFC4B20CB10520E0E740F27310FEF774
:1079F0009FFBC4B20CB10620D8E7C820FEF77CFE7E
:107A0000C4B20CB10720D1E700F07AFF04460CB1F4
:107A10000820CBE7012000F079FDC4B21CB1092099
:107A2000C4E70A20C2E70020C0E700009000002061
:107A300001461148407A30B1012807D0022808D009
:107A400003280CD108E0022008700BE00420087025
:107A500008E00820087005E01020087002E04FF0F0
:107A6000FF30704700BF0448C07C18B1087840065A
:107A7000000E08700020F4E764000020014613485F
:107A8000407A30B1012808D002280AD0032810D14A
:107A90000BE04FF4804008800EE041F69C700880B7
:107AA0000AE04FF48050088006E04FF40060088040
:107AB00002E04FF0FF30704700BF0448C07C10B1B7
:107AC0000888401008800020F5E7000064000020CE
:107AD00001460248007C08700020704764000020C6
:107AE00001460F48007A30B1012807D0022809D09A
:107AF00003280FD10AE0FA2008800EE04FF4FA7054
:107B000008800AE04FF47A70088006E04FF4FA60CB
:107B1000088002E00020088000BF00BF00207047FE
:107B20006400002001460E48007A30B1012807D0D9
:107B3000022808D003280CD108E00A4808600BE0AE
:107B40000948086008E00948086005E0084808603E
:107B500002E04FF0FF30704700BF0020FBE700005D
:107B600064000020000003430000834233330342DB
:107B70003333834101461248C07A082817D2DFE820
:107B800000F01704070A0D101318BC20088013E03A
:107B90006220088010E02A2008800DE01420088070
:107BA0000AE00A20088007E00520088004E000BF02
:107BB00000BF0020088000BF00BF00207047000009
:107BC000640000200146064890F8240010B14FF0F0
:107BD000FF3070470248C08908800020F9E70000A4
:107BE000640000201CB580208DF80000634A1268F4
:107BF000917C624A526810786B460122FCF75BF96F
:107C000010B14FF0FF301CBD6420FEF76DFA00206C
:107C10008DF80000594A1268917C584A52681078D1
:107C20006B460122FCF747F910B14FF0FF30EAE74D
:107C3000524A1268917D514A526810786B4606226A
:107C4000FCF7F2F810B14FF0FF30DCE79DF80500CB
:107C5000C007400F9DF8031001F0010140EA410008
:107C60009DF8011001F0010140EA010484B1012CEA
:107C700003D101214148C1742DE0022C03D1002120
:107C80003E48C17427E000BF00BF4FF0FF30BAE7A5
:107C90003A4A1268D178394A526810786B46012204
:107CA000FCF7C2F810B14FF0FF30ACE79DF80000D0
:107CB00000F00F0424B900BF00BF4FF0FF30A2E76F
:107CC000042C05D100BF00BF01212C48C17402E083
:107CD00000212A48C174FF2128488172FF202749CA
:107CE0000872FF2125484172C1724FF6FF71C181B0
:107CF000FF21017481740121017380F82210002199
:107D000080F8231041750175163001604160816073
:107D1000163880F8241080F82510C1844FF4FA60DA
:107D200000F03CFC10B14FF0FF306CE7022000F097
:107D300005FB10B14FF0FF3065E72A2000F0A8FCEA
:107D400010B14FF0FF305EE7322000F0E3FC10B1DD
:107D50004FF0FF3057E70020FFF7D0FC10B14FF095
:107D6000FF3050E7002000F02BFB10B14FF0FF3048
:107D700049E7002000F01CFD002044E764000020DB
:107D80002DE9F04385B005460E46904699462948B0
:107D900090F8250020B14FF0FF3005B0BDE8F0832A
:107DA00016B94FF0FF30F8E7002423E0281B102815
:107DB00001DD102000E0281B87B232193946204629
:107DC00000F05EFD10B14FF0FF30E6E701AA394642
:107DD000204600F001F910B14FF0FF30DDE7301917
:107DE0003A4601A9F8F7CAFB10B16FF00100D4E7D9
:107DF000E01984B2AC42D9DB4FEA28208DF80000AC
:107E000008F0FF008DF801000A4A1268917E094AC5
:107E1000526810786B460222FCF74DF810B14FF013
:107E2000FF30BAE70121034880F82510A0F826901A
:107E30000020B2E76400002038B50446282C02DD9B
:107E40004FF0FF3038BDDCB9002000F0EBFB002024
:107E50008DF8000007208DF801002E4A1268917CF1
:107E60002C4A526810786B460222FCF724F810B1B5
:107E70004FF0FF30E6E70021264801750020E1E7DA
:107E8000012000F0CFFB20208DF80000012C06D14E
:107E900000208DF80100052000F0FAFB17E0052C0A
:107EA00006DC01208DF80100052000F0F1FB0EE05A
:107EB000142C06DC02208DF801000A2000F0E8FBFB
:107EC00005E003208DF80100142000F0E1FB9DF88F
:107ED0000100072101EB8010C0B28DF801000D4AAE
:107EE0001268917C0B4A526810786B460222FBF7AD
:107EF000E2FF10B14FF0FF30A4E70821054881727E
:107F000000210173012101750020FFF7F7FB00201C
:107F100098E7000064000020F8B504460F461646B6
:107F20002C4890F8240010B94FF0FF30F8BD2948D4
:107F3000807A10B94FF0FF30F8E7264A1268917A3C
:107F4000244A526810786B460222FBF76DFF10B18D
:107F50004FF0FF30EAE79DF801009DF8001040EA7D
:107F60000125A54203DA00203070401EDEE71948E3
:107F700040684088B5EB600F17DD164A1268517CE7
:107F8000144A526810786B460122FBF74DFF10B17E
:107F90004FF0FF30CAE79DF8000000F0100020B15C
:107FA00000F05AF86FF00100C0E7E2B2094B1B681D
:107FB000D97A084B5B6818783B46FBF735FF10B160
:107FC0004FF0FF30B2E795FBF4F0401E3070002018
:107FD000ACE7000064000020F8B504460D461646E4
:107FE00016B94FF0FF30F8BD1A48807A10B94FF03B
:107FF000FF30F8E720128DF80000E0B28DF80100A4
:108000009DF801002844134949684989884202DDE6
:108010004FF0FF30E7E70F4A1268117E0D4A5268B1
:1080200010786B460222FBF746FF10B14FF0FF308D
:10803000D9E7EAB2074B1B68597D064B5B68187895
:108040003346FBF7F1FE10B14FF0FF30CBE70020D5
:10805000C9E700006400002008B57048807A10B9B4
:108060004FF0FF3008BD002000906C4A1268D17BB1
:108070006A4A526810786B460122FBF71CFF10B168
:108080004FF0FF30EEE7654A12685179634A526853
:1080900010786B460122FBF70EFF10B14FF0FF3056
:1080A000E0E75E4A126811795C4A526810786B46C4
:1080B0000122FBF700FF10B14FF0FF30D2E7574825
:1080C00090F82400002853D00C200090534A1268E6
:1080D0001179524A526810786B460122FBF7EBFE89
:1080E00010B14FF0FF30BDE73220FDF7FDFFC0209B
:1080F00000904A48807A00F0010020B19DF800000D
:1081000040F020000090454A12681179434A5268B5
:1081100010786B460122FBF7CEFE10B14FF0FF3016
:10812000A0E73E48407C10B10220009001E0002012
:1081300000903A4A1268D17B384A526810786B46F0
:108140000122FBF7B8FE10B14FF0FF308AE70020A4
:108150000090324A12685179304A526810786B4662
:108160000122FBF7A8FE002855D04FF0FF3079E739
:1081700004200090294A12681179284A5268107820
:108180006B460122FBF797FE10B14FF0FF3069E715
:108190002248807C20B92148807A00F0010010B983
:1081A0004020009001E0602000901C4A1268117984
:1081B0001A4A526810786B460122FBF77CFE10B118
:1081C0004FF0FF304EE73220FDF78EFF1348407C22
:1081D00010B10120009001E0002000900F4A1268C9
:1081E000D17B0E4A526810786B460122FBF763FE82
:1081F00010B14FF0FF3035E7084A12685179074A4D
:1082000052681078054B10330122FBF754FE10B171
:108210004FF0FF3026E7002024E700006400002034
:108220002DE9F04F8DB083460F4602200C90424856
:1082300090F8240020B1002000F068F9012600E049
:10824000002603A8FFF74CFC05A8FFF7F1FB01A8E7
:10825000FFF790FC02A8FFF7B5FC374890F80AA09A
:1082600004A8FFF735FC002407E0002239465846F1
:10827000FEF7A2FD00B902E0641C022CF5DB00BF92
:10828000022C01D1002528E0002407E0012206A9E4
:1082900009A8FEF791FD00B902E0641C022CF5DB91
:1082A00000BF022C01D1002517E006A93846FDF7D2
:1082B00075FB00F0FF0809A95846FEF7B5FF00F06E
:1082C000FF090025B9F1000F01D145F00105B8F112
:1082D000000F01D145F0020500BFFF2016490872CA
:1082E000FF2115484172C1724FF6FF71C181FF2114
:1082F0008172017401210173BDF80C0000F04EF988
:108300009DF8140000F01AF8BDF8040000F0C0F960
:10831000BDF8080000F0FEF9504600F049FA9DF85B
:108320001000FFF7EBF916B1012000F0EFF8284636
:108330000DB0BDE8F08F00006400002038B50446A1
:108340001E48807A10B94FF0FF3038BD022C06D09D
:10835000042C07D0082C08D0102C0CD108E00020E9
:1083600000900BE00820009008E01020009005E04D
:108370001820009002E04FF0FF30E6E700BF0F4802
:10838000407A9DF80010B0EBE10F01D10020DCE74E
:108390000A4A1268D179094A526810786B4601225C
:1083A000FBF789FD10B14FF0FF30CEE79DF80000DC
:1083B000C110024841720020C7E70000640000209D
:1083C00038B504465048807CA04201D1002038BD19
:1083D000002C46D04C4A126811794B4A52681078EA
:1083E0006B460122FBF720FD10B14FF0FF30EEE7A6
:1083F0009DF8000020F020000090434A1268117997
:10840000414A526810786B460122FBF754FD10B1C7
:108410004FF0FF30DBE70320FDF766FE02200090FF
:10842000394890F8220020B19DF8000040F080000B
:108430000090354890F8230020B19DF8000040F0EE
:1084400030000090304A1268117D2F4A526810782F
:108450006B460122FBF72FFD002851D04FF0FF3073
:10846000B5E7294A12681179274A526810786B4695
:108470000122FBF7D9FC10B14FF0FF30A7E72248EB
:10848000807A00F0010028B19DF8000040F0200043
:10849000009004E09DF8000020F0200000901A4AAF
:1084A00012681179184A526810786B460122FBF75E
:1084B00002FD10B14FF0FF3089E70320FDF714FEF5
:1084C000114890F8220010B18020009001E00020B7
:1084D00000900D4890F8230020B19DF8000040F076
:1084E00030000090084A1268117D074A52681078DF
:1084F0006B460122FBF7DFFC10B14FF0FF3066E75F
:1085000001488474002062E76400002038B5044606
:10851000214890F82400A04201D1002038BD24B3A6
:108520001D4890F8250010B94FF0FF30F6E7002005
:1085300000F030FA0020FFF743FF1749C88C00F025
:10854000E9F8002000901449496808786B46012238
:108550002321FBF7B0FC01210F4880F824100120F3
:1085600000F018FAFFF778FD13E0002000F012FA8F
:108570000948007C00900849496808786B46012248
:108580002321FBF798FC0021034880F82410FFF713
:1085900063FD0020C2E700006400002038B50446F7
:1085A0001F48807A10B94FF0FF3038BDFA2C09D03F
:1085B000B4F5FA7F09D0B4F57A7F09D0B4F5FA6F33
:1085C0000CD108E0002000900BE00820009008E0AB
:1085D0001020009005E01820009002E04FF0FF30DE
:1085E000E3E700BF0E48007A9DF80010B0EBE10F02
:1085F00001D10020D9E70A4A12689179084A5268E5
:1086000010786B460122FBF756FC10B14FF0FF309B
:10861000CBE79DF80000C010014908720020C4E7B4
:108620006400002038B50446184890F82300A042A2
:1086300001D1002038BD14B13020009001E00020AD
:1086400000901248807C20B19DF8000040F00200AC
:1086500000900E4890F8220020B19DF8000040F0F4
:1086600080000090094A1268117D084A526810780B
:108670006B460122FBF71FFC10B14FF0FF30D9E72A
:10868000024880F823400020D4E700006400002066
:1086900038B504461E48807A10B94FF0FF3038BD17
:1086A000BC2C02DB0120009015E0622C02DB0220D2
:1086B000009010E02A2C02DB032000900BE0142C29
:1086C00002DB0420009006E00A2C02DB052000906B
:1086D00001E0062000900E48C07A9DF80010884204
:1086E00001D10020DBE70A4A12689178084A5268F3
:1086F00010786B460122FBF7DEFB10B14FF0FF3024
:10870000CDE79DF800100248C1720020C7E70000C5
:108710006400002038B504462448807A10B94FF030
:10872000FF3038BD214890F8240010B14FF0FF30E1
:10873000F7E71E48007D50B134B1282C04DCE0B2CC
:10874000FFF77AFB0020ECE70020FFF775FB042C15
:1087500001DA042404E0B4F57A7F01DD4FF47A7481
:108760004FF47A7090FBF4F0401EC0B200900F4AB4
:10877000126851780D4A526810786B460122FBF757
:108780009AFB10B14FF0FF30CBE79DF80000401C82
:108790004FF47A7191FBF0F081B20448C181014637
:1087A000C9894810FFF774FF0020BAE76400002071
:1087B00038B5044604F0700010B10120009005E0C7
:1087C00014B10020009001E0402000902B4A126874
:1087D000917C2A4A526810786B460122FBF76BFBAA
:1087E00020B1002125488172481E38BD9DF8000047
:1087F00020F04001214801730020009004F0400067
:1088000020B99DF8000040F00400009004F0200022
:1088100020B99DF8000040F00200009004F0100024
:1088200020B99DF8000040F00100009004F008001D
:1088300020B99DF8000040F0380000900F4A1268FF
:10884000D17C0E4A526810786B460122FBF733FB4D
:1088500020B1002109488172481EC6E724B1082CC6
:1088600002D00020FFF7DEFE04488472002101756B
:108870003220FDF739FC0020B7E70000640000203B
:10888000F8B504460D46164616B94FF0FF30F8BD50
:108890001A48807A10B94FF0FF30F8E720128DF8AF
:1088A0000000E0B28DF801009DF801002844134952
:1088B00049684989884202DD4FF0FF30E7E70F4AF7
:1088C0001268117E0D4A526810786B460222FBF73F
:1088D000F2FA10B14FF0FF30D9E7EAB2074B1B684C
:1088E000597D064B5B6818783346FBF7E4FA10B104
:1088F0004FF0FF30CBE70020C9E700006400002004
:1089000070B588B002A905A8FFF78AFC0446032CBD
:108910003ED101A8FFF706F9059801F06FF8064669
:10892000019901F0CBF8054601F02CF80590069866
:1089300001F064F80646019901F0C0F8054601F01F
:1089400021F80690079801F059F80646019901F0C0
:10895000B5F8054601F016F8079005A8FDF704FFE5
:108960006846FFF78BF8BDF8001002984843029064
:10897000BDF80010039848430390BDF80010049818
:108980004843049002A8FDF71DFE002008B070BD0A
:108990000120FBE738B50446214890F82400C0B117
:1089A00014B10220009001E0002000901C4A1268DF
:1089B000D17B1B4A526810786B460122FBF77BFA89
:1089C00010B14FF0FF3038BD9DF8001014484174CD
:1089D00023E01348807A10B94FF0FF30F3E724B159
:1089E0000F48407C08B10020EDE714B10120009051
:1089F00001E0002000900A4A1268D17B084A5268C0
:108A000010786B460122FBF756FA10B14FF0FF3099
:108A1000D9E79DF80010024841740020D3E7000018
:108A2000640000202DE9F04106460F4600F04AFCA4
:108A3000041E0D4618BF0120284320F00040C0F15D
:108A40007F6000F1E040C00F0ED0301C18BF012045
:108A5000384320F00040C0F17F6000F1E040C00FDB
:108A600004BF0120F7F787FE20462946BDE8F081C4
:108A700010B500290AD00878002807D005487844A6
:108A8000F8F756FD002801D0002010BD02487844B8
:108A900010BD00009A2900009229000010B500299D
:108AA0000AD00878002807D005487844F8F740FD38
:108AB000002801D0002010BD0248784410BD0000FD
:108AC0008A2900008229000021F00042A2F16052B0
:108AD000B2F5801F01F0004328BFD2F17F6C0BD9A3
:108AE0005FEA001C43EAC20242EB507018BF7047B5
:108AF00028BF20F001007047B2F5801FBCBF1846A8
:108B000070474FEA410C1CF5001F02D2084601F0E5
:108B10009CB870B500F040FB00000089FFF7F6BF7D
:108B20004FF00040A0F580007047000010B591EABA
:108B3000030F48BF83F0004300F1B284841A71EB45
:108B4000030C05D2121943EB0C03001B61EB0C0163
:108B5000DFF824E14FEA1154A4EB135C1EEA430F43
:108B600018BF9EEA445F73D023EA0E03DCF1200EA7
:108B700021EA045143F4801332D322FA0CFE10EBA5
:108B80000E0023FA0CFE41EB0E01CCF1200E03FA8D
:108B90000EFE10EB0E0051F10001B1F5801FCCF17B
:108BA000200E32D201EB045112FA0EF2BDE8104051
:108BB00058BF7047401C38BF5FEA420218BF704779
:108BC000002814BF20F0010041F100014FEA4103E9
:108BD00013F5001F38BF7047A1F1C04100F02ABB58
:108BE000012A43EB0302ACF1200CDCF11F0E32BF73
:108BF0004FF0000E23FA0CF310EB030041EB04518D
:108C0000B4EB115FD0D0A1EB045101F580114908FC
:108C10005FEA300001EB04510ED350F1000038BF81
:108C200012FA0EFE08D1BDE81040C9E7401C38BF5B
:108C30005FEA4202CAD1C3E7BDE810404FEA4103F0
:108C400013F5001F38BF7047A1F1C04100F0F2BA20
:108C50009EEA445F08D011EA5E0FBDE8104004BFF1
:108C600001F0004100207047BDE8104070B500F0F1
:108C700093FA00BF64FBBE3E0000E0FF02494FF0E4
:108C8000000001F09DB800BF0000F87F491058BFF8
:108C9000C1F140415B1058BFC3F140438B42EFF339
:108CA000008070472DE9C04130B4DFF8A0C23CEA33
:108CB000111418BF3CEA131400F0EC8081EA03059C
:108CC0001CEA111444EAD57418BF1CEA131500F00D
:108CD000C780A4EB05044FF0004545EAC12145EAF1
:108CE000C32341EA505143EA525304F17F7499423D
:108CF00004F500344FEAC0204FEAC22208BF904278
:108D000000F09C804FEA13650FF24016765D4FEA43
:108D1000134506FB05F7C7F1807706FB07F74FEA17
:108D2000D737A7FB03687642C8F58038A7FB06CE85
:108D300038BFA8F1010807FB08E64FF0000EA6FBBC
:108D4000028CE6FB03CEDCF1000CCEF1004E38BF06
:108D5000AEF1010EA6FB0C584FF000074FF00005D6
:108D6000E6FB0E87A1FB08C6A0FB07CE16EB0E069E
:108D700045F10005E1FB076515F1E04E7EBFA4F566
:108D800080345FEA46066D4116F1800745F1000523
:108D90004FEA17274FEA066647EA0567A6F1DE465F
:108DA000B6F1805F4FEA15251FD9384624F0010C33
:108DB00005EBC471BCF1FE6F01EB0C1102D8F0BCE5
:108DC000BDE8008124425CBF01F5801E9EEAC47F9D
:108DD00002D4F0BCBDE80081244238D4F0BCA1F13B
:108DE000C041BDE8004100F025BA4FEAD22242EA74
:108DF00043524FEAD323A7FB02864FEAD02040EA32
:108E0000415007FB03661EEA0E0F4FEAD12105FB16
:108E1000026658BFA6EB0056B6EB00564FEA520E5C
:108E20004EEAC37E18EB0E0E56EB530EBDD518EB73
:108E300002085E417F1C55F10005B6E74FF480152E
:108E40004FF000074FF000064FF00008ADE7F0BC10
:108E50004FF0000001F1C04101F00041BDE8008188
:108E600011EA0C1F0CEA131500D00CE013EA0C1FDA
:108E700000F025804FF00000F0BC81EA030101F012
:108E80000041BDE80081F0BCBDE8004181EA03017A
:108E900000F0D0B9F0BCBDE8004170B500F07CF93D
:108EA000097EFC3E00F007B881EA03014FF00000A4
:108EB00001F00041704781EA030100F0BBB9F0BC4A
:108EC000BDE800414FF0000021497047FFFDFBF96C
:108ED000F7F5F4F2F0EEEDEBE9E8E6E4E3E1E0DEED
:108EE000DDDBDAD8D7D5D4D3D1D0CFCDCCCBCAC85F
:108EF000C7C6C5C4C2C1C0BFBEBDBCBBBAB9B8B786
:108F0000B6B5B4B3B2B1B0AFAEADACABAAA9A8A878
:108F1000A7A6A5A4A3A3A2A1A09F9F9E9D9C9C9B46
:108F20009A999998979796959594939392919190F1
:108F30008F8F8E8E8D8C8C8B8B8A89898888878782
:108F40008685858484838382828181800000FF07F7
:108F50000000F87F51EA030C17D41CF5801F58BF9E
:108F6000BCF5801F00F10680994218BF704708BF0A
:108F70009042704707D711F5801F58BF13F5801F27
:108F800019D499427047894270471CF5801F08D553
:108F9000BCF5801FF7D58B4218BF704708BF8242CF
:108FA00070474FF4001C1CEB410F38BF1CEB430F04
:108FB00001D28B42704770B500F0EEF89224490060
:108FC0004FF000514FF08053FFF760BE51EA030CA1
:108FD00017D41CF5801F58BFBCF5801F00F1068018
:108FE000994218BF704708BF9042704707D711F5E4
:108FF000801F58BF13F5801F19D4994270478942CA
:1090000070471CF5801F08D5BCF5801FF7D58B4233
:1090100018BF704708BF824270474FF4001C1CEB1A
:10902000410F38BF1CEB430F01D28B42704770B524
:1090300000F0B2F8922449004FF000514FF08053F5
:10904000FFF724BEDFF848C170B51CEA111E1EBF31
:109050001CEA13159EEA0C0F95EA0C0F00F06F80C6
:1090600081EA030423EA4C134EEAD47E21EA4C1130
:1090700041F4801143F48013AE44A1FB024CA0FBE9
:109080000365AEF17F7E361955EB0C05A1FB034C51
:109090004CF10003A0FB021C16EB0C06654153F1DA
:1090A0000003094218BF46F0010613F4007F0BD1FC
:1090B0004FEA03314FEA0530340341EA155140EAE3
:1090C00016506FF003020AE04FEAC3214FEAC520B1
:1090D000F40241EA555140EA56506FF0020202EBA9
:1090E0002E4201EB025585EACE710AD05FEA440CAC
:1090F00018BF24F0004450F1000041F1000120EAC3
:10910000D47040F2FE7C624500D270BDA84214BF0C
:109110004FF080444FF04044002E08BF0024BEF1C1
:10912000806FA8BFA1F1C041BDE8704080F282808D
:109130004FF0000001F1C04101F0004170479EEA8C
:109140000C0F0CEA131518BF95EA0C0F06D04FF060
:10915000000081EA030E0EF0004170BD00F01CF823
:109160008900013E00F007B800F009B84FEA430C4F
:109170005FEA5C5C08D081EA030100F05BB84FEA6B
:10918000410C5FEA5C5CF6D14FF00000014970478A
:109190000000FF070000F87F0EF1020E2EF0030E14
:1091A0005EF8046B364205D4012A43EB030515F53E
:1091B000001F12D8012841EB010C1CF5001F0CD830
:1091C0000ED14FEAD17C15F5001F0CEB4C0C0CF1C5
:1091D000020C08BF4CEBD37C04E04FF0080C01E01C
:1091E0004FEAD37C0CEB4C0526FA05F606F0070691
:1091F000B6F1040C06D20EEB860CBDE870404CF0C4
:10920000010C6047DFE80CF0090B02024FF000414F
:109210004FF00000A1F5002170BD1946104601284D
:1092200051EB010418BFD4F5001484BF002001F0F5
:10923000004170BD0808A0F500114FEA31017047E8
:1092400053EA010C17D41CF5801F58BFBCF5801FD2
:1092500000F106808B4218BF704708BF82427047FA
:1092600007D713F5801F58BF11F5801F19D48B4203
:1092700070479B4270471CF5801F08D5BCF5801FC6
:10928000F7D5994218BF704708BF904270474FF416
:10929000001C1CEB430F38BF1CEB410F01D299425D
:1092A00070470FB40CBC03BCFFF7C1BE91EA030FBB
:1092B00010B581F000413FF541AC83F0004300F070
:1092C000EFB800002DE9F04101F5801CBCF5001F4E
:1092D000C0F2C3804FEA115C21EA0C510CF1FD0C85
:1092E00041F480115FEA5C0C0CF5C07C01D34000B6
:1092F00049413DA4890241EA905187028E0E0A0C31
:10930000A45D04FB04F602FB06F6C6F14046A4FB8E
:109310000662F60D46EA422606FB06F4A4FB01238C
:109320005242C3F1404338BF5B1EA6FB02420024F9
:10933000E6FB0324D20B42EA4446A6FB0623A1FB2C
:1093400002E2A3FB07E4A4184FF0000252F100026E
:10935000E3FB01426442C2F1404E38BFAEF1010E60
:10936000A6FB04234FF00002E6FB0E32A2FB0346ED
:109370004FF00004B61954F10004E2FB0264A1FBB3
:1093800006E6A4FB07E816EB08064FF0000858F1C4
:109390000008E4FB01687642C8F1405838BFA8F1E4
:1093A0000108A2FB06E4A3FB08E52D194FF0000419
:1093B00054F10004E2FB0854A1FB05E6A7FB04E816
:1093C00018EB06084FF0000656F10006E1FB048694
:1093D00018F1200556F10006A809A8F11B08B109EB
:1093E00008F03F08B8F10A0F40EA86601CD901EB8B
:1093F0000C51BDE8F08100BFFCF5EEE8E2DDD8D30A
:10940000CFCBC7C3C0BDB9B6B4B1AEACA9A7A5A3F5
:10941000A19F9D9B9A9896959392908F8D8C8B8906
:109420008887868584838281A0FB006800FB01F227
:1094300008EB4208B8EB872807D5341858EB01042D
:10944000D5D5401C51F10001D1E7341A78EB010465
:10945000CDD4401E71F10001C9E75FEA4C0C5FEA10
:109460009C5C0DD105D34FF0000001F00041BDE838
:10947000F081BDE8F04170B5FFF78EFE6DDBFFBEF9
:10948000BDE8F0414FF00000004970470000F87F50
:1094900010B591EA030F48BF83F000433FF54EAB90
:1094A000841A71EB030C07D212198CF0004C43EBB9
:1094B0000C03001B61EB0C01DFF8A4E14FEA11542F
:1094C000A4EB135C1EEA430F18BF9EEA445F00F052
:1094D000B08023EA6E03524221EA0451C3EB6E03CB
:1094E00038BF5B1EDCF1200E25D322FA0CFE10EBF8
:1094F0000E0043FA0CFE41EB0E01CCF1200E03FAF4
:109500000EFE10EB0E0051F10001CCF1200E29D41B
:1095100012FA0EF201EB0451BDE8104058BF70473B
:10952000401C1CBFB2F1004F704700280CBF491C03
:1095300020F00100704712EB020E43EB030218BF4C
:109540004FF0010E4EEA4202ACF1200CDCF11E0E8F
:1095500054D943FA0CFE10EB0E0051F1FF31CCF15F
:109560001E0ED5D50EF1010E12FA0EFE404141EB52
:10957000010101EB445C5FEA5C5C10D910EBDE702A
:1095800001EB045138BFBEF1004FBDE8104018BFD9
:10959000704700280CBF491C20F00100704730D2F2
:1095A0004FEAD42C11F5001124F400641BD0B1FA59
:1095B00081F20B3AA41AA41ED2F12003914030FA92
:1095C00003F31943904001EBCC71002C01EB0451E3
:1095D000BDE81040A8BF704701F1C0414FF0000046
:1095E00001F000417047B0FA80F310FA03F100D1A6
:1095F00010BDE41A173C4805C90AE4E701EB045121
:1096000010BD491001EB0451BDE810404FEA300095
:1096100002E04FF0000170474A0008BF0042F8D056
:10962000B2F5001F28BF704701F000414FF0000065
:1096300070479EEA445F07D011EA5E0FBDE8104014
:1096400004BF002100207047BDE8104070B5FFF74F
:10965000A3FD00BF40DFF63E83F000411046704797
:109660000000E0FF43004FEAD30C4FEA3C0C4340BC
:109670001FBF40070CF1605113F0FE4F70471CF004
:10968000006F03D100200CF0004170470CF0004344
:1096900043EA507010B540EACC0000F090FA00BFE9
:1096A000000000924FEA0001FFF7C4BD4FF00041F7
:1096B0004FF00000A1F500217047000090EA010F73
:1096C00048BF81F0004100F10883421A3CBF801A74
:1096D00089184FEAD0524FF07F4C1CEA410FA2EBA1
:1096E000D15318BF9CEA026F00F03B804FF0004C52
:1096F0004CEA00204CEA012121FA03FC10EB0C0C8F
:109700001ED202F1FF325FEA1C2040EBC25038BF8C
:1097100070471CF07F0F4FEA400C18BFBCF17F4F21
:1097200038BF7047C3F12003994008BF20F0010003
:10973000BCF17F4F38BF7047A0F1C04000F085BA40
:109740004FEA3C00000A40EBC25028BF1CF0FF0F5C
:109750004FEA400CE6D018BFBCF17F4F38BF7047CE
:10976000EAE79CEA026F05D010EA5C0F08BF00F040
:109770000040704710B500F022FA00BF64FBBE3E07
:10978000401058BFC0F14040491058BFC1F140419E
:109790008142EFF3008070474FF47F0C1CEAD01237
:1097A0001EBF1CEAD11392EA0C0F93EA0C0F00F0D3
:1097B000858090EA010F48BF42F4807240F4000CAB
:1097C00041F400002CF07F4120F07F4000B5814241
:1097D000A2EB03020FF2081CACEB504EC0F10000EC
:1097E0009EF800E04FEA4E0E00FB0EFC38BF490029
:1097F0004FEA2C1C02F5FA020CFB0EF34FEACE1EC8
:109800004FEA112C4FEAC1210EEB635E42EB22427C
:109810000EFB0CFC4FEA1C5300FB03114FEA112C0A
:109820004FEA01310EFB0CFC4FEADC4C00FB0C1143
:10983000C14228BF09184CEB03335DF804EB10EB71
:10984000410143EBC250B2F57C0F38BF704729D5B8
:1098500012F0F00F1CBF00F1C04000F00040704754
:10986000008182838485868788898B8C8D8E8F91F9
:109870009293959697999A9C9D9FA0A2A3A5A7A81D
:10988000AAACAEB0B2B3B5B7B9BCBEC0C2C5C7C949
:10989000CCCED1D4D7D9DCDFE2E6E9ECF0F3F7FAAD
:1098A000FE0000004FEA400C0CF1807CBCF17E4FC2
:1098B00028BF7047B0F1C04000F0C7B990EA010F6F
:1098C0000CEAD11348BF42F48072624538BF634549
:1098D00007D213F47F0F16D080EA010000F0004099
:1098E000704710B500F06BF9097EFC3E00F005B83A
:1098F00080EA010000F00040704780EA010000F0BB
:10990000004000F0A2B912F47F0F04BF0248704774
:1099100080EA010000F099B90000C07F50EA010C14
:1099200000F113801CF5000F58BFBCF5000F01D4E7
:109930008842704707D710F5000F58BF11F5000F88
:1099400015D488427047894270471CF5000F04D532
:10995000BCF5000FF7D5814270474FF0807C1CEBBF
:10996000400F38BF1CEB410F01D28142704710B548
:1099700000F025F9922449004FF000504FF080513B
:10998000FFF7FEBE41000B0ED3F19E0208D950F442
:1099900000034FEA032323FA02F048BF4042704716
:1099A00010B500F00CF900BF4992248000207047E8
:1099B0006FF0004282EA200070470000C10DD1F133
:1099C0009E0206DB4FEA002343F0004323FA02F035
:1099D0007047004207D54FEA4001B1F1FE4F02D275
:1099E0004FF00000704710B500F0E9F8499224806C
:1099F000002070476FEA20007047000010F000411F
:109A000048BF4042B0FA80F310FA03F2C3F19D035D
:109A10000BD051EAC35101EB1220530638BF7047F7
:109A200000F1010008BF20F001007047B0FA80F398
:109A300010FA03F2C3F19D030AD0D90501EB1220FD
:109A4000530638BF704700F1010008BF20F0010045
:109A50007047000050EA010C00F113801CF5000F64
:109A600058BFBCF5000F01D48842704707D710F5E6
:109A7000000F58BF11F5000F15D488427047894276
:109A800070471CF5000F04D5BCF5000FF7D58142D7
:109A900070474FF0807C1CEB400F38BF1CEB410F30
:109AA00001D28142704710B500F089F89224490034
:109AB0004FF000504FF08051FFF762BE4FF47F0C23
:109AC0001CEAD0121EBF1CEAD11392EA0C0F93EAD3
:109AD0000C0F00F0478090EA010F48BF42F48072FB
:109AE0004FF0004C4CEA00204CEA012102EB03024B
:109AF000A0FB0113A2F50002002918BF43F00103E7
:109B00005B0028BF4FEA330342EB22425FEA132C8B
:109B10004CEBC2502EBFBCEB436FB2F57C0F7047CD
:109B20004FEA036CBCF1004F08BF20F00100B2F512
:109B30007C0F38BF70470BD582F0FF0212F5803FD3
:109B4000C8BF704700F1C040D8BF00F00040704768
:109B500000F5000C5FEA4C0C48BF7047B0F1C04004
:109B600000F073B890EA010F0CEAD11348BF42F439
:109B70008072624538BF634504D280EA010000F07C
:109B80000040704710B500F01AF800BF8900013E90
:109B900000F007B800F009B85FEA410C5FEA1C6CFE
:109BA00008D080EA010000F050B85FEA400C5FEA9C
:109BB0001C6CF6D14FF00040A0F5800070470EF10C
:109BC000020E2EF0030E5EF8044B244204D44FEA3A
:109BD0004102B2F17F4F11D84FEA4003B3F17F4FFA
:109BE0000CD80ED14FEAD07CB2F17F4F0CEB4C0C6D
:109BF0000CF1020C08BF4CEBD17C04E04FF0080CD8
:109C000001E04FEAD17C0CEB4C0324FA03F404F09E
:109C10000704B4F1040C06D20EEB840CBDE810402E
:109C20004CF0010C6047DFE80CF0070802024FF02F
:109C30000040A0F5800010BD0846420018BFD2F1D8
:109C4000807288BF00F0004010BDFF2141EAD05073
:109C5000C005704751EA000C00F113801CF5000F9D
:109C600058BFBCF5000F01D48142704707D711F5EA
:109C7000000F58BF10F5000F15D48142704789427C
:109C800070471CF5000F04D5BCF5000FF7D58842CE
:109C900070474FF0807C1CEB410F38BF1CEB400F2E
:109CA00001D28842704780EA010081EA000180EA1F
:109CB0000100FFF7F8BE80F0004090EA010F7FF549
:109CC00004AD81F0004100F008B8000090EA010FF7
:109CD00048BF81F000413FF5F8AC421A04D882F049
:109CE0000042A0EB020011444FEAD0524FF07F4CEB
:109CF0001CEA410FA2EBD15318BF9CEA026F4AD075
:109D00004FF0004C4CEA00204CEA012121FA03FC00
:109D1000B0EB0C0C0FD412F0FE0F36D05FEA4C0003
:109D20001DD5001240EBC25038BF70471CF03F0FEA
:109D300018BF70470BE0A2F101025FEA1C2040EB64
:109D4000C25038BF70471CF07F0F18BF7047C3F177
:109D50002003994014BF401E20F001007047800886
:109D60004FEA122308BF7047B0FA80FCA2EB0C0246
:109D7000CCF1280C60FA0CF093EA122F04BF00EB30
:109D8000C25070474FEAC3707047130A5FEADC1095
:109D900008BF7047F6E79CEA026F04D010EA5C0F38
:109DA00008BF0020704710B5FFF709FF40DFF63EFF
:109DB00081F0004070474FF000007047F6F713BE87
:109DC0000CF00F03092B08BF082000F05F800A2B5E
:109DD0000BD0082B18BF704708BF1CF0400F0AD0EB
:109DE0004FF000004FF0000170471CF0400F18BF0B
:109DF0004FF0004070471CF0100F08D020F0704367
:109E000000F07F4242EAD3014FEA4370704700F00E
:109E1000604021F07F4242EA000201F07F4040EAC8
:109E2000727070474FF0FF0C4CF4E06C1CEA115359
:109E30001CBF9CEA030C9445C2BFDA4201EB0251FD
:109E40007047002B0DD0BCF1000F0FD0002A01F09D
:109E50000041A4BF41F0E04141F07F614FF00000BC
:109E6000704701F000414FF00000704750EA0133A5
:109E70004FF09B0C18BF4CF0806C7EF4FFAE704727
:109E8000F7F7F6B9F7F794BBF7F722BD1CF4801F7C
:109E900011D01CF4E02F03D06FEACC314900704799
:109EA0004FF04050EFF3008222F0704242EA00028D
:109EB00082F3008870474FF00000704700000000F8
:109EC000000000000000000000000000000000F89A
:109ED00000000000000000333000000000100C06FD
:109EE000100C0600000000000000000040C0784098
:109EF000C0784000043F04043F040400007088FC64
:109F000008300000001820FF211E0000F008F000BB
:109F1000E018000000211C031E211E0000F008882C
:109F2000700000001E2123241927211010160E0096
:109F3000000000000000000000000000000000E041
:109F40001804020000000007182040000002041856
:109F5000E00000000040201807000000404080F0B2
:109F6000804040000202010F01020200000000F0E8
:109F7000000000000101011F0101010000000000BC
:109F80000000000080B07000000000000000000031
:109F900000000000000101010101010100000000BA
:109FA0000000000000303000000000000000000051
:109FB00080601804006018060100000000E010082E
:109FC0000810E000000F102020100F00001010F803
:109FD000000000000020203F202000000070080842
:109FE00008887000003028242221300000300888C2
:109FF000884830000018202020110E000000C020EA
:10A0000010F8000000070424243F240000F808880A
:10A01000880808000019212020110E0000E0108897
:10A0200088180000000F112020110E0000380808C9
:10A03000C83808000000003F0000000000708808D9
:10A0400008887000001C222121221C0000E010085A
:10A050000810E0000000312222110F00000000C0B3
:10A06000C000000000000030300000000000008050
:10A070000000000000008060000000000000804040
:10A080002010080000010204081020004040404059
:10A0900040404000040404040404040000081020AC
:10A0A00040800000002010080402010000704808F1
:10A0B0000808F0000000003036010000C030C82859
:10A0C000E810E0000718272423140B000000C03814
:10A0D000E0000000203C23020227382008F888888E
:10A0E00088700000203F202020110E00C03008089A
:10A0F00008083800071820202010080008F8080871
:10A100000810E000203F202020100F0008F8888869
:10A11000E8081000203F20202320180008F8888835
:10A12000E8081000203F200003000000C0300808AD
:10A130000838000007182020221E020008F8080036
:10A140000008F808203F210101213F20000808F8FD
:10A15000080800000020203F202000000000080820
:10A16000F8080800C08080807F00000008F888C0E0
:10A1700028180800203F20012638200008F8080091
:10A1800000000000203F20202020300008F8F800C8
:10A19000F8F80800203F003F003F200008F830C0DA
:10A1A0000008F808203F200007183F00E0100808CA
:10A1B0000810E0000F10202020100F0008F80808F9
:10A1C0000808F000203F210101010000E01008080C
:10A1D0000810E0000F18242438504F0008F8888831
:10A1E00088887000203F2000030C30200070880811
:10A1F000080838000038202121221C00180808F81F
:10A20000080818000000203F2000000008F808009F
:10A210000008F808001F202020201F000878880070
:10A2200000C83808000007380E010000F80800F8E0
:10A230000008F800033C0700073C0300081868808A
:10A240008068180820302C03032C30200838C80000
:10A25000C83808000000203F20000000100808084F
:10A26000C83808002038262120201800000000FEF1
:10A27000020202000000007F40404000000C30C09D
:10A2800000000000000000010638C00000020202C9
:10A29000FE000000004040407F000000000004027B
:10A2A00002020400000000000000000000000000A6
:10A2B0000000000080808080808080800002020496
:10A2C000000000000000000000000000000080808E
:10A2D000808000000019242222223F2008F80080FC
:10A2E00080000000003F112020110E0000000080BF
:10A2F00080800000000E112020201100000000804E
:10A300008088F800000E112020103F20000080807F
:10A3100080800000001F222222221300008080F093
:10A32000888888180020203F2020000000008080BE
:10A3300080808000006B94949493600008F8008003
:10A3400080800000203F210000203F20008098985E
:10A35000000000000020203F2020000000000080BE
:10A360009898000000C08080807F000008F80000FE
:10A3700080808000203F24022D302000000808F853
:10A38000000000000020203F20200000808080800E
:10A3900080808000203F20003F20003F80800080A0
:10A3A00080800000203F210000203F2000008080AE
:10A3B00080800000001F202020201F00808000805F
:10A3C0008000000080FFA12020110E00000000800E
:10A3D00080808000000E112020A0FF8080808000FF
:10A3E0008080800020203F2120000100000080802C
:10A3F000808080000033242424241900008080E021
:10A40000808000000000001F2020000080800000ED
:10A4100000808000001F202020103F2080808000CE
:10A420000080808000010E300806010080800080DE
:10A43000008080800F300C030C300F000080800003
:10A44000808080000020312E0E312000808080002E
:10A450000080808080818E701806010000808080DE
:10A46000808080000021302C22213000000000007C
:10A47000807C020200000000003F4040000000001D
:10A48000FF00000000000000FF0000000002027C4E
:10A49000800000000040403F000000000006010175
:10A4A00002020404000000000000000075191A0CEC
:10A4B0006A231B1C1F207274433B4138393A6B6C72
:10A4C000376F06246D6E700068000004760054013A
:10A4D000F7FD0001830000000008000000010018E3
:10A4E00032000500000020410000D242295C0F3EEE
:10A4F0009A99993E3333733F295C0F3E00007000F8
:10A500000000002400000002000300000065005469
:10A51000FFEF0000FA80000B12820001030C30C331
:10A520000E8C8CE914D5400213710F8E3883F8839A
:10A530003000F883258EF8833000F883FFFFFFFF9B
:10A540000FFEA9D6240004001A8279A10000003C65
:10A55000FFFF00000010000038836FA2003E0330B0
:10A560004000000002CAE3093E8000002000000015
:10A57000000000004000000060000000000C00002F
:10A58000000C186E000006920A16C0DFFFFF02568C
:10A59000FD8CD377FFE1C496E0C5BEAA00000000A1
:10A5A000FFFF0B2B0000165700000359400000006E
:10A5B00000001DFA00026C1D000000003FFFDFEBF1
:10A5C000003EB3B6000D227800002F3C00000000D2
:10A5D000001942B5000039A20000B365D90E9FC929
:10A5E0001DCF4C3430000000500000003BB67AE82C
:10A5F0000064000000C8000000000000100000001F
:10A600001000FA921000225E000D229F000100004F
:10A6100000320000FF46000063D40000100000007C
:10A6200004D6000004CC000004CC0000000010722E
:10A6300000000040000000000000000000060002D2
:10A64000000500070000000000640000000000009A
:10A65000000000050005006400200000000000006C
:10A660000000000000004000000003000000003275
:10A67000F8980000FF650000830F0000FF9BFC00BE
:10A6800000000000000000000000000000000000CA
:10A6900000000000000000000000000000000000BA
:10A6A000000000000000000000001000400000005A
:10A6B000000000060000B26A000200000001FB83F7
:10A6C0000068000000D9FC007CF1FF83000000005E
:10A6D00000650000006403E8006400280000002515
:10A6E0000000000016A00000000010000000100094
:10A6F000002F0000000001F40000100000280000FE
:10A70000FFFF4581FFFFFA7200000000000000001B
:10A71000004400050005BAC6004778A20000000109
:10A720000000000000000600000000140000254D9D
:10A73000002F706D000005AE000C02D0000000007C
:10A74000000000000000000000000000001B0000EE
:10A750000000000000000000000000000064000095
:10A7600000080000000000000000000000000000E1
:10A7700000000000000000000000000000000000D9
:10A7800000000000000000000000000000000000C9
:10A7900000000000000000000000000000000000B9
:10A7A00000000000000000000000000000000000A9
:10A7B000000000000000000000000000001B00007E
:10A7C0000000000000000000000E000E00000AC79C
:10A7D0000004000000000032FFFFFF9C00000B2B74
:10A7E000000000020000000100000064FFE500001E
:10A7F0000000000000000000000000000000000158
:10A8000000000000000100000000000000018000C6
:10A810000001800000018000002426D30000000019
:10A8200000000000000600100096003C0000000040
:10A830000000000000000000000000000C0A4E684C
:10A84000CDCF770950166759C619CE820000000097
:10A8500000000000000000000000000000000000F8
:10A860000000000017D78400030000000000000073
:10A8700000000000C7938F9D1E1B1C1900000000E4
:10A8800000000000000000000000000000000000C8
:10A8900000000000020318850000400000000003D3
:10A8A0000000000300000000000000004000000065
:10A8B0000000000000000000000000000000000098
:10A8C0000000000000000000000000000000000088
:10A8D0000000000000000000000000000000000078
:10A8E000677DDF7E72902E554CF6E68800000000F2
:10A8F000000000000000000000000000D8DCB4B838
:10A90000B0D8B9ABF3F8FAB3B7BB8E9EAEF132F55F
:10A910001BF1B4B8B08097F1A9DFDFDFAADFDFDF7A
:10A92000F2AAC5CDC7A90CC92C97F1A989264666FC
:10A93000B28999A92D557DB0B08AA896365676F180
:10A94000BAA3B4B280C0B8A89711B28398BAA3F0E2
:10A95000240844106418B2B9B49883F1A329557D32
:10A96000BAB5B1A38393F0002850F5B2B6AA839389
:10A9700028547CF1B9A3829361BAA2DADEDFDB81CD
:10A980009AB9AEF5606870F1DABAA2DFD9BAA2FA64
:10A99000B9A38292DB31BAA2D9BAA2F8DF85A4D0DA
:10A9A000C1BBAD83C2C5C7B8A2DFDFDFBAA0DFDF9E
:10A9B000DFD8D8F1B8AAB38DB4980D355DB2B6BA68
:10A9C000AF8C96198F9FA70E161EB49AB8AA872C23
:10A9D000547CBAA4B08AB691325676B28494A4C894
:10A9E00008CDD8B8B4B0F19982A82D557D98A80E9D
:10A9F000161EA22C547C92A4F02C5078F184A898B6
:10AA0000C4CDFCD80DDBA8FC2DF3D9BAA6F8DABA70
:10AA1000A6DED8BAB2B68696A6D0F3C841DAA6C8E2
:10AA2000F8D8B0B4B882A892F52C548898F135D9EA
:10AA3000F418D8F1A2D0F8F9A884D9C7DFF8F883C0
:10AA4000C5DADF69DF83C1D8F40114F1A8824EA80A
:10AA500084F311D182F5D992289788F109F41C1C4E
:10AA6000D884A8F3C0F9D1D99782F129F40DD8F38D
:10AA7000F9F9D1D982F4C203D8DEDF1AD8F1A2FAEB
:10AA8000F9A88498D9C7DFF8F8F883C7DADF69DF57
:10AA9000F883C3D8F40114F198A8822EA884F31186
:10AAA000D182F5D992509788F109F41CD884A8F383
:10AAB000C0F8F9D1D99782F149F40DD8F3F9F9D159
:10AAC000D982F4C403D8DEDFD8F1AD8898CCA809C8
:10AAD000F9D98292A8F57CF1883ACF944A6E98DB36
:10AAE0006931DAADF2DEF9D88795A8F221D1DAA57D
:10AAF000F9F417D9F1AE8ED0C0C3AE82C684C3A814
:10AB00008595C8A588F2C0F1F4010EF18E9EA8C605
:10AB10003E56F554F18872F40115F19845856EF5AD
:10AB20008E9E0488F142985A8E9E068869F4011C14
:10AB3000F1981E1108D0F504F11E970202983625EF
:10AB4000DBF9D985A5F3C1DA85A5F3DFD88595A80A
:10AB5000F309DAA5FAD88292A8F578F1881A849FC9
:10AB600026889821DAF41DF3D8879F39D1AFD9DF31
:10AB7000DFFBF9F40CF3D8FAD0F8DAF9F9D0DFD921
:10AB8000F9D8F40BD8F3879F39D1AFD9DFDFF41DA3
:10AB9000F3D8FAFCA869F9F9AFD0DADEFAD9F88F60
:10ABA0009FA8F1CCF398DB45D9AFDFD0F8D8F18F6F
:10ABB0009FA8CAF38809DAAF8FCBF8D8F2AD978D8A
:10ABC0000CD9A5DFF9BAA6F3FAF412F2D8950DD193
:10ABD000D9BAA6F3FADAA5F2C1BAA6F3DFD8F1BA68
:10ABE000B2B68696A6D0CAF349DAA6CBF8D8B0B4E6
:10ABF000B8D8AD84F2C0DFF18FCBC3A8B2B68696C9
:10AC0000C8C1CBC3F3B0B48898A821DB718D9D7106
:10AC1000859521D9ADF2FAD88597A828D9F408D816
:10AC2000F28D29DAF405D9F285A4C2F2D8A88D9460
:10AC300001D1D9F411F2D88721D8F40AD8F2849836
:10AC4000A8C801D1D9F411D8F3A4C8BBAFD0F2DEA3
:10AC5000F8F8F8F8F8F8F8F8D8F1B8F6B5B9B08A15
:10AC600095A3DE3CA3D9F8D85CA3D9F8D87CA3D9A6
:10AC7000F8D8F8F9D1A5D9DFDAFAD8B18530F7D903
:10AC8000DED8F830ADDADED8F2B48C99A32D557D3C
:10AC9000A083DFDFDFB591A0F629D9FBD8A0FC297E
:10ACA000D9FAD8A0D051D9F8D8FC51D9F9D879D946
:10ACB000FBD8A0D0FC79D9FAD8A1F9F9F9F9F9A013
:10ACC000DADFDFDFD8A1F8F8F8F8F8ACDEF8ADDEAF
:10ACD0008393AC2C547CF1A8DFDFDFF69D2CDAA047
:10ACE000DFD9FADB2DF8D8A850DAA0D0DED9D0F819
:10ACF000F8F8DB55F8D8A878DAA0D0DFD9D0FAF880
:10AD0000F8F8F8DB7DF8D89CA88CF530DB38D9D082
:10AD1000DEDFA0D0DEDFD8A848DB58D9DFD0DEA048
:10AD2000DFD0DED8A868DB70D9DFDFA0DFDFD8F1A5
:10AD3000A888902C547C98A8D05C38D1DAF2AE8CDC
:10AD4000DFF9D8B087A8C1C1B188A8C6F9F9DA3649
:10AD5000D8A8F9DA36D8A8F9DA36D8A8F9DA36D880
:10AD6000A8F9DA36D8F78D9DADF818DAF2AEDFD84B
:10AD7000F7ADFA30D9A4DEF9D8F2AEDEFAF983A73E
:10AD8000D9C3C5C7F1889BA77AADF7DEDFA4F884E5
:10AD90009408A797F300AEF29819A488C6A39488E4
:10ADA000F632DFF28393DB09D9F2AADFD8D8AEF806
:10ADB000F9D1DAF3A4DEA7F1889B7AD8F38494AEB4
:10ADC00019F9DAAAF1DFD8A881C0C3C5C7A3928355
:10ADD000F628ADDED9F8D8A350ADD9F8D8A378AD10
:10ADE000D9F8D8F8F9D1A1DADEC3C5C7D8A18194C2
:10ADF000F818F2B089ACC3C5C7F1D8B8B4B097861B
:10AE0000A8319B069907AB9728889BF00C2014402B
:10AE1000B0B4B8F0A88A9A285078B79BA82951797D
:10AE2000247059446938644831F1BBAB88002C5414
:10AE30007CF0B38BB8A804285078F1B088B497267A
:10AE4000A85998BBABB38B02264666B0B8F08A9C73
:10AE5000A82951798B2951798A2470598B205871EE
:10AE60008A4469388B3940688A6448318B3049603C
:10AE700088F1AC002C547CF08CA804285078F18820
:10AE80009726A85998AC8C02264666F0899CA8297A
:10AE90005179247059446938644831A98809205986
:10AEA00070AB11384069A8193148608CA83C415CEE
:10AEB000207C00F187981986A86E767EA999882D46
:10AEC000557DD8B1B5B9A3DFDFDFAED0DFAAD0DEC4
:10AED000F2ABF8F9D9B087C4AAF1DFDFBBAFDFDF8F
:10AEE000B9D8B1F1A3978E60DFB084F2C8F8F9D970
:10AEF000DED89385F14AB183A308B5839A0810B7C9
:10AF00009F10D8F1B0BAAEB08AC2B2B68E9EF1FB35
:10AF1000D9F41DD8F9D90CF1D8F8F8AD61D9AEFB48
:10AF2000D8F40CF1D8F8F8AD19D9AEFBDFD8F41687
:10AF3000F1D8F8AD8D61D9F4F4ACF59C9C8DDF2B84
:10AF4000BAB6AEFAF8F40BD8F1AED0F8AD51DAAE2D
:10AF5000FAF8F1D8B9B1B6A3839C08B9B1839AB510
:10AF6000AAC0FD3083B79F10B58B93F20202D1AB1C
:10AF7000DADED8F1B080BAABC0C3B284C1C3D8B1F5
:10AF8000B9F38BA391B609B4D9ABDEB0879CB9A352
:10AF9000DDF1B38B8B8B8B8BB087A3A3A3A3B28B79
:10AFA000B69BF2A3A3A3A3A3A3A3A3A3A3F1B087D8
:10AFB000B59AA3F39BA3A3DCBAACDFB9A3A3A3A365
:10AFC000A3A3A3A3A3A3A3A3A3A3A3A3D8D8D8BB9A
:10AFD000B3B7F1AAF9DAFFD9809AAA28B48098A762
:10AFE00020B79787A86688F07951F1902C870CA735
:10AFF00081976293F071716085940129517990A5D0
:10B00000F1284C6C870C95188578A38390284C6C9C
:10B01000886CD8F3A28200F210A8921980A2F2D90B
:10B0200026D8F188A84DD948D896A83980D93CD8D7
:10B030009580A839A68698D92CDA87A72CD8A88914
:10B040009519A980D938D8A88939A980DA3CD8A817
:10B050002EA83990D90CD8A8953198D90CD8A80920
:10B06000D9FFD801DAFFD89539A9DA26FFD890A8F8
:10B070000D8999A810809821DA2ED88999A8318055
:10B08000DA2ED8A886963180DA2ED8A8873180DAD1
:10B090002ED8A88292F34180F1D92ED8A882F31934
:10B0A00080F1D92ED882ACF3C0A28022F1A62EA7BF
:10B0B0002EA92298A829DAACDEFFD8A2F22AF1A99B
:10B0C0002E8292A8F23180A696F1D900AC8C9C0C0D
:10B0D00030ACDED0DEFFD88C9CACD010ACDE8092E1
:10B0E000A2F24C82A8F1CAF235F19688A6D900D80E
:10B0F000F1FF303132333435363738394142434449
:10B1000045464030580030313233343536373839DF
:10B1100061626364656640307800040000080000E6
:10B12000000000000002000100001000000000000C
:10B13000555555555555C53F7D6FEB0312D6D4BFB8
:10B140005544880E55C1C93F3B8F68B52882A4BFBE
:10B1500088B20175E0EF493F09F7FD0DE13D023F7F
:10B160004B2D8A1C273A03C0C88A599CE52A004007
:10B1700059018D1B6C06E6BF82922EB1C5B8B33F54
:10B180004FBB610567ACDD3F182D4454FB21E93FFF
:10B190009BF681D20B73EF3F182D4454FB21F93FEE
:10B1A000E2652F227F2B7A3C075C143326A6813C74
:10B1B000BDCBF07A8807703C075C143326A6913C1F
:10B1C000C4EB98999999C9BF711623FEC671BCBF8B
:10B1D0006D9A74AFF2B0B3BF9AFDDE522DDEADBFF3
:10B1E0002F6C6A2C44B4A2BF0D5555555555D53F0B
:10B1F000FF8300922449C23F6E204CC5CD45B73F26
:10B20000513DD0A0660DB13FEB0D76244B7BA93F9D
:10B2100011DA22E33AAD903F000000000000000088
:10B2200002400000000000A00000000005400000F7
:10B23000000000C8000000000C4000000000409C1E
:10B2400000000000194000000020BCBE000000000B
:10B2500034400000BFC91B8E00000004B540000050
:10B26000504BCFD06607E2CF010000006C410000D8
:10B270003E8251AADFEEA73401000000D94200004F
:10B28000DCB5A0E23A301F97FFFFFFFFB445000096
:10B29000FD25A0C8E9A3C14FFFFFFFFFFF3F00004E
:10B2A0000000008000000000FF3F00000000008060
:10B2B000000000004842207469636B3D256C7520D6
:10B2C00072756E3D2575207370643D256420793D4F
:10B2D00025642074793D256420653D256420633D07
:10B2E00025642079723D256420677A3D25642067B6
:10B2F0007A6F3D2564204C3D256420523D25642015
:10B30000656C3D25642065723D25642065643D259E
:10B310006420636C3D25642063723D256420747253
:10B32000696D3D25642074613D252E32662061746F
:10B330003D2575206D6F3D2575206F6B3D256C7526
:10B34000206661696C3D256C750D0A0053544154AB
:10B35000207469636B3D256C752072756E3D257593
:10B36000207370643D256420793D25642074793D07
:10B37000256420653D256420633D25642079723D68
:10B38000256420677A3D256420677A6F3D25642017
:10B390004C3D256420523D256420656C3D2564208C
:10B3A00065723D25642065643D256420636C3D2500
:10B3B000642063723D2564207472696D3D256420AC
:10B3C00074613D252E32662061743D2575206D6FB8
:10B3D0003D2575206F6B3D256C75206661696C3D60
:10B3E000256C750D0A00000044B50008000000201F
:10B3F000A400000028010008E8B50008A40000200F
:10B400001C09000044010008000000000000F07F5B
:10B41000FFFFFFFFFFFFEF7F1C0000004300000065
:10B42000F8FFFFFF0C0000000E0000000F000000FE
:10B430002E0000001001000043000000F8FFFFFF95
:10B440000040404040404040404041414141414037
:10B4500040404040404040404040404040404040EC
:10B46000400502020202020202020202020202027B
:10B470000220202020202020202020020202020280
:10B4800002029090909090901010101010101010D8
:10B4900010101010101010101010101002020202E4
:10B4A0000202888888888888080808080808080828
:10B4B0000808080808080808080808080202020224
:10B4C000400000000000000000000000000000003C
:10B4D000000000000000000000000000000000006C
:10B4E000000000000000000000000000000000005C
:10B4F000000000000000000000000000000000004C
:10B50000000000000000000000000000000000003B
:10B51000000000000000000000000000000000002B
:10B52000000000000000000000000000000000001B
:10B53000000000000000000000000000000000000B
:10B5400000000000000000000102030401020304E7
:10B5500006070809020406080000000000000000B9
:10B5600000000000020000000000000000000000D9
:10B570009A99193F6F12833A0000C0400000803F43
:10B580000200000000000000000000001E00FA00A1
:10B590000000140000000000000000000000000097
:10B5A0000000000000000000ACA40008C8A40008CF
:10B5B000000000000000000000000000000000008B
:10B5C000000000000000000000000000000000007B
:10B5D000D4A40008010000000100000001000000E8
:08B5E000000000000000000063
:04000005080000ED02
:00000001FF
