host_time_s,host_time_ns,host_monotonic_ns,source,tick,t_ms,run,yaw,yaw_rate,left_encoder,right_encoder,encoder_diff,left_output,right_output,left_core,right_core,raw_left_delta,raw_right_delta,left_clamped,right_clamped,anomaly_flags,raw_line
1775029334.4607515,1775029334460751501,6645245929101,HB,102783,0.0,0,0.014,0.0,0.0,0.0,0.0,0.0,0.0,0.0,0.0,0.0,0.0,0,0,,HB tick=102783 run=0 spd=1 ts=0.000 as=0.000 ta=0.000 aa=0.000 se=0.000 so=0.000 ae=0.000 ao=0.000 pwm=0 pc=0 hd=0 y=0.014 yr=0.000 L=0 R=0 OL=0 OR=0 el=0 er=0 ed=0 dl=0 dr=0 cl=0 cr=0 ok=415 fail=0 vofa=firewater rx=0 txdrop=0
1775029334.4607515,1775029334460751503,6645245929103,HB,102987,0.0,0,0.014,0.0,0.0,0.0,0.0,0.0,0.0,0.0,0.0,0.0,0.0,0,0,,HB tick=102987 run=0 spd=1 ts=0.000 as=0.000 ta=0.000 aa=0.000 se=0.000 so=0.000 ae=0.000 ao=0.000 pwm=0 pc=0 hd=0 y=0.014 yr=0.000 L=0 R=0 OL=0 OR=0 el=0 er=0 ed=0 dl=0 dr=0 cl=0 cr=0 ok=416 fail=0 vofa=firewater rx=0 txdrop=0
1775029334.4607515,1775029334460751504,6645245929104,HB,103195,0.0,0,0.014,0.0,0.0,0.0,0.0,0.0,0.0,0.0,0.0,0.0,0.0,0,0,,HB tick=103195 run=0 spd=1 ts=0.000 as=0.000 ta=0.000 aa=0.000 se=0.000 so=0.000 ae=0.000 ao=0.000 pwm=0 pc=0 hd=0 y=0.014 yr=0.000 L=0 R=0 OL=0 OR=0 el=0 er=0 ed=0 dl=0 dr=0 cl=0 cr=0 ok=417 fail=0 vofa=firewater rx=0 txdrop=0
1775029334.6671522,1775029334667152200,6645452329400,HB,103540,0.0,0,0.014,0.0,0.0,0.0,0.0,0.0,0.0,0.0,0.0,0.0,0.0,0,0,,HB tick=103540 run=0 spd=1 ts=0.000 as=0.000 ta=0.000 aa=0.000 se=0.000 so=0.000 ae=0.000 ao=0.000 pwm=0 pc=0 hd=0 y=0.014 yr=0.000 L=0 R=0 OL=0 OR=0 el=0 er=0 ed=0 dl=0 dr=0 cl=0 cr=0 ok=418 fail=0 vofa=firewater rx=0 txdrop=0
1775029334.8963525,1775029334896352400,6645681529300,HB,103770,0.0,0,0.007,-0.011,0.0,0.0,0.0,0.0,0.0,0.0,0.0,0.0,0.0,0,0,,HB tick=103770 run=0 spd=1 ts=0.000 as=0.000 ta=0.000 aa=0.000 se=0.000 so=0.000 ae=0.000 ao=0.000 pwm=0 pc=0 hd=0 y=0.007 yr=-0.011 L=0 R=0 OL=0 OR=0 el=0 er=0 ed=0 dl=0 dr=0 cl=0 cr=0 ok=419 fail=0 vofa=firewater rx=0 txdrop=0
1775029335.0523653,1775029335052365400,6645837542600,STAT,103913,0.0,0,0.007295,-0.010551,0.0,0.0,0.0,0.0,0.0,0.0,0.0,0.0,0.0,0,0,,STAT tick=103913 run=0 spd=1 ts=0.000000 as=0.000000 ta=0.000000 aa=0.000000 se=0.000000 so=0.000000 ae=0.000000 ao=0.000000 pwm=0 pc=0 hd=0 y=0.007295 p=-0.467729 r=5.541763 yr=-0.010551 ax=0 ay=0 az=0 gx=0 gy=0 gz=0 who=0x85 addr=0x4A icm_ok=526 icm_fail=0 L=0 R=0 OL=0 OR=0 el=0 er=0 ed=0 dl=0 dr=0 cl=0 cr=0 skp=0.100000 ski=0.012000 skd=0.000000 akp=0.240000 aki=0.002400 akd=0.050000 ok=420 fail=0 vofa=firewater rx=6 txdrop=0
1775029335.1045902,1775029335104590100,6645889767400,HB,103980,0.0,0,0.015,0.005,0.0,0.0,0.0,0.0,0.0,0.0,0.0,0.0,0.0,0,0,,HB tick=103980 run=0 spd=1 ts=0.000 as=0.000 ta=0.000 aa=0.000 se=0.000 so=0.000 ae=0.000 ao=0.000 pwm=0 pc=0 hd=0 y=0.015 yr=0.005 L=0 R=0 OL=0 OR=0 el=0 er=0 ed=0 dl=0 dr=0 cl=0 cr=0 ok=420 fail=0 vofa=firewater rx=6 txdrop=0
1775029335.4682946,1775029335468294700,6646253471900,HB,104325,0.0,0,0.008,-0.008,0.0,0.0,0.0,0.0,0.0,0.0,0.0,0.0,0.0,0,0,,HB tick=104325 run=0 spd=1 ts=0.000 as=0.000 ta=0.000 aa=0.000 se=0.000 so=0.000 ae=0.000 ao=0.000 pwm=0 pc=0 hd=0 y=0.008 yr=-0.008 L=0 R=0 OL=0 OR=0 el=0 er=0 ed=0 dl=0 dr=0 cl=0 cr=0 ok=421 fail=0 vofa=firewater rx=6 txdrop=0
1775029335.6756184,1775029335675618300,6646460795300,HB,104556,0.0,0,0.007,-0.005,0.0,0.0,0.0,0.0,0.0,0.0,0.0,0.0,0.0,0,0,,HB tick=104556 run=0 spd=1 ts=0.000 as=0.000 ta=0.000 aa=0.000 se=0.000 so=0.000 ae=0.000 ao=0.000 pwm=0 pc=0 hd=0 y=0.007 yr=-0.005 L=0 R=0 OL=0 OR=0 el=0 er=0 ed=0 dl=0 dr=0 cl=0 cr=0 ok=422 fail=0 vofa=firewater rx=6 txdrop=0
1775029335.8830333,1775029335883033400,6646668210600,HB,104759,0.0,0,0.007,-0.004,0.0,0.0,0.0,0.0,0.0,0.0,0.0,0.0,0.0,0,0,,HB tick=104759 run=0 spd=1 ts=0.000 as=0.000 ta=0.000 aa=0.000 se=0.000 so=0.000 ae=0.000 ao=0.000 pwm=0 pc=0 hd=0 y=0.007 yr=-0.004 L=0 R=0 OL=0 OR=0 el=0 er=0 ed=0 dl=0 dr=0 cl=0 cr=0 ok=423 fail=0 vofa=firewater rx=6 txdrop=0
1775029336.0799227,1775029336079922800,6646865100300,HB,104962,0.0,0,0.007,-0.003,0.0,0.0,0.0,0.0,0.0,0.0,0.0,0.0,0.0,0,0,,HB tick=104962 run=0 spd=1 ts=0.000 as=0.000 ta=0.000 aa=0.000 se=0.000 so=0.000 ae=0.000 ao=0.000 pwm=0 pc=0 hd=0 y=0.007 yr=-0.003 L=0 R=0 OL=0 OR=0 el=0 er=0 ed=0 dl=0 dr=0 cl=0 cr=0 ok=424 fail=0 vofa=firewater rx=6 txdrop=0
1775029336.2890966,1775029336289096700,6647074274100,HB,105165,0.0,0,0.007,-0.001,0.0,0.0,0.0,0.0,0.0,0.0,0.0,0.0,0.0,0,0,,HB tick=105165 run=0 spd=1 ts=0.000 as=0.000 ta=0.000 aa=0.000 se=0.000 so=0.000 ae=0.000 ao=0.000 pwm=0 pc=0 hd=0 y=0.007 yr=-0.001 L=0 R=0 OL=0 OR=0 el=0 er=0 ed=0 dl=0 dr=0 cl=0 cr=0 ok=425 fail=0 vofa=firewater rx=6 txdrop=0
1775029336.6569285,1775029336656928400,6647442105300,HB,105510,0.0,0,0.007,-0.001,0.0,0.0,0.0,0.0,0.0,0.0,0.0,0.0,0.0,0,0,,HB tick=105510 run=0 spd=1 ts=0.000 as=0.000 ta=0.000 aa=0.000 se=0.000 so=0.000 ae=0.000 ao=0.000 pwm=0 pc=0 hd=0 y=0.007 yr=-0.001 L=0 R=0 OL=0 OR=0 el=0 er=0 ed=0 dl=0 dr=0 cl=0 cr=0 ok=426 fail=0 vofa=firewater rx=6 txdrop=0
1775029336.8634844,1775029336863484500,6647648661700,HB,105741,0.0,0,0.007,-0.0,0.0,0.0,0.0,0.0,0.0,0.0,0.0,0.0,0.0,0,0,,HB tick=105741 run=0 spd=1 ts=0.000 as=0.000 ta=0.000 aa=0.000 se=0.000 so=0.000 ae=0.000 ao=0.000 pwm=0 pc=0 hd=0 y=0.007 yr=-0.000 L=0 R=0 OL=0 OR=0 el=0 er=0 ed=0 dl=0 dr=0 cl=0 cr=0 ok=427 fail=0 vofa=firewater rx=6 txdrop=0
1775029337.0904124,1775029337090412300,6647875589500,HB,105960,0.0,0,0.007,-0.0,0.0,0.0,0.0,0.0,0.0,0.0,0.0,0.0,0.0,0,0,,HB tick=105960 run=0 spd=1 ts=0.000 as=0.000 ta=0.000 aa=0.000 se=0.000 so=0.000 ae=0.000 ao=0.000 pwm=0 pc=0 hd=0 y=0.007 yr=-0.000 L=0 R=0 OL=0 OR=0 el=0 er=0 ed=0 dl=0 dr=0 cl=0 cr=0 ok=428 fail=0 vofa=firewater rx=12 txdrop=0
1775029337.4235184,1775029337423518400,6648208695500,HB,106300,0.0,0,0.007,-0.0,0.0,0.0,0.0,0.0,0.0,0.0,0.0,0.0,0.0,0,0,,HB tick=106300 run=0 spd=1 ts=0.000 as=0.000 ta=0.000 aa=0.000 se=0.000 so=0.000 ae=0.000 ao=0.000 pwm=0 pc=0 hd=0 y=0.007 yr=-0.000 L=0 R=0 OL=0 OR=0 el=0 er=0 ed=0 dl=0 dr=0 cl=0 cr=0 ok=429 fail=0 vofa=firewater rx=12 txdrop=0
1775029338.0460336,1775029338046033600,6648831210800,HB,106919,0.0,0,0.014,0.01,0.0,0.0,0.0,0.0,0.0,0.0,0.0,0.0,0.0,0,0,,HB tick=106919 run=0 spd=1 ts=0.000 as=0.000 ta=0.000 aa=0.000 se=0.000 so=0.000 ae=0.000 ao=0.000 pwm=0 pc=0 hd=0 y=0.014 yr=0.010 L=0 R=0 OL=0 OR=0 el=0 er=0 ed=0 dl=0 dr=0 cl=0 cr=0 ok=431 fail=0 vofa=firewater rx=17 txdrop=0
1775029338.2418387,1775029338241838600,6649027015600,HB,107122,0.0,0,0.014,0.006,0.0,0.0,0.0,0.0,0.0,0.0,0.0,0.0,0.0,0,0,,HB tick=107122 run=0 spd=1 ts=0.000 as=0.000 ta=0.000 aa=0.000 se=0.000 so=0.000 ae=0.000 ao=0.000 pwm=0 pc=0 hd=0 y=0.014 yr=0.006 L=0 R=0 OL=0 OR=0 el=0 er=0 ed=0 dl=0 dr=0 cl=0 cr=0 ok=432 fail=0 vofa=firewater rx=17 txdrop=0
1775029338.4485703,1775029338448570300,6649233747400,HB,107325,0.0,0,0.014,0.004,0.0,0.0,0.0,0.0,0.0,0.0,0.0,0.0,0.0,0,0,,HB tick=107325 run=0 spd=1 ts=0.000 as=0.000 ta=0.000 aa=0.000 se=0.000 so=0.000 ae=0.000 ao=0.000 pwm=0 pc=0 hd=0 y=0.014 yr=0.004 L=0 R=0 OL=0 OR=0 el=0 er=0 ed=0 dl=0 dr=0 cl=0 cr=0 ok=433 fail=0 vofa=firewater rx=17 txdrop=0
1775029338.6764631,1775029338676463200,6649461640400,HB,107534,0.0,0,0.014,0.003,0.0,0.0,0.0,0.0,0.0,0.0,0.0,0.0,0.0,0,0,,HB tick=107534 run=0 spd=1 ts=0.000 as=0.000 ta=0.000 aa=0.000 se=0.000 so=0.000 ae=0.000 ao=0.000 pwm=0 pc=0 hd=0 y=0.014 yr=0.003 L=0 R=0 OL=0 OR=0 el=0 er=0 ed=0 dl=0 dr=0 cl=0 cr=0 ok=434 fail=0 vofa=firewater rx=17 txdrop=0
1775029338.8631175,1775029338863117500,6649648294700,HB,107737,0.0,0,0.014,0.002,0.0,0.0,0.0,0.0,0.0,0.0,0.0,0.0,0.0,0,0,,HB tick=107737 run=0 spd=1 ts=0.000 as=0.000 ta=0.000 aa=0.000 se=0.000 so=0.000 ae=0.000 ao=0.000 pwm=0 pc=0 hd=0 y=0.014 yr=0.002 L=0 R=0 OL=0 OR=0 el=0 er=0 ed=0 dl=0 dr=0 cl=0 cr=0 ok=435 fail=0 vofa=firewater rx=17 txdrop=0
1775029339.2047448,1775029339204744600,6649989921900,HB,108081,0.0,0,0.014,0.001,0.0,0.0,0.0,0.0,0.0,0.0,0.0,0.0,0.0,0,0,,HB tick=108081 run=0 spd=1 ts=0.000 as=0.000 ta=0.000 aa=0.000 se=0.000 so=0.000 ae=0.000 ao=0.000 pwm=0 pc=0 hd=0 y=0.014 yr=0.001 L=0 R=0 OL=0 OR=0 el=0 er=0 ed=0 dl=0 dr=0 cl=0 cr=0 ok=436 fail=0 vofa=firewater rx=17 txdrop=0
1775029339.4341033,1775029339434103400,6650219280400,HB,108312,0.0,0,0.007,-0.01,0.0,0.0,0.0,0.0,0.0,0.0,0.0,0.0,0.0,0,0,,HB tick=108312 run=0 spd=1 ts=0.000 as=0.000 ta=0.000 aa=0.000 se=0.000 so=0.000 ae=0.000 ao=0.000 pwm=0 pc=0 hd=0 y=0.007 yr=-0.010 L=0 R=0 OL=0 OR=0 el=0 er=0 ed=0 dl=0 dr=0 cl=0 cr=0 ok=437 fail=0 vofa=firewater rx=22 txdrop=0
1775029339.797192,1775029339797192300,6650582369700,HB,108658,0.0,0,0.014,0.006,0.0,0.0,0.0,0.0,0.0,0.0,0.0,0.0,0.0,0,0,,HB tick=108658 run=0 spd=1 ts=0.000 as=0.000 ta=0.000 aa=0.000 se=0.000 so=0.000 ae=0.000 ao=0.000 pwm=0 pc=0 hd=0 y=0.014 yr=0.006 L=0 R=0 OL=0 OR=0 el=0 er=0 ed=0 dl=0 dr=0 cl=0 cr=0 ok=438 fail=0 vofa=firewater rx=22 txdrop=0
1775029340.014771,1775029340014770900,6650799948200,HB,108889,0.0,0,0.014,0.004,0.0,0.0,0.0,0.0,0.0,0.0,0.0,0.0,0.0,0,0,,HB tick=108889 run=0 spd=1 ts=0.000 as=0.000 ta=0.000 aa=0.000 se=0.000 so=0.000 ae=0.000 ao=0.000 pwm=0 pc=0 hd=0 y=0.014 yr=0.004 L=0 R=0 OL=0 OR=0 el=0 er=0 ed=0 dl=0 dr=0 cl=0 cr=0 ok=439 fail=0 vofa=firewater rx=22 txdrop=0
1775029340.3566573,1775029340356657200,6651141834500,HB,109233,0.0,0,0.014,0.002,0.0,0.0,0.0,0.0,0.0,0.0,0.0,0.0,0.0,0,0,,HB tick=109233 run=0 spd=1 ts=0.000 as=0.000 ta=0.000 aa=0.000 se=0.000 so=0.000 ae=0.000 ao=0.000 pwm=0 pc=0 hd=0 y=0.014 yr=0.002 L=0 R=0 OL=0 OR=0 el=0 er=0 ed=0 dl=0 dr=0 cl=0 cr=0 ok=440 fail=0 vofa=firewater rx=22 txdrop=0
1775029340.5849931,1775029340584993100,6651370170200,HB,109464,0.0,0,0.014,0.001,0.0,0.0,0.0,0.0,0.0,0.0,0.0,0.0,0.0,0,0,,HB tick=109464 run=0 spd=1 ts=0.000 as=0.000 ta=0.000 aa=0.000 se=0.000 so=0.000 ae=0.000 ao=0.000 pwm=0 pc=0 hd=0 y=0.014 yr=0.001 L=0 R=0 OL=0 OR=0 el=0 er=0 ed=0 dl=0 dr=0 cl=0 cr=0 ok=441 fail=0 vofa=firewater rx=29 txdrop=0
1775029340.8145845,1775029340814584600,6651599761900,HB,109668,0.0,0,0.014,0.0,0.0,0.0,0.0,0.0,0.0,0.0,0.0,0.0,0.0,0,0,,HB tick=109668 run=0 spd=1 ts=0.000 as=0.000 ta=0.000 aa=0.000 se=0.000 so=0.000 ae=0.000 ao=0.000 pwm=0 pc=0 hd=0 y=0.014 yr=0.000 L=0 R=0 OL=0 OR=0 el=0 er=0 ed=0 dl=0 dr=0 cl=0 cr=0 ok=442 fail=0 vofa=firewater rx=29 txdrop=0
1775029341.1353958,1775029341135395900,6651920574700,HB,110017,0.0,0,0.014,0.0,0.0,0.0,0.0,0.0,0.0,0.0,0.0,0.0,0.0,0,0,,HB tick=110017 run=0 spd=1 ts=0.000 as=0.000 ta=0.000 aa=0.000 se=0.000 so=0.000 ae=0.000 ao=0.000 pwm=0 pc=0 hd=0 y=0.014 yr=0.000 L=0 R=0 OL=0 OR=0 el=0 er=0 ed=0 dl=0 dr=0 cl=0 cr=0 ok=443 fail=0 vofa=firewater rx=38 txdrop=0
1775029341.3645742,1775029341364574300,6652149752000,HB,110248,0.0,0,0.007,-0.01,0.0,0.0,0.0,0.0,0.0,0.0,0.0,0.0,0.0,0,0,,HB tick=110248 run=0 spd=1 ts=0.000 as=0.000 ta=0.000 aa=0.000 se=0.000 so=0.000 ae=0.000 ao=0.000 pwm=0 pc=0 hd=0 y=0.007 yr=-0.010 L=0 R=0 OL=0 OR=0 el=0 er=0 ed=0 dl=0 dr=0 cl=0 cr=0 ok=444 fail=0 vofa=firewater rx=38 txdrop=0
1775029341.5724924,1775029341572492400,6652357669700,HB,110450,0.0,0,0.007,-0.006,0.0,0.0,0.0,0.0,0.0,0.0,0.0,0.0,0.0,0,0,,HB tick=110450 run=0 spd=1 ts=0.000 as=0.000 ta=0.000 aa=0.000 se=0.000 so=0.000 ae=0.000 ao=0.000 pwm=0 pc=0 hd=0 y=0.007 yr=-0.006 L=0 R=0 OL=0 OR=0 el=0 er=0 ed=0 dl=0 dr=0 cl=0 cr=0 ok=445 fail=0 vofa=firewater rx=38 txdrop=0
1775029341.7780218,1775029341778022000,6652563199000,HB,110653,0.0,0,0.014,0.008,0.0,0.0,0.0,0.0,0.0,0.0,0.0,0.0,0.0,0,0,,HB tick=110653 run=0 spd=1 ts=0.000 as=0.000 ta=0.000 aa=0.000 se=0.000 so=0.000 ae=0.000 ao=0.000 pwm=0 pc=0 hd=0 y=0.014 yr=0.008 L=0 R=0 OL=0 OR=0 el=0 er=0 ed=0 dl=0 dr=0 cl=0 cr=0 ok=446 fail=0 vofa=firewater rx=38 txdrop=0
1775029342.006307,1775029342006306800,6652791483800,HB,110858,0.0,0,0.014,0.005,0.0,0.0,0.0,0.0,0.0,0.0,0.0,0.0,0.0,0,0,,HB tick=110858 run=0 spd=1 ts=0.000 as=0.000 ta=0.000 aa=0.000 se=0.000 so=0.000 ae=0.000 ao=0.000 pwm=0 pc=0 hd=0 y=0.014 yr=0.005 L=0 R=0 OL=0 OR=0 el=0 er=0 ed=0 dl=0 dr=0 cl=0 cr=0 ok=447 fail=0 vofa=firewater rx=49 txdrop=0
1775029342.182262,1775029342182262000,6652967439000,HB,111061,0.0,0,0.014,0.003,0.0,0.0,0.0,0.0,0.0,0.0,0.0,0.0,0.0,0,0,,HB tick=111061 run=0 spd=1 ts=0.000 as=0.000 ta=0.000 aa=0.000 se=0.000 so=0.000 ae=0.000 ao=0.000 pwm=0 pc=0 hd=0 y=0.014 yr=0.003 L=0 R=0 OL=0 OR=0 el=0 er=0 ed=0 dl=0 dr=0 cl=0 cr=0 ok=448 fail=0 vofa=firewater rx=49 txdrop=0
1775029342.5848289,1775029342584828800,6653370006500,HB,111466,0.0,0,0.007,-0.009,0.0,0.0,0.0,0.0,0.0,0.0,0.0,0.0,0.0,0,0,,HB tick=111466 run=0 spd=1 ts=0.000 as=0.000 ta=0.000 aa=0.000 se=0.000 so=0.000 ae=0.000 ao=0.000 pwm=0 pc=0 hd=0 y=0.007 yr=-0.009 L=0 R=0 OL=0 OR=0 el=0 er=0 ed=0 dl=0 dr=0 cl=0 cr=0 ok=449 fail=0 vofa=firewater rx=58 txdrop=0
1775029342.9388504,1775029342938850200,6653724027700,HB,111816,0.0,0,0.007,-0.004,0.0,0.0,0.0,0.0,0.0,0.0,0.0,0.0,0.0,0,0,,HB tick=111816 run=0 spd=1 ts=0.000 as=0.000 ta=0.000 aa=0.000 se=0.000 so=0.000 ae=0.000 ao=0.000 pwm=0 pc=0 hd=0 y=0.007 yr=-0.004 L=0 R=0 OL=0 OR=0 el=0 er=0 ed=0 dl=0 dr=0 cl=0 cr=0 ok=450 fail=0 vofa=firewater rx=58 txdrop=0
1775029343.185509,1775029343185508900,6653970686200,HB,112047,0.0,0,0.007,-0.002,0.0,0.0,0.0,0.0,0.0,0.0,0.0,0.0,0.0,0,0,,HB tick=112047 run=0 spd=1 ts=0.000 as=0.000 ta=0.000 aa=0.000 se=0.000 so=0.000 ae=0.000 ao=0.000 pwm=0 pc=0 hd=0 y=0.007 yr=-0.002 L=0 R=0 OL=0 OR=0 el=0 er=0 ed=0 dl=0 dr=0 cl=0 cr=0 ok=451 fail=0 vofa=firewater rx=68 txdrop=0
1775029343.373363,1775029343373363000,6654158540100,HB,112251,0.0,0,0.014,0.01,0.0,0.0,0.0,0.0,0.0,0.0,0.0,0.0,0.0,0,0,,HB tick=112251 run=0 spd=1 ts=0.000 as=0.000 ta=0.000 aa=0.000 se=0.000 so=0.000 ae=0.000 ao=0.000 pwm=0 pc=0 hd=0 y=0.014 yr=0.010 L=0 R=0 OL=0 OR=0 el=0 er=0 ed=0 dl=0 dr=0 cl=0 cr=0 ok=452 fail=0 vofa=firewater rx=68 txdrop=0
1775029343.5799127,1775029343579912600,6654365089700,HB,112454,0.0,0,0.014,0.007,0.0,0.0,0.0,0.0,0.0,0.0,0.0,0.0,0.0,0,0,,HB tick=112454 run=0 spd=1 ts=0.000 as=0.000 ta=0.000 aa=0.000 se=0.000 so=0.000 ae=0.000 ao=0.000 pwm=0 pc=0 hd=0 y=0.014 yr=0.007 L=0 R=0 OL=0 OR=0 el=0 er=0 ed=0 dl=0 dr=0 cl=0 cr=0 ok=453 fail=0 vofa=firewater rx=68 txdrop=0
1775029343.9625962,1775029343962596200,6654747773500,HB,112843,0.0,0,0.007,-0.008,0.0,0.0,0.0,0.0,0.0,0.0,0.0,0.0,0.0,0,0,,HB tick=112843 run=0 spd=1 ts=0.000 as=0.000 ta=0.000 aa=0.000 se=0.000 so=0.000 ae=0.000 ao=0.000 pwm=0 pc=0 hd=0 y=0.007 yr=-0.008 L=0 R=0 OL=0 OR=0 el=0 er=0 ed=0 dl=0 dr=0 cl=0 cr=0 ok=454 fail=0 vofa=firewater rx=80 txdrop=0
1775029344.1907313,1775029344190731300,6654975908400,HB,113051,0.0,0,0.007,-0.005,0.0,0.0,0.0,0.0,0.0,0.0,0.0,0.0,0.0,0,0,,HB tick=113051 run=0 spd=1 ts=0.000 as=0.000 ta=0.000 aa=0.000 se=0.000 so=0.000 ae=0.000 ao=0.000 pwm=0 pc=0 hd=0 y=0.007 yr=-0.005 L=0 R=0 OL=0 OR=0 el=0 er=0 ed=0 dl=0 dr=0 cl=0 cr=0 ok=455 fail=0 vofa=firewater rx=80 txdrop=0
1775029344.37687,1775029344376869900,6655162047800,HB,113255,0.0,0,0.007,-0.003,0.0,0.0,0.0,0.0,0.0,0.0,0.0,0.0,0.0,0,0,,HB tick=113255 run=0 spd=1 ts=0.000 as=0.000 ta=0.000 aa=0.000 se=0.000 so=0.000 ae=0.000 ao=0.000 pwm=0 pc=0 hd=0 y=0.007 yr=-0.003 L=0 R=0 OL=0 OR=0 el=0 er=0 ed=0 dl=0 dr=0 cl=0 cr=0 ok=456 fail=0 vofa=firewater rx=80 txdrop=0
1775029344.5829067,1775029344582906600,6655368083800,HB,113459,0.0,0,0.014,0.009,0.0,0.0,0.0,0.0,0.0,0.0,0.0,0.0,0.0,0,0,,HB tick=113459 run=0 spd=1 ts=0.000 as=0.000 ta=0.000 aa=0.000 se=0.000 so=0.000 ae=0.000 ao=0.000 pwm=0 pc=0 hd=0 y=0.014 yr=0.009 L=0 R=0 OL=0 OR=0 el=0 er=0 ed=0 dl=0 dr=0 cl=0 cr=0 ok=457 fail=0 vofa=firewater rx=90 txdrop=0
1775029344.7797704,1775029344779770300,6655564947400,HB,113662,0.0,0,0.007,-0.005,0.0,0.0,0.0,0.0,0.0,0.0,0.0,0.0,0.0,0,0,,HB tick=113662 run=0 spd=1 ts=0.000 as=0.000 ta=0.000 aa=0.000 se=0.000 so=0.000 ae=0.000 ao=0.000 pwm=0 pc=0 hd=0 y=0.007 yr=-0.005 L=0 R=0 OL=0 OR=0 el=0 er=0 ed=0 dl=0 dr=0 cl=0 cr=0 ok=458 fail=0 vofa=firewater rx=90 txdrop=0
1775029344.988531,1775029344988531100,6655773708200,HB,113865,0.0,0,0.015,0.009,0.0,0.0,0.0,0.0,0.0,0.0,0.0,0.0,0.0,0,0,,HB tick=113865 run=0 spd=1 ts=0.000 as=0.000 ta=0.000 aa=0.000 se=0.000 so=0.000 ae=0.000 ao=0.000 pwm=0 pc=0 hd=0 y=0.015 yr=0.009 L=0 R=0 OL=0 OR=0 el=0 er=0 ed=0 dl=0 dr=0 cl=0 cr=0 ok=459 fail=0 vofa=firewater rx=90 txdrop=0
1775029345.309632,1775029345309632100,6656094809800,STAT,114170,0.0,0,0.014592,0.005919,0.0,0.0,0.0,0.0,0.0,0.0,0.0,0.0,0.0,0,0,,STAT tick=114170 run=0 spd=1 ts=0.000000 as=0.000000 ta=0.000000 aa=0.000000 se=0.000000 so=0.000000 ae=0.000000 ao=0.000000 pwm=0 pc=0 hd=0 y=0.014592 p=-0.461081 r=5.548748 yr=0.005919 ax=0 ay=0 az=0 gx=0 gy=0 gz=0 who=0x85 addr=0x4A icm_ok=578 icm_fail=0 L=0 R=0 OL=0 OR=0 el=0 er=0 ed=0 dl=0 dr=0 cl=0 cr=0 skp=0.100000 ski=0.012000 skd=0.000000 akp=0.240000 aki=0.002400 akd=0.320000 ok=460 fail=0 vofa=firewater rx=96 txdrop=0
1775029345.4041507,1775029345404150800,6656189328700,HB,114262,0.0,0,0.022,0.014,0.0,0.0,0.0,0.0,0.0,0.0,0.0,0.0,0.0,0,0,,HB tick=114262 run=0 spd=1 ts=0.000 as=0.000 ta=0.000 aa=0.000 se=0.000 so=0.000 ae=0.000 ao=0.000 pwm=0 pc=0 hd=0 y=0.022 yr=0.014 L=0 R=0 OL=0 OR=0 el=0 er=0 ed=0 dl=0 dr=0 cl=0 cr=0 ok=460 fail=0 vofa=firewater rx=96 txdrop=0
1775029345.5913537,1775029345591353600,6656376531100,HB,114470,0.0,0,0.022,0.009,0.0,0.0,0.0,0.0,0.0,0.0,0.0,0.0,0.0,0,0,,HB tick=114470 run=0 spd=1 ts=0.000 as=0.000 ta=0.000 aa=0.000 se=0.000 so=0.000 ae=0.000 ao=0.000 pwm=0 pc=0 hd=0 y=0.022 yr=0.009 L=0 R=0 OL=0 OR=0 el=0 er=0 ed=0 dl=0 dr=0 cl=0 cr=0 ok=461 fail=0 vofa=firewater rx=96 txdrop=0
1775029346.225155,1775029346225155000,6657010332200,HB,115078,0.0,1,0.416,0.634,14.0,13.0,1.0,12.0,12.0,1.0,1.0,14.0,13.0,0,0,,HB tick=115078 run=1 spd=1 ts=20.000 as=13.500 ta=0.000 aa=0.000 se=6.500 so=0.700 ae=0.000 ao=0.000 pwm=12 pc=1 hd=0 y=0.416 yr=0.634 L=1 R=1 OL=12 OR=12 el=14 er=13 ed=1 dl=14 dr=13 cl=0 cr=0 ok=462 fail=0 vofa=firewater rx=115 txdrop=0
1775029346.5915136,1775029346591513500,6657376697100,HB,115470,0.0,1,1.785,2.252,13.0,14.0,-1.0,11.0,13.0,0.0,2.0,13.0,14.0,0,0,,HB tick=115470 run=1 spd=1 ts=20.000 as=13.500 ta=0.000 aa=1.232 se=6.500 so=0.729 ae=-1.232 ao=-0.970 pwm=12 pc=1 hd=-1 y=1.785 yr=2.252 L=0 R=2 OL=11 OR=13 el=13 er=14 ed=-1 dl=13 dr=14 cl=0 cr=0 ok=463 fail=0 vofa=firewater rx=115 txdrop=0
1775029346.83658,1775029346836580000,6657621757300,HB,115693,0.0,1,1.302,0.701,13.0,13.0,0.0,11.0,13.0,0.0,2.0,13.0,13.0,0,0,,HB tick=115693 run=1 spd=1 ts=20.000 as=13.000 ta=0.000 aa=1.785 se=7.000 so=0.798 ae=-1.785 ao=-1.151 pwm=12 pc=1 hd=-1 y=1.302 yr=0.701 L=0 R=2 OL=11 OR=13 el=13 er=13 ed=0 dl=13 dr=13 cl=0 cr=0 ok=464 fail=0 vofa=firewater rx=115 txdrop=0
1775029347.1604247,1775029347160424800,6657945602200,HB,116036,0.0,1,1.091,-0.037,14.0,14.0,0.0,12.0,12.0,1.0,1.0,14.0,14.0,0,0,,HB tick=116036 run=1 spd=1 ts=20.000 as=14.000 ta=0.000 aa=1.156 se=6.000 so=0.722 ae=-1.156 ao=-0.322 pwm=12 pc=1 hd=0 y=1.091 yr=-0.037 L=1 R=1 OL=12 OR=12 el=14 er=14 ed=0 dl=14 dr=14 cl=0 cr=0 ok=465 fail=0 vofa=firewater rx=115 txdrop=0
1775029347.412536,1775029347412535800,6658197712900,HB,116270,0.0,1,-0.388,-2.245,13.0,14.0,-1.0,12.0,12.0,1.0,1.0,13.0,14.0,0,0,,HB tick=116270 run=1 spd=1 ts=20.000 as=13.500 ta=0.000 aa=1.091 se=6.500 so=0.789 ae=-1.091 ao=-0.253 pwm=12 pc=1 hd=0 y=-0.388 yr=-2.245 L=1 R=1 OL=12 OR=12 el=13 er=14 ed=-1 dl=13 dr=14 cl=0 cr=0 ok=466 fail=0 vofa=firewater rx=115 txdrop=0
1775029347.6221592,1775029347622159300,6658407336500,HB,116492,0.0,1,-1.782,-3.647,13.0,14.0,-1.0,13.0,11.0,2.0,0.0,13.0,14.0,0,0,,HB tick=116492 run=1 spd=1 ts=20.000 as=13.500 ta=0.000 aa=-0.388 se=6.500 so=0.806 ae=0.388 ao=0.808 pwm=12 pc=1 hd=1 y=-1.782 yr=-3.647 L=2 R=0 OL=13 OR=11 el=13 er=14 ed=-1 dl=13 dr=14 cl=0 cr=0 ok=467 fail=0 vofa=firewater rx=115 txdrop=0
1775029347.9777706,1775029347977770600,6658762947900,HB,116836,0.0,1,-1.849,-1.648,15.0,13.0,2.0,13.0,11.0,2.0,0.0,15.0,13.0,0,0,,HB tick=116836 run=1 spd=1 ts=20.000 as=14.000 ta=0.000 aa=-1.849 se=6.000 so=0.779 ae=1.849 ao=1.167 pwm=12 pc=1 hd=1 y=-1.849 yr=-1.648 L=2 R=0 OL=13 OR=11 el=15 er=13 ed=2 dl=15 dr=13 cl=0 cr=0 ok=468 fail=0 vofa=firewater rx=115 txdrop=0
1775029348.1951017,1775029348195101800,6658980279100,HB,117070,0.0,1,1.298,3.616,14.0,12.0,2.0,13.0,11.0,2.0,0.0,14.0,12.0,0,0,,HB tick=117070 run=1 spd=1 ts=20.000 as=13.000 ta=0.000 aa=-1.849 se=7.000 so=0.897 ae=1.849 ao=0.971 pwm=12 pc=1 hd=1 y=1.298 yr=3.616 L=2 R=0 OL=13 OR=11 el=14 er=12 ed=2 dl=14 dr=12 cl=0 cr=0 ok=469 fail=0 vofa=firewater rx=115 txdrop=0
1775029348.4236777,1775029348423677700,6659208855000,HB,117276,0.0,1,4.191,7.289,14.0,14.0,0.0,10.0,14.0,0.0,3.0,14.0,14.0,0,0,,HB tick=117276 run=1 spd=1 ts=20.000 as=14.000 ta=0.000 aa=4.191 se=6.000 so=0.812 ae=-4.191 ao=-2.458 pwm=12 pc=1 hd=-2 y=4.191 yr=7.289 L=0 R=3 OL=10 OR=14 el=14 er=14 ed=0 dl=14 dr=14 cl=0 cr=0 ok=470 fail=0 vofa=firewater rx=115 txdrop=0
1775029348.8287227,1775029348828722600,6659613899900,HB,117686,0.0,1,-1.272,-4.664,12.0,16.0,-4.0,11.0,13.0,0.0,2.0,12.0,16.0,0,0,,HB tick=117686 run=1 spd=1 ts=20.000 as=14.000 ta=0.000 aa=-1.272 se=6.000 so=0.841 ae=1.272 ao=-0.526 pwm=12 pc=1 hd=-1 y=-1.272 yr=-4.664 L=0 R=2 OL=11 OR=13 el=12 er=16 ed=-4 dl=12 dr=16 cl=0 cr=0 ok=471 fail=0 vofa=firewater rx=115 txdrop=0
1775029349.6149197,1775029349614919700,6660400096800,HB,118467,0.0,1,-1.246,1.176,15.0,12.0,3.0,14.0,10.0,3.0,0.0,15.0,12.0,0,0,,HB tick=118467 run=1 spd=1 ts=20.000 as=13.500 ta=0.000 aa=-3.192 se=6.500 so=0.951 ae=3.192 ao=1.644 pwm=12 pc=1 hd=2 y=-1.246 yr=1.176 L=3 R=0 OL=14 OR=10 el=15 er=12 ed=3 dl=15 dr=12 cl=0 cr=0 ok=473 fail=0 vofa=firewater rx=115 txdrop=0
1775029349.8022513,1775029349802251300,6660587428400,HB,118673,0.0,1,2.266,6.703,14.0,12.0,2.0,12.0,12.0,1.0,1.0,14.0,12.0,0,0,,HB tick=118673 run=1 spd=1 ts=20.000 as=13.000 ta=0.000 aa=-1.246 se=7.000 so=1.018 ae=1.246 ao=-0.077 pwm=12 pc=1 hd=0 y=2.266 yr=6.703 L=1 R=1 OL=12 OR=12 el=14 er=12 ed=2 dl=14 dr=12 cl=0 cr=0 ok=474 fail=0 vofa=firewater rx=115 txdrop=0
1775029350.020009,1775029350020009000,6660805186300,HB,118879,0.0,1,4.589,8.323,13.0,14.0,-1.0,10.0,14.0,0.0,3.0,13.0,14.0,0,0,,HB tick=118879 run=1 spd=1 ts=20.000 as=13.500 ta=0.000 aa=2.266 se=6.500 so=0.984 ae=-2.266 ao=-2.690 pwm=12 pc=1 hd=-2 y=4.589 yr=8.323 L=0 R=3 OL=10 OR=14 el=13 er=14 ed=-1 dl=13 dr=14 cl=0 cr=0 ok=475 fail=0 vofa=firewater rx=115 txdrop=0
1775029350.2182653,1775029350218265300,6661003443200,HB,119089,0.0,1,4.055,4.524,12.0,16.0,-4.0,10.0,14.0,0.0,3.0,12.0,16.0,0,0,,HB tick=119089 run=1 spd=1 ts=20.000 as=14.000 ta=0.000 aa=4.589 se=6.000 so=0.950 ae=-4.589 ao=-3.768 pwm=12 pc=1 hd=-2 y=4.055 yr=4.524 L=0 R=3 OL=10 OR=14 el=12 er=16 ed=-4 dl=12 dr=16 cl=0 cr=0 ok=476 fail=0 vofa=firewater rx=115 txdrop=0
1775029350.4369786,1775029350436978600,6661222156200,HB,119296,0.0,1,0.941,-2.35,12.0,16.0,-4.0,11.0,13.0,0.0,2.0,12.0,16.0,0,0,,HB tick=119296 run=1 spd=1 ts=20.000 as=14.000 ta=0.000 aa=0.941 se=6.000 so=0.965 ae=-0.941 ao=-1.129 pwm=12 pc=1 hd=-1 y=0.941 yr=-2.350 L=0 R=2 OL=11 OR=13 el=12 er=16 ed=-4 dl=12 dr=16 cl=0 cr=0 ok=477 fail=0 vofa=firewater rx=115 txdrop=0
1775029350.8514488,1775029350851448900,6661636626700,HB,119706,0.0,1,-5.971,-10.715,14.0,13.0,1.0,14.0,10.0,3.0,0.0,14.0,13.0,0,0,,HB tick=119706 run=1 spd=1 ts=20.000 as=13.500 ta=0.000 aa=-5.971 se=6.500 so=1.050 ae=5.971 ao=4.400 pwm=12 pc=1 hd=2 y=-5.971 yr=-10.715 L=3 R=0 OL=14 OR=10 el=14 er=13 ed=1 dl=14 dr=13 cl=0 cr=0 ok=478 fail=0 vofa=firewater rx=115 txdrop=0
1775029351.0495741,1775029351049574200,6661834759700,HB,119924,0.0,1,-4.053,-3.886,15.0,13.0,2.0,14.0,10.0,3.0,0.0,15.0,13.0,0,0,,HB tick=119924 run=1 spd=1 ts=20.000 as=14.000 ta=0.000 aa=-5.971 se=6.000 so=1.016 ae=5.971 ao=4.861 pwm=12 pc=1 hd=2 y=-4.053 yr=-3.886 L=3 R=0 OL=14 OR=10 el=15 er=13 ed=2 dl=15 dr=13 cl=0 cr=0 ok=479 fail=0 vofa=firewater rx=115 txdrop=0
1775029351.6752667,1775029351675266800,6662460443900,HB,120528,0.0,1,4.89,3.513,14.0,12.0,2.0,12.0,12.0,1.0,1.0,14.0,12.0,0,0,yaw_jump,HB tick=120528 run=1 spd=1 ts=20.000 as=13.000 ta=0.000 aa=0.518 se=7.000 so=0.740 ae=-0.518 ao=-0.305 pwm=12 pc=1 hd=0 y=4.890 yr=3.513 L=1 R=1 OL=12 OR=12 el=14 er=12 ed=2 dl=14 dr=12 cl=0 cr=0 ok=480 fail=0 vofa=firewater rx=134 txdrop=0
1775029351.884038,1775029351884037800,6662669215100,HB,120754,0.0,1,8.039,7.139,14.0,14.0,0.0,11.0,13.0,0.0,2.0,14.0,14.0,0,0,,HB tick=120754 run=1 spd=1 ts=20.000 as=14.000 ta=0.000 aa=2.334 se=6.000 so=0.657 ae=-2.334 ao=-1.419 pwm=12 pc=1 hd=-1 y=8.039 yr=7.139 L=0 R=2 OL=11 OR=13 el=14 er=14 ed=0 dl=14 dr=14 cl=0 cr=0 ok=481 fail=0 vofa=firewater rx=134 txdrop=0
1775029352.1129913,1775029352112991200,6662898168500,HB,120972,0.0,1,7.541,3.838,12.0,15.0,-3.0,10.0,14.0,0.0,3.0,12.0,15.0,0,0,,HB tick=120972 run=1 spd=1 ts=20.000 as=13.500 ta=0.000 aa=5.484 se=6.500 so=0.724 ae=-5.484 ao=-3.605 pwm=12 pc=1 hd=-2 y=7.541 yr=3.838 L=0 R=3 OL=10 OR=14 el=12 er=15 ed=-3 dl=12 dr=15 cl=0 cr=0 ok=482 fail=0 vofa=firewater rx=134 txdrop=0
1775029352.4365606,1775029352436560700,6663221738100,HB,121316,0.0,1,6.819,0.481,13.0,16.0,-3.0,11.0,13.0,0.0,2.0,13.0,16.0,0,0,,HB tick=121316 run=1 spd=1 ts=20.000 as=14.500 ta=0.000 aa=4.499 se=5.500 so=0.651 ae=-4.499 ao=-1.541 pwm=12 pc=1 hd=-1 y=6.819 yr=0.481 L=0 R=2 OL=11 OR=13 el=13 er=16 ed=-3 dl=13 dr=16 cl=0 cr=0 ok=483 fail=0 vofa=firewater rx=134 txdrop=0
1775029352.7075825,1775029352707582500,6663492759500,HB,121566,0.0,1,5.86,-1.036,17.0,5.0,12.0,11.0,13.0,0.0,2.0,17.0,5.0,0,0,,HB tick=121566 run=1 spd=1 ts=20.000 as=11.000 ta=0.000 aa=3.305 se=9.000 so=1.020 ae=-3.305 ao=-0.837 pwm=12 pc=1 hd=-1 y=5.860 yr=-1.036 L=0 R=2 OL=11 OR=13 el=17 er=5 ed=12 dl=17 dr=5 cl=0 cr=0 ok=484 fail=0 vofa=firewater rx=134 txdrop=0
1775029352.89604,1775029352896039900,6663681217800,HB,121767,0.0,1,11.662,9.38,15.0,5.0,10.0,12.0,12.0,1.0,1.0,15.0,5.0,0,0,,HB tick=121767 run=1 spd=1 ts=20.000 as=10.000 ta=0.000 aa=3.305 se=10.000 so=1.141 ae=-3.305 ao=-0.474 pwm=12 pc=1 hd=0 y=11.662 yr=9.380 L=1 R=1 OL=12 OR=12 el=15 er=5 ed=10 dl=15 dr=5 cl=0 cr=0 ok=485 fail=0 vofa=firewater rx=134 txdrop=0
1775029353.134847,1775029353134847000,6663920024000,HB,121990,0.0,1,39.538,50.045,13.0,11.0,2.0,10.0,14.0,0.0,3.0,13.0,11.0,0,0,yaw_jump,HB tick=121990 run=1 spd=1 ts=20.000 as=12.000 ta=0.000 aa=9.107 se=8.000 so=0.967 ae=-9.107 ao=-5.205 pwm=12 pc=1 hd=-2 y=39.538 yr=50.045 L=0 R=3 OL=10 OR=14 el=13 er=11 ed=2 dl=13 dr=11 cl=0 cr=0 ok=486 fail=0 vofa=firewater rx=134 txdrop=0
1775029353.4567382,1775029353456738200,6664241915200,HB,122334,0.0,1,40.554,22.749,13.0,14.0,-1.0,10.0,14.0,0.0,3.0,13.0,14.0,0,0,,HB tick=122334 run=1 spd=1 ts=20.000 as=13.500 ta=0.000 aa=37.679 se=6.500 so=0.847 ae=-37.679 ao=-7.000 pwm=12 pc=1 hd=-2 y=40.554 yr=22.749 L=0 R=3 OL=10 OR=14 el=13 er=14 ed=-1 dl=13 dr=14 cl=0 cr=0 ok=487 fail=0 vofa=firewater rx=134 txdrop=0
1775029353.7178812,1775029353717881100,6664503058200,HB,122567,0.0,1,43.139,18.67,12.0,15.0,-3.0,10.0,14.0,0.0,3.0,12.0,15.0,0,0,,HB tick=122567 run=1 spd=1 ts=20.000 as=13.500 ta=0.000 aa=37.999 se=6.500 so=0.864 ae=-37.999 ao=-7.000 pwm=12 pc=1 hd=-2 y=43.139 yr=18.670 L=0 R=3 OL=10 OR=14 el=12 er=15 ed=-3 dl=12 dr=15 cl=0 cr=0 ok=488 fail=0 vofa=firewater rx=134 txdrop=0
1775029353.9170725,1775029353917072700,6664702249900,HB,122789,0.0,1,37.654,3.527,12.0,15.0,-3.0,10.0,14.0,0.0,3.0,12.0,15.0,0,0,,HB tick=122789 run=1 spd=1 ts=20.000 as=13.500 ta=0.000 aa=40.584 se=6.500 so=0.881 ae=-40.584 ao=-7.000 pwm=12 pc=1 hd=-2 y=37.654 yr=3.527 L=0 R=3 OL=10 OR=14 el=12 er=15 ed=-3 dl=12 dr=15 cl=0 cr=0 ok=489 fail=0 vofa=firewater rx=134 txdrop=0
1775029354.3340027,1775029354334002700,6665119179500,HB,123194,0.0,1,30.218,-9.067,13.0,16.0,-3.0,10.0,14.0,0.0,3.0,13.0,16.0,0,0,,HB tick=123194 run=1 spd=1 ts=20.000 as=14.500 ta=0.000 aa=34.464 se=5.500 so=0.810 ae=-34.464 ao=-7.000 pwm=12 pc=1 hd=-2 y=30.218 yr=-9.067 L=0 R=3 OL=10 OR=14 el=13 er=16 ed=-3 dl=13 dr=16 cl=0 cr=0 ok=490 fail=0 vofa=firewater rx=134 txdrop=0
1775029354.5217667,1775029354521766700,6665306944100,HB,123395,0.0,1,28.971,-8.056,12.0,17.0,-5.0,10.0,14.0,0.0,3.0,12.0,17.0,0,0,,HB tick=123395 run=1 spd=1 ts=20.000 as=14.500 ta=0.000 aa=27.663 se=5.500 so=0.824 ae=-27.663 ao=-3.876 pwm=12 pc=1 hd=-2 y=28.971 yr=-8.056 L=0 R=3 OL=10 OR=14 el=12 er=17 ed=-5 dl=12 dr=17 cl=0 cr=0 ok=491 fail=0 vofa=firewater rx=134 txdrop=0
1775029354.8937268,1775029354893726800,6665678904000,HB,123744,0.0,1,24.26,-10.533,13.0,16.0,-3.0,11.0,13.0,0.0,2.0,13.0,16.0,0,0,,HB tick=123744 run=1 spd=1 ts=20.000 as=14.500 ta=0.000 aa=22.738 se=5.500 so=0.851 ae=-22.738 ao=-1.382 pwm=12 pc=1 hd=-1 y=24.260 yr=-10.533 L=0 R=2 OL=11 OR=13 el=13 er=16 ed=-3 dl=13 dr=16 cl=0 cr=0 ok=492 fail=0 vofa=firewater rx=134 txdrop=0
1775029355.1237056,1775029355123705700,6665908883300,HB,123998,0.0,1,11.716,-24.064,13.0,16.0,-3.0,10.0,14.0,0.0,3.0,13.0,16.0,0,0,yaw_jump,HB tick=123998 run=1 spd=1 ts=20.000 as=14.500 ta=0.000 aa=21.705 se=5.500 so=0.868 ae=-21.705 ao=-2.010 pwm=12 pc=1 hd=-2 y=11.716 yr=-24.064 L=0 R=3 OL=10 OR=14 el=13 er=16 ed=-3 dl=13 dr=16 cl=0 cr=0 ok=493 fail=0 vofa=firewater rx=134 txdrop=0
1775029355.4930718,1775029355493072000,6666278249300,HB,124353,0.0,1,8.927,-14.38,15.0,12.0,3.0,14.0,10.0,3.0,0.0,15.0,12.0,0,0,,HB tick=124353 run=1 spd=1 ts=20.000 as=13.500 ta=0.000 aa=7.299 se=6.500 so=0.995 ae=-7.299 ao=4.144 pwm=12 pc=1 hd=2 y=8.927 yr=-14.380 L=3 R=0 OL=14 OR=10 el=15 er=12 ed=3 dl=15 dr=12 cl=0 cr=0 ok=494 fail=0 vofa=firewater rx=134 txdrop=0
1775029355.7314296,1775029355731429600,6666516606800,HB,124603,0.0,1,14.066,-2.181,16.0,13.0,3.0,14.0,10.0,3.0,0.0,16.0,13.0,0,0,,HB tick=124603 run=1 spd=1 ts=20.000 as=14.500 ta=0.000 aa=6.372 se=5.500 so=0.912 ae=-6.372 ao=2.889 pwm=12 pc=1 hd=2 y=14.066 yr=-2.181 L=3 R=0 OL=14 OR=10 el=16 er=13 ed=3 dl=16 dr=13 cl=0 cr=0 ok=495 fail=0 vofa=firewater rx=134 txdrop=0
1775029355.9489849,1775029355948984900,6666734162200,HB,124805,0.0,1,15.112,0.404,13.0,14.0,-1.0,10.0,14.0,0.0,3.0,13.0,14.0,0,0,,HB tick=124805 run=1 spd=1 ts=20.000 as=13.500 ta=0.000 aa=11.511 se=6.500 so=1.026 ae=-11.511 ao=-2.253 pwm=12 pc=1 hd=-2 y=15.112 yr=0.404 L=0 R=3 OL=10 OR=14 el=13 er=14 ed=-1 dl=13 dr=14 cl=0 cr=0 ok=496 fail=0 vofa=firewater rx=134 txdrop=0
1775029356.1552114,1775029356155211500,6666940388700,HB,125028,0.0,1,14.053,-1.399,13.0,14.0,-1.0,10.0,14.0,0.0,3.0,13.0,14.0,0,0,,HB tick=125028 run=1 spd=1 ts=20.000 as=13.500 ta=0.000 aa=12.557 se=6.500 so=1.042 ae=-12.557 ao=-3.338 pwm=12 pc=1 hd=-2 y=14.053 yr=-1.399 L=0 R=3 OL=10 OR=14 el=13 er=14 ed=-1 dl=13 dr=14 cl=0 cr=0 ok=497 fail=0 vofa=firewater rx=155 txdrop=0
1775029356.5203674,1775029356520367300,6667305544500,HB,125372,0.0,1,13.383,-1.658,13.0,16.0,-3.0,10.0,14.0,0.0,3.0,13.0,16.0,0,0,,HB tick=125372 run=1 spd=1 ts=20.000 as=14.500 ta=0.000 aa=10.828 se=5.500 so=0.967 ae=-10.828 ao=-2.211 pwm=12 pc=1 hd=-2 y=13.383 yr=-1.658 L=0 R=3 OL=10 OR=14 el=13 er=16 ed=-3 dl=13 dr=16 cl=0 cr=0 ok=498 fail=0 vofa=firewater rx=155 txdrop=0
1775029356.7277465,1775029356727746500,6667512923800,HB,125605,0.0,1,8.07,-8.99,12.0,16.0,-4.0,10.0,14.0,0.0,3.0,12.0,16.0,0,0,,HB tick=125605 run=1 spd=1 ts=20.000 as=14.000 ta=0.000 aa=10.828 se=6.000 so=1.033 ae=-10.828 ao=-2.278 pwm=12 pc=1 hd=-2 y=8.070 yr=-8.990 L=0 R=3 OL=10 OR=14 el=12 er=16 ed=-4 dl=12 dr=16 cl=0 cr=0 ok=499 fail=0 vofa=firewater rx=155 txdrop=0
1775029356.956421,1775029356956420800,6667741597900,HB,125816,0.0,1,3.501,-13.458,14.0,14.0,0.0,14.0,10.0,3.0,0.0,14.0,14.0,0,0,,HB tick=125816 run=1 spd=1 ts=20.000 as=14.000 ta=0.000 aa=0.946 se=6.000 so=1.049 ae=-0.946 ao=2.794 pwm=12 pc=1 hd=2 y=3.501 yr=-13.458 L=3 R=0 OL=14 OR=10 el=14 er=14 ed=0 dl=14 dr=14 cl=0 cr=0 ok=500 fail=0 vofa=firewater rx=155 txdrop=0
1775029357.1653063,1775029357165306300,6667950483400,HB,126042,0.0,1,1.767,-11.422,15.0,13.0,2.0,14.0,10.0,3.0,0.0,15.0,13.0,0,0,,HB tick=126042 run=1 spd=1 ts=20.000 as=14.000 ta=0.000 aa=0.946 se=6.000 so=1.066 ae=-0.946 ao=3.866 pwm=12 pc=1 hd=2 y=1.767 yr=-11.422 L=3 R=0 OL=14 OR=10 el=15 er=13 ed=2 dl=15 dr=13 cl=0 cr=0 ok=501 fail=0 vofa=firewater rx=155 txdrop=0
1775029357.3844566,1775029357384456700,6668169633800,HB,126244,0.0,1,2.211,-6.652,11.0,8.0,3.0,15.0,11.0,4.0,0.0,11.0,8.0,0,0,,HB tick=126244 run=1 spd=1 ts=20.000 as=9.500 ta=0.000 aa=-0.788 se=10.500 so=1.532 ae=0.788 ao=3.631 pwm=13 pc=2 hd=2 y=2.211 yr=-6.652 L=4 R=0 OL=15 OR=11 el=11 er=8 ed=3 dl=11 dr=8 cl=0 cr=0 ok=502 fail=0 vofa=firewater rx=155 txdrop=0
1775029357.5717428,1775029357571742700,6668356920000,HB,126451,0.0,1,4.428,-0.592,6.0,0.0,6.0,15.0,11.0,4.0,0.0,6.0,0.0,0,0,right_output_without_encoder,HB tick=126451 run=1 spd=1 ts=20.000 as=3.000 ta=0.000 aa=-0.345 se=17.000 so=2.220 ae=0.345 ao=1.998 pwm=13 pc=2 hd=2 y=4.428 yr=-0.592 L=4 R=0 OL=15 OR=11 el=6 er=0 ed=6 dl=6 dr=0 cl=0 cr=0 ok=503 fail=0 vofa=firewater rx=155 txdrop=0
1775029358.0034754,1775029358003475400,6668788652800,HB,126874,0.0,1,-9.515,-15.137,19.0,13.0,6.0,14.0,10.0,3.0,0.0,19.0,13.0,0,0,yaw_jump,HB tick=126874 run=1 spd=1 ts=20.000 as=16.000 ta=0.000 aa=-11.311 se=4.000 so=0.953 ae=11.311 ao=7.000 pwm=12 pc=1 hd=2 y=-9.515 yr=-15.137 L=3 R=0 OL=14 OR=10 el=19 er=13 ed=6 dl=19 dr=13 cl=0 cr=0 ok=505 fail=0 vofa=firewater rx=176 txdrop=0
1775029358.2234004,1775029358223400400,6669008577500,HB,127081,0.0,1,-21.406,-30.142,19.0,13.0,6.0,14.0,10.0,3.0,0.0,19.0,13.0,0,0,yaw_jump,HB tick=127081 run=1 spd=1 ts=20.000 as=16.000 ta=0.000 aa=-23.961 se=4.000 so=0.963 ae=23.961 ao=7.000 pwm=12 pc=1 hd=2 y=-21.406 yr=-30.142 L=3 R=0 OL=14 OR=10 el=19 er=13 ed=6 dl=19 dr=13 cl=0 cr=0 ok=506 fail=0 vofa=firewater rx=176 txdrop=0
1775029358.4195442,1775029358419544200,6669204721400,HB,127291,0.0,1,-25.415,-26.211,20.0,14.0,6.0,14.0,10.0,3.0,0.0,20.0,14.0,0,0,,HB tick=127291 run=1 spd=1 ts=20.000 as=17.000 ta=0.000 aa=-23.961 se=3.000 so=0.873 ae=23.961 ao=7.000 pwm=12 pc=1 hd=2 y=-25.415 yr=-26.211 L=3 R=0 OL=14 OR=10 el=20 er=14 ed=6 dl=20 dr=14 cl=0 cr=0 ok=507 fail=0 vofa=firewater rx=176 txdrop=0
1775029358.6586702,1775029358658670200,6669443847400,HB,127513,0.0,1,-12.396,3.581,19.0,12.0,7.0,14.0,10.0,3.0,0.0,19.0,12.0,0,0,yaw_jump,HB tick=127513 run=1 spd=1 ts=20.000 as=15.500 ta=0.000 aa=-27.971 se=4.500 so=1.033 ae=27.971 ao=7.000 pwm=12 pc=1 hd=2 y=-12.396 yr=3.581 L=3 R=0 OL=14 OR=10 el=19 er=12 ed=7 dl=19 dr=12 cl=0 cr=0 ok=508 fail=0 vofa=firewater rx=176 txdrop=0
1775029359.0225377,1775029359022537700,6669807715300,HB,127900,0.0,1,-3.099,15.524,18.0,14.0,4.0,13.0,11.0,2.0,0.0,18.0,14.0,0,0,yaw_jump,HB tick=127900 run=1 spd=1 ts=20.000 as=16.000 ta=0.000 aa=-13.280 se=4.000 so=1.002 ae=13.280 ao=1.094 pwm=12 pc=1 hd=1 y=-3.099 yr=15.524 L=2 R=0 OL=13 OR=11 el=18 er=14 ed=4 dl=18 dr=14 cl=0 cr=0 ok=509 fail=0 vofa=firewater rx=176 txdrop=0
1775029359.2624779,1775029359262477900,6670047654900,HB,128122,0.0,1,6.536,25.35,13.0,19.0,-6.0,10.0,14.0,0.0,3.0,13.0,19.0,0,0,yaw_jump,HB tick=128122 run=1 spd=1 ts=20.000 as=16.000 ta=0.000 aa=-5.654 se=4.000 so=1.012 ae=5.654 ao=-3.770 pwm=12 pc=1 hd=-2 y=6.536 yr=25.350 L=0 R=3 OL=10 OR=14 el=13 er=19 ed=-6 dl=13 dr=19 cl=0 cr=0 ok=510 fail=0 vofa=firewater rx=176 txdrop=0
1775029359.4487853,1775029359448785500,6670233962500,HB,128324,0.0,1,5.836,15.271,10.0,11.0,-1.0,11.0,15.0,0.0,4.0,10.0,11.0,0,0,,HB tick=128324 run=1 spd=1 ts=20.000 as=10.500 ta=0.000 aa=3.981 se=9.500 so=1.578 ae=-3.981 ao=-7.000 pwm=13 pc=2 hd=-2 y=5.836 yr=15.271 L=0 R=4 OL=11 OR=15 el=10 er=11 ed=-1 dl=10 dr=11 cl=0 cr=0 ok=511 fail=0 vofa=firewater rx=176 txdrop=0
1775029359.8855069,1775029359885506800,6670670684100,HB,128757,0.0,1,-1.005,-3.551,11.0,16.0,-5.0,10.0,14.0,0.0,3.0,11.0,16.0,0,0,,HB tick=128757 run=1 spd=1 ts=20.000 as=13.500 ta=0.000 aa=2.107 se=6.500 so=1.317 ae=-2.107 ao=-3.205 pwm=12 pc=1 hd=-2 y=-1.005 yr=-3.551 L=0 R=3 OL=10 OR=14 el=11 er=16 ed=-5 dl=11 dr=16 cl=0 cr=0 ok=513 fail=0 vofa=firewater rx=176 txdrop=0
1775029360.300591,1775029360300591100,6671085768200,HB,129159,0.0,1,-1.772,-2.258,12.0,13.0,-1.0,12.0,12.0,1.0,1.0,12.0,13.0,0,0,,HB tick=129159 run=1 spd=1 ts=20.000 as=12.500 ta=0.000 aa=-1.316 se=7.500 so=0.773 ae=1.316 ao=0.362 pwm=12 pc=1 hd=0 y=-1.772 yr=-2.258 L=1 R=1 OL=12 OR=12 el=12 er=13 ed=-1 dl=12 dr=13 cl=0 cr=0 ok=514 fail=0 vofa=firewater rx=181 txdrop=0
1775029360.509414,1775029360509413900,6671294591000,HB,129386,0.0,1,-3.388,-3.948,14.0,14.0,0.0,13.0,11.0,2.0,0.0,14.0,14.0,0,0,,HB tick=129386 run=1 spd=1 ts=20.000 as=14.000 ta=0.000 aa=-1.316 se=6.000 so=0.641 ae=1.316 ao=0.705 pwm=12 pc=1 hd=1 y=-3.388 yr=-3.948 L=2 R=0 OL=13 OR=11 el=14 er=14 ed=0 dl=14 dr=14 cl=0 cr=0 ok=515 fail=0 vofa=firewater rx=181 txdrop=0
1775029360.7331183,1775029360733118101,6671518295201,HB,129587,0.0,1,-3.601,-2.939,13.0,13.0,0.0,14.0,10.0,3.0,0.0,13.0,13.0,0,0,,HB tick=129587 run=1 spd=1 ts=20.000 as=13.000 ta=0.000 aa=-2.932 se=7.000 so=0.757 ae=2.932 ao=1.701 pwm=12 pc=1 hd=2 y=-3.601 yr=-2.939 L=3 R=0 OL=14 OR=10 el=13 er=13 ed=0 dl=13 dr=13 cl=0 cr=0 ok=516 fail=0 vofa=firewater rx=181 txdrop=0
1775029360.9194705,1775029360919470500,6671704647700,HB,129792,0.0,1,-3.875,-2.377,14.0,12.0,2.0,14.0,10.0,3.0,0.0,14.0,12.0,0,0,,HB tick=129792 run=1 spd=1 ts=20.000 as=13.000 ta=0.000 aa=-3.145 se=7.000 so=0.774 ae=3.145 ao=1.699 pwm=12 pc=1 hd=2 y=-3.875 yr=-2.377 L=3 R=0 OL=14 OR=10 el=14 er=12 ed=2 dl=14 dr=12 cl=0 cr=0 ok=517 fail=0 vofa=firewater rx=181 txdrop=0
1775029361.138255,1775029361138254800,6671923432300,HB,129999,0.0,1,-2.901,0.111,15.0,13.0,2.0,13.0,11.0,2.0,0.0,15.0,13.0,0,0,,HB tick=129999 run=1 spd=1 ts=20.000 as=14.000 ta=0.000 aa=-2.445 se=6.000 so=0.690 ae=2.445 ao=1.154 pwm=12 pc=1 hd=1 y=-2.901 yr=0.111 L=2 R=0 OL=13 OR=11 el=15 er=13 ed=2 dl=15 dr=13 cl=0 cr=0 ok=518 fail=0 vofa=firewater rx=181 txdrop=0
1775029361.4708247,1775029361470824600,6672256001900,HB,130352,0.0,1,-0.467,3.748,15.0,14.0,1.0,11.0,13.0,0.0,2.0,15.0,14.0,0,0,,HB tick=130352 run=1 spd=1 ts=20.000 as=14.500 ta=0.000 aa=-0.768 se=5.500 so=0.666 ae=0.768 ao=-0.956 pwm=12 pc=1 hd=-1 y=-0.467 yr=3.748 L=0 R=2 OL=11 OR=13 el=15 er=14 ed=1 dl=15 dr=14 cl=0 cr=0 ok=519 fail=0 vofa=firewater rx=181 txdrop=0
1775029361.7324514,1775029361732451400,6672517628500,HB,130586,0.0,1,2.139,6.351,14.0,14.0,0.0,11.0,13.0,0.0,2.0,14.0,14.0,0,0,,HB tick=130586 run=1 spd=1 ts=20.000 as=14.000 ta=0.000 aa=-0.011 se=6.000 so=0.734 ae=0.011 ao=-1.190 pwm=12 pc=1 hd=-1 y=2.139 yr=6.351 L=0 R=2 OL=11 OR=13 el=14 er=14 ed=0 dl=14 dr=14 cl=0 cr=0 ok=520 fail=0 vofa=firewater rx=181 txdrop=0
1775029362.096459,1775029362096459100,6672881636700,HB,130977,0.0,1,2.837,3.734,19.0,7.0,12.0,10.0,14.0,0.0,3.0,19.0,7.0,0,0,,HB tick=130977 run=1 spd=1 ts=20.000 as=13.000 ta=0.000 aa=2.695 se=7.000 so=0.867 ae=-2.695 ao=-2.033 pwm=12 pc=1 hd=-2 y=2.837 yr=3.734 L=0 R=3 OL=10 OR=14 el=19 er=7 ed=12 dl=19 dr=7 cl=0 cr=0 ok=521 fail=0 vofa=firewater rx=181 txdrop=0
1775029362.5313752,1775029362531375000,6673316552200,HB,131390,0.0,1,44.458,60.201,12.0,12.0,0.0,10.0,14.0,0.0,3.0,12.0,12.0,0,0,yaw_jump,HB tick=131390 run=1 spd=1 ts=20.000 as=12.000 ta=0.000 aa=12.532 se=8.000 so=1.011 ae=-12.532 ao=-7.000 pwm=12 pc=1 hd=-2 y=44.458 yr=60.201 L=0 R=3 OL=10 OR=14 el=12 er=12 ed=0 dl=12 dr=12 cl=0 cr=0 ok=522 fail=0 vofa=firewater rx=181 txdrop=0
1775029362.9692092,1775029362969209200,6673754386000,HB,131826,0.0,1,4.058,4.11,13.0,10.0,3.0,12.0,12.0,1.0,1.0,13.0,10.0,0,0,yaw_jump,HB tick=131826 run=1 spd=1 ts=20.000 as=11.500 ta=0.000 aa=0.000 se=8.500 so=0.875 ae=0.000 ao=0.000 pwm=12 pc=1 hd=0 y=4.058 yr=4.110 L=1 R=1 OL=12 OR=12 el=13 er=10 ed=3 dl=13 dr=10 cl=0 cr=0 ok=523 fail=0 vofa=firewater rx=186 txdrop=0
1775029363.3739479,1775029363373947800,6674159125100,HB,132230,0.0,1,6.718,5.525,14.0,14.0,0.0,10.0,14.0,0.0,3.0,14.0,14.0,0,0,,HB tick=132230 run=1 spd=1 ts=20.000 as=14.000 ta=0.000 aa=3.121 se=6.000 so=0.657 ae=-3.121 ao=-1.731 pwm=12 pc=1 hd=-2 y=6.718 yr=5.525 L=0 R=3 OL=10 OR=14 el=14 er=14 ed=0 dl=14 dr=14 cl=0 cr=0 ok=524 fail=0 vofa=firewater rx=186 txdrop=0
1775029363.550866,1775029363550865900,6674336043400,HB,132432,0.0,1,6.667,3.502,14.0,15.0,-1.0,10.0,14.0,0.0,3.0,14.0,15.0,0,0,,HB tick=132432 run=1 spd=1 ts=20.000 as=14.500 ta=0.000 aa=5.209 se=5.500 so=0.621 ae=-5.209 ao=-3.023 pwm=12 pc=1 hd=-2 y=6.667 yr=3.502 L=0 R=3 OL=10 OR=14 el=14 er=15 ed=-1 dl=14 dr=15 cl=0 cr=0 ok=525 fail=0 vofa=firewater rx=186 txdrop=0
1775029363.7808409,1775029363780840900,6674566018400,HB,132638,0.0,1,5.738,0.69,13.0,15.0,-2.0,10.0,14.0,0.0,3.0,13.0,15.0,0,0,,HB tick=132638 run=1 spd=1 ts=20.000 as=14.000 ta=0.000 aa=4.228 se=6.000 so=0.686 ae=-4.228 ao=-1.918 pwm=12 pc=1 hd=-2 y=5.738 yr=0.690 L=0 R=3 OL=10 OR=14 el=13 er=15 ed=-2 dl=13 dr=15 cl=0 cr=0 ok=526 fail=0 vofa=firewater rx=186 txdrop=0
1775029363.9671972,1775029363967197100,6674752374200,HB,132849,0.0,1,3.205,-3.753,13.0,15.0,-2.0,10.0,14.0,0.0,3.0,13.0,15.0,0,0,,HB tick=132849 run=1 spd=1 ts=20.000 as=14.000 ta=0.000 aa=4.228 se=6.000 so=0.701 ae=-4.228 ao=-1.246 pwm=12 pc=1 hd=-2 y=3.205 yr=-3.753 L=0 R=3 OL=10 OR=14 el=13 er=15 ed=-2 dl=13 dr=15 cl=0 cr=0 ok=527 fail=0 vofa=firewater rx=186 txdrop=0
1775029364.227383,1775029364227382700,6675012559800,HB,133076,0.0,1,-0.27,-7.797,15.0,13.0,2.0,12.0,12.0,1.0,1.0,15.0,13.0,0,0,,HB tick=133076 run=1 spd=1 ts=20.000 as=14.000 ta=0.000 aa=1.695 se=6.000 so=0.717 ae=-1.695 ao=0.783 pwm=12 pc=1 hd=0 y=-0.270 yr=-7.797 L=1 R=1 OL=12 OR=12 el=15 er=13 ed=2 dl=15 dr=13 cl=0 cr=0 ok=528 fail=0 vofa=firewater rx=186 txdrop=0
1775029364.4046233,1775029364404623400,6675189800600,HB,133277,0.0,1,-0.326,-5.165,15.0,13.0,2.0,14.0,10.0,3.0,0.0,15.0,13.0,0,0,,HB tick=133277 run=1 spd=1 ts=20.000 as=14.000 ta=0.000 aa=-1.780 se=6.000 so=0.731 ae=1.780 ao=2.912 pwm=12 pc=1 hd=2 y=-0.326 yr=-5.165 L=3 R=0 OL=14 OR=10 el=15 er=13 ed=2 dl=15 dr=13 cl=0 cr=0 ok=529 fail=0 vofa=firewater rx=186 txdrop=0
1775029364.633805,1775029364633805100,6675418982300,HB,133483,0.0,1,0.964,-1.155,15.0,13.0,2.0,13.0,11.0,2.0,0.0,15.0,13.0,0,0,,HB tick=133483 run=1 spd=1 ts=20.000 as=14.000 ta=0.000 aa=-0.546 se=6.000 so=0.746 ae=0.546 ao=1.454 pwm=12 pc=1 hd=1 y=0.964 yr=-1.155 L=2 R=0 OL=13 OR=11 el=15 er=13 ed=2 dl=15 dr=13 cl=0 cr=0 ok=530 fail=0 vofa=firewater rx=186 txdrop=0
1775029364.8117619,1775029364811762000,6675596939500,HB,133689,0.0,1,3.115,2.887,15.0,13.0,2.0,12.0,12.0,1.0,1.0,15.0,13.0,0,0,,HB tick=133689 run=1 spd=1 ts=20.000 as=14.000 ta=0.000 aa=-0.546 se=6.000 so=0.758 ae=0.546 ao=0.492 pwm=12 pc=1 hd=0 y=3.115 yr=2.887 L=1 R=1 OL=12 OR=12 el=15 er=13 ed=2 dl=15 dr=13 cl=0 cr=0 ok=531 fail=0 vofa=firewater rx=186 txdrop=0
1775029365.0600383,1775029365060038400,6675845215600,HB,133916,0.0,1,1.415,-0.757,2.0,4.0,-2.0,12.0,14.0,1.0,3.0,2.0,4.0,0,0,,HB tick=133916 run=1 spd=1 ts=20.000 as=3.000 ta=0.000 aa=1.606 se=17.000 so=1.883 ae=-1.606 ao=-1.319 pwm=13 pc=2 hd=-1 y=1.415 yr=-0.757 L=1 R=3 OL=12 OR=14 el=2 er=4 ed=-2 dl=2 dr=4 cl=0 cr=0 ok=532 fail=0 vofa=firewater rx=186 txdrop=0
1775029365.3924277,1775029365392427800,6676177604900,HB,134271,0.0,1,-9.52,-18.223,2.0,0.0,2.0,15.0,11.0,4.0,0.0,2.0,0.0,0,0,right_output_without_encoder|yaw_jump,HB tick=134271 run=1 spd=1 ts=20.000 as=1.000 ta=0.000 aa=-5.988 se=19.000 so=2.168 ae=5.988 ao=4.937 pwm=13 pc=2 hd=2 y=-9.520 yr=-18.223 L=4 R=0 OL=15 OR=11 el=2 er=0 ed=2 dl=2 dr=0 cl=0 cr=0 ok=533 fail=0 vofa=firewater rx=186 txdrop=0
1775029365.8311565,1775029365831156500,6676616333700,HB,134692,0.0,1,-20.03,-23.46,6.0,0.0,6.0,15.0,11.0,4.0,0.0,6.0,0.0,0,0,right_output_without_encoder|yaw_jump,HB tick=134692 run=1 spd=1 ts=20.000 as=3.000 ta=0.000 aa=-11.554 se=17.000 so=2.057 ae=11.554 ao=6.878 pwm=13 pc=2 hd=2 y=-20.030 yr=-23.460 L=4 R=0 OL=15 OR=11 el=6 er=0 ed=6 dl=6 dr=0 cl=0 cr=0 ok=534 fail=0 vofa=firewater rx=186 txdrop=0
1775029366.0384133,1775029366038413300,6676823590700,HB,134919,0.0,1,-38.815,-44.086,7.0,0.0,7.0,15.0,11.0,4.0,0.0,7.0,0.0,0,0,right_output_without_encoder|yaw_jump,HB tick=134919 run=1 spd=1 ts=20.000 as=3.500 ta=0.000 aa=-21.539 se=16.500 so=2.051 ae=21.539 ao=7.000 pwm=13 pc=2 hd=2 y=-38.815 yr=-44.086 L=4 R=0 OL=15 OR=11 el=7 er=0 ed=7 dl=7 dr=0 cl=0 cr=0 ok=535 fail=0 vofa=firewater rx=186 txdrop=0
1775029366.2669592,1775029366266959200,6677052136400,HB,135121,0.0,1,-37.052,-25.585,11.0,7.0,4.0,15.0,11.0,4.0,0.0,11.0,7.0,0,0,,HB tick=135121 run=1 spd=1 ts=20.000 as=9.000 ta=0.000 aa=-40.324 se=11.000 so=1.537 ae=40.324 ao=7.000 pwm=13 pc=2 hd=2 y=-37.052 yr=-25.585 L=4 R=0 OL=15 OR=11 el=11 er=7 ed=4 dl=11 dr=7 cl=0 cr=0 ok=536 fail=0 vofa=firewater rx=186 txdrop=0
1775029366.4533603,1775029366453360300,6677238537400,HB,135327,0.0,1,-31.77,-7.7,12.0,11.0,1.0,14.0,10.0,3.0,0.0,12.0,11.0,0,0,,HB tick=135327 run=1 spd=1 ts=20.000 as=11.500 ta=0.000 aa=-38.561 se=8.500 so=1.309 ae=38.561 ao=7.000 pwm=12 pc=1 hd=2 y=-31.770 yr=-7.700 L=3 R=0 OL=14 OR=10 el=12 er=11 ed=1 dl=12 dr=11 cl=0 cr=0 ok=537 fail=0 vofa=firewater rx=186 txdrop=0
1775029366.7012198,1775029366701219800,6677486396900,HB,135554,0.0,1,-28.09,0.693,15.0,13.0,2.0,14.0,10.0,3.0,0.0,15.0,13.0,0,0,,HB tick=135554 run=1 spd=1 ts=20.000 as=14.000 ta=0.000 aa=-33.279 se=6.000 so=1.078 ae=33.279 ao=7.000 pwm=12 pc=1 hd=2 y=-28.090 yr=0.693 L=3 R=0 OL=14 OR=10 el=15 er=13 ed=2 dl=15 dr=13 cl=0 cr=0 ok=538 fail=0 vofa=firewater rx=186 txdrop=0
1775029367.0121655,1775029367012165700,6677797343200,HB,135893,0.0,1,-27.113,1.84,15.0,12.0,3.0,14.0,10.0,3.0,0.0,15.0,12.0,0,0,,HB tick=135893 run=1 spd=1 ts=20.000 as=13.500 ta=0.000 aa=-28.905 se=6.500 so=1.153 ae=28.905 ao=6.394 pwm=12 pc=1 hd=2 y=-27.113 yr=1.840 L=3 R=0 OL=14 OR=10 el=15 er=12 ed=3 dl=15 dr=12 cl=0 cr=0 ok=539 fail=0 vofa=firewater rx=186 txdrop=0
1775029367.284017,1775029367284017100,6678069196200,HB,136143,0.0,1,-18.069,13.908,16.0,11.0,5.0,14.0,10.0,3.0,0.0,16.0,11.0,0,0,yaw_jump,HB tick=136143 run=1 spd=1 ts=20.000 as=13.500 ta=0.000 aa=-19.579 se=6.500 so=1.173 ae=19.579 ao=3.258 pwm=12 pc=1 hd=2 y=-18.069 yr=13.908 L=3 R=0 OL=14 OR=10 el=16 er=11 ed=5 dl=16 dr=11 cl=0 cr=0 ok=540 fail=0 vofa=firewater rx=186 txdrop=0
1775029367.6909251,1775029367690925000,6678476102400,HB,136548,0.0,1,-31.859,-13.641,5.0,17.0,-12.0,14.0,10.0,3.0,0.0,5.0,17.0,0,0,yaw_jump,HB tick=136548 run=1 spd=1 ts=20.000 as=11.000 ta=0.000 aa=-33.368 se=9.000 so=1.458 ae=33.368 ao=6.534 pwm=12 pc=1 hd=2 y=-31.859 yr=-13.641 L=3 R=0 OL=14 OR=10 el=5 er=17 ed=-12 dl=5 dr=17 cl=0 cr=0 ok=541 fail=0 vofa=firewater rx=186 txdrop=0
1775029368.0627115,1775029368062711600,6678847888700,HB,136936,0.0,1,-41.823,-20.593,13.0,12.0,1.0,14.0,10.0,3.0,0.0,13.0,12.0,0,0,yaw_jump,HB tick=136936 run=1 spd=1 ts=20.000 as=12.500 ta=0.000 aa=-36.924 se=7.500 so=1.347 ae=36.924 ao=7.000 pwm=12 pc=1 hd=2 y=-41.823 yr=-20.593 L=3 R=0 OL=14 OR=10 el=13 er=12 ed=1 dl=13 dr=12 cl=0 cr=0 ok=542 fail=0 vofa=firewater rx=186 txdrop=0
1775029368.4777992,1775029368477799200,6679262976700,HB,137329,0.0,1,-41.872,-8.696,15.0,13.0,2.0,14.0,10.0,3.0,0.0,15.0,13.0,0,0,,HB tick=137329 run=1 spd=1 ts=20.000 as=14.000 ta=0.000 aa=-44.108 se=6.000 so=1.226 ae=44.108 ao=7.000 pwm=12 pc=1 hd=2 y=-41.872 yr=-8.696 L=3 R=0 OL=14 OR=10 el=15 er=13 ed=2 dl=15 dr=13 cl=0 cr=0 ok=543 fail=0 vofa=firewater rx=186 txdrop=0
1775029368.674811,1775029368674810800,6679459987900,HB,137556,0.0,1,-37.278,1.4,15.0,12.0,3.0,14.0,10.0,3.0,0.0,15.0,12.0,0,0,,HB tick=137556 run=1 spd=1 ts=20.000 as=13.500 ta=0.000 aa=-43.382 se=6.500 so=1.293 ae=43.382 ao=7.000 pwm=12 pc=1 hd=2 y=-37.278 yr=1.400 L=3 R=0 OL=14 OR=10 el=15 er=12 ed=3 dl=15 dr=12 cl=0 cr=0 ok=544 fail=0 vofa=firewater rx=186 txdrop=0
1775029368.9165998,1775029368916599700,6679701776900,HB,137774,0.0,1,-33.419,7.134,16.0,12.0,4.0,14.0,10.0,3.0,0.0,16.0,12.0,0,0,,HB tick=137774 run=1 spd=1 ts=20.000 as=14.000 ta=0.000 aa=-38.788 se=6.000 so=1.260 ae=38.788 ao=7.000 pwm=12 pc=1 hd=2 y=-33.419 yr=7.134 L=3 R=0 OL=14 OR=10 el=16 er=12 ed=4 dl=16 dr=12 cl=0 cr=0 ok=545 fail=0 vofa=firewater rx=186 txdrop=0
1775029369.0936162,1775029369093616000,6679878793100,HB,137975,0.0,1,-32.299,6.579,16.0,13.0,3.0,14.0,10.0,3.0,0.0,16.0,13.0,0,0,,HB tick=137975 run=1 spd=1 ts=20.000 as=14.500 ta=0.000 aa=-34.929 se=5.500 so=1.223 ae=34.929 ao=6.367 pwm=12 pc=1 hd=2 y=-32.299 yr=6.579 L=3 R=0 OL=14 OR=10 el=16 er=13 ed=3 dl=16 dr=13 cl=0 cr=0 ok=546 fail=0 vofa=firewater rx=186 txdrop=0
1775029369.3424668,1775029369342466900,6680127644000,HB,138197,0.0,1,-25.162,15.578,16.0,12.0,4.0,14.0,10.0,3.0,0.0,16.0,12.0,0,0,,HB tick=138197 run=1 spd=1 ts=20.000 as=14.000 ta=0.000 aa=-33.808 se=6.000 so=1.289 ae=33.808 ao=6.294 pwm=12 pc=1 hd=2 y=-25.162 yr=15.578 L=3 R=0 OL=14 OR=10 el=16 er=12 ed=4 dl=16 dr=12 cl=0 cr=0 ok=547 fail=0 vofa=firewater rx=186 txdrop=0
1775029369.518459,1775029369518459100,6680303636100,HB,138398,0.0,1,-23.94,12.244,16.0,12.0,4.0,14.0,10.0,3.0,0.0,16.0,12.0,0,0,,HB tick=138398 run=1 spd=1 ts=20.000 as=14.000 ta=0.000 aa=-26.672 se=6.000 so=1.303 ae=26.672 ao=1.714 pwm=12 pc=1 hd=2 y=-23.940 yr=12.244 L=3 R=0 OL=14 OR=10 el=16 er=12 ed=4 dl=16 dr=12 cl=0 cr=0 ok=548 fail=0 vofa=firewater rx=186 txdrop=0
1775029369.7468805,1775029369746880600,6680532057500,HB,138605,0.0,1,-19.806,14.981,16.0,11.0,5.0,14.0,10.0,3.0,0.0,16.0,11.0,0,0,,HB tick=138605 run=1 spd=1 ts=20.000 as=13.500 ta=0.000 aa=-25.449 se=6.500 so=1.369 ae=25.449 ao=2.500 pwm=12 pc=1 hd=2 y=-19.806 yr=14.981 L=3 R=0 OL=14 OR=10 el=16 er=11 ed=5 dl=16 dr=11 cl=0 cr=0 ok=549 fail=0 vofa=firewater rx=186 txdrop=0
1775029369.944697,1775029369944696900,6680729874100,HB,138826,0.0,1,-13.401,19.837,7.0,20.0,-13.0,13.0,11.0,2.0,0.0,7.0,20.0,0,0,,HB tick=138826 run=1 spd=1 ts=20.000 as=13.500 ta=0.000 aa=-21.316 se=6.500 so=1.386 ae=21.316 ao=0.644 pwm=12 pc=1 hd=1 y=-13.401 yr=19.837 L=2 R=0 OL=13 OR=11 el=7 er=20 ed=-13 dl=7 dr=20 cl=0 cr=0 ok=550 fail=0 vofa=firewater rx=186 txdrop=0
1775029370.357573,1775029370357573100,6681142750600,HB,139215,0.0,1,-43.632,-37.247,11.0,13.0,-2.0,15.0,11.0,4.0,0.0,11.0,13.0,0,0,yaw_jump,HB tick=139215 run=1 spd=1 ts=20.000 as=12.000 ta=0.000 aa=-17.593 se=8.000 so=1.575 ae=17.593 ao=2.348 pwm=13 pc=2 hd=2 y=-43.632 yr=-37.247 L=4 R=0 OL=15 OR=11 el=11 er=13 ed=-2 dl=11 dr=13 cl=0 cr=0 ok=551 fail=0 vofa=firewater rx=186 txdrop=0
1775029370.5659125,1775029370565912600,6681351089700,HB,139441,0.0,1,-59.116,-48.084,14.0,14.0,0.0,14.0,10.0,3.0,0.0,14.0,14.0,0,0,yaw_jump,HB tick=139441 run=1 spd=1 ts=20.000 as=14.000 ta=0.000 aa=-45.142 se=6.000 so=1.394 ae=45.142 ao=7.000 pwm=12 pc=1 hd=2 y=-59.116 yr=-48.084 L=3 R=0 OL=14 OR=10 el=14 er=14 ed=0 dl=14 dr=14 cl=0 cr=0 ok=552 fail=0 vofa=firewater rx=186 txdrop=0
1775029370.968878,1775029370968878000,6681754055200,HB,139830,0.0,1,-58.382,-19.203,15.0,14.0,1.0,14.0,10.0,3.0,0.0,15.0,14.0,0,0,,HB tick=139830 run=1 spd=1 ts=20.000 as=14.500 ta=0.000 aa=-60.629 se=5.500 so=1.371 ae=60.629 ao=7.000 pwm=12 pc=1 hd=2 y=-58.382 yr=-19.203 L=3 R=0 OL=14 OR=10 el=15 er=14 ed=1 dl=15 dr=14 cl=0 cr=0 ok=553 fail=0 vofa=firewater rx=186 txdrop=0
1775029371.1763961,1775029371176396100,6681961573300,HB,140057,0.0,1,-54.413,-6.389,14.0,12.0,2.0,15.0,11.0,4.0,0.0,14.0,12.0,0,0,,HB tick=140057 run=1 spd=1 ts=20.000 as=13.000 ta=0.000 aa=-59.892 se=7.000 so=1.538 ae=59.892 ao=7.000 pwm=13 pc=2 hd=2 y=-54.413 yr=-6.389 L=4 R=0 OL=15 OR=11 el=14 er=12 ed=2 dl=14 dr=12 cl=0 cr=0 ok=554 fail=0 vofa=firewater rx=186 txdrop=0
1775029371.4056566,1775029371405656500,6682190834600,HB,140259,0.0,1,-53.622,-2.777,16.0,13.0,3.0,14.0,10.0,3.0,0.0,16.0,13.0,0,0,,HB tick=140259 run=1 spd=1 ts=20.000 as=14.500 ta=0.000 aa=-55.922 se=5.500 so=1.402 ae=55.922 ao=7.000 pwm=12 pc=1 hd=2 y=-53.622 yr=-2.777 L=3 R=0 OL=14 OR=10 el=16 er=13 ed=3 dl=16 dr=13 cl=0 cr=0 ok=555 fail=0 vofa=firewater rx=186 txdrop=0
1775029371.728221,1775029371728221000,6682513398100,HB,140608,0.0,1,-50.701,3.221,16.0,12.0,4.0,14.0,10.0,3.0,0.0,16.0,12.0,0,0,,HB tick=140608 run=1 spd=1 ts=20.000 as=14.000 ta=0.000 aa=-52.875 se=6.000 so=1.475 ae=52.875 ao=7.000 pwm=12 pc=1 hd=2 y=-50.701 yr=3.221 L=3 R=0 OL=14 OR=10 el=16 er=12 ed=4 dl=16 dr=12 cl=0 cr=0 ok=556 fail=0 vofa=firewater rx=186 txdrop=0
1775029372.0082684,1775029372008268400,6682793445500,HB,140858,0.0,1,-40.536,16.381,16.0,12.0,4.0,14.0,10.0,3.0,0.0,16.0,12.0,0,0,yaw_jump,HB tick=140858 run=1 spd=1 ts=20.000 as=14.000 ta=0.000 aa=-42.046 se=6.000 so=1.493 ae=42.046 ao=7.000 pwm=12 pc=1 hd=2 y=-40.536 yr=16.381 L=3 R=0 OL=14 OR=10 el=16 er=12 ed=4 dl=16 dr=12 cl=0 cr=0 ok=557 fail=0 vofa=firewater rx=186 txdrop=0
1775029372.3213475,1775029372321347500,6683106525400,HB,141202,0.0,1,-39.181,9.082,17.0,13.0,4.0,15.0,11.0,4.0,0.0,17.0,13.0,0,0,,HB tick=141202 run=1 spd=1 ts=20.000 as=15.000 ta=0.000 aa=-41.174 se=5.000 so=1.416 ae=41.174 ao=6.337 pwm=13 pc=2 hd=2 y=-39.181 yr=9.082 L=4 R=0 OL=15 OR=11 el=17 er=13 ed=4 dl=17 dr=13 cl=0 cr=0 ok=558 fail=0 vofa=firewater rx=186 txdrop=0
1775029372.5823393,1775029372582339400,6683367516700,HB,141436,0.0,1,-31.19,17.958,17.0,13.0,4.0,14.0,10.0,3.0,0.0,17.0,13.0,0,0,,HB tick=141436 run=1 spd=1 ts=20.000 as=15.000 ta=0.000 aa=-40.690 se=5.000 so=1.431 ae=40.690 ao=7.000 pwm=12 pc=1 hd=2 y=-31.190 yr=17.958 L=3 R=0 OL=14 OR=10 el=17 er=13 ed=4 dl=17 dr=13 cl=0 cr=0 ok=559 fail=0 vofa=firewater rx=186 txdrop=0
1775029372.9899073,1775029372989907300,6683775084900,HB,141845,0.0,1,-17.522,26.854,16.0,13.0,3.0,13.0,13.0,2.0,2.0,16.0,13.0,0,0,yaw_jump,HB tick=141845 run=1 spd=1 ts=20.000 as=14.500 ta=0.000 aa=-27.940 se=5.500 so=1.508 ae=27.940 ao=0.180 pwm=13 pc=2 hd=0 y=-17.522 yr=26.854 L=2 R=2 OL=13 OR=13 el=16 er=13 ed=3 dl=16 dr=13 cl=0 cr=0 ok=560 fail=0 vofa=firewater rx=186 txdrop=0
1775029373.3550262,1775029373355026100,6684140203400,HB,142233,0.0,1,-15.853,13.827,14.0,15.0,-1.0,12.0,14.0,1.0,3.0,14.0,15.0,0,0,,HB tick=142233 run=1 spd=1 ts=20.000 as=14.500 ta=0.000 aa=-18.392 se=5.500 so=1.533 ae=18.392 ao=-1.142 pwm=13 pc=2 hd=-1 y=-15.853 yr=13.827 L=1 R=3 OL=12 OR=14 el=14 er=15 ed=-1 dl=14 dr=15 cl=0 cr=0 ok=561 fail=0 vofa=firewater rx=186 txdrop=0
1775029373.595191,1775029373595191000,6684380368200,HB,142455,0.0,1,-17.512,6.361,15.0,14.0,1.0,13.0,13.0,2.0,2.0,15.0,14.0,0,0,,HB tick=142455 run=1 spd=1 ts=20.000 as=14.500 ta=0.000 aa=-17.363 se=5.500 so=1.547 ae=17.363 ao=0.223 pwm=13 pc=2 hd=0 y=-17.512 yr=6.361 L=2 R=2 OL=13 OR=13 el=15 er=14 ed=1 dl=15 dr=14 cl=0 cr=0 ok=562 fail=0 vofa=firewater rx=186 txdrop=0
1775029373.969508,1775029373969507900,6684754685300,HB,142843,0.0,1,-17.286,3.033,17.0,15.0,2.0,14.0,10.0,3.0,0.0,17.0,15.0,0,0,,HB tick=142843 run=1 spd=1 ts=20.000 as=16.000 ta=0.000 aa=-19.060 se=4.000 so=1.421 ae=19.060 ao=3.759 pwm=12 pc=1 hd=2 y=-17.286 yr=3.033 L=3 R=0 OL=14 OR=10 el=17 er=15 ed=2 dl=17 dr=15 cl=0 cr=0 ok=563 fail=0 vofa=firewater rx=186 txdrop=0
1775029374.188233,1775029374188233000,6684973410200,HB,143049,0.0,1,-15.173,5.579,17.0,13.0,4.0,15.0,11.0,4.0,0.0,17.0,13.0,0,0,,HB tick=143049 run=1 spd=1 ts=20.000 as=15.000 ta=0.000 aa=-18.795 se=5.000 so=1.532 ae=18.795 ao=4.020 pwm=13 pc=2 hd=2 y=-15.173 yr=5.579 L=4 R=0 OL=15 OR=11 el=17 er=13 ed=4 dl=17 dr=13 cl=0 cr=0 ok=564 fail=0 vofa=firewater rx=186 txdrop=0
1775029374.3966732,1775029374396673400,6685181850600,HB,143275,0.0,1,-7.931,14.792,17.0,13.0,4.0,15.0,11.0,4.0,0.0,17.0,13.0,0,0,,HB tick=143275 run=1 spd=1 ts=20.000 as=15.000 ta=0.000 aa=-16.682 se=5.000 so=1.546 ae=16.682 ao=2.698 pwm=13 pc=2 hd=2 y=-7.931 yr=14.792 L=4 R=0 OL=15 OR=11 el=17 er=13 ed=4 dl=17 dr=13 cl=0 cr=0 ok=565 fail=0 vofa=firewater rx=186 txdrop=0
1775029374.6257753,1775029374625775400,6685410952600,HB,143478,0.0,1,-6.084,12.832,16.0,15.0,1.0,11.0,15.0,0.0,4.0,16.0,15.0,0,0,,HB tick=143478 run=1 spd=1 ts=20.000 as=15.500 ta=0.000 aa=-9.440 se=4.500 so=1.508 ae=9.440 ao=-1.988 pwm=13 pc=2 hd=-2 y=-6.084 yr=12.832 L=0 R=4 OL=11 OR=15 el=16 er=15 ed=1 dl=16 dr=15 cl=0 cr=0 ok=566 fail=0 vofa=firewater rx=186 txdrop=0
1775029374.8228118,1775029374822812000,6685607989000,HB,143700,0.0,1,-5.5,9.253,15.0,16.0,-1.0,10.0,14.0,0.0,3.0,15.0,16.0,0,0,,HB tick=143700 run=1 spd=1 ts=20.000 as=15.500 ta=0.000 aa=-7.593 se=4.500 so=1.520 ae=7.593 ao=-1.804 pwm=12 pc=1 hd=-2 y=-5.500 yr=9.253 L=0 R=3 OL=10 OR=14 el=15 er=16 ed=-1 dl=15 dr=16 cl=0 cr=0 ok=567 fail=0 vofa=firewater rx=186 txdrop=0
1775029375.2288759,1775029375228875700,6686014052900,HB,144088,0.0,1,-7.275,1.243,16.0,15.0,1.0,14.0,12.0,3.0,1.0,16.0,15.0,0,0,,HB tick=144088 run=1 spd=1 ts=20.000 as=15.500 ta=0.000 aa=-8.784 se=4.500 so=1.543 ae=8.784 ao=1.264 pwm=13 pc=2 hd=1 y=-7.275 yr=1.243 L=3 R=1 OL=14 OR=12 el=16 er=15 ed=1 dl=16 dr=15 cl=0 cr=0 ok=568 fail=0 vofa=firewater rx=186 txdrop=0
1775029375.4366667,1775029375436666500,6686221844200,HB,144315,0.0,1,-7.135,1.023,17.0,15.0,2.0,15.0,11.0,4.0,0.0,17.0,15.0,0,0,,HB tick=144315 run=1 spd=1 ts=20.000 as=16.000 ta=0.000 aa=-8.784 se=4.000 so=1.506 ae=8.784 ao=2.190 pwm=13 pc=2 hd=2 y=-7.135 yr=1.023 L=4 R=0 OL=15 OR=11 el=17 er=15 ed=2 dl=17 dr=15 cl=0 cr=0 ok=569 fail=0 vofa=firewater rx=186 txdrop=0
1775029375.6649435,1775029375664943400,6686450120600,HB,144517,0.0,1,-6.296,2.125,17.0,14.0,3.0,15.0,11.0,4.0,0.0,17.0,14.0,0,0,,HB tick=144517 run=1 spd=1 ts=20.000 as=15.500 ta=0.000 aa=-8.644 se=4.500 so=1.565 ae=8.644 ao=2.227 pwm=13 pc=2 hd=2 y=-6.296 yr=2.125 L=4 R=0 OL=15 OR=11 el=17 er=14 ed=3 dl=17 dr=14 cl=0 cr=0 ok=570 fail=0 vofa=firewater rx=186 txdrop=0
1775029375.863358,1775029375863358000,6686648535000,HB,144739,0.0,1,-3.396,5.933,10.0,13.0,-3.0,15.0,11.0,4.0,0.0,10.0,13.0,0,0,,HB tick=144739 run=1 spd=1 ts=20.000 as=11.500 ta=0.000 aa=-7.806 se=8.500 so=1.979 ae=7.806 ao=1.673 pwm=13 pc=2 hd=2 y=-3.396 yr=5.933 L=4 R=0 OL=15 OR=11 el=10 er=13 ed=-3 dl=10 dr=13 cl=0 cr=0 ok=571 fail=0 vofa=firewater rx=186 txdrop=0
1775029376.2677066,1775029376267706700,6687052884400,HB,145128,0.0,1,-18.78,-20.779,19.0,15.0,4.0,14.0,10.0,3.0,0.0,19.0,15.0,0,0,yaw_jump,HB tick=145128 run=1 spd=1 ts=20.000 as=17.000 ta=0.000 aa=-20.289 se=3.000 so=1.472 ae=20.289 ao=7.000 pwm=12 pc=1 hd=2 y=-18.780 yr=-20.779 L=3 R=0 OL=14 OR=10 el=19 er=15 ed=4 dl=19 dr=15 cl=0 cr=0 ok=572 fail=0 vofa=firewater rx=186 txdrop=0
1775029376.4751275,1775029376475127500,6687260306100,HB,145355,0.0,1,-36.653,-40.824,19.0,13.0,6.0,15.0,11.0,4.0,0.0,19.0,13.0,0,0,yaw_jump,HB tick=145355 run=1 spd=1 ts=20.000 as=16.000 ta=0.000 aa=-20.289 se=4.000 so=1.581 ae=20.289 ao=7.000 pwm=13 pc=2 hd=2 y=-36.653 yr=-40.824 L=4 R=0 OL=15 OR=11 el=19 er=13 ed=6 dl=19 dr=13 cl=0 cr=0 ok=573 fail=0 vofa=firewater rx=186 txdrop=0
1775029376.7036717,1775029376703671800,6687488849500,HB,145557,0.0,1,-38.866,-30.389,20.0,14.0,6.0,14.0,10.0,3.0,0.0,20.0,14.0,0,0,,HB tick=145557 run=1 spd=1 ts=20.000 as=17.000 ta=0.000 aa=-38.162 se=3.000 so=1.488 ae=38.162 ao=7.000 pwm=12 pc=1 hd=2 y=-38.866 yr=-30.389 L=3 R=0 OL=14 OR=10 el=20 er=14 ed=6 dl=20 dr=14 cl=0 cr=0 ok=574 fail=0 vofa=firewater rx=186 txdrop=0
1775029377.0279703,1775029377027970300,6687813147500,HB,145906,0.0,1,-44.632,-21.072,21.0,13.0,8.0,15.0,11.0,4.0,0.0,21.0,13.0,0,0,,HB tick=145906 run=1 spd=1 ts=20.000 as=17.000 ta=0.000 aa=-45.763 se=3.000 so=1.502 ae=45.763 ao=7.000 pwm=13 pc=2 hd=2 y=-44.632 yr=-21.072 L=4 R=0 OL=15 OR=11 el=21 er=13 ed=8 dl=21 dr=13 cl=0 cr=0 ok=575 fail=0 vofa=firewater rx=186 txdrop=0
1775029377.2987134,1775029377298713400,6688083891000,HB,146155,0.0,1,-35.994,-1.555,20.0,14.0,6.0,15.0,11.0,4.0,0.0,20.0,14.0,0,0,yaw_jump,HB tick=146155 run=1 spd=1 ts=20.000 as=17.000 ta=0.000 aa=-46.142 se=3.000 so=1.510 ae=46.142 ao=7.000 pwm=13 pc=2 hd=2 y=-35.994 yr=-1.555 L=4 R=0 OL=15 OR=11 el=20 er=14 ed=6 dl=20 dr=14 cl=0 cr=0 ok=576 fail=0 vofa=firewater rx=186 txdrop=0
1775029377.485579,1775029377485578900,6688270756000,HB,146357,0.0,1,-32.432,5.131,21.0,14.0,7.0,14.0,10.0,3.0,0.0,21.0,14.0,0,0,,HB tick=146357 run=1 spd=1 ts=20.000 as=17.500 ta=0.000 aa=-37.504 se=2.500 so=1.467 ae=37.504 ao=7.000 pwm=12 pc=1 hd=2 y=-32.432 yr=5.131 L=3 R=0 OL=14 OR=10 el=21 er=14 ed=7 dl=21 dr=14 cl=0 cr=0 ok=577 fail=0 vofa=firewater rx=186 txdrop=0
1775029377.703166,1775029377703165900,6688488344600,HB,146563,0.0,1,-23.092,19.282,20.0,14.0,6.0,15.0,11.0,4.0,0.0,20.0,14.0,0,0,yaw_jump,HB tick=146563 run=1 spd=1 ts=20.000 as=17.000 ta=0.000 aa=-24.601 se=3.000 so=1.524 ae=24.601 ao=3.610 pwm=13 pc=2 hd=2 y=-23.092 yr=19.282 L=4 R=0 OL=15 OR=11 el=20 er=14 ed=6 dl=20 dr=14 cl=0 cr=0 ok=578 fail=0 vofa=firewater rx=186 txdrop=0
1775029378.0354629,1775029378035462800,6688820640400,HB,146912,0.0,1,-7.963,30.91,14.0,20.0,-6.0,11.0,15.0,0.0,4.0,14.0,20.0,0,0,yaw_jump,HB tick=146912 run=1 spd=1 ts=20.000 as=17.000 ta=0.000 aa=-12.936 se=3.000 so=1.536 ae=12.936 ao=-4.415 pwm=13 pc=2 hd=-2 y=-7.963 yr=30.910 L=0 R=4 OL=11 OR=15 el=14 er=20 ed=-6 dl=14 dr=20 cl=0 cr=0 ok=579 fail=0 vofa=firewater rx=186 txdrop=0
1775029378.2847548,1775029378284754600,6689069932000,HB,147146,0.0,1,22.0,65.101,14.0,20.0,-6.0,11.0,15.0,0.0,4.0,14.0,20.0,0,0,yaw_jump,HB tick=147146 run=1 spd=1 ts=20.000 as=17.000 ta=0.000 aa=-9.473 se=3.000 so=1.544 ae=9.473 ao=-5.247 pwm=13 pc=2 hd=-2 y=22.000 yr=65.101 L=0 R=4 OL=11 OR=15 el=14 er=20 ed=-6 dl=14 dr=20 cl=0 cr=0 ok=580 fail=0 vofa=firewater rx=186 txdrop=0
1775029378.659364,1775029378659364100,6689444541200,HB,147539,0.0,1,40.012,53.663,14.0,21.0,-7.0,11.0,15.0,0.0,4.0,14.0,21.0,0,0,yaw_jump,HB tick=147539 run=1 spd=1 ts=20.000 as=17.500 ta=0.000 aa=29.978 se=2.500 so=1.507 ae=-29.978 ao=-7.000 pwm=13 pc=2 hd=-2 y=40.012 yr=53.663 L=0 R=4 OL=11 OR=15 el=14 er=21 ed=-7 dl=14 dr=21 cl=0 cr=0 ok=581 fail=0 vofa=firewater rx=186 txdrop=0
1775029378.899526,1775029378899526000,6689684703200,HB,147761,0.0,1,34.825,26.666,15.0,21.0,-6.0,11.0,15.0,0.0,4.0,15.0,21.0,0,0,,HB tick=147761 run=1 spd=1 ts=20.000 as=18.000 ta=0.000 aa=38.503 se=2.000 so=1.464 ae=-38.503 ao=-7.000 pwm=13 pc=2 hd=-2 y=34.825 yr=26.666 L=0 R=4 OL=11 OR=15 el=15 er=21 ed=-6 dl=15 dr=21 cl=0 cr=0 ok=582 fail=0 vofa=firewater rx=186 txdrop=0
1775029379.0984309,1775029379098431000,6689883608400,HB,147978,0.0,1,25.179,1.846,14.0,21.0,-7.0,11.0,15.0,0.0,4.0,14.0,21.0,0,0,yaw_jump,HB tick=147978 run=1 spd=1 ts=20.000 as=17.500 ta=0.000 aa=33.315 se=2.500 so=1.520 ae=-33.315 ao=-7.000 pwm=13 pc=2 hd=-2 y=25.179 yr=1.846 L=0 R=4 OL=11 OR=15 el=14 er=21 ed=-7 dl=14 dr=21 cl=0 cr=0 ok=583 fail=0 vofa=firewater rx=186 txdrop=0
1775029379.463707,1775029379463707000,6690248884700,HB,148322,0.0,1,22.21,-4.078,15.0,20.0,-5.0,11.0,15.0,0.0,4.0,15.0,20.0,0,0,,HB tick=148322 run=1 spd=1 ts=20.000 as=17.500 ta=0.000 aa=21.979 se=2.500 so=1.531 ae=-21.979 ao=-4.046 pwm=13 pc=2 hd=-2 y=22.210 yr=-4.078 L=0 R=4 OL=11 OR=15 el=15 er=20 ed=-5 dl=15 dr=20 cl=0 cr=0 ok=584 fail=0 vofa=firewater rx=186 txdrop=0
1775029379.6915889,1775029379691588900,6690476766200,HB,148572,0.0,1,7.316,-23.419,14.0,20.0,-6.0,11.0,15.0,0.0,4.0,14.0,20.0,0,0,yaw_jump,HB tick=148572 run=1 spd=1 ts=20.000 as=17.000 ta=0.000 aa=20.701 se=3.000 so=1.588 ae=-20.701 ao=-3.277 pwm=13 pc=2 hd=-2 y=7.316 yr=-23.419 L=0 R=4 OL=11 OR=15 el=14 er=20 ed=-6 dl=14 dr=20 cl=0 cr=0 ok=585 fail=0 vofa=firewater rx=186 txdrop=0
1775029379.9204793,1775029379920479300,6690705656400,HB,148774,0.0,1,4.18,-20.684,21.0,14.0,7.0,15.0,11.0,4.0,0.0,21.0,14.0,0,0,,HB tick=148774 run=1 spd=1 ts=20.000 as=17.500 ta=0.000 aa=5.807 se=2.500 so=1.545 ae=-5.807 ao=6.484 pwm=13 pc=2 hd=2 y=4.180 yr=-20.684 L=4 R=0 OL=15 OR=11 el=21 er=14 ed=7 dl=21 dr=14 cl=0 cr=0 ok=586 fail=0 vofa=firewater rx=186 txdrop=0
1775029380.120039,1775029380120038800,6690905215900,HB,148996,0.0,1,-23.287,-56.553,21.0,15.0,6.0,15.0,11.0,4.0,0.0,21.0,15.0,0,0,yaw_jump,HB tick=148996 run=1 spd=1 ts=20.000 as=18.000 ta=0.000 aa=2.670 se=2.000 so=1.502 ae=-2.670 ao=6.360 pwm=13 pc=2 hd=2 y=-23.287 yr=-56.553 L=4 R=0 OL=15 OR=11 el=21 er=15 ed=6 dl=21 dr=15 cl=0 cr=0 ok=587 fail=0 vofa=firewater rx=186 txdrop=0
1775029380.9631474,1775029380963147400,6691748324800,HB,149198,0.0,1,-28.96,-46.638,21.0,14.0,7.0,15.0,11.0,4.0,0.0,21.0,14.0,0,0,,HB tick=149198 run=1 spd=1 ts=20.000 as=17.500 ta=0.000 aa=-30.469 se=2.500 so=1.557 ae=30.469 ao=7.000 pwm=13 pc=2 hd=2 y=-28.960 yr=-46.638 L=4 R=0 OL=15 OR=11 el=21 er=14 ed=7 dl=21 dr=14 cl=0 cr=0 ok=588 fail=0 vofa=firewater rx=BOOT pin=0 por=0 sftr=0 iwdg=0 wwdg=0 lpwr=0 fault=0
1775029383.0568237,1775029383056823801,6693842000901,HB,205,0.0,0,0.178,0.0,0.0,0.0,0.0,0.0,0.0,0.0,0.0,0.0,0.0,0,0,,HB tick=205 run=0 spd=1 ts=0.000 as=0.000 ta=0.000 aa=0.000 se=0.000 so=0.000 ae=0.000 ao=0.000 pwm=0 pc=0 hd=0 y=0.178 yr=0.000 L=0 R=0 OL=0 OR=0 el=0 er=0 ed=0 dl=0 dr=0 cl=0 cr=0 ok=0 fail=0 vofa=firewater rx=0 txdrop=0
1775029383.23434,1775029383234339900,6694019517000,HB,436,0.0,0,0.161,-0.025,0.0,0.0,0.0,0.0,0.0,0.0,0.0,0.0,0.0,0,0,,HB tick=436 run=0 spd=1 ts=0.000 as=0.000 ta=0.000 aa=0.000 se=0.000 so=0.000 ae=0.000 ao=0.000 pwm=0 pc=0 hd=0 y=0.161 yr=-0.025 L=0 R=0 OL=0 OR=0 el=0 er=0 ed=0 dl=0 dr=0 cl=0 cr=0 ok=1 fail=0 vofa=firewater rx=0 txdrop=0
1775029383.4413567,1775029383441356600,6694226534100,HB,639,0.0,0,0.11,-0.105,0.0,0.0,0.0,0.0,0.0,0.0,0.0,0.0,0.0,0,0,,HB tick=639 run=0 spd=1 ts=0.000 as=0.000 ta=0.000 aa=0.000 se=0.000 so=0.000 ae=0.000 ao=0.000 pwm=0 pc=0 hd=0 y=0.110 yr=-0.105 L=0 R=0 OL=0 OR=0 el=0 er=0 ed=0 dl=0 dr=0 cl=0 cr=0 ok=2 fail=0 vofa=firewater rx=0 txdrop=0
1775029383.6393478,1775029383639347800,6694424525000,HB,842,0.0,0,0.119,-0.052,0.0,0.0,0.0,0.0,0.0,0.0,0.0,0.0,0.0,0,0,,HB tick=842 run=0 spd=1 ts=0.000 as=0.000 ta=0.000 aa=0.000 se=0.000 so=0.000 ae=0.000 ao=0.000 pwm=0 pc=0 hd=0 y=0.119 yr=-0.052 L=0 R=0 OL=0 OR=0 el=0 er=0 ed=0 dl=0 dr=0 cl=0 cr=0 ok=3 fail=0 vofa=firewater rx=0 txdrop=0
1775029383.8472886,1775029383847288700,6694632465900,HB,1045,0.0,0,0.117,-0.038,0.0,0.0,0.0,0.0,0.0,0.0,0.0,0.0,0.0,0,0,,HB tick=1045 run=0 spd=1 ts=0.000 as=0.000 ta=0.000 aa=0.000 se=0.000 so=0.000 ae=0.000 ao=0.000 pwm=0 pc=0 hd=0 y=0.117 yr=-0.038 L=0 R=0 OL=0 OR=0 el=0 er=0 ed=0 dl=0 dr=0 cl=0 cr=0 ok=4 fail=0 vofa=firewater rx=0 txdrop=0
1775029384.066843,1775029384066843100,6694852020400,HB,1250,0.0,0,0.116,-0.026,0.0,0.0,0.0,0.0,0.0,0.0,0.0,0.0,0.0,0,0,,HB tick=1250 run=0 spd=1 ts=0.000 as=0.000 ta=0.000 aa=0.000 se=0.000 so=0.000 ae=0.000 ao=0.000 pwm=0 pc=0 hd=0 y=0.116 yr=-0.026 L=0 R=0 OL=0 OR=0 el=0 er=0 ed=0 dl=0 dr=0 cl=0 cr=0 ok=5 fail=0 vofa=firewater rx=0 txdrop=0
1775029384.253358,1775029384253357900,6695038535700,HB,1453,0.0,0,0.117,-0.016,0.0,0.0,0.0,0.0,0.0,0.0,0.0,0.0,0.0,0,0,,HB tick=1453 run=0 spd=1 ts=0.000 as=0.000 ta=0.000 aa=0.000 se=0.000 so=0.000 ae=0.000 ao=0.000 pwm=0 pc=0 hd=0 y=0.117 yr=-0.016 L=0 R=0 OL=0 OR=0 el=0 er=0 ed=0 dl=0 dr=0 cl=0 cr=0 ok=6 fail=0 vofa=firewater rx=0 txdrop=0
1775029384.6479688,1775029384647968700,6695433145800,HB,1842,0.0,0,0.121,-0.001,0.0,0.0,0.0,0.0,0.0,0.0,0.0,0.0,0.0,0,0,,HB tick=1842 run=0 spd=1 ts=0.000 as=0.000 ta=0.000 aa=0.000 se=0.000 so=0.000 ae=0.000 ao=0.000 pwm=0 pc=0 hd=0 y=0.121 yr=-0.001 L=0 R=0 OL=0 OR=0 el=0 er=0 ed=0 dl=0 dr=0 cl=0 cr=0 ok=7 fail=0 vofa=firewater rx=0 txdrop=0
1775029384.8676987,1775029384867698700,6695652877100,HB,2061,0.0,0,0.114,-0.01,0.0,0.0,0.0,0.0,0.0,0.0,0.0,0.0,0.0,0,0,,HB tick=2061 run=0 spd=1 ts=0.000 as=0.000 ta=0.000 aa=0.000 se=0.000 so=0.000 ae=0.000 ao=0.000 pwm=0 pc=0 hd=0 y=0.114 yr=-0.010 L=0 R=0 OL=0 OR=0 el=0 er=0 ed=0 dl=0 dr=0 cl=0 cr=0 ok=8 fail=0 vofa=firewater rx=0 txdrop=0
1775029385.2463224,1775029385246322400,6696031500500,HB,2418,0.0,0,0.116,-0.001,0.0,0.0,0.0,0.0,0.0,0.0,0.0,0.0,0.0,0,0,,HB tick=2418 run=0 spd=1 ts=0.000 as=0.000 ta=0.000 aa=0.000 se=0.000 so=0.000 ae=0.000 ao=0.000 pwm=0 pc=0 hd=0 y=0.116 yr=-0.001 L=0 R=0 OL=0 OR=0 el=0 er=0 ed=0 dl=0 dr=0 cl=0 cr=0 ok=9 fail=0 vofa=firewater rx=0 txdrop=0
1775029385.4544528,1775029385454452700,6696239630100,HB,2650,0.0,0,0.117,0.001,0.0,0.0,0.0,0.0,0.0,0.0,0.0,0.0,0.0,0,0,,HB tick=2650 run=0 spd=1 ts=0.000 as=0.000 ta=0.000 aa=0.000 se=0.000 so=0.000 ae=0.000 ao=0.000 pwm=0 pc=0 hd=0 y=0.117 yr=0.001 L=0 R=0 OL=0 OR=0 el=0 er=0 ed=0 dl=0 dr=0 cl=0 cr=0 ok=10 fail=0 vofa=firewater rx=0 txdrop=0
1775029385.6538963,1775029385653896400,6696439073500,HB,2852,0.0,0,0.116,-0.001,0.0,0.0,0.0,0.0,0.0,0.0,0.0,0.0,0.0,0,0,,HB tick=2852 run=0 spd=1 ts=0.000 as=0.000 ta=0.000 aa=0.000 se=0.000 so=0.000 ae=0.000 ao=0.000 pwm=0 pc=0 hd=0 y=0.116 yr=-0.001 L=0 R=0 OL=0 OR=0 el=0 er=0 ed=0 dl=0 dr=0 cl=0 cr=0 ok=11 fail=0 vofa=firewater rx=0 txdrop=0
1775029386.040585,1775029386040585000,6696825764900,HB,3240,0.0,0,0.11,-0.009,0.0,0.0,0.0,0.0,0.0,0.0,0.0,0.0,0.0,0,0,,HB tick=3240 run=0 spd=1 ts=0.000 as=0.000 ta=0.000 aa=0.000 se=0.000 so=0.000 ae=0.000 ao=0.000 pwm=0 pc=0 hd=0 y=0.110 yr=-0.009 L=0 R=0 OL=0 OR=0 el=0 er=0 ed=0 dl=0 dr=0 cl=0 cr=0 ok=12 fail=0 vofa=firewater rx=0 txdrop=0
1775029386.2829986,1775029386282998500,6697068175600,HB,3461,0.0,0,0.111,-0.004,0.0,0.0,0.0,0.0,0.0,0.0,0.0,0.0,0.0,0,0,,HB tick=3461 run=0 spd=1 ts=0.000 as=0.000 ta=0.000 aa=0.000 se=0.000 so=0.000 ae=0.000 ao=0.000 pwm=0 pc=0 hd=0 y=0.111 yr=-0.004 L=0 R=0 OL=0 OR=0 el=0 er=0 ed=0 dl=0 dr=0 cl=0 cr=0 ok=13 fail=0 vofa=firewater rx=0 txdrop=0
1775029386.459187,1775029386459187000,6697244364200,HB,3661,0.0,0,0.111,-0.002,0.0,0.0,0.0,0.0,0.0,0.0,0.0,0.0,0.0,0,0,,HB tick=3661 run=0 spd=1 ts=0.000 as=0.000 ta=0.000 aa=0.000 se=0.000 so=0.000 ae=0.000 ao=0.000 pwm=0 pc=0 hd=0 y=0.111 yr=-0.002 L=0 R=0 OL=0 OR=0 el=0 er=0 ed=0 dl=0 dr=0 cl=0 cr=0 ok=14 fail=0 vofa=firewater rx=0 txdrop=0
1775029386.6672783,1775029386667278400,6697452455700,HB,3864,0.0,0,0.111,-0.002,0.0,0.0,0.0,0.0,0.0,0.0,0.0,0.0,0.0,0,0,,HB tick=3864 run=0 spd=1 ts=0.000 as=0.000 ta=0.000 aa=0.000 se=0.000 so=0.000 ae=0.000 ao=0.000 pwm=0 pc=0 hd=0 y=0.111 yr=-0.002 L=0 R=0 OL=0 OR=0 el=0 er=0 ed=0 dl=0 dr=0 cl=0 cr=0 ok=15 fail=0 vofa=firewater rx=0 txdrop=0
1775029386.8644414,1775029386864441400,6697649618700,HB,4067,0.0,0,0.111,-0.001,0.0,0.0,0.0,0.0,0.0,0.0,0.0,0.0,0.0,0,0,,HB tick=4067 run=0 spd=1 ts=0.000 as=0.000 ta=0.000 aa=0.000 se=0.000 so=0.000 ae=0.000 ao=0.000 pwm=0 pc=0 hd=0 y=0.111 yr=-0.001 L=0 R=0 OL=0 OR=0 el=0 er=0 ed=0 dl=0 dr=0 cl=0 cr=0 ok=16 fail=0 vofa=firewater rx=0 txdrop=0
1775029387.074377,1775029387074377000,6697859563100,HB,4270,0.0,0,0.112,-0.0,0.0,0.0,0.0,0.0,0.0,0.0,0.0,0.0,0.0,0,0,,HB tick=4270 run=0 spd=1 ts=0.000 as=0.000 ta=0.000 aa=0.000 se=0.000 so=0.000 ae=0.000 ao=0.000 pwm=0 pc=0 hd=0 y=0.112 yr=-0.000 L=0 R=0 OL=0 OR=0 el=0 er=0 ed=0 dl=0 dr=0 cl=0 cr=0 ok=17 fail=0 vofa=firewater rx=0 txdrop=0
1775029387.293308,1775029387293307800,6698078485200,HB,4474,0.0,0,0.111,-0.001,0.0,0.0,0.0,0.0,0.0,0.0,0.0,0.0,0.0,0,0,,HB tick=4474 run=0 spd=1 ts=0.000 as=0.000 ta=0.000 aa=0.000 se=0.000 so=0.000 ae=0.000 ao=0.000 pwm=0 pc=0 hd=0 y=0.111 yr=-0.001 L=0 R=0 OL=0 OR=0 el=0 er=0 ed=0 dl=0 dr=0 cl=0 cr=0 ok=18 fail=0 vofa=firewater rx=0 txdrop=0
1775029387.481719,1775029387481719100,6698266896500,HB,4682,0.0,0,0.111,-0.0,0.0,0.0,0.0,0.0,0.0,0.0,0.0,0.0,0.0,0,0,,HB tick=4682 run=0 spd=1 ts=0.000 as=0.000 ta=0.000 aa=0.000 se=0.000 so=0.000 ae=0.000 ao=0.000 pwm=0 pc=0 hd=0 y=0.111 yr=-0.000 L=0 R=0 OL=0 OR=0 el=0 er=0 ed=0 dl=0 dr=0 cl=0 cr=0 ok=19 fail=0 vofa=firewater rx=0 txdrop=0
1775029387.6892388,1775029387689238700,6698474415800,HB,4885,0.0,0,0.111,-0.001,0.0,0.0,0.0,0.0,0.0,0.0,0.0,0.0,0.0,0,0,,HB tick=4885 run=0 spd=1 ts=0.000 as=0.000 ta=0.000 aa=0.000 se=0.000 so=0.000 ae=0.000 ao=0.000 pwm=0 pc=0 hd=0 y=0.111 yr=-0.001 L=0 R=0 OL=0 OR=0 el=0 er=0 ed=0 dl=0 dr=0 cl=0 cr=0 ok=20 fail=0 vofa=firewater rx=0 txdrop=0
1775029387.8891017,1775029387889101800,6698674279900,HB,5088,0.0,0,0.111,-0.001,0.0,0.0,0.0,0.0,0.0,0.0,0.0,0.0,0.0,0,0,,HB tick=5088 run=0 spd=1 ts=0.000 as=0.000 ta=0.000 aa=0.000 se=0.000 so=0.000 ae=0.000 ao=0.000 pwm=0 pc=0 hd=0 y=0.111 yr=-0.001 L=0 R=0 OL=0 OR=0 el=0 er=0 ed=0 dl=0 dr=0 cl=0 cr=0 ok=21 fail=0 vofa=firewater rx=0 txdrop=0
1775029388.096226,1775029388096226100,6698881403600,HB,5290,0.0,0,0.111,-0.0,0.0,0.0,0.0,0.0,0.0,0.0,0.0,0.0,0.0,0,0,,HB tick=5290 run=0 spd=1 ts=0.000 as=0.000 ta=0.000 aa=0.000 se=0.000 so=0.000 ae=0.000 ao=0.000 pwm=0 pc=0 hd=0 y=0.111 yr=-0.000 L=0 R=0 OL=0 OR=0 el=0 er=0 ed=0 dl=0 dr=0 cl=0 cr=0 ok=22 fail=0 vofa=firewater rx=0 txdrop=0
1775029388.500657,1775029388500657100,6699285834200,HB,5680,0.0,0,0.111,-0.0,0.0,0.0,0.0,0.0,0.0,0.0,0.0,0.0,0.0,0,0,,HB tick=5680 run=0 spd=1 ts=0.000 as=0.000 ta=0.000 aa=0.000 se=0.000 so=0.000 ae=0.000 ao=0.000 pwm=0 pc=0 hd=0 y=0.111 yr=-0.000 L=0 R=0 OL=0 OR=0 el=0 er=0 ed=0 dl=0 dr=0 cl=0 cr=0 ok=23 fail=0 vofa=firewater rx=0 txdrop=0
1775029388.8237965,1775029388823796600,6699608974600,HB,6025,0.0,0,0.111,0.0,0.0,0.0,0.0,0.0,0.0,0.0,0.0,0.0,0.0,0,0,,HB tick=6025 run=0 spd=1 ts=0.000 as=0.000 ta=0.000 aa=0.000 se=0.000 so=0.000 ae=0.000 ao=0.000 pwm=0 pc=0 hd=0 y=0.111 yr=0.000 L=0 R=0 OL=0 OR=0 el=0 er=0 ed=0 dl=0 dr=0 cl=0 cr=0 ok=24 fail=0 vofa=firewater rx=0 txdrop=0
1775029389.0532234,1775029389053223300,6699838401300,HB,6255,0.0,0,0.11,-0.002,0.0,0.0,0.0,0.0,0.0,0.0,0.0,0.0,0.0,0,0,,HB tick=6255 run=0 spd=1 ts=0.000 as=0.000 ta=0.000 aa=0.000 se=0.000 so=0.000 ae=0.000 ao=0.000 pwm=0 pc=0 hd=0 y=0.110 yr=-0.002 L=0 R=0 OL=0 OR=0 el=0 er=0 ed=0 dl=0 dr=0 cl=0 cr=0 ok=25 fail=0 vofa=firewater rx=0 txdrop=0
1775029389.2618694,1775029389261869400,6700047048400,HB,6462,0.0,0,0.111,0.001,0.0,0.0,0.0,0.0,0.0,0.0,0.0,0.0,0.0,0,0,,HB tick=6462 run=0 spd=1 ts=0.000 as=0.000 ta=0.000 aa=0.000 se=0.000 so=0.000 ae=0.000 ao=0.000 pwm=0 pc=0 hd=0 y=0.111 yr=0.001 L=0 R=0 OL=0 OR=0 el=0 er=0 ed=0 dl=0 dr=0 cl=0 cr=0 ok=26 fail=0 vofa=firewater rx=0 txdrop=0
1775029389.4708328,1775029389470832900,6700256010400,HB,6666,0.0,0,0.111,0.0,0.0,0.0,0.0,0.0,0.0,0.0,0.0,0.0,0.0,0,0,,HB tick=6666 run=0 spd=1 ts=0.000 as=0.000 ta=0.000 aa=0.000 se=0.000 so=0.000 ae=0.000 ao=0.000 pwm=0 pc=0 hd=0 y=0.111 yr=0.000 L=0 R=0 OL=0 OR=0 el=0 er=0 ed=0 dl=0 dr=0 cl=0 cr=0 ok=27 fail=0 vofa=firewater rx=0 txdrop=0
1775029389.691754,1775029389691754100,6700476932200,HB,6870,0.0,0,0.111,0.0,0.0,0.0,0.0,0.0,0.0,0.0,0.0,0.0,0.0,0,0,,HB tick=6870 run=0 spd=1 ts=0.000 as=0.000 ta=0.000 aa=0.000 se=0.000 so=0.000 ae=0.000 ao=0.000 pwm=0 pc=0 hd=0 y=0.111 yr=0.000 L=0 R=0 OL=0 OR=0 el=0 er=0 ed=0 dl=0 dr=0 cl=0 cr=0 ok=28 fail=0 vofa=firewater rx=0 txdrop=0
1775029390.056688,1775029390056688100,6700841865500,HB,7259,0.0,0,0.111,0.0,0.0,0.0,0.0,0.0,0.0,0.0,0.0,0.0,0.0,0,0,,HB tick=7259 run=0 spd=1 ts=0.000 as=0.000 ta=0.000 aa=0.000 se=0.000 so=0.000 ae=0.000 ao=0.000 pwm=0 pc=0 hd=0 y=0.111 yr=0.000 L=0 R=0 OL=0 OR=0 el=0 er=0 ed=0 dl=0 dr=0 cl=0 cr=0 ok=29 fail=0 vofa=firewater rx=0 txdrop=0
1775029390.2670844,1775029390267084200,6701052261600,HB,7462,0.0,0,0.111,0.0,0.0,0.0,0.0,0.0,0.0,0.0,0.0,0.0,0.0,0,0,,HB tick=7462 run=0 spd=1 ts=0.000 as=0.000 ta=0.000 aa=0.000 se=0.000 so=0.000 ae=0.000 ao=0.000 pwm=0 pc=0 hd=0 y=0.111 yr=0.000 L=0 R=0 OL=0 OR=0 el=0 er=0 ed=0 dl=0 dr=0 cl=0 cr=0 ok=30 fail=0 vofa=firewater rx=0 txdrop=0
1775029390.486423,1775029390486423000,6701271601100,HB,7682,0.0,0,0.111,-0.0,0.0,0.0,0.0,0.0,0.0,0.0,0.0,0.0,0.0,0,0,,HB tick=7682 run=0 spd=1 ts=0.000 as=0.000 ta=0.000 aa=0.000 se=0.000 so=0.000 ae=0.000 ao=0.000 pwm=0 pc=0 hd=0 y=0.111 yr=-0.000 L=0 R=0 OL=0 OR=0 el=0 er=0 ed=0 dl=0 dr=0 cl=0 cr=0 ok=31 fail=0 vofa=firewater rx=0 txdrop=0
1775029390.8625817,1775029390862581700,6701647761100,HB,8039,0.0,0,0.111,-0.0,0.0,0.0,0.0,0.0,0.0,0.0,0.0,0.0,0.0,0,0,,HB tick=8039 run=0 spd=1 ts=0.000 as=0.000 ta=0.000 aa=0.000 se=0.000 so=0.000 ae=0.000 ao=0.000 pwm=0 pc=0 hd=0 y=0.111 yr=-0.000 L=0 R=0 OL=0 OR=0 el=0 er=0 ed=0 dl=0 dr=0 cl=0 cr=0 ok=32 fail=0 vofa=firewater rx=0 txdrop=0
1775029391.074588,1775029391074588200,6701859767000,HB,8271,0.0,0,0.111,-0.0,0.0,0.0,0.0,0.0,0.0,0.0,0.0,0.0,0.0,0,0,,HB tick=8271 run=0 spd=1 ts=0.000 as=0.000 ta=0.000 aa=0.000 se=0.000 so=0.000 ae=0.000 ao=0.000 pwm=0 pc=0 hd=0 y=0.111 yr=-0.000 L=0 R=0 OL=0 OR=0 el=0 er=0 ed=0 dl=0 dr=0 cl=0 cr=0 ok=33 fail=0 vofa=firewater rx=0 txdrop=0
1775029391.2833662,1775029391283366100,6702068543800,HB,8474,0.0,0,0.111,-0.0,0.0,0.0,0.0,0.0,0.0,0.0,0.0,0.0,0.0,0,0,,HB tick=8474 run=0 spd=1 ts=0.000 as=0.000 ta=0.000 aa=0.000 se=0.000 so=0.000 ae=0.000 ao=0.000 pwm=0 pc=0 hd=0 y=0.111 yr=-0.000 L=0 R=0 OL=0 OR=0 el=0 er=0 ed=0 dl=0 dr=0 cl=0 cr=0 ok=34 fail=0 vofa=firewater rx=0 txdrop=0
1775029391.481791,1775029391481791100,6702266973000,HB,8681,0.0,0,0.111,-0.0,0.0,0.0,0.0,0.0,0.0,0.0,0.0,0.0,0.0,0,0,,HB tick=8681 run=0 spd=1 ts=0.000 as=0.000 ta=0.000 aa=0.000 se=0.000 so=0.000 ae=0.000 ao=0.000 pwm=0 pc=0 hd=0 y=0.111 yr=-0.000 L=0 R=0 OL=0 OR=0 el=0 er=0 ed=0 dl=0 dr=0 cl=0 cr=0 ok=35 fail=0 vofa=firewater rx=0 txdrop=0
1775029391.6923187,1775029391692318800,6702477496700,HB,8885,0.0,0,0.111,-0.0,0.0,0.0,0.0,0.0,0.0,0.0,0.0,0.0,0.0,0,0,,HB tick=8885 run=0 spd=1 ts=0.000 as=0.000 ta=0.000 aa=0.000 se=0.000 so=0.000 ae=0.000 ao=0.000 pwm=0 pc=0 hd=0 y=0.111 yr=-0.000 L=0 R=0 OL=0 OR=0 el=0 er=0 ed=0 dl=0 dr=0 cl=0 cr=0 ok=36 fail=0 vofa=firewater rx=0 txdrop=0
1775029391.9139705,1775029391913970400,6702699148000,HB,9089,0.0,0,0.111,0.001,0.0,0.0,0.0,0.0,0.0,0.0,0.0,0.0,0.0,0,0,,HB tick=9089 run=0 spd=1 ts=0.000 as=0.000 ta=0.000 aa=0.000 se=0.000 so=0.000 ae=0.000 ao=0.000 pwm=0 pc=0 hd=0 y=0.111 yr=0.001 L=0 R=0 OL=0 OR=0 el=0 er=0 ed=0 dl=0 dr=0 cl=0 cr=0 ok=37 fail=0 vofa=firewater rx=0 txdrop=0
1775029392.0920734,1775029392092073400,6702877253800,HB,9293,0.0,0,0.111,0.0,0.0,0.0,0.0,0.0,0.0,0.0,0.0,0.0,0.0,0,0,,HB tick=9293 run=0 spd=1 ts=0.000 as=0.000 ta=0.000 aa=0.000 se=0.000 so=0.000 ae=0.000 ao=0.000 pwm=0 pc=0 hd=0 y=0.111 yr=0.000 L=0 R=0 OL=0 OR=0 el=0 er=0 ed=0 dl=0 dr=0 cl=0 cr=0 ok=38 fail=0 vofa=firewater rx=0 txdrop=0
1775029392.301747,1775029392301747100,6703086925000,HB,9500,0.0,0,0.111,0.001,0.0,0.0,0.0,0.0,0.0,0.0,0.0,0.0,0.0,0,0,,HB tick=9500 run=0 spd=1 ts=0.000 as=0.000 ta=0.000 aa=0.000 se=0.000 so=0.000 ae=0.000 ao=0.000 pwm=0 pc=0 hd=0 y=0.111 yr=0.001 L=0 R=0 OL=0 OR=0 el=0 er=0 ed=0 dl=0 dr=0 cl=0 cr=0 ok=39 fail=0 vofa=firewater rx=0 txdrop=0
1775029392.646755,1775029392646755000,6703431932600,HB,9844,0.0,0,0.111,0.0,0.0,0.0,0.0,0.0,0.0,0.0,0.0,0.0,0.0,0,0,,HB tick=9844 run=0 spd=1 ts=0.000 as=0.000 ta=0.000 aa=0.000 se=0.000 so=0.000 ae=0.000 ao=0.000 pwm=0 pc=0 hd=0 y=0.111 yr=0.000 L=0 R=0 OL=0 OR=0 el=0 er=0 ed=0 dl=0 dr=0 cl=0 cr=0 ok=40 fail=0 vofa=firewater rx=0 txdrop=0
1775029392.877067,1775029392877066900,6703662244300,HB,10075,0.0,0,0.111,0.0,0.0,0.0,0.0,0.0,0.0,0.0,0.0,0.0,0.0,0,0,,HB tick=10075 run=0 spd=1 ts=0.000 as=0.000 ta=0.000 aa=0.000 se=0.000 so=0.000 ae=0.000 ao=0.000 pwm=0 pc=0 hd=0 y=0.111 yr=0.000 L=0 R=0 OL=0 OR=0 el=0 er=0 ed=0 dl=0 dr=0 cl=0 cr=0 ok=41 fail=0 vofa=firewater rx=0 txdrop=0
1775029393.0979269,1775029393097926800,6703883104700,HB,10279,0.0,0,0.112,0.001,0.0,0.0,0.0,0.0,0.0,0.0,0.0,0.0,0.0,0,0,,HB tick=10279 run=0 spd=1 ts=0.000 as=0.000 ta=0.000 aa=0.000 se=0.000 so=0.000 ae=0.000 ao=0.000 pwm=0 pc=0 hd=0 y=0.112 yr=0.001 L=0 R=0 OL=0 OR=0 el=0 er=0 ed=0 dl=0 dr=0 cl=0 cr=0 ok=42 fail=0 vofa=firewater rx=0 txdrop=0
1775029393.286127,1775029393286127200,6704071304800,HB,10482,0.0,0,0.112,0.0,0.0,0.0,0.0,0.0,0.0,0.0,0.0,0.0,0.0,0,0,,HB tick=10482 run=0 spd=1 ts=0.000 as=0.000 ta=0.000 aa=0.000 se=0.000 so=0.000 ae=0.000 ao=0.000 pwm=0 pc=0 hd=0 y=0.112 yr=0.000 L=0 R=0 OL=0 OR=0 el=0 er=0 ed=0 dl=0 dr=0 cl=0 cr=0 ok=43 fail=0 vofa=firewater rx=0 txdrop=0
1775029393.683197,1775029393683197000,6704468374200,HB,10886,0.0,0,0.111,-0.0,0.0,0.0,0.0,0.0,0.0,0.0,0.0,0.0,0.0,0,0,,HB tick=10886 run=0 spd=1 ts=0.000 as=0.000 ta=0.000 aa=0.000 se=0.000 so=0.000 ae=0.000 ao=0.000 pwm=0 pc=0 hd=0 y=0.111 yr=-0.000 L=0 R=0 OL=0 OR=0 el=0 er=0 ed=0 dl=0 dr=0 cl=0 cr=0 ok=44 fail=0 vofa=firewater rx=0 txdrop=0
1775029394.0397036,1775029394039703600,6704824881700,HB,11242,0.0,0,0.111,-0.001,0.0,0.0,0.0,0.0,0.0,0.0,0.0,0.0,0.0,0,0,,HB tick=11242 run=0 spd=1 ts=0.000 as=0.000 ta=0.000 aa=0.000 se=0.000 so=0.000 ae=0.000 ao=0.000 pwm=0 pc=0 hd=0 y=0.111 yr=-0.001 L=0 R=0 OL=0 OR=0 el=0 er=0 ed=0 dl=0 dr=0 cl=0 cr=0 ok=45 fail=0 vofa=firewater rx=0 txdrop=0
1775029394.2898555,1775029394289855400,6705075032600,HB,11473,0.0,0,0.111,-0.001,0.0,0.0,0.0,0.0,0.0,0.0,0.0,0.0,0.0,0,0,,HB tick=11473 run=0 spd=1 ts=0.000 as=0.000 ta=0.000 aa=0.000 se=0.000 so=0.000 ae=0.000 ao=0.000 pwm=0 pc=0 hd=0 y=0.111 yr=-0.001 L=0 R=0 OL=0 OR=0 el=0 er=0 ed=0 dl=0 dr=0 cl=0 cr=0 ok=46 fail=0 vofa=firewater rx=0 txdrop=0
1775029394.6745808,1775029394674580800,6705459757900,HB,11866,0.0,0,0.112,0.001,0.0,0.0,0.0,0.0,0.0,0.0,0.0,0.0,0.0,0,0,,HB tick=11866 run=0 spd=1 ts=0.000 as=0.000 ta=0.000 aa=0.000 se=0.000 so=0.000 ae=0.000 ao=0.000 pwm=0 pc=0 hd=0 y=0.112 yr=0.001 L=0 R=0 OL=0 OR=0 el=0 er=0 ed=0 dl=0 dr=0 cl=0 cr=0 ok=47 fail=0 vofa=firewater rx=0 txdrop=0
1775029394.872696,1775029394872695800,6705657873700,HB,12069,0.0,0,0.111,-0.0,0.0,0.0,0.0,0.0,0.0,0.0,0.0,0.0,0.0,0,0,,HB tick=12069 run=0 spd=1 ts=0.000 as=0.000 ta=0.000 aa=0.000 se=0.000 so=0.000 ae=0.000 ao=0.000 pwm=0 pc=0 hd=0 y=0.111 yr=-0.000 L=0 R=0 OL=0 OR=0 el=0 er=0 ed=0 dl=0 dr=0 cl=0 cr=0 ok=48 fail=0 vofa=firewater rx=0 txdrop=0
1775029395.0710526,1775029395071052500,6705856229800,HB,12272,0.0,0,0.111,-0.0,0.0,0.0,0.0,0.0,0.0,0.0,0.0,0.0,0.0,0,0,,HB tick=12272 run=0 spd=1 ts=0.000 as=0.000 ta=0.000 aa=0.000 se=0.000 so=0.000 ae=0.000 ao=0.000 pwm=0 pc=0 hd=0 y=0.111 yr=-0.000 L=0 R=0 OL=0 OR=0 el=0 er=0 ed=0 dl=0 dr=0 cl=0 cr=0 ok=49 fail=0 vofa=firewater rx=0 txdrop=0
1775029395.3010523,1775029395301052500,6706086229600,HB,12480,0.0,0,0.111,-0.001,0.0,0.0,0.0,0.0,0.0,0.0,0.0,0.0,0.0,0,0,,HB tick=12480 run=0 spd=1 ts=0.000 as=0.000 ta=0.000 aa=0.000 se=0.000 so=0.000 ae=0.000 ao=0.000 pwm=0 pc=0 hd=0 y=0.111 yr=-0.001 L=0 R=0 OL=0 OR=0 el=0 er=0 ed=0 dl=0 dr=0 cl=0 cr=0 ok=50 fail=0 vofa=firewater rx=0 txdrop=0
1775029395.4900014,1775029395490001300,6706275179500,HB,12684,0.0,0,0.111,-0.0,0.0,0.0,0.0,0.0,0.0,0.0,0.0,0.0,0.0,0,0,,HB tick=12684 run=0 spd=1 ts=0.000 as=0.000 ta=0.000 aa=0.000 se=0.000 so=0.000 ae=0.000 ao=0.000 pwm=0 pc=0 hd=0 y=0.111 yr=-0.000 L=0 R=0 OL=0 OR=0 el=0 er=0 ed=0 dl=0 dr=0 cl=0 cr=0 ok=51 fail=0 vofa=firewater rx=0 txdrop=0
1775029395.6881082,1775029395688108400,6706473286200,HB,12887,0.0,0,0.112,0.001,0.0,0.0,0.0,0.0,0.0,0.0,0.0,0.0,0.0,0,0,,HB tick=12887 run=0 spd=1 ts=0.000 as=0.000 ta=0.000 aa=0.000 se=0.000 so=0.000 ae=0.000 ao=0.000 pwm=0 pc=0 hd=0 y=0.112 yr=0.001 L=0 R=0 OL=0 OR=0 el=0 er=0 ed=0 dl=0 dr=0 cl=0 cr=0 ok=52 fail=0 vofa=firewater rx=0 txdrop=0
1775029395.8870351,1775029395887035100,6706672213000,HB,13089,0.0,0,0.111,-0.0,0.0,0.0,0.0,0.0,0.0,0.0,0.0,0.0,0.0,0,0,,HB tick=13089 run=0 spd=1 ts=0.000 as=0.000 ta=0.000 aa=0.000 se=0.000 so=0.000 ae=0.000 ao=0.000 pwm=0 pc=0 hd=0 y=0.111 yr=-0.000 L=0 R=0 OL=0 OR=0 el=0 er=0 ed=0 dl=0 dr=0 cl=0 cr=0 ok=53 fail=0 vofa=firewater rx=0 txdrop=0
1775029396.0944798,1775029396094479800,6706879657100,HB,13297,0.0,0,0.111,-0.0,0.0,0.0,0.0,0.0,0.0,0.0,0.0,0.0,0.0,0,0,,HB tick=13297 run=0 spd=1 ts=0.000 as=0.000 ta=0.000 aa=0.000 se=0.000 so=0.000 ae=0.000 ao=0.000 pwm=0 pc=0 hd=0 y=0.111 yr=-0.000 L=0 R=0 OL=0 OR=0 el=0 er=0 ed=0 dl=0 dr=0 cl=0 cr=0 ok=54 fail=0 vofa=firewater rx=0 txdrop=0
1775029396.512984,1775029396512984000,6707298163500,HB,13687,0.0,0,0.111,-0.001,0.0,0.0,0.0,0.0,0.0,0.0,0.0,0.0,0.0,0,0,,HB tick=13687 run=0 spd=1 ts=0.000 as=0.000 ta=0.000 aa=0.000 se=0.000 so=0.000 ae=0.000 ao=0.000 pwm=0 pc=0 hd=0 y=0.111 yr=-0.001 L=0 R=0 OL=0 OR=0 el=0 er=0 ed=0 dl=0 dr=0 cl=0 cr=0 ok=55 fail=0 vofa=firewater rx=0 txdrop=0
1775029396.8378232,1775029396837823200,6707623003900,HB,14032,0.0,0,0.111,-0.0,0.0,0.0,0.0,0.0,0.0,0.0,0.0,0.0,0.0,0,0,,HB tick=14032 run=0 spd=1 ts=0.000 as=0.000 ta=0.000 aa=0.000 se=0.000 so=0.000 ae=0.000 ao=0.000 pwm=0 pc=0 hd=0 y=0.111 yr=-0.000 L=0 R=0 OL=0 OR=0 el=0 er=0 ed=0 dl=0 dr=0 cl=0 cr=0 ok=56 fail=0 vofa=firewater rx=0 txdrop=0
1775029397.0671244,1775029397067124600,6707852302300,HB,14263,0.0,0,0.111,-0.0,0.0,0.0,0.0,0.0,0.0,0.0,0.0,0.0,0.0,0,0,,HB tick=14263 run=0 spd=1 ts=0.000 as=0.000 ta=0.000 aa=0.000 se=0.000 so=0.000 ae=0.000 ao=0.000 pwm=0 pc=0 hd=0 y=0.111 yr=-0.000 L=0 R=0 OL=0 OR=0 el=0 er=0 ed=0 dl=0 dr=0 cl=0 cr=0 ok=57 fail=0 vofa=firewater rx=0 txdrop=0
1775029397.2663572,1775029397266357200,6708051535100,HB,14465,0.0,0,0.111,-0.0,0.0,0.0,0.0,0.0,0.0,0.0,0.0,0.0,0.0,0,0,,HB tick=14465 run=0 spd=1 ts=0.000 as=0.000 ta=0.000 aa=0.000 se=0.000 so=0.000 ae=0.000 ao=0.000 pwm=0 pc=0 hd=0 y=0.111 yr=-0.000 L=0 R=0 OL=0 OR=0 el=0 er=0 ed=0 dl=0 dr=0 cl=0 cr=0 ok=58 fail=0 vofa=firewater rx=0 txdrop=0
1775029397.47361,1775029397473609900,6708258787500,HB,14668,0.0,0,0.111,-0.0,0.0,0.0,0.0,0.0,0.0,0.0,0.0,0.0,0.0,0,0,,HB tick=14668 run=0 spd=1 ts=0.000 as=0.000 ta=0.000 aa=0.000 se=0.000 so=0.000 ae=0.000 ao=0.000 pwm=0 pc=0 hd=0 y=0.111 yr=-0.000 L=0 R=0 OL=0 OR=0 el=0 er=0 ed=0 dl=0 dr=0 cl=0 cr=0 ok=59 fail=0 vofa=firewater rx=0 txdrop=0
1775029397.7025828,1775029397702582700,6708487764200,HB,14877,0.0,0,0.111,-0.0,0.0,0.0,0.0,0.0,0.0,0.0,0.0,0.0,0.0,0,0,,HB tick=14877 run=0 spd=1 ts=0.000 as=0.000 ta=0.000 aa=0.000 se=0.000 so=0.000 ae=0.000 ao=0.000 pwm=0 pc=0 hd=0 y=0.111 yr=-0.000 L=0 R=0 OL=0 OR=0 el=0 er=0 ed=0 dl=0 dr=0 cl=0 cr=0 ok=60 fail=0 vofa=firewater rx=0 txdrop=0
1775029397.8814366,1775029397881436800,6708666615200,HB,15081,0.0,0,0.111,-0.0,0.0,0.0,0.0,0.0,0.0,0.0,0.0,0.0,0.0,0,0,,HB tick=15081 run=0 spd=1 ts=0.000 as=0.000 ta=0.000 aa=0.000 se=0.000 so=0.000 ae=0.000 ao=0.000 pwm=0 pc=0 hd=0 y=0.111 yr=-0.000 L=0 R=0 OL=0 OR=0 el=0 er=0 ed=0 dl=0 dr=0 cl=0 cr=0 ok=61 fail=0 vofa=firewater rx=0 txdrop=0
1775029398.0899892,1775029398089989100,6708875166300,HB,15284,0.0,0,0.111,-0.0,0.0,0.0,0.0,0.0,0.0,0.0,0.0,0.0,0.0,0,0,,HB tick=15284 run=0 spd=1 ts=0.000 as=0.000 ta=0.000 aa=0.000 se=0.000 so=0.000 ae=0.000 ao=0.000 pwm=0 pc=0 hd=0 y=0.111 yr=-0.000 L=0 R=0 OL=0 OR=0 el=0 er=0 ed=0 dl=0 dr=0 cl=0 cr=0 ok=62 fail=0 vofa=firewater rx=0 txdrop=0
1775029398.2894568,1775029398289457000,6709074634100,HB,15487,0.0,0,0.111,-0.0,0.0,0.0,0.0,0.0,0.0,0.0,0.0,0.0,0.0,0,0,,HB tick=15487 run=0 spd=1 ts=0.000 as=0.000 ta=0.000 aa=0.000 se=0.000 so=0.000 ae=0.000 ao=0.000 pwm=0 pc=0 hd=0 y=0.111 yr=-0.000 L=0 R=0 OL=0 OR=0 el=0 er=0 ed=0 dl=0 dr=0 cl=0 cr=0 ok=63 fail=0 vofa=firewater rx=0 txdrop=0
1775029398.4874015,1775029398487401600,6709272579500,HB,15690,0.0,0,0.111,-0.0,0.0,0.0,0.0,0.0,0.0,0.0,0.0,0.0,0.0,0,0,,HB tick=15690 run=0 spd=1 ts=0.000 as=0.000 ta=0.000 aa=0.000 se=0.000 so=0.000 ae=0.000 ao=0.000 pwm=0 pc=0 hd=0 y=0.111 yr=-0.000 L=0 R=0 OL=0 OR=0 el=0 er=0 ed=0 dl=0 dr=0 cl=0 cr=0 ok=64 fail=0 vofa=firewater rx=0 txdrop=0
1775029398.716724,1775029398716724000,6709501901200,HB,15898,0.0,0,0.111,-0.0,0.0,0.0,0.0,0.0,0.0,0.0,0.0,0.0,0.0,0,0,,HB tick=15898 run=0 spd=1 ts=0.000 as=0.000 ta=0.000 aa=0.000 se=0.000 so=0.000 ae=0.000 ao=0.000 pwm=0 pc=0 hd=0 y=0.111 yr=-0.000 L=0 R=0 OL=0 OR=0 el=0 er=0 ed=0 dl=0 dr=0 cl=0 cr=0 ok=65 fail=0 vofa=firewater rx=0 txdrop=0
1775029398.9055276,1775029398905527500,6709690705200,HB,16102,0.0,0,0.111,-0.0,0.0,0.0,0.0,0.0,0.0,0.0,0.0,0.0,0.0,0,0,,HB tick=16102 run=0 spd=1 ts=0.000 as=0.000 ta=0.000 aa=0.000 se=0.000 so=0.000 ae=0.000 ao=0.000 pwm=0 pc=0 hd=0 y=0.111 yr=-0.000 L=0 R=0 OL=0 OR=0 el=0 er=0 ed=0 dl=0 dr=0 cl=0 cr=0 ok=66 fail=0 vofa=firewater rx=0 txdrop=0
1775029399.103425,1775029399103425100,6709888604900,HB,16305,0.0,0,0.111,0.001,0.0,0.0,0.0,0.0,0.0,0.0,0.0,0.0,0.0,0,0,,HB tick=16305 run=0 spd=1 ts=0.000 as=0.000 ta=0.000 aa=0.000 se=0.000 so=0.000 ae=0.000 ao=0.000 pwm=0 pc=0 hd=0 y=0.111 yr=0.001 L=0 R=0 OL=0 OR=0 el=0 er=0 ed=0 dl=0 dr=0 cl=0 cr=0 ok=67 fail=0 vofa=firewater rx=0 txdrop=0
1775029399.333292,1775029399333292100,6710118470600,HB,16528,0.0,0,0.111,0.0,0.0,0.0,0.0,0.0,0.0,0.0,0.0,0.0,0.0,0,0,,HB tick=16528 run=0 spd=1 ts=0.000 as=0.000 ta=0.000 aa=0.000 se=0.000 so=0.000 ae=0.000 ao=0.000 pwm=0 pc=0 hd=0 y=0.111 yr=0.000 L=0 R=0 OL=0 OR=0 el=0 er=0 ed=0 dl=0 dr=0 cl=0 cr=0 ok=68 fail=0 vofa=firewater rx=0 txdrop=0
1775029399.686518,1775029399686518000,6710471695400,HB,16880,0.0,0,0.111,-0.001,0.0,0.0,0.0,0.0,0.0,0.0,0.0,0.0,0.0,0,0,,HB tick=16880 run=0 spd=1 ts=0.000 as=0.000 ta=0.000 aa=0.000 se=0.000 so=0.000 ae=0.000 ao=0.000 pwm=0 pc=0 hd=0 y=0.111 yr=-0.001 L=0 R=0 OL=0 OR=0 el=0 er=0 ed=0 dl=0 dr=0 cl=0 cr=0 ok=69 fail=0 vofa=firewater rx=0 txdrop=0
1775029399.9273365,1775029399927336400,6710712514100,HB,17111,0.0,0,0.11,-0.001,0.0,0.0,0.0,0.0,0.0,0.0,0.0,0.0,0.0,0,0,,HB tick=17111 run=0 spd=1 ts=0.000 as=0.000 ta=0.000 aa=0.000 se=0.000 so=0.000 ae=0.000 ao=0.000 pwm=0 pc=0 hd=0 y=0.110 yr=-0.001 L=0 R=0 OL=0 OR=0 el=0 er=0 ed=0 dl=0 dr=0 cl=0 cr=0 ok=70 fail=0 vofa=firewater rx=0 txdrop=0
1775029400.301227,1775029400301227000,6711086405200,HB,17504,0.0,0,0.11,-0.0,0.0,0.0,0.0,0.0,0.0,0.0,0.0,0.0,0.0,0,0,,HB tick=17504 run=0 spd=1 ts=0.000 as=0.000 ta=0.000 aa=0.000 se=0.000 so=0.000 ae=0.000 ao=0.000 pwm=0 pc=0 hd=0 y=0.110 yr=-0.000 L=0 R=0 OL=0 OR=0 el=0 er=0 ed=0 dl=0 dr=0 cl=0 cr=0 ok=71 fail=0 vofa=firewater rx=0 txdrop=0
1775029400.5109353,1775029400510935400,6711296112600,HB,17707,0.0,0,0.11,-0.0,0.0,0.0,0.0,0.0,0.0,0.0,0.0,0.0,0.0,0,0,,HB tick=17707 run=0 spd=1 ts=0.000 as=0.000 ta=0.000 aa=0.000 se=0.000 so=0.000 ae=0.000 ao=0.000 pwm=0 pc=0 hd=0 y=0.110 yr=-0.000 L=0 R=0 OL=0 OR=0 el=0 er=0 ed=0 dl=0 dr=0 cl=0 cr=0 ok=72 fail=0 vofa=firewater rx=0 txdrop=0
1775029400.7088952,1775029400708895300,6711494072800,HB,17910,0.0,0,0.11,-0.001,0.0,0.0,0.0,0.0,0.0,0.0,0.0,0.0,0.0,0,0,,HB tick=17910 run=0 spd=1 ts=0.000 as=0.000 ta=0.000 aa=0.000 se=0.000 so=0.000 ae=0.000 ao=0.000 pwm=0 pc=0 hd=0 y=0.110 yr=-0.001 L=0 R=0 OL=0 OR=0 el=0 er=0 ed=0 dl=0 dr=0 cl=0 cr=0 ok=73 fail=0 vofa=firewater rx=0 txdrop=0
1775029400.9397779,1775029400939777700,6711724956400,HB,18118,0.0,0,0.11,-0.001,0.0,0.0,0.0,0.0,0.0,0.0,0.0,0.0,0.0,0,0,,HB tick=18118 run=0 spd=1 ts=0.000 as=0.000 ta=0.000 aa=0.000 se=0.000 so=0.000 ae=0.000 ao=0.000 pwm=0 pc=0 hd=0 y=0.110 yr=-0.001 L=0 R=0 OL=0 OR=0 el=0 er=0 ed=0 dl=0 dr=0 cl=0 cr=0 ok=74 fail=0 vofa=firewater rx=0 txdrop=0
1775029401.1180613,1775029401118061300,6711903239200,HB,18322,0.0,0,0.11,-0.0,0.0,0.0,0.0,0.0,0.0,0.0,0.0,0.0,0.0,0,0,,HB tick=18322 run=0 spd=1 ts=0.000 as=0.000 ta=0.000 aa=0.000 se=0.000 so=0.000 ae=0.000 ao=0.000 pwm=0 pc=0 hd=0 y=0.110 yr=-0.000 L=0 R=0 OL=0 OR=0 el=0 er=0 ed=0 dl=0 dr=0 cl=0 cr=0 ok=75 fail=0 vofa=firewater rx=0 txdrop=0
1775029401.3265486,1775029401326548400,6712111725500,HB,18524,0.0,0,0.11,0.0,0.0,0.0,0.0,0.0,0.0,0.0,0.0,0.0,0.0,0,0,,HB tick=18524 run=0 spd=1 ts=0.000 as=0.000 ta=0.000 aa=0.000 se=0.000 so=0.000 ae=0.000 ao=0.000 pwm=0 pc=0 hd=0 y=0.110 yr=0.000 L=0 R=0 OL=0 OR=0 el=0 er=0 ed=0 dl=0 dr=0 cl=0 cr=0 ok=76 fail=0 vofa=firewater rx=0 txdrop=0
1775029401.5249903,1775029401524990200,6712310167400,HB,18727,0.0,0,0.103,-0.013,0.0,0.0,0.0,0.0,0.0,0.0,0.0,0.0,0.0,0,0,,HB tick=18727 run=0 spd=1 ts=0.000 as=0.000 ta=0.000 aa=0.000 se=0.000 so=0.000 ae=0.000 ao=0.000 pwm=0 pc=0 hd=0 y=0.103 yr=-0.013 L=0 R=0 OL=0 OR=0 el=0 er=0 ed=0 dl=0 dr=0 cl=0 cr=0 ok=77 fail=0 vofa=firewater rx=0 txdrop=0
1775029401.7338393,1775029401733839300,6712519016800,HB,18930,0.0,0,0.111,0.006,0.0,0.0,0.0,0.0,0.0,0.0,0.0,0.0,0.0,0,0,,HB tick=18930 run=0 spd=1 ts=0.000 as=0.000 ta=0.000 aa=0.000 se=0.000 so=0.000 ae=0.000 ao=0.000 pwm=0 pc=0 hd=0 y=0.111 yr=0.006 L=0 R=0 OL=0 OR=0 el=0 er=0 ed=0 dl=0 dr=0 cl=0 cr=0 ok=78 fail=0 vofa=firewater rx=0 txdrop=0
1775029401.96313,1775029401963130000,6712748307500,HB,19138,0.0,0,0.117,0.013,0.0,0.0,0.0,0.0,0.0,0.0,0.0,0.0,0.0,0,0,,HB tick=19138 run=0 spd=1 ts=0.000 as=0.000 ta=0.000 aa=0.000 se=0.000 so=0.000 ae=0.000 ao=0.000 pwm=0 pc=0 hd=0 y=0.117 yr=0.013 L=0 R=0 OL=0 OR=0 el=0 er=0 ed=0 dl=0 dr=0 cl=0 cr=0 ok=79 fail=0 vofa=firewater rx=0 txdrop=0
1775029402.1405108,1775029402140510800,6712925689100,HB,19341,0.0,0,0.117,0.009,0.0,0.0,0.0,0.0,0.0,0.0,0.0,0.0,0.0,0,0,,HB tick=19341 run=0 spd=1 ts=0.000 as=0.000 ta=0.000 aa=0.000 se=0.000 so=0.000 ae=0.000 ao=0.000 pwm=0 pc=0 hd=0 y=0.117 yr=0.009 L=0 R=0 OL=0 OR=0 el=0 er=0 ed=0 dl=0 dr=0 cl=0 cr=0 ok=80 fail=0 vofa=firewater rx=0 txdrop=0
1775029402.3488488,1775029402348848900,6713134026200,HB,19544,0.0,0,0.117,0.006,0.0,0.0,0.0,0.0,0.0,0.0,0.0,0.0,0.0,0,0,,HB tick=19544 run=0 spd=1 ts=0.000 as=0.000 ta=0.000 aa=0.000 se=0.000 so=0.000 ae=0.000 ao=0.000 pwm=0 pc=0 hd=0 y=0.117 yr=0.006 L=0 R=0 OL=0 OR=0 el=0 er=0 ed=0 dl=0 dr=0 cl=0 cr=0 ok=81 fail=0 vofa=firewater rx=0 txdrop=0
1775029402.683702,1775029402683701900,6713468879500,HB,19889,0.0,0,0.118,0.006,0.0,0.0,0.0,0.0,0.0,0.0,0.0,0.0,0.0,0,0,,HB tick=19889 run=0 spd=1 ts=0.000 as=0.000 ta=0.000 aa=0.000 se=0.000 so=0.000 ae=0.000 ao=0.000 pwm=0 pc=0 hd=0 y=0.118 yr=0.006 L=0 R=0 OL=0 OR=0 el=0 er=0 ed=0 dl=0 dr=0 cl=0 cr=0 ok=82 fail=0 vofa=firewater rx=0 txdrop=0
1775029402.9230373,1775029402923037100,6713708214400,HB,20119,0.0,0,0.119,0.004,0.0,0.0,0.0,0.0,0.0,0.0,0.0,0.0,0.0,0,0,,HB tick=20119 run=0 spd=1 ts=0.000 as=0.000 ta=0.000 aa=0.000 se=0.000 so=0.000 ae=0.000 ao=0.000 pwm=0 pc=0 hd=0 y=0.119 yr=0.004 L=0 R=0 OL=0 OR=0 el=0 er=0 ed=0 dl=0 dr=0 cl=0 cr=0 ok=83 fail=0 vofa=firewater rx=0 txdrop=0
1775029403.14224,1775029403142240100,6713927417500,HB,20323,0.0,0,0.118,0.003,0.0,0.0,0.0,0.0,0.0,0.0,0.0,0.0,0.0,0,0,,HB tick=20323 run=0 spd=1 ts=0.000 as=0.000 ta=0.000 aa=0.000 se=0.000 so=0.000 ae=0.000 ao=0.000 pwm=0 pc=0 hd=0 y=0.118 yr=0.003 L=0 R=0 OL=0 OR=0 el=0 er=0 ed=0 dl=0 dr=0 cl=0 cr=0 ok=84 fail=0 vofa=firewater rx=0 txdrop=0
1775029403.5179007,1775029403517900800,6714303080600,HB,20712,0.0,0,0.118,0.001,0.0,0.0,0.0,0.0,0.0,0.0,0.0,0.0,0.0,0,0,,HB tick=20712 run=0 spd=1 ts=0.000 as=0.000 ta=0.000 aa=0.000 se=0.000 so=0.000 ae=0.000 ao=0.000 pwm=0 pc=0 hd=0 y=0.118 yr=0.001 L=0 R=0 OL=0 OR=0 el=0 er=0 ed=0 dl=0 dr=0 cl=0 cr=0 ok=85 fail=0 vofa=firewater rx=0 txdrop=0
1775029403.7161944,1775029403716194200,6714501372900,HB,20915,0.0,0,0.119,0.001,0.0,0.0,0.0,0.0,0.0,0.0,0.0,0.0,0.0,0,0,,HB tick=20915 run=0 spd=1 ts=0.000 as=0.000 ta=0.000 aa=0.000 se=0.000 so=0.000 ae=0.000 ao=0.000 pwm=0 pc=0 hd=0 y=0.119 yr=0.001 L=0 R=0 OL=0 OR=0 el=0 er=0 ed=0 dl=0 dr=0 cl=0 cr=0 ok=86 fail=0 vofa=firewater rx=0 txdrop=0
1775029403.9147937,1775029403914793700,6714699971900,HB,21118,0.0,0,0.117,-0.002,0.0,0.0,0.0,0.0,0.0,0.0,0.0,0.0,0.0,0,0,,HB tick=21118 run=0 spd=1 ts=0.000 as=0.000 ta=0.000 aa=0.000 se=0.000 so=0.000 ae=0.000 ao=0.000 pwm=0 pc=0 hd=0 y=0.117 yr=-0.002 L=0 R=0 OL=0 OR=0 el=0 er=0 ed=0 dl=0 dr=0 cl=0 cr=0 ok=87 fail=0 vofa=firewater rx=0 txdrop=0
1775029404.1237113,1775029404123711300,6714908888700,HB,21321,0.0,0,0.117,-0.001,0.0,0.0,0.0,0.0,0.0,0.0,0.0,0.0,0.0,0,0,,HB tick=21321 run=0 spd=1 ts=0.000 as=0.000 ta=0.000 aa=0.000 se=0.000 so=0.000 ae=0.000 ao=0.000 pwm=0 pc=0 hd=0 y=0.117 yr=-0.001 L=0 R=0 OL=0 OR=0 el=0 er=0 ed=0 dl=0 dr=0 cl=0 cr=0 ok=88 fail=0 vofa=firewater rx=0 txdrop=0
1775029404.3424714,1775029404342471400,6715127648600,HB,21525,0.0,0,0.117,-0.0,0.0,0.0,0.0,0.0,0.0,0.0,0.0,0.0,0.0,0,0,,HB tick=21525 run=0 spd=1 ts=0.000 as=0.000 ta=0.000 aa=0.000 se=0.000 so=0.000 ae=0.000 ao=0.000 pwm=0 pc=0 hd=0 y=0.117 yr=-0.000 L=0 R=0 OL=0 OR=0 el=0 er=0 ed=0 dl=0 dr=0 cl=0 cr=0 ok=89 fail=0 vofa=firewater rx=0 txdrop=0
1775029404.530258,1775029404530258000,6715315435000,HB,21733,0.0,0,0.118,0.001,0.0,0.0,0.0,0.0,0.0,0.0,0.0,0.0,0.0,0,0,,HB tick=21733 run=0 spd=1 ts=0.000 as=0.000 ta=0.000 aa=0.000 se=0.000 so=0.000 ae=0.000 ao=0.000 pwm=0 pc=0 hd=0 y=0.118 yr=0.001 L=0 R=0 OL=0 OR=0 el=0 er=0 ed=0 dl=0 dr=0 cl=0 cr=0 ok=90 fail=0 vofa=firewater rx=0 txdrop=0
1775029404.9175122,1775029404917512200,6715702691800,HB,22122,0.0,0,0.118,0.0,0.0,0.0,0.0,0.0,0.0,0.0,0.0,0.0,0.0,0,0,,HB tick=22122 run=0 spd=1 ts=0.000 as=0.000 ta=0.000 aa=0.000 se=0.000 so=0.000 ae=0.000 ao=0.000 pwm=0 pc=0 hd=0 y=0.118 yr=0.000 L=0 R=0 OL=0 OR=0 el=0 er=0 ed=0 dl=0 dr=0 cl=0 cr=0 ok=91 fail=0 vofa=firewater rx=0 txdrop=0
1775029405.1277394,1775029405127739300,6715912917000,HB,22325,0.0,0,0.118,-0.001,0.0,0.0,0.0,0.0,0.0,0.0,0.0,0.0,0.0,0,0,,HB tick=22325 run=0 spd=1 ts=0.000 as=0.000 ta=0.000 aa=0.000 se=0.000 so=0.000 ae=0.000 ao=0.000 pwm=0 pc=0 hd=0 y=0.118 yr=-0.001 L=0 R=0 OL=0 OR=0 el=0 er=0 ed=0 dl=0 dr=0 cl=0 cr=0 ok=92 fail=0 vofa=firewater rx=0 txdrop=0
1775029405.36744,1775029405367440000,6716152617300,HB,22550,0.0,0,0.118,-0.0,0.0,0.0,0.0,0.0,0.0,0.0,0.0,0.0,0.0,0,0,,HB tick=22550 run=0 spd=1 ts=0.000 as=0.000 ta=0.000 aa=0.000 se=0.000 so=0.000 ae=0.000 ao=0.000 pwm=0 pc=0 hd=0 y=0.118 yr=-0.000 L=0 R=0 OL=0 OR=0 el=0 er=0 ed=0 dl=0 dr=0 cl=0 cr=0 ok=93 fail=0 vofa=firewater rx=0 txdrop=0
1775029405.544562,1775029405544562200,6716329740000,HB,22749,0.0,0,0.118,-0.0,0.0,0.0,0.0,0.0,0.0,0.0,0.0,0.0,0.0,0,0,,HB tick=22749 run=0 spd=1 ts=0.000 as=0.000 ta=0.000 aa=0.000 se=0.000 so=0.000 ae=0.000 ao=0.000 pwm=0 pc=0 hd=0 y=0.118 yr=-0.000 L=0 R=0 OL=0 OR=0 el=0 er=0 ed=0 dl=0 dr=0 cl=0 cr=0 ok=94 fail=0 vofa=firewater rx=0 txdrop=0
1775029405.7521505,1775029405752150500,6716537328800,HB,22951,0.0,0,0.118,-0.0,0.0,0.0,0.0,0.0,0.0,0.0,0.0,0.0,0.0,0,0,,HB tick=22951 run=0 spd=1 ts=0.000 as=0.000 ta=0.000 aa=0.000 se=0.000 so=0.000 ae=0.000 ao=0.000 pwm=0 pc=0 hd=0 y=0.118 yr=-0.000 L=0 R=0 OL=0 OR=0 el=0 er=0 ed=0 dl=0 dr=0 cl=0 cr=0 ok=95 fail=0 vofa=firewater rx=0 txdrop=0
1775029405.9507918,1775029405950792000,6716735969200,HB,23154,0.0,0,0.118,0.001,0.0,0.0,0.0,0.0,0.0,0.0,0.0,0.0,0.0,0,0,,HB tick=23154 run=0 spd=1 ts=0.000 as=0.000 ta=0.000 aa=0.000 se=0.000 so=0.000 ae=0.000 ao=0.000 pwm=0 pc=0 hd=0 y=0.118 yr=0.001 L=0 R=0 OL=0 OR=0 el=0 er=0 ed=0 dl=0 dr=0 cl=0 cr=0 ok=96 fail=0 vofa=firewater rx=0 txdrop=0
1775029406.1592052,1775029406159205000,6716944384400,HB,23357,0.0,0,0.118,0.001,0.0,0.0,0.0,0.0,0.0,0.0,0.0,0.0,0.0,0,0,,HB tick=23357 run=0 spd=1 ts=0.000 as=0.000 ta=0.000 aa=0.000 se=0.000 so=0.000 ae=0.000 ao=0.000 pwm=0 pc=0 hd=0 y=0.118 yr=0.001 L=0 R=0 OL=0 OR=0 el=0 er=0 ed=0 dl=0 dr=0 cl=0 cr=0 ok=97 fail=0 vofa=firewater rx=0 txdrop=0
1775029406.3800697,1775029406380069600,6717165246800,HB,23561,0.0,0,0.118,-0.0,0.0,0.0,0.0,0.0,0.0,0.0,0.0,0.0,0.0,0,0,,HB tick=23561 run=0 spd=1 ts=0.000 as=0.000 ta=0.000 aa=0.000 se=0.000 so=0.000 ae=0.000 ao=0.000 pwm=0 pc=0 hd=0 y=0.118 yr=-0.000 L=0 R=0 OL=0 OR=0 el=0 er=0 ed=0 dl=0 dr=0 cl=0 cr=0 ok=98 fail=0 vofa=firewater rx=0 txdrop=0
1775029406.56911,1775029406569110000,6717354287300,HB,23764,0.0,0,0.118,-0.001,0.0,0.0,0.0,0.0,0.0,0.0,0.0,0.0,0.0,0,0,,HB tick=23764 run=0 spd=1 ts=0.000 as=0.000 ta=0.000 aa=0.000 se=0.000 so=0.000 ae=0.000 ao=0.000 pwm=0 pc=0 hd=0 y=0.118 yr=-0.001 L=0 R=0 OL=0 OR=0 el=0 er=0 ed=0 dl=0 dr=0 cl=0 cr=0 ok=99 fail=0 vofa=firewater rx=0 txdrop=0
1775029406.7671807,1775029406767180700,6717552357800,HB,23972,0.0,0,0.117,-0.001,0.0,0.0,0.0,0.0,0.0,0.0,0.0,0.0,0.0,0,0,,HB tick=23972 run=0 spd=1 ts=0.000 as=0.000 ta=0.000 aa=0.000 se=0.000 so=0.000 ae=0.000 ao=0.000 pwm=0 pc=0 hd=0 y=0.117 yr=-0.001 L=0 R=0 OL=0 OR=0 el=0 er=0 ed=0 dl=0 dr=0 cl=0 cr=0 ok=100 fail=0 vofa=firewater rx=0 txdrop=0
1775029407.1124716,1775029407112471600,6717897649300,HB,24317,0.0,0,0.117,-0.0,0.0,0.0,0.0,0.0,0.0,0.0,0.0,0.0,0.0,0,0,,HB tick=24317 run=0 spd=1 ts=0.000 as=0.000 ta=0.000 aa=0.000 se=0.000 so=0.000 ae=0.000 ao=0.000 pwm=0 pc=0 hd=0 y=0.117 yr=-0.000 L=0 R=0 OL=0 OR=0 el=0 er=0 ed=0 dl=0 dr=0 cl=0 cr=0 ok=101 fail=0 vofa=firewater rx=0 txdrop=0
1775029407.3419905,1775029407341990300,6718127168000,HB,24547,0.0,0,0.117,-0.0,0.0,0.0,0.0,0.0,0.0,0.0,0.0,0.0,0.0,0,0,,HB tick=24547 run=0 spd=1 ts=0.000 as=0.000 ta=0.000 aa=0.000 se=0.000 so=0.000 ae=0.000 ao=0.000 pwm=0 pc=0 hd=0 y=0.117 yr=-0.000 L=0 R=0 OL=0 OR=0 el=0 er=0 ed=0 dl=0 dr=0 cl=0 cr=0 ok=102 fail=0 vofa=firewater rx=0 txdrop=0
1775029407.5722916,1775029407572291700,6718357469300,HB,24755,0.0,0,0.117,-0.0,0.0,0.0,0.0,0.0,0.0,0.0,0.0,0.0,0.0,0,0,,HB tick=24755 run=0 spd=1 ts=0.000 as=0.000 ta=0.000 aa=0.000 se=0.000 so=0.000 ae=0.000 ao=0.000 pwm=0 pc=0 hd=0 y=0.117 yr=-0.000 L=0 R=0 OL=0 OR=0 el=0 er=0 ed=0 dl=0 dr=0 cl=0 cr=0 ok=103 fail=0 vofa=firewater rx=0 txdrop=0
1775029407.7603147,1775029407760314500,6718545491600,HB,24959,0.0,0,0.117,-0.0,0.0,0.0,0.0,0.0,0.0,0.0,0.0,0.0,0.0,0,0,,HB tick=24959 run=0 spd=1 ts=0.000 as=0.000 ta=0.000 aa=0.000 se=0.000 so=0.000 ae=0.000 ao=0.000 pwm=0 pc=0 hd=0 y=0.117 yr=-0.000 L=0 R=0 OL=0 OR=0 el=0 er=0 ed=0 dl=0 dr=0 cl=0 cr=0 ok=104 fail=0 vofa=firewater rx=0 txdrop=0
1775029407.9597442,1775029407959744300,6718744921800,HB,25162,0.0,0,0.117,-0.0,0.0,0.0,0.0,0.0,0.0,0.0,0.0,0.0,0.0,0,0,,HB tick=25162 run=0 spd=1 ts=0.000 as=0.000 ta=0.000 aa=0.000 se=0.000 so=0.000 ae=0.000 ao=0.000 pwm=0 pc=0 hd=0 y=0.117 yr=-0.000 L=0 R=0 OL=0 OR=0 el=0 er=0 ed=0 dl=0 dr=0 cl=0 cr=0 ok=105 fail=0 vofa=firewater rx=0 txdrop=0
1775029408.1683877,1775029408168387500,6718953564900,HB,25365,0.0,0,0.117,-0.0,0.0,0.0,0.0,0.0,0.0,0.0,0.0,0.0,0.0,0,0,,HB tick=25365 run=0 spd=1 ts=0.000 as=0.000 ta=0.000 aa=0.000 se=0.000 so=0.000 ae=0.000 ao=0.000 pwm=0 pc=0 hd=0 y=0.117 yr=-0.000 L=0 R=0 OL=0 OR=0 el=0 er=0 ed=0 dl=0 dr=0 cl=0 cr=0 ok=106 fail=0 vofa=firewater rx=0 txdrop=0
1775029408.3771474,1775029408377147400,6719162326500,HB,25572,0.0,0,0.117,0.0,0.0,0.0,0.0,0.0,0.0,0.0,0.0,0.0,0.0,0,0,,HB tick=25572 run=0 spd=1 ts=0.000 as=0.000 ta=0.000 aa=0.000 se=0.000 so=0.000 ae=0.000 ao=0.000 pwm=0 pc=0 hd=0 y=0.117 yr=0.000 L=0 R=0 OL=0 OR=0 el=0 er=0 ed=0 dl=0 dr=0 cl=0 cr=0 ok=107 fail=0 vofa=firewater rx=0 txdrop=0
1775029408.7866797,1775029408786679900,6719571857100,HB,25962,0.0,0,0.117,-0.0,0.0,0.0,0.0,0.0,0.0,0.0,0.0,0.0,0.0,0,0,,HB tick=25962 run=0 spd=1 ts=0.000 as=0.000 ta=0.000 aa=0.000 se=0.000 so=0.000 ae=0.000 ao=0.000 pwm=0 pc=0 hd=0 y=0.117 yr=-0.000 L=0 R=0 OL=0 OR=0 el=0 er=0 ed=0 dl=0 dr=0 cl=0 cr=0 ok=108 fail=0 vofa=firewater rx=0 txdrop=0
1775029408.9748137,1775029408974813700,6719759990900,HB,26166,0.0,0,0.117,-0.001,0.0,0.0,0.0,0.0,0.0,0.0,0.0,0.0,0.0,0,0,,HB tick=26166 run=0 spd=1 ts=0.000 as=0.000 ta=0.000 aa=0.000 se=0.000 so=0.000 ae=0.000 ao=0.000 pwm=0 pc=0 hd=0 y=0.117 yr=-0.001 L=0 R=0 OL=0 OR=0 el=0 er=0 ed=0 dl=0 dr=0 cl=0 cr=0 ok=109 fail=0 vofa=firewater rx=0 txdrop=0
1775029409.1728814,1775029409172881500,6719958059100,HB,26373,0.0,0,0.117,-0.0,0.0,0.0,0.0,0.0,0.0,0.0,0.0,0.0,0.0,0,0,,HB tick=26373 run=0 spd=1 ts=0.000 as=0.000 ta=0.000 aa=0.000 se=0.000 so=0.000 ae=0.000 ao=0.000 pwm=0 pc=0 hd=0 y=0.117 yr=-0.000 L=0 R=0 OL=0 OR=0 el=0 er=0 ed=0 dl=0 dr=0 cl=0 cr=0 ok=110 fail=0 vofa=firewater rx=0 txdrop=0
1775029409.3825896,1775029409382589600,6720167769100,HB,26576,0.0,0,0.118,0.001,0.0,0.0,0.0,0.0,0.0,0.0,0.0,0.0,0.0,0,0,,HB tick=26576 run=0 spd=1 ts=0.000 as=0.000 ta=0.000 aa=0.000 se=0.000 so=0.000 ae=0.000 ao=0.000 pwm=0 pc=0 hd=0 y=0.118 yr=0.001 L=0 R=0 OL=0 OR=0 el=0 er=0 ed=0 dl=0 dr=0 cl=0 cr=0 ok=111 fail=0 vofa=firewater rx=0 txdrop=0
1775029409.5818348,1775029409581834800,6720367013100,HB,26779,0.0,0,0.118,0.002,0.0,0.0,0.0,0.0,0.0,0.0,0.0,0.0,0.0,0,0,,HB tick=26779 run=0 spd=1 ts=0.000 as=0.000 ta=0.000 aa=0.000 se=0.000 so=0.000 ae=0.000 ao=0.000 pwm=0 pc=0 hd=0 y=0.118 yr=0.002 L=0 R=0 OL=0 OR=0 el=0 er=0 ed=0 dl=0 dr=0 cl=0 cr=0 ok=112 fail=0 vofa=firewater rx=0 txdrop=0
1775029409.8019488,1775029409801948800,6720587126800,HB,26983,0.0,0,0.118,0.001,0.0,0.0,0.0,0.0,0.0,0.0,0.0,0.0,0.0,0,0,,HB tick=26983 run=0 spd=1 ts=0.000 as=0.000 ta=0.000 aa=0.000 se=0.000 so=0.000 ae=0.000 ao=0.000 pwm=0 pc=0 hd=0 y=0.118 yr=0.001 L=0 R=0 OL=0 OR=0 el=0 er=0 ed=0 dl=0 dr=0 cl=0 cr=0 ok=113 fail=0 vofa=firewater rx=0 txdrop=0
1775029409.9906707,1775029409990670700,6720775847800,HB,27191,0.0,0,0.118,0.0,0.0,0.0,0.0,0.0,0.0,0.0,0.0,0.0,0.0,0,0,,HB tick=27191 run=0 spd=1 ts=0.000 as=0.000 ta=0.000 aa=0.000 se=0.000 so=0.000 ae=0.000 ao=0.000 pwm=0 pc=0 hd=0 y=0.118 yr=0.000 L=0 R=0 OL=0 OR=0 el=0 er=0 ed=0 dl=0 dr=0 cl=0 cr=0 ok=114 fail=0 vofa=firewater rx=0 txdrop=0
1775029410.3364275,1775029410336427400,6721121606900,HB,27536,0.0,0,0.118,0.0,0.0,0.0,0.0,0.0,0.0,0.0,0.0,0.0,0.0,0,0,,HB tick=27536 run=0 spd=1 ts=0.000 as=0.000 ta=0.000 aa=0.000 se=0.000 so=0.000 ae=0.000 ao=0.000 pwm=0 pc=0 hd=0 y=0.118 yr=0.000 L=0 R=0 OL=0 OR=0 el=0 er=0 ed=0 dl=0 dr=0 cl=0 cr=0 ok=115 fail=0 vofa=firewater rx=0 txdrop=0
1775029410.5659437,1775029410565943900,6721351121000,HB,27767,0.0,0,0.118,-0.0,0.0,0.0,0.0,0.0,0.0,0.0,0.0,0.0,0.0,0,0,,HB tick=27767 run=0 spd=1 ts=0.000 as=0.000 ta=0.000 aa=0.000 se=0.000 so=0.000 ae=0.000 ao=0.000 pwm=0 pc=0 hd=0 y=0.118 yr=-0.000 L=0 R=0 OL=0 OR=0 el=0 er=0 ed=0 dl=0 dr=0 cl=0 cr=0 ok=116 fail=0 vofa=firewater rx=0 txdrop=0
1775029410.7734437,1775029410773443700,6721558620800,HB,27970,0.0,0,0.118,0.0,0.0,0.0,0.0,0.0,0.0,0.0,0.0,0.0,0.0,0,0,,HB tick=27970 run=0 spd=1 ts=0.000 as=0.000 ta=0.000 aa=0.000 se=0.000 so=0.000 ae=0.000 ao=0.000 pwm=0 pc=0 hd=0 y=0.118 yr=0.000 L=0 R=0 OL=0 OR=0 el=0 er=0 ed=0 dl=0 dr=0 cl=0 cr=0 ok=117 fail=0 vofa=firewater rx=0 txdrop=0
1775029410.9919548,1775029410991954600,6721777131800,HB,28173,0.0,0,0.118,-0.0,0.0,0.0,0.0,0.0,0.0,0.0,0.0,0.0,0.0,0,0,,HB tick=28173 run=0 spd=1 ts=0.000 as=0.000 ta=0.000 aa=0.000 se=0.000 so=0.000 ae=0.000 ao=0.000 pwm=0 pc=0 hd=0 y=0.118 yr=-0.000 L=0 R=0 OL=0 OR=0 el=0 er=0 ed=0 dl=0 dr=0 cl=0 cr=0 ok=118 fail=0 vofa=firewater rx=0 txdrop=0
1775029411.1788797,1775029411178879800,6721964057200,HB,28378,0.0,0,0.118,-0.0,0.0,0.0,0.0,0.0,0.0,0.0,0.0,0.0,0.0,0,0,,HB tick=28378 run=0 spd=1 ts=0.000 as=0.000 ta=0.000 aa=0.000 se=0.000 so=0.000 ae=0.000 ao=0.000 pwm=0 pc=0 hd=0 y=0.118 yr=-0.000 L=0 R=0 OL=0 OR=0 el=0 er=0 ed=0 dl=0 dr=0 cl=0 cr=0 ok=119 fail=0 vofa=firewater rx=0 txdrop=0
1775029411.3776813,1775029411377681100,6722162859300,HB,28580,0.0,0,0.118,-0.0,0.0,0.0,0.0,0.0,0.0,0.0,0.0,0.0,0.0,0,0,,HB tick=28580 run=0 spd=1 ts=0.000 as=0.000 ta=0.000 aa=0.000 se=0.000 so=0.000 ae=0.000 ao=0.000 pwm=0 pc=0 hd=0 y=0.118 yr=-0.000 L=0 R=0 OL=0 OR=0 el=0 er=0 ed=0 dl=0 dr=0 cl=0 cr=0 ok=120 fail=0 vofa=firewater rx=0 txdrop=0
1775029411.7214777,1775029411721477700,6722506655100,HB,28925,0.0,0,0.118,0.0,0.0,0.0,0.0,0.0,0.0,0.0,0.0,0.0,0.0,0,0,,HB tick=28925 run=0 spd=1 ts=0.000 as=0.000 ta=0.000 aa=0.000 se=0.000 so=0.000 ae=0.000 ao=0.000 pwm=0 pc=0 hd=0 y=0.118 yr=0.000 L=0 R=0 OL=0 OR=0 el=0 er=0 ed=0 dl=0 dr=0 cl=0 cr=0 ok=121 fail=0 vofa=firewater rx=0 txdrop=0
1775029411.9499528,1775029411949952800,6722735130000,HB,29155,0.0,0,0.117,-0.001,0.0,0.0,0.0,0.0,0.0,0.0,0.0,0.0,0.0,0,0,,HB tick=29155 run=0 spd=1 ts=0.000 as=0.000 ta=0.000 aa=0.000 se=0.000 so=0.000 ae=0.000 ao=0.000 pwm=0 pc=0 hd=0 y=0.117 yr=-0.001 L=0 R=0 OL=0 OR=0 el=0 er=0 ed=0 dl=0 dr=0 cl=0 cr=0 ok=122 fail=0 vofa=firewater rx=0 txdrop=0
1775029412.1798518,1775029412179851700,6722965029000,HB,29359,0.0,0,0.118,0.0,0.0,0.0,0.0,0.0,0.0,0.0,0.0,0.0,0.0,0,0,,HB tick=29359 run=0 spd=1 ts=0.000 as=0.000 ta=0.000 aa=0.000 se=0.000 so=0.000 ae=0.000 ao=0.000 pwm=0 pc=0 hd=0 y=0.118 yr=0.000 L=0 R=0 OL=0 OR=0 el=0 er=0 ed=0 dl=0 dr=0 cl=0 cr=0 ok=123 fail=0 vofa=firewater rx=0 txdrop=0
1775029412.5478911,1775029412547891200,6723333074100,HB,29748,0.0,0,0.117,-0.0,0.0,0.0,0.0,0.0,0.0,0.0,0.0,0.0,0.0,0,0,,HB tick=29748 run=0 spd=1 ts=0.000 as=0.000 ta=0.000 aa=0.000 se=0.000 so=0.000 ae=0.000 ao=0.000 pwm=0 pc=0 hd=0 y=0.117 yr=-0.000 L=0 R=0 OL=0 OR=0 el=0 er=0 ed=0 dl=0 dr=0 cl=0 cr=0 ok=124 fail=0 vofa=firewater rx=0 txdrop=0
1775029412.751938,1775029412751938000,6723537117800,HB,29951,0.0,0,0.117,-0.0,0.0,0.0,0.0,0.0,0.0,0.0,0.0,0.0,0.0,0,0,,HB tick=29951 run=0 spd=1 ts=0.000 as=0.000 ta=0.000 aa=0.000 se=0.000 so=0.000 ae=0.000 ao=0.000 pwm=0 pc=0 hd=0 y=0.117 yr=-0.000 L=0 R=0 OL=0 OR=0 el=0 er=0 ed=0 dl=0 dr=0 cl=0 cr=0 ok=125 fail=0 vofa=firewater rx=0 txdrop=0
1775029412.95987,1775029412959870300,6723745048500,HB,30155,0.0,0,0.117,-0.0,0.0,0.0,0.0,0.0,0.0,0.0,0.0,0.0,0.0,0,0,,HB tick=30155 run=0 spd=1 ts=0.000 as=0.000 ta=0.000 aa=0.000 se=0.000 so=0.000 ae=0.000 ao=0.000 pwm=0 pc=0 hd=0 y=0.117 yr=-0.000 L=0 R=0 OL=0 OR=0 el=0 er=0 ed=0 dl=0 dr=0 cl=0 cr=0 ok=126 fail=0 vofa=firewater rx=0 txdrop=0
1775029413.1785843,1775029413178584400,6723963761600,HB,30359,0.0,0,0.117,-0.001,0.0,0.0,0.0,0.0,0.0,0.0,0.0,0.0,0.0,0,0,,HB tick=30359 run=0 spd=1 ts=0.000 as=0.000 ta=0.000 aa=0.000 se=0.000 so=0.000 ae=0.000 ao=0.000 pwm=0 pc=0 hd=0 y=0.117 yr=-0.001 L=0 R=0 OL=0 OR=0 el=0 er=0 ed=0 dl=0 dr=0 cl=0 cr=0 ok=127 fail=0 vofa=firewater rx=0 txdrop=0
1775029413.5029502,1775029413502950200,6724288128400,HB,30704,0.0,0,0.125,0.011,0.0,0.0,0.0,0.0,0.0,0.0,0.0,0.0,0.0,0,0,,HB tick=30704 run=0 spd=1 ts=0.000 as=0.000 ta=0.000 aa=0.000 se=0.000 so=0.000 ae=0.000 ao=0.000 pwm=0 pc=0 hd=0 y=0.125 yr=0.011 L=0 R=0 OL=0 OR=0 el=0 er=0 ed=0 dl=0 dr=0 cl=0 cr=0 ok=128 fail=0 vofa=firewater rx=0 txdrop=0
1775029413.733733,1775029413733732800,6724518910700,HB,30934,0.0,0,0.125,0.007,0.0,0.0,0.0,0.0,0.0,0.0,0.0,0.0,0.0,0,0,,HB tick=30934 run=0 spd=1 ts=0.000 as=0.000 ta=0.000 aa=0.000 se=0.000 so=0.000 ae=0.000 ao=0.000 pwm=0 pc=0 hd=0 y=0.125 yr=0.007 L=0 R=0 OL=0 OR=0 el=0 er=0 ed=0 dl=0 dr=0 cl=0 cr=0 ok=129 fail=0 vofa=firewater rx=0 txdrop=0
1775029413.9328496,1775029413932849600,6724718027400,HB,31138,0.0,0,0.133,0.018,0.0,0.0,0.0,0.0,0.0,0.0,0.0,0.0,0.0,0,0,,HB tick=31138 run=0 spd=1 ts=0.000 as=0.000 ta=0.000 aa=0.000 se=0.000 so=0.000 ae=0.000 ao=0.000 pwm=0 pc=0 hd=0 y=0.133 yr=0.018 L=0 R=0 OL=0 OR=0 el=0 er=0 ed=0 dl=0 dr=0 cl=0 cr=0 ok=130 fail=0 vofa=firewater rx=0 txdrop=0
1775029414.1411679,1775029414141167900,6724926346200,HB,31340,0.0,0,0.133,0.012,0.0,0.0,0.0,0.0,0.0,0.0,0.0,0.0,0.0,0,0,,HB tick=31340 run=0 spd=1 ts=0.000 as=0.000 ta=0.000 aa=0.000 se=0.000 so=0.000 ae=0.000 ao=0.000 pwm=0 pc=0 hd=0 y=0.133 yr=0.012 L=0 R=0 OL=0 OR=0 el=0 er=0 ed=0 dl=0 dr=0 cl=0 cr=0 ok=131 fail=0 vofa=firewater rx=0 txdrop=0
1775029414.3629522,1775029414362952200,6725148131500,HB,31544,0.0,0,0.133,0.008,0.0,0.0,0.0,0.0,0.0,0.0,0.0,0.0,0.0,0,0,,HB tick=31544 run=0 spd=1 ts=0.000 as=0.000 ta=0.000 aa=0.000 se=0.000 so=0.000 ae=0.000 ao=0.000 pwm=0 pc=0 hd=0 y=0.133 yr=0.008 L=0 R=0 OL=0 OR=0 el=0 er=0 ed=0 dl=0 dr=0 cl=0 cr=0 ok=132 fail=0 vofa=firewater rx=0 txdrop=0
1775029414.688979,1775029414688979000,6725474156600,HB,31893,0.0,0,0.133,0.003,0.0,0.0,0.0,0.0,0.0,0.0,0.0,0.0,0.0,0,0,,HB tick=31893 run=0 spd=1 ts=0.000 as=0.000 ta=0.000 aa=0.000 se=0.000 so=0.000 ae=0.000 ao=0.000 pwm=0 pc=0 hd=0 y=0.133 yr=0.003 L=0 R=0 OL=0 OR=0 el=0 er=0 ed=0 dl=0 dr=0 cl=0 cr=0 ok=133 fail=0 vofa=firewater rx=0 txdrop=0
1775029414.9223974,1775029414922397500,6725707574700,HB,32124,0.0,0,0.134,0.004,0.0,0.0,0.0,0.0,0.0,0.0,0.0,0.0,0.0,0,0,,HB tick=32124 run=0 spd=1 ts=0.000 as=0.000 ta=0.000 aa=0.000 se=0.000 so=0.000 ae=0.000 ao=0.000 pwm=0 pc=0 hd=0 y=0.134 yr=0.004 L=0 R=0 OL=0 OR=0 el=0 er=0 ed=0 dl=0 dr=0 cl=0 cr=0 ok=134 fail=0 vofa=firewater rx=0 txdrop=0
1775029415.1301506,1775029415130150700,6725915327900,HB,32331,0.0,0,0.126,-0.011,0.0,0.0,0.0,0.0,0.0,0.0,0.0,0.0,0.0,0,0,,HB tick=32331 run=0 spd=1 ts=0.000 as=0.000 ta=0.000 aa=0.000 se=0.000 so=0.000 ae=0.000 ao=0.000 pwm=0 pc=0 hd=0 y=0.126 yr=-0.011 L=0 R=0 OL=0 OR=0 el=0 er=0 ed=0 dl=0 dr=0 cl=0 cr=0 ok=135 fail=0 vofa=firewater rx=0 txdrop=0
1775029415.3378153,1775029415337815400,6726122992700,HB,32534,0.0,0,0.126,-0.007,0.0,0.0,0.0,0.0,0.0,0.0,0.0,0.0,0.0,0,0,,HB tick=32534 run=0 spd=1 ts=0.000 as=0.000 ta=0.000 aa=0.000 se=0.000 so=0.000 ae=0.000 ao=0.000 pwm=0 pc=0 hd=0 y=0.126 yr=-0.007 L=0 R=0 OL=0 OR=0 el=0 er=0 ed=0 dl=0 dr=0 cl=0 cr=0 ok=136 fail=0 vofa=firewater rx=0 txdrop=0
1775029415.5597253,1775029415559725200,6726344902700,HB,32738,0.0,0,0.126,-0.004,0.0,0.0,0.0,0.0,0.0,0.0,0.0,0.0,0.0,0,0,,HB tick=32738 run=0 spd=1 ts=0.000 as=0.000 ta=0.000 aa=0.000 se=0.000 so=0.000 ae=0.000 ao=0.000 pwm=0 pc=0 hd=0 y=0.126 yr=-0.004 L=0 R=0 OL=0 OR=0 el=0 er=0 ed=0 dl=0 dr=0 cl=0 cr=0 ok=137 fail=0 vofa=firewater rx=0 txdrop=0
1775029415.8816555,1775029415881655600,6726666832700,HB,33083,0.0,0,0.126,-0.002,0.0,0.0,0.0,0.0,0.0,0.0,0.0,0.0,0.0,0,0,,HB tick=33083 run=0 spd=1 ts=0.000 as=0.000 ta=0.000 aa=0.000 se=0.000 so=0.000 ae=0.000 ao=0.000 pwm=0 pc=0 hd=0 y=0.126 yr=-0.002 L=0 R=0 OL=0 OR=0 el=0 er=0 ed=0 dl=0 dr=0 cl=0 cr=0 ok=138 fail=0 vofa=firewater rx=0 txdrop=0
1775029416.1104143,1775029416110414300,6726895591700,HB,33314,0.0,0,0.118,-0.013,0.0,0.0,0.0,0.0,0.0,0.0,0.0,0.0,0.0,0,0,,HB tick=33314 run=0 spd=1 ts=0.000 as=0.000 ta=0.000 aa=0.000 se=0.000 so=0.000 ae=0.000 ao=0.000 pwm=0 pc=0 hd=0 y=0.118 yr=-0.013 L=0 R=0 OL=0 OR=0 el=0 er=0 ed=0 dl=0 dr=0 cl=0 cr=0 ok=139 fail=0 vofa=firewater rx=0 txdrop=0
1775029416.3188546,1775029416318854600,6727104031800,HB,33517,0.0,0,0.118,-0.009,0.0,0.0,0.0,0.0,0.0,0.0,0.0,0.0,0.0,0,0,,HB tick=33517 run=0 spd=1 ts=0.000 as=0.000 ta=0.000 aa=0.000 se=0.000 so=0.000 ae=0.000 ao=0.000 pwm=0 pc=0 hd=0 y=0.118 yr=-0.009 L=0 R=0 OL=0 OR=0 el=0 er=0 ed=0 dl=0 dr=0 cl=0 cr=0 ok=140 fail=0 vofa=firewater rx=0 txdrop=0
1775029416.5167916,1775029416516791500,6727301968500,HB,33720,0.0,0,0.118,-0.007,0.0,0.0,0.0,0.0,0.0,0.0,0.0,0.0,0.0,0,0,,HB tick=33720 run=0 spd=1 ts=0.000 as=0.000 ta=0.000 aa=0.000 se=0.000 so=0.000 ae=0.000 ao=0.000 pwm=0 pc=0 hd=0 y=0.118 yr=-0.007 L=0 R=0 OL=0 OR=0 el=0 er=0 ed=0 dl=0 dr=0 cl=0 cr=0 ok=141 fail=0 vofa=firewater rx=0 txdrop=0
1775029416.7457976,1775029416745797600,6727530975100,HB,33923,0.0,0,0.118,-0.004,0.0,0.0,0.0,0.0,0.0,0.0,0.0,0.0,0.0,0,0,,HB tick=33923 run=0 spd=1 ts=0.000 as=0.000 ta=0.000 aa=0.000 se=0.000 so=0.000 ae=0.000 ao=0.000 pwm=0 pc=0 hd=0 y=0.118 yr=-0.004 L=0 R=0 OL=0 OR=0 el=0 er=0 ed=0 dl=0 dr=0 cl=0 cr=0 ok=142 fail=0 vofa=firewater rx=0 txdrop=0
1775029417.1114109,1775029417111411000,6727896588200,HB,34317,0.0,0,0.117,-0.002,0.0,0.0,0.0,0.0,0.0,0.0,0.0,0.0,0.0,0,0,,HB tick=34317 run=0 spd=1 ts=0.000 as=0.000 ta=0.000 aa=0.000 se=0.000 so=0.000 ae=0.000 ao=0.000 pwm=0 pc=0 hd=0 y=0.117 yr=-0.002 L=0 R=0 OL=0 OR=0 el=0 er=0 ed=0 dl=0 dr=0 cl=0 cr=0 ok=143 fail=0 vofa=firewater rx=0 txdrop=0
1775029417.3302708,1775029417330270600,6728115447800,HB,34535,0.0,0,0.117,-0.001,0.0,0.0,0.0,0.0,0.0,0.0,0.0,0.0,0.0,0,0,,HB tick=34535 run=0 spd=1 ts=0.000 as=0.000 ta=0.000 aa=0.000 se=0.000 so=0.000 ae=0.000 ao=0.000 pwm=0 pc=0 hd=0 y=0.117 yr=-0.001 L=0 R=0 OL=0 OR=0 el=0 er=0 ed=0 dl=0 dr=0 cl=0 cr=0 ok=144 fail=0 vofa=firewater rx=0 txdrop=0
1775029417.6951392,1775029417695139000,6728480316100,HB,34892,0.0,0,0.117,-0.0,0.0,0.0,0.0,0.0,0.0,0.0,0.0,0.0,0.0,0,0,,HB tick=34892 run=0 spd=1 ts=0.000 as=0.000 ta=0.000 aa=0.000 se=0.000 so=0.000 ae=0.000 ao=0.000 pwm=0 pc=0 hd=0 y=0.117 yr=-0.000 L=0 R=0 OL=0 OR=0 el=0 er=0 ed=0 dl=0 dr=0 cl=0 cr=0 ok=145 fail=0 vofa=firewater rx=0 txdrop=0
1775029417.9448788,1775029417944878800,6728730073100,HB,35123,0.0,0,0.117,-0.0,0.0,0.0,0.0,0.0,0.0,0.0,0.0,0.0,0.0,0,0,,HB tick=35123 run=0 spd=1 ts=0.000 as=0.000 ta=0.000 aa=0.000 se=0.000 so=0.000 ae=0.000 ao=0.000 pwm=0 pc=0 hd=0 y=0.117 yr=-0.000 L=0 R=0 OL=0 OR=0 el=0 er=0 ed=0 dl=0 dr=0 cl=0 cr=0 ok=146 fail=0 vofa=firewater rx=0 txdrop=0
1775029418.3097177,1775029418309717700,6729094895100,HB,35516,0.0,0,0.117,-0.001,0.0,0.0,0.0,0.0,0.0,0.0,0.0,0.0,0.0,0,0,,HB tick=35516 run=0 spd=1 ts=0.000 as=0.000 ta=0.000 aa=0.000 se=0.000 so=0.000 ae=0.000 ao=0.000 pwm=0 pc=0 hd=0 y=0.117 yr=-0.001 L=0 R=0 OL=0 OR=0 el=0 er=0 ed=0 dl=0 dr=0 cl=0 cr=0 ok=147 fail=0 vofa=firewater rx=0 txdrop=0
1775029418.5171666,1775029418517166600,6729302343800,HB,35719,0.0,0,0.117,-0.0,0.0,0.0,0.0,0.0,0.0,0.0,0.0,0.0,0.0,0,0,,HB tick=35719 run=0 spd=1 ts=0.000 as=0.000 ta=0.000 aa=0.000 se=0.000 so=0.000 ae=0.000 ao=0.000 pwm=0 pc=0 hd=0 y=0.117 yr=-0.000 L=0 R=0 OL=0 OR=0 el=0 er=0 ed=0 dl=0 dr=0 cl=0 cr=0 ok=148 fail=0 vofa=firewater rx=0 txdrop=0
1775029418.7457874,1775029418745787500,6729530964600,HB,35943,0.0,0,0.117,-0.0,0.0,0.0,0.0,0.0,0.0,0.0,0.0,0.0,0.0,0,0,,HB tick=35943 run=0 spd=1 ts=0.000 as=0.000 ta=0.000 aa=0.000 se=0.000 so=0.000 ae=0.000 ao=0.000 pwm=0 pc=0 hd=0 y=0.117 yr=-0.000 L=0 R=0 OL=0 OR=0 el=0 er=0 ed=0 dl=0 dr=0 cl=0 cr=0 ok=149 fail=0 vofa=firewater rx=0 txdrop=0
1775029419.1717517,1775029419171751600,6729956928800,HB,36347,0.0,0,0.117,-0.0,0.0,0.0,0.0,0.0,0.0,0.0,0.0,0.0,0.0,0,0,,HB tick=36347 run=0 spd=1 ts=0.000 as=0.000 ta=0.000 aa=0.000 se=0.000 so=0.000 ae=0.000 ao=0.000 pwm=0 pc=0 hd=0 y=0.117 yr=-0.000 L=0 R=0 OL=0 OR=0 el=0 er=0 ed=0 dl=0 dr=0 cl=0 cr=0 ok=150 fail=0 vofa=firewater rx=0 txdrop=0
1775029419.3484218,1775029419348422000,6730133599400,HB,36547,0.0,0,0.117,-0.0,0.0,0.0,0.0,0.0,0.0,0.0,0.0,0.0,0.0,0,0,,HB tick=36547 run=0 spd=1 ts=0.000 as=0.000 ta=0.000 aa=0.000 se=0.000 so=0.000 ae=0.000 ao=0.000 pwm=0 pc=0 hd=0 y=0.117 yr=-0.000 L=0 R=0 OL=0 OR=0 el=0 er=0 ed=0 dl=0 dr=0 cl=0 cr=0 ok=151 fail=0 vofa=firewater rx=0 txdrop=0
1775029419.546799,1775029419546798900,6730331976000,HB,36749,0.0,0,0.117,-0.0,0.0,0.0,0.0,0.0,0.0,0.0,0.0,0.0,0.0,0,0,,HB tick=36749 run=0 spd=1 ts=0.000 as=0.000 ta=0.000 aa=0.000 se=0.000 so=0.000 ae=0.000 ao=0.000 pwm=0 pc=0 hd=0 y=0.117 yr=-0.000 L=0 R=0 OL=0 OR=0 el=0 er=0 ed=0 dl=0 dr=0 cl=0 cr=0 ok=152 fail=0 vofa=firewater rx=0 txdrop=0
1775029419.7553923,1775029419755392200,6730540570200,HB,36953,0.0,0,0.117,-0.0,0.0,0.0,0.0,0.0,0.0,0.0,0.0,0.0,0.0,0,0,,HB tick=36953 run=0 spd=1 ts=0.000 as=0.000 ta=0.000 aa=0.000 se=0.000 so=0.000 ae=0.000 ao=0.000 pwm=0 pc=0 hd=0 y=0.117 yr=-0.000 L=0 R=0 OL=0 OR=0 el=0 er=0 ed=0 dl=0 dr=0 cl=0 cr=0 ok=153 fail=0 vofa=firewater rx=0 txdrop=0
1775029419.9739933,1775029419973993300,6730759170800,HB,37171,0.0,0,0.117,-0.0,0.0,0.0,0.0,0.0,0.0,0.0,0.0,0.0,0.0,0,0,,HB tick=37171 run=0 spd=1 ts=0.000 as=0.000 ta=0.000 aa=0.000 se=0.000 so=0.000 ae=0.000 ao=0.000 pwm=0 pc=0 hd=0 y=0.117 yr=-0.000 L=0 R=0 OL=0 OR=0 el=0 er=0 ed=0 dl=0 dr=0 cl=0 cr=0 ok=154 fail=0 vofa=firewater rx=0 txdrop=0
1775029420.3282566,1775029420328256500,6731113433600,HB,37512,0.0,0,0.117,-0.0,0.0,0.0,0.0,0.0,0.0,0.0,0.0,0.0,0.0,0,0,,HB tick=37512 run=0 spd=1 ts=0.000 as=0.000 ta=0.000 aa=0.000 se=0.000 so=0.000 ae=0.000 ao=0.000 pwm=0 pc=0 hd=0 y=0.117 yr=-0.000 L=0 R=0 OL=0 OR=0 el=0 er=0 ed=0 dl=0 dr=0 cl=0 cr=0 ok=155 fail=0 vofa=firewater rx=0 txdrop=0
1775029420.5465326,1775029420546532700,6731331709900,HB,37743,0.0,0,0.124,0.012,0.0,0.0,0.0,0.0,0.0,0.0,0.0,0.0,0.0,0,0,,HB tick=37743 run=0 spd=1 ts=0.000 as=0.000 ta=0.000 aa=0.000 se=0.000 so=0.000 ae=0.000 ao=0.000 pwm=0 pc=0 hd=0 y=0.124 yr=0.012 L=0 R=0 OL=0 OR=0 el=0 er=0 ed=0 dl=0 dr=0 cl=0 cr=0 ok=156 fail=0 vofa=firewater rx=0 txdrop=0
1775029420.750735,1775029420750735100,6731535914300,HB,37945,0.0,0,0.117,-0.005,0.0,0.0,0.0,0.0,0.0,0.0,0.0,0.0,0.0,0,0,,HB tick=37945 run=0 spd=1 ts=0.000 as=0.000 ta=0.000 aa=0.000 se=0.000 so=0.000 ae=0.000 ao=0.000 pwm=0 pc=0 hd=0 y=0.117 yr=-0.005 L=0 R=0 OL=0 OR=0 el=0 er=0 ed=0 dl=0 dr=0 cl=0 cr=0 ok=157 fail=0 vofa=firewater rx=0 txdrop=0
1775029420.947247,1775029420947247100,6731732426400,HB,38148,0.0,0,0.118,-0.003,0.0,0.0,0.0,0.0,0.0,0.0,0.0,0.0,0.0,0,0,,HB tick=38148 run=0 spd=1 ts=0.000 as=0.000 ta=0.000 aa=0.000 se=0.000 so=0.000 ae=0.000 ao=0.000 pwm=0 pc=0 hd=0 y=0.118 yr=-0.003 L=0 R=0 OL=0 OR=0 el=0 er=0 ed=0 dl=0 dr=0 cl=0 cr=0 ok=158 fail=0 vofa=firewater rx=0 txdrop=0
1775029421.145639,1775029421145639000,6731930816200,HB,38352,0.0,0,0.125,0.011,0.0,0.0,0.0,0.0,0.0,0.0,0.0,0.0,0.0,0,0,,HB tick=38352 run=0 spd=1 ts=0.000 as=0.000 ta=0.000 aa=0.000 se=0.000 so=0.000 ae=0.000 ao=0.000 pwm=0 pc=0 hd=0 y=0.125 yr=0.011 L=0 R=0 OL=0 OR=0 el=0 er=0 ed=0 dl=0 dr=0 cl=0 cr=0 ok=159 fail=0 vofa=firewater rx=0 txdrop=0
1775029421.374401,1775029421374401100,6732159578800,HB,38555,0.0,0,0.117,-0.006,0.0,0.0,0.0,0.0,0.0,0.0,0.0,0.0,0.0,0,0,,HB tick=38555 run=0 spd=1 ts=0.000 as=0.000 ta=0.000 aa=0.000 se=0.000 so=0.000 ae=0.000 ao=0.000 pwm=0 pc=0 hd=0 y=0.117 yr=-0.006 L=0 R=0 OL=0 OR=0 el=0 er=0 ed=0 dl=0 dr=0 cl=0 cr=0 ok=160 fail=0 vofa=firewater rx=0 txdrop=0
1775029421.6959293,1775029421695929300,6732481106300,HB,38901,0.0,0,0.118,-0.002,0.0,0.0,0.0,0.0,0.0,0.0,0.0,0.0,0.0,0,0,,HB tick=38901 run=0 spd=1 ts=0.000 as=0.000 ta=0.000 aa=0.000 se=0.000 so=0.000 ae=0.000 ao=0.000 pwm=0 pc=0 hd=0 y=0.118 yr=-0.002 L=0 R=0 OL=0 OR=0 el=0 er=0 ed=0 dl=0 dr=0 cl=0 cr=0 ok=161 fail=0 vofa=firewater rx=0 txdrop=0
1775029421.9245636,1775029421924563800,6732709741200,HB,39131,0.0,0,0.118,-0.001,0.0,0.0,0.0,0.0,0.0,0.0,0.0,0.0,0.0,0,0,,HB tick=39131 run=0 spd=1 ts=0.000 as=0.000 ta=0.000 aa=0.000 se=0.000 so=0.000 ae=0.000 ao=0.000 pwm=0 pc=0 hd=0 y=0.118 yr=-0.001 L=0 R=0 OL=0 OR=0 el=0 er=0 ed=0 dl=0 dr=0 cl=0 cr=0 ok=162 fail=0 vofa=firewater rx=0 txdrop=0
1775029422.1318824,1775029422131882500,6732917059500,HB,39334,0.0,0,0.118,-0.001,0.0,0.0,0.0,0.0,0.0,0.0,0.0,0.0,0.0,0,0,,HB tick=39334 run=0 spd=1 ts=0.000 as=0.000 ta=0.000 aa=0.000 se=0.000 so=0.000 ae=0.000 ao=0.000 pwm=0 pc=0 hd=0 y=0.118 yr=-0.001 L=0 R=0 OL=0 OR=0 el=0 er=0 ed=0 dl=0 dr=0 cl=0 cr=0 ok=163 fail=0 vofa=firewater rx=0 txdrop=0
1775029422.3308551,1775029422330855200,6733116032500,HB,39537,0.0,0,0.118,-0.0,0.0,0.0,0.0,0.0,0.0,0.0,0.0,0.0,0.0,0,0,,HB tick=39537 run=0 spd=1 ts=0.000 as=0.000 ta=0.000 aa=0.000 se=0.000 so=0.000 ae=0.000 ao=0.000 pwm=0 pc=0 hd=0 y=0.118 yr=-0.000 L=0 R=0 OL=0 OR=0 el=0 er=0 ed=0 dl=0 dr=0 cl=0 cr=0 ok=164 fail=0 vofa=firewater rx=0 txdrop=0
1775029422.5612197,1775029422561219700,6733346397100,HB,39741,0.0,0,0.118,0.0,0.0,0.0,0.0,0.0,0.0,0.0,0.0,0.0,0.0,0,0,,HB tick=39741 run=0 spd=1 ts=0.000 as=0.000 ta=0.000 aa=0.000 se=0.000 so=0.000 ae=0.000 ao=0.000 pwm=0 pc=0 hd=0 y=0.118 yr=0.000 L=0 R=0 OL=0 OR=0 el=0 er=0 ed=0 dl=0 dr=0 cl=0 cr=0 ok=165 fail=0 vofa=firewater rx=0 txdrop=0
1775029422.935247,1775029422935246800,6733720424600,HB,40135,0.0,0,0.118,-0.001,0.0,0.0,0.0,0.0,0.0,0.0,0.0,0.0,0.0,0,0,,HB tick=40135 run=0 spd=1 ts=0.000 as=0.000 ta=0.000 aa=0.000 se=0.000 so=0.000 ae=0.000 ao=0.000 pwm=0 pc=0 hd=0 y=0.118 yr=-0.001 L=0 R=0 OL=0 OR=0 el=0 er=0 ed=0 dl=0 dr=0 cl=0 cr=0 ok=166 fail=0 vofa=firewater rx=0 txdrop=0
1775029423.1340177,1775029423134017800,6733919195400,HB,40337,0.0,0,0.118,-0.0,0.0,0.0,0.0,0.0,0.0,0.0,0.0,0.0,0.0,0,0,,HB tick=40337 run=0 spd=1 ts=0.000 as=0.000 ta=0.000 aa=0.000 se=0.000 so=0.000 ae=0.000 ao=0.000 pwm=0 pc=0 hd=0 y=0.118 yr=-0.000 L=0 R=0 OL=0 OR=0 el=0 er=0 ed=0 dl=0 dr=0 cl=0 cr=0 ok=167 fail=0 vofa=firewater rx=0 txdrop=0
1775029423.3429103,1775029423342910300,6734128087400,HB,40545,0.0,0,0.118,-0.0,0.0,0.0,0.0,0.0,0.0,0.0,0.0,0.0,0.0,0,0,,HB tick=40545 run=0 spd=1 ts=0.000 as=0.000 ta=0.000 aa=0.000 se=0.000 so=0.000 ae=0.000 ao=0.000 pwm=0 pc=0 hd=0 y=0.118 yr=-0.000 L=0 R=0 OL=0 OR=0 el=0 er=0 ed=0 dl=0 dr=0 cl=0 cr=0 ok=168 fail=0 vofa=firewater rx=0 txdrop=0
1775029423.7575972,1775029423757597200,6734542774800,HB,40934,0.0,0,0.118,-0.0,0.0,0.0,0.0,0.0,0.0,0.0,0.0,0.0,0.0,0,0,,HB tick=40934 run=0 spd=1 ts=0.000 as=0.000 ta=0.000 aa=0.000 se=0.000 so=0.000 ae=0.000 ao=0.000 pwm=0 pc=0 hd=0 y=0.118 yr=-0.000 L=0 R=0 OL=0 OR=0 el=0 er=0 ed=0 dl=0 dr=0 cl=0 cr=0 ok=169 fail=0 vofa=firewater rx=0 txdrop=0
1775029424.126502,1775029424126502100,6734911679300,HB,41324,0.0,0,0.118,-0.0,0.0,0.0,0.0,0.0,0.0,0.0,0.0,0.0,0.0,0,0,,HB tick=41324 run=0 spd=1 ts=0.000 as=0.000 ta=0.000 aa=0.000 se=0.000 so=0.000 ae=0.000 ao=0.000 pwm=0 pc=0 hd=0 y=0.118 yr=-0.000 L=0 R=0 OL=0 OR=0 el=0 er=0 ed=0 dl=0 dr=0 cl=0 cr=0 ok=170 fail=0 vofa=firewater rx=0 txdrop=0
1775029424.323221,1775029424323221000,6735108398500,HB,41527,0.0,0,0.118,0.0,0.0,0.0,0.0,0.0,0.0,0.0,0.0,0.0,0.0,0,0,,HB tick=41527 run=0 spd=1 ts=0.000 as=0.000 ta=0.000 aa=0.000 se=0.000 so=0.000 ae=0.000 ao=0.000 pwm=0 pc=0 hd=0 y=0.118 yr=0.000 L=0 R=0 OL=0 OR=0 el=0 er=0 ed=0 dl=0 dr=0 cl=0 cr=0 ok=171 fail=0 vofa=firewater rx=0 txdrop=0
