host_time_s,host_time_ns,host_monotonic_ns,source,tick,t_ms,run,yaw,yaw_rate,left_encoder,right_encoder,encoder_diff,left_output,right_output,left_core,right_core,raw_left_delta,raw_right_delta,left_clamped,right_clamped,anomaly_flags,raw_line
1775033315.4473596,1775033315447359400,10626232537000,HB,265495,0.0,0,0.027,-0.0,0.0,0.0,0.0,0.0,0.0,0.0,0.0,0.0,0.0,0,0,,HB tick=265495 run=0 ts=0.000 as=0.000 ta=0.000 aa=0.000 se=0.000 so=0.000 ae=0.000 ao=0.000 pwm=0 pc=0 hd=0 y=0.027 yr=-0.000 L=0 R=0 OL=0 OR=0 el=0 er=0 ed=0 dl=0 dr=0 cl=0 cr=0 ok=1082 fail=0 vofa=firewater rx=0 txdrop=0
1775033315.4473596,1775033315447359401,10626232537001,HB,265840,0.0,0,0.027,-0.0,0.0,0.0,0.0,0.0,0.0,0.0,0.0,0.0,0.0,0,0,,HB tick=265840 run=0 ts=0.000 as=0.000 ta=0.000 aa=0.000 se=0.000 so=0.000 ae=0.000 ao=0.000 pwm=0 pc=0 hd=0 y=0.027 yr=-0.000 L=0 R=0 OL=0 OR=0 el=0 er=0 ed=0 dl=0 dr=0 cl=0 cr=0 ok=1083 fail=0 vofa=firewater rx=0 txdrop=0
1775033315.4473596,1775033315447359402,10626232537002,HB,266070,0.0,0,0.027,-0.0,0.0,0.0,0.0,0.0,0.0,0.0,0.0,0.0,0.0,0,0,,HB tick=266070 run=0 ts=0.000 as=0.000 ta=0.000 aa=0.000 se=0.000 so=0.000 ae=0.000 ao=0.000 pwm=0 pc=0 hd=0 y=0.027 yr=-0.000 L=0 R=0 OL=0 OR=0 el=0 er=0 ed=0 dl=0 dr=0 cl=0 cr=0 ok=1084 fail=0 vofa=firewater rx=0 txdrop=0
1775033315.5541844,1775033315554184500,10626339361600,HB,266274,0.0,0,0.027,-0.0,0.0,0.0,0.0,0.0,0.0,0.0,0.0,0.0,0.0,0,0,,HB tick=266274 run=0 ts=0.000 as=0.000 ta=0.000 aa=0.000 se=0.000 so=0.000 ae=0.000 ao=0.000 pwm=0 pc=0 hd=0 y=0.027 yr=-0.000 L=0 R=0 OL=0 OR=0 el=0 er=0 ed=0 dl=0 dr=0 cl=0 cr=0 ok=1085 fail=0 vofa=firewater rx=0 txdrop=0
1775033315.9165776,1775033315916577600,10626701755200,HB,266664,0.0,0,0.028,0.0,0.0,0.0,0.0,0.0,0.0,0.0,0.0,0.0,0.0,0,0,,HB tick=266664 run=0 ts=0.000 as=0.000 ta=0.000 aa=0.000 se=0.000 so=0.000 ae=0.000 ao=0.000 pwm=0 pc=0 hd=0 y=0.028 yr=0.000 L=0 R=0 OL=0 OR=0 el=0 er=0 ed=0 dl=0 dr=0 cl=0 cr=0 ok=1086 fail=0 vofa=firewater rx=0 txdrop=0
1775033316.0829725,1775033316082972500,10626868149800,STAT,266807,0.0,0,0.027551,0.000117,0.0,0.0,0.0,0.0,0.0,0.0,0.0,0.0,0.0,0,0,,STAT tick=266807 run=0 ts=0.000000 as=0.000000 ta=0.000000 aa=0.000000 se=0.000000 so=0.000000 ae=0.000000 ao=0.000000 pwm=0 pc=0 hd=0 y=0.027551 p=-0.936109 r=5.541953 yr=0.000117 ax=0 ay=0 az=0 gx=0 gy=0 gz=0 who=0x85 addr=0x4A icm_ok=1351 icm_fail=0 L=0 R=0 OL=0 OR=0 el=0 er=0 ed=0 dl=0 dr=0 cl=0 cr=0 skp=0.100000 ski=0.012000 skd=0.000000 akp=0.240000 aki=0.002400 akd=0.050000 ok=1087 fail=0 vofa=firewater rx=6 txdrop=0
1775033316.2705348,1775033316270534700,10627055712000,HB,267011,0.0,0,0.028,0.0,0.0,0.0,0.0,0.0,0.0,0.0,0.0,0.0,0.0,0,0,,HB tick=267011 run=0 ts=0.000 as=0.000 ta=0.000 aa=0.000 se=0.000 so=0.000 ae=0.000 ao=0.000 pwm=0 pc=0 hd=0 y=0.028 yr=0.000 L=0 R=0 OL=0 OR=0 el=0 er=0 ed=0 dl=0 dr=0 cl=0 cr=0 ok=1087 fail=0 vofa=firewater rx=6 txdrop=0
1775033316.4991698,1775033316499169900,10627284347200,HB,267242,0.0,0,0.021,-0.01,0.0,0.0,0.0,0.0,0.0,0.0,0.0,0.0,0.0,0,0,,HB tick=267242 run=0 ts=0.000 as=0.000 ta=0.000 aa=0.000 se=0.000 so=0.000 ae=0.000 ao=0.000 pwm=0 pc=0 hd=0 y=0.021 yr=-0.010 L=0 R=0 OL=0 OR=0 el=0 er=0 ed=0 dl=0 dr=0 cl=0 cr=0 ok=1088 fail=0 vofa=firewater rx=6 txdrop=0
1775033316.727614,1775033316727613900,10627512791100,HB,267446,0.0,0,0.028,0.005,0.0,0.0,0.0,0.0,0.0,0.0,0.0,0.0,0.0,0,0,,HB tick=267446 run=0 ts=0.000 as=0.000 ta=0.000 aa=0.000 se=0.000 so=0.000 ae=0.000 ao=0.000 pwm=0 pc=0 hd=0 y=0.028 yr=0.005 L=0 R=0 OL=0 OR=0 el=0 er=0 ed=0 dl=0 dr=0 cl=0 cr=0 ok=1089 fail=0 vofa=firewater rx=6 txdrop=0
1775033316.902986,1775033316902986000,10627688163400,HB,267649,0.0,0,0.028,0.004,0.0,0.0,0.0,0.0,0.0,0.0,0.0,0.0,0.0,0,0,,HB tick=267649 run=0 ts=0.000 as=0.000 ta=0.000 aa=0.000 se=0.000 so=0.000 ae=0.000 ao=0.000 pwm=0 pc=0 hd=0 y=0.028 yr=0.004 L=0 R=0 OL=0 OR=0 el=0 er=0 ed=0 dl=0 dr=0 cl=0 cr=0 ok=1090 fail=0 vofa=firewater rx=6 txdrop=0
1775033317.256533,1775033317256533100,10628041713700,HB,267994,0.0,0,0.021,-0.008,0.0,0.0,0.0,0.0,0.0,0.0,0.0,0.0,0.0,0,0,,HB tick=267994 run=0 ts=0.000 as=0.000 ta=0.000 aa=0.000 se=0.000 so=0.000 ae=0.000 ao=0.000 pwm=0 pc=0 hd=0 y=0.021 yr=-0.008 L=0 R=0 OL=0 OR=0 el=0 er=0 ed=0 dl=0 dr=0 cl=0 cr=0 ok=1091 fail=0 vofa=firewater rx=6 txdrop=0
1775033317.484632,1775033317484632100,10628269809200,HB,268224,0.0,0,0.021,-0.005,0.0,0.0,0.0,0.0,0.0,0.0,0.0,0.0,0.0,0,0,,HB tick=268224 run=0 ts=0.000 as=0.000 ta=0.000 aa=0.000 se=0.000 so=0.000 ae=0.000 ao=0.000 pwm=0 pc=0 hd=0 y=0.021 yr=-0.005 L=0 R=0 OL=0 OR=0 el=0 er=0 ed=0 dl=0 dr=0 cl=0 cr=0 ok=1092 fail=0 vofa=firewater rx=6 txdrop=0
1775033317.8475425,1775033317847542500,10628632719900,HB,268570,0.0,0,0.021,-0.002,0.0,0.0,0.0,0.0,0.0,0.0,0.0,0.0,0.0,0,0,,HB tick=268570 run=0 ts=0.000 as=0.000 ta=0.000 aa=0.000 se=0.000 so=0.000 ae=0.000 ao=0.000 pwm=0 pc=0 hd=0 y=0.021 yr=-0.002 L=0 R=0 OL=0 OR=0 el=0 er=0 ed=0 dl=0 dr=0 cl=0 cr=0 ok=1093 fail=0 vofa=firewater rx=6 txdrop=0
1775033318.0550585,1775033318055058500,10628840235600,HB,268801,0.0,0,0.021,-0.002,0.0,0.0,0.0,0.0,0.0,0.0,0.0,0.0,0.0,0,0,,HB tick=268801 run=0 ts=0.000 as=0.000 ta=0.000 aa=0.000 se=0.000 so=0.000 ae=0.000 ao=0.000 pwm=0 pc=0 hd=0 y=0.021 yr=-0.002 L=0 R=0 OL=0 OR=0 el=0 er=0 ed=0 dl=0 dr=0 cl=0 cr=0 ok=1094 fail=0 vofa=firewater rx=12 txdrop=0
1775033318.3980393,1775033318398039200,10629183216400,HB,269145,0.0,0,0.021,-0.001,0.0,0.0,0.0,0.0,0.0,0.0,0.0,0.0,0.0,0,0,,HB tick=269145 run=0 ts=0.000 as=0.000 ta=0.000 aa=0.000 se=0.000 so=0.000 ae=0.000 ao=0.000 pwm=0 pc=0 hd=0 y=0.021 yr=-0.001 L=0 R=0 OL=0 OR=0 el=0 er=0 ed=0 dl=0 dr=0 cl=0 cr=0 ok=1095 fail=0 vofa=firewater rx=12 txdrop=0
1775033318.6373222,1775033318637322200,10629422499400,HB,269376,0.0,0,0.021,-0.0,0.0,0.0,0.0,0.0,0.0,0.0,0.0,0.0,0.0,0,0,,HB tick=269376 run=0 ts=0.000 as=0.000 ta=0.000 aa=0.000 se=0.000 so=0.000 ae=0.000 ao=0.000 pwm=0 pc=0 hd=0 y=0.021 yr=-0.000 L=0 R=0 OL=0 OR=0 el=0 er=0 ed=0 dl=0 dr=0 cl=0 cr=0 ok=1096 fail=0 vofa=firewater rx=12 txdrop=0
1775033318.9100688,1775033318910068701,10629695245901,HB,269585,0.0,0,0.028,0.011,0.0,0.0,0.0,0.0,0.0,0.0,0.0,0.0,0.0,0,0,,HB tick=269585 run=0 ts=0.000 as=0.000 ta=0.000 aa=0.000 se=0.000 so=0.000 ae=0.000 ao=0.000 pwm=0 pc=0 hd=0 y=0.028 yr=0.011 L=0 R=0 OL=0 OR=0 el=0 er=0 ed=0 dl=0 dr=0 cl=0 cr=0 ok=1097 fail=0 vofa=firewater rx=12 txdrop=0
1775033319.044464,1775033319044464100,10629829641800,HB,269788,0.0,0,0.028,0.007,0.0,0.0,0.0,0.0,0.0,0.0,0.0,0.0,0.0,0,0,,HB tick=269788 run=0 ts=0.000 as=0.000 ta=0.000 aa=0.000 se=0.000 so=0.000 ae=0.000 ao=0.000 pwm=0 pc=0 hd=0 y=0.028 yr=0.007 L=0 R=0 OL=0 OR=0 el=0 er=0 ed=0 dl=0 dr=0 cl=0 cr=0 ok=1098 fail=0 vofa=firewater rx=17 txdrop=0
1775033319.2518318,1775033319251831800,10630037009200,HB,269992,0.0,0,0.028,0.005,0.0,0.0,0.0,0.0,0.0,0.0,0.0,0.0,0.0,0,0,,HB tick=269992 run=0 ts=0.000 as=0.000 ta=0.000 aa=0.000 se=0.000 so=0.000 ae=0.000 ao=0.000 pwm=0 pc=0 hd=0 y=0.028 yr=0.005 L=0 R=0 OL=0 OR=0 el=0 er=0 ed=0 dl=0 dr=0 cl=0 cr=0 ok=1099 fail=0 vofa=firewater rx=17 txdrop=0
1775033319.448918,1775033319448918100,10630234096000,HB,270195,0.0,0,0.028,0.003,0.0,0.0,0.0,0.0,0.0,0.0,0.0,0.0,0.0,0,0,,HB tick=270195 run=0 ts=0.000 as=0.000 ta=0.000 aa=0.000 se=0.000 so=0.000 ae=0.000 ao=0.000 pwm=0 pc=0 hd=0 y=0.028 yr=0.003 L=0 R=0 OL=0 OR=0 el=0 er=0 ed=0 dl=0 dr=0 cl=0 cr=0 ok=1100 fail=0 vofa=firewater rx=17 txdrop=0
1775033319.7933872,1775033319793387300,10630578564500,HB,270539,0.0,0,0.028,0.001,0.0,0.0,0.0,0.0,0.0,0.0,0.0,0.0,0.0,0,0,,HB tick=270539 run=0 ts=0.000 as=0.000 ta=0.000 aa=0.000 se=0.000 so=0.000 ae=0.000 ao=0.000 pwm=0 pc=0 hd=0 y=0.028 yr=0.001 L=0 R=0 OL=0 OR=0 el=0 er=0 ed=0 dl=0 dr=0 cl=0 cr=0 ok=1101 fail=0 vofa=firewater rx=17 txdrop=0
1775033320.0436344,1775033320043634501,10630828812601,HB,270770,0.0,0,0.028,0.001,0.0,0.0,0.0,0.0,0.0,0.0,0.0,0.0,0.0,0,0,,HB tick=270770 run=0 ts=0.000 as=0.000 ta=0.000 aa=0.000 se=0.000 so=0.000 ae=0.000 ao=0.000 pwm=0 pc=0 hd=0 y=0.028 yr=0.001 L=0 R=0 OL=0 OR=0 el=0 er=0 ed=0 dl=0 dr=0 cl=0 cr=0 ok=1102 fail=0 vofa=firewater rx=17 txdrop=0
1775033320.2506778,1775033320250677700,10631035855600,HB,270989,0.0,0,0.028,0.001,0.0,0.0,0.0,0.0,0.0,0.0,0.0,0.0,0.0,0,0,,HB tick=270989 run=0 ts=0.000 as=0.000 ta=0.000 aa=0.000 se=0.000 so=0.000 ae=0.000 ao=0.000 pwm=0 pc=0 hd=0 y=0.028 yr=0.001 L=0 R=0 OL=0 OR=0 el=0 er=0 ed=0 dl=0 dr=0 cl=0 cr=0 ok=1103 fail=0 vofa=firewater rx=22 txdrop=0
1775033320.60354,1775033320603539900,10631388717200,HB,271345,0.0,0,0.028,0.0,0.0,0.0,0.0,0.0,0.0,0.0,0.0,0.0,0.0,0,0,,HB tick=271345 run=0 ts=0.000 as=0.000 ta=0.000 aa=0.000 se=0.000 so=0.000 ae=0.000 ao=0.000 pwm=0 pc=0 hd=0 y=0.028 yr=0.000 L=0 R=0 OL=0 OR=0 el=0 er=0 ed=0 dl=0 dr=0 cl=0 cr=0 ok=1104 fail=0 vofa=firewater rx=22 txdrop=0
1775033320.8325837,1775033320832583800,10631617762300,HB,271575,0.0,0,0.028,0.0,0.0,0.0,0.0,0.0,0.0,0.0,0.0,0.0,0.0,0,0,,HB tick=271575 run=0 ts=0.000 as=0.000 ta=0.000 aa=0.000 se=0.000 so=0.000 ae=0.000 ao=0.000 pwm=0 pc=0 hd=0 y=0.028 yr=0.000 L=0 R=0 OL=0 OR=0 el=0 er=0 ed=0 dl=0 dr=0 cl=0 cr=0 ok=1105 fail=0 vofa=firewater rx=22 txdrop=0
1775033321.061779,1775033321061779000,10631846956900,HB,271784,0.0,0,0.028,0.0,0.0,0.0,0.0,0.0,0.0,0.0,0.0,0.0,0.0,0,0,,HB tick=271784 run=0 ts=0.000 as=0.000 ta=0.000 aa=0.000 se=0.000 so=0.000 ae=0.000 ao=0.000 pwm=0 pc=0 hd=0 y=0.028 yr=0.000 L=0 R=0 OL=0 OR=0 el=0 er=0 ed=0 dl=0 dr=0 cl=0 cr=0 ok=1106 fail=0 vofa=firewater rx=22 txdrop=0
1775033321.2498066,1775033321249806500,10632034983800,HB,271987,0.0,0,0.021,-0.012,0.0,0.0,0.0,0.0,0.0,0.0,0.0,0.0,0.0,0,0,,HB tick=271987 run=0 ts=0.000 as=0.000 ta=0.000 aa=0.000 se=0.000 so=0.000 ae=0.000 ao=0.000 pwm=0 pc=0 hd=0 y=0.021 yr=-0.012 L=0 R=0 OL=0 OR=0 el=0 er=0 ed=0 dl=0 dr=0 cl=0 cr=0 ok=1107 fail=0 vofa=firewater rx=22 txdrop=0
1775033321.5903013,1775033321590301100,10632375478500,HB,272332,0.0,0,0.021,-0.008,0.0,0.0,0.0,0.0,0.0,0.0,0.0,0.0,0.0,0,0,,HB tick=272332 run=0 ts=0.000 as=0.000 ta=0.000 aa=0.000 se=0.000 so=0.000 ae=0.000 ao=0.000 pwm=0 pc=0 hd=0 y=0.021 yr=-0.008 L=0 R=0 OL=0 OR=0 el=0 er=0 ed=0 dl=0 dr=0 cl=0 cr=0 ok=1108 fail=0 vofa=firewater rx=31 txdrop=0
1775033321.8188996,1775033321818899800,10632604077300,HB,272562,0.0,0,0.021,-0.005,0.0,0.0,0.0,0.0,0.0,0.0,0.0,0.0,0.0,0,0,,HB tick=272562 run=0 ts=0.000 as=0.000 ta=0.000 aa=0.000 se=0.000 so=0.000 ae=0.000 ao=0.000 pwm=0 pc=0 hd=0 y=0.021 yr=-0.005 L=0 R=0 OL=0 OR=0 el=0 er=0 ed=0 dl=0 dr=0 cl=0 cr=0 ok=1109 fail=0 vofa=firewater rx=31 txdrop=0
1775033322.233157,1775033322233156800,10633018334000,HB,272952,0.0,0,0.021,-0.002,0.0,0.0,0.0,0.0,0.0,0.0,0.0,0.0,0.0,0,0,,HB tick=272952 run=0 ts=0.000 as=0.000 ta=0.000 aa=0.000 se=0.000 so=0.000 ae=0.000 ao=0.000 pwm=0 pc=0 hd=0 y=0.021 yr=-0.002 L=0 R=0 OL=0 OR=0 el=0 er=0 ed=0 dl=0 dr=0 cl=0 cr=0 ok=1110 fail=0 vofa=firewater rx=40 txdrop=0
1775033322.5952737,1775033322595273800,10633380451500,HB,273342,0.0,0,0.021,-0.001,0.0,0.0,0.0,0.0,0.0,0.0,0.0,0.0,0.0,0,0,,HB tick=273342 run=0 ts=0.000 as=0.000 ta=0.000 aa=0.000 se=0.000 so=0.000 ae=0.000 ao=0.000 pwm=0 pc=0 hd=0 y=0.021 yr=-0.001 L=0 R=0 OL=0 OR=0 el=0 er=0 ed=0 dl=0 dr=0 cl=0 cr=0 ok=1111 fail=0 vofa=firewater rx=40 txdrop=0
1775033322.8015733,1775033322801573300,10633586752300,HB,273544,0.0,0,0.021,-0.001,0.0,0.0,0.0,0.0,0.0,0.0,0.0,0.0,0.0,0,0,,HB tick=273544 run=0 ts=0.000 as=0.000 ta=0.000 aa=0.000 se=0.000 so=0.000 ae=0.000 ao=0.000 pwm=0 pc=0 hd=0 y=0.021 yr=-0.001 L=0 R=0 OL=0 OR=0 el=0 er=0 ed=0 dl=0 dr=0 cl=0 cr=0 ok=1112 fail=0 vofa=firewater rx=51 txdrop=0
1775033323.0009363,1775033323000936300,10633786113500,HB,273748,0.0,0,0.028,0.012,0.0,0.0,0.0,0.0,0.0,0.0,0.0,0.0,0.0,0,0,,HB tick=273748 run=0 ts=0.000 as=0.000 ta=0.000 aa=0.000 se=0.000 so=0.000 ae=0.000 ao=0.000 pwm=0 pc=0 hd=0 y=0.028 yr=0.012 L=0 R=0 OL=0 OR=0 el=0 er=0 ed=0 dl=0 dr=0 cl=0 cr=0 ok=1113 fail=0 vofa=firewater rx=51 txdrop=0
1775033323.7636163,1775033323763616300,10634548793400,HB,274510,0.0,0,0.028,0.002,0.0,0.0,0.0,0.0,0.0,0.0,0.0,0.0,0.0,0,0,,HB tick=274510 run=0 ts=0.000 as=0.000 ta=0.000 aa=0.000 se=0.000 so=0.000 ae=0.000 ao=0.000 pwm=0 pc=0 hd=0 y=0.028 yr=0.002 L=0 R=0 OL=0 OR=0 el=0 er=0 ed=0 dl=0 dr=0 cl=0 cr=0 ok=1115 fail=0 vofa=firewater rx=60 txdrop=0
1775033323.971392,1775033323971392100,10634756569900,HB,274713,0.0,0,0.028,0.001,0.0,0.0,0.0,0.0,0.0,0.0,0.0,0.0,0.0,0,0,,HB tick=274713 run=0 ts=0.000 as=0.000 ta=0.000 aa=0.000 se=0.000 so=0.000 ae=0.000 ao=0.000 pwm=0 pc=0 hd=0 y=0.028 yr=0.001 L=0 R=0 OL=0 OR=0 el=0 er=0 ed=0 dl=0 dr=0 cl=0 cr=0 ok=1116 fail=0 vofa=firewater rx=60 txdrop=0
1775033324.1679227,1775033324167922800,10634953101000,HB,274916,0.0,0,0.028,0.001,0.0,0.0,0.0,0.0,0.0,0.0,0.0,0.0,0.0,0,0,,HB tick=274916 run=0 ts=0.000 as=0.000 ta=0.000 aa=0.000 se=0.000 so=0.000 ae=0.000 ao=0.000 pwm=0 pc=0 hd=0 y=0.028 yr=0.001 L=0 R=0 OL=0 OR=0 el=0 er=0 ed=0 dl=0 dr=0 cl=0 cr=0 ok=1117 fail=0 vofa=firewater rx=69 txdrop=0
1775033324.398032,1775033324398031901,10635183208901,HB,275124,0.0,0,0.028,0.001,0.0,0.0,0.0,0.0,0.0,0.0,0.0,0.0,0.0,0,0,,HB tick=275124 run=0 ts=0.000 as=0.000 ta=0.000 aa=0.000 se=0.000 so=0.000 ae=0.000 ao=0.000 pwm=0 pc=0 hd=0 y=0.028 yr=0.001 L=0 R=0 OL=0 OR=0 el=0 er=0 ed=0 dl=0 dr=0 cl=0 cr=0 ok=1118 fail=0 vofa=firewater rx=69 txdrop=0
1775033324.585389,1775033324585388900,10635370566700,HB,275328,0.0,0,0.028,0.0,0.0,0.0,0.0,0.0,0.0,0.0,0.0,0.0,0.0,0,0,,HB tick=275328 run=0 ts=0.000 as=0.000 ta=0.000 aa=0.000 se=0.000 so=0.000 ae=0.000 ao=0.000 pwm=0 pc=0 hd=0 y=0.028 yr=0.000 L=0 R=0 OL=0 OR=0 el=0 er=0 ed=0 dl=0 dr=0 cl=0 cr=0 ok=1119 fail=0 vofa=firewater rx=69 txdrop=0
1775033324.968214,1775033324968213900,10635753391000,HB,275716,0.0,0,0.028,0.0,0.0,0.0,0.0,0.0,0.0,0.0,0.0,0.0,0.0,0,0,,HB tick=275716 run=0 ts=0.000 as=0.000 ta=0.000 aa=0.000 se=0.000 so=0.000 ae=0.000 ao=0.000 pwm=0 pc=0 hd=0 y=0.028 yr=0.000 L=0 R=0 OL=0 OR=0 el=0 er=0 ed=0 dl=0 dr=0 cl=0 cr=0 ok=1120 fail=0 vofa=firewater rx=81 txdrop=0
1775033325.1756728,1775033325175672800,10635960849900,HB,275923,0.0,0,0.028,0.0,0.0,0.0,0.0,0.0,0.0,0.0,0.0,0.0,0.0,0,0,,HB tick=275923 run=0 ts=0.000 as=0.000 ta=0.000 aa=0.000 se=0.000 so=0.000 ae=0.000 ao=0.000 pwm=0 pc=0 hd=0 y=0.028 yr=0.000 L=0 R=0 OL=0 OR=0 el=0 er=0 ed=0 dl=0 dr=0 cl=0 cr=0 ok=1121 fail=0 vofa=firewater rx=81 txdrop=0
1775033325.4639266,1775033325463926401,10636249103701,HB,276128,0.0,0,0.028,0.0,0.0,0.0,0.0,0.0,0.0,0.0,0.0,0.0,0.0,0,0,,HB tick=276128 run=0 ts=0.000 as=0.000 ta=0.000 aa=0.000 se=0.000 so=0.000 ae=0.000 ao=0.000 pwm=0 pc=0 hd=0 y=0.028 yr=0.000 L=0 R=0 OL=0 OR=0 el=0 er=0 ed=0 dl=0 dr=0 cl=0 cr=0 ok=1122 fail=0 vofa=firewater rx=81 txdrop=0
1775033325.5895772,1775033325589577300,10636374756000,HB,276332,0.0,0,0.028,0.0,0.0,0.0,0.0,0.0,0.0,0.0,0.0,0.0,0.0,0,0,,HB tick=276332 run=0 ts=0.000 as=0.000 ta=0.000 aa=0.000 se=0.000 so=0.000 ae=0.000 ao=0.000 pwm=0 pc=0 hd=0 y=0.028 yr=0.000 L=0 R=0 OL=0 OR=0 el=0 er=0 ed=0 dl=0 dr=0 cl=0 cr=0 ok=1123 fail=0 vofa=firewater rx=91 txdrop=0
1775033325.9323447,1775033325932344500,10636717521900,HB,276676,0.0,0,0.028,0.0,0.0,0.0,0.0,0.0,0.0,0.0,0.0,0.0,0.0,0,0,,HB tick=276676 run=0 ts=0.000 as=0.000 ta=0.000 aa=0.000 se=0.000 so=0.000 ae=0.000 ao=0.000 pwm=0 pc=0 hd=0 y=0.028 yr=0.000 L=0 R=0 OL=0 OR=0 el=0 er=0 ed=0 dl=0 dr=0 cl=0 cr=0 ok=1124 fail=0 vofa=firewater rx=91 txdrop=0
1775033326.1595368,1775033326159537000,10636944715700,HB,276907,0.0,0,0.028,0.0,0.0,0.0,0.0,0.0,0.0,0.0,0.0,0.0,0.0,0,0,,HB tick=276907 run=0 ts=0.000 as=0.000 ta=0.000 aa=0.000 se=0.000 so=0.000 ae=0.000 ao=0.000 pwm=0 pc=0 hd=0 y=0.028 yr=0.000 L=0 R=0 OL=0 OR=0 el=0 er=0 ed=0 dl=0 dr=0 cl=0 cr=0 ok=1125 fail=0 vofa=firewater rx=91 txdrop=0
1775033326.3259983,1775033326325998400,10637111175600,STAT,277050,0.0,0,0.027665,1.3e-05,0.0,0.0,0.0,0.0,0.0,0.0,0.0,0.0,0.0,0,0,,STAT tick=277050 run=0 ts=0.000000 as=0.000000 ta=0.000000 aa=0.000000 se=0.000000 so=0.000000 ae=0.000000 ao=0.000000 pwm=0 pc=0 hd=0 y=0.027665 p=-0.936109 r=5.527915 yr=0.000013 ax=0 ay=0 az=0 gx=0 gy=0 gz=0 who=0x85 addr=0x4A icm_ok=1403 icm_fail=0 L=0 R=0 OL=0 OR=0 el=0 er=0 ed=0 dl=0 dr=0 cl=0 cr=0 skp=0.100000 ski=0.012000 skd=0.000000 akp=8.000000 aki=0.002400 akd=0.320000 ok=1126 fail=0 vofa=firewater rx=97 txdrop=0
1775033326.379407,1775033326379406800,10637164584100,HB,277112,0.0,0,0.028,0.0,0.0,0.0,0.0,0.0,0.0,0.0,0.0,0.0,0.0,0,0,,HB tick=277112 run=0 ts=0.000 as=0.000 ta=0.000 aa=0.000 se=0.000 so=0.000 ae=0.000 ao=0.000 pwm=0 pc=0 hd=0 y=0.028 yr=0.000 L=0 R=0 OL=0 OR=0 el=0 er=0 ed=0 dl=0 dr=0 cl=0 cr=0 ok=1126 fail=0 vofa=firewater rx=106 txdrop=0
1775033326.5975914,1775033326597591200,10637382768400,HB,277321,0.0,0,0.028,0.0,0.0,0.0,0.0,0.0,0.0,0.0,0.0,0.0,0.0,0,0,,HB tick=277321 run=0 ts=0.000 as=0.000 ta=0.000 aa=0.000 se=0.000 so=0.000 ae=0.000 ao=0.000 pwm=0 pc=0 hd=0 y=0.028 yr=0.000 L=0 R=0 OL=0 OR=0 el=0 er=0 ed=0 dl=0 dr=0 cl=0 cr=0 ok=1127 fail=0 vofa=firewater rx=106 txdrop=0
1775033326.784373,1775033326784372900,10637569550100,HB,277525,0.0,0,0.028,0.0,0.0,0.0,0.0,0.0,0.0,0.0,0.0,0.0,0.0,0,0,,HB tick=277525 run=0 ts=0.000 as=0.000 ta=0.000 aa=0.000 se=0.000 so=0.000 ae=0.000 ao=0.000 pwm=0 pc=0 hd=0 y=0.028 yr=0.000 L=0 R=0 OL=0 OR=0 el=0 er=0 ed=0 dl=0 dr=0 cl=0 cr=0 ok=1128 fail=0 vofa=firewater rx=106 txdrop=0
1775033327.1253695,1775033327125369500,10637910547600,HB,277870,0.0,0,0.028,0.003,0.0,0.0,0.0,0.0,0.0,0.0,0.0,0.0,0.0,0,0,,HB tick=277870 run=0 ts=0.000 as=0.000 ta=0.000 aa=0.000 se=0.000 so=0.000 ae=0.000 ao=0.000 pwm=0 pc=0 hd=0 y=0.028 yr=0.003 L=0 R=0 OL=0 OR=0 el=0 er=0 ed=0 dl=0 dr=0 cl=0 cr=0 ok=1129 fail=0 vofa=firewater rx=115 txdrop=0
1775033327.3642619,1775033327364261800,10638149439000,HB,278101,0.0,0,0.028,0.002,0.0,0.0,0.0,0.0,0.0,0.0,0.0,0.0,0.0,0,0,,HB tick=278101 run=0 ts=0.000 as=0.000 ta=0.000 aa=0.000 se=0.000 so=0.000 ae=0.000 ao=0.000 pwm=0 pc=0 hd=0 y=0.028 yr=0.002 L=0 R=0 OL=0 OR=0 el=0 er=0 ed=0 dl=0 dr=0 cl=0 cr=0 ok=1130 fail=0 vofa=firewater rx=115 txdrop=0
1775033327.672708,1775033327672708000,10638457885100,STAT,278402,0.0,0,0.027665,0.001332,0.0,0.0,0.0,0.0,0.0,0.0,0.0,0.0,0.0,0,0,,STAT tick=278402 run=0 ts=0.000000 as=0.000000 ta=0.000000 aa=0.000000 se=0.000000 so=0.000000 ae=0.000000 ao=0.000000 pwm=0 pc=0 hd=0 y=0.027665 p=-0.936109 r=5.527915 yr=0.001332 ax=0 ay=0 az=0 gx=0 gy=0 gz=0 who=0x85 addr=0x4A icm_ok=1410 icm_fail=0 L=0 R=0 OL=0 OR=0 el=0 er=0 ed=0 dl=0 dr=0 cl=0 cr=0 skp=0.100000 ski=0.012000 skd=0.000000 akp=8.000000 aki=0.002400 akd=0.320000 ok=1131 fail=0 vofa=firewater rx=121 txdrop=0
1775033327.765989,1775033327765989100,10638551166200,HB,278493,0.0,0,0.028,0.001,0.0,0.0,0.0,0.0,0.0,0.0,0.0,0.0,0.0,0,0,,HB tick=278493 run=0 ts=0.000 as=0.000 ta=0.000 aa=0.000 se=0.000 so=0.000 ae=0.000 ao=0.000 pwm=0 pc=0 hd=0 y=0.028 yr=0.001 L=0 R=0 OL=0 OR=0 el=0 er=0 ed=0 dl=0 dr=0 cl=0 cr=0 ok=1131 fail=0 vofa=firewater rx=130 txdrop=0
1775033327.9628253,1775033327962825300,10638748002600,HB,278701,0.0,0,0.028,0.001,0.0,0.0,0.0,0.0,0.0,0.0,0.0,0.0,0.0,0,0,,HB tick=278701 run=0 ts=0.000 as=0.000 ta=0.000 aa=0.000 se=0.000 so=0.000 ae=0.000 ao=0.000 pwm=0 pc=0 hd=0 y=0.028 yr=0.001 L=0 R=0 OL=0 OR=0 el=0 er=0 ed=0 dl=0 dr=0 cl=0 cr=0 ok=1132 fail=0 vofa=firewater rx=130 txdrop=0
1775033328.1599462,1775033328159946200,10638945123700,HB,278905,0.0,0,0.028,0.0,0.0,0.0,0.0,0.0,0.0,0.0,0.0,0.0,0.0,0,0,,HB tick=278905 run=0 ts=0.000 as=0.000 ta=0.000 aa=0.000 se=0.000 so=0.000 ae=0.000 ao=0.000 pwm=0 pc=0 hd=0 y=0.028 yr=0.000 L=0 R=0 OL=0 OR=0 el=0 er=0 ed=0 dl=0 dr=0 cl=0 cr=0 ok=1133 fail=0 vofa=firewater rx=130 txdrop=0
1775033328.3678343,1775033328367834300,10639153011900,HB,279108,0.0,0,0.028,0.0,0.0,0.0,0.0,0.0,0.0,0.0,0.0,0.0,0.0,0,0,,HB tick=279108 run=0 ts=0.000 as=0.000 ta=0.000 aa=0.000 se=0.000 so=0.000 ae=0.000 ao=0.000 pwm=0 pc=0 hd=0 y=0.028 yr=0.000 L=0 R=0 OL=0 OR=0 el=0 er=0 ed=0 dl=0 dr=0 cl=0 cr=0 ok=1134 fail=0 vofa=firewater rx=139 txdrop=0
1775033328.5654483,1775033328565448200,10639350625700,HB,279311,0.0,0,0.021,-0.012,0.0,0.0,0.0,0.0,0.0,0.0,0.0,0.0,0.0,0,0,,HB tick=279311 run=0 ts=0.000 as=0.000 ta=0.000 aa=0.000 se=0.000 so=0.000 ae=0.000 ao=0.000 pwm=0 pc=0 hd=0 y=0.021 yr=-0.012 L=0 R=0 OL=0 OR=0 el=0 er=0 ed=0 dl=0 dr=0 cl=0 cr=0 ok=1135 fail=0 vofa=firewater rx=139 txdrop=0
1775033328.794956,1775033328794956000,10639580133500,HB,279515,0.0,0,0.021,-0.008,0.0,0.0,0.0,0.0,0.0,0.0,0.0,0.0,0.0,0,0,,HB tick=279515 run=0 ts=0.000 as=0.000 ta=0.000 aa=0.000 se=0.000 so=0.000 ae=0.000 ao=0.000 pwm=0 pc=0 hd=0 y=0.021 yr=-0.008 L=0 R=0 OL=0 OR=0 el=0 er=0 ed=0 dl=0 dr=0 cl=0 cr=0 ok=1136 fail=0 vofa=firewater rx=139 txdrop=0
1775033329.0959373,1775033329095937400,10639881114500,STAT,279821,0.0,0,0.020679,-0.005024,0.0,0.0,0.0,0.0,0.0,0.0,0.0,0.0,0.0,0,0,,STAT tick=279821 run=0 ts=0.000000 as=0.000000 ta=0.000000 aa=0.000000 se=0.000000 so=0.000000 ae=0.000000 ao=0.000000 pwm=0 pc=0 hd=0 y=0.020679 p=-0.935772 r=5.527972 yr=-0.005024 ax=0 ay=0 az=0 gx=0 gy=0 gz=0 who=0x85 addr=0x4A icm_ok=1417 icm_fail=0 L=0 R=0 OL=0 OR=0 el=0 er=0 ed=0 dl=0 dr=0 cl=0 cr=0 skp=0.100000 ski=0.012000 skd=0.000000 akp=8.000000 aki=0.002400 akd=0.320000 ok=1137 fail=0 vofa=firewater rx=145 txdrop=0
1775033329.1721058,1775033329172105700,10639957283000,HB,279911,0.0,0,0.021,-0.003,0.0,0.0,0.0,0.0,0.0,0.0,0.0,0.0,0.0,0,0,,HB tick=279911 run=0 ts=0.000 as=0.000 ta=0.000 aa=0.000 se=0.000 so=0.000 ae=0.000 ao=0.000 pwm=0 pc=0 hd=0 y=0.021 yr=-0.003 L=0 R=0 OL=0 OR=0 el=0 er=0 ed=0 dl=0 dr=0 cl=0 cr=0 ok=1137 fail=0 vofa=firewater rx=154 txdrop=0
1775033329.3789675,1775033329378967600,10640164145700,HB,280119,0.0,0,0.021,-0.002,0.0,0.0,0.0,0.0,0.0,0.0,0.0,0.0,0.0,0,0,,HB tick=280119 run=0 ts=0.000 as=0.000 ta=0.000 aa=0.000 se=0.000 so=0.000 ae=0.000 ao=0.000 pwm=0 pc=0 hd=0 y=0.021 yr=-0.002 L=0 R=0 OL=0 OR=0 el=0 er=0 ed=0 dl=0 dr=0 cl=0 cr=0 ok=1138 fail=0 vofa=firewater rx=154 txdrop=0
1775033329.720886,1775033329720886100,10640506063100,HB,280464,0.0,0,0.021,-0.001,0.0,0.0,0.0,0.0,0.0,0.0,0.0,0.0,0.0,0,0,,HB tick=280464 run=0 ts=0.000 as=0.000 ta=0.000 aa=0.000 se=0.000 so=0.000 ae=0.000 ao=0.000 pwm=0 pc=0 hd=0 y=0.021 yr=-0.001 L=0 R=0 OL=0 OR=0 el=0 er=0 ed=0 dl=0 dr=0 cl=0 cr=0 ok=1139 fail=0 vofa=firewater rx=154 txdrop=0
1775033329.9705513,1775033329970551300,10640755728600,HB,280695,0.0,0,0.021,-0.001,0.0,0.0,0.0,0.0,0.0,0.0,0.0,0.0,0.0,0,0,,HB tick=280695 run=0 ts=0.000 as=0.000 ta=0.000 aa=0.000 se=0.000 so=0.000 ae=0.000 ao=0.000 pwm=0 pc=0 hd=0 y=0.021 yr=-0.001 L=0 R=0 OL=0 OR=0 el=0 er=0 ed=0 dl=0 dr=0 cl=0 cr=0 ok=1140 fail=0 vofa=firewater rx=163 txdrop=0
1775033330.1578758,1775033330157875800,10640943053600,HB,280899,0.0,0,0.028,0.011,0.0,0.0,0.0,0.0,0.0,0.0,0.0,0.0,0.0,0,0,,HB tick=280899 run=0 ts=0.000 as=0.000 ta=0.000 aa=0.000 se=0.000 so=0.000 ae=0.000 ao=0.000 pwm=0 pc=0 hd=0 y=0.028 yr=0.011 L=0 R=0 OL=0 OR=0 el=0 er=0 ed=0 dl=0 dr=0 cl=0 cr=0 ok=1141 fail=0 vofa=firewater rx=163 txdrop=0
1775033330.498526,1775033330498526200,10641283704000,HB,281243,0.0,0,0.028,0.005,0.0,0.0,0.0,0.0,0.0,0.0,0.0,0.0,0.0,0,0,,HB tick=281243 run=0 ts=0.000 as=0.000 ta=0.000 aa=0.000 se=0.000 so=0.000 ae=0.000 ao=0.000 pwm=0 pc=0 hd=0 y=0.028 yr=0.005 L=0 R=0 OL=0 OR=0 el=0 er=0 ed=0 dl=0 dr=0 cl=0 cr=0 ok=1142 fail=0 vofa=firewater rx=163 txdrop=0
1775033330.7274394,1775033330727439400,10641512616900,HB,281474,0.0,0,0.027,0.003,0.0,0.0,0.0,0.0,0.0,0.0,0.0,0.0,0.0,0,0,,HB tick=281474 run=0 ts=0.000 as=0.000 ta=0.000 aa=0.000 se=0.000 so=0.000 ae=0.000 ao=0.000 pwm=0 pc=0 hd=0 y=0.027 yr=0.003 L=0 R=0 OL=0 OR=0 el=0 er=0 ed=0 dl=0 dr=0 cl=0 cr=0 ok=1143 fail=0 vofa=firewater rx=163 txdrop=0
1775033331.1640356,1775033331164035500,10641949212800,HB,281887,0.0,1,0.0,0.0,8.0,11.0,-3.0,12.0,12.0,1.0,1.0,8.0,11.0,0,0,,HB tick=281887 run=1 ts=20.000 as=9.500 ta=0.000 aa=0.000 se=10.500 so=1.084 ae=0.000 ao=0.000 pwm=12 pc=1 hd=0 y=0.000 yr=0.000 L=1 R=1 OL=12 OR=12 el=8 er=11 ed=-3 dl=8 dr=11 cl=0 cr=0 ok=1144 fail=0 vofa=firewater rx=182 txdrop=0
1775033331.5372088,1775033331537208800,10642322386100,HB,282279,0.0,1,-4.9,-7.268,16.0,10.0,6.0,16.0,8.0,5.0,0.0,16.0,10.0,0,0,,HB tick=282279 run=1 ts=20.000 as=13.000 ta=0.000 aa=-1.402 se=7.000 so=0.773 ae=1.402 ao=7.000 pwm=12 pc=1 hd=4 y=-4.900 yr=-7.268 L=5 R=0 OL=16 OR=8 el=16 er=10 ed=6 dl=16 dr=10 cl=0 cr=0 ok=1145 fail=0 vofa=firewater rx=182 txdrop=0
1775033331.7865982,1775033331786598100,10642571775400,HB,282502,0.0,1,5.236,11.255,17.0,9.0,8.0,16.0,8.0,5.0,0.0,17.0,9.0,0,0,yaw_jump,HB tick=282502 run=1 ts=20.000 as=13.000 ta=0.000 aa=-4.900 se=7.000 so=0.792 ae=4.900 ao=7.000 pwm=12 pc=1 hd=4 y=5.236 yr=11.255 L=5 R=0 OL=16 OR=8 el=17 er=9 ed=8 dl=17 dr=9 cl=0 cr=0 ok=1146 fail=0 vofa=firewater rx=182 txdrop=0
1775033332.149075,1775033332149075000,10642934252300,HB,282889,0.0,1,9.126,10.533,10.0,17.0,-7.0,8.0,16.0,0.0,5.0,10.0,17.0,0,0,,HB tick=282889 run=1 ts=20.000 as=13.500 ta=0.000 aa=6.993 se=6.500 so=0.773 ae=-6.993 ao=-7.000 pwm=12 pc=1 hd=-4 y=9.126 yr=10.533 L=0 R=5 OL=8 OR=16 el=10 er=17 ed=-7 dl=10 dr=17 cl=0 cr=0 ok=1147 fail=0 vofa=firewater rx=182 txdrop=0
1775033332.3774197,1775033332377419700,10643162597000,HB,283116,1499.0,1,-5.454,-15.634,9.0,17.0,-8.0,8.0,16.0,0.0,5.0,9.0,17.0,0,0,yaw_jump,HB tick=283116 exp_id=198 t_ms=1499 run=1 ts=20.000 as=13.000 ta=0.000 aa=9.126 se=7.000 so=0.841 ae=-9.126 ao=-7.000 pwm=12 pc=1 hd=-4 y=-5.454 yr=-15.634 L=0 R=5 OL=8 OR=16 el=9 er=17 ed=-8 dl=9 dr=17 cl=0 cr=0 ok=1148 fail=0 vofa=firewater rx=196 txdrop=0
1775033332.5327811,1775033332532781100,10643317958400,HB,283273,1656.0,1,-7.198,-14.049,14.0,11.0,3.0,16.0,8.0,5.0,0.0,14.0,11.0,0,0,,HB tick=283273 exp_id=198 t_ms=1656 run=1 ts=20.000 as=12.500 ta=0.000 aa=-5.454 se=7.500 so=0.904 ae=5.454 ao=7.000 pwm=12 pc=1 hd=4 y=-7.198 yr=-14.049 L=5 R=0 OL=16 OR=8 el=14 er=11 ed=3 dl=14 dr=11 cl=0 cr=0 ok=1149 fail=0 vofa=firewater rx=196 txdrop=0
1775033332.7597966,1775033332759796700,10643544974500,HB,283506,1889.0,1,-9.132,-12.038,16.0,11.0,5.0,16.0,8.0,5.0,0.0,16.0,11.0,0,0,,HB tick=283506 exp_id=198 t_ms=1889 run=1 ts=20.000 as=13.500 ta=0.000 aa=-7.198 se=6.500 so=0.823 ae=7.198 ao=7.000 pwm=12 pc=1 hd=4 y=-9.132 yr=-12.038 L=5 R=0 OL=16 OR=8 el=16 er=11 ed=5 dl=16 dr=11 cl=0 cr=0 ok=1150 fail=0 vofa=firewater rx=196 txdrop=0
1775033332.9685378,1775033332968537800,10643753714900,HB,283710,2093.0,1,-3.07,2.576,18.0,10.0,8.0,16.0,8.0,5.0,0.0,18.0,10.0,0,0,,HB tick=283710 exp_id=198 t_ms=2093 run=1 ts=20.000 as=14.000 ta=0.000 aa=-9.132 se=6.000 so=0.789 ae=9.132 ao=7.000 pwm=12 pc=1 hd=4 y=-3.070 yr=2.576 L=5 R=0 OL=16 OR=8 el=18 er=10 ed=8 dl=18 dr=10 cl=0 cr=0 ok=1151 fail=0 vofa=firewater rx=196 txdrop=0
1775033333.1764677,1775033333176467600,10643961644600,HB,283919,2302.0,1,6.866,18.314,18.0,9.0,9.0,16.0,8.0,5.0,0.0,18.0,9.0,0,0,yaw_jump,HB tick=283919 exp_id=198 t_ms=2302 run=1 ts=20.000 as=13.500 ta=0.000 aa=-3.070 se=6.500 so=0.853 ae=3.070 ao=7.000 pwm=12 pc=1 hd=4 y=6.866 yr=18.314 L=5 R=0 OL=16 OR=8 el=18 er=9 ed=9 dl=18 dr=9 cl=0 cr=0 ok=1152 fail=0 vofa=firewater rx=196 txdrop=0
1775033333.3418322,1775033333341832100,10644127009600,HB,284080,2463.0,1,15.565,30.815,12.0,14.0,-2.0,8.0,16.0,0.0,5.0,12.0,14.0,0,0,yaw_jump,HB tick=284080 exp_id=198 t_ms=2463 run=1 ts=20.000 as=13.000 ta=0.000 aa=6.866 se=7.000 so=0.918 ae=-6.866 ao=-7.000 pwm=12 pc=1 hd=-4 y=15.565 yr=30.815 L=0 R=5 OL=8 OR=16 el=12 er=14 ed=-2 dl=12 dr=14 cl=0 cr=0 ok=1153 fail=0 vofa=firewater rx=196 txdrop=0
1775033333.5677152,1775033333567715100,10644352892600,HB,284313,2696.0,1,20.193,26.981,11.0,17.0,-6.0,8.0,16.0,0.0,5.0,11.0,17.0,0,0,,HB tick=284313 exp_id=198 t_ms=2696 run=1 ts=20.000 as=14.000 ta=0.000 aa=15.565 se=6.000 so=0.837 ae=-15.565 ao=-7.000 pwm=12 pc=1 hd=-4 y=20.193 yr=26.981 L=0 R=5 OL=8 OR=16 el=11 er=17 ed=-6 dl=11 dr=17 cl=0 cr=0 ok=1154 fail=0 vofa=firewater rx=210 txdrop=0
1775033333.7855506,1775033333785550700,10644570728100,HB,284522,2905.0,1,13.959,7.099,10.0,18.0,-8.0,8.0,16.0,0.0,5.0,10.0,18.0,0,0,,HB tick=284522 exp_id=198 t_ms=2905 run=1 ts=20.000 as=14.000 ta=0.000 aa=20.193 se=6.000 so=0.853 ae=-20.193 ao=-7.000 pwm=12 pc=1 hd=-4 y=13.959 yr=7.099 L=0 R=5 OL=8 OR=16 el=10 er=18 ed=-8 dl=10 dr=18 cl=0 cr=0 ok=1155 fail=0 vofa=firewater rx=210 txdrop=0
1775033333.9837177,1775033333983717700,10644768895900,HB,284727,3110.0,1,4.727,-11.147,9.0,17.0,-8.0,8.0,16.0,0.0,5.0,9.0,17.0,0,0,yaw_jump,HB tick=284727 exp_id=198 t_ms=3110 run=1 ts=20.000 as=13.000 ta=0.000 aa=13.959 se=7.000 so=0.968 ae=-13.959 ao=-7.000 pwm=12 pc=1 hd=-4 y=4.727 yr=-11.147 L=0 R=5 OL=8 OR=16 el=9 er=17 ed=-8 dl=9 dr=17 cl=0 cr=0 ok=1156 fail=0 vofa=firewater rx=210 txdrop=0
1775033334.1912894,1775033334191289400,10644976466800,HB,284932,3315.0,1,-5.412,-24.557,9.0,19.0,-10.0,8.0,16.0,0.0,5.0,9.0,19.0,0,0,yaw_jump,HB tick=284932 exp_id=198 t_ms=3315 run=1 ts=20.000 as=14.000 ta=0.000 aa=4.727 se=6.000 so=0.884 ae=-4.727 ao=-7.000 pwm=12 pc=1 hd=-4 y=-5.412 yr=-24.557 L=0 R=5 OL=8 OR=16 el=9 er=19 ed=-10 dl=9 dr=19 cl=0 cr=0 ok=1157 fail=0 vofa=firewater rx=210 txdrop=0
1775033334.357204,1775033334357204000,10645142381200,HB,285097,3480.0,1,-14.226,-34.659,12.0,12.0,0.0,16.0,8.0,5.0,0.0,12.0,12.0,0,0,yaw_jump,HB tick=285097 exp_id=198 t_ms=3480 run=1 ts=20.000 as=12.000 ta=0.000 aa=-5.412 se=8.000 so=1.098 ae=5.412 ao=7.000 pwm=12 pc=1 hd=4 y=-14.226 yr=-34.659 L=5 R=0 OL=16 OR=8 el=12 er=12 ed=0 dl=12 dr=12 cl=0 cr=0 ok=1158 fail=0 vofa=firewater rx=210 txdrop=0
1775033334.544182,1775033334544182100,10645329360600,HB,285285,3668.0,1,-17.768,-29.121,16.0,10.0,6.0,16.0,8.0,5.0,0.0,16.0,10.0,0,0,,HB tick=285285 exp_id=198 t_ms=3668 run=1 ts=20.000 as=13.000 ta=0.000 aa=-14.226 se=7.000 so=1.016 ae=14.226 ao=7.000 pwm=12 pc=1 hd=4 y=-17.768 yr=-29.121 L=5 R=0 OL=16 OR=8 el=16 er=10 ed=6 dl=16 dr=10 cl=0 cr=0 ok=1159 fail=0 vofa=firewater rx=210 txdrop=0
1775033334.729509,1775033334729509200,10645514686500,HB,285474,3857.0,1,-20.175,-23.388,18.0,9.0,9.0,16.0,8.0,5.0,0.0,18.0,9.0,0,0,,HB tick=285474 exp_id=198 t_ms=3857 run=1 ts=20.000 as=13.500 ta=0.000 aa=-17.768 se=6.500 so=0.982 ae=17.768 ao=7.000 pwm=12 pc=1 hd=4 y=-20.175 yr=-23.388 L=5 R=0 OL=16 OR=8 el=18 er=9 ed=9 dl=18 dr=9 cl=0 cr=0 ok=1160 fail=0 vofa=firewater rx=216 txdrop=0
1775033334.8941815,1775033334894181300,10645679358300,STAT,285619,4002.0,1,-20.175415,-23.387583,18.0,9.0,9.0,16.0,8.0,5.0,0.0,18.0,9.0,0,0,,STAT tick=285619 exp_id=198 t_ms=4002 run=1 ts=20.000000 as=13.500000 ta=0.000000 aa=-20.175415 se=6.500000 so=0.992540 ae=20.175415 ao=7.000000 pwm=12 pc=1 hd=4 y=-20.175415 p=-0.606167 r=5.850921 yr=-23.387583 ax=0 ay=0 az=0 gx=0 gy=0 gz=0 who=0x85 addr=0x4A icm_ok=1447 icm_fail=0 L=5 R=0 OL=16 OR=8 el=18 er=9 ed=9 dl=18 dr=9 cl=0 cr=0 skp=0.100000 ski=0.012000 skd=0.000000 akp=8.000000 aki=0.002400 akd=0.320000 ok=1161 fail=0 vofa=firewater rx=216 txdrop=0
1775033334.9257407,1775033334925740900,10645710918300,HB,285666,4049.0,1,-16.613,-8.708,18.0,9.0,9.0,16.0,8.0,5.0,0.0,18.0,9.0,0,0,,HB tick=285666 exp_id=198 t_ms=4049 run=1 ts=20.000 as=13.500 ta=0.000 aa=-20.175 se=6.500 so=0.996 ae=20.175 ao=7.000 pwm=12 pc=1 hd=4 y=-16.613 yr=-8.708 L=5 R=0 OL=16 OR=8 el=18 er=9 ed=9 dl=18 dr=9 cl=0 cr=0 ok=1161 fail=0 vofa=firewater rx=216 txdrop=0
1775033335.1557066,1775033335155706700,10645940884600,HB,285899,4282.0,1,1.765,21.946,18.0,10.0,8.0,16.0,8.0,5.0,0.0,18.0,10.0,0,0,yaw_jump,HB tick=285899 exp_id=198 t_ms=4282 run=1 ts=20.000 as=14.000 ta=0.000 aa=-16.613 se=6.000 so=0.964 ae=16.613 ao=7.000 pwm=12 pc=1 hd=4 y=1.765 yr=21.946 L=5 R=0 OL=16 OR=8 el=18 er=10 ed=8 dl=18 dr=10 cl=0 cr=0 ok=1162 fail=0 vofa=firewater rx=216 txdrop=0
1775033335.364008,1775033335364008000,10646149185800,HB,286104,4487.0,1,14.81,36.537,11.0,15.0,-4.0,8.0,16.0,0.0,5.0,11.0,15.0,0,0,yaw_jump,HB tick=286104 exp_id=198 t_ms=4487 run=1 ts=20.000 as=13.000 ta=0.000 aa=1.765 se=7.000 so=1.081 ae=-1.765 ao=-7.000 pwm=12 pc=1 hd=-4 y=14.810 yr=36.537 L=0 R=5 OL=8 OR=16 el=11 er=15 ed=-4 dl=11 dr=15 cl=0 cr=0 ok=1163 fail=0 vofa=firewater rx=216 txdrop=0
1775033335.583742,1775033335583741900,10646368919400,HB,286330,4713.0,1,9.641,15.744,9.0,17.0,-8.0,8.0,16.0,0.0,5.0,9.0,17.0,0,0,,HB tick=286330 exp_id=198 t_ms=4713 run=1 ts=20.000 as=13.000 ta=0.000 aa=14.810 se=7.000 so=1.099 ae=-14.810 ao=-7.000 pwm=12 pc=1 hd=-4 y=9.641 yr=15.744 L=0 R=5 OL=8 OR=16 el=9 er=17 ed=-8 dl=9 dr=17 cl=0 cr=0 ok=1164 fail=0 vofa=firewater rx=216 txdrop=0
1775033335.7485998,1775033335748599700,10646533777200,HB,286486,4869.0,1,6.843,3.957,9.0,17.0,-8.0,8.0,16.0,0.0,5.0,9.0,17.0,0,0,,HB tick=286486 exp_id=198 t_ms=4869 run=1 ts=20.000 as=13.000 ta=0.000 aa=9.641 se=7.000 so=1.112 ae=-9.641 ao=-7.000 pwm=12 pc=1 hd=-4 y=6.843 yr=3.957 L=0 R=5 OL=8 OR=16 el=9 er=17 ed=-8 dl=9 dr=17 cl=0 cr=0 ok=1165 fail=0 vofa=firewater rx=216 txdrop=0
1775033335.9959478,1775033335995947900,10646781125400,HB,286736,5119.0,1,-12.243,-24.148,9.0,19.0,-10.0,8.0,16.0,0.0,5.0,9.0,19.0,0,0,yaw_jump,HB tick=286736 exp_id=198 t_ms=5119 run=1 ts=20.000 as=14.000 ta=0.000 aa=6.843 se=6.000 so=1.032 ae=-6.843 ao=-7.000 pwm=12 pc=1 hd=-4 y=-12.243 yr=-24.148 L=0 R=5 OL=8 OR=16 el=9 er=19 ed=-10 dl=9 dr=19 cl=0 cr=0 ok=1166 fail=0 vofa=firewater rx=216 txdrop=0
1775033336.1940427,1775033336194042500,10646979219700,HB,286936,5319.0,1,-15.94,-22.167,14.0,11.0,3.0,16.0,8.0,5.0,0.0,14.0,11.0,0,0,,HB tick=286936 exp_id=198 t_ms=5319 run=1 ts=20.000 as=12.500 ta=0.000 aa=-12.243 se=7.500 so=1.199 ae=12.243 ao=7.000 pwm=12 pc=1 hd=4 y=-15.940 yr=-22.167 L=5 R=0 OL=16 OR=8 el=14 er=11 ed=3 dl=14 dr=11 cl=0 cr=0 ok=1167 fail=0 vofa=firewater rx=216 txdrop=0
1775033336.4017856,1775033336401785600,10647186962900,HB,287141,5524.0,1,-17.588,-17.223,17.0,9.0,8.0,16.0,8.0,5.0,0.0,17.0,9.0,0,0,,HB tick=287141 exp_id=198 t_ms=5524 run=1 ts=20.000 as=13.000 ta=0.000 aa=-15.940 se=7.000 so=1.168 ae=15.940 ao=7.000 pwm=12 pc=1 hd=4 y=-17.588 yr=-17.223 L=5 R=0 OL=16 OR=8 el=17 er=9 ed=8 dl=17 dr=9 cl=0 cr=0 ok=1168 fail=0 vofa=firewater rx=216 txdrop=0
1775033336.5568004,1775033336556800200,10647341977300,HB,287302,5685.0,1,-12.408,0.067,18.0,9.0,9.0,16.0,8.0,5.0,0.0,18.0,9.0,0,0,,HB tick=287302 exp_id=198 t_ms=5685 run=1 ts=20.000 as=13.500 ta=0.000 aa=-17.588 se=6.500 so=1.130 ae=17.588 ao=7.000 pwm=12 pc=1 hd=4 y=-12.408 yr=0.067 L=5 R=0 OL=16 OR=8 el=18 er=9 ed=9 dl=18 dr=9 cl=0 cr=0 ok=1169 fail=0 vofa=firewater rx=216 txdrop=0
1775033336.795996,1775033336795996000,10647581173200,HB,287534,5917.0,1,-3.707,13.17,19.0,10.0,9.0,16.0,8.0,5.0,0.0,19.0,10.0,0,0,yaw_jump,HB tick=287534 exp_id=198 t_ms=5917 run=1 ts=20.000 as=14.500 ta=0.000 aa=-12.408 se=5.500 so=1.047 ae=12.408 ao=7.000 pwm=12 pc=1 hd=4 y=-3.707 yr=13.170 L=5 R=0 OL=16 OR=8 el=19 er=10 ed=9 dl=19 dr=10 cl=0 cr=0 ok=1170 fail=0 vofa=firewater rx=216 txdrop=0
1775033336.9517355,1775033336951735600,10647736912900,HB,287695,6078.0,1,5.76,29.14,19.0,10.0,9.0,16.0,8.0,5.0,0.0,19.0,10.0,0,0,yaw_jump,HB tick=287695 exp_id=198 t_ms=6078 run=1 ts=20.000 as=14.500 ta=0.000 aa=-3.707 se=5.500 so=1.058 ae=3.707 ao=7.000 pwm=12 pc=1 hd=4 y=5.760 yr=29.140 L=5 R=0 OL=16 OR=8 el=19 er=10 ed=9 dl=19 dr=10 cl=0 cr=0 ok=1171 fail=0 vofa=firewater rx=216 txdrop=0
1775033337.21224,1775033337212239900,10647997417100,HB,287949,6332.0,1,17.434,35.028,11.0,15.0,-4.0,8.0,16.0,0.0,5.0,11.0,15.0,0,0,yaw_jump,HB tick=287949 exp_id=198 t_ms=6332 run=1 ts=20.000 as=13.000 ta=0.000 aa=5.760 se=7.000 so=1.228 ae=-5.760 ao=-7.000 pwm=12 pc=1 hd=-4 y=17.434 yr=35.028 L=0 R=5 OL=8 OR=16 el=11 er=15 ed=-4 dl=11 dr=15 cl=0 cr=0 ok=1172 fail=0 vofa=firewater rx=216 txdrop=0
1775033337.3678498,1775033337367849800,10648153027700,HB,288105,6488.0,1,15.54,18.519,10.0,17.0,-7.0,8.0,16.0,0.0,5.0,10.0,17.0,0,0,,HB tick=288105 exp_id=198 t_ms=6488 run=1 ts=20.000 as=13.500 ta=0.000 aa=17.434 se=6.500 so=1.193 ae=-17.434 ao=-7.000 pwm=12 pc=1 hd=-4 y=15.540 yr=18.519 L=0 R=5 OL=8 OR=16 el=10 er=17 ed=-7 dl=10 dr=17 cl=0 cr=0 ok=1173 fail=0 vofa=firewater rx=216 txdrop=0
1775033337.6176913,1775033337617691400,10648402868600,HB,288359,6742.0,1,1.717,-7.01,10.0,19.0,-9.0,8.0,16.0,0.0,5.0,10.0,19.0,0,0,yaw_jump,HB tick=288359 exp_id=198 t_ms=6742 run=1 ts=20.000 as=14.500 ta=0.000 aa=15.540 se=5.500 so=1.111 ae=-15.540 ao=-7.000 pwm=12 pc=1 hd=-4 y=1.717 yr=-7.010 L=0 R=5 OL=8 OR=16 el=10 er=19 ed=-9 dl=10 dr=19 cl=0 cr=0 ok=1174 fail=0 vofa=firewater rx=216 txdrop=0
1775033337.8160048,1775033337816004900,10648601182300,HB,288558,6941.0,1,-2.474,-11.927,10.0,18.0,-8.0,8.0,16.0,0.0,5.0,10.0,18.0,0,0,,HB tick=288558 exp_id=198 t_ms=6941 run=1 ts=20.000 as=14.000 ta=0.000 aa=1.717 se=6.000 so=1.175 ae=-1.717 ao=-7.000 pwm=12 pc=1 hd=-4 y=-2.474 yr=-11.927 L=0 R=5 OL=8 OR=16 el=10 er=18 ed=-8 dl=10 dr=18 cl=0 cr=0 ok=1175 fail=0 vofa=firewater rx=216 txdrop=0
1775033338.023874,1775033338023874000,10648809051500,HB,288763,7146.0,1,-12.987,-25.701,15.0,11.0,4.0,16.0,8.0,5.0,0.0,15.0,11.0,0,0,yaw_jump,HB tick=288763 exp_id=198 t_ms=7146 run=1 ts=20.000 as=13.000 ta=0.000 aa=-2.474 se=7.000 so=1.293 ae=2.474 ao=7.000 pwm=12 pc=1 hd=4 y=-12.987 yr=-25.701 L=5 R=0 OL=16 OR=8 el=15 er=11 ed=4 dl=15 dr=11 cl=0 cr=0 ok=1176 fail=0 vofa=firewater rx=216 txdrop=0
1775033338.252641,1775033338252641000,10649037818200,HB,288989,7372.0,1,-9.031,-10.58,17.0,11.0,6.0,16.0,8.0,5.0,0.0,17.0,11.0,0,0,,HB tick=288989 exp_id=198 t_ms=7372 run=1 ts=20.000 as=14.000 ta=0.000 aa=-12.987 se=6.000 so=1.210 ae=12.987 ao=7.000 pwm=12 pc=1 hd=4 y=-9.031 yr=-10.580 L=5 R=0 OL=16 OR=8 el=17 er=11 ed=6 dl=17 dr=11 cl=0 cr=0 ok=1177 fail=0 vofa=firewater rx=216 txdrop=0
1775033338.4105039,1775033338410503900,10649195681400,HB,289145,7528.0,1,-6.85,-1.983,18.0,10.0,8.0,16.0,8.0,5.0,0.0,18.0,10.0,0,0,,HB tick=289145 exp_id=198 t_ms=7528 run=1 ts=20.000 as=14.000 ta=0.000 aa=-9.031 se=6.000 so=1.222 ae=9.031 ao=7.000 pwm=12 pc=1 hd=4 y=-6.850 yr=-1.983 L=5 R=0 OL=16 OR=8 el=18 er=10 ed=8 dl=18 dr=10 cl=0 cr=0 ok=1178 fail=0 vofa=firewater rx=216 txdrop=0
1775033338.6480832,1775033338648083200,10649433260500,HB,289395,7778.0,1,10.136,22.491,19.0,10.0,9.0,16.0,8.0,5.0,0.0,19.0,10.0,0,0,yaw_jump,HB tick=289395 exp_id=198 t_ms=7778 run=1 ts=20.000 as=14.500 ta=0.000 aa=-6.850 se=5.500 so=1.190 ae=6.850 ao=7.000 pwm=12 pc=1 hd=4 y=10.136 yr=22.491 L=5 R=0 OL=16 OR=8 el=19 er=10 ed=9 dl=19 dr=10 cl=0 cr=0 ok=1179 fail=0 vofa=firewater rx=216 txdrop=0
1775033338.854414,1775033338854414000,10649639591200,HB,289595,7978.0,1,13.554,20.601,11.0,13.0,-2.0,8.0,16.0,0.0,5.0,11.0,13.0,0,0,,HB tick=289595 exp_id=198 t_ms=7978 run=1 ts=20.000 as=12.000 ta=0.000 aa=10.136 se=8.000 so=1.457 ae=-10.136 ao=-7.000 pwm=12 pc=1 hd=-4 y=13.554 yr=20.601 L=0 R=5 OL=8 OR=16 el=11 er=13 ed=-2 dl=11 dr=13 cl=0 cr=0 ok=1180 fail=0 vofa=firewater rx=216 txdrop=0
1775033339.0631347,1775033339063134700,10649848311800,HB,289800,8183.0,1,14.96,15.79,11.0,17.0,-6.0,8.0,16.0,0.0,5.0,11.0,17.0,0,0,,HB tick=289800 exp_id=198 t_ms=8183 run=1 ts=20.000 as=14.000 ta=0.000 aa=13.554 se=6.000 so=1.275 ae=-13.554 ao=-7.000 pwm=12 pc=1 hd=-4 y=14.960 yr=15.790 L=0 R=5 OL=8 OR=16 el=11 er=17 ed=-6 dl=11 dr=17 cl=0 cr=0 ok=1181 fail=0 vofa=firewater rx=216 txdrop=0
1775033339.2604728,1775033339260472900,10650045650000,HB,290004,8387.0,1,9.769,1.358,10.0,18.0,-8.0,8.0,16.0,0.0,5.0,10.0,18.0,0,0,,HB tick=290004 exp_id=198 t_ms=8387 run=1 ts=20.000 as=14.000 ta=0.000 aa=14.960 se=6.000 so=1.289 ae=-14.960 ao=-7.000 pwm=12 pc=1 hd=-4 y=9.769 yr=1.358 L=0 R=5 OL=8 OR=16 el=10 er=18 ed=-8 dl=10 dr=18 cl=0 cr=0 ok=1182 fail=0 vofa=firewater rx=216 txdrop=0
1775033339.4678452,1775033339467845000,10650253025100,HB,290209,8592.0,1,1.112,-13.897,10.0,18.0,-8.0,8.0,16.0,0.0,5.0,10.0,18.0,0,0,yaw_jump,HB tick=290209 exp_id=198 t_ms=8592 run=1 ts=20.000 as=14.000 ta=0.000 aa=9.769 se=6.000 so=1.303 ae=-9.769 ao=-7.000 pwm=12 pc=1 hd=-4 y=1.112 yr=-13.897 L=0 R=5 OL=8 OR=16 el=10 er=18 ed=-8 dl=10 dr=18 cl=0 cr=0 ok=1183 fail=0 vofa=firewater rx=216 txdrop=0
1775033339.6347294,1775033339634729600,10650419908100,HB,290370,8753.0,1,-6.54,-25.668,10.0,19.0,-9.0,8.0,16.0,0.0,5.0,10.0,19.0,0,0,,HB tick=290370 exp_id=198 t_ms=8753 run=1 ts=20.000 as=14.500 ta=0.000 aa=1.112 se=5.500 so=1.265 ae=-1.112 ao=-4.460 pwm=12 pc=1 hd=-4 y=-6.540 yr=-25.668 L=0 R=5 OL=8 OR=16 el=10 er=19 ed=-9 dl=10 dr=19 cl=0 cr=0 ok=1184 fail=0 vofa=firewater rx=216 txdrop=0
1775033339.8223596,1775033339822359600,10650607536800,HB,290564,8946.0,1,-8.698,-20.598,14.0,12.0,2.0,16.0,8.0,5.0,0.0,14.0,12.0,0,0,,HB tick=290564 exp_id=198 t_ms=8946 run=1 ts=20.000 as=13.000 ta=0.000 aa=-6.540 se=7.000 so=1.431 ae=6.540 ao=7.000 pwm=12 pc=1 hd=4 y=-8.698 yr=-20.598 L=5 R=0 OL=16 OR=8 el=14 er=12 ed=2 dl=14 dr=12 cl=0 cr=0 ok=1185 fail=0 vofa=firewater rx=216 txdrop=0
1775033340.0593257,1775033340059325600,10650844503100,HB,290797,9180.0,1,-19.696,-29.839,25.0,0.0,25.0,16.0,8.0,5.0,0.0,25.0,0.0,0,0,right_output_without_encoder|yaw_jump,HB tick=290797 exp_id=198 t_ms=9180 run=1 ts=20.000 as=12.500 ta=0.000 aa=-8.698 se=7.500 so=1.499 ae=8.698 ao=7.000 pwm=12 pc=1 hd=4 y=-19.696 yr=-29.839 L=5 R=0 OL=16 OR=8 el=25 er=0 ed=25 dl=25 dr=0 cl=0 cr=0 ok=1186 fail=0 vofa=firewater rx=216 txdrop=0
1775033340.2146285,1775033340214628400,10650999805800,HB,290957,9340.0,1,-6.608,9.234,25.0,0.0,25.0,17.0,9.0,6.0,0.0,25.0,0.0,0,0,right_output_without_encoder|yaw_jump,HB tick=290957 exp_id=198 t_ms=9340 run=1 ts=20.000 as=12.500 ta=0.000 aa=-19.696 se=7.500 so=1.514 ae=19.696 ao=7.000 pwm=13 pc=2 hd=4 y=-6.608 yr=9.234 L=6 R=0 OL=17 OR=9 el=25 er=0 ed=25 dl=25 dr=0 cl=0 cr=0 ok=1187 fail=0 vofa=firewater rx=216 txdrop=0
1775033340.4523592,1775033340452359100,10651237536500,HB,291190,9573.0,1,32.455,64.681,20.0,1.0,19.0,17.0,9.0,6.0,0.0,20.0,1.0,0,0,yaw_jump,HB tick=291190 exp_id=198 t_ms=9573 run=1 ts=20.000 as=10.500 ta=0.000 aa=-6.608 se=9.500 so=1.740 ae=6.608 ao=7.000 pwm=13 pc=2 hd=4 y=32.455 yr=64.681 L=6 R=0 OL=17 OR=9 el=20 er=1 ed=19 dl=20 dr=1 cl=0 cr=0 ok=1188 fail=0 vofa=firewater rx=216 txdrop=0
1775033340.6591394,1775033340659139400,10651444316800,HB,291399,9782.0,1,67.793,101.221,13.0,13.0,0.0,9.0,17.0,0.0,6.0,13.0,13.0,0,0,yaw_jump,HB tick=291399 exp_id=198 t_ms=9782 run=1 ts=20.000 as=13.000 ta=0.000 aa=32.455 se=7.000 so=1.510 ae=-32.455 ao=-7.000 pwm=13 pc=2 hd=-4 y=67.793 yr=101.221 L=0 R=6 OL=9 OR=17 el=13 er=13 ed=0 dl=13 dr=13 cl=0 cr=0 ok=1189 fail=0 vofa=firewater rx=216 txdrop=0
1775033340.8635683,1775033340863568400,10651648745900,HB,291604,9987.0,1,74.543,77.319,11.0,15.0,-4.0,9.0,17.0,0.0,6.0,11.0,15.0,0,0,,HB tick=291604 exp_id=198 t_ms=9987 run=1 ts=20.000 as=13.000 ta=0.000 aa=67.793 se=7.000 so=1.527 ae=-67.793 ao=-7.000 pwm=13 pc=2 hd=-4 y=74.543 yr=77.319 L=0 R=6 OL=9 OR=17 el=11 er=15 ed=-4 dl=11 dr=15 cl=0 cr=0 ok=1190 fail=0 vofa=firewater rx=216 txdrop=0
1775033341.0723245,1775033341072324700,10651857502100,HB,291809,10192.0,1,71.156,44.474,10.0,18.0,-8.0,8.0,16.0,0.0,5.0,10.0,18.0,0,0,,HB tick=291809 exp_id=198 t_ms=10192 run=1 ts=20.000 as=14.000 ta=0.000 aa=74.543 se=6.000 so=1.441 ae=-74.543 ao=-7.000 pwm=12 pc=1 hd=-4 y=71.156 yr=44.474 L=0 R=5 OL=8 OR=16 el=10 er=18 ed=-8 dl=10 dr=18 cl=0 cr=0 ok=1191 fail=0 vofa=firewater rx=216 txdrop=0
1775033341.22884,1775033341228840100,10652014017500,HB,291974,10357.0,1,65.962,17.889,11.0,18.0,-7.0,8.0,16.0,0.0,5.0,11.0,18.0,0,0,,HB tick=291974 exp_id=198 t_ms=10357 run=1 ts=20.000 as=14.500 ta=0.000 aa=71.156 se=5.500 so=1.403 ae=-71.156 ao=-7.000 pwm=12 pc=1 hd=-4 y=65.962 yr=17.889 L=0 R=5 OL=8 OR=16 el=11 er=18 ed=-7 dl=11 dr=18 cl=0 cr=0 ok=1192 fail=0 vofa=firewater rx=216 txdrop=0
1775033341.459993,1775033341459992900,10652245170100,HB,292206,10589.0,1,55.782,-3.73,10.0,18.0,-8.0,8.0,16.0,0.0,5.0,10.0,18.0,0,0,yaw_jump,HB tick=292206 exp_id=198 t_ms=10589 run=1 ts=20.000 as=14.000 ta=0.000 aa=65.962 se=6.000 so=1.469 ae=-65.962 ao=-7.000 pwm=12 pc=1 hd=-4 y=55.782 yr=-3.730 L=0 R=5 OL=8 OR=16 el=10 er=18 ed=-8 dl=10 dr=18 cl=0 cr=0 ok=1193 fail=0 vofa=firewater rx=216 txdrop=0
1775033341.697832,1775033341697832200,10652483009600,HB,292432,10815.0,1,36.703,-31.971,10.0,19.0,-9.0,8.0,16.0,0.0,5.0,10.0,19.0,0,0,yaw_jump,HB tick=292432 exp_id=198 t_ms=10815 run=1 ts=20.000 as=14.500 ta=0.000 aa=55.782 se=5.500 so=1.434 ae=-55.782 ao=-7.000 pwm=12 pc=1 hd=-4 y=36.703 yr=-31.971 L=0 R=5 OL=8 OR=16 el=10 er=19 ed=-9 dl=10 dr=19 cl=0 cr=0 ok=1194 fail=0 vofa=firewater rx=216 txdrop=0
1775033341.8946404,1775033341894640500,10652679818400,HB,292633,11016.0,1,33.486,-26.382,10.0,18.0,-8.0,8.0,16.0,0.0,5.0,10.0,18.0,0,0,,HB tick=292633 exp_id=198 t_ms=11016 run=1 ts=20.000 as=14.000 ta=0.000 aa=36.703 se=6.000 so=1.498 ae=-36.703 ao=-7.000 pwm=12 pc=1 hd=-4 y=33.486 yr=-26.382 L=0 R=5 OL=8 OR=16 el=10 er=18 ed=-8 dl=10 dr=18 cl=0 cr=0 ok=1195 fail=0 vofa=firewater rx=216 txdrop=0
1775033342.0941339,1775033342094133800,10652879311000,HB,292838,11221.0,1,23.068,-34.935,9.0,20.0,-11.0,8.0,16.0,0.0,5.0,9.0,20.0,0,0,yaw_jump,HB tick=292838 exp_id=198 t_ms=11221 run=1 ts=20.000 as=14.500 ta=0.000 aa=33.486 se=5.500 so=1.462 ae=-33.486 ao=-7.000 pwm=12 pc=1 hd=-4 y=23.068 yr=-34.935 L=0 R=5 OL=8 OR=16 el=9 er=20 ed=-11 dl=9 dr=20 cl=0 cr=0 ok=1196 fail=0 vofa=firewater rx=216 txdrop=0
1775033342.3014925,1775033342301492600,10653086670100,HB,293042,11425.0,1,12.014,-41.673,10.0,21.0,-11.0,8.0,16.0,0.0,5.0,10.0,21.0,0,0,yaw_jump,HB tick=293042 exp_id=198 t_ms=11425 run=1 ts=20.000 as=15.500 ta=0.000 aa=23.068 se=4.500 so=1.376 ae=-23.068 ao=-7.000 pwm=12 pc=1 hd=-4 y=12.014 yr=-41.673 L=0 R=5 OL=8 OR=16 el=10 er=21 ed=-11 dl=10 dr=21 cl=0 cr=0 ok=1197 fail=0 vofa=firewater rx=216 txdrop=0
1775033342.4666853,1775033342466685100,10653251862600,HB,293203,11586.0,1,2.432,-47.918,10.0,20.0,-10.0,8.0,16.0,0.0,5.0,10.0,20.0,0,0,yaw_jump,HB tick=293203 exp_id=198 t_ms=11586 run=1 ts=20.000 as=15.000 ta=0.000 aa=12.014 se=5.000 so=1.436 ae=-12.014 ao=-7.000 pwm=12 pc=1 hd=-4 y=2.432 yr=-47.918 L=0 R=5 OL=8 OR=16 el=10 er=20 ed=-10 dl=10 dr=20 cl=0 cr=0 ok=1198 fail=0 vofa=firewater rx=216 txdrop=0
1775033342.6940734,1775033342694073300,10653479250600,HB,293436,11819.0,1,-9.927,-49.713,10.0,20.0,-10.0,8.0,16.0,0.0,5.0,10.0,20.0,0,0,yaw_jump,HB tick=293436 exp_id=198 t_ms=11819 run=1 ts=20.000 as=15.000 ta=0.000 aa=2.432 se=5.000 so=1.449 ae=-2.432 ao=-7.000 pwm=12 pc=1 hd=-4 y=-9.927 yr=-49.713 L=0 R=5 OL=8 OR=16 el=10 er=20 ed=-10 dl=10 dr=20 cl=0 cr=0 ok=1199 fail=0 vofa=firewater rx=216 txdrop=0
1775033342.860585,1775033342860584900,10653645762500,HB,293597,11980.0,1,-22.405,-59.438,16.0,13.0,3.0,17.0,9.0,6.0,0.0,16.0,13.0,0,0,yaw_jump,HB tick=293597 exp_id=198 t_ms=11980 run=1 ts=20.000 as=14.500 ta=0.000 aa=-9.927 se=5.500 so=1.511 ae=9.927 ao=7.000 pwm=13 pc=2 hd=4 y=-22.405 yr=-59.438 L=6 R=0 OL=17 OR=9 el=16 er=13 ed=3 dl=16 dr=13 cl=0 cr=0 ok=1200 fail=0 vofa=firewater rx=216 txdrop=0
1775033343.0881863,1775033343088186300,10653873363400,HB,293830,12213.0,1,-26.312,-44.503,19.0,11.0,8.0,16.0,8.0,5.0,0.0,19.0,11.0,0,0,,HB tick=293830 exp_id=198 t_ms=12213 run=1 ts=20.000 as=15.000 ta=0.000 aa=-22.405 se=5.000 so=1.476 ae=22.405 ao=7.000 pwm=12 pc=1 hd=4 y=-26.312 yr=-44.503 L=5 R=0 OL=16 OR=8 el=19 er=11 ed=8 dl=19 dr=11 cl=0 cr=0 ok=1201 fail=0 vofa=firewater rx=216 txdrop=0
1775033343.2545178,1775033343254517800,10654039694800,HB,293991,12374.0,1,-20.569,-16.444,19.0,10.0,9.0,17.0,9.0,6.0,0.0,19.0,10.0,0,0,,HB tick=293991 exp_id=198 t_ms=12374 run=1 ts=20.000 as=14.500 ta=0.000 aa=-26.312 se=5.500 so=1.537 ae=26.312 ao=7.000 pwm=13 pc=2 hd=4 y=-20.569 yr=-16.444 L=6 R=0 OL=17 OR=9 el=19 er=10 ed=9 dl=19 dr=10 cl=0 cr=0 ok=1202 fail=0 vofa=firewater rx=216 txdrop=0
1775033343.484669,1775033343484669000,10654269846200,HB,294223,12606.0,1,-10.564,4.406,20.0,10.0,10.0,17.0,9.0,6.0,0.0,20.0,10.0,0,0,yaw_jump,HB tick=294223 exp_id=198 t_ms=12606 run=1 ts=20.000 as=15.000 ta=0.000 aa=-20.569 se=5.000 so=1.501 ae=20.569 ao=7.000 pwm=13 pc=2 hd=4 y=-10.564 yr=4.406 L=6 R=0 OL=17 OR=9 el=20 er=10 ed=10 dl=20 dr=10 cl=0 cr=0 ok=1203 fail=0 vofa=firewater rx=216 txdrop=0
1775033343.6940536,1775033343694053700,10654479230900,HB,294433,12816.0,1,2.565,24.744,20.0,10.0,10.0,17.0,9.0,6.0,0.0,20.0,10.0,0,0,yaw_jump,HB tick=294433 exp_id=198 t_ms=12816 run=1 ts=20.000 as=15.000 ta=0.000 aa=-10.564 se=5.000 so=1.513 ae=10.564 ao=7.000 pwm=13 pc=2 hd=4 y=2.565 yr=24.744 L=6 R=0 OL=17 OR=9 el=20 er=10 ed=10 dl=20 dr=10 cl=0 cr=0 ok=1204 fail=0 vofa=firewater rx=216 txdrop=0
1775033343.901349,1775033343901349200,10654686526400,HB,294638,13021.0,1,16.231,39.417,13.0,16.0,-3.0,9.0,17.0,0.0,6.0,13.0,16.0,0,0,yaw_jump,HB tick=294638 exp_id=198 t_ms=13021 run=1 ts=20.000 as=14.500 ta=0.000 aa=2.565 se=5.500 so=1.576 ae=-2.565 ao=-7.000 pwm=13 pc=2 hd=-4 y=16.231 yr=39.417 L=0 R=6 OL=9 OR=17 el=13 er=16 ed=-3 dl=13 dr=16 cl=0 cr=0 ok=1205 fail=0 vofa=firewater rx=216 txdrop=0
1775033344.1007323,1775033344100732400,10654885909800,HB,294843,13225.0,1,17.736,28.203,11.0,18.0,-7.0,9.0,17.0,0.0,6.0,11.0,18.0,0,0,,HB tick=294843 exp_id=198 t_ms=13225 run=1 ts=20.000 as=14.500 ta=0.000 aa=16.231 se=5.500 so=1.589 ae=-16.231 ao=-7.000 pwm=13 pc=2 hd=-4 y=17.736 yr=28.203 L=0 R=6 OL=9 OR=17 el=11 er=18 ed=-7 dl=11 dr=18 cl=0 cr=0 ok=1206 fail=0 vofa=firewater rx=216 txdrop=0
1775033344.308747,1775033344308746900,10655093923900,HB,295048,13430.0,1,11.774,8.153,11.0,19.0,-8.0,9.0,17.0,0.0,6.0,11.0,19.0,0,0,,HB tick=295048 exp_id=198 t_ms=13430 run=1 ts=20.000 as=15.000 ta=0.000 aa=17.736 se=5.000 so=1.551 ae=-17.736 ao=-7.000 pwm=13 pc=2 hd=-4 y=11.774 yr=8.153 L=0 R=6 OL=9 OR=17 el=11 er=19 ed=-8 dl=11 dr=19 cl=0 cr=0 ok=1207 fail=0 vofa=firewater rx=216 txdrop=0
1775033344.475296,1775033344475295900,10655260473000,HB,295213,13595.0,1,4.633,-9.849,10.0,21.0,-11.0,9.0,17.0,0.0,6.0,10.0,21.0,0,0,,HB tick=295213 exp_id=198 t_ms=13595 run=1 ts=20.000 as=15.500 ta=0.000 aa=11.774 se=4.500 so=1.510 ae=-11.774 ao=-7.000 pwm=13 pc=2 hd=-4 y=4.633 yr=-9.849 L=0 R=6 OL=9 OR=17 el=10 er=21 ed=-11 dl=10 dr=21 cl=0 cr=0 ok=1208 fail=0 vofa=firewater rx=216 txdrop=0
1775033344.7045357,1775033344704535900,10655489714600,HB,295445,13828.0,1,-7.98,-25.348,10.0,21.0,-11.0,9.0,17.0,0.0,6.0,10.0,21.0,0,0,yaw_jump,HB tick=295445 exp_id=198 t_ms=13828 run=1 ts=20.000 as=15.500 ta=0.000 aa=4.633 se=4.500 so=1.523 ae=-4.633 ao=-7.000 pwm=13 pc=2 hd=-4 y=-7.980 yr=-25.348 L=0 R=6 OL=9 OR=17 el=10 er=21 ed=-11 dl=10 dr=21 cl=0 cr=0 ok=1209 fail=0 vofa=firewater rx=216 txdrop=0
1775033344.9125023,1775033344912502400,10655697679900,HB,295654,14037.0,1,-22.375,-40.583,16.0,13.0,3.0,17.0,9.0,6.0,0.0,16.0,13.0,0,0,yaw_jump,HB tick=295654 exp_id=198 t_ms=14037 run=1 ts=20.000 as=14.500 ta=0.000 aa=-7.980 se=5.500 so=1.637 ae=7.980 ao=7.000 pwm=13 pc=2 hd=4 y=-22.375 yr=-40.583 L=6 R=0 OL=17 OR=9 el=16 er=13 ed=3 dl=16 dr=13 cl=0 cr=0 ok=1210 fail=0 vofa=firewater rx=216 txdrop=0
1775033345.130214,1775033345130213900,10655915391100,HB,295875,14258.0,1,-19.368,-21.616,18.0,12.0,6.0,17.0,9.0,6.0,0.0,18.0,12.0,0,0,,HB tick=295875 exp_id=198 t_ms=14258 run=1 ts=20.000 as=15.000 ta=0.000 aa=-22.375 se=5.000 so=1.600 ae=22.375 ao=7.000 pwm=13 pc=2 hd=4 y=-19.368 yr=-21.616 L=6 R=0 OL=17 OR=9 el=18 er=12 ed=6 dl=18 dr=12 cl=0 cr=0 ok=1211 fail=0 vofa=firewater rx=216 txdrop=0
1775033345.28668,1775033345286680000,10656071857100,HB,296032,14414.0,1,-17.83,-10.6,19.0,11.0,8.0,17.0,9.0,6.0,0.0,19.0,11.0,0,0,,HB tick=296032 exp_id=198 t_ms=14414 run=1 ts=20.000 as=15.000 ta=0.000 aa=-19.368 se=5.000 so=1.610 ae=19.368 ao=7.000 pwm=13 pc=2 hd=4 y=-17.830 yr=-10.600 L=6 R=0 OL=17 OR=9 el=19 er=11 ed=8 dl=19 dr=11 cl=0 cr=0 ok=1212 fail=0 vofa=firewater rx=216 txdrop=0
1775033345.5270848,1775033345527084900,10656312262000,HB,296264,14647.0,1,-9.689,5.339,21.0,11.0,10.0,17.0,9.0,6.0,0.0,21.0,11.0,0,0,yaw_jump,HB tick=296264 exp_id=198 t_ms=14647 run=1 ts=20.000 as=16.000 ta=0.000 aa=-17.830 se=4.000 so=1.523 ae=17.830 ao=7.000 pwm=13 pc=2 hd=4 y=-9.689 yr=5.339 L=6 R=0 OL=17 OR=9 el=21 er=11 ed=10 dl=21 dr=11 cl=0 cr=0 ok=1213 fail=0 vofa=firewater rx=216 txdrop=0
1775033345.764671,1775033345764671100,10656549849900,HB,296501,14884.0,1,15.108,40.09,20.0,9.0,11.0,17.0,9.0,6.0,0.0,20.0,9.0,0,0,yaw_jump,HB tick=296501 exp_id=198 t_ms=14884 run=1 ts=20.000 as=14.500 ta=0.000 aa=-9.689 se=5.500 so=1.687 ae=9.689 ao=7.000 pwm=13 pc=2 hd=4 y=15.108 yr=40.090 L=6 R=0 OL=17 OR=9 el=20 er=9 ed=11 dl=20 dr=9 cl=0 cr=0 ok=1214 fail=0 vofa=firewater rx=216 txdrop=0
1775033345.9509718,1775033345950971800,10656736149700,HB,296697,15080.0,1,17.458,30.256,13.0,16.0,-3.0,9.0,17.0,0.0,6.0,13.0,16.0,0,0,,HB tick=296697 exp_id=198 t_ms=15080 run=1 ts=20.000 as=14.500 ta=0.000 aa=15.108 se=5.500 so=1.698 ae=-15.108 ao=-7.000 pwm=13 pc=2 hd=-4 y=17.458 yr=30.256 L=0 R=6 OL=9 OR=17 el=13 er=16 ed=-3 dl=13 dr=16 cl=0 cr=0 ok=1215 fail=0 vofa=firewater rx=216 txdrop=0
1775033346.1592383,1775033346159238300,10656944415800,HB,296902,15285.0,1,18.521,21.481,12.0,18.0,-6.0,9.0,17.0,0.0,6.0,12.0,18.0,0,0,,HB tick=296902 exp_id=198 t_ms=15285 run=1 ts=20.000 as=15.000 ta=0.000 aa=17.458 se=5.000 so=1.661 ae=-17.458 ao=-7.000 pwm=13 pc=2 hd=-4 y=18.521 yr=21.481 L=0 R=6 OL=9 OR=17 el=12 er=18 ed=-6 dl=12 dr=18 cl=0 cr=0 ok=1216 fail=0 vofa=firewater rx=216 txdrop=0
1775033346.3671265,1775033346367126600,10657152303800,HB,297107,15490.0,1,12.212,3.192,10.0,20.0,-10.0,9.0,17.0,0.0,6.0,10.0,20.0,0,0,,HB tick=297107 exp_id=198 t_ms=15490 run=1 ts=20.000 as=15.000 ta=0.000 aa=18.521 se=5.000 so=1.673 ae=-18.521 ao=-7.000 pwm=13 pc=2 hd=-4 y=12.212 yr=3.192 L=0 R=6 OL=9 OR=17 el=10 er=20 ed=-10 dl=10 dr=20 cl=0 cr=0 ok=1217 fail=0 vofa=firewater rx=216 txdrop=0
1775033346.5747292,1775033346574729100,10657359906600,HB,297316,15699.0,1,2.042,-14.958,10.0,20.0,-10.0,9.0,17.0,0.0,6.0,10.0,20.0,0,0,yaw_jump,HB tick=297316 exp_id=198 t_ms=15699 run=1 ts=20.000 as=15.000 ta=0.000 aa=12.212 se=5.000 so=1.685 ae=-12.212 ao=-7.000 pwm=13 pc=2 hd=-4 y=2.042 yr=-14.958 L=0 R=6 OL=9 OR=17 el=10 er=20 ed=-10 dl=10 dr=20 cl=0 cr=0 ok=1218 fail=0 vofa=firewater rx=216 txdrop=0
1775033346.7324915,1775033346732491400,10657517668700,HB,297477,15860.0,1,-7.535,-30.543,10.0,20.0,-10.0,9.0,17.0,0.0,6.0,10.0,20.0,0,0,yaw_jump,HB tick=297477 exp_id=198 t_ms=15860 run=1 ts=20.000 as=15.000 ta=0.000 aa=2.042 se=5.000 so=1.695 ae=-2.042 ao=-7.000 pwm=13 pc=2 hd=-4 y=-7.535 yr=-30.543 L=0 R=6 OL=9 OR=17 el=10 er=20 ed=-10 dl=10 dr=20 cl=0 cr=0 ok=1219 fail=0 vofa=firewater rx=216 txdrop=0
1775033347.1297681,1775033347129768200,10657914948000,HB,297709,16092.0,1,-19.557,-37.989,16.0,13.0,3.0,17.0,9.0,6.0,0.0,16.0,13.0,0,0,yaw_jump,HB tick=297709 exp_id=198 t_ms=16092 run=1 ts=20.000 as=14.500 ta=0.000 aa=-7.535 se=5.500 so=1.760 ae=7.535 ao=7.000 pwm=13 pc=2 hd=4 y=-19.557 yr=-37.989 L=6 R=0 OL=17 OR=9 el=16 er=13 ed=3 dl=16 dr=13 cl=0 cr=0 ok=1220 fail=0 vofa=firewater rx=216 txdrop=0
1775033347.1297681,1775033347129768201,10657914948001,HB,297870,16253.0,1,-22.488,-31.064,19.0,13.0,6.0,17.0,9.0,6.0,0.0,19.0,13.0,0,0,,HB tick=297870 exp_id=198 t_ms=16253 run=1 ts=20.000 as=16.000 ta=0.000 aa=-19.557 se=4.000 so=1.620 ae=19.557 ao=7.000 pwm=13 pc=2 hd=4 y=-22.488 yr=-31.064 L=6 R=0 OL=17 OR=9 el=19 er=13 ed=6 dl=19 dr=13 cl=0 cr=0 ok=1221 fail=0 vofa=firewater rx=216 txdrop=0
1775033347.3808584,1775033347380858400,10658166035700,HB,298124,16507.0,1,-9.575,-2.398,19.0,11.0,8.0,17.0,9.0,6.0,0.0,19.0,11.0,0,0,yaw_jump,HB tick=298124 exp_id=198 t_ms=16507 run=1 ts=20.000 as=15.000 ta=0.000 aa=-22.488 se=5.000 so=1.735 ae=22.488 ao=7.000 pwm=13 pc=2 hd=4 y=-9.575 yr=-2.398 L=6 R=0 OL=17 OR=9 el=19 er=11 ed=8 dl=19 dr=11 cl=0 cr=0 ok=1222 fail=0 vofa=firewater rx=216 txdrop=0
1775033347.5365946,1775033347536594800,10658321772000,HB,298280,16663.0,1,-6.759,4.759,20.0,10.0,10.0,17.0,9.0,6.0,0.0,20.0,10.0,0,0,,HB tick=298280 exp_id=198 t_ms=16663 run=1 ts=20.000 as=15.000 ta=0.000 aa=-9.575 se=5.000 so=1.744 ae=9.575 ao=7.000 pwm=13 pc=2 hd=4 y=-6.759 yr=4.759 L=6 R=0 OL=17 OR=9 el=20 er=10 ed=10 dl=20 dr=10 cl=0 cr=0 ok=1223 fail=0 vofa=firewater rx=216 txdrop=0
1775033347.784602,1775033347784601900,10658569779600,HB,298530,16913.0,1,13.588,31.578,20.0,10.0,10.0,17.0,9.0,6.0,0.0,20.0,10.0,0,0,yaw_jump,HB tick=298530 exp_id=198 t_ms=16913 run=1 ts=20.000 as=15.000 ta=0.000 aa=-6.759 se=5.000 so=1.757 ae=6.759 ao=7.000 pwm=13 pc=2 hd=4 y=13.588 yr=31.578 L=6 R=0 OL=17 OR=9 el=20 er=10 ed=10 dl=20 dr=10 cl=0 cr=0 ok=1224 fail=0 vofa=firewater rx=216 txdrop=0
1775033347.9400675,1775033347940067500,10658725245300,HB,298686,17069.0,1,16.0,25.939,14.0,16.0,-2.0,9.0,17.0,0.0,6.0,14.0,16.0,0,0,,HB tick=298686 exp_id=198 t_ms=17069 run=1 ts=20.000 as=15.000 ta=0.000 aa=13.588 se=5.000 so=1.765 ae=-13.588 ao=-7.000 pwm=13 pc=2 hd=-4 y=16.000 yr=25.939 L=0 R=6 OL=9 OR=17 el=14 er=16 ed=-2 dl=14 dr=16 cl=0 cr=0 ok=1225 fail=0 vofa=firewater rx=216 txdrop=0
1775033348.1791952,1775033348179195100,10658964372200,HB,298918,17301.0,1,19.424,22.025,13.0,18.0,-5.0,9.0,17.0,0.0,6.0,13.0,18.0,0,0,,HB tick=298918 exp_id=198 t_ms=17301 run=1 ts=20.000 as=15.500 ta=0.000 aa=16.000 se=4.500 so=1.729 ae=-16.000 ao=-7.000 pwm=13 pc=2 hd=-4 y=19.424 yr=22.025 L=0 R=6 OL=9 OR=17 el=13 er=18 ed=-5 dl=13 dr=18 cl=0 cr=0 ok=1226 fail=0 vofa=firewater rx=216 txdrop=0
1775033348.3867092,1775033348386709300,10659171886700,HB,299123,17506.0,1,13.62,4.408,11.0,20.0,-9.0,9.0,17.0,0.0,6.0,11.0,20.0,0,0,,HB tick=299123 exp_id=198 t_ms=17506 run=1 ts=20.000 as=15.500 ta=0.000 aa=19.424 se=4.500 so=1.741 ae=-19.424 ao=-7.000 pwm=13 pc=2 hd=-4 y=13.620 yr=4.408 L=0 R=6 OL=9 OR=17 el=11 er=20 ed=-9 dl=11 dr=20 cl=0 cr=0 ok=1227 fail=0 vofa=firewater rx=216 txdrop=0
1775033348.6057417,1775033348605741700,10659390919000,HB,299348,17731.0,1,-3.758,-24.167,11.0,20.0,-9.0,9.0,17.0,0.0,6.0,11.0,20.0,0,0,yaw_jump,HB tick=299348 exp_id=198 t_ms=17731 run=1 ts=20.000 as=15.500 ta=0.000 aa=13.620 se=4.500 so=1.752 ae=-13.620 ao=-7.000 pwm=13 pc=2 hd=-4 y=-3.758 yr=-24.167 L=0 R=6 OL=9 OR=17 el=11 er=20 ed=-9 dl=11 dr=20 cl=0 cr=0 ok=1228 fail=0 vofa=firewater rx=216 txdrop=0
1775033348.7609518,1775033348760951900,10659546129100,HB,299505,17888.0,1,-6.115,-20.963,15.0,13.0,2.0,17.0,9.0,6.0,0.0,15.0,13.0,0,0,,HB tick=299505 exp_id=198 t_ms=17888 run=1 ts=20.000 as=14.000 ta=0.000 aa=-3.758 se=6.000 so=1.913 ae=3.758 ao=7.000 pwm=13 pc=2 hd=4 y=-6.115 yr=-20.963 L=6 R=0 OL=17 OR=9 el=15 er=13 ed=2 dl=15 dr=13 cl=0 cr=0 ok=1229 fail=0 vofa=firewater rx=216 txdrop=0
1775033348.9906504,1775033348990650400,10659775827600,HB,299737,18120.0,1,-9.396,-18.577,18.0,11.0,7.0,17.0,9.0,6.0,0.0,18.0,11.0,0,0,,HB tick=299737 exp_id=198 t_ms=18120 run=1 ts=20.000 as=14.500 ta=0.000 aa=-6.115 se=5.500 so=1.879 ae=6.115 ao=7.000 pwm=13 pc=2 hd=4 y=-9.396 yr=-18.577 L=6 R=0 OL=17 OR=9 el=18 er=11 ed=7 dl=18 dr=11 cl=0 cr=0 ok=1230 fail=0 vofa=firewater rx=216 txdrop=0
1775033349.1982381,1775033349198238200,10659983415500,HB,299942,18325.0,1,-2.232,0.156,19.0,12.0,7.0,17.0,9.0,6.0,0.0,19.0,12.0,0,0,,HB tick=299942 exp_id=198 t_ms=18325 run=1 ts=20.000 as=15.500 ta=0.000 aa=-9.396 se=4.500 so=1.791 ae=9.396 ao=7.000 pwm=13 pc=2 hd=4 y=-2.232 yr=0.156 L=6 R=0 OL=17 OR=9 el=19 er=12 ed=7 dl=19 dr=12 cl=0 cr=0 ok=1231 fail=0 vofa=firewater rx=216 txdrop=0
1775033349.427713,1775033349427713000,10660212890100,HB,300168,18551.0,1,16.316,28.827,18.0,9.0,9.0,17.0,9.0,6.0,0.0,18.0,9.0,0,0,yaw_jump,HB tick=300168 exp_id=198 t_ms=18551 run=1 ts=20.000 as=13.500 ta=0.000 aa=-2.232 se=6.500 so=2.007 ae=2.232 ao=7.000 pwm=13 pc=2 hd=4 y=16.316 yr=28.827 L=6 R=0 OL=17 OR=9 el=18 er=9 ed=9 dl=18 dr=9 cl=0 cr=0 ok=1232 fail=0 vofa=firewater rx=216 txdrop=0
1775033349.6257446,1775033349625744600,10660410922400,HB,300369,18752.0,1,19.236,23.822,8.0,13.0,-5.0,9.0,17.0,0.0,6.0,8.0,13.0,0,0,,HB tick=300369 exp_id=198 t_ms=18752 run=1 ts=20.000 as=10.500 ta=0.000 aa=16.316 se=9.500 so=2.327 ae=-16.316 ao=-7.000 pwm=13 pc=2 hd=-4 y=19.236 yr=23.822 L=0 R=6 OL=9 OR=17 el=8 er=13 ed=-5 dl=8 dr=13 cl=0 cr=0 ok=1233 fail=0 vofa=firewater rx=216 txdrop=0
1775033349.7924993,1775033349792499300,10660577676800,HB,300530,18913.0,1,20.317,17.834,11.0,23.0,-12.0,9.0,17.0,0.0,6.0,11.0,23.0,0,0,,HB tick=300530 exp_id=198 t_ms=18913 run=1 ts=20.000 as=17.000 ta=0.000 aa=19.236 se=3.000 so=1.689 ae=-19.236 ao=-7.000 pwm=13 pc=2 hd=-4 y=20.317 yr=17.834 L=0 R=6 OL=9 OR=17 el=11 er=23 ed=-12 dl=11 dr=23 cl=0 cr=0 ok=1234 fail=0 vofa=firewater rx=216 txdrop=0
1775033350.0218072,1775033350021807200,10660806984600,HB,300762,19145.0,1,15.219,3.901,12.0,24.0,-12.0,9.0,17.0,0.0,6.0,12.0,24.0,0,0,,HB tick=300762 exp_id=198 t_ms=19145 run=1 ts=20.000 as=18.000 ta=0.000 aa=20.317 se=2.000 so=1.595 ae=-20.317 ao=-7.000 pwm=13 pc=2 hd=-4 y=15.219 yr=3.901 L=0 R=6 OL=9 OR=17 el=12 er=24 ed=-12 dl=12 dr=24 cl=0 cr=0 ok=1235 fail=0 vofa=firewater rx=216 txdrop=0
1775033350.2413745,1775033350241374400,10661026552400,HB,300972,19355.0,1,7.218,-10.799,12.0,23.0,-11.0,9.0,17.0,0.0,6.0,12.0,23.0,0,0,yaw_jump,HB tick=300972 exp_id=198 t_ms=19355 run=1 ts=20.000 as=17.500 ta=0.000 aa=15.219 se=2.500 so=1.652 ae=-15.219 ao=-7.000 pwm=13 pc=2 hd=-4 y=7.218 yr=-10.799 L=0 R=6 OL=9 OR=17 el=12 er=23 ed=-11 dl=12 dr=23 cl=0 cr=0 ok=1236 fail=0 vofa=firewater rx=216 txdrop=0
1775033350.387845,1775033350387845200,10661173022500,HB,301132,19515.0,1,0.089,-22.615,11.0,24.0,-13.0,9.0,17.0,0.0,6.0,11.0,24.0,0,0,,HB tick=301132 exp_id=198 t_ms=19515 run=1 ts=20.000 as=17.500 ta=0.000 aa=7.218 se=2.500 so=1.656 ae=-7.218 ao=-7.000 pwm=13 pc=2 hd=-4 y=0.089 yr=-22.615 L=0 R=6 OL=9 OR=17 el=11 er=24 ed=-13 dl=11 dr=24 cl=0 cr=0 ok=1237 fail=0 vofa=firewater rx=216 txdrop=0
1775033350.616703,1775033350616703000,10661401880300,HB,301365,19748.0,1,1.929,-11.935,24.0,12.0,12.0,17.0,9.0,6.0,0.0,24.0,12.0,0,0,,HB tick=301365 exp_id=198 t_ms=19748 run=1 ts=20.000 as=18.000 ta=0.000 aa=0.089 se=2.000 so=1.613 ae=-0.089 ao=6.307 pwm=13 pc=2 hd=4 y=1.929 yr=-11.935 L=6 R=0 OL=17 OR=9 el=24 er=12 ed=12 dl=24 dr=12 cl=0 cr=0 ok=1238 fail=0 vofa=firewater rx=216 txdrop=0
1775033350.792651,1775033350792651100,10661577828600,HB,301530,19913.0,1,6.078,1.042,11.0,23.0,-12.0,9.0,17.0,0.0,6.0,11.0,23.0,0,0,,HB tick=301530 exp_id=198 t_ms=19913 run=1 ts=20.000 as=17.000 ta=0.000 aa=1.929 se=3.000 so=1.718 ae=-1.929 ao=-7.000 pwm=13 pc=2 hd=-4 y=6.078 yr=1.042 L=0 R=6 OL=9 OR=17 el=11 er=23 ed=-12 dl=11 dr=23 cl=0 cr=0 ok=1239 fail=0 vofa=firewater rx=216 txdrop=0
1775033351.0202558,1775033351020255800,10661805433300,HB,301762,20145.0,1,8.843,4.849,12.0,23.0,-11.0,9.0,17.0,0.0,6.0,12.0,23.0,0,0,,HB tick=301762 exp_id=198 t_ms=20145 run=1 ts=20.000 as=17.500 ta=0.000 aa=6.078 se=2.500 so=1.675 ae=-6.078 ao=-7.000 pwm=13 pc=2 hd=-4 y=8.843 yr=4.849 L=0 R=6 OL=9 OR=17 el=12 er=23 ed=-11 dl=12 dr=23 cl=0 cr=0 ok=1240 fail=0 vofa=firewater rx=216 txdrop=0
1775033351.1861255,1775033351186125500,10661971302900,HB,301927,20310.0,1,16.386,19.152,11.0,23.0,-12.0,9.0,17.0,0.0,6.0,11.0,23.0,0,0,,HB tick=301927 exp_id=198 t_ms=20310 run=1 ts=20.000 as=17.000 ta=0.000 aa=8.843 se=3.000 so=1.729 ae=-8.843 ao=-7.000 pwm=13 pc=2 hd=-4 y=16.386 yr=19.152 L=0 R=6 OL=9 OR=17 el=11 er=23 ed=-12 dl=11 dr=23 cl=0 cr=0 ok=1241 fail=0 vofa=firewater rx=216 txdrop=0
1775033351.3725114,1775033351372511500,10662157688800,HB,302116,20499.0,1,18.763,16.852,12.0,23.0,-11.0,9.0,17.0,0.0,6.0,12.0,23.0,0,0,,HB tick=302116 exp_id=198 t_ms=20499 run=1 ts=20.000 as=17.500 ta=0.000 aa=16.386 se=2.500 so=1.685 ae=-16.386 ao=-7.000 pwm=13 pc=2 hd=-4 y=18.763 yr=16.852 L=0 R=6 OL=9 OR=17 el=12 er=23 ed=-11 dl=12 dr=23 cl=0 cr=0 ok=1242 fail=0 vofa=firewater rx=216 txdrop=0
1775033351.602019,1775033351602019000,10662387196700,HB,302349,20732.0,1,31.419,29.965,12.0,24.0,-12.0,9.0,17.0,0.0,6.0,12.0,24.0,0,0,yaw_jump,HB tick=302349 exp_id=198 t_ms=20732 run=1 ts=20.000 as=18.000 ta=0.000 aa=18.763 se=2.000 so=1.642 ae=-18.763 ao=-7.000 pwm=13 pc=2 hd=-4 y=31.419 yr=29.965 L=0 R=6 OL=9 OR=17 el=12 er=24 ed=-12 dl=12 dr=24 cl=0 cr=0 ok=1243 fail=0 vofa=firewater rx=216 txdrop=0
1775033351.8094196,1775033351809419600,10662594597700,HB,302554,20937.0,1,32.279,20.945,12.0,24.0,-12.0,9.0,17.0,0.0,6.0,12.0,24.0,0,0,,HB tick=302554 exp_id=198 t_ms=20937 run=1 ts=20.000 as=18.000 ta=0.000 aa=31.419 se=2.000 so=1.648 ae=-31.419 ao=-7.000 pwm=13 pc=2 hd=-4 y=32.279 yr=20.945 L=0 R=6 OL=9 OR=17 el=12 er=24 ed=-12 dl=12 dr=24 cl=0 cr=0 ok=1244 fail=0 vofa=firewater rx=216 txdrop=0
1775033351.975034,1775033351975034000,10662760212000,HB,302714,21097.0,1,28.786,5.974,12.0,24.0,-12.0,9.0,17.0,0.0,6.0,12.0,24.0,0,0,,HB tick=302714 exp_id=198 t_ms=21097 run=1 ts=20.000 as=18.000 ta=0.000 aa=32.279 se=2.000 so=1.652 ae=-32.279 ao=-7.000 pwm=13 pc=2 hd=-4 y=28.786 yr=5.974 L=0 R=6 OL=9 OR=17 el=12 er=24 ed=-12 dl=12 dr=24 cl=0 cr=0 ok=1245 fail=0 vofa=firewater rx=216 txdrop=0
1775033352.2244937,1775033352224493900,10663009671400,HB,302963,21346.0,1,6.969,-26.784,12.0,24.0,-12.0,9.0,17.0,0.0,6.0,12.0,24.0,0,0,yaw_jump,HB tick=302963 exp_id=198 t_ms=21346 run=1 ts=20.000 as=18.000 ta=0.000 aa=28.786 se=2.000 so=1.659 ae=-28.786 ao=-7.000 pwm=13 pc=2 hd=-4 y=6.969 yr=-26.784 L=0 R=6 OL=9 OR=17 el=12 er=24 ed=-12 dl=12 dr=24 cl=0 cr=0 ok=1246 fail=0 vofa=firewater rx=216 txdrop=0
1775033352.3795753,1775033352379575200,10663164752400,HB,303119,21502.0,1,5.199,-21.379,12.0,24.0,-12.0,9.0,17.0,0.0,6.0,12.0,24.0,0,0,,HB tick=303119 exp_id=198 t_ms=21502 run=1 ts=20.000 as=18.000 ta=0.000 aa=6.969 se=2.000 so=1.663 ae=-6.969 ao=-7.000 pwm=13 pc=2 hd=-4 y=5.199 yr=-21.379 L=0 R=6 OL=9 OR=17 el=12 er=24 ed=-12 dl=12 dr=24 cl=0 cr=0 ok=1247 fail=0 vofa=firewater rx=216 txdrop=0
1775033352.609768,1775033352609768000,10663394945200,HB,303351,21734.0,1,-2.318,-25.237,11.0,24.0,-13.0,9.0,17.0,0.0,6.0,11.0,24.0,0,0,,HB tick=303351 exp_id=198 t_ms=21734 run=1 ts=20.000 as=17.500 ta=0.000 aa=5.199 se=2.500 so=1.720 ae=-5.199 ao=-7.000 pwm=13 pc=2 hd=-4 y=-2.318 yr=-25.237 L=0 R=6 OL=9 OR=17 el=11 er=24 ed=-13 dl=11 dr=24 cl=0 cr=0 ok=1248 fail=0 vofa=firewater rx=216 txdrop=0
1775033352.8170416,1775033352817041700,10663602219100,HB,303556,21939.0,1,-0.541,-13.371,18.0,4.0,14.0,17.0,9.0,6.0,0.0,18.0,4.0,0,0,,HB tick=303556 exp_id=198 t_ms=21939 run=1 ts=20.000 as=11.000 ta=0.000 aa=-2.318 se=9.000 so=2.384 ae=2.318 ao=7.000 pwm=13 pc=2 hd=4 y=-0.541 yr=-13.371 L=6 R=0 OL=17 OR=9 el=18 er=4 ed=14 dl=18 dr=4 cl=0 cr=0 ok=1249 fail=0 vofa=firewater rx=216 txdrop=0
1775033353.0141256,1775033353014125600,10663799303000,HB,303761,22144.0,1,0.181,-7.458,14.0,8.0,6.0,17.0,9.0,6.0,0.0,14.0,8.0,0,0,,HB tick=303761 exp_id=198 t_ms=22144 run=1 ts=20.000 as=11.000 ta=0.000 aa=-0.541 se=9.000 so=2.411 ae=0.541 ao=7.000 pwm=13 pc=2 hd=4 y=0.181 yr=-7.458 L=6 R=0 OL=17 OR=9 el=14 er=8 ed=6 dl=14 dr=8 cl=0 cr=0 ok=1250 fail=0 vofa=firewater rx=216 txdrop=0
1775033353.2241147,1775033353224114700,10664009292400,HB,303970,22353.0,1,2.136,-1.574,16.0,12.0,4.0,14.0,12.0,3.0,1.0,16.0,12.0,0,0,,HB tick=303970 exp_id=198 t_ms=22353 run=1 ts=20.000 as=14.000 ta=0.000 aa=0.181 se=6.000 so=2.127 ae=-0.181 ao=0.640 pwm=13 pc=2 hd=1 y=2.136 yr=-1.574 L=3 R=1 OL=14 OR=12 el=16 er=12 ed=4 dl=16 dr=12 cl=0 cr=0 ok=1251 fail=0 vofa=firewater rx=216 txdrop=0
1775033353.3900142,1775033353390014200,10664175192100,HB,304131,22514.0,1,7.347,10.304,13.0,16.0,-3.0,9.0,17.0,0.0,6.0,13.0,16.0,0,0,,HB tick=304131 exp_id=198 t_ms=22514 run=1 ts=20.000 as=14.500 ta=0.000 aa=2.136 se=5.500 so=2.088 ae=-2.136 ao=-7.000 pwm=13 pc=2 hd=-4 y=7.347 yr=10.304 L=0 R=6 OL=9 OR=17 el=13 er=16 ed=-3 dl=13 dr=16 cl=0 cr=0 ok=1252 fail=0 vofa=firewater rx=216 txdrop=0
1775033353.6176927,1775033353617692600,10664402870400,HB,304364,22746.0,1,8.094,7.826,12.0,19.0,-7.0,9.0,17.0,0.0,6.0,12.0,19.0,0,0,,HB tick=304364 exp_id=198 t_ms=22746 run=1 ts=20.000 as=15.500 ta=0.000 aa=7.347 se=4.500 so=2.003 ae=-7.347 ao=-7.000 pwm=13 pc=2 hd=-4 y=8.094 yr=7.826 L=0 R=6 OL=9 OR=17 el=12 er=19 ed=-7 dl=12 dr=19 cl=0 cr=0 ok=1253 fail=0 vofa=firewater rx=216 txdrop=0
1775033353.835112,1775033353835112300,10664620293100,HB,304573,22956.0,1,1.484,-5.931,12.0,19.0,-7.0,9.0,17.0,0.0,6.0,12.0,19.0,0,0,,HB tick=304573 exp_id=198 t_ms=22956 run=1 ts=20.000 as=15.500 ta=0.000 aa=8.094 se=4.500 so=2.015 ae=-8.094 ao=-7.000 pwm=13 pc=2 hd=-4 y=1.484 yr=-5.931 L=0 R=6 OL=9 OR=17 el=12 er=19 ed=-7 dl=12 dr=19 cl=0 cr=0 ok=1254 fail=0 vofa=firewater rx=216 txdrop=0
1775033353.9923925,1775033353992392500,10664777570200,HB,304734,23116.0,1,-5.144,-18.353,11.0,19.0,-8.0,9.0,17.0,0.0,6.0,11.0,19.0,0,0,,HB tick=304734 exp_id=198 t_ms=23116 run=1 ts=20.000 as=15.000 ta=0.000 aa=1.484 se=5.000 so=2.073 ae=-1.484 ao=-7.000 pwm=13 pc=2 hd=-4 y=-5.144 yr=-18.353 L=0 R=6 OL=9 OR=17 el=11 er=19 ed=-8 dl=11 dr=19 cl=0 cr=0 ok=1255 fail=0 vofa=firewater rx=216 txdrop=0
1775033354.221692,1775033354221692100,10665006870000,HB,304966,23349.0,1,-15.397,-27.331,16.0,13.0,3.0,17.0,9.0,6.0,0.0,16.0,13.0,0,0,yaw_jump,HB tick=304966 exp_id=198 t_ms=23349 run=1 ts=20.000 as=14.500 ta=0.000 aa=-5.144 se=5.500 so=2.139 ae=5.144 ao=7.000 pwm=13 pc=2 hd=4 y=-15.397 yr=-27.331 L=6 R=0 OL=17 OR=9 el=16 er=13 ed=3 dl=16 dr=13 cl=0 cr=0 ok=1256 fail=0 vofa=firewater rx=216 txdrop=0
1775033354.430533,1775033354430532900,10665215710000,HB,305171,23554.0,1,-16.614,-19.844,18.0,12.0,6.0,17.0,9.0,6.0,0.0,18.0,12.0,0,0,,HB tick=305171 exp_id=198 t_ms=23554 run=1 ts=20.000 as=15.000 ta=0.000 aa=-15.397 se=5.000 so=2.102 ae=15.397 ao=7.000 pwm=13 pc=2 hd=4 y=-16.614 yr=-19.844 L=6 R=0 OL=17 OR=9 el=18 er=12 ed=6 dl=18 dr=12 cl=0 cr=0 ok=1257 fail=0 vofa=firewater rx=216 txdrop=0
1775033354.5866008,1775033354586600700,10665371778000,HB,305332,23714.0,1,-12.437,-3.761,19.0,12.0,7.0,17.0,9.0,6.0,0.0,19.0,12.0,0,0,,HB tick=305332 exp_id=198 t_ms=23714 run=1 ts=20.000 as=15.500 ta=0.000 aa=-16.614 se=4.500 so=2.060 ae=16.614 ao=7.000 pwm=13 pc=2 hd=4 y=-12.437 yr=-3.761 L=6 R=0 OL=17 OR=9 el=19 er=12 ed=7 dl=19 dr=12 cl=0 cr=0 ok=1258 fail=0 vofa=firewater rx=216 txdrop=0
1775033354.8167274,1775033354816727300,10665601904600,HB,305563,23946.0,1,-4.247,9.912,19.0,11.0,8.0,17.0,9.0,6.0,0.0,19.0,11.0,0,0,yaw_jump,HB tick=305563 exp_id=198 t_ms=23946 run=1 ts=20.000 as=15.000 ta=0.000 aa=-12.437 se=5.000 so=2.123 ae=12.437 ao=7.000 pwm=13 pc=2 hd=4 y=-4.247 yr=9.912 L=6 R=0 OL=17 OR=9 el=19 er=11 ed=8 dl=19 dr=11 cl=0 cr=0 ok=1259 fail=0 vofa=firewater rx=216 txdrop=0
1775033355.03627,1775033355036269700,10665821447700,HB,305773,24156.0,1,7.717,26.382,20.0,10.0,10.0,17.0,9.0,6.0,0.0,20.0,10.0,0,0,yaw_jump,HB tick=305773 exp_id=198 t_ms=24156 run=1 ts=20.000 as=15.000 ta=0.000 aa=-4.247 se=5.000 so=2.135 ae=4.247 ao=7.000 pwm=13 pc=2 hd=4 y=7.717 yr=26.382 L=6 R=0 OL=17 OR=9 el=20 er=10 ed=10 dl=20 dr=10 cl=0 cr=0 ok=1260 fail=0 vofa=firewater rx=216 txdrop=0
1775033355.1916425,1775033355191642500,10665976819800,HB,305933,24316.0,1,16.954,37.354,13.0,16.0,-3.0,9.0,17.0,0.0,6.0,13.0,16.0,0,0,yaw_jump,HB tick=305933 exp_id=198 t_ms=24316 run=1 ts=20.000 as=14.500 ta=0.000 aa=7.717 se=5.500 so=2.195 ae=-7.717 ao=-7.000 pwm=13 pc=2 hd=-4 y=16.954 yr=37.354 L=0 R=6 OL=9 OR=17 el=13 er=16 ed=-3 dl=13 dr=16 cl=0 cr=0 ok=1261 fail=0 vofa=firewater rx=216 txdrop=0
1775033355.4210682,1775033355421068200,10666206245200,HB,306165,24548.0,1,22.621,32.83,12.0,20.0,-8.0,9.0,17.0,0.0,6.0,12.0,20.0,0,0,,HB tick=306165 exp_id=198 t_ms=24548 run=1 ts=20.000 as=16.000 ta=0.000 aa=16.954 se=4.000 so=2.059 ae=-16.954 ao=-7.000 pwm=13 pc=2 hd=-4 y=22.621 yr=32.830 L=0 R=6 OL=9 OR=17 el=12 er=20 ed=-8 dl=12 dr=20 cl=0 cr=0 ok=1262 fail=0 vofa=firewater rx=216 txdrop=0
1775033355.6286643,1775033355628664300,10666413841900,HB,306370,24753.0,1,14.281,7.1,11.0,20.0,-9.0,9.0,17.0,0.0,6.0,11.0,20.0,0,0,yaw_jump,HB tick=306370 exp_id=198 t_ms=24753 run=1 ts=20.000 as=15.500 ta=0.000 aa=22.621 se=4.500 so=2.121 ae=-22.621 ao=-7.000 pwm=13 pc=2 hd=-4 y=14.281 yr=7.100 L=0 R=6 OL=9 OR=17 el=11 er=20 ed=-9 dl=11 dr=20 cl=0 cr=0 ok=1263 fail=0 vofa=firewater rx=216 txdrop=0
1775033355.7841077,1775033355784107800,10666569285000,HB,306531,24914.0,1,7.172,-10.838,11.0,20.0,-9.0,9.0,17.0,0.0,6.0,11.0,20.0,0,0,,HB tick=306531 exp_id=198 t_ms=24914 run=1 ts=20.000 as=15.500 ta=0.000 aa=14.281 se=4.500 so=2.129 ae=-14.281 ao=-7.000 pwm=13 pc=2 hd=-4 y=7.172 yr=-10.838 L=0 R=6 OL=9 OR=17 el=11 er=20 ed=-9 dl=11 dr=20 cl=0 cr=0 ok=1264 fail=0 vofa=firewater rx=216 txdrop=0
1775033356.0231025,1775033356023102500,10666808279600,HB,306763,25146.0,1,-2.724,-21.975,10.0,21.0,-11.0,9.0,17.0,0.0,6.0,10.0,21.0,0,0,yaw_jump,HB tick=306763 exp_id=198 t_ms=25146 run=1 ts=20.000 as=15.500 ta=0.000 aa=7.172 se=4.500 so=2.140 ae=-7.172 ao=-7.000 pwm=13 pc=2 hd=-4 y=-2.724 yr=-21.975 L=0 R=6 OL=9 OR=17 el=10 er=21 ed=-11 dl=10 dr=21 cl=0 cr=0 ok=1265 fail=0 vofa=firewater rx=216 txdrop=0
1775033356.2205787,1775033356220578600,10667005755900,HB,306968,25351.0,1,-16.232,-37.345,16.0,12.0,4.0,17.0,9.0,6.0,0.0,16.0,12.0,0,0,yaw_jump,HB tick=306968 exp_id=198 t_ms=25351 run=1 ts=20.000 as=14.000 ta=0.000 aa=-2.724 se=6.000 so=2.303 ae=2.724 ao=7.000 pwm=13 pc=2 hd=4 y=-16.232 yr=-37.345 L=6 R=0 OL=17 OR=9 el=16 er=12 ed=4 dl=16 dr=12 cl=0 cr=0 ok=1266 fail=0 vofa=firewater rx=216 txdrop=0
1775033356.4419127,1775033356441912700,10667227089900,HB,307190,25573.0,1,-13.62,-20.157,19.0,13.0,6.0,17.0,9.0,6.0,0.0,19.0,13.0,0,0,,HB tick=307190 exp_id=198 t_ms=25573 run=1 ts=20.000 as=16.000 ta=0.000 aa=-16.232 se=4.000 so=2.117 ae=16.232 ao=7.000 pwm=13 pc=2 hd=4 y=-13.620 yr=-20.157 L=6 R=0 OL=17 OR=9 el=19 er=13 ed=6 dl=19 dr=13 cl=0 cr=0 ok=1267 fail=0 vofa=firewater rx=216 txdrop=0
1775033356.6515927,1775033356651592800,10667436770300,HB,307390,25773.0,1,-11.439,-9.267,21.0,12.0,9.0,17.0,9.0,6.0,0.0,21.0,12.0,0,0,,HB tick=307390 exp_id=198 t_ms=25773 run=1 ts=20.000 as=16.500 ta=0.000 aa=-13.620 se=3.500 so=2.077 ae=13.620 ao=7.000 pwm=13 pc=2 hd=4 y=-11.439 yr=-9.267 L=6 R=0 OL=17 OR=9 el=21 er=12 ed=9 dl=21 dr=12 cl=0 cr=0 ok=1268 fail=0 vofa=firewater rx=216 txdrop=0
1775033356.8079033,1775033356807903200,10667593081800,HB,307550,25933.0,1,-4.424,9.228,20.0,11.0,9.0,17.0,9.0,6.0,0.0,20.0,11.0,0,0,,HB tick=307550 exp_id=198 t_ms=25933 run=1 ts=20.000 as=15.500 ta=0.000 aa=-11.439 se=4.500 so=2.184 ae=11.439 ao=7.000 pwm=13 pc=2 hd=4 y=-4.424 yr=9.228 L=6 R=0 OL=17 OR=9 el=20 er=11 ed=9 dl=20 dr=11 cl=0 cr=0 ok=1269 fail=0 vofa=firewater rx=216 txdrop=0
1775033357.036907,1775033357036907100,10667822084600,HB,307783,26166.0,1,6.21,21.971,21.0,10.0,11.0,17.0,9.0,6.0,0.0,21.0,10.0,0,0,yaw_jump,HB tick=307783 exp_id=198 t_ms=26166 run=1 ts=20.000 as=15.500 ta=0.000 aa=-4.424 se=4.500 so=2.196 ae=4.424 ao=7.000 pwm=13 pc=2 hd=4 y=6.210 yr=21.971 L=6 R=0 OL=17 OR=9 el=21 er=10 ed=11 dl=21 dr=10 cl=0 cr=0 ok=1270 fail=0 vofa=firewater rx=216 txdrop=0
1775033357.2461002,1775033357246100300,10668031277500,HB,307987,26370.0,1,20.213,38.306,13.0,16.0,-3.0,9.0,17.0,0.0,6.0,13.0,16.0,0,0,yaw_jump,HB tick=307987 exp_id=198 t_ms=26370 run=1 ts=20.000 as=14.500 ta=0.000 aa=6.210 se=5.500 so=2.309 ae=-6.210 ao=-7.000 pwm=13 pc=2 hd=-4 y=20.213 yr=38.306 L=0 R=6 OL=9 OR=17 el=13 er=16 ed=-3 dl=13 dr=16 cl=0 cr=0 ok=1271 fail=0 vofa=firewater rx=216 txdrop=0
1775033357.4523895,1775033357452389400,10668237567000,HB,308192,26575.0,1,22.701,29.148,11.0,19.0,-8.0,9.0,17.0,0.0,6.0,11.0,19.0,0,0,,HB tick=308192 exp_id=198 t_ms=26575 run=1 ts=20.000 as=15.000 ta=0.000 aa=20.213 se=5.000 so=2.272 ae=-20.213 ao=-7.000 pwm=13 pc=2 hd=-4 y=22.701 yr=29.148 L=0 R=6 OL=9 OR=17 el=11 er=19 ed=-8 dl=11 dr=19 cl=0 cr=0 ok=1272 fail=0 vofa=firewater rx=216 txdrop=0
1775033357.6492124,1775033357649212300,10668434390900,HB,308397,26780.0,1,15.994,7.494,12.0,20.0,-8.0,9.0,17.0,0.0,6.0,12.0,20.0,0,0,,HB tick=308397 exp_id=198 t_ms=26780 run=1 ts=20.000 as=16.000 ta=0.000 aa=22.701 se=4.000 so=2.182 ae=-22.701 ao=-7.000 pwm=13 pc=2 hd=-4 y=15.994 yr=7.494 L=0 R=6 OL=9 OR=17 el=12 er=20 ed=-8 dl=12 dr=20 cl=0 cr=0 ok=1273 fail=0 vofa=firewater rx=216 txdrop=0
1775033357.8569012,1775033357856901000,10668642078300,HB,308602,26985.0,1,7.139,-10.246,11.0,20.0,-9.0,9.0,17.0,0.0,6.0,11.0,20.0,0,0,yaw_jump,HB tick=308602 exp_id=198 t_ms=26985 run=1 ts=20.000 as=15.500 ta=0.000 aa=15.994 se=4.500 so=2.243 ae=-15.994 ao=-7.000 pwm=13 pc=2 hd=-4 y=7.139 yr=-10.246 L=0 R=6 OL=9 OR=17 el=11 er=20 ed=-9 dl=11 dr=20 cl=0 cr=0 ok=1274 fail=0 vofa=firewater rx=216 txdrop=0
1775033358.025587,1775033358025587100,10668810765100,HB,308767,27150.0,1,-0.628,-23.136,12.0,21.0,-9.0,9.0,17.0,0.0,6.0,12.0,21.0,0,0,,HB tick=308767 exp_id=198 t_ms=27150 run=1 ts=20.000 as=16.500 ta=0.000 aa=7.139 se=3.500 so=2.151 ae=-7.139 ao=-7.000 pwm=13 pc=2 hd=-4 y=-0.628 yr=-23.136 L=0 R=6 OL=9 OR=17 el=12 er=21 ed=-9 dl=12 dr=21 cl=0 cr=0 ok=1275 fail=0 vofa=firewater rx=216 txdrop=0
1775033358.2540245,1775033358254024500,10669039207400,HB,308999,27382.0,1,-12.481,-32.92,17.0,13.0,4.0,17.0,9.0,6.0,0.0,17.0,13.0,0,0,yaw_jump,HB tick=308999 exp_id=198 t_ms=27382 run=1 ts=20.000 as=15.000 ta=0.000 aa=-0.628 se=5.000 so=2.314 ae=0.628 ao=7.000 pwm=13 pc=2 hd=4 y=-12.481 yr=-32.920 L=6 R=0 OL=17 OR=9 el=17 er=13 ed=4 dl=17 dr=13 cl=0 cr=0 ok=1276 fail=0 vofa=firewater rx=216 txdrop=0
1775033358.4605987,1775033358460598700,10669245776300,HB,309208,27591.0,1,-12.732,-21.818,20.0,13.0,7.0,17.0,9.0,6.0,0.0,20.0,13.0,0,0,,HB tick=309208 exp_id=198 t_ms=27591 run=1 ts=20.000 as=16.500 ta=0.000 aa=-12.481 se=3.500 so=2.177 ae=12.481 ao=7.000 pwm=13 pc=2 hd=4 y=-12.732 yr=-21.818 L=6 R=0 OL=17 OR=9 el=20 er=13 ed=7 dl=20 dr=13 cl=0 cr=0 ok=1277 fail=0 vofa=firewater rx=216 txdrop=0
1775033358.6303086,1775033358630308700,10669415485900,HB,309369,27752.0,1,-7.127,-1.998,20.0,12.0,8.0,17.0,9.0,6.0,0.0,20.0,12.0,0,0,,HB tick=309369 exp_id=198 t_ms=27752 run=1 ts=20.000 as=16.000 ta=0.000 aa=-12.732 se=4.000 so=2.235 ae=12.732 ao=7.000 pwm=13 pc=2 hd=4 y=-7.127 yr=-1.998 L=6 R=0 OL=17 OR=9 el=20 er=12 ed=8 dl=20 dr=12 cl=0 cr=0 ok=1278 fail=0 vofa=firewater rx=216 txdrop=0
1775033358.8581173,1775033358858117400,10669643294900,HB,309602,27984.0,1,2.32,12.954,19.0,11.0,8.0,17.0,9.0,6.0,0.0,19.0,11.0,0,0,yaw_jump,HB tick=309602 exp_id=198 t_ms=27984 run=1 ts=20.000 as=15.000 ta=0.000 aa=-7.127 se=5.000 so=2.347 ae=7.127 ao=7.000 pwm=13 pc=2 hd=4 y=2.320 yr=12.954 L=6 R=0 OL=17 OR=9 el=19 er=11 ed=8 dl=19 dr=11 cl=0 cr=0 ok=1279 fail=0 vofa=firewater rx=216 txdrop=0
1775033359.0646887,1775033359064688700,10669849865800,HB,309811,28194.0,1,15.238,29.95,13.0,16.0,-3.0,9.0,17.0,0.0,6.0,13.0,16.0,0,0,yaw_jump,HB tick=309811 exp_id=198 t_ms=28194 run=1 ts=20.000 as=14.500 ta=0.000 aa=2.320 se=5.500 so=2.410 ae=-2.320 ao=-7.000 pwm=13 pc=2 hd=-4 y=15.238 yr=29.950 L=0 R=6 OL=9 OR=17 el=13 er=16 ed=-3 dl=13 dr=16 cl=0 cr=0 ok=1280 fail=0 vofa=firewater rx=216 txdrop=0
1775033359.2724814,1775033359272481500,10670057659300,HB,310015,28398.0,1,15.915,20.629,9.0,19.0,-10.0,9.0,17.0,0.0,6.0,9.0,19.0,0,0,,HB tick=310015 exp_id=198 t_ms=28398 run=1 ts=20.000 as=14.000 ta=0.000 aa=15.238 se=6.000 so=2.474 ae=-15.238 ao=-7.000 pwm=13 pc=2 hd=-4 y=15.915 yr=20.629 L=0 R=6 OL=9 OR=17 el=9 er=19 ed=-10 dl=9 dr=19 cl=0 cr=0 ok=1281 fail=0 vofa=firewater rx=216 txdrop=0
1775033359.4794106,1775033359479410700,10670264588400,HB,310221,28603.0,1,7.303,-1.294,11.0,20.0,-9.0,9.0,17.0,0.0,6.0,11.0,20.0,0,0,yaw_jump,HB tick=310221 exp_id=198 t_ms=28603 run=1 ts=20.000 as=15.500 ta=0.000 aa=15.915 se=4.500 so=2.335 ae=-15.915 ao=-7.000 pwm=13 pc=2 hd=-4 y=7.303 yr=-1.294 L=0 R=6 OL=9 OR=17 el=11 er=20 ed=-9 dl=11 dr=20 cl=0 cr=0 ok=1282 fail=0 vofa=firewater rx=216 txdrop=0
1775033359.6448693,1775033359644869400,10670430046700,HB,310385,28768.0,1,-1.684,-19.905,9.0,19.0,-10.0,9.0,17.0,0.0,6.0,9.0,19.0,0,0,yaw_jump,HB tick=310385 exp_id=198 t_ms=28768 run=1 ts=20.000 as=14.000 ta=0.000 aa=7.303 se=6.000 so=2.495 ae=-7.303 ao=-7.000 pwm=13 pc=2 hd=-4 y=-1.684 yr=-19.905 L=0 R=6 OL=9 OR=17 el=9 er=19 ed=-10 dl=9 dr=19 cl=0 cr=0 ok=1283 fail=0 vofa=firewater rx=216 txdrop=0
1775033359.8726892,1775033359872689100,10670657866200,HB,310618,29001.0,1,-14.586,-32.32,16.0,13.0,3.0,17.0,9.0,6.0,0.0,16.0,13.0,0,0,yaw_jump,HB tick=310618 exp_id=198 t_ms=29001 run=1 ts=20.000 as=14.500 ta=0.000 aa=-1.684 se=5.500 so=2.461 ae=1.684 ao=7.000 pwm=13 pc=2 hd=4 y=-14.586 yr=-32.320 L=6 R=0 OL=17 OR=9 el=16 er=13 ed=3 dl=16 dr=13 cl=0 cr=0 ok=1284 fail=0 vofa=firewater rx=216 txdrop=0
1775033360.105938,1775033360105938000,10670891115500,HB,310843,29226.0,1,-11.816,-16.698,18.0,12.0,6.0,17.0,9.0,6.0,0.0,18.0,12.0,0,0,,HB tick=310843 exp_id=198 t_ms=29226 run=1 ts=20.000 as=15.000 ta=0.000 aa=-14.586 se=5.000 so=2.425 ae=14.586 ao=7.000 pwm=13 pc=2 hd=4 y=-11.816 yr=-16.698 L=6 R=0 OL=17 OR=9 el=18 er=12 ed=6 dl=18 dr=12 cl=0 cr=0 ok=1285 fail=0 vofa=firewater rx=216 txdrop=0
1775033360.253479,1775033360253479000,10671038657300,HB,311000,29383.0,1,-10.385,-7.664,18.0,12.0,6.0,17.0,9.0,6.0,0.0,18.0,12.0,0,0,,HB tick=311000 exp_id=198 t_ms=29383 run=1 ts=20.000 as=15.000 ta=0.000 aa=-11.816 se=5.000 so=2.434 ae=11.816 ao=7.000 pwm=13 pc=2 hd=4 y=-10.385 yr=-7.664 L=6 R=0 OL=17 OR=9 el=18 er=12 ed=6 dl=18 dr=12 cl=0 cr=0 ok=1286 fail=0 vofa=firewater rx=216 txdrop=0
1775033360.4921694,1775033360492169400,10671277347800,HB,311232,29615.0,1,-2.869,6.358,20.0,11.0,9.0,17.0,9.0,6.0,0.0,20.0,11.0,0,0,,HB tick=311232 exp_id=198 t_ms=29615 run=1 ts=20.000 as=15.500 ta=0.000 aa=-10.385 se=4.500 so=2.397 ae=10.385 ao=7.000 pwm=13 pc=2 hd=4 y=-2.869 yr=6.358 L=6 R=0 OL=17 OR=9 el=20 er=11 ed=9 dl=20 dr=11 cl=0 cr=0 ok=1287 fail=0 vofa=firewater rx=216 txdrop=0
1775033360.6485798,1775033360648579800,10671433757800,HB,311393,29776.0,1,6.079,23.585,20.0,11.0,9.0,17.0,9.0,6.0,0.0,20.0,11.0,0,0,yaw_jump,HB tick=311393 exp_id=198 t_ms=29776 run=1 ts=20.000 as=15.500 ta=0.000 aa=-2.869 se=4.500 so=2.406 ae=2.869 ao=7.000 pwm=13 pc=2 hd=4 y=6.079 yr=23.585 L=6 R=0 OL=17 OR=9 el=20 er=11 ed=9 dl=20 dr=11 cl=0 cr=0 ok=1288 fail=0 vofa=firewater rx=216 txdrop=0
1775033360.8867881,1775033360886788200,10671671965300,HB,311625,30008.0,1,17.122,31.989,12.0,18.0,-6.0,9.0,17.0,0.0,6.0,12.0,18.0,0,0,yaw_jump,HB tick=311625 exp_id=198 t_ms=30008 run=1 ts=20.000 as=15.000 ta=0.000 aa=6.079 se=5.000 so=2.470 ae=-6.079 ao=-7.000 pwm=13 pc=2 hd=-4 y=17.122 yr=31.989 L=0 R=6 OL=9 OR=17 el=12 er=18 ed=-6 dl=12 dr=18 cl=0 cr=0 ok=1289 fail=0 vofa=firewater rx=216 txdrop=0
1775033361.0841982,1775033361084198100,10671869375400,HB,311830,30213.0,1,18.025,22.335,12.0,18.0,-6.0,9.0,17.0,0.0,6.0,12.0,18.0,0,0,,HB tick=311830 exp_id=198 t_ms=30213 run=1 ts=20.000 as=15.000 ta=0.000 aa=17.122 se=5.000 so=2.482 ae=-17.122 ao=-7.000 pwm=13 pc=2 hd=-4 y=18.025 yr=22.335 L=0 R=6 OL=9 OR=17 el=12 er=18 ed=-6 dl=12 dr=18 cl=0 cr=0 ok=1290 fail=0 vofa=firewater rx=216 txdrop=0
1775033361.3035667,1775033361303566500,10672088743800,HB,312051,30434.0,1,3.925,-7.812,12.0,19.0,-7.0,9.0,17.0,0.0,6.0,12.0,19.0,0,0,yaw_jump,HB tick=312051 exp_id=198 t_ms=30434 run=1 ts=20.000 as=15.500 ta=0.000 aa=18.025 se=4.500 so=2.444 ae=-18.025 ao=-7.000 pwm=13 pc=2 hd=-4 y=3.925 yr=-7.812 L=0 R=6 OL=9 OR=17 el=12 er=19 ed=-7 dl=12 dr=19 cl=0 cr=0 ok=1291 fail=0 vofa=firewater rx=216 txdrop=0
1775033361.510453,1775033361510452900,10672295630300,HB,312252,30635.0,1,1.219,-9.79,12.0,20.0,-8.0,9.0,17.0,0.0,6.0,12.0,20.0,0,0,,HB tick=312252 exp_id=198 t_ms=30635 run=1 ts=20.000 as=16.000 ta=0.000 aa=3.925 se=4.000 so=2.404 ae=-3.925 ao=-7.000 pwm=13 pc=2 hd=-4 y=1.219 yr=-9.790 L=0 R=6 OL=9 OR=17 el=12 er=20 ed=-8 dl=12 dr=20 cl=0 cr=0 ok=1292 fail=0 vofa=firewater rx=216 txdrop=0
1775033361.6658647,1775033361665864700,10672451041900,HB,312412,30795.0,1,-6.943,-24.219,11.0,20.0,-9.0,9.0,17.0,0.0,6.0,11.0,20.0,0,0,yaw_jump,HB tick=312412 exp_id=198 t_ms=30795 run=1 ts=20.000 as=15.500 ta=0.000 aa=1.219 se=4.500 so=2.462 ae=-1.219 ao=-6.953 pwm=13 pc=2 hd=-4 y=-6.943 yr=-24.219 L=0 R=6 OL=9 OR=17 el=11 er=20 ed=-9 dl=11 dr=20 cl=0 cr=0 ok=1293 fail=0 vofa=firewater rx=216 txdrop=0
1775033361.9038737,1775033361903873800,10672689052700,HB,312645,31028.0,1,-17.775,-32.013,18.0,13.0,5.0,17.0,9.0,6.0,0.0,18.0,13.0,0,0,yaw_jump,HB tick=312645 exp_id=198 t_ms=31028 run=1 ts=20.000 as=15.500 ta=0.000 aa=-6.943 se=4.500 so=2.476 ae=6.943 ao=7.000 pwm=13 pc=2 hd=4 y=-17.775 yr=-32.013 L=6 R=0 OL=17 OR=9 el=18 er=13 ed=5 dl=18 dr=13 cl=0 cr=0 ok=1294 fail=0 vofa=firewater rx=216 txdrop=0
1775033362.1018105,1775033362101810400,10672886988000,HB,312850,31233.0,1,-19.68,-24.062,19.0,13.0,6.0,17.0,9.0,6.0,0.0,19.0,13.0,0,0,,HB tick=312850 exp_id=198 t_ms=31233 run=1 ts=20.000 as=16.000 ta=0.000 aa=-17.775 se=4.000 so=2.437 ae=17.775 ao=7.000 pwm=13 pc=2 hd=4 y=-19.680 yr=-24.062 L=6 R=0 OL=17 OR=9 el=19 er=13 ed=6 dl=19 dr=13 cl=0 cr=0 ok=1295 fail=0 vofa=firewater rx=216 txdrop=0
1775033362.3109336,1775033362310933500,10673096110800,HB,313055,31438.0,1,-13.504,-5.096,20.0,11.0,9.0,17.0,9.0,6.0,0.0,20.0,11.0,0,0,,HB tick=313055 exp_id=198 t_ms=31438 run=1 ts=20.000 as=15.500 ta=0.000 aa=-19.680 se=4.500 so=2.497 ae=19.680 ao=7.000 pwm=13 pc=2 hd=4 y=-13.504 yr=-5.096 L=6 R=0 OL=17 OR=9 el=20 er=11 ed=9 dl=20 dr=11 cl=0 cr=0 ok=1296 fail=0 vofa=firewater rx=216 txdrop=0
1775033362.5317988,1775033362531798700,10673316976000,HB,313276,31659.0,1,4.062,24.508,21.0,11.0,10.0,17.0,9.0,6.0,0.0,21.0,11.0,0,0,yaw_jump,HB tick=313276 exp_id=198 t_ms=31659 run=1 ts=20.000 as=16.000 ta=0.000 aa=-13.504 se=4.000 so=2.458 ae=13.504 ao=7.000 pwm=13 pc=2 hd=4 y=4.062 yr=24.508 L=6 R=0 OL=17 OR=9 el=21 er=11 ed=10 dl=21 dr=11 cl=0 cr=0 ok=1297 fail=0 vofa=firewater rx=216 txdrop=0
1775033362.7398975,1775033362739897700,10673525075800,HB,313476,31859.0,1,7.472,21.898,15.0,17.0,-2.0,9.0,17.0,0.0,6.0,15.0,17.0,0,0,,HB tick=313476 exp_id=198 t_ms=31859 run=1 ts=20.000 as=16.000 ta=0.000 aa=4.062 se=4.000 so=2.469 ae=-4.062 ao=-7.000 pwm=13 pc=2 hd=-4 y=7.472 yr=21.898 L=0 R=6 OL=9 OR=17 el=15 er=17 ed=-2 dl=15 dr=17 cl=0 cr=0 ok=1298 fail=0 vofa=firewater rx=216 txdrop=0
1775033362.9366562,1775033362936656100,10673721833900,HB,313685,32068.0,1,10.976,20.101,12.0,20.0,-8.0,9.0,17.0,0.0,6.0,12.0,20.0,0,0,,HB tick=313685 exp_id=198 t_ms=32068 run=1 ts=20.000 as=16.000 ta=0.000 aa=7.472 se=4.000 so=2.480 ae=-7.472 ao=-7.000 pwm=13 pc=2 hd=-4 y=10.976 yr=20.101 L=0 R=6 OL=9 OR=17 el=12 er=20 ed=-8 dl=12 dr=20 cl=0 cr=0 ok=1299 fail=0 vofa=firewater rx=216 txdrop=0
1775033363.1469567,1775033363146956700,10673932134100,HB,313891,32274.0,1,4.693,2.391,12.0,19.0,-7.0,10.0,18.0,0.0,7.0,12.0,19.0,0,0,,HB tick=313891 exp_id=198 t_ms=32274 run=1 ts=20.000 as=15.500 ta=0.000 aa=10.976 se=4.500 so=2.541 ae=-10.976 ao=-7.000 pwm=14 pc=3 hd=-4 y=4.693 yr=2.391 L=0 R=7 OL=10 OR=18 el=12 er=19 ed=-7 dl=12 dr=19 cl=0 cr=0 ok=1300 fail=0 vofa=firewater rx=216 txdrop=0
1775033363.3558824,1775033363355882400,10674141059500,HB,314096,32479.0,1,-4.339,-13.942,12.0,21.0,-9.0,17.0,9.0,6.0,0.0,12.0,21.0,0,0,yaw_jump,HB tick=314096 exp_id=198 t_ms=32479 run=1 ts=20.000 as=16.500 ta=0.000 aa=-4.339 se=3.500 so=2.451 ae=4.339 ao=7.000 pwm=13 pc=2 hd=4 y=-4.339 yr=-13.942 L=6 R=0 OL=17 OR=9 el=12 er=21 ed=-9 dl=12 dr=21 cl=0 cr=0 ok=1301 fail=0 vofa=firewater rx=216 txdrop=0
1775033363.5754268,1775033363575426800,10674360605700,HB,314323,32706.0,1,-15.629,-26.394,18.0,14.0,4.0,18.0,10.0,7.0,0.0,18.0,14.0,0,0,yaw_jump,HB tick=314323 exp_id=198 t_ms=32706 run=1 ts=20.000 as=16.000 ta=0.000 aa=-4.339 se=4.000 so=2.513 ae=4.339 ao=7.000 pwm=14 pc=3 hd=4 y=-15.629 yr=-26.394 L=7 R=0 OL=18 OR=10 el=18 er=14 ed=4 dl=18 dr=14 cl=0 cr=0 ok=1302 fail=0 vofa=firewater rx=216 txdrop=0
1775033363.7823925,1775033363782392500,10674567572000,HB,314523,32906.0,1,-14.124,-14.523,19.0,13.0,6.0,18.0,10.0,7.0,0.0,19.0,13.0,0,0,,HB tick=314523 exp_id=198 t_ms=32906 run=1 ts=20.000 as=16.000 ta=0.000 aa=-15.629 se=4.000 so=2.522 ae=15.629 ao=7.000 pwm=14 pc=3 hd=4 y=-14.124 yr=-14.523 L=7 R=0 OL=18 OR=10 el=19 er=13 ed=6 dl=19 dr=13 cl=0 cr=0 ok=1303 fail=0 vofa=firewater rx=216 txdrop=0
1775033363.9384599,1775033363938460000,10674723644400,HB,314685,33067.0,1,-8.544,2.691,21.0,12.0,9.0,17.0,9.0,6.0,0.0,21.0,12.0,0,0,,HB tick=314685 exp_id=198 t_ms=33067 run=1 ts=20.000 as=16.500 ta=0.000 aa=-14.124 se=3.500 so=2.480 ae=14.124 ao=7.000 pwm=13 pc=2 hd=4 y=-8.544 yr=2.691 L=6 R=0 OL=17 OR=9 el=21 er=12 ed=9 dl=21 dr=12 cl=0 cr=0 ok=1304 fail=0 vofa=firewater rx=216 txdrop=0
1775033364.1251273,1775033364125127300,10674910305000,HB,314873,33256.0,1,-6.901,4.793,21.0,11.0,10.0,18.0,10.0,7.0,0.0,21.0,11.0,0,0,,HB tick=314873 exp_id=198 t_ms=33256 run=1 ts=20.000 as=16.000 ta=0.000 aa=-8.544 se=4.000 so=2.538 ae=8.544 ao=7.000 pwm=14 pc=3 hd=4 y=-6.901 yr=4.793 L=7 R=0 OL=18 OR=10 el=21 er=11 ed=10 dl=21 dr=11 cl=0 cr=0 ok=1305 fail=0 vofa=firewater rx=216 txdrop=0
1775033364.364415,1775033364364414900,10675149592200,HB,315105,33488.0,1,10.333,29.114,21.0,11.0,10.0,18.0,10.0,7.0,0.0,21.0,11.0,0,0,yaw_jump,HB tick=315105 exp_id=198 t_ms=33488 run=1 ts=20.000 as=16.000 ta=0.000 aa=-6.901 se=4.000 so=2.549 ae=6.901 ao=7.000 pwm=14 pc=3 hd=4 y=10.333 yr=29.114 L=7 R=0 OL=18 OR=10 el=21 er=11 ed=10 dl=21 dr=11 cl=0 cr=0 ok=1306 fail=0 vofa=firewater rx=216 txdrop=0
1775033364.5636191,1775033364563619000,10675348796200,HB,315310,33693.0,1,23.549,41.489,13.0,18.0,-5.0,10.0,18.0,0.0,7.0,13.0,18.0,0,0,yaw_jump,HB tick=315310 exp_id=198 t_ms=33693 run=1 ts=20.000 as=15.500 ta=0.000 aa=10.333 se=4.500 so=2.610 ae=-10.333 ao=-7.000 pwm=14 pc=3 hd=-4 y=23.549 yr=41.489 L=0 R=7 OL=10 OR=18 el=13 er=18 ed=-5 dl=13 dr=18 cl=0 cr=0 ok=1307 fail=0 vofa=firewater rx=216 txdrop=0
1775033364.7723296,1775033364772329600,10675557507200,HB,315515,33898.0,1,24.599,28.761,13.0,18.0,-5.0,10.0,18.0,0.0,7.0,13.0,18.0,0,0,,HB tick=315515 exp_id=198 t_ms=33898 run=1 ts=20.000 as=15.500 ta=0.000 aa=23.549 se=4.500 so=2.620 ae=-23.549 ao=-7.000 pwm=14 pc=3 hd=-4 y=24.599 yr=28.761 L=0 R=7 OL=10 OR=18 el=13 er=18 ed=-5 dl=13 dr=18 cl=0 cr=0 ok=1308 fail=0 vofa=firewater rx=216 txdrop=0
1775033364.9798706,1775033364979870500,10675765047800,HB,315725,34108.0,1,19.08,9.495,11.0,21.0,-10.0,10.0,18.0,0.0,7.0,11.0,21.0,0,0,,HB tick=315725 exp_id=198 t_ms=34108 run=1 ts=20.000 as=16.000 ta=0.000 aa=24.599 se=4.000 so=2.579 ae=-24.599 ao=-7.000 pwm=14 pc=3 hd=-4 y=19.080 yr=9.495 L=0 R=7 OL=10 OR=18 el=11 er=21 ed=-10 dl=11 dr=21 cl=0 cr=0 ok=1309 fail=0 vofa=firewater rx=216 txdrop=0
1775033365.187281,1775033365187280900,10675972458200,HB,315930,34313.0,1,8.206,-12.393,11.0,21.0,-10.0,9.0,17.0,0.0,6.0,11.0,21.0,0,0,yaw_jump,HB tick=315930 exp_id=198 t_ms=34313 run=1 ts=20.000 as=16.000 ta=0.000 aa=19.080 se=4.000 so=2.589 ae=-19.080 ao=-7.000 pwm=13 pc=2 hd=-4 y=8.206 yr=-12.393 L=0 R=6 OL=9 OR=17 el=11 er=21 ed=-10 dl=11 dr=21 cl=0 cr=0 ok=1310 fail=0 vofa=firewater rx=216 txdrop=0
1775033365.4059076,1775033365405907800,10676191085200,HB,316151,34534.0,1,-12.046,-40.128,11.0,22.0,-11.0,10.0,18.0,0.0,7.0,11.0,22.0,0,0,yaw_jump,HB tick=316151 exp_id=198 t_ms=34534 run=1 ts=20.000 as=16.500 ta=0.000 aa=8.206 se=3.500 so=2.548 ae=-8.206 ao=-7.000 pwm=14 pc=3 hd=-4 y=-12.046 yr=-40.128 L=0 R=7 OL=10 OR=18 el=11 er=22 ed=-11 dl=11 dr=22 cl=0 cr=0 ok=1311 fail=0 vofa=firewater rx=216 txdrop=0
1775033365.604381,1775033365604381100,10676389558200,HB,316351,34734.0,1,-15.671,-32.428,18.0,14.0,4.0,18.0,10.0,7.0,0.0,18.0,14.0,0,0,,HB tick=316351 exp_id=198 t_ms=34734 run=1 ts=20.000 as=16.000 ta=0.000 aa=-12.046 se=4.000 so=2.608 ae=12.046 ao=7.000 pwm=14 pc=3 hd=4 y=-15.671 yr=-32.428 L=7 R=0 OL=18 OR=10 el=18 er=14 ed=4 dl=18 dr=14 cl=0 cr=0 ok=1312 fail=0 vofa=firewater rx=216 txdrop=0
1775033365.7707105,1775033365770710500,10676555888900,HB,316513,34896.0,1,-18.893,-28.039,19.0,13.0,6.0,18.0,10.0,7.0,0.0,19.0,13.0,0,0,,HB tick=316513 exp_id=198 t_ms=34896 run=1 ts=20.000 as=16.000 ta=0.000 aa=-15.671 se=4.000 so=2.616 ae=15.671 ao=7.000 pwm=14 pc=3 hd=4 y=-18.893 yr=-28.039 L=7 R=0 OL=18 OR=10 el=19 er=13 ed=6 dl=19 dr=13 cl=0 cr=0 ok=1313 fail=0 vofa=firewater rx=216 txdrop=0
1775033365.9988456,1775033365998845700,10676784023000,HB,316745,35128.0,1,-13.678,-10.358,21.0,13.0,8.0,18.0,10.0,7.0,0.0,21.0,13.0,0,0,,HB tick=316745 exp_id=198 t_ms=35128 run=1 ts=20.000 as=17.000 ta=0.000 aa=-18.893 se=3.000 so=2.526 ae=18.893 ao=7.000 pwm=14 pc=3 hd=4 y=-13.678 yr=-10.358 L=7 R=0 OL=18 OR=10 el=21 er=13 ed=8 dl=21 dr=13 cl=0 cr=0 ok=1314 fail=0 vofa=firewater rx=216 txdrop=0
1775033366.2062624,1775033366206262400,10676991439800,HB,316950,35333.0,1,-3.777,10.171,21.0,12.0,9.0,18.0,10.0,7.0,0.0,21.0,12.0,0,0,yaw_jump,HB tick=316950 exp_id=198 t_ms=35333 run=1 ts=20.000 as=16.500 ta=0.000 aa=-13.678 se=3.500 so=2.583 ae=13.678 ao=7.000 pwm=14 pc=3 hd=4 y=-3.777 yr=10.171 L=7 R=0 OL=18 OR=10 el=21 er=12 ed=9 dl=21 dr=12 cl=0 cr=0 ok=1315 fail=0 vofa=firewater rx=216 txdrop=0
1775033366.4145021,1775033366414502200,10677199679900,HB,317155,35538.0,1,6.053,23.395,21.0,13.0,8.0,18.0,10.0,7.0,0.0,21.0,13.0,0,0,yaw_jump,HB tick=317155 exp_id=198 t_ms=35538 run=1 ts=20.000 as=17.000 ta=0.000 aa=-3.777 se=3.000 so=2.541 ae=3.777 ao=7.000 pwm=14 pc=3 hd=4 y=6.053 yr=23.395 L=7 R=0 OL=18 OR=10 el=21 er=13 ed=8 dl=21 dr=13 cl=0 cr=0 ok=1316 fail=0 vofa=firewater rx=216 txdrop=0
1775033366.6208823,1775033366620882100,10677406059600,HB,317364,35747.0,1,17.447,34.287,14.0,16.0,-2.0,10.0,18.0,0.0,7.0,14.0,16.0,0,0,yaw_jump,HB tick=317364 exp_id=198 t_ms=35747 run=1 ts=20.000 as=15.000 ta=0.000 aa=6.053 se=5.000 so=2.752 ae=-6.053 ao=-7.000 pwm=14 pc=3 hd=-4 y=17.447 yr=34.287 L=0 R=7 OL=10 OR=18 el=14 er=16 ed=-2 dl=14 dr=16 cl=0 cr=0 ok=1317 fail=0 vofa=firewater rx=216 txdrop=0
1775033366.8420093,1775033366842009300,10677627186500,HB,317586,35969.0,1,14.83,18.161,14.0,20.0,-6.0,10.0,18.0,0.0,7.0,14.0,20.0,0,0,,HB tick=317586 exp_id=198 t_ms=35969 run=1 ts=20.000 as=17.000 ta=0.000 aa=17.447 se=3.000 so=2.561 ae=-17.447 ao=-7.000 pwm=14 pc=3 hd=-4 y=14.830 yr=18.161 L=0 R=7 OL=10 OR=18 el=14 er=20 ed=-6 dl=14 dr=20 cl=0 cr=0 ok=1318 fail=0 vofa=firewater rx=216 txdrop=0
1775033366.996857,1775033366996856900,10677782033800,HB,317742,36125.0,1,13.272,8.309,7.0,20.0,-13.0,10.0,18.0,0.0,7.0,7.0,20.0,0,0,,HB tick=317742 exp_id=198 t_ms=36125 run=1 ts=20.000 as=13.500 ta=0.000 aa=14.830 se=6.500 so=2.919 ae=-14.830 ao=-7.000 pwm=14 pc=3 hd=-4 y=13.272 yr=8.309 L=0 R=7 OL=10 OR=18 el=7 er=20 ed=-13 dl=7 dr=20 cl=0 cr=0 ok=1319 fail=0 vofa=firewater rx=216 txdrop=0
1775033367.238244,1775033367238244000,10678023421400,HB,317975,36358.0,1,3.869,-8.723,3.0,22.0,-19.0,10.0,18.0,0.0,7.0,3.0,22.0,0,0,yaw_jump,HB tick=317975 exp_id=198 t_ms=36358 run=1 ts=20.000 as=12.500 ta=0.000 aa=13.272 se=7.500 so=3.041 ae=-13.272 ao=-7.000 pwm=14 pc=3 hd=-4 y=3.869 yr=-8.723 L=0 R=7 OL=10 OR=18 el=3 er=22 ed=-19 dl=3 dr=22 cl=0 cr=0 ok=1320 fail=0 vofa=firewater rx=216 txdrop=0
1775033367.4363177,1775033367436317600,10678221494800,HB,318184,36567.0,1,-22.321,-49.53,11.0,23.0,-12.0,10.0,18.0,0.0,7.0,11.0,23.0,0,0,yaw_jump,HB tick=318184 exp_id=198 t_ms=36567 run=1 ts=20.000 as=17.000 ta=0.000 aa=3.869 se=3.000 so=2.605 ae=-3.869 ao=-7.000 pwm=14 pc=3 hd=-4 y=-22.321 yr=-49.530 L=0 R=7 OL=10 OR=18 el=11 er=23 ed=-12 dl=11 dr=23 cl=0 cr=0 ok=1321 fail=0 vofa=firewater rx=216 txdrop=0
1775033367.666378,1775033367666378000,10678451555100,HB,318405,36788.0,1,-44.15,-66.765,18.0,15.0,3.0,18.0,10.0,7.0,0.0,18.0,15.0,0,0,yaw_jump,HB tick=318405 exp_id=198 t_ms=36788 run=1 ts=20.000 as=16.500 ta=0.000 aa=-22.321 se=3.500 so=2.663 ae=22.321 ao=7.000 pwm=14 pc=3 hd=4 y=-44.150 yr=-66.765 L=7 R=0 OL=18 OR=10 el=18 er=15 ed=3 dl=18 dr=15 cl=0 cr=0 ok=1322 fail=0 vofa=firewater rx=216 txdrop=0
1775033367.8639884,1775033367863988600,10678649165700,HB,318605,36988.0,1,-42.584,-40.656,20.0,13.0,7.0,18.0,10.0,7.0,0.0,20.0,13.0,0,0,,HB tick=318605 exp_id=198 t_ms=36988 run=1 ts=20.000 as=16.500 ta=0.000 aa=-44.150 se=3.500 so=2.671 ae=44.150 ao=7.000 pwm=14 pc=3 hd=4 y=-42.584 yr=-40.656 L=7 R=0 OL=18 OR=10 el=20 er=13 ed=7 dl=20 dr=13 cl=0 cr=0 ok=1323 fail=0 vofa=firewater rx=216 txdrop=0
1775033368.0820754,1775033368082075400,10678867252400,HB,318826,37209.0,1,-28.227,-3.689,21.0,14.0,7.0,18.0,10.0,7.0,0.0,21.0,14.0,0,0,yaw_jump,HB tick=318826 exp_id=198 t_ms=37209 run=1 ts=20.000 as=17.500 ta=0.000 aa=-42.584 se=2.500 so=2.579 ae=42.584 ao=7.000 pwm=14 pc=3 hd=4 y=-28.227 yr=-3.689 L=7 R=0 OL=18 OR=10 el=21 er=14 ed=7 dl=21 dr=14 cl=0 cr=0 ok=1324 fail=0 vofa=firewater rx=216 txdrop=0
1775033368.2377367,1775033368237736600,10679022914200,HB,318982,37365.0,1,-26.332,1.853,21.0,14.0,7.0,18.0,10.0,7.0,0.0,21.0,14.0,0,0,,HB tick=318982 exp_id=198 t_ms=37365 run=1 ts=20.000 as=17.500 ta=0.000 aa=-28.227 se=2.500 so=2.584 ae=28.227 ao=7.000 pwm=14 pc=3 hd=4 y=-26.332 yr=1.853 L=7 R=0 OL=18 OR=10 el=21 er=14 ed=7 dl=21 dr=14 cl=0 cr=0 ok=1325 fail=0 vofa=firewater rx=216 txdrop=0
1775033368.4660137,1775033368466013700,10679251191100,HB,319214,37597.0,1,-17.33,14.785,21.0,11.0,10.0,18.0,10.0,7.0,0.0,21.0,11.0,0,0,yaw_jump,HB tick=319214 exp_id=198 t_ms=37597 run=1 ts=20.000 as=16.000 ta=0.000 aa=-26.332 se=4.000 so=2.743 ae=26.332 ao=7.000 pwm=14 pc=3 hd=4 y=-17.330 yr=14.785 L=7 R=0 OL=18 OR=10 el=21 er=11 ed=10 dl=21 dr=11 cl=0 cr=0 ok=1326 fail=0 vofa=firewater rx=216 txdrop=0
1775033368.6753001,1775033368675300200,10679460477600,HB,319424,37806.0,1,-4.715,30.737,22.0,13.0,9.0,18.0,10.0,7.0,0.0,22.0,13.0,0,0,yaw_jump,HB tick=319424 exp_id=198 t_ms=37806 run=1 ts=20.000 as=17.500 ta=0.000 aa=-17.330 se=2.500 so=2.601 ae=17.330 ao=7.000 pwm=14 pc=3 hd=4 y=-4.715 yr=30.737 L=7 R=0 OL=18 OR=10 el=22 er=13 ed=9 dl=22 dr=13 cl=0 cr=0 ok=1327 fail=0 vofa=firewater rx=216 txdrop=0
1775033368.841283,1775033368841283200,10679626460300,HB,319585,37967.0,1,4.1,39.141,22.0,12.0,10.0,18.0,10.0,7.0,0.0,22.0,12.0,0,0,yaw_jump,HB tick=319585 exp_id=198 t_ms=37967 run=1 ts=20.000 as=17.000 ta=0.000 aa=-4.715 se=3.000 so=2.657 ae=4.715 ao=7.000 pwm=14 pc=3 hd=4 y=4.100 yr=39.141 L=7 R=0 OL=18 OR=10 el=22 er=12 ed=10 dl=22 dr=12 cl=0 cr=0 ok=1328 fail=0 vofa=firewater rx=216 txdrop=0
1775033369.069303,1775033369069303100,10679854480600,HB,319817,38200.0,1,15.88,43.137,14.0,18.0,-4.0,10.0,18.0,0.0,7.0,14.0,18.0,0,0,yaw_jump,HB tick=319817 exp_id=198 t_ms=38200 run=1 ts=20.000 as=16.000 ta=0.000 aa=4.100 se=4.000 so=2.766 ae=-4.100 ao=-7.000 pwm=14 pc=3 hd=-4 y=15.880 yr=43.137 L=0 R=7 OL=10 OR=18 el=14 er=18 ed=-4 dl=14 dr=18 cl=0 cr=0 ok=1329 fail=0 vofa=firewater rx=216 txdrop=0
1775033369.2848525,1775033369284852400,10680070029600,HB,320026,38409.0,1,16.621,29.28,14.0,19.0,-5.0,10.0,18.0,0.0,7.0,14.0,19.0,0,0,,HB tick=320026 exp_id=198 t_ms=38409 run=1 ts=20.000 as=16.500 ta=0.000 aa=15.880 se=3.500 so=2.726 ae=-15.880 ao=-7.000 pwm=14 pc=3 hd=-4 y=16.621 yr=29.280 L=0 R=7 OL=10 OR=18 el=14 er=19 ed=-5 dl=14 dr=19 cl=0 cr=0 ok=1330 fail=0 vofa=firewater rx=216 txdrop=0
1775033369.4507031,1775033369450703200,10680235880300,HB,320187,38570.0,1,12.165,9.345,13.0,21.0,-8.0,10.0,18.0,0.0,7.0,13.0,21.0,0,0,,HB tick=320187 exp_id=198 t_ms=38570 run=1 ts=20.000 as=17.000 ta=0.000 aa=16.621 se=3.000 so=2.682 ae=-16.621 ao=-7.000 pwm=14 pc=3 hd=-4 y=12.165 yr=9.345 L=0 R=7 OL=10 OR=18 el=13 er=21 ed=-8 dl=13 dr=21 cl=0 cr=0 ok=1331 fail=0 vofa=firewater rx=216 txdrop=0
1775033369.6801462,1775033369680146100,10680465324300,HB,320419,38802.0,1,4.011,-6.227,12.0,20.0,-8.0,10.0,18.0,0.0,7.0,12.0,20.0,0,0,yaw_jump,HB tick=320419 exp_id=198 t_ms=38802 run=1 ts=20.000 as=16.000 ta=0.000 aa=12.165 se=4.000 so=2.792 ae=-12.165 ao=-7.000 pwm=14 pc=3 hd=-4 y=4.011 yr=-6.227 L=0 R=7 OL=10 OR=18 el=12 er=20 ed=-8 dl=12 dr=20 cl=0 cr=0 ok=1332 fail=0 vofa=firewater rx=216 txdrop=0
1775033369.8979824,1775033369897982500,10680683160400,HB,320640,39023.0,1,-17.41,-37.972,12.0,22.0,-10.0,10.0,18.0,0.0,7.0,12.0,22.0,0,0,yaw_jump,HB tick=320640 exp_id=198 t_ms=39023 run=1 ts=20.000 as=17.000 ta=0.000 aa=4.011 se=3.000 so=2.701 ae=-4.011 ao=-7.000 pwm=14 pc=3 hd=-4 y=-17.410 yr=-37.972 L=0 R=7 OL=10 OR=18 el=12 er=22 ed=-10 dl=12 dr=22 cl=0 cr=0 ok=1333 fail=0 vofa=firewater rx=216 txdrop=0
1775033370.0956423,1775033370095642400,10680880819700,HB,320841,39224.0,1,-20.898,-30.755,18.0,14.0,4.0,18.0,10.0,7.0,0.0,18.0,14.0,0,0,,HB tick=320841 exp_id=198 t_ms=39224 run=1 ts=20.000 as=16.000 ta=0.000 aa=-17.410 se=4.000 so=2.810 ae=17.410 ao=7.000 pwm=14 pc=3 hd=4 y=-20.898 yr=-30.755 L=7 R=0 OL=18 OR=10 el=18 er=14 ed=4 dl=18 dr=14 cl=0 cr=0 ok=1334 fail=0 vofa=firewater rx=216 txdrop=0
1775033370.3022766,1775033370302276700,10681087453800,HB,321046,39429.0,1,-21.917,-21.732,20.0,13.0,7.0,18.0,10.0,7.0,0.0,20.0,13.0,0,0,,HB tick=321046 exp_id=198 t_ms=39429 run=1 ts=20.000 as=16.500 ta=0.000 aa=-20.898 se=3.500 so=2.768 ae=20.898 ao=7.000 pwm=14 pc=3 hd=4 y=-21.917 yr=-21.732 L=7 R=0 OL=18 OR=10 el=20 er=13 ed=7 dl=20 dr=13 cl=0 cr=0 ok=1335 fail=0 vofa=firewater rx=216 txdrop=0
1775033370.5089018,1775033370508901900,10681294079200,HB,321251,39634.0,1,-15.391,-2.983,21.0,13.0,8.0,18.0,10.0,7.0,0.0,21.0,13.0,0,0,,HB tick=321251 exp_id=198 t_ms=39634 run=1 ts=20.000 as=17.000 ta=0.000 aa=-21.917 se=3.000 so=2.727 ae=21.917 ao=7.000 pwm=14 pc=3 hd=4 y=-15.391 yr=-2.983 L=7 R=0 OL=18 OR=10 el=21 er=13 ed=8 dl=21 dr=13 cl=0 cr=0 ok=1336 fail=0 vofa=firewater rx=216 txdrop=0
1775033370.7085354,1775033370708535500,10681493712800,HB,321456,39839.0,1,-6.578,13.108,22.0,13.0,9.0,18.0,10.0,7.0,0.0,22.0,13.0,0,0,yaw_jump,HB tick=321456 exp_id=198 t_ms=39839 run=1 ts=20.000 as=17.500 ta=0.000 aa=-15.391 se=2.500 so=2.683 ae=15.391 ao=7.000 pwm=14 pc=3 hd=4 y=-6.578 yr=13.108 L=7 R=0 OL=18 OR=10 el=22 er=13 ed=9 dl=22 dr=13 cl=0 cr=0 ok=1337 fail=0 vofa=firewater rx=216 txdrop=0
1775033370.9472473,1775033370947247400,10681732424400,HB,321694,40077.0,1,15.663,41.227,21.0,12.0,9.0,18.0,10.0,7.0,0.0,21.0,12.0,0,0,yaw_jump,HB tick=321694 exp_id=198 t_ms=40077 run=1 ts=20.000 as=16.500 ta=0.000 aa=-6.578 se=3.500 so=2.792 ae=6.578 ao=7.000 pwm=14 pc=3 hd=4 y=15.663 yr=41.227 L=7 R=0 OL=18 OR=10 el=21 er=12 ed=9 dl=21 dr=12 cl=0 cr=0 ok=1338 fail=0 vofa=firewater rx=216 txdrop=0
1775033371.1445842,1775033371144584200,10681929761900,HB,321889,40272.0,1,17.907,30.826,15.0,18.0,-3.0,10.0,18.0,0.0,7.0,15.0,18.0,0,0,,HB tick=321889 exp_id=198 t_ms=40272 run=1 ts=20.000 as=16.500 ta=0.000 aa=15.663 se=3.500 so=2.801 ae=-15.663 ao=-7.000 pwm=14 pc=3 hd=-4 y=17.907 yr=30.826 L=0 R=7 OL=10 OR=18 el=15 er=18 ed=-3 dl=15 dr=18 cl=0 cr=0 ok=1339 fail=0 vofa=firewater rx=216 txdrop=0
1775033371.3097334,1775033371309733500,10682094911100,HB,322050,40433.0,1,20.054,24.703,14.0,19.0,-5.0,10.0,18.0,0.0,7.0,14.0,19.0,0,0,,HB tick=322050 exp_id=198 t_ms=40433 run=1 ts=20.000 as=16.500 ta=0.000 aa=17.907 se=3.500 so=2.810 ae=-17.907 ao=-7.000 pwm=14 pc=3 hd=-4 y=20.054 yr=24.703 L=0 R=7 OL=10 OR=18 el=14 er=19 ed=-5 dl=14 dr=19 cl=0 cr=0 ok=1340 fail=0 vofa=firewater rx=216 txdrop=0
1775033371.5383177,1775033371538317500,10682323494600,HB,322283,40666.0,1,15.276,8.88,12.0,21.0,-9.0,10.0,18.0,0.0,7.0,12.0,21.0,0,0,,HB tick=322283 exp_id=198 t_ms=40666 run=1 ts=20.000 as=16.500 ta=0.000 aa=20.054 se=3.500 so=2.821 ae=-20.054 ao=-7.000 pwm=14 pc=3 hd=-4 y=15.276 yr=8.880 L=0 R=7 OL=10 OR=18 el=12 er=21 ed=-9 dl=12 dr=21 cl=0 cr=0 ok=1341 fail=0 vofa=firewater rx=216 txdrop=0
1775033371.7464852,1775033371746485300,10682531662400,HB,322488,40871.0,1,4.273,-13.012,11.0,20.0,-9.0,10.0,18.0,0.0,7.0,11.0,20.0,0,0,yaw_jump,HB tick=322488 exp_id=198 t_ms=40871 run=1 ts=20.000 as=15.500 ta=0.000 aa=15.276 se=4.500 so=2.932 ae=-15.276 ao=-7.000 pwm=14 pc=3 hd=-4 y=4.273 yr=-13.012 L=0 R=7 OL=10 OR=18 el=11 er=20 ed=-9 dl=11 dr=20 cl=0 cr=0 ok=1342 fail=0 vofa=firewater rx=216 txdrop=0
1775033371.9648042,1775033371964804200,10682749981400,HB,322714,41097.0,1,-14.67,-37.796,11.0,21.0,-10.0,10.0,18.0,0.0,7.0,11.0,21.0,0,0,yaw_jump,HB tick=322714 exp_id=198 t_ms=41097 run=1 ts=20.000 as=16.000 ta=0.000 aa=4.273 se=4.000 so=2.893 ae=-4.273 ao=-7.000 pwm=14 pc=3 hd=-4 y=-14.670 yr=-37.796 L=0 R=7 OL=10 OR=18 el=11 er=21 ed=-10 dl=11 dr=21 cl=0 cr=0 ok=1343 fail=0 vofa=firewater rx=216 txdrop=0
1775033372.1302638,1775033372130263700,10682915440900,HB,322870,41253.0,1,-17.945,-31.913,17.0,14.0,3.0,18.0,10.0,7.0,0.0,17.0,14.0,0,0,,HB tick=322870 exp_id=198 t_ms=41253 run=1 ts=20.000 as=15.500 ta=0.000 aa=-14.670 se=4.500 so=2.951 ae=14.670 ao=7.000 pwm=14 pc=3 hd=4 y=-17.945 yr=-31.913 L=7 R=0 OL=18 OR=10 el=17 er=14 ed=3 dl=17 dr=14 cl=0 cr=0 ok=1344 fail=0 vofa=firewater rx=216 txdrop=0
1775033372.3597672,1775033372359767200,10683144944300,HB,323103,41486.0,1,-20.347,-24.353,19.0,11.0,8.0,18.0,10.0,7.0,0.0,19.0,11.0,0,0,,HB tick=323103 exp_id=198 t_ms=41486 run=1 ts=20.000 as=15.000 ta=0.000 aa=-17.945 se=5.000 so=3.013 ae=17.945 ao=7.000 pwm=14 pc=3 hd=4 y=-20.347 yr=-24.353 L=7 R=0 OL=18 OR=10 el=19 er=11 ed=8 dl=19 dr=11 cl=0 cr=0 ok=1345 fail=0 vofa=firewater rx=216 txdrop=0
1775033372.5262015,1775033372526201500,10683311378700,HB,323264,41647.0,1,-14.437,-2.981,21.0,13.0,8.0,18.0,10.0,7.0,0.0,21.0,13.0,0,0,,HB tick=323264 exp_id=198 t_ms=41647 run=1 ts=20.000 as=17.000 ta=0.000 aa=-20.347 se=3.000 so=2.821 ae=20.347 ao=7.000 pwm=14 pc=3 hd=4 y=-14.437 yr=-2.981 L=7 R=0 OL=18 OR=10 el=21 er=13 ed=8 dl=21 dr=13 cl=0 cr=0 ok=1346 fail=0 vofa=firewater rx=216 txdrop=0
1775033372.7564275,1775033372756427400,10683541604900,HB,323496,41879.0,1,-5.167,12.047,22.0,12.0,10.0,18.0,10.0,7.0,0.0,22.0,12.0,0,0,yaw_jump,HB tick=323496 exp_id=198 t_ms=41879 run=1 ts=20.000 as=17.000 ta=0.000 aa=-14.437 se=3.000 so=2.829 ae=14.437 ao=7.000 pwm=14 pc=3 hd=4 y=-5.167 yr=12.047 L=7 R=0 OL=18 OR=10 el=22 er=12 ed=10 dl=22 dr=12 cl=0 cr=0 ok=1347 fail=0 vofa=firewater rx=216 txdrop=0
1775033372.9639473,1775033372963947200,10683749127700,HB,323705,42088.0,1,7.415,28.901,23.0,12.0,11.0,18.0,10.0,7.0,0.0,23.0,12.0,0,0,yaw_jump,HB tick=323705 exp_id=198 t_ms=42088 run=1 ts=20.000 as=17.500 ta=0.000 aa=-5.167 se=2.500 so=2.787 ae=5.167 ao=7.000 pwm=14 pc=3 hd=4 y=7.415 yr=28.901 L=7 R=0 OL=18 OR=10 el=23 er=12 ed=11 dl=23 dr=12 cl=0 cr=0 ok=1348 fail=0 vofa=firewater rx=216 txdrop=0
1775033373.1611316,1775033373161131600,10683946309200,HB,323910,42293.0,1,18.311,37.388,14.0,17.0,-3.0,10.0,18.0,0.0,7.0,14.0,17.0,0,0,yaw_jump,HB tick=323910 exp_id=198 t_ms=42293 run=1 ts=20.000 as=15.500 ta=0.000 aa=7.415 se=4.500 so=2.997 ae=-7.415 ao=-7.000 pwm=14 pc=3 hd=-4 y=18.311 yr=37.388 L=0 R=7 OL=10 OR=18 el=14 er=17 ed=-3 dl=14 dr=17 cl=0 cr=0 ok=1349 fail=0 vofa=firewater rx=216 txdrop=0
1775033373.3696117,1775033373369611900,10684154789200,HB,324115,42498.0,1,21.263,29.343,13.0,20.0,-7.0,10.0,18.0,0.0,7.0,13.0,20.0,0,0,,HB tick=324115 exp_id=198 t_ms=42498 run=1 ts=20.000 as=16.500 ta=0.000 aa=18.311 se=3.500 so=2.906 ae=-18.311 ao=-7.000 pwm=14 pc=3 hd=-4 y=21.263 yr=29.343 L=0 R=7 OL=10 OR=18 el=13 er=20 ed=-7 dl=13 dr=20 cl=0 cr=0 ok=1350 fail=0 vofa=firewater rx=216 txdrop=0
1775033373.5358002,1775033373535800200,10684320978300,HB,324280,42663.0,1,17.382,10.839,14.0,21.0,-7.0,10.0,18.0,0.0,7.0,14.0,21.0,0,0,,HB tick=324280 exp_id=198 t_ms=42663 run=1 ts=20.000 as=17.500 ta=0.000 aa=21.263 se=2.500 so=2.812 ae=-21.263 ao=-7.000 pwm=14 pc=3 hd=-4 y=17.382 yr=10.839 L=0 R=7 OL=10 OR=18 el=14 er=21 ed=-7 dl=14 dr=21 cl=0 cr=0 ok=1351 fail=0 vofa=firewater rx=216 txdrop=0
1775033373.7238126,1775033373723812700,10684508989800,HB,324469,42852.0,1,15.358,3.299,14.0,21.0,-7.0,10.0,18.0,0.0,7.0,14.0,21.0,0,0,,HB tick=324469 exp_id=198 t_ms=42852 run=1 ts=20.000 as=17.500 ta=0.000 aa=17.382 se=2.500 so=2.817 ae=-17.382 ao=-7.000 pwm=14 pc=3 hd=-4 y=15.358 yr=3.299 L=0 R=7 OL=10 OR=18 el=14 er=21 ed=-7 dl=14 dr=21 cl=0 cr=0 ok=1352 fail=0 vofa=firewater rx=216 txdrop=0
1775033373.9724956,1775033373972495700,10684757673300,HB,324717,43100.0,1,-9.618,-33.105,14.0,23.0,-9.0,10.0,18.0,0.0,7.0,14.0,23.0,0,0,yaw_jump,HB tick=324717 exp_id=198 t_ms=43100 run=1 ts=20.000 as=18.500 ta=0.000 aa=15.358 se=1.500 so=2.724 ae=-15.358 ao=-7.000 pwm=14 pc=3 hd=-4 y=-9.618 yr=-33.105 L=0 R=7 OL=10 OR=18 el=14 er=23 ed=-9 dl=14 dr=23 cl=0 cr=0 ok=1353 fail=0 vofa=firewater rx=216 txdrop=0
1775033374.1694365,1775033374169436500,10684954614000,HB,324918,43301.0,1,-13.144,-27.657,18.0,15.0,3.0,18.0,10.0,7.0,0.0,18.0,15.0,0,0,,HB tick=324918 exp_id=198 t_ms=43301 run=1 ts=20.000 as=16.500 ta=0.000 aa=-9.618 se=3.500 so=2.931 ae=9.618 ao=7.000 pwm=14 pc=3 hd=4 y=-13.144 yr=-27.657 L=7 R=0 OL=18 OR=10 el=18 er=15 ed=3 dl=18 dr=15 cl=0 cr=0 ok=1354 fail=0 vofa=firewater rx=216 txdrop=0
1775033374.3353052,1775033374335305300,10685120482800,HB,325079,43462.0,1,-14.946,-21.896,20.0,13.0,7.0,18.0,10.0,7.0,0.0,20.0,13.0,0,0,,HB tick=325079 exp_id=198 t_ms=43462 run=1 ts=20.000 as=16.500 ta=0.000 aa=-13.144 se=3.500 so=2.938 ae=13.144 ao=7.000 pwm=14 pc=3 hd=4 y=-14.946 yr=-21.896 L=7 R=0 OL=18 OR=10 el=20 er=13 ed=7 dl=20 dr=13 cl=0 cr=0 ok=1355 fail=0 vofa=firewater rx=216 txdrop=0
1775033374.563631,1775033374563631100,10685348809200,HB,325311,43694.0,1,-8.819,-4.988,22.0,14.0,8.0,18.0,10.0,7.0,0.0,22.0,14.0,0,0,,HB tick=325311 exp_id=198 t_ms=43694 run=1 ts=20.000 as=18.000 ta=0.000 aa=-14.946 se=2.000 so=2.794 ae=14.946 ao=7.000 pwm=14 pc=3 hd=4 y=-8.819 yr=-4.988 L=7 R=0 OL=18 OR=10 el=22 er=14 ed=8 dl=22 dr=14 cl=0 cr=0 ok=1356 fail=0 vofa=firewater rx=216 txdrop=0
1775033374.7809994,1775033374780999300,10685566176400,HB,325521,43904.0,1,2.627,15.835,22.0,12.0,10.0,18.0,10.0,7.0,0.0,22.0,12.0,0,0,yaw_jump,HB tick=325521 exp_id=198 t_ms=43904 run=1 ts=20.000 as=17.000 ta=0.000 aa=-8.819 se=3.000 so=2.901 ae=8.819 ao=7.000 pwm=14 pc=3 hd=4 y=2.627 yr=15.835 L=7 R=0 OL=18 OR=10 el=22 er=12 ed=10 dl=22 dr=12 cl=0 cr=0 ok=1357 fail=0 vofa=firewater rx=216 txdrop=0
1775033374.936662,1775033374936662100,10685721840800,HB,325682,44065.0,1,11.42,29.407,15.0,17.0,-2.0,10.0,18.0,0.0,7.0,15.0,17.0,0,0,yaw_jump,HB tick=325682 exp_id=198 t_ms=44065 run=1 ts=20.000 as=16.000 ta=0.000 aa=2.627 se=4.000 so=3.007 ae=-2.627 ao=-7.000 pwm=14 pc=3 hd=-4 y=11.420 yr=29.407 L=0 R=7 OL=10 OR=18 el=15 er=17 ed=-2 dl=15 dr=17 cl=0 cr=0 ok=1358 fail=0 vofa=firewater rx=216 txdrop=0
1775033375.1649418,1775033375164941900,10685950119100,HB,325914,44297.0,1,16.231,26.373,13.0,20.0,-7.0,10.0,18.0,0.0,7.0,13.0,20.0,0,0,,HB tick=325914 exp_id=198 t_ms=44297 run=1 ts=20.000 as=16.500 ta=0.000 aa=11.420 se=3.500 so=2.968 ae=-11.420 ao=-7.000 pwm=14 pc=3 hd=-4 y=16.231 yr=26.373 L=0 R=7 OL=10 OR=18 el=13 er=20 ed=-7 dl=13 dr=20 cl=0 cr=0 ok=1359 fail=0 vofa=firewater rx=216 txdrop=0
1775033375.3419886,1775033375341988700,10686127165800,HB,326079,44462.0,1,11.784,7.709,12.0,21.0,-9.0,10.0,18.0,0.0,7.0,12.0,21.0,0,0,,HB tick=326079 exp_id=198 t_ms=44462 run=1 ts=20.000 as=16.500 ta=0.000 aa=16.231 se=3.500 so=2.975 ae=-16.231 ao=-7.000 pwm=14 pc=3 hd=-4 y=11.784 yr=7.709 L=0 R=7 OL=10 OR=18 el=12 er=21 ed=-9 dl=12 dr=21 cl=0 cr=0 ok=1360 fail=0 vofa=firewater rx=216 txdrop=0
1775033375.5710146,1775033375571014600,10686356193000,HB,326311,44694.0,1,1.908,-9.889,12.0,20.0,-8.0,10.0,18.0,0.0,7.0,12.0,20.0,0,0,yaw_jump,HB tick=326311 exp_id=198 t_ms=44694 run=1 ts=20.000 as=16.000 ta=0.000 aa=11.784 se=4.000 so=3.036 ae=-11.784 ao=-7.000 pwm=14 pc=3 hd=-4 y=1.908 yr=-9.889 L=0 R=7 OL=10 OR=18 el=12 er=20 ed=-8 dl=12 dr=20 cl=0 cr=0 ok=1361 fail=0 vofa=firewater rx=216 txdrop=0
1775033375.7724643,1775033375772464400,10686557642500,HB,326521,44904.0,1,-10.658,-27.37,12.0,23.0,-11.0,10.0,18.0,0.0,7.0,12.0,23.0,0,0,yaw_jump,HB tick=326521 exp_id=198 t_ms=44904 run=1 ts=20.000 as=17.500 ta=0.000 aa=1.908 se=2.500 so=2.894 ae=-1.908 ao=-7.000 pwm=14 pc=3 hd=-4 y=-10.658 yr=-27.370 L=0 R=7 OL=10 OR=18 el=12 er=23 ed=-11 dl=12 dr=23 cl=0 cr=0 ok=1362 fail=0 vofa=firewater rx=216 txdrop=0
1775033375.9823885,1775033375982388600,10686767567800,HB,326726,45109.0,1,-21.738,-36.708,18.0,14.0,4.0,18.0,10.0,7.0,0.0,18.0,14.0,0,0,yaw_jump,HB tick=326726 exp_id=198 t_ms=45109 run=1 ts=20.000 as=16.000 ta=0.000 aa=-10.658 se=4.000 so=3.053 ae=10.658 ao=7.000 pwm=14 pc=3 hd=4 y=-21.738 yr=-36.708 L=7 R=0 OL=18 OR=10 el=18 er=14 ed=4 dl=18 dr=14 cl=0 cr=0 ok=1363 fail=0 vofa=firewater rx=216 txdrop=0
1775033376.138158,1775033376138158100,10686923335400,HB,326886,45269.0,1,-24.215,-29.279,20.0,12.0,8.0,18.0,10.0,7.0,0.0,20.0,12.0,0,0,,HB tick=326886 exp_id=198 t_ms=45269 run=1 ts=20.000 as=16.000 ta=0.000 aa=-21.738 se=4.000 so=3.060 ae=21.738 ao=7.000 pwm=14 pc=3 hd=4 y=-24.215 yr=-29.279 L=7 R=0 OL=18 OR=10 el=20 er=12 ed=8 dl=20 dr=12 cl=0 cr=0 ok=1364 fail=0 vofa=firewater rx=216 txdrop=0
1775033376.3775313,1775033376377531500,10687162709200,HB,327119,45502.0,1,-17.397,-8.79,22.0,13.0,9.0,18.0,10.0,7.0,0.0,22.0,13.0,0,0,,HB tick=327119 exp_id=198 t_ms=45502 run=1 ts=20.000 as=17.500 ta=0.000 aa=-24.215 se=2.500 so=2.919 ae=24.215 ao=7.000 pwm=14 pc=3 hd=4 y=-17.397 yr=-8.790 L=7 R=0 OL=18 OR=10 el=22 er=13 ed=9 dl=22 dr=13 cl=0 cr=0 ok=1365 fail=0 vofa=firewater rx=216 txdrop=0
1775033376.575657,1775033376575656900,10687360835100,HB,327323,45706.0,1,-6.602,12.807,21.0,13.0,8.0,18.0,10.0,7.0,0.0,21.0,13.0,0,0,yaw_jump,HB tick=327323 exp_id=198 t_ms=45706 run=1 ts=20.000 as=17.000 ta=0.000 aa=-17.397 se=3.000 so=2.975 ae=17.397 ao=7.000 pwm=14 pc=3 hd=4 y=-6.602 yr=12.807 L=7 R=0 OL=18 OR=10 el=21 er=13 ed=8 dl=21 dr=13 cl=0 cr=0 ok=1366 fail=0 vofa=firewater rx=216 txdrop=0
1775033376.7828426,1775033376782842500,10687568023200,HB,327528,45911.0,1,4.392,27.095,22.0,12.0,10.0,18.0,10.0,7.0,0.0,22.0,12.0,0,0,yaw_jump,HB tick=327528 exp_id=198 t_ms=45911 run=1 ts=20.000 as=17.000 ta=0.000 aa=-6.602 se=3.000 so=2.982 ae=6.602 ao=7.000 pwm=14 pc=3 hd=4 y=4.392 yr=27.095 L=7 R=0 OL=18 OR=10 el=22 er=12 ed=10 dl=22 dr=12 cl=0 cr=0 ok=1367 fail=0 vofa=firewater rx=216 txdrop=0
1775033376.9896705,1775033376989670300,10687774847700,HB,327733,46116.0,1,16.017,37.459,15.0,16.0,-1.0,10.0,18.0,0.0,7.0,15.0,16.0,0,0,yaw_jump,HB tick=327733 exp_id=198 t_ms=46116 run=1 ts=20.000 as=15.500 ta=0.000 aa=4.392 se=4.500 so=3.142 ae=-4.392 ao=-7.000 pwm=14 pc=3 hd=-4 y=16.017 yr=37.459 L=0 R=7 OL=10 OR=18 el=15 er=16 ed=-1 dl=15 dr=16 cl=0 cr=0 ok=1368 fail=0 vofa=firewater rx=216 txdrop=0
1775033377.1555953,1775033377155595300,10687940774000,HB,327898,46281.0,1,20.133,33.081,13.0,20.0,-7.0,10.0,18.0,0.0,7.0,13.0,20.0,0,0,,HB tick=327898 exp_id=198 t_ms=46281 run=1 ts=20.000 as=16.500 ta=0.000 aa=16.017 se=3.500 so=3.050 ae=-16.017 ao=-7.000 pwm=14 pc=3 hd=-4 y=20.133 yr=33.081 L=0 R=7 OL=10 OR=18 el=13 er=20 ed=-7 dl=13 dr=20 cl=0 cr=0 ok=1369 fail=0 vofa=firewater rx=216 txdrop=0
1775033377.3835971,1775033377383597100,10688168774800,HB,328130,46513.0,1,15.014,13.779,13.0,21.0,-8.0,10.0,18.0,0.0,7.0,13.0,21.0,0,0,,HB tick=328130 exp_id=198 t_ms=46513 run=1 ts=20.000 as=17.000 ta=0.000 aa=20.133 se=3.000 so=3.009 ae=-20.133 ao=-7.000 pwm=14 pc=3 hd=-4 y=15.014 yr=13.779 L=0 R=7 OL=10 OR=18 el=13 er=21 ed=-8 dl=13 dr=21 cl=0 cr=0 ok=1370 fail=0 vofa=firewater rx=216 txdrop=0
1775033377.6126378,1775033377612637600,10688397816700,HB,328356,46739.0,1,-3.907,-20.346,13.0,22.0,-9.0,10.0,18.0,0.0,7.0,13.0,22.0,0,0,yaw_jump,HB tick=328356 exp_id=198 t_ms=46739 run=1 ts=20.000 as=17.500 ta=0.000 aa=15.014 se=2.500 so=2.968 ae=-15.014 ao=-7.000 pwm=14 pc=3 hd=-4 y=-3.907 yr=-20.346 L=0 R=7 OL=10 OR=18 el=13 er=22 ed=-9 dl=13 dr=22 cl=0 cr=0 ok=1371 fail=0 vofa=firewater rx=216 txdrop=0
1775033377.8099725,1775033377809972400,10688595149500,HB,328557,46939.0,1,-7.043,-18.712,18.0,15.0,3.0,18.0,10.0,7.0,0.0,18.0,15.0,0,0,,HB tick=328557 exp_id=198 t_ms=46939 run=1 ts=20.000 as=16.500 ta=0.000 aa=-3.907 se=3.500 so=3.076 ae=3.907 ao=7.000 pwm=14 pc=3 hd=4 y=-7.043 yr=-18.712 L=7 R=0 OL=18 OR=10 el=18 er=15 ed=3 dl=18 dr=15 cl=0 cr=0 ok=1372 fail=0 vofa=firewater rx=216 txdrop=0
1775033377.9760845,1775033377976084500,10688761262300,HB,328718,47101.0,1,-8.566,-15.453,20.0,13.0,7.0,18.0,10.0,7.0,0.0,20.0,13.0,0,0,,HB tick=328718 exp_id=198 t_ms=47101 run=1 ts=20.000 as=16.500 ta=0.000 aa=-7.043 se=3.500 so=3.082 ae=7.043 ao=7.000 pwm=14 pc=3 hd=4 y=-8.566 yr=-15.453 L=7 R=0 OL=18 OR=10 el=20 er=13 ed=7 dl=20 dr=13 cl=0 cr=0 ok=1373 fail=0 vofa=firewater rx=216 txdrop=0
1775033378.2039475,1775033378203947500,10688989124800,HB,328950,47333.0,1,-2.085,-0.267,21.0,12.0,9.0,18.0,10.0,7.0,0.0,21.0,12.0,0,0,,HB tick=328950 exp_id=198 t_ms=47333 run=1 ts=20.000 as=16.500 ta=0.000 aa=-8.566 se=3.500 so=3.092 ae=8.566 ao=7.000 pwm=14 pc=3 hd=4 y=-2.085 yr=-0.267 L=7 R=0 OL=18 OR=10 el=21 er=12 ed=9 dl=21 dr=12 cl=0 cr=0 ok=1374 fail=0 vofa=firewater rx=216 txdrop=0
1775033378.4117572,1775033378411757400,10689196934500,HB,329159,47542.0,1,9.22,18.758,22.0,12.0,10.0,18.0,10.0,7.0,0.0,22.0,12.0,0,0,yaw_jump,HB tick=329159 exp_id=198 t_ms=47542 run=1 ts=20.000 as=17.000 ta=0.000 aa=-2.085 se=3.000 so=3.050 ae=2.085 ao=7.000 pwm=14 pc=3 hd=4 y=9.220 yr=18.758 L=7 R=0 OL=18 OR=10 el=22 er=12 ed=10 dl=22 dr=12 cl=0 cr=0 ok=1375 fail=0 vofa=firewater rx=216 txdrop=0
1775033378.5792348,1775033378579234700,10689364412000,HB,329320,47703.0,1,18.101,31.499,15.0,16.0,-1.0,10.0,18.0,0.0,7.0,15.0,16.0,0,0,yaw_jump,HB tick=329320 exp_id=198 t_ms=47703 run=1 ts=20.000 as=15.500 ta=0.000 aa=9.220 se=4.500 so=3.207 ae=-9.220 ao=-7.000 pwm=14 pc=3 hd=-4 y=18.101 yr=31.499 L=0 R=7 OL=10 OR=18 el=15 er=16 ed=-1 dl=15 dr=16 cl=0 cr=0 ok=1376 fail=0 vofa=firewater rx=216 txdrop=0
1775033378.7660532,1775033378766053100,10689551230200,HB,329509,47892.0,1,20.38,24.695,13.0,20.0,-7.0,10.0,18.0,0.0,7.0,13.0,20.0,0,0,,HB tick=329509 exp_id=198 t_ms=47892 run=1 ts=20.000 as=16.500 ta=0.000 aa=18.101 se=3.500 so=3.115 ae=-18.101 ao=-7.000 pwm=14 pc=3 hd=-4 y=20.380 yr=24.695 L=0 R=7 OL=10 OR=18 el=13 er=20 ed=-7 dl=13 dr=20 cl=0 cr=0 ok=1377 fail=0 vofa=firewater rx=216 txdrop=0
1775033378.9532251,1775033378953225200,10689738402200,HB,329697,48080.0,1,22.749,20.462,13.0,20.0,-7.0,10.0,18.0,0.0,7.0,13.0,20.0,0,0,,HB tick=329697 exp_id=198 t_ms=48080 run=1 ts=20.000 as=16.500 ta=0.000 aa=20.380 se=3.500 so=3.124 ae=-20.380 ao=-7.000 pwm=14 pc=3 hd=-4 y=22.749 yr=20.462 L=0 R=7 OL=10 OR=18 el=13 er=20 ed=-7 dl=13 dr=20 cl=0 cr=0 ok=1378 fail=0 vofa=firewater rx=216 txdrop=0
1775033379.1820238,1775033379182023600,10689967210500,HB,329930,48313.0,1,10.613,-5.008,11.0,20.0,-9.0,10.0,18.0,0.0,7.0,11.0,20.0,0,0,yaw_jump,HB tick=329930 exp_id=198 t_ms=48313 run=1 ts=20.000 as=15.500 ta=0.000 aa=22.749 se=4.500 so=3.234 ae=-22.749 ao=-7.000 pwm=14 pc=3 hd=-4 y=10.613 yr=-5.008 L=0 R=7 OL=10 OR=18 el=11 er=20 ed=-9 dl=11 dr=20 cl=0 cr=0 ok=1379 fail=0 vofa=firewater rx=216 txdrop=0
1775033379.3893135,1775033379389313600,10690174490700,HB,330139,48522.0,1,-0.995,-22.603,13.0,20.0,-7.0,10.0,18.0,0.0,7.0,13.0,20.0,0,0,yaw_jump,HB tick=330139 exp_id=198 t_ms=48522 run=1 ts=20.000 as=16.500 ta=0.000 aa=10.613 se=3.500 so=3.143 ae=-10.613 ao=-7.000 pwm=14 pc=3 hd=-4 y=-0.995 yr=-22.603 L=0 R=7 OL=10 OR=18 el=13 er=20 ed=-7 dl=13 dr=20 cl=0 cr=0 ok=1380 fail=0 vofa=firewater rx=216 txdrop=0
1775033379.5956542,1775033379595654100,10690380831500,HB,330344,48727.0,1,-11.559,-32.727,18.0,14.0,4.0,18.0,10.0,7.0,0.0,18.0,14.0,0,0,yaw_jump,HB tick=330344 exp_id=198 t_ms=48727 run=1 ts=20.000 as=16.000 ta=0.000 aa=-0.995 se=4.000 so=3.203 ae=0.995 ao=7.000 pwm=14 pc=3 hd=4 y=-11.559 yr=-32.727 L=7 R=0 OL=18 OR=10 el=18 er=14 ed=4 dl=18 dr=14 cl=0 cr=0 ok=1381 fail=0 vofa=firewater rx=216 txdrop=0
1775033379.7637084,1775033379763708500,10690548886200,HB,330505,48888.0,1,-13.217,-24.877,20.0,13.0,7.0,18.0,10.0,7.0,0.0,20.0,13.0,0,0,,HB tick=330505 exp_id=198 t_ms=48888 run=1 ts=20.000 as=16.500 ta=0.000 aa=-11.559 se=3.500 so=3.159 ae=11.559 ao=7.000 pwm=14 pc=3 hd=4 y=-13.217 yr=-24.877 L=7 R=0 OL=18 OR=10 el=20 er=13 ed=7 dl=20 dr=13 cl=0 cr=0 ok=1382 fail=0 vofa=firewater rx=216 txdrop=0
1775033379.9934313,1775033379993431400,10690778608800,HB,330737,49120.0,1,-7.052,-6.87,21.0,13.0,8.0,18.0,10.0,7.0,0.0,21.0,13.0,0,0,,HB tick=330737 exp_id=198 t_ms=49120 run=1 ts=20.000 as=17.000 ta=0.000 aa=-13.217 se=3.000 so=3.118 ae=13.217 ao=7.000 pwm=14 pc=3 hd=4 y=-7.052 yr=-6.870 L=7 R=0 OL=18 OR=10 el=21 er=13 ed=8 dl=21 dr=13 cl=0 cr=0 ok=1383 fail=0 vofa=firewater rx=216 txdrop=0
1775033380.2007337,1775033380200733700,10690985912400,HB,330943,49326.0,1,3.784,13.945,22.0,11.0,11.0,18.0,10.0,7.0,0.0,22.0,11.0,0,0,yaw_jump,HB tick=330943 exp_id=198 t_ms=49326 run=1 ts=20.000 as=16.500 ta=0.000 aa=-7.052 se=3.500 so=3.176 ae=7.052 ao=7.000 pwm=14 pc=3 hd=4 y=3.784 yr=13.945 L=7 R=0 OL=18 OR=10 el=22 er=11 ed=11 dl=22 dr=11 cl=0 cr=0 ok=1384 fail=0 vofa=firewater rx=216 txdrop=0
1775033380.422265,1775033380422265100,10691207442200,HB,331164,49547.0,1,17.291,30.455,14.0,18.0,-4.0,10.0,18.0,0.0,7.0,14.0,18.0,0,0,yaw_jump,HB tick=331164 exp_id=198 t_ms=49547 run=1 ts=20.000 as=16.000 ta=0.000 aa=3.784 se=4.000 so=3.236 ae=-3.784 ao=-7.000 pwm=14 pc=3 hd=-4 y=17.291 yr=30.455 L=0 R=7 OL=10 OR=18 el=14 er=18 ed=-4 dl=14 dr=18 cl=0 cr=0 ok=1385 fail=0 vofa=firewater rx=216 txdrop=0
1775033380.578335,1775033380578334900,10691363512500,HB,331320,49703.0,1,16.437,17.881,14.0,19.0,-5.0,10.0,18.0,0.0,7.0,14.0,19.0,0,0,,HB tick=331320 exp_id=198 t_ms=49703 run=1 ts=20.000 as=16.500 ta=0.000 aa=17.291 se=3.500 so=3.193 ae=-17.291 ao=-7.000 pwm=14 pc=3 hd=-4 y=16.437 yr=17.881 L=0 R=7 OL=10 OR=18 el=14 er=19 ed=-5 dl=14 dr=19 cl=0 cr=0 ok=1386 fail=0 vofa=firewater rx=216 txdrop=0
1775033380.8078609,1775033380807860700,10691593038100,HB,331552,49935.0,1,10.955,3.353,14.0,20.0,-6.0,10.0,18.0,0.0,7.0,14.0,20.0,0,0,,HB tick=331552 exp_id=198 t_ms=49935 run=1 ts=20.000 as=17.000 ta=0.000 aa=16.437 se=3.000 so=3.152 ae=-16.437 ao=-7.000 pwm=14 pc=3 hd=-4 y=10.955 yr=3.353 L=0 R=7 OL=10 OR=18 el=14 er=20 ed=-6 dl=14 dr=20 cl=0 cr=0 ok=1387 fail=0 vofa=firewater rx=216 txdrop=0
1775033381.0170126,1775033381017012500,10691802190000,HB,331757,50140.0,1,1.478,-14.002,14.0,21.0,-7.0,10.0,18.0,0.0,7.0,14.0,21.0,0,0,yaw_jump,HB tick=331757 exp_id=198 t_ms=50140 run=1 ts=20.000 as=17.500 ta=0.000 aa=10.955 se=2.500 so=3.109 ae=-10.955 ao=-7.000 pwm=14 pc=3 hd=-4 y=1.478 yr=-14.002 L=0 R=7 OL=10 OR=18 el=14 er=21 ed=-7 dl=14 dr=21 cl=0 cr=0 ok=1388 fail=0 vofa=firewater rx=216 txdrop=0
1775033381.223408,1775033381223407900,10692008585300,HB,331963,50346.0,1,-7.77,-24.813,11.0,21.0,-10.0,10.0,18.0,0.0,7.0,11.0,21.0,0,0,yaw_jump,HB tick=331963 exp_id=198 t_ms=50346 run=1 ts=20.000 as=16.000 ta=0.000 aa=1.478 se=4.000 so=3.267 ae=-1.478 ao=-7.000 pwm=14 pc=3 hd=-4 y=-7.770 yr=-24.813 L=0 R=7 OL=10 OR=18 el=11 er=21 ed=-10 dl=11 dr=21 cl=0 cr=0 ok=1389 fail=0 vofa=firewater rx=216 txdrop=0
1775033381.3790581,1775033381379058100,10692164235600,HB,332123,50506.0,1,-15.875,-33.858,17.0,15.0,2.0,18.0,10.0,7.0,0.0,17.0,15.0,0,0,yaw_jump,HB tick=332123 exp_id=198 t_ms=50506 run=1 ts=20.000 as=16.000 ta=0.000 aa=-7.770 se=4.000 so=3.275 ae=7.770 ao=7.000 pwm=14 pc=3 hd=4 y=-15.875 yr=-33.858 L=7 R=0 OL=18 OR=10 el=17 er=15 ed=2 dl=17 dr=15 cl=0 cr=0 ok=1390 fail=0 vofa=firewater rx=216 txdrop=0
1775033381.6066816,1775033381606681500,10692391859100,HB,332356,50739.0,1,-21.123,-29.892,21.0,14.0,7.0,18.0,10.0,7.0,0.0,21.0,14.0,0,0,,HB tick=332356 exp_id=198 t_ms=50739 run=1 ts=20.000 as=17.500 ta=0.000 aa=-15.875 se=2.500 so=3.134 ae=15.875 ao=7.000 pwm=14 pc=3 hd=4 y=-21.123 yr=-29.892 L=7 R=0 OL=18 OR=10 el=21 er=14 ed=7 dl=21 dr=14 cl=0 cr=0 ok=1391 fail=0 vofa=firewater rx=216 txdrop=0
1775033381.8137088,1775033381813708900,10692598886800,HB,332561,50944.0,1,-13.551,-6.502,20.0,13.0,7.0,18.0,10.0,7.0,0.0,20.0,13.0,0,0,,HB tick=332561 exp_id=198 t_ms=50944 run=1 ts=20.000 as=16.500 ta=0.000 aa=-21.123 se=3.500 so=3.241 ae=21.123 ao=7.000 pwm=14 pc=3 hd=4 y=-13.551 yr=-6.502 L=7 R=0 OL=18 OR=10 el=20 er=13 ed=7 dl=20 dr=13 cl=0 cr=0 ok=1392 fail=0 vofa=firewater rx=216 txdrop=0
1775033382.021921,1775033382021921100,10692807098100,HB,332765,51148.0,1,-4.259,11.715,21.0,12.0,9.0,18.0,10.0,7.0,0.0,21.0,12.0,0,0,yaw_jump,HB tick=332765 exp_id=198 t_ms=51148 run=1 ts=20.000 as=16.500 ta=0.000 aa=-13.551 se=3.500 so=3.249 ae=13.551 ao=7.000 pwm=14 pc=3 hd=4 y=-4.259 yr=11.715 L=7 R=0 OL=18 OR=10 el=21 er=12 ed=9 dl=21 dr=12 cl=0 cr=0 ok=1393 fail=0 vofa=firewater rx=216 txdrop=0
1775033382.2294047,1775033382229404600,10693014582000,HB,332970,51353.0,1,5.766,24.732,21.0,12.0,9.0,18.0,10.0,7.0,0.0,21.0,12.0,0,0,yaw_jump,HB tick=332970 exp_id=198 t_ms=51353 run=1 ts=20.000 as=16.500 ta=0.000 aa=-4.259 se=3.500 so=3.256 ae=4.259 ao=7.000 pwm=14 pc=3 hd=4 y=5.766 yr=24.732 L=7 R=0 OL=18 OR=10 el=21 er=12 ed=9 dl=21 dr=12 cl=0 cr=0 ok=1394 fail=0 vofa=firewater rx=216 txdrop=0
1775033382.3844259,1775033382384426000,10693169603500,HB,333135,51518.0,1,14.82,35.281,15.0,17.0,-2.0,10.0,18.0,0.0,7.0,15.0,17.0,0,0,yaw_jump,HB tick=333135 exp_id=198 t_ms=51518 run=1 ts=20.000 as=16.000 ta=0.000 aa=5.766 se=4.000 so=3.313 ae=-5.766 ao=-7.000 pwm=14 pc=3 hd=-4 y=14.820 yr=35.281 L=0 R=7 OL=10 OR=18 el=15 er=17 ed=-2 dl=15 dr=17 cl=0 cr=0 ok=1395 fail=0 vofa=firewater rx=216 txdrop=0
1775033382.6225688,1775033382622569000,10693407746200,HB,333368,51751.0,1,20.006,30.722,13.0,19.0,-6.0,10.0,18.0,0.0,7.0,13.0,19.0,0,0,,HB tick=333368 exp_id=198 t_ms=51751 run=1 ts=20.000 as=16.000 ta=0.000 aa=14.820 se=4.000 so=3.323 ae=-14.820 ao=-7.000 pwm=14 pc=3 hd=-4 y=20.006 yr=30.722 L=0 R=7 OL=10 OR=18 el=13 er=19 ed=-6 dl=13 dr=19 cl=0 cr=0 ok=1396 fail=0 vofa=firewater rx=216 txdrop=0
1775033382.7881703,1775033382788170200,10693573348500,HB,333533,51916.0,1,15.048,9.452,13.0,21.0,-8.0,10.0,18.0,0.0,7.0,13.0,21.0,0,0,,HB tick=333533 exp_id=198 t_ms=51916 run=1 ts=20.000 as=17.000 ta=0.000 aa=20.006 se=3.000 so=3.230 ae=-20.006 ao=-7.000 pwm=14 pc=3 hd=-4 y=15.048 yr=9.452 L=0 R=7 OL=10 OR=18 el=13 er=21 ed=-8 dl=13 dr=21 cl=0 cr=0 ok=1397 fail=0 vofa=firewater rx=216 txdrop=0
1775033383.016426,1775033383016426100,10693801603700,HB,333766,52149.0,1,6.554,-6.614,12.0,21.0,-9.0,10.0,18.0,0.0,7.0,12.0,21.0,0,0,yaw_jump,HB tick=333766 exp_id=198 t_ms=52149 run=1 ts=20.000 as=16.500 ta=0.000 aa=15.048 se=3.500 so=3.290 ae=-15.048 ao=-7.000 pwm=14 pc=3 hd=-4 y=6.554 yr=-6.614 L=0 R=7 OL=10 OR=18 el=12 er=21 ed=-9 dl=12 dr=21 cl=0 cr=0 ok=1398 fail=0 vofa=firewater rx=216 txdrop=0
1775033383.1817288,1775033383181728700,10693966908000,HB,333927,52310.0,1,-2.441,-23.853,11.0,21.0,-10.0,10.0,18.0,0.0,7.0,11.0,21.0,0,0,yaw_jump,HB tick=333927 exp_id=198 t_ms=52310 run=1 ts=20.000 as=16.000 ta=0.000 aa=6.554 se=4.000 so=3.347 ae=-6.554 ao=-7.000 pwm=14 pc=3 hd=-4 y=-2.441 yr=-23.853 L=0 R=7 OL=10 OR=18 el=11 er=21 ed=-10 dl=11 dr=21 cl=0 cr=0 ok=1399 fail=0 vofa=firewater rx=216 txdrop=0
1775033383.4129162,1775033383412916200,10694198098500,HB,334160,52543.0,1,-14.557,-33.705,19.0,15.0,4.0,18.0,10.0,7.0,0.0,19.0,15.0,0,0,yaw_jump,HB tick=334160 exp_id=198 t_ms=52543 run=1 ts=20.000 as=17.000 ta=0.000 aa=-2.441 se=3.000 so=3.259 ae=2.441 ao=7.000 pwm=14 pc=3 hd=4 y=-14.557 yr=-33.705 L=7 R=0 OL=18 OR=10 el=19 er=15 ed=4 dl=19 dr=15 cl=0 cr=0 ok=1400 fail=0 vofa=firewater rx=216 txdrop=0
1775033383.6203122,1775033383620312400,10694405490200,HB,334365,52748.0,1,-14.943,-22.568,20.0,13.0,7.0,18.0,10.0,7.0,0.0,20.0,13.0,0,0,,HB tick=334365 exp_id=198 t_ms=52748 run=1 ts=20.000 as=16.500 ta=0.000 aa=-14.557 se=3.500 so=3.317 ae=14.557 ao=7.000 pwm=14 pc=3 hd=4 y=-14.943 yr=-22.568 L=7 R=0 OL=18 OR=10 el=20 er=13 ed=7 dl=20 dr=13 cl=0 cr=0 ok=1401 fail=0 vofa=firewater rx=216 txdrop=0
1775033383.970766,1775033383970766000,10694755943700,HB,334586,52969.0,1,-0.851,7.648,21.0,13.0,8.0,18.0,10.0,7.0,0.0,21.0,13.0,0,0,yaw_jump,HB tick=334586 exp_id=198 t_ms=52969 run=1 ts=20.000 as=17.000 ta=0.000 aa=-14.943 se=3.000 so=3.276 ae=14.943 ao=7.000 pwm=14 pc=3 hd=4 y=-0.851 yr=7.648 L=7 R=0 OL=18 OR=10 el=21 er=13 ed=8 dl=21 dr=13 cl=0 cr=0 ok=1402 fail=0 vofa=firewater rx=216 txdrop=0
1775033384.0439844,1775033384043984400,10694829161500,HB,334786,53169.0,1,1.86,9.715,22.0,12.0,10.0,18.0,10.0,7.0,0.0,22.0,12.0,0,0,,HB tick=334786 exp_id=198 t_ms=53169 run=1 ts=20.000 as=17.000 ta=0.000 aa=-0.851 se=3.000 so=3.285 ae=0.851 ao=4.091 pwm=14 pc=3 hd=4 y=1.860 yr=9.715 L=7 R=0 OL=18 OR=10 el=22 er=12 ed=10 dl=22 dr=12 cl=0 cr=0 ok=1403 fail=0 vofa=firewater rx=216 txdrop=0
1775033384.262599,1775033384262598900,10695047776500,HB,335012,53395.0,1,15.192,26.962,13.0,18.0,-5.0,10.0,18.0,0.0,7.0,13.0,18.0,0,0,yaw_jump,HB tick=335012 exp_id=198 t_ms=53395 run=1 ts=20.000 as=15.500 ta=0.000 aa=1.860 se=4.500 so=3.445 ae=-1.860 ao=-7.000 pwm=14 pc=3 hd=-4 y=15.192 yr=26.962 L=0 R=7 OL=10 OR=18 el=13 er=18 ed=-5 dl=13 dr=18 cl=0 cr=0 ok=1404 fail=0 vofa=firewater rx=216 txdrop=0
1775033384.465448,1775033384465447900,10695250625800,HB,335213,53596.0,1,13.62,14.789,13.0,20.0,-7.0,10.0,18.0,0.0,7.0,13.0,20.0,0,0,,HB tick=335213 exp_id=198 t_ms=53596 run=1 ts=20.000 as=16.500 ta=0.000 aa=15.192 se=3.500 so=3.354 ae=-15.192 ao=-7.000 pwm=14 pc=3 hd=-4 y=13.620 yr=14.789 L=0 R=7 OL=10 OR=18 el=13 er=20 ed=-7 dl=13 dr=20 cl=0 cr=0 ok=1405 fail=0 vofa=firewater rx=216 txdrop=0
1775033384.633091,1775033384633091000,10695418268200,HB,335374,53757.0,1,8.12,-2.344,13.0,20.0,-7.0,10.0,18.0,0.0,7.0,13.0,20.0,0,0,,HB tick=335374 exp_id=198 t_ms=53757 run=1 ts=20.000 as=16.500 ta=0.000 aa=13.620 se=3.500 so=3.361 ae=-13.620 ao=-7.000 pwm=14 pc=3 hd=-4 y=8.120 yr=-2.344 L=0 R=7 OL=10 OR=18 el=13 er=20 ed=-7 dl=13 dr=20 cl=0 cr=0 ok=1406 fail=0 vofa=firewater rx=216 txdrop=0
1775033384.8606246,1775033384860624700,10695645802000,HB,335607,53990.0,1,-0.255,-14.105,12.0,22.0,-10.0,10.0,18.0,0.0,7.0,12.0,22.0,0,0,yaw_jump,HB tick=335607 exp_id=198 t_ms=53990 run=1 ts=20.000 as=17.000 ta=0.000 aa=8.120 se=3.000 so=3.319 ae=-8.120 ao=-7.000 pwm=14 pc=3 hd=-4 y=-0.255 yr=-14.105 L=0 R=7 OL=10 OR=18 el=12 er=22 ed=-10 dl=12 dr=22 cl=0 cr=0 ok=1407 fail=0 vofa=firewater rx=216 txdrop=0
1775033385.071087,1775033385071086800,10695856264300,HB,335816,54199.0,1,-12.357,-29.435,17.0,13.0,4.0,19.0,11.0,8.0,0.0,17.0,13.0,0,0,yaw_jump,HB tick=335816 exp_id=198 t_ms=54199 run=1 ts=20.000 as=15.000 ta=0.000 aa=-0.255 se=5.000 so=3.528 ae=0.255 ao=6.269 pwm=15 pc=4 hd=4 y=-12.357 yr=-29.435 L=8 R=0 OL=19 OR=11 el=17 er=13 ed=4 dl=17 dr=13 cl=0 cr=0 ok=1408 fail=0 vofa=firewater rx=216 txdrop=0
1775033385.278018,1775033385278018100,10696063195400,HB,336021,54404.0,1,-12.82,-19.923,20.0,13.0,7.0,18.0,10.0,7.0,0.0,20.0,13.0,0,0,,HB tick=336021 exp_id=198 t_ms=54404 run=1 ts=20.000 as=16.500 ta=0.000 aa=-12.357 se=3.500 so=3.388 ae=12.357 ao=7.000 pwm=14 pc=3 hd=4 y=-12.820 yr=-19.923 L=7 R=0 OL=18 OR=10 el=20 er=13 ed=7 dl=20 dr=13 cl=0 cr=0 ok=1409 fail=0 vofa=firewater rx=216 txdrop=0
1775033385.496927,1775033385496927000,10696282104600,HB,336242,54625.0,1,0.674,8.421,22.0,13.0,9.0,18.0,10.0,7.0,0.0,22.0,13.0,0,0,yaw_jump,HB tick=336242 exp_id=198 t_ms=54625 run=1 ts=20.000 as=17.500 ta=0.000 aa=-12.820 se=2.500 so=3.295 ae=12.820 ao=7.000 pwm=14 pc=3 hd=4 y=0.674 yr=8.421 L=7 R=0 OL=18 OR=10 el=22 er=13 ed=9 dl=22 dr=13 cl=0 cr=0 ok=1410 fail=0 vofa=firewater rx=216 txdrop=0
1775033385.6526196,1775033385652619600,10696437796900,HB,336398,54781.0,1,2.59,9.773,16.0,17.0,-1.0,10.0,18.0,0.0,7.0,16.0,17.0,0,0,,HB tick=336398 exp_id=198 t_ms=54781 run=1 ts=20.000 as=16.500 ta=0.000 aa=0.674 se=3.500 so=3.401 ae=-0.674 ao=-7.000 pwm=14 pc=3 hd=-4 y=2.590 yr=9.773 L=0 R=7 OL=10 OR=18 el=16 er=17 ed=-1 dl=16 dr=17 cl=0 cr=0 ok=1411 fail=0 vofa=firewater rx=216 txdrop=0
1775033385.8908837,1775033385890883500,10696676061100,HB,336630,55013.0,1,5.848,11.267,13.0,19.0,-6.0,10.0,18.0,0.0,7.0,13.0,19.0,0,0,,HB tick=336630 exp_id=198 t_ms=55013 run=1 ts=20.000 as=16.000 ta=0.000 aa=2.590 se=4.000 so=3.462 ae=-2.590 ao=-7.000 pwm=14 pc=3 hd=-4 y=5.848 yr=11.267 L=0 R=7 OL=10 OR=18 el=13 er=19 ed=-6 dl=13 dr=19 cl=0 cr=0 ok=1412 fail=0 vofa=firewater rx=216 txdrop=0
1775033386.0886006,1775033386088600700,10696873778300,HB,336835,55218.0,1,-0.617,-3.713,13.0,21.0,-8.0,10.0,18.0,0.0,7.0,13.0,21.0,0,0,,HB tick=336835 exp_id=198 t_ms=55218 run=1 ts=20.000 as=17.000 ta=0.000 aa=5.848 se=3.000 so=3.369 ae=-5.848 ao=-7.000 pwm=14 pc=3 hd=-4 y=-0.617 yr=-3.713 L=0 R=7 OL=10 OR=18 el=13 er=21 ed=-8 dl=13 dr=21 cl=0 cr=0 ok=1413 fail=0 vofa=firewater rx=216 txdrop=0
1775033386.295567,1775033386295567200,10697080744600,HB,337040,55423.0,1,-8.834,-16.443,18.0,14.0,4.0,19.0,11.0,8.0,0.0,18.0,14.0,0,0,yaw_jump,HB tick=337040 exp_id=198 t_ms=55423 run=1 ts=20.000 as=16.000 ta=0.000 aa=-0.617 se=4.000 so=3.478 ae=0.617 ao=5.842 pwm=15 pc=4 hd=4 y=-8.834 yr=-16.443 L=8 R=0 OL=19 OR=11 el=18 er=14 ed=4 dl=18 dr=14 cl=0 cr=0 ok=1414 fail=0 vofa=firewater rx=216 txdrop=0
1775033386.5021074,1775033386502107300,10697287284600,HB,337245,55628.0,1,-9.209,-11.328,20.0,13.0,7.0,18.0,10.0,7.0,0.0,20.0,13.0,0,0,,HB tick=337245 exp_id=198 t_ms=55628 run=1 ts=20.000 as=16.500 ta=0.000 aa=-8.834 se=3.500 so=3.437 ae=8.834 ao=7.000 pwm=14 pc=3 hd=4 y=-9.209 yr=-11.328 L=7 R=0 OL=18 OR=10 el=20 er=13 ed=7 dl=20 dr=13 cl=0 cr=0 ok=1415 fail=0 vofa=firewater rx=216 txdrop=0
1775033386.71062,1775033386710620000,10697495797300,HB,337455,55838.0,1,-2.86,3.218,21.0,13.0,8.0,18.0,10.0,7.0,0.0,21.0,13.0,0,0,,HB tick=337455 exp_id=198 t_ms=55838 run=1 ts=20.000 as=17.000 ta=0.000 aa=-9.209 se=3.000 so=3.395 ae=9.209 ao=7.000 pwm=14 pc=3 hd=4 y=-2.860 yr=3.218 L=7 R=0 OL=18 OR=10 el=21 er=13 ed=8 dl=21 dr=13 cl=0 cr=0 ok=1416 fail=0 vofa=firewater rx=216 txdrop=0
1775033386.9280581,1775033386928058200,10697713235400,HB,337677,56060.0,1,14.766,29.88,21.0,12.0,9.0,18.0,10.0,7.0,0.0,21.0,12.0,0,0,yaw_jump,HB tick=337677 exp_id=198 t_ms=56060 run=1 ts=20.000 as=16.500 ta=0.000 aa=-2.860 se=3.500 so=3.453 ae=2.860 ao=7.000 pwm=14 pc=3 hd=4 y=14.766 yr=29.880 L=7 R=0 OL=18 OR=10 el=21 er=12 ed=9 dl=21 dr=12 cl=0 cr=0 ok=1417 fail=0 vofa=firewater rx=216 txdrop=0
1775033387.0836835,1775033387083683500,10697868860900,HB,337833,56216.0,1,16.712,23.788,15.0,18.0,-3.0,10.0,18.0,0.0,7.0,15.0,18.0,0,0,,HB tick=337833 exp_id=198 t_ms=56216 run=1 ts=20.000 as=16.500 ta=0.000 aa=14.766 se=3.500 so=3.460 ae=-14.766 ao=-7.000 pwm=14 pc=3 hd=-4 y=16.712 yr=23.788 L=0 R=7 OL=10 OR=18 el=15 er=18 ed=-3 dl=15 dr=18 cl=0 cr=0 ok=1418 fail=0 vofa=firewater rx=216 txdrop=0
1775033387.3229418,1775033387322941600,10698108119300,HB,338066,56449.0,1,19.363,19.445,14.0,20.0,-6.0,10.0,18.0,0.0,7.0,14.0,20.0,0,0,,HB tick=338066 exp_id=198 t_ms=56449 run=1 ts=20.000 as=17.000 ta=0.000 aa=16.712 se=3.000 so=3.419 ae=-16.712 ao=-7.000 pwm=14 pc=3 hd=-4 y=19.363 yr=19.445 L=0 R=7 OL=10 OR=18 el=14 er=20 ed=-6 dl=14 dr=20 cl=0 cr=0 ok=1419 fail=0 vofa=firewater rx=216 txdrop=0
1775033387.5308542,1775033387530854100,10698316031300,HB,338275,56658.0,1,12.954,1.907,12.0,21.0,-9.0,10.0,18.0,0.0,7.0,12.0,21.0,0,0,,HB tick=338275 exp_id=198 t_ms=56658 run=1 ts=20.000 as=16.500 ta=0.000 aa=19.363 se=3.500 so=3.478 ae=-19.363 ao=-7.000 pwm=14 pc=3 hd=-4 y=12.954 yr=1.907 L=0 R=7 OL=10 OR=18 el=12 er=21 ed=-9 dl=12 dr=21 cl=0 cr=0 ok=1420 fail=0 vofa=firewater rx=216 txdrop=0
1775033387.7387614,1775033387738761500,10698523939000,HB,338480,56863.0,1,2.781,-16.13,13.0,21.0,-8.0,10.0,18.0,0.0,7.0,13.0,21.0,0,0,yaw_jump,HB tick=338480 exp_id=198 t_ms=56863 run=1 ts=20.000 as=17.000 ta=0.000 aa=12.954 se=3.000 so=3.436 ae=-12.954 ao=-7.000 pwm=14 pc=3 hd=-4 y=2.781 yr=-16.130 L=0 R=7 OL=10 OR=18 el=13 er=21 ed=-8 dl=13 dr=21 cl=0 cr=0 ok=1421 fail=0 vofa=firewater rx=216 txdrop=0
1775033387.8963249,1775033387896324900,10698681502400,HB,338641,57024.0,1,-5.183,-27.798,12.0,21.0,-9.0,10.0,18.0,0.0,7.0,12.0,21.0,0,0,,HB tick=338641 exp_id=198 t_ms=57024 run=1 ts=20.000 as=16.500 ta=0.000 aa=2.781 se=3.500 so=3.493 ae=-2.781 ao=-7.000 pwm=14 pc=3 hd=-4 y=-5.183 yr=-27.798 L=0 R=7 OL=10 OR=18 el=12 er=21 ed=-9 dl=12 dr=21 cl=0 cr=0 ok=1422 fail=0 vofa=firewater rx=216 txdrop=0
1775033388.1259403,1775033388125940300,10698911117400,HB,338874,57257.0,1,-15.697,-33.861,19.0,15.0,4.0,18.0,10.0,7.0,0.0,19.0,15.0,0,0,yaw_jump,HB tick=338874 exp_id=198 t_ms=57257 run=1 ts=20.000 as=17.000 ta=0.000 aa=-5.183 se=3.000 so=3.452 ae=5.183 ao=7.000 pwm=14 pc=3 hd=4 y=-15.697 yr=-33.861 L=7 R=0 OL=18 OR=10 el=19 er=15 ed=4 dl=19 dr=15 cl=0 cr=0 ok=1423 fail=0 vofa=firewater rx=216 txdrop=0
1775033388.3433547,1775033388343354600,10699128531800,HB,339095,57478.0,1,-10.518,-13.809,21.0,14.0,7.0,18.0,10.0,7.0,0.0,21.0,14.0,0,0,,HB tick=339095 exp_id=198 t_ms=57478 run=1 ts=20.000 as=17.500 ta=0.000 aa=-15.697 se=2.500 so=3.411 ae=15.697 ao=7.000 pwm=14 pc=3 hd=4 y=-10.518 yr=-13.809 L=7 R=0 OL=18 OR=10 el=21 er=14 ed=7 dl=21 dr=14 cl=0 cr=0 ok=1424 fail=0 vofa=firewater rx=216 txdrop=0
1775033388.5499928,1775033388549992800,10699335170200,HB,339295,57678.0,1,-8.188,-4.898,21.0,12.0,9.0,19.0,11.0,8.0,0.0,21.0,12.0,0,0,,HB tick=339295 exp_id=198 t_ms=57678 run=1 ts=20.000 as=16.500 ta=0.000 aa=-10.518 se=3.500 so=3.518 ae=10.518 ao=7.000 pwm=15 pc=4 hd=4 y=-8.188 yr=-4.898 L=8 R=0 OL=19 OR=11 el=21 er=12 ed=9 dl=21 dr=12 cl=0 cr=0 ok=1425 fail=0 vofa=firewater rx=216 txdrop=0
1775033388.7158163,1775033388715816100,10699500993600,HB,339456,57839.0,1,-0.753,12.979,22.0,14.0,8.0,18.0,10.0,7.0,0.0,22.0,14.0,0,0,,HB tick=339456 exp_id=198 t_ms=57839 run=1 ts=20.000 as=18.000 ta=0.000 aa=-8.188 se=2.000 so=3.373 ae=8.188 ao=7.000 pwm=14 pc=3 hd=4 y=-0.753 yr=12.979 L=7 R=0 OL=18 OR=10 el=22 er=14 ed=8 dl=22 dr=14 cl=0 cr=0 ok=1426 fail=0 vofa=firewater rx=216 txdrop=0
1775033388.9430463,1775033388943046300,10699728223500,HB,339688,58071.0,1,9.035,23.204,21.0,13.0,8.0,16.0,12.0,5.0,1.0,21.0,13.0,0,0,yaw_jump,HB tick=339688 exp_id=198 t_ms=58071 run=1 ts=20.000 as=17.000 ta=0.000 aa=-0.753 se=3.000 so=3.481 ae=0.753 ao=1.592 pwm=14 pc=3 hd=2 y=9.035 yr=23.204 L=5 R=1 OL=16 OR=12 el=21 er=13 ed=8 dl=21 dr=13 cl=0 cr=0 ok=1427 fail=0 vofa=firewater rx=216 txdrop=0
1775033389.150478,1775033389150477700,10699935654900,HB,339898,58281.0,1,20.258,33.787,16.0,17.0,-1.0,11.0,19.0,0.0,8.0,16.0,17.0,0,0,yaw_jump,HB tick=339898 exp_id=198 t_ms=58281 run=1 ts=20.000 as=16.500 ta=0.000 aa=9.035 se=3.500 so=3.540 ae=-9.035 ao=-7.000 pwm=15 pc=4 hd=-4 y=20.258 yr=33.787 L=0 R=8 OL=11 OR=19 el=16 er=17 ed=-1 dl=16 dr=17 cl=0 cr=0 ok=1428 fail=0 vofa=firewater rx=216 txdrop=0
1775033389.3171723,1775033389317172300,10700102350100,HB,340058,58441.0,1,21.923,25.605,13.0,20.0,-7.0,11.0,19.0,0.0,8.0,13.0,20.0,0,0,,HB tick=340058 exp_id=198 t_ms=58441 run=1 ts=20.000 as=16.500 ta=0.000 aa=20.258 se=3.500 so=3.546 ae=-20.258 ao=-7.000 pwm=15 pc=4 hd=-4 y=21.923 yr=25.605 L=0 R=8 OL=11 OR=19 el=13 er=20 ed=-7 dl=13 dr=20 cl=0 cr=0 ok=1429 fail=0 vofa=firewater rx=216 txdrop=0
1775033389.5457716,1775033389545771400,10700330949200,HB,340290,58673.0,1,16.465,8.409,13.0,21.0,-8.0,10.0,18.0,0.0,7.0,13.0,21.0,0,0,,HB tick=340290 exp_id=198 t_ms=58673 run=1 ts=20.000 as=17.000 ta=0.000 aa=21.923 se=3.000 so=3.504 ae=-21.923 ao=-7.000 pwm=14 pc=3 hd=-4 y=16.465 yr=8.409 L=0 R=7 OL=10 OR=18 el=13 er=21 ed=-8 dl=13 dr=21 cl=0 cr=0 ok=1430 fail=0 vofa=firewater rx=216 txdrop=0
1775033389.7441883,1775033389744188500,10700529365800,HB,340495,58878.0,1,5.628,-13.037,13.0,22.0,-9.0,10.0,18.0,0.0,7.0,13.0,22.0,0,0,yaw_jump,HB tick=340495 exp_id=198 t_ms=58878 run=1 ts=20.000 as=17.500 ta=0.000 aa=16.465 se=2.500 so=3.460 ae=-16.465 ao=-7.000 pwm=14 pc=3 hd=-4 y=5.628 yr=-13.037 L=0 R=7 OL=10 OR=18 el=13 er=22 ed=-9 dl=13 dr=22 cl=0 cr=0 ok=1431 fail=0 vofa=firewater rx=216 txdrop=0
1775033389.9516854,1775033389951685500,10700736863800,HB,340700,59083.0,1,-3.78,-24.537,13.0,22.0,-9.0,10.0,18.0,0.0,7.0,13.0,22.0,0,0,yaw_jump,HB tick=340700 exp_id=198 t_ms=59083 run=1 ts=20.000 as=17.500 ta=0.000 aa=5.628 se=2.500 so=3.466 ae=-5.628 ao=-7.000 pwm=14 pc=3 hd=-4 y=-3.780 yr=-24.537 L=0 R=7 OL=10 OR=18 el=13 er=22 ed=-9 dl=13 dr=22 cl=0 cr=0 ok=1432 fail=0 vofa=firewater rx=216 txdrop=0
1775033390.159483,1775033390159483000,10700944661400,HB,340905,59288.0,1,-14.349,-33.993,19.0,15.0,4.0,19.0,11.0,8.0,0.0,19.0,15.0,0,0,yaw_jump,HB tick=340905 exp_id=198 t_ms=59288 run=1 ts=20.000 as=17.000 ta=0.000 aa=-3.780 se=3.000 so=3.524 ae=3.780 ao=7.000 pwm=15 pc=4 hd=4 y=-14.349 yr=-33.993 L=8 R=0 OL=19 OR=11 el=19 er=15 ed=4 dl=19 dr=15 cl=0 cr=0 ok=1433 fail=0 vofa=firewater rx=216 txdrop=0
1775033390.3674788,1775033390367478700,10701152656700,HB,341114,59497.0,1,-15.553,-24.112,21.0,14.0,7.0,18.0,10.0,7.0,0.0,21.0,14.0,0,0,,HB tick=341114 exp_id=198 t_ms=59497 run=1 ts=20.000 as=17.500 ta=0.000 aa=-14.349 se=2.500 so=3.480 ae=14.349 ao=7.000 pwm=14 pc=3 hd=4 y=-15.553 yr=-24.112 L=7 R=0 OL=18 OR=10 el=21 er=14 ed=7 dl=21 dr=14 cl=0 cr=0 ok=1434 fail=0 vofa=firewater rx=216 txdrop=0
1775033390.5752482,1775033390575248100,10701360425200,HB,341319,59702.0,1,-8.828,-4.191,22.0,14.0,8.0,18.0,10.0,7.0,0.0,22.0,14.0,0,0,,HB tick=341319 exp_id=198 t_ms=59702 run=1 ts=20.000 as=18.000 ta=0.000 aa=-15.553 se=2.000 so=3.436 ae=15.553 ao=7.000 pwm=14 pc=3 hd=4 y=-8.828 yr=-4.191 L=7 R=0 OL=18 OR=10 el=22 er=14 ed=8 dl=22 dr=14 cl=0 cr=0 ok=1435 fail=0 vofa=firewater rx=216 txdrop=0
1775033390.8043664,1775033390804366300,10701589543600,HB,341540,59923.0,1,7.985,23.902,22.0,13.0,9.0,19.0,11.0,8.0,0.0,22.0,13.0,0,0,yaw_jump,HB tick=341540 exp_id=198 t_ms=59923 run=1 ts=20.000 as=17.500 ta=0.000 aa=-8.828 se=2.500 so=3.494 ae=8.828 ao=7.000 pwm=15 pc=4 hd=4 y=7.985 yr=23.902 L=8 R=0 OL=19 OR=11 el=22 er=13 ed=9 dl=22 dr=13 cl=0 cr=0 ok=1436 fail=0 vofa=firewater rx=216 txdrop=0
1775033391.0009437,1775033391000943500,10701786120700,HB,341740,60123.0,1,11.066,20.929,16.0,18.0,-2.0,11.0,19.0,0.0,8.0,16.0,18.0,0,0,,HB tick=341740 exp_id=198 t_ms=60123 run=1 ts=20.000 as=17.000 ta=0.000 aa=7.985 se=3.000 so=3.551 ae=-7.985 ao=-7.000 pwm=15 pc=4 hd=-4 y=11.066 yr=20.929 L=0 R=8 OL=11 OR=19 el=16 er=18 ed=-2 dl=16 dr=18 cl=0 cr=0 ok=1437 fail=0 vofa=firewater rx=216 txdrop=0
1775033402.61208,1775033402612080200,10713397260000,HB,353254,0.0,0,13.529,0.0,0.0,0.0,0.0,0.0,0.0,0.0,0.0,0.0,0.0,0,0,,HB tick=353254 run=0 ts=0.000 as=0.000 ta=0.000 aa=0.000 se=0.000 so=0.000 ae=0.000 ao=0.000 pwm=0 pc=0 hd=0 y=13.529 yr=0.000 L=0 R=0 OL=0 OR=0 el=0 er=0 ed=0 dl=0 dr=0 cl=0 cr=0 ok=1438 fail=0 vofa=firewater rx=272 txdrop=12658
1775033402.8518991,1775033402851899200,10713637077200,HB,353602,0.0,0,13.528,-0.0,0.0,0.0,0.0,0.0,0.0,0.0,0.0,0.0,0.0,0,0,,HB tick=353602 run=0 ts=0.000 as=0.000 ta=0.000 aa=0.000 se=0.000 so=0.000 ae=0.000 ao=0.000 pwm=0 pc=0 hd=0 y=13.528 yr=-0.000 L=0 R=0 OL=0 OR=0 el=0 er=0 ed=0 dl=0 dr=0 cl=0 cr=0 ok=1439 fail=0 vofa=firewater rx=272 txdrop=12658
1775033403.079825,1775033403079825000,10713865002500,HB,353832,0.0,0,13.528,-0.0,0.0,0.0,0.0,0.0,0.0,0.0,0.0,0.0,0.0,0,0,,HB tick=353832 run=0 ts=0.000 as=0.000 ta=0.000 aa=0.000 se=0.000 so=0.000 ae=0.000 ao=0.000 pwm=0 pc=0 hd=0 y=13.528 yr=-0.000 L=0 R=0 OL=0 OR=0 el=0 er=0 ed=0 dl=0 dr=0 cl=0 cr=0 ok=1440 fail=0 vofa=firewater rx=272 txdrop=12658
1775033403.287394,1775033403287394000,10714072571300,HB,354035,0.0,0,13.529,0.0,0.0,0.0,0.0,0.0,0.0,0.0,0.0,0.0,0.0,0,0,,HB tick=354035 run=0 ts=0.000 as=0.000 ta=0.000 aa=0.000 se=0.000 so=0.000 ae=0.000 ao=0.000 pwm=0 pc=0 hd=0 y=13.529 yr=0.000 L=0 R=0 OL=0 OR=0 el=0 er=0 ed=0 dl=0 dr=0 cl=0 cr=0 ok=1441 fail=0 vofa=firewater rx=272 txdrop=12658
1775033403.4837303,1775033403483730400,10714268908100,HB,354238,0.0,0,13.529,0.0,0.0,0.0,0.0,0.0,0.0,0.0,0.0,0.0,0.0,0,0,,HB tick=354238 run=0 ts=0.000 as=0.000 ta=0.000 aa=0.000 se=0.000 so=0.000 ae=0.000 ao=0.000 pwm=0 pc=0 hd=0 y=13.529 yr=0.000 L=0 R=0 OL=0 OR=0 el=0 er=0 ed=0 dl=0 dr=0 cl=0 cr=0 ok=1442 fail=0 vofa=firewater rx=272 txdrop=12658
1775033403.7138305,1775033403713830300,10714499007500,HB,354442,0.0,0,13.529,0.0,0.0,0.0,0.0,0.0,0.0,0.0,0.0,0.0,0.0,0,0,,HB tick=354442 run=0 ts=0.000 as=0.000 ta=0.000 aa=0.000 se=0.000 so=0.000 ae=0.000 ao=0.000 pwm=0 pc=0 hd=0 y=13.529 yr=0.000 L=0 R=0 OL=0 OR=0 el=0 er=0 ed=0 dl=0 dr=0 cl=0 cr=0 ok=1443 fail=0 vofa=firewater rx=272 txdrop=12658
1775033404.0368474,1775033404036847300,10714822024800,HB,354791,0.0,0,13.528,-0.0,0.0,0.0,0.0,0.0,0.0,0.0,0.0,0.0,0.0,0,0,,HB tick=354791 run=0 ts=0.000 as=0.000 ta=0.000 aa=0.000 se=0.000 so=0.000 ae=0.000 ao=0.000 pwm=0 pc=0 hd=0 y=13.528 yr=-0.000 L=0 R=0 OL=0 OR=0 el=0 er=0 ed=0 dl=0 dr=0 cl=0 cr=0 ok=1444 fail=0 vofa=firewater rx=272 txdrop=12658
1775033404.275195,1775033404275194800,10715060375700,HB,355021,0.0,0,13.529,0.001,0.0,0.0,0.0,0.0,0.0,0.0,0.0,0.0,0.0,0,0,,HB tick=355021 run=0 ts=0.000 as=0.000 ta=0.000 aa=0.000 se=0.000 so=0.000 ae=0.000 ao=0.000 pwm=0 pc=0 hd=0 y=13.529 yr=0.001 L=0 R=0 OL=0 OR=0 el=0 er=0 ed=0 dl=0 dr=0 cl=0 cr=0 ok=1445 fail=0 vofa=firewater rx=272 txdrop=12658
1775033404.4745533,1775033404474553300,10715259733500,HB,355228,0.0,0,13.529,0.0,0.0,0.0,0.0,0.0,0.0,0.0,0.0,0.0,0.0,0,0,,HB tick=355228 run=0 ts=0.000 as=0.000 ta=0.000 aa=0.000 se=0.000 so=0.000 ae=0.000 ao=0.000 pwm=0 pc=0 hd=0 y=13.529 yr=0.000 L=0 R=0 OL=0 OR=0 el=0 er=0 ed=0 dl=0 dr=0 cl=0 cr=0 ok=1446 fail=0 vofa=firewater rx=272 txdrop=12658
1775033404.6841733,1775033404684173300,10715469350700,HB,355432,0.0,0,13.529,0.001,0.0,0.0,0.0,0.0,0.0,0.0,0.0,0.0,0.0,0,0,,HB tick=355432 run=0 ts=0.000 as=0.000 ta=0.000 aa=0.000 se=0.000 so=0.000 ae=0.000 ao=0.000 pwm=0 pc=0 hd=0 y=13.529 yr=0.001 L=0 R=0 OL=0 OR=0 el=0 er=0 ed=0 dl=0 dr=0 cl=0 cr=0 ok=1447 fail=0 vofa=firewater rx=272 txdrop=12658
1775033404.901597,1775033404901597000,10715686774400,HB,355636,0.0,0,13.529,0.001,0.0,0.0,0.0,0.0,0.0,0.0,0.0,0.0,0.0,0,0,,HB tick=355636 run=0 ts=0.000 as=0.000 ta=0.000 aa=0.000 se=0.000 so=0.000 ae=0.000 ao=0.000 pwm=0 pc=0 hd=0 y=13.529 yr=0.001 L=0 R=0 OL=0 OR=0 el=0 er=0 ed=0 dl=0 dr=0 cl=0 cr=0 ok=1448 fail=0 vofa=firewater rx=272 txdrop=12658
