host_time_s,host_time_ns,host_monotonic_ns,source,tick,t_ms,run,yaw,yaw_rate,left_encoder,right_encoder,encoder_diff,left_output,right_output,left_core,right_core,raw_left_delta,raw_right_delta,left_clamped,right_clamped,anomaly_flags,raw_line
1775027127.9217846,1775027127921784500,4438706965100,STAT,753085,0.0,0,-0.087715,0.000375,0.0,0.0,0.0,0.0,0.0,0.0,0.0,0.0,0.0,0,0,,STAT tick=753085 run=0 spd=1 ts=0.000000 as=0.000000 ta=0.000000 aa=0.000000 se=0.000000 so=0.000000 ae=0.000000 ao=0.000000 pwm=0 pc=0 hd=0 y=-0.087715 p=-0.758520 r=4.822457 yr=0.000375 ax=0 ay=0 az=0 gx=0 gy=0 gz=0 who=0x85 addr=0x4A icm_ok=3839 icm_fail=0 L=0 R=0 OL=0 OR=0 el=0 er=0 ed=0 dl=0 dr=0 cl=0 cr=0 skp=0.100000 ski=0.012000 skd=0.000000 akp=0.240000 aki=0.002400 akd=0.320000 ok=2214 fail=0 vofa=firewater rx=401 txdrop=11851
1775027131.7127504,1775027131712750300,4442497927700,STAT,756881,0.0,0,-0.101403,-8.4e-05,0.0,0.0,0.0,0.0,0.0,0.0,0.0,0.0,0.0,0,0,,STAT tick=756881 run=0 spd=1 ts=0.000000 as=0.000000 ta=0.000000 aa=0.000000 se=0.000000 so=0.000000 ae=0.000000 ao=0.000000 pwm=0 pc=0 hd=0 y=-0.101403 p=-0.750946 r=4.822415 yr=-0.000084 ax=0 ay=0 az=0 gx=0 gy=0 gz=0 who=0x85 addr=0x4A icm_ok=3859 icm_fail=0 L=0 R=0 OL=0 OR=0 el=0 er=0 ed=0 dl=0 dr=0 cl=0 cr=0 skp=0.100000 ski=0.012000 skd=0.000000 akp=0.240000 aki=0.002400 akd=0.320000 ok=2214 fail=0 vofa=firewater rx=407 txdrop=11851
1775027135.3412802,1775027135341280300,4446126458100,STAT,760510,0.0,0,-0.095599,0.003832,0.0,0.0,0.0,0.0,0.0,0.0,0.0,0.0,0.0,0,0,,STAT tick=760510 run=0 spd=1 ts=0.000000 as=0.000000 ta=0.000000 aa=0.000000 se=0.000000 so=0.000000 ae=0.000000 ao=0.000000 pwm=0 pc=0 hd=0 y=-0.095599 p=-0.779188 r=4.822945 yr=0.003832 ax=0 ay=0 az=0 gx=0 gy=0 gz=0 who=0x85 addr=0x4A icm_ok=3878 icm_fail=0 L=0 R=0 OL=0 OR=0 el=0 er=0 ed=0 dl=0 dr=0 cl=0 cr=0 skp=0.100000 ski=0.012000 skd=0.000000 akp=0.240000 aki=0.002400 akd=0.320000 ok=2214 fail=0 vofa=firewater rx=413 txdrop=11851
1775027146.7343159,1775027146734315900,4457519493000,STAT,771902,0.0,0,-0.087767,0.000378,0.0,0.0,0.0,0.0,0.0,0.0,0.0,0.0,0.0,0,0,,STAT tick=771902 run=0 spd=1 ts=0.000000 as=0.000000 ta=0.000000 aa=0.000000 se=0.000000 so=0.000000 ae=0.000000 ao=0.000000 pwm=0 pc=0 hd=0 y=-0.087767 p=-0.758383 r=4.829468 yr=0.000378 ax=0 ay=0 az=0 gx=0 gy=0 gz=0 who=0x85 addr=0x4A icm_ok=3938 icm_fail=0 L=0 R=0 OL=0 OR=0 el=0 er=0 ed=0 dl=0 dr=0 cl=0 cr=0 skp=0.100000 ski=0.012000 skd=0.000000 akp=0.270000 aki=0.002400 akd=0.320000 ok=2214 fail=0 vofa=firewater rx=503 txdrop=11851
1775027147.597581,1775027147597580901,4458382757901,HB,772751,105.0,1,0.0,0.0,0.0,0.0,0.0,0.0,0.0,0.0,0.0,0.0,0.0,0,0,,HB tick=772751 exp_id=187 t_ms=105 run=1 spd=1 ts=0.000 as=0.000 ta=0.000 aa=0.000 se=0.000 so=0.000 ae=0.000 ao=0.000 pwm=0 pc=0 hd=0 y=0.000 yr=0.000 L=0 R=0 OL=0 OR=0 el=0 er=0 ed=0 dl=0 dr=0 cl=0 cr=0 ok=2214 fail=0 vofa=firewater rx=522 txdrop=11851
1775027147.7240748,1775027147724074700,4458509251900,HB,772908,262.0,1,0.0,0.0,10.0,9.0,1.0,12.0,12.0,1.0,1.0,10.0,9.0,0,0,,HB tick=772908 exp_id=187 t_ms=262 run=1 spd=1 ts=20.000 as=9.500 ta=0.000 aa=0.000 se=10.500 so=1.075 ae=0.000 ao=0.000 pwm=12 pc=1 hd=0 y=0.000 yr=0.000 L=1 R=1 OL=12 OR=12 el=10 er=9 ed=1 dl=10 dr=9 cl=0 cr=0 ok=2215 fail=0 vofa=firewater rx=536 txdrop=11851
1775027147.9526045,1775027147952604500,4458737781700,HB,773141,495.0,1,0.426,0.639,14.0,13.0,1.0,12.0,12.0,1.0,1.0,14.0,13.0,0,0,,HB tick=773141 exp_id=187 t_ms=495 run=1 spd=1 ts=20.000 as=13.500 ta=0.000 aa=0.000 se=6.500 so=0.697 ae=0.000 ao=0.000 pwm=12 pc=1 hd=0 y=0.426 yr=0.639 L=1 R=1 OL=12 OR=12 el=14 er=13 ed=1 dl=14 dr=13 cl=0 cr=0 ok=2216 fail=0 vofa=firewater rx=536 txdrop=11851
1775027148.1595964,1775027148159596600,4458944774100,HB,773346,700.0,1,1.095,1.558,14.0,14.0,0.0,11.0,13.0,0.0,2.0,14.0,14.0,0,0,,HB tick=773346 exp_id=187 t_ms=700 run=1 spd=1 ts=20.000 as=14.000 ta=0.000 aa=0.425 se=6.000 so=0.661 ae=-0.425 ao=-0.267 pwm=12 pc=1 hd=-1 y=1.095 yr=1.558 L=0 R=2 OL=11 OR=13 el=14 er=14 ed=0 dl=14 dr=14 cl=0 cr=0 ok=2217 fail=0 vofa=firewater rx=536 txdrop=11851
1775027148.3258376,1775027148325837600,4459111014800,HB,773507,861.0,1,1.354,1.576,14.0,15.0,-1.0,11.0,13.0,0.0,2.0,14.0,15.0,0,0,,HB tick=773507 exp_id=187 t_ms=861 run=1 spd=1 ts=20.000 as=14.500 ta=0.000 aa=1.095 se=5.500 so=0.623 ae=-1.095 ao=-0.767 pwm=12 pc=1 hd=-1 y=1.354 yr=1.576 L=0 R=2 OL=11 OR=13 el=14 er=15 ed=-1 dl=14 dr=15 cl=0 cr=0 ok=2218 fail=0 vofa=firewater rx=536 txdrop=11851
1775027148.5748482,1775027148574848200,4459360026000,HB,773756,1110.0,1,1.411,1.104,13.0,15.0,-2.0,11.0,13.0,0.0,2.0,13.0,15.0,0,0,,HB tick=773756 exp_id=187 t_ms=1110 run=1 spd=1 ts=20.000 as=14.000 ta=0.000 aa=1.354 se=6.000 so=0.691 ae=-1.354 ao=-0.871 pwm=12 pc=1 hd=-1 y=1.411 yr=1.104 L=0 R=2 OL=11 OR=13 el=13 er=15 ed=-2 dl=13 dr=15 cl=0 cr=0 ok=2219 fail=0 vofa=firewater rx=536 txdrop=11851
1775027148.7308257,1775027148730825800,4459516002900,HB,773913,1267.0,1,1.284,0.435,13.0,14.0,-1.0,11.0,13.0,0.0,2.0,13.0,14.0,0,0,,HB tick=773913 exp_id=187 t_ms=1267 run=1 spd=1 ts=20.000 as=13.500 ta=0.000 aa=1.410 se=6.500 so=0.753 ae=-1.410 ao=-0.736 pwm=12 pc=1 hd=-1 y=1.284 yr=0.435 L=0 R=2 OL=11 OR=13 el=13 er=14 ed=-1 dl=13 dr=14 cl=0 cr=0 ok=2220 fail=0 vofa=firewater rx=536 txdrop=11851
1775027148.9628196,1775027148962819700,4459747997000,HB,774146,1500.0,1,0.01,-1.631,14.0,15.0,-1.0,12.0,12.0,1.0,1.0,14.0,15.0,0,0,,HB tick=774146 exp_id=187 t_ms=1500 run=1 spd=1 ts=20.000 as=14.500 ta=0.000 aa=1.284 se=5.500 so=0.669 ae=-1.284 ao=-0.489 pwm=12 pc=1 hd=0 y=0.010 yr=-1.631 L=1 R=1 OL=12 OR=12 el=14 er=15 ed=-1 dl=14 dr=15 cl=0 cr=0 ok=2221 fail=0 vofa=firewater rx=550 txdrop=11851
1775027149.1200733,1775027149120073100,4459905251000,HB,774307,1661.0,1,-1.12,-3.516,14.0,14.0,0.0,12.0,12.0,1.0,1.0,14.0,14.0,0,0,,HB tick=774307 exp_id=187 t_ms=1661 run=1 spd=1 ts=20.000 as=14.000 ta=0.000 aa=0.009 se=6.000 so=0.731 ae=-0.009 ao=0.517 pwm=12 pc=1 hd=0 y=-1.120 yr=-3.516 L=1 R=1 OL=12 OR=12 el=14 er=14 ed=0 dl=14 dr=14 cl=0 cr=0 ok=2222 fail=0 vofa=firewater rx=550 txdrop=11851
1775027149.307393,1775027149307393100,4460092570300,HB,774496,1850.0,1,-1.329,-2.673,15.0,14.0,1.0,13.0,11.0,2.0,0.0,15.0,14.0,0,0,,HB tick=774496 exp_id=187 t_ms=1850 run=1 spd=1 ts=20.000 as=14.500 ta=0.000 aa=-1.120 se=5.500 so=0.694 ae=1.120 ao=1.425 pwm=12 pc=1 hd=1 y=-1.329 yr=-2.673 L=2 R=0 OL=13 OR=11 el=15 er=14 ed=1 dl=15 dr=14 cl=0 cr=0 ok=2223 fail=0 vofa=firewater rx=550 txdrop=11851
1775027149.5678422,1775027149567842200,4460353020000,HB,774751,2105.0,1,-0.904,-1.154,15.0,15.0,0.0,13.0,11.0,2.0,0.0,15.0,15.0,0,0,,HB tick=774751 exp_id=187 t_ms=2105 run=1 spd=1 ts=20.000 as=15.000 ta=0.000 aa=-1.329 se=5.000 so=0.662 ae=1.329 ao=1.213 pwm=12 pc=1 hd=1 y=-0.904 yr=-1.154 L=2 R=0 OL=13 OR=11 el=15 er=15 ed=0 dl=15 dr=15 cl=0 cr=0 ok=2224 fail=0 vofa=firewater rx=550 txdrop=11851
1775027149.7235167,1775027149723516700,4460508693800,HB,774907,2261.0,1,-0.724,-0.345,14.0,14.0,0.0,13.0,11.0,2.0,0.0,14.0,14.0,0,0,,HB tick=774907 exp_id=187 t_ms=2261 run=1 spd=1 ts=20.000 as=14.000 ta=0.000 aa=-0.905 se=6.000 so=0.773 ae=0.905 ao=0.613 pwm=12 pc=1 hd=1 y=-0.724 yr=-0.345 L=2 R=0 OL=13 OR=11 el=14 er=14 ed=0 dl=14 dr=14 cl=0 cr=0 ok=2225 fail=0 vofa=firewater rx=550 txdrop=11851
1775027149.9742336,1775027149974233700,4460759410700,HB,775157,2511.0,1,0.777,1.877,14.0,14.0,0.0,12.0,12.0,1.0,1.0,14.0,14.0,0,0,,HB tick=775157 exp_id=187 t_ms=2511 run=1 spd=1 ts=20.000 as=14.000 ta=0.000 aa=-0.724 se=6.000 so=0.790 ae=0.724 ao=0.305 pwm=12 pc=1 hd=0 y=0.777 yr=1.877 L=1 R=1 OL=12 OR=12 el=14 er=14 ed=0 dl=14 dr=14 cl=0 cr=0 ok=2226 fail=0 vofa=firewater rx=550 txdrop=11851
1775027150.129006,1775027150129005900,4460914183300,HB,775313,2667.0,1,0.888,1.47,13.0,14.0,-1.0,11.0,13.0,0.0,2.0,13.0,14.0,0,0,,HB tick=775313 exp_id=187 t_ms=2667 run=1 spd=1 ts=20.000 as=13.500 ta=0.000 aa=0.777 se=6.500 so=0.851 ae=-0.777 ao=-0.811 pwm=12 pc=1 hd=-1 y=0.888 yr=1.470 L=0 R=2 OL=11 OR=13 el=13 er=14 ed=-1 dl=13 dr=14 cl=0 cr=0 ok=2227 fail=0 vofa=firewater rx=550 txdrop=11851
1775027150.2957885,1775027150295788600,4461080966500,STAT,775458,2812.0,1,0.888275,1.469671,14.0,16.0,-2.0,11.0,13.0,0.0,2.0,14.0,16.0,0,0,,STAT tick=775458 exp_id=187 t_ms=2812 run=1 spd=1 ts=20.000000 as=15.000000 ta=0.000000 aa=0.887978 se=5.000000 so=0.710960 ae=-0.887978 ao=-0.711277 pwm=12 pc=1 hd=-1 y=0.888275 p=-0.689948 r=5.487386 yr=1.469671 ax=0 ay=0 az=0 gx=0 gy=0 gz=0 who=0x85 addr=0x4A icm_ok=3957 icm_fail=0 L=0 R=2 OL=11 OR=13 el=14 er=16 ed=-2 dl=14 dr=16 cl=0 cr=0 skp=0.100000 ski=0.012000 skd=0.000000 akp=0.270000 aki=0.002400 akd=0.320000 ok=2228 fail=0 vofa=firewater rx=556 txdrop=11851
1775027150.3170276,1775027150317027700,4461102204800,HB,775506,2859.0,1,0.949,1.066,14.0,15.0,-1.0,12.0,12.0,1.0,1.0,14.0,15.0,0,0,,HB tick=775506 exp_id=187 t_ms=2859 run=1 spd=1 ts=20.000 as=14.500 ta=0.000 aa=0.888 se=5.500 so=0.764 ae=-0.888 ao=-0.711 pwm=12 pc=1 hd=0 y=0.949 yr=1.066 L=1 R=1 OL=12 OR=12 el=14 er=15 ed=-1 dl=14 dr=15 cl=0 cr=0 ok=2228 fail=0 vofa=firewater rx=556 txdrop=11851
1775027150.5567572,1775027150556757200,4461341937300,HB,775738,3092.0,1,-1.02,-2.265,13.0,15.0,-2.0,12.0,12.0,1.0,1.0,13.0,15.0,0,0,,HB tick=775738 exp_id=187 t_ms=3092 run=1 spd=1 ts=20.000 as=14.000 ta=0.000 aa=0.949 se=6.000 so=0.830 ae=-0.949 ao=-0.599 pwm=12 pc=1 hd=0 y=-1.020 yr=-2.265 L=1 R=1 OL=12 OR=12 el=13 er=15 ed=-2 dl=13 dr=15 cl=0 cr=0 ok=2229 fail=0 vofa=firewater rx=556 txdrop=11851
1775027150.712818,1775027150712817900,4461497995200,HB,775899,3253.0,1,-2.441,-4.562,15.0,13.0,2.0,13.0,11.0,2.0,0.0,15.0,13.0,0,0,,HB tick=775899 exp_id=187 t_ms=3253 run=1 spd=1 ts=20.000 as=14.000 ta=0.000 aa=-1.020 se=6.000 so=0.841 ae=1.020 ao=0.999 pwm=12 pc=1 hd=1 y=-2.441 yr=-4.562 L=2 R=0 OL=13 OR=11 el=15 er=13 ed=2 dl=15 dr=13 cl=0 cr=0 ok=2230 fail=0 vofa=firewater rx=556 txdrop=11851
1775027150.9417815,1775027150941781400,4461726958800,HB,776132,3486.0,1,-3.095,-3.951,14.0,14.0,0.0,13.0,11.0,2.0,0.0,14.0,14.0,0,0,,HB tick=776132 exp_id=187 t_ms=3486 run=1 spd=1 ts=20.000 as=14.000 ta=0.000 aa=-2.442 se=6.000 so=0.857 ae=2.442 ao=2.119 pwm=12 pc=1 hd=1 y=-3.095 yr=-3.951 L=2 R=0 OL=13 OR=11 el=14 er=14 ed=0 dl=14 dr=14 cl=0 cr=0 ok=2231 fail=0 vofa=firewater rx=556 txdrop=11851
1775027151.1689792,1775027151168979100,4461954156800,HB,776358,3712.0,1,-3.092,-2.563,15.0,15.0,0.0,13.0,11.0,2.0,0.0,15.0,15.0,0,0,,HB tick=776358 exp_id=187 t_ms=3712 run=1 spd=1 ts=20.000 as=15.000 ta=0.000 aa=-3.095 se=5.000 so=0.772 ae=3.095 ao=2.102 pwm=12 pc=1 hd=1 y=-3.092 yr=-2.563 L=2 R=0 OL=13 OR=11 el=15 er=15 ed=0 dl=15 dr=15 cl=0 cr=0 ok=2232 fail=0 vofa=firewater rx=556 txdrop=11851
1775027151.3256278,1775027151325627800,4462110805100,HB,776514,3868.0,1,-2.911,-1.26,14.0,13.0,1.0,13.0,11.0,2.0,0.0,14.0,13.0,0,0,,HB tick=776514 exp_id=187 t_ms=3868 run=1 spd=1 ts=20.000 as=13.500 ta=0.000 aa=-3.092 se=6.500 so=0.933 ae=3.092 ao=1.658 pwm=12 pc=1 hd=1 y=-2.911 yr=-1.260 L=2 R=0 OL=13 OR=11 el=14 er=13 ed=1 dl=14 dr=13 cl=0 cr=0 ok=2233 fail=0 vofa=firewater rx=556 txdrop=11851
1775027151.5784802,1775027151578480200,4462363657900,HB,776763,4117.0,1,-0.418,2.685,15.0,13.0,2.0,13.0,11.0,2.0,0.0,15.0,13.0,0,0,,HB tick=776763 exp_id=187 t_ms=4117 run=1 spd=1 ts=20.000 as=14.000 ta=0.000 aa=-2.911 se=6.000 so=0.900 ae=2.911 ao=1.194 pwm=12 pc=1 hd=1 y=-0.418 yr=2.685 L=2 R=0 OL=13 OR=11 el=15 er=13 ed=2 dl=15 dr=13 cl=0 cr=0 ok=2234 fail=0 vofa=firewater rx=556 txdrop=11851
1775027151.7761014,1775027151776101300,4462561280000,HB,776964,4317.0,1,0.058,2.577,14.0,14.0,0.0,12.0,12.0,1.0,1.0,14.0,14.0,0,0,,HB tick=776964 exp_id=187 t_ms=4317 run=1 spd=1 ts=20.000 as=14.000 ta=0.000 aa=-0.418 se=6.000 so=0.914 ae=0.418 ao=-0.742 pwm=12 pc=1 hd=0 y=0.058 yr=2.577 L=1 R=1 OL=12 OR=12 el=14 er=14 ed=0 dl=14 dr=14 cl=0 cr=0 ok=2235 fail=0 vofa=firewater rx=556 txdrop=11851
1775027152.0059352,1775027152005935000,4462791112600,HB,777189,4543.0,1,0.144,1.809,14.0,15.0,-1.0,11.0,13.0,0.0,2.0,14.0,15.0,0,0,,HB tick=777189 exp_id=187 t_ms=4543 run=1 spd=1 ts=20.000 as=14.500 ta=0.000 aa=0.058 se=5.500 so=0.879 ae=-0.058 ao=-0.836 pwm=12 pc=1 hd=-1 y=0.144 yr=1.809 L=0 R=2 OL=11 OR=13 el=14 er=15 ed=-1 dl=14 dr=15 cl=0 cr=0 ok=2236 fail=0 vofa=firewater rx=556 txdrop=11851
1775027152.1615784,1775027152161578500,4462946755800,HB,777346,4700.0,1,0.041,0.946,14.0,14.0,0.0,12.0,12.0,1.0,1.0,14.0,14.0,0,0,,HB tick=777346 exp_id=187 t_ms=4700 run=1 spd=1 ts=20.000 as=14.000 ta=0.000 aa=0.144 se=6.000 so=0.941 ae=-0.144 ao=-0.613 pwm=12 pc=1 hd=0 y=0.041 yr=0.946 L=1 R=1 OL=12 OR=12 el=14 er=14 ed=0 dl=14 dr=14 cl=0 cr=0 ok=2237 fail=0 vofa=firewater rx=556 txdrop=11851
1775027152.4119098,1775027152411909800,4463197087400,HB,777595,4949.0,1,-0.976,-0.815,14.0,14.0,0.0,11.0,13.0,0.0,2.0,14.0,14.0,0,0,,HB tick=777595 exp_id=187 t_ms=4949 run=1 spd=1 ts=20.000 as=14.000 ta=0.000 aa=0.041 se=6.000 so=0.958 ae=-0.041 ao=-0.309 pwm=12 pc=1 hd=-1 y=-0.976 yr=-0.815 L=0 R=2 OL=11 OR=13 el=14 er=14 ed=0 dl=14 dr=14 cl=0 cr=0 ok=2238 fail=0 vofa=firewater rx=556 txdrop=11851
1775027152.567616,1775027152567616100,4463352793700,HB,777752,5106.0,1,-1.145,-0.905,14.0,14.0,0.0,12.0,12.0,1.0,1.0,14.0,14.0,0,0,,HB tick=777752 exp_id=187 t_ms=5106 run=1 spd=1 ts=20.000 as=14.000 ta=0.000 aa=-0.977 se=6.000 so=0.969 ae=0.977 ao=0.529 pwm=12 pc=1 hd=0 y=-1.145 yr=-0.905 L=1 R=1 OL=12 OR=12 el=14 er=14 ed=0 dl=14 dr=14 cl=0 cr=0 ok=2239 fail=0 vofa=firewater rx=556 txdrop=11851
1775027152.7967908,1775027152796790700,4463581968000,HB,777985,5339.0,1,-1.528,-1.164,15.0,13.0,2.0,12.0,12.0,1.0,1.0,15.0,13.0,0,0,,HB tick=777985 exp_id=187 t_ms=5339 run=1 spd=1 ts=20.000 as=14.000 ta=0.000 aa=-1.145 se=6.000 so=0.985 ae=1.145 ao=0.604 pwm=12 pc=1 hd=0 y=-1.528 yr=-1.164 L=1 R=1 OL=12 OR=12 el=15 er=13 ed=2 dl=15 dr=13 cl=0 cr=0 ok=2240 fail=0 vofa=firewater rx=556 txdrop=11851
1775027152.963833,1775027152963833100,4463749011700,HB,778146,5500.0,1,-1.346,-0.361,14.0,14.0,0.0,12.0,12.0,1.0,1.0,14.0,14.0,0,0,,HB tick=778146 exp_id=187 t_ms=5500 run=1 spd=1 ts=20.000 as=14.000 ta=0.000 aa=-1.528 se=6.000 so=0.996 ae=1.528 ao=0.791 pwm=12 pc=1 hd=0 y=-1.346 yr=-0.361 L=1 R=1 OL=12 OR=12 el=14 er=14 ed=0 dl=14 dr=14 cl=0 cr=0 ok=2241 fail=0 vofa=firewater rx=556 txdrop=11851
1775027153.1516147,1775027153151614800,4463936792500,HB,778335,5689.0,1,-1.157,0.114,15.0,13.0,2.0,13.0,11.0,2.0,0.0,15.0,13.0,0,0,,HB tick=778335 exp_id=187 t_ms=5689 run=1 spd=1 ts=20.000 as=14.000 ta=0.000 aa=-1.346 se=6.000 so=1.010 ae=1.346 ao=0.486 pwm=12 pc=1 hd=1 y=-1.157 yr=0.114 L=2 R=0 OL=13 OR=11 el=15 er=13 ed=2 dl=15 dr=13 cl=0 cr=0 ok=2242 fail=0 vofa=firewater rx=556 txdrop=11851
1775027153.4023647,1775027153402364600,4464187542000,HB,778589,5943.0,1,1.176,3.29,15.0,14.0,1.0,12.0,12.0,1.0,1.0,15.0,14.0,0,0,,HB tick=778589 exp_id=187 t_ms=5943 run=1 spd=1 ts=20.000 as=14.500 ta=0.000 aa=-1.158 se=5.500 so=0.977 ae=1.158 ao=0.284 pwm=12 pc=1 hd=0 y=1.176 yr=3.290 L=1 R=1 OL=12 OR=12 el=15 er=14 ed=1 dl=15 dr=14 cl=0 cr=0 ok=2243 fail=0 vofa=firewater rx=556 txdrop=11851
1775027153.6020918,1775027153602091700,4464387269000,HB,778784,6138.0,1,1.468,2.662,13.0,13.0,0.0,11.0,13.0,0.0,2.0,13.0,13.0,0,0,,HB tick=778784 exp_id=187 t_ms=6138 run=1 spd=1 ts=20.000 as=13.000 ta=0.000 aa=1.176 se=7.000 so=1.141 ae=-1.176 ao=-1.363 pwm=12 pc=1 hd=-1 y=1.468 yr=2.662 L=0 R=2 OL=11 OR=13 el=13 er=13 ed=0 dl=13 dr=13 cl=0 cr=0 ok=2244 fail=0 vofa=firewater rx=556 txdrop=11851
1775027153.7580135,1775027153758013400,4464543191900,HB,778945,6299.0,1,1.453,1.697,13.0,15.0,-2.0,11.0,13.0,0.0,2.0,13.0,15.0,0,0,,HB tick=778945 exp_id=187 t_ms=6299 run=1 spd=1 ts=20.000 as=14.000 ta=0.000 aa=1.468 se=6.000 so=1.053 ae=-1.468 ao=-1.242 pwm=12 pc=1 hd=-1 y=1.453 yr=1.697 L=0 R=2 OL=11 OR=13 el=13 er=15 ed=-2 dl=13 dr=15 cl=0 cr=0 ok=2245 fail=0 vofa=firewater rx=556 txdrop=11851
1775027153.9964406,1775027153996440500,4464781617600,HB,779178,6532.0,1,1.295,0.865,14.0,16.0,-2.0,11.0,13.0,0.0,2.0,14.0,16.0,0,0,,HB tick=779178 exp_id=187 t_ms=6532 run=1 spd=1 ts=20.000 as=15.000 ta=0.000 aa=1.452 se=5.000 so=0.969 ae=-1.452 ao=-0.930 pwm=12 pc=1 hd=-1 y=1.295 yr=0.865 L=0 R=2 OL=11 OR=13 el=14 er=16 ed=-2 dl=14 dr=16 cl=0 cr=0 ok=2246 fail=0 vofa=firewater rx=556 txdrop=11851
1775027154.1518404,1775027154151840600,4464937019500,HB,779339,6693.0,1,-0.799,-3.99,13.0,14.0,-1.0,11.0,13.0,0.0,2.0,13.0,14.0,0,0,,HB tick=779339 exp_id=187 t_ms=6693 run=1 spd=1 ts=20.000 as=13.500 ta=0.000 aa=1.294 se=6.500 so=1.130 ae=-1.294 ao=-0.621 pwm=12 pc=1 hd=-1 y=-0.799 yr=-3.990 L=0 R=2 OL=11 OR=13 el=13 er=14 ed=-1 dl=13 dr=14 cl=0 cr=0 ok=2247 fail=0 vofa=firewater rx=556 txdrop=11851
1775027154.4021506,1775027154402150700,4465187328400,HB,779588,6942.0,1,-2.608,-5.126,14.0,13.0,1.0,13.0,11.0,2.0,0.0,14.0,13.0,0,0,,HB tick=779588 exp_id=187 t_ms=6942 run=1 spd=1 ts=20.000 as=13.500 ta=0.000 aa=-0.799 se=6.500 so=1.148 ae=0.799 ao=1.498 pwm=12 pc=1 hd=1 y=-2.608 yr=-5.126 L=2 R=0 OL=13 OR=11 el=14 er=13 ed=1 dl=14 dr=13 cl=0 cr=0 ok=2248 fail=0 vofa=firewater rx=556 txdrop=11851
1775027154.558565,1775027154558564800,4465343743200,HB,779744,7098.0,1,-2.357,-2.768,14.0,14.0,0.0,13.0,11.0,2.0,0.0,14.0,14.0,0,0,,HB tick=779744 exp_id=187 t_ms=7098 run=1 spd=1 ts=20.000 as=14.000 ta=0.000 aa=-2.609 se=6.000 so=1.110 ae=2.609 ao=2.351 pwm=12 pc=1 hd=1 y=-2.357 yr=-2.768 L=2 R=0 OL=13 OR=11 el=14 er=14 ed=0 dl=14 dr=14 cl=0 cr=0 ok=2249 fail=0 vofa=firewater rx=556 txdrop=11851
1775027154.8193414,1775027154819341400,4465604518900,HB,780005,7359.0,1,-0.615,0.537,15.0,13.0,2.0,13.0,11.0,2.0,0.0,15.0,13.0,0,0,,HB tick=780005 exp_id=187 t_ms=7359 run=1 spd=1 ts=20.000 as=14.000 ta=0.000 aa=-2.357 se=6.000 so=1.129 ae=2.357 ao=1.530 pwm=12 pc=1 hd=1 y=-0.615 yr=0.537 L=2 R=0 OL=13 OR=11 el=15 er=13 ed=2 dl=15 dr=13 cl=0 cr=0 ok=2250 fail=0 vofa=firewater rx=556 txdrop=11851
1775027154.974969,1775027154974968900,4465760147100,HB,780162,7515.0,1,-0.494,0.62,14.0,14.0,0.0,12.0,12.0,1.0,1.0,14.0,14.0,0,0,,HB tick=780162 exp_id=187 t_ms=7515 run=1 spd=1 ts=20.000 as=14.000 ta=0.000 aa=-0.615 se=6.000 so=1.140 ae=0.615 ao=0.003 pwm=12 pc=1 hd=0 y=-0.494 yr=0.620 L=1 R=1 OL=12 OR=12 el=14 er=14 ed=0 dl=14 dr=14 cl=0 cr=0 ok=2251 fail=0 vofa=firewater rx=556 txdrop=11851
1775027155.2045116,1775027155204511800,4465989689100,HB,780394,7748.0,1,0.339,1.655,14.0,14.0,0.0,12.0,12.0,1.0,1.0,14.0,14.0,0,0,,HB tick=780394 exp_id=187 t_ms=7748 run=1 spd=1 ts=20.000 as=14.000 ta=0.000 aa=-0.494 se=6.000 so=1.157 ae=0.494 ao=-0.057 pwm=12 pc=1 hd=0 y=0.339 yr=1.655 L=1 R=1 OL=12 OR=12 el=14 er=14 ed=0 dl=14 dr=14 cl=0 cr=0 ok=2252 fail=0 vofa=firewater rx=556 txdrop=11851
1775027155.4228497,1775027155422849600,4466208026900,HB,780604,7958.0,1,1.486,2.987,14.0,14.0,0.0,12.0,12.0,1.0,1.0,14.0,14.0,0,0,,HB tick=780604 exp_id=187 t_ms=7958 run=1 spd=1 ts=20.000 as=14.000 ta=0.000 aa=0.339 se=6.000 so=1.173 ae=-0.339 ao=-0.613 pwm=12 pc=1 hd=0 y=1.486 yr=2.987 L=1 R=1 OL=12 OR=12 el=14 er=14 ed=0 dl=14 dr=14 cl=0 cr=0 ok=2253 fail=0 vofa=firewater rx=556 txdrop=11851
1775027155.6205158,1775027155620515900,4466405693800,HB,780809,8163.0,1,1.495,1.956,14.0,15.0,-1.0,11.0,13.0,0.0,2.0,14.0,15.0,0,0,,HB tick=780809 exp_id=187 t_ms=8163 run=1 spd=1 ts=20.000 as=14.500 ta=0.000 aa=1.486 se=5.500 so=1.137 ae=-1.486 ao=-1.349 pwm=12 pc=1 hd=-1 y=1.495 yr=1.956 L=0 R=2 OL=11 OR=13 el=14 er=15 ed=-1 dl=14 dr=15 cl=0 cr=0 ok=2254 fail=0 vofa=firewater rx=556 txdrop=11851
1775027155.7866325,1775027155786632400,4466571810900,HB,780974,8328.0,1,0.772,-0.261,14.0,14.0,0.0,11.0,13.0,0.0,2.0,14.0,14.0,0,0,,HB tick=780974 exp_id=187 t_ms=8328 run=1 spd=1 ts=20.000 as=14.000 ta=0.000 aa=1.494 se=6.000 so=1.199 ae=-1.494 ao=-1.023 pwm=12 pc=1 hd=-1 y=0.772 yr=-0.261 L=0 R=2 OL=11 OR=13 el=14 er=14 ed=0 dl=14 dr=14 cl=0 cr=0 ok=2255 fail=0 vofa=firewater rx=556 txdrop=11851
1775027155.9738812,1775027155973881400,4466759059200,HB,781163,8517.0,1,0.571,-0.542,13.0,14.0,-1.0,12.0,12.0,1.0,1.0,13.0,14.0,0,0,,HB tick=781163 exp_id=187 t_ms=8517 run=1 spd=1 ts=20.000 as=13.500 ta=0.000 aa=0.772 se=6.500 so=1.264 ae=-0.772 ao=-0.118 pwm=12 pc=1 hd=0 y=0.571 yr=-0.542 L=1 R=1 OL=12 OR=12 el=13 er=14 ed=-1 dl=13 dr=14 cl=0 cr=0 ok=2256 fail=0 vofa=firewater rx=556 txdrop=11851
1775027156.2232757,1775027156223275800,4467008453600,HB,781413,8767.0,1,-1.105,-2.699,13.0,14.0,-1.0,12.0,12.0,1.0,1.0,13.0,14.0,0,0,,HB tick=781413 exp_id=187 t_ms=8767 run=1 spd=1 ts=20.000 as=13.500 ta=0.000 aa=0.571 se=6.500 so=1.282 ae=-0.571 ao=0.026 pwm=12 pc=1 hd=0 y=-1.105 yr=-2.699 L=1 R=1 OL=12 OR=12 el=13 er=14 ed=-1 dl=13 dr=14 cl=0 cr=0 ok=2257 fail=0 vofa=firewater rx=556 txdrop=11851
1775027156.3797407,1775027156379740600,4467164918200,HB,781569,8923.0,1,-1.302,-2.197,14.0,15.0,-1.0,13.0,11.0,2.0,0.0,14.0,15.0,0,0,,HB tick=781569 exp_id=187 t_ms=8923 run=1 spd=1 ts=20.000 as=14.500 ta=0.000 aa=-1.106 se=5.500 so=1.193 ae=1.106 ao=1.169 pwm=12 pc=1 hd=1 y=-1.302 yr=-2.197 L=2 R=0 OL=13 OR=11 el=14 er=15 ed=-1 dl=14 dr=15 cl=0 cr=0 ok=2258 fail=0 vofa=firewater rx=556 txdrop=11851
1775027156.630369,1775027156630369100,4467415546200,HB,781818,9172.0,1,-0.38,-0.131,14.0,13.0,1.0,13.0,11.0,2.0,0.0,14.0,13.0,0,0,,HB tick=781818 exp_id=187 t_ms=9172 run=1 spd=1 ts=20.000 as=13.500 ta=0.000 aa=-1.303 se=6.500 so=1.311 ae=1.303 ao=1.062 pwm=12 pc=1 hd=1 y=-0.380 yr=-0.131 L=2 R=0 OL=13 OR=11 el=14 er=13 ed=1 dl=14 dr=13 cl=0 cr=0 ok=2259 fail=0 vofa=firewater rx=556 txdrop=11851
1775027156.787438,1775027156787437800,4467572615000,HB,781974,9328.0,1,-0.108,0.525,14.0,13.0,1.0,12.0,12.0,1.0,1.0,14.0,13.0,0,0,,HB tick=781974 exp_id=187 t_ms=9328 run=1 spd=1 ts=20.000 as=13.500 ta=0.000 aa=-0.380 se=6.500 so=1.323 ae=0.380 ao=0.152 pwm=12 pc=1 hd=0 y=-0.108 yr=0.525 L=1 R=1 OL=12 OR=12 el=14 er=13 ed=1 dl=14 dr=13 cl=0 cr=0 ok=2260 fail=0 vofa=firewater rx=556 txdrop=11851
1775027156.975676,1775027156975676200,4467760854600,HB,782163,9517.0,1,0.026,0.588,13.0,13.0,0.0,12.0,12.0,1.0,1.0,13.0,13.0,0,0,,HB tick=782163 exp_id=187 t_ms=9517 run=1 spd=1 ts=20.000 as=13.000 ta=0.000 aa=-0.108 se=7.000 so=1.388 ae=0.108 ao=-0.131 pwm=12 pc=1 hd=0 y=0.026 yr=0.588 L=1 R=1 OL=12 OR=12 el=13 er=13 ed=0 dl=13 dr=13 cl=0 cr=0 ok=2261 fail=0 vofa=firewater rx=556 txdrop=11851
1775027157.2249782,1775027157224978300,4468010155600,HB,782412,9766.0,1,1.807,2.886,13.0,13.0,0.0,12.0,12.0,1.0,1.0,13.0,13.0,0,0,,HB tick=782412 exp_id=187 t_ms=9766 run=1 spd=1 ts=20.000 as=13.000 ta=0.000 aa=0.025 se=7.000 so=1.407 ae=-0.025 ao=-0.187 pwm=12 pc=1 hd=0 y=1.807 yr=2.886 L=1 R=1 OL=12 OR=12 el=13 er=13 ed=0 dl=13 dr=13 cl=0 cr=0 ok=2262 fail=0 vofa=firewater rx=556 txdrop=11851
1775027157.3801246,1775027157380124700,4468165301900,HB,782569,9923.0,1,1.954,2.204,13.0,14.0,-1.0,11.0,13.0,0.0,2.0,13.0,14.0,0,0,,HB tick=782569 exp_id=187 t_ms=9923 run=1 spd=1 ts=20.000 as=13.500 ta=0.000 aa=1.807 se=6.500 so=1.369 ae=-1.807 ao=-1.404 pwm=12 pc=1 hd=-1 y=1.954 yr=2.204 L=0 R=2 OL=11 OR=13 el=13 er=14 ed=-1 dl=13 dr=14 cl=0 cr=0 ok=2263 fail=0 vofa=firewater rx=556 txdrop=11851
1775027157.6183114,1775027157618311500,4468403489100,HB,782802,10156.0,1,2.252,1.881,12.0,14.0,-2.0,11.0,13.0,0.0,2.0,12.0,14.0,0,0,,HB tick=782802 exp_id=187 t_ms=10156 run=1 spd=1 ts=20.000 as=13.000 ta=0.000 aa=1.954 se=7.000 so=1.438 ae=-1.954 ao=-1.227 pwm=12 pc=1 hd=-1 y=2.252 yr=1.881 L=0 R=2 OL=11 OR=13 el=12 er=14 ed=-2 dl=12 dr=14 cl=0 cr=0 ok=2264 fail=0 vofa=firewater rx=556 txdrop=11851
1775027157.8188982,1775027157818898100,4468604075700,HB,783007,10361.0,1,1.768,0.395,13.0,14.0,-1.0,11.0,13.0,0.0,2.0,13.0,14.0,0,0,,HB tick=783007 exp_id=187 t_ms=10361 run=1 spd=1 ts=20.000 as=13.500 ta=0.000 aa=2.252 se=6.500 so=1.404 ae=-2.252 ao=-1.205 pwm=12 pc=1 hd=-1 y=1.768 yr=0.395 L=0 R=2 OL=11 OR=13 el=13 er=14 ed=-1 dl=13 dr=14 cl=0 cr=0 ok=2265 fail=0 vofa=firewater rx=556 txdrop=11851
1775027157.9878874,1775027157987887300,4468773066600,HB,783172,10526.0,1,0.843,-1.706,13.0,15.0,-2.0,12.0,12.0,1.0,1.0,13.0,15.0,0,0,,HB tick=783172 exp_id=187 t_ms=10526 run=1 spd=1 ts=20.000 as=14.000 ta=0.000 aa=1.767 se=6.000 so=1.367 ae=-1.767 ao=-0.599 pwm=12 pc=1 hd=0 y=0.843 yr=-1.706 L=1 R=1 OL=12 OR=12 el=13 er=15 ed=-2 dl=13 dr=15 cl=0 cr=0 ok=2266 fail=0 vofa=firewater rx=556 txdrop=11851
1775027158.237224,1775027158237224200,4469022401400,HB,783426,10780.0,1,-1.12,-3.813,13.0,13.0,0.0,12.0,12.0,1.0,1.0,13.0,13.0,0,0,,HB tick=783426 exp_id=187 t_ms=10780 run=1 spd=1 ts=20.000 as=13.000 ta=0.000 aa=0.842 se=7.000 so=1.486 ae=-0.842 ao=0.322 pwm=12 pc=1 hd=0 y=-1.120 yr=-3.813 L=1 R=1 OL=12 OR=12 el=13 er=13 ed=0 dl=13 dr=13 cl=0 cr=0 ok=2267 fail=0 vofa=firewater rx=556 txdrop=11851
1775027158.394236,1775027158394236100,4469179414800,HB,783583,10937.0,1,-1.162,-2.571,14.0,14.0,0.0,13.0,11.0,2.0,0.0,14.0,14.0,0,0,,HB tick=783583 exp_id=187 t_ms=10937 run=1 spd=1 ts=20.000 as=14.000 ta=0.000 aa=-1.121 se=6.000 so=1.398 ae=1.121 ao=1.527 pwm=12 pc=1 hd=1 y=-1.162 yr=-2.571 L=2 R=0 OL=13 OR=11 el=14 er=14 ed=0 dl=14 dr=14 cl=0 cr=0 ok=2268 fail=0 vofa=firewater rx=556 txdrop=11851
1775027158.6329713,1775027158632971200,4469418149200,HB,783816,11170.0,1,-0.937,-1.333,14.0,13.0,1.0,13.0,11.0,2.0,0.0,14.0,13.0,0,0,,HB tick=783816 exp_id=187 t_ms=11170 run=1 spd=1 ts=20.000 as=13.500 ta=0.000 aa=-1.162 se=6.500 so=1.466 ae=1.162 ao=1.141 pwm=12 pc=1 hd=1 y=-0.937 yr=-1.333 L=2 R=0 OL=13 OR=11 el=14 er=13 ed=1 dl=14 dr=13 cl=0 cr=0 ok=2269 fail=0 vofa=firewater rx=556 txdrop=11851
1775027158.8312895,1775027158831289700,4469616467800,HB,784021,11375.0,1,-0.222,0.354,15.0,14.0,1.0,12.0,12.0,1.0,1.0,15.0,14.0,0,0,,HB tick=784021 exp_id=187 t_ms=11375 run=1 spd=1 ts=20.000 as=14.500 ta=0.000 aa=-0.937 se=5.500 so=1.381 ae=0.937 ao=0.685 pwm=12 pc=1 hd=0 y=-0.222 yr=0.354 L=1 R=1 OL=12 OR=12 el=15 er=14 ed=1 dl=15 dr=14 cl=0 cr=0 ok=2270 fail=0 vofa=firewater rx=556 txdrop=11851
1775027158.9985638,1775027158998563800,4469783741400,HB,784182,11536.0,1,0.467,1.727,14.0,13.0,1.0,12.0,12.0,1.0,1.0,14.0,13.0,0,0,,HB tick=784182 exp_id=187 t_ms=11536 run=1 spd=1 ts=20.000 as=13.500 ta=0.000 aa=-0.222 se=6.500 so=1.493 ae=0.222 ao=-0.048 pwm=12 pc=1 hd=0 y=0.467 yr=1.727 L=1 R=1 OL=12 OR=12 el=14 er=13 ed=1 dl=14 dr=13 cl=0 cr=0 ok=2271 fail=0 vofa=firewater rx=556 txdrop=11851
1775027159.2445595,1775027159244559700,4470029737400,HB,784431,11785.0,1,1.572,2.675,13.0,14.0,-1.0,12.0,14.0,1.0,3.0,13.0,14.0,0,0,,HB tick=784431 exp_id=187 t_ms=11785 run=1 spd=1 ts=20.000 as=13.500 ta=0.000 aa=0.467 se=6.500 so=1.511 ae=-0.467 ao=-0.674 pwm=13 pc=2 hd=-1 y=1.572 yr=2.675 L=1 R=3 OL=12 OR=14 el=13 er=14 ed=-1 dl=13 dr=14 cl=0 cr=0 ok=2272 fail=0 vofa=firewater rx=556 txdrop=11851
1775027159.4419897,1775027159441989600,4470227170600,HB,784633,11986.0,1,1.383,1.411,14.0,15.0,-1.0,11.0,13.0,0.0,2.0,14.0,15.0,0,0,,HB tick=784633 exp_id=187 t_ms=11986 run=1 spd=1 ts=20.000 as=14.500 ta=0.000 aa=1.571 se=5.500 so=1.426 ae=-1.571 ao=-1.276 pwm=12 pc=1 hd=-1 y=1.383 yr=1.411 L=0 R=2 OL=11 OR=13 el=14 er=15 ed=-1 dl=14 dr=15 cl=0 cr=0 ok=2273 fail=0 vofa=firewater rx=556 txdrop=11851
1775027159.6709287,1775027159670928700,4470456105900,HB,784854,12208.0,1,-0.499,-2.05,13.0,14.0,-1.0,13.0,13.0,2.0,2.0,13.0,14.0,0,0,,HB tick=784854 exp_id=187 t_ms=12208 run=1 spd=1 ts=20.000 as=13.500 ta=0.000 aa=1.383 se=6.500 so=1.541 ae=-1.383 ao=-0.821 pwm=13 pc=2 hd=0 y=-0.499 yr=-2.050 L=2 R=2 OL=13 OR=13 el=13 er=14 ed=-1 dl=13 dr=14 cl=0 cr=0 ok=2274 fail=0 vofa=firewater rx=556 txdrop=11851
1775027159.8900158,1775027159890015700,4470675194900,HB,785071,12425.0,1,-0.727,-1.701,15.0,14.0,1.0,13.0,11.0,2.0,0.0,15.0,14.0,0,0,,HB tick=785071 exp_id=187 t_ms=12425 run=1 spd=1 ts=20.000 as=14.500 ta=0.000 aa=-0.499 se=5.500 so=1.457 ae=0.499 ao=0.795 pwm=12 pc=1 hd=1 y=-0.727 yr=-1.701 L=2 R=0 OL=13 OR=11 el=15 er=14 ed=1 dl=15 dr=14 cl=0 cr=0 ok=2275 fail=0 vofa=firewater rx=556 txdrop=11851
1775027160.0879233,1775027160087923300,4470873100500,HB,785272,12626.0,1,-0.704,-1.065,15.0,13.0,2.0,13.0,13.0,2.0,2.0,15.0,13.0,0,0,,HB tick=785272 exp_id=187 t_ms=12626 run=1 spd=1 ts=20.000 as=14.000 ta=0.000 aa=-0.728 se=6.000 so=1.520 ae=0.728 ao=0.745 pwm=13 pc=2 hd=0 y=-0.704 yr=-1.065 L=2 R=2 OL=13 OR=13 el=15 er=13 ed=2 dl=15 dr=13 cl=0 cr=0 ok=2276 fail=0 vofa=firewater rx=556 txdrop=11851
1775027160.297876,1775027160297876000,4471083053200,HB,785477,12831.0,1,-0.602,-0.519,15.0,14.0,1.0,13.0,11.0,2.0,0.0,15.0,14.0,0,0,,HB tick=785477 exp_id=187 t_ms=12831 run=1 spd=1 ts=20.000 as=14.500 ta=0.000 aa=-0.704 se=5.500 so=1.483 ae=0.704 ao=0.535 pwm=12 pc=1 hd=1 y=-0.602 yr=-0.519 L=2 R=0 OL=13 OR=11 el=15 er=14 ed=1 dl=15 dr=14 cl=0 cr=0 ok=2277 fail=0 vofa=firewater rx=556 txdrop=11851
1775027160.49659,1775027160496589700,4471281769000,HB,785681,13035.0,1,-0.16,0.421,15.0,14.0,1.0,12.0,12.0,1.0,1.0,15.0,14.0,0,0,,HB tick=785681 exp_id=187 t_ms=13035 run=1 spd=1 ts=20.000 as=14.500 ta=0.000 aa=-0.603 se=5.500 so=1.497 ae=0.603 ao=0.333 pwm=12 pc=1 hd=0 y=-0.160 yr=0.421 L=1 R=1 OL=12 OR=12 el=15 er=14 ed=1 dl=15 dr=14 cl=0 cr=0 ok=2278 fail=0 vofa=firewater rx=556 txdrop=11851
1775027160.7160347,1775027160716034600,4471501212300,HB,785908,13262.0,1,0.62,1.477,15.0,15.0,0.0,12.0,12.0,1.0,1.0,15.0,15.0,0,0,,HB tick=785908 exp_id=187 t_ms=13262 run=1 spd=1 ts=20.000 as=15.000 ta=0.000 aa=-0.161 se=5.000 so=1.461 ae=0.161 ao=-0.087 pwm=12 pc=1 hd=0 y=0.620 yr=1.477 L=1 R=1 OL=12 OR=12 el=15 er=15 ed=0 dl=15 dr=15 cl=0 cr=0 ok=2279 fail=0 vofa=firewater rx=556 txdrop=11851
1775027160.9348106,1775027160934810500,4471719987700,HB,786124,13478.0,1,-0.855,-1.43,15.0,16.0,-1.0,12.0,12.0,1.0,1.0,15.0,16.0,0,0,,HB tick=786124 exp_id=187 t_ms=13478 run=1 spd=1 ts=20.000 as=15.500 ta=0.000 aa=0.620 se=4.500 so=1.425 ae=-0.620 ao=-0.636 pwm=12 pc=1 hd=0 y=-0.855 yr=-1.430 L=1 R=1 OL=12 OR=12 el=15 er=16 ed=-1 dl=15 dr=16 cl=0 cr=0 ok=2280 fail=0 vofa=firewater rx=556 txdrop=11851
1775027161.091188,1775027161091188000,4471876366500,HB,786280,13634.0,1,-1.091,-1.459,15.0,15.0,0.0,13.0,11.0,2.0,0.0,15.0,15.0,0,0,,HB tick=786280 exp_id=187 t_ms=13634 run=1 spd=1 ts=20.000 as=15.000 ta=0.000 aa=-0.855 se=5.000 so=1.485 ae=0.855 ao=0.693 pwm=12 pc=1 hd=1 y=-1.091 yr=-1.459 L=2 R=0 OL=13 OR=11 el=15 er=15 ed=0 dl=15 dr=15 cl=0 cr=0 ok=2281 fail=0 vofa=firewater rx=556 txdrop=11851
1775027161.3422174,1775027161342217500,4472127394600,HB,786530,13884.0,1,-1.233,-1.148,15.0,14.0,1.0,13.0,13.0,2.0,2.0,15.0,14.0,0,0,,HB tick=786530 exp_id=187 t_ms=13884 run=1 spd=1 ts=20.000 as=14.500 ta=0.000 aa=-1.092 se=5.500 so=1.551 ae=1.092 ao=0.767 pwm=13 pc=2 hd=0 y=-1.233 yr=-1.148 L=2 R=2 OL=13 OR=13 el=15 er=14 ed=1 dl=15 dr=14 cl=0 cr=0 ok=2282 fail=0 vofa=firewater rx=556 txdrop=11851
1775027161.4976048,1775027161497604900,4472282782100,HB,786687,14041.0,1,-1.129,-0.513,16.0,15.0,1.0,13.0,11.0,2.0,0.0,16.0,15.0,0,0,,HB tick=786687 exp_id=187 t_ms=14041 run=1 spd=1 ts=20.000 as=15.500 ta=0.000 aa=-1.234 se=4.500 so=1.460 ae=1.234 ao=0.706 pwm=12 pc=1 hd=1 y=-1.129 yr=-0.513 L=2 R=0 OL=13 OR=11 el=16 er=15 ed=1 dl=16 dr=15 cl=0 cr=0 ok=2283 fail=0 vofa=firewater rx=556 txdrop=11851
1775027161.747665,1775027161747664900,4472532842500,HB,786936,14290.0,1,-0.554,0.475,16.0,15.0,1.0,12.0,12.0,1.0,1.0,16.0,15.0,0,0,,HB tick=786936 exp_id=187 t_ms=14290 run=1 spd=1 ts=20.000 as=15.500 ta=0.000 aa=-1.129 se=4.500 so=1.475 ae=1.129 ao=0.476 pwm=12 pc=1 hd=0 y=-0.554 yr=0.475 L=1 R=1 OL=12 OR=12 el=16 er=15 ed=1 dl=16 dr=15 cl=0 cr=0 ok=2284 fail=0 vofa=firewater rx=556 txdrop=11851
1775027161.9039445,1775027161903944500,4472689121800,HB,787092,14446.0,1,-0.421,0.608,16.0,15.0,1.0,12.0,12.0,1.0,1.0,16.0,15.0,0,0,,HB tick=787092 exp_id=187 t_ms=14446 run=1 spd=1 ts=20.000 as=15.500 ta=0.000 aa=-0.554 se=4.500 so=1.485 ae=0.554 ao=0.005 pwm=12 pc=1 hd=0 y=-0.421 yr=0.608 L=1 R=1 OL=12 OR=12 el=16 er=15 ed=1 dl=16 dr=15 cl=0 cr=0 ok=2285 fail=0 vofa=firewater rx=556 txdrop=11851
1775027162.0905175,1775027162090517600,4472875695100,HB,787281,14634.0,1,-0.351,0.525,15.0,14.0,1.0,12.0,14.0,1.0,3.0,15.0,14.0,0,0,,HB tick=787281 exp_id=187 t_ms=14634 run=1 spd=1 ts=20.000 as=14.500 ta=0.000 aa=-0.421 se=5.500 so=1.597 ae=0.421 ao=-0.074 pwm=13 pc=2 hd=-1 y=-0.351 yr=0.525 L=1 R=3 OL=12 OR=14 el=15 er=14 ed=1 dl=15 dr=14 cl=0 cr=0 ok=2286 fail=0 vofa=firewater rx=556 txdrop=11851
1775027162.328847,1775027162328846800,4473114024200,HB,787513,14867.0,1,0.322,1.352,15.0,15.0,0.0,13.0,13.0,2.0,2.0,15.0,15.0,0,0,,HB tick=787513 exp_id=187 t_ms=14867 run=1 spd=1 ts=20.000 as=15.000 ta=0.000 aa=-0.351 se=5.000 so=1.561 ae=0.351 ao=-0.066 pwm=13 pc=2 hd=0 y=0.322 yr=1.352 L=2 R=2 OL=13 OR=13 el=15 er=15 ed=0 dl=15 dr=15 cl=0 cr=0 ok=2287 fail=0 vofa=firewater rx=556 txdrop=11851
1775027162.534739,1775027162534738900,4473319916700,HB,787718,15072.0,1,0.194,0.661,14.0,16.0,-2.0,12.0,14.0,1.0,3.0,14.0,16.0,0,0,,HB tick=787718 exp_id=187 t_ms=15072 run=1 spd=1 ts=20.000 as=15.000 ta=0.000 aa=0.322 se=5.000 so=1.573 ae=-0.322 ao=-0.513 pwm=13 pc=2 hd=-1 y=0.194 yr=0.661 L=1 R=3 OL=12 OR=14 el=14 er=16 ed=-2 dl=14 dr=16 cl=0 cr=0 ok=2288 fail=0 vofa=firewater rx=556 txdrop=11851
1775027162.6914678,1775027162691467700,4473476645600,HB,787879,15233.0,1,-0.182,-0.388,12.0,14.0,-2.0,13.0,13.0,2.0,2.0,12.0,14.0,0,0,,HB tick=787879 exp_id=187 t_ms=15233 run=1 spd=1 ts=20.000 as=13.000 ta=0.000 aa=0.194 se=7.000 so=1.785 ae=-0.194 ao=-0.257 pwm=13 pc=2 hd=0 y=-0.182 yr=-0.388 L=2 R=2 OL=13 OR=13 el=12 er=14 ed=-2 dl=12 dr=14 cl=0 cr=0 ok=2289 fail=0 vofa=firewater rx=556 txdrop=11851
1775027162.9404788,1775027162940478700,4473725656200,HB,788128,15482.0,1,-1.714,-2.406,14.0,16.0,-2.0,13.0,13.0,2.0,2.0,14.0,16.0,0,0,,HB tick=788128 exp_id=187 t_ms=15482 run=1 spd=1 ts=20.000 as=15.000 ta=0.000 aa=-0.182 se=5.000 so=1.602 ae=0.182 ao=0.181 pwm=13 pc=2 hd=0 y=-1.714 yr=-2.406 L=2 R=2 OL=13 OR=13 el=14 er=16 ed=-2 dl=14 dr=16 cl=0 cr=0 ok=2290 fail=0 vofa=firewater rx=556 txdrop=11851
1775027163.139163,1775027163139163200,4473924340400,HB,788329,15683.0,1,-2.092,-2.222,16.0,15.0,1.0,14.0,12.0,3.0,1.0,16.0,15.0,0,0,,HB tick=788329 exp_id=187 t_ms=15683 run=1 spd=1 ts=20.000 as=15.500 ta=0.000 aa=-1.715 se=4.500 so=1.565 ae=1.715 ao=1.241 pwm=13 pc=2 hd=1 y=-2.092 yr=-2.222 L=3 R=1 OL=14 OR=12 el=16 er=15 ed=1 dl=16 dr=15 cl=0 cr=0 ok=2291 fail=0 vofa=firewater rx=556 txdrop=11851
1775027163.305313,1775027163305313000,4474090490300,HB,788490,15844.0,1,-2.534,-2.404,16.0,14.0,2.0,14.0,12.0,3.0,1.0,16.0,14.0,0,0,,HB tick=788490 exp_id=187 t_ms=15844 run=1 spd=1 ts=20.000 as=15.000 ta=0.000 aa=-2.092 se=5.000 so=1.625 ae=2.092 ao=1.285 pwm=13 pc=2 hd=1 y=-2.534 yr=-2.404 L=3 R=1 OL=14 OR=12 el=16 er=14 ed=2 dl=16 dr=14 cl=0 cr=0 ok=2292 fail=0 vofa=firewater rx=556 txdrop=11851
1775027163.554612,1775027163554611900,4474339789000,HB,788744,16098.0,1,-0.601,1.1,16.0,14.0,2.0,14.0,12.0,3.0,1.0,16.0,14.0,0,0,,HB tick=788744 exp_id=187 t_ms=16098 run=1 spd=1 ts=20.000 as=15.000 ta=0.000 aa=-2.534 se=5.000 so=1.639 ae=2.534 ao=1.464 pwm=13 pc=2 hd=1 y=-0.601 yr=1.100 L=3 R=1 OL=14 OR=12 el=16 er=14 ed=2 dl=16 dr=14 cl=0 cr=0 ok=2293 fail=0 vofa=firewater rx=556 txdrop=11851
1775027163.7111576,1775027163711157500,4474496345200,HB,788900,16254.0,1,-0.256,1.489,15.0,15.0,0.0,13.0,13.0,2.0,2.0,15.0,15.0,0,0,,HB tick=788900 exp_id=187 t_ms=16254 run=1 spd=1 ts=20.000 as=15.000 ta=0.000 aa=-0.602 se=5.000 so=1.649 ae=0.602 ao=-0.179 pwm=13 pc=2 hd=0 y=-0.256 yr=1.489 L=2 R=2 OL=13 OR=13 el=15 er=15 ed=0 dl=15 dr=15 cl=0 cr=0 ok=2294 fail=0 vofa=firewater rx=556 txdrop=11851
1775027163.9596415,1775027163959641400,4474744818800,HB,789150,16504.0,1,0.585,2.146,15.0,14.0,1.0,13.0,13.0,2.0,2.0,15.0,14.0,0,0,,HB tick=789150 exp_id=187 t_ms=16504 run=1 spd=1 ts=20.000 as=14.500 ta=0.000 aa=-0.256 se=5.500 so=1.713 ae=0.256 ao=-0.397 pwm=13 pc=2 hd=0 y=0.585 yr=2.146 L=2 R=2 OL=13 OR=13 el=15 er=14 ed=1 dl=15 dr=14 cl=0 cr=0 ok=2295 fail=0 vofa=firewater rx=556 txdrop=11851
1775027164.1678698,1775027164167869700,4474953047400,HB,789351,16705.0,1,0.782,1.737,15.0,15.0,0.0,12.0,14.0,1.0,3.0,15.0,15.0,0,0,,HB tick=789351 exp_id=187 t_ms=16705 run=1 spd=1 ts=20.000 as=15.000 ta=0.000 aa=0.585 se=5.000 so=1.675 ae=-0.585 ao=-0.834 pwm=13 pc=2 hd=-1 y=0.782 yr=1.737 L=1 R=3 OL=12 OR=14 el=15 er=15 ed=0 dl=15 dr=15 cl=0 cr=0 ok=2296 fail=0 vofa=firewater rx=556 txdrop=11851
1775027164.5039568,1775027164503956700,4475289135000,HB,789572,16926.0,1,0.595,0.834,15.0,16.0,-1.0,12.0,14.0,1.0,3.0,15.0,16.0,0,0,,HB tick=789572 exp_id=187 t_ms=16926 run=1 spd=1 ts=20.000 as=15.500 ta=0.000 aa=0.781 se=4.500 so=1.638 ae=-0.781 ao=-0.757 pwm=13 pc=2 hd=-1 y=0.595 yr=0.834 L=1 R=3 OL=12 OR=14 el=15 er=16 ed=-1 dl=15 dr=16 cl=0 cr=0 ok=2297 fail=0 vofa=firewater rx=556 txdrop=11851
1775027164.5460033,1775027164546003400,4475331180700,HB,789729,17083.0,1,0.474,0.272,15.0,16.0,-1.0,12.0,14.0,1.0,3.0,15.0,16.0,0,0,,HB tick=789729 exp_id=187 t_ms=17083 run=1 spd=1 ts=20.000 as=15.500 ta=0.000 aa=0.595 se=4.500 so=1.647 ae=-0.595 ao=-0.418 pwm=13 pc=2 hd=-1 y=0.474 yr=0.272 L=1 R=3 OL=12 OR=14 el=15 er=16 ed=-1 dl=15 dr=16 cl=0 cr=0 ok=2298 fail=0 vofa=firewater rx=556 txdrop=11851
1775027164.7952583,1775027164795258400,4475580436000,HB,789978,17332.0,1,-0.589,-1.318,15.0,15.0,0.0,13.0,13.0,2.0,2.0,15.0,15.0,0,0,,HB tick=789978 exp_id=187 t_ms=17332 run=1 spd=1 ts=20.000 as=15.000 ta=0.000 aa=0.474 se=5.000 so=1.711 ae=-0.474 ao=-0.205 pwm=13 pc=2 hd=0 y=-0.589 yr=-1.318 L=2 R=2 OL=13 OR=13 el=15 er=15 ed=0 dl=15 dr=15 cl=0 cr=0 ok=2299 fail=0 vofa=firewater rx=556 txdrop=11851
1775027164.951638,1775027164951637900,4475736816100,HB,790134,17488.0,1,-0.608,-0.899,15.0,16.0,-1.0,13.0,13.0,2.0,2.0,15.0,16.0,0,0,,HB tick=790134 exp_id=187 t_ms=17488 run=1 spd=1 ts=20.000 as=15.500 ta=0.000 aa=-0.590 se=4.500 so=1.670 ae=0.590 ao=0.591 pwm=13 pc=2 hd=0 y=-0.608 yr=-0.899 L=2 R=2 OL=13 OR=13 el=15 er=16 ed=-1 dl=15 dr=16 cl=0 cr=0 ok=2300 fail=0 vofa=firewater rx=556 txdrop=11851
1775027165.180802,1775027165180802000,4475965982200,HB,790367,17720.0,1,-0.758,-0.81,16.0,16.0,0.0,13.0,13.0,2.0,2.0,16.0,16.0,0,0,,HB tick=790367 exp_id=187 t_ms=17720 run=1 spd=1 ts=20.000 as=16.000 ta=0.000 aa=-0.608 se=4.000 so=1.633 ae=0.608 ao=0.462 pwm=13 pc=2 hd=0 y=-0.758 yr=-0.810 L=2 R=2 OL=13 OR=13 el=16 er=16 ed=0 dl=16 dr=16 cl=0 cr=0 ok=2301 fail=0 vofa=firewater rx=556 txdrop=11851
1775027165.3987904,1775027165398790500,4476183968000,HB,790587,17941.0,1,-0.6,-0.276,16.0,15.0,1.0,13.0,13.0,2.0,2.0,16.0,15.0,0,0,,HB tick=790587 exp_id=187 t_ms=17941 run=1 spd=1 ts=20.000 as=15.500 ta=0.000 aa=-0.758 se=4.500 so=1.695 ae=0.758 ao=0.474 pwm=13 pc=2 hd=0 y=-0.600 yr=-0.276 L=2 R=2 OL=13 OR=13 el=16 er=15 ed=1 dl=16 dr=15 cl=0 cr=0 ok=2302 fail=0 vofa=firewater rx=556 txdrop=11851
1775027165.5960329,1775027165596032700,4476381209900,HB,790788,18142.0,1,-0.377,0.207,15.0,15.0,0.0,13.0,13.0,2.0,2.0,15.0,15.0,0,0,,HB tick=790788 exp_id=187 t_ms=18142 run=1 spd=1 ts=20.000 as=15.000 ta=0.000 aa=-0.600 se=5.000 so=1.756 ae=0.600 ao=0.261 pwm=13 pc=2 hd=0 y=-0.377 yr=0.207 L=2 R=2 OL=13 OR=13 el=15 er=15 ed=0 dl=15 dr=15 cl=0 cr=0 ok=2303 fail=0 vofa=firewater rx=556 txdrop=11851
1775027165.7627692,1775027165762769100,4476547947500,HB,790949,18303.0,1,0.194,1.376,16.0,15.0,1.0,13.0,13.0,2.0,2.0,16.0,15.0,0,0,,HB tick=790949 exp_id=187 t_ms=18303 run=1 spd=1 ts=20.000 as=15.500 ta=0.000 aa=-0.378 se=4.500 so=1.715 ae=0.378 ao=0.046 pwm=13 pc=2 hd=0 y=0.194 yr=1.376 L=2 R=2 OL=13 OR=13 el=16 er=15 ed=1 dl=16 dr=15 cl=0 cr=0 ok=2304 fail=0 vofa=firewater rx=556 txdrop=11851
1775027165.991151,1775027165991151000,4476776328500,HB,791182,18536.0,1,0.429,1.249,16.0,16.0,0.0,13.0,13.0,2.0,2.0,16.0,16.0,0,0,,HB tick=791182 exp_id=187 t_ms=18536 run=1 spd=1 ts=20.000 as=16.000 ta=0.000 aa=0.193 se=4.000 so=1.678 ae=-0.193 ao=-0.482 pwm=13 pc=2 hd=0 y=0.429 yr=1.249 L=2 R=2 OL=13 OR=13 el=16 er=16 ed=0 dl=16 dr=16 cl=0 cr=0 ok=2305 fail=0 vofa=firewater rx=556 txdrop=11851
1775027166.2209573,1775027166220957200,4477006134300,HB,791408,18762.0,1,0.633,1.127,15.0,15.0,0.0,13.0,13.0,2.0,2.0,15.0,15.0,0,0,,HB tick=791408 exp_id=187 t_ms=18762 run=1 spd=1 ts=20.000 as=15.000 ta=0.000 aa=0.429 se=5.000 so=1.790 ae=-0.429 ao=-0.505 pwm=13 pc=2 hd=0 y=0.633 yr=1.127 L=2 R=2 OL=13 OR=13 el=15 er=15 ed=0 dl=15 dr=15 cl=0 cr=0 ok=2306 fail=0 vofa=firewater rx=556 txdrop=11851
1775027166.3778348,1775027166377834700,4477163012300,HB,791564,18918.0,1,0.638,0.743,15.0,16.0,-1.0,13.0,13.0,2.0,2.0,15.0,16.0,0,0,,HB tick=791564 exp_id=187 t_ms=18918 run=1 spd=1 ts=20.000 as=15.500 ta=0.000 aa=0.633 se=4.500 so=1.748 ae=-0.633 ao=-0.521 pwm=13 pc=2 hd=0 y=0.638 yr=0.743 L=2 R=2 OL=13 OR=13 el=15 er=16 ed=-1 dl=15 dr=16 cl=0 cr=0 ok=2307 fail=0 vofa=firewater rx=556 txdrop=11851
1775027166.6071334,1775027166607133400,4477392310600,HB,791797,19151.0,1,-0.086,-0.604,15.0,16.0,-1.0,13.0,13.0,2.0,2.0,15.0,16.0,0,0,,HB tick=791797 exp_id=187 t_ms=19151 run=1 spd=1 ts=20.000 as=15.500 ta=0.000 aa=0.637 se=4.500 so=1.761 ae=-0.637 ao=-0.400 pwm=13 pc=2 hd=0 y=-0.086 yr=-0.604 L=2 R=2 OL=13 OR=13 el=15 er=16 ed=-1 dl=15 dr=16 cl=0 cr=0 ok=2308 fail=0 vofa=firewater rx=556 txdrop=11851
1775027166.7733808,1775027166773380900,4477558558200,HB,791959,19312.0,1,-0.679,-1.681,16.0,16.0,0.0,13.0,13.0,2.0,2.0,16.0,16.0,0,0,,HB tick=791959 exp_id=187 t_ms=19312 run=1 spd=1 ts=20.000 as=16.000 ta=0.000 aa=-0.086 se=4.000 so=1.719 ae=0.086 ao=0.227 pwm=13 pc=2 hd=0 y=-0.679 yr=-1.681 L=2 R=2 OL=13 OR=13 el=16 er=16 ed=0 dl=16 dr=16 cl=0 cr=0 ok=2309 fail=0 vofa=firewater rx=556 txdrop=11851
1775027167.0041487,1775027167004148700,4477789326100,HB,792191,19545.0,1,-1.172,-1.834,15.0,16.0,-1.0,14.0,12.0,3.0,1.0,15.0,16.0,0,0,,HB tick=792191 exp_id=187 t_ms=19545 run=1 spd=1 ts=20.000 as=15.500 ta=0.000 aa=-0.679 se=4.500 so=1.782 ae=0.679 ao=0.732 pwm=13 pc=2 hd=1 y=-1.172 yr=-1.834 L=3 R=1 OL=14 OR=12 el=15 er=16 ed=-1 dl=15 dr=16 cl=0 cr=0 ok=2310 fail=0 vofa=firewater rx=556 txdrop=11851
1775027167.2127268,1775027167212726900,4477997904300,HB,792396,19750.0,1,-0.566,-0.157,16.0,15.0,1.0,14.0,12.0,3.0,1.0,16.0,15.0,0,0,,HB tick=792396 exp_id=187 t_ms=19750 run=1 spd=1 ts=20.000 as=15.500 ta=0.000 aa=-1.173 se=4.500 so=1.792 ae=1.173 ao=0.914 pwm=13 pc=2 hd=1 y=-0.566 yr=-0.157 L=3 R=1 OL=14 OR=12 el=16 er=15 ed=1 dl=16 dr=15 cl=0 cr=0 ok=2311 fail=0 vofa=firewater rx=556 txdrop=11851
1775027167.4314413,1775027167431441500,4478216619200,HB,792622,19976.0,1,0.733,1.909,16.0,16.0,0.0,13.0,13.0,2.0,2.0,16.0,16.0,0,0,,HB tick=792622 exp_id=187 t_ms=19976 run=1 spd=1 ts=20.000 as=16.000 ta=0.000 aa=-0.566 se=4.000 so=1.754 ae=0.566 ao=0.214 pwm=13 pc=2 hd=0 y=0.733 yr=1.909 L=2 R=2 OL=13 OR=13 el=16 er=16 ed=0 dl=16 dr=16 cl=0 cr=0 ok=2312 fail=0 vofa=firewater rx=556 txdrop=11851
1775027167.587443,1775027167587443100,4478372623900,HB,792778,20132.0,1,0.909,1.637,15.0,16.0,-1.0,13.0,13.0,2.0,2.0,15.0,16.0,0,0,,HB tick=792778 exp_id=187 t_ms=20132 run=1 spd=1 ts=20.000 as=15.500 ta=0.000 aa=0.732 se=4.500 so=1.812 ae=-0.732 ao=-0.798 pwm=13 pc=2 hd=0 y=0.909 yr=1.637 L=2 R=2 OL=13 OR=13 el=15 er=16 ed=-1 dl=15 dr=16 cl=0 cr=0 ok=2313 fail=0 vofa=firewater rx=556 txdrop=11851
1775027167.8373103,1775027167837310100,4478622487400,HB,793028,20382.0,1,0.913,1.069,16.0,16.0,0.0,12.0,14.0,1.0,3.0,16.0,16.0,0,0,,HB tick=793028 exp_id=187 t_ms=20382 run=1 spd=1 ts=20.000 as=16.000 ta=0.000 aa=0.909 se=4.000 so=1.775 ae=-0.909 ao=-0.759 pwm=13 pc=2 hd=-1 y=0.913 yr=1.069 L=1 R=3 OL=12 OR=14 el=16 er=16 ed=0 dl=16 dr=16 cl=0 cr=0 ok=2314 fail=0 vofa=firewater rx=556 txdrop=11851
1775027168.0468516,1775027168046851500,4478832028500,HB,793229,20583.0,1,0.631,0.203,16.0,17.0,-1.0,13.0,13.0,2.0,2.0,16.0,17.0,0,0,,HB tick=793229 exp_id=187 t_ms=20583 run=1 spd=1 ts=20.000 as=16.500 ta=0.000 aa=0.912 se=3.500 so=1.735 ae=-0.912 ao=-0.579 pwm=13 pc=2 hd=0 y=0.631 yr=0.203 L=2 R=2 OL=13 OR=13 el=16 er=17 ed=-1 dl=16 dr=17 cl=0 cr=0 ok=2315 fail=0 vofa=firewater rx=556 txdrop=11851
1775027168.265041,1775027168265041200,4479050218300,HB,793451,20805.0,1,-0.473,-1.607,16.0,16.0,0.0,13.0,13.0,2.0,2.0,16.0,16.0,0,0,,HB tick=793451 exp_id=187 t_ms=20805 run=1 spd=1 ts=20.000 as=16.000 ta=0.000 aa=0.630 se=4.000 so=1.797 ae=-0.630 ao=-0.226 pwm=13 pc=2 hd=0 y=-0.473 yr=-1.607 L=2 R=2 OL=13 OR=13 el=16 er=16 ed=0 dl=16 dr=16 cl=0 cr=0 ok=2316 fail=0 vofa=firewater rx=556 txdrop=11851
1775027169.0232542,1775027169023254200,4479808431700,HB,793667,21021.0,1,-0.702,-1.416,16.0,15.0,1.0,14.0,12.0,3.0,1.0,16.0,15.0,0,0,,HB tick=793667 exp_id=187 t_ms=21021 run=1 spd=1 ts=20.000 as=15.500 ta=0.000 aa=-0.473 se=4.500 so=1.858 ae=0.473 ao=0.652 pwm=13 pc=2 hd=1 y=-0.702 yr=-1.416 L=3 R=1 OL=14 OR=12 el=16 er=15 ed=1 dl=16 dr=15 cl=0 cr=0 ok=2317 fail=0 vofa=firewater rx=556 txdrop=11851
1775027169.0232542,1775027169023254201,4479808431701,HB,793868,21222.0,1,-0.762,-1.024,16.0,15.0,1.0,13.0,13.0,2.0,2.0,16.0,15.0,0,0,,HB tick=793868 exp_id=187 t_ms=21222 run=1 spd=1 ts=20.000 as=15.500 ta=0.000 aa=-0.703 se=4.500 so=1.868 ae=0.703 ao=0.653 pwm=13 pc=2 hd=0 y=-0.762 yr=-1.024 L=2 R=2 OL=13 OR=13 el=16 er=15 ed=1 dl=16 dr=15 cl=0 cr=0 ok=2318 fail=0 vofa=firewater rx=556 txdrop=11851
1775027169.0232542,1775027169023254202,4479808431702,HB,794073,21427.0,1,-0.436,-0.111,16.0,14.0,2.0,13.0,13.0,2.0,2.0,16.0,14.0,0,0,,HB tick=794073 exp_id=187 t_ms=21427 run=1 spd=1 ts=20.000 as=15.000 ta=0.000 aa=-0.762 se=5.000 so=1.928 ae=0.762 ao=0.544 pwm=13 pc=2 hd=0 y=-0.436 yr=-0.111 L=2 R=2 OL=13 OR=13 el=16 er=14 ed=2 dl=16 dr=14 cl=0 cr=0 ok=2319 fail=0 vofa=firewater rx=556 txdrop=11851
1775027169.0965126,1775027169096512400,4479881690300,HB,794278,21632.0,1,0.393,1.345,16.0,16.0,0.0,13.0,13.0,2.0,2.0,16.0,16.0,0,0,,HB tick=794278 exp_id=187 t_ms=21632 run=1 spd=1 ts=20.000 as=16.000 ta=0.000 aa=-0.437 se=4.000 so=1.838 ae=0.437 ao=0.164 pwm=13 pc=2 hd=0 y=0.393 yr=1.345 L=2 R=2 OL=13 OR=13 el=16 er=16 ed=0 dl=16 dr=16 cl=0 cr=0 ok=2320 fail=0 vofa=firewater rx=556 txdrop=11851
1775027169.2947342,1775027169294734300,4480079911600,HB,794483,21837.0,1,1.109,2.096,16.0,16.0,0.0,13.0,13.0,2.0,2.0,16.0,16.0,0,0,,HB tick=794483 exp_id=187 t_ms=21837 run=1 spd=1 ts=20.000 as=16.000 ta=0.000 aa=0.393 se=4.000 so=1.849 ae=-0.393 ao=-0.526 pwm=13 pc=2 hd=0 y=1.109 yr=2.096 L=2 R=2 OL=13 OR=13 el=16 er=16 ed=0 dl=16 dr=16 cl=0 cr=0 ok=2321 fail=0 vofa=firewater rx=556 txdrop=11851
1775027169.461377,1775027169461376900,4480246554100,HB,794648,22002.0,1,1.081,1.304,16.0,16.0,0.0,12.0,14.0,1.0,3.0,16.0,16.0,0,0,,HB tick=794648 exp_id=187 t_ms=22002 run=1 spd=1 ts=20.000 as=16.000 ta=0.000 aa=1.109 se=4.000 so=1.857 ae=-1.109 ao=-0.960 pwm=13 pc=2 hd=-1 y=1.081 yr=1.304 L=1 R=3 OL=12 OR=14 el=16 er=16 ed=0 dl=16 dr=16 cl=0 cr=0 ok=2322 fail=0 vofa=firewater rx=556 txdrop=11851
1775027169.6499996,1775027169649999700,4480435177100,HB,794837,22191.0,1,1.107,0.895,15.0,15.0,0.0,12.0,14.0,1.0,3.0,15.0,15.0,0,0,,HB tick=794837 exp_id=187 t_ms=22191 run=1 spd=1 ts=20.000 as=15.000 ta=0.000 aa=1.081 se=5.000 so=1.967 ae=-1.081 ao=-0.699 pwm=13 pc=2 hd=-1 y=1.107 yr=0.895 L=1 R=3 OL=12 OR=14 el=15 er=15 ed=0 dl=15 dr=15 cl=0 cr=0 ok=2323 fail=0 vofa=firewater rx=556 txdrop=11851
1775027169.8375556,1775027169837555800,4480622734600,HB,795026,22380.0,1,1.01,0.401,15.0,16.0,-1.0,12.0,14.0,1.0,3.0,15.0,16.0,0,0,,HB tick=795026 exp_id=187 t_ms=22380 run=1 spd=1 ts=20.000 as=15.500 ta=0.000 aa=1.107 se=4.500 so=1.928 ae=-1.107 ao=-0.576 pwm=13 pc=2 hd=-1 y=1.010 yr=0.401 L=1 R=3 OL=12 OR=14 el=15 er=16 ed=-1 dl=15 dr=16 cl=0 cr=0 ok=2324 fail=0 vofa=firewater rx=556 txdrop=11851
1775027170.089824,1775027170089824000,4480875004600,HB,795275,22629.0,1,-2.131,-4.154,15.0,16.0,-1.0,13.0,13.0,2.0,2.0,15.0,16.0,0,0,,HB tick=795275 exp_id=187 t_ms=22629 run=1 spd=1 ts=20.000 as=15.500 ta=0.000 aa=1.009 se=4.500 so=1.941 ae=-1.009 ao=-0.392 pwm=13 pc=2 hd=0 y=-2.131 yr=-4.154 L=2 R=2 OL=13 OR=13 el=15 er=16 ed=-1 dl=15 dr=16 cl=0 cr=0 ok=2325 fail=0 vofa=firewater rx=556 txdrop=11851
1775027170.2458894,1775027170245889500,4481031066900,HB,795431,22785.0,1,-2.328,-3.142,16.0,15.0,1.0,14.0,12.0,3.0,1.0,16.0,15.0,0,0,,HB tick=795431 exp_id=187 t_ms=22785 run=1 spd=1 ts=20.000 as=15.500 ta=0.000 aa=-2.131 se=4.500 so=1.949 ae=2.131 ao=1.914 pwm=13 pc=2 hd=1 y=-2.328 yr=-3.142 L=3 R=1 OL=14 OR=12 el=16 er=15 ed=1 dl=16 dr=15 cl=0 cr=0 ok=2326 fail=0 vofa=firewater rx=556 txdrop=11851
1775027170.4969947,1775027170496994700,4481282174100,HB,795680,23034.0,1,-1.988,-1.564,15.0,15.0,0.0,14.0,12.0,3.0,1.0,15.0,15.0,0,0,,HB tick=795680 exp_id=187 t_ms=23034 run=1 spd=1 ts=20.000 as=15.000 ta=0.000 aa=-2.328 se=5.000 so=2.014 ae=2.328 ao=1.645 pwm=13 pc=2 hd=1 y=-1.988 yr=-1.564 L=3 R=1 OL=14 OR=12 el=15 er=15 ed=0 dl=15 dr=15 cl=0 cr=0 ok=2327 fail=0 vofa=firewater rx=556 txdrop=11851
1775027170.684874,1775027170684874000,4481470052600,HB,795875,23229.0,1,-1.84,-0.75,16.0,15.0,1.0,14.0,12.0,3.0,1.0,16.0,15.0,0,0,,HB tick=795875 exp_id=187 t_ms=23229 run=1 spd=1 ts=20.000 as=15.500 ta=0.000 aa=-1.988 se=4.500 so=1.974 ae=1.988 ao=1.049 pwm=13 pc=2 hd=1 y=-1.840 yr=-0.750 L=3 R=1 OL=14 OR=12 el=16 er=15 ed=1 dl=16 dr=15 cl=0 cr=0 ok=2328 fail=0 vofa=firewater rx=556 txdrop=11851
1775027170.8507097,1775027170850709800,4481635887300,HB,796037,23391.0,1,-1.374,0.518,17.0,15.0,2.0,14.0,12.0,3.0,1.0,17.0,15.0,0,0,,HB tick=796037 exp_id=187 t_ms=23391 run=1 spd=1 ts=20.000 as=16.000 ta=0.000 aa=-1.840 se=4.000 so=1.933 ae=1.840 ao=0.749 pwm=13 pc=2 hd=1 y=-1.374 yr=0.518 L=3 R=1 OL=14 OR=12 el=17 er=15 ed=2 dl=17 dr=15 cl=0 cr=0 ok=2329 fail=0 vofa=firewater rx=556 txdrop=11851
1775027171.0790596,1775027171079059600,4481864236800,HB,796269,23623.0,1,-0.333,1.907,16.0,16.0,0.0,13.0,13.0,2.0,2.0,16.0,16.0,0,0,,HB tick=796269 exp_id=187 t_ms=23623 run=1 spd=1 ts=20.000 as=16.000 ta=0.000 aa=-1.374 se=4.000 so=1.947 ae=1.374 ao=0.218 pwm=13 pc=2 hd=0 y=-0.333 yr=1.907 L=2 R=2 OL=13 OR=13 el=16 er=16 ed=0 dl=16 dr=16 cl=0 cr=0 ok=2330 fail=0 vofa=firewater rx=556 txdrop=11851
1775027171.3101115,1775027171310111600,4482095289300,HB,796491,23845.0,1,0.393,2.385,16.0,16.0,0.0,13.0,13.0,2.0,2.0,16.0,16.0,0,0,,HB tick=796491 exp_id=187 t_ms=23845 run=1 spd=1 ts=20.000 as=16.000 ta=0.000 aa=-0.334 se=4.000 so=1.960 ae=0.334 ao=-0.507 pwm=13 pc=2 hd=0 y=0.393 yr=2.385 L=2 R=2 OL=13 OR=13 el=16 er=16 ed=0 dl=16 dr=16 cl=0 cr=0 ok=2331 fail=0 vofa=firewater rx=556 txdrop=11851
1775027171.4570804,1775027171457080400,4482242257900,HB,796647,24001.0,1,0.274,1.283,15.0,16.0,-1.0,12.0,14.0,1.0,3.0,15.0,16.0,0,0,,HB tick=796647 exp_id=187 t_ms=24001 run=1 spd=1 ts=20.000 as=15.500 ta=0.000 aa=0.393 se=4.500 so=2.018 ae=-0.393 ao=-0.856 pwm=13 pc=2 hd=-1 y=0.274 yr=1.283 L=1 R=3 OL=12 OR=14 el=15 er=16 ed=-1 dl=15 dr=16 cl=0 cr=0 ok=2332 fail=0 vofa=firewater rx=556 txdrop=11851
1775027171.6874337,1775027171687433700,4482472611000,HB,796879,24233.0,1,-0.362,-0.127,15.0,15.0,0.0,12.0,14.0,1.0,3.0,15.0,15.0,0,0,,HB tick=796879 exp_id=187 t_ms=24233 run=1 spd=1 ts=20.000 as=15.000 ta=0.000 aa=0.274 se=5.000 so=2.081 ae=-0.274 ao=-0.472 pwm=13 pc=2 hd=-1 y=-0.362 yr=-0.127 L=1 R=3 OL=12 OR=14 el=15 er=15 ed=0 dl=15 dr=15 cl=0 cr=0 ok=2333 fail=0 vofa=firewater rx=556 txdrop=11851
1775027171.85436,1775027171854360100,4482639539200,HB,797045,24399.0,1,-0.828,-1.064,15.0,16.0,-1.0,13.0,13.0,2.0,2.0,15.0,16.0,0,0,,HB tick=797045 exp_id=187 t_ms=24399 run=1 spd=1 ts=20.000 as=15.500 ta=0.000 aa=-0.363 se=4.500 so=2.040 ae=0.363 ao=0.152 pwm=13 pc=2 hd=0 y=-0.828 yr=-1.064 L=2 R=2 OL=13 OR=13 el=15 er=16 ed=-1 dl=15 dr=16 cl=0 cr=0 ok=2334 fail=0 vofa=firewater rx=556 txdrop=11851
1775027172.1048064,1775027172104806400,4482889983900,HB,797294,24648.0,1,-1.744,-1.979,16.0,16.0,0.0,13.0,13.0,2.0,2.0,16.0,16.0,0,0,,HB tick=797294 exp_id=187 t_ms=24648 run=1 spd=1 ts=20.000 as=16.000 ta=0.000 aa=-0.828 se=4.000 so=2.004 ae=0.828 ao=0.578 pwm=13 pc=2 hd=0 y=-1.744 yr=-1.979 L=2 R=2 OL=13 OR=13 el=16 er=16 ed=0 dl=16 dr=16 cl=0 cr=0 ok=2335 fail=0 vofa=firewater rx=556 txdrop=11851
1775027172.2607427,1775027172260742600,4483045919800,HB,797450,24804.0,1,-1.718,-1.228,16.0,15.0,1.0,14.0,12.0,3.0,1.0,16.0,15.0,0,0,,HB tick=797450 exp_id=187 t_ms=24804 run=1 spd=1 ts=20.000 as=15.500 ta=0.000 aa=-1.744 se=4.500 so=2.062 ae=1.744 ao=1.119 pwm=13 pc=2 hd=1 y=-1.718 yr=-1.228 L=3 R=1 OL=14 OR=12 el=16 er=15 ed=1 dl=16 dr=15 cl=0 cr=0 ok=2336 fail=0 vofa=firewater rx=556 txdrop=11851
1775027172.5096147,1775027172509614500,4483294792000,HB,797699,25053.0,1,0.036,1.668,17.0,15.0,2.0,14.0,12.0,3.0,1.0,17.0,15.0,0,0,,HB tick=797699 exp_id=187 t_ms=25053 run=1 spd=1 ts=20.000 as=16.000 ta=0.000 aa=-1.718 se=4.000 so=2.025 ae=1.718 ao=0.872 pwm=13 pc=2 hd=1 y=0.036 yr=1.668 L=3 R=1 OL=14 OR=12 el=17 er=15 ed=2 dl=17 dr=15 cl=0 cr=0 ok=2337 fail=0 vofa=firewater rx=556 txdrop=11851
1775027172.6664343,1775027172666434400,4483451614400,HB,797855,25209.0,1,0.232,1.523,16.0,16.0,0.0,13.0,13.0,2.0,2.0,16.0,16.0,0,0,,HB tick=797855 exp_id=187 t_ms=25209 run=1 spd=1 ts=20.000 as=16.000 ta=0.000 aa=0.036 se=4.000 so=2.034 ae=-0.036 ao=-0.528 pwm=13 pc=2 hd=0 y=0.232 yr=1.523 L=2 R=2 OL=13 OR=13 el=16 er=16 ed=0 dl=16 dr=16 cl=0 cr=0 ok=2338 fail=0 vofa=firewater rx=556 txdrop=11851
1775027172.9156556,1775027172915655800,4483700833200,HB,798105,25459.0,1,1.152,2.278,16.0,15.0,1.0,13.0,13.0,2.0,2.0,16.0,15.0,0,0,,HB tick=798105 exp_id=187 t_ms=25459 run=1 spd=1 ts=20.000 as=15.500 ta=0.000 aa=0.232 se=4.500 so=2.097 ae=-0.232 ao=-0.535 pwm=13 pc=2 hd=0 y=1.152 yr=2.278 L=2 R=2 OL=13 OR=13 el=16 er=15 ed=1 dl=16 dr=15 cl=0 cr=0 ok=2339 fail=0 vofa=firewater rx=556 txdrop=11851
1775027173.0720437,1775027173072043700,4483857222100,HB,798261,25615.0,1,1.259,1.72,15.0,15.0,0.0,12.0,14.0,1.0,3.0,15.0,15.0,0,0,,HB tick=798261 exp_id=187 t_ms=25615 run=1 spd=1 ts=20.000 as=15.000 ta=0.000 aa=1.152 se=5.000 so=2.155 ae=-1.152 ao=-1.025 pwm=13 pc=2 hd=-1 y=1.259 yr=1.720 L=1 R=3 OL=12 OR=14 el=15 er=15 ed=0 dl=15 dr=15 cl=0 cr=0 ok=2340 fail=0 vofa=firewater rx=556 txdrop=11851
1775027173.321511,1775027173321511000,4484106688300,HB,798510,25864.0,1,0.991,0.742,15.0,16.0,-1.0,12.0,14.0,1.0,3.0,15.0,16.0,0,0,,HB tick=798510 exp_id=187 t_ms=25864 run=1 spd=1 ts=20.000 as=15.500 ta=0.000 aa=1.258 se=4.500 so=2.119 ae=-1.258 ao=-0.876 pwm=13 pc=2 hd=-1 y=0.991 yr=0.742 L=1 R=3 OL=12 OR=14 el=15 er=16 ed=-1 dl=15 dr=16 cl=0 cr=0 ok=2341 fail=0 vofa=firewater rx=556 txdrop=11851
1775027173.4786222,1775027173478622300,4484263801000,HB,798666,26020.0,1,0.867,0.203,15.0,16.0,-1.0,12.0,14.0,1.0,3.0,15.0,16.0,0,0,,HB tick=798666 exp_id=187 t_ms=26020 run=1 spd=1 ts=20.000 as=15.500 ta=0.000 aa=0.991 se=4.500 so=2.127 ae=-0.991 ao=-0.492 pwm=13 pc=2 hd=-1 y=0.867 yr=0.203 L=1 R=3 OL=12 OR=14 el=15 er=16 ed=-1 dl=15 dr=16 cl=0 cr=0 ok=2342 fail=0 vofa=firewater rx=556 txdrop=11851
1775027173.6665998,1775027173666599700,4484451777100,HB,798855,26209.0,1,0.805,0.017,16.0,15.0,1.0,13.0,13.0,2.0,2.0,16.0,15.0,0,0,,HB tick=798855 exp_id=187 t_ms=26209 run=1 spd=1 ts=20.000 as=15.500 ta=0.000 aa=0.867 se=4.500 so=2.137 ae=-0.867 ao=-0.286 pwm=13 pc=2 hd=0 y=0.805 yr=0.017 L=2 R=2 OL=13 OR=13 el=16 er=15 ed=1 dl=16 dr=15 cl=0 cr=0 ok=2343 fail=0 vofa=firewater rx=556 txdrop=11851
1775027173.8548055,1775027173854805600,4484639982700,HB,799044,26398.0,1,0.402,-0.735,15.0,15.0,0.0,13.0,13.0,2.0,2.0,15.0,15.0,0,0,,HB tick=799044 exp_id=187 t_ms=26398 run=1 spd=1 ts=20.000 as=15.000 ta=0.000 aa=0.805 se=5.000 so=2.198 ae=-0.805 ao=-0.210 pwm=13 pc=2 hd=0 y=0.402 yr=-0.735 L=2 R=2 OL=13 OR=13 el=15 er=15 ed=0 dl=15 dr=15 cl=0 cr=0 ok=2344 fail=0 vofa=firewater rx=556 txdrop=11851
1775027174.1049705,1775027174104970400,4484890147900,HB,799293,26647.0,1,-0.658,-1.968,16.0,16.0,0.0,13.0,13.0,2.0,2.0,16.0,16.0,0,0,,HB tick=799293 exp_id=187 t_ms=26647 run=1 spd=1 ts=20.000 as=16.000 ta=0.000 aa=0.402 se=4.000 so=2.111 ae=-0.402 ao=0.139 pwm=13 pc=2 hd=0 y=-0.658 yr=-1.968 L=2 R=2 OL=13 OR=13 el=16 er=16 ed=0 dl=16 dr=16 cl=0 cr=0 ok=2345 fail=0 vofa=firewater rx=556 txdrop=11851
1775027174.261424,1775027174261424000,4485046601000,HB,799449,26803.0,1,-0.705,-1.385,16.0,14.0,2.0,14.0,12.0,3.0,1.0,16.0,14.0,0,0,,HB tick=799449 exp_id=187 t_ms=26803 run=1 spd=1 ts=20.000 as=15.000 ta=0.000 aa=-0.658 se=5.000 so=2.219 ae=0.658 ao=0.820 pwm=13 pc=2 hd=1 y=-0.705 yr=-1.385 L=3 R=1 OL=14 OR=12 el=16 er=14 ed=2 dl=16 dr=14 cl=0 cr=0 ok=2346 fail=0 vofa=firewater rx=556 txdrop=11851
1775027174.5100777,1775027174510077600,4485295255200,HB,799698,27052.0,1,0.564,0.884,16.0,15.0,1.0,13.0,13.0,2.0,2.0,16.0,15.0,0,0,,HB tick=799698 exp_id=187 t_ms=27052 run=1 spd=1 ts=20.000 as=15.500 ta=0.000 aa=-0.706 se=4.500 so=2.184 ae=0.706 ao=0.647 pwm=13 pc=2 hd=0 y=0.564 yr=0.884 L=2 R=2 OL=13 OR=13 el=16 er=15 ed=1 dl=16 dr=15 cl=0 cr=0 ok=2347 fail=0 vofa=firewater rx=556 txdrop=11851
1775027174.6657364,1775027174665736500,4485450919000,HB,799854,27208.0,1,0.719,0.924,16.0,16.0,0.0,12.0,14.0,1.0,3.0,16.0,16.0,0,0,,HB tick=799854 exp_id=187 t_ms=27208 run=1 spd=1 ts=20.000 as=16.000 ta=0.000 aa=0.564 se=4.000 so=2.143 ae=-0.564 ao=-0.422 pwm=13 pc=2 hd=-1 y=0.719 yr=0.924 L=1 R=3 OL=12 OR=14 el=16 er=16 ed=0 dl=16 dr=16 cl=0 cr=0 ok=2348 fail=0 vofa=firewater rx=556 txdrop=11851
1775027174.9170418,1775027174917041700,4485702219800,HB,800104,27458.0,1,1.01,1.007,15.0,16.0,-1.0,12.0,14.0,1.0,3.0,15.0,16.0,0,0,,HB tick=800104 exp_id=187 t_ms=27458 run=1 spd=1 ts=20.000 as=15.500 ta=0.000 aa=0.719 se=4.500 so=2.207 ae=-0.719 ao=-0.477 pwm=13 pc=2 hd=-1 y=1.010 yr=1.007 L=1 R=3 OL=12 OR=14 el=15 er=16 ed=-1 dl=15 dr=16 cl=0 cr=0 ok=2349 fail=0 vofa=firewater rx=556 txdrop=11851
1775027175.0727515,1775027175072751600,4485857928800,HB,800261,27615.0,1,1.039,0.72,15.0,15.0,0.0,13.0,13.0,2.0,2.0,15.0,15.0,0,0,,HB tick=800261 exp_id=187 t_ms=27615 run=1 spd=1 ts=20.000 as=15.000 ta=0.000 aa=1.010 se=5.000 so=2.266 ae=-1.010 ao=-0.583 pwm=13 pc=2 hd=0 y=1.039 yr=0.720 L=2 R=2 OL=13 OR=13 el=15 er=15 ed=0 dl=15 dr=15 cl=0 cr=0 ok=2350 fail=0 vofa=firewater rx=556 txdrop=11851
1775027175.3016236,1775027175301623500,4486086801400,HB,800493,27847.0,1,0.997,0.405,14.0,16.0,-2.0,13.0,13.0,2.0,2.0,14.0,16.0,0,0,,HB tick=800493 exp_id=187 t_ms=27847 run=1 spd=1 ts=20.000 as=15.000 ta=0.000 aa=1.039 se=5.000 so=2.280 ae=-1.039 ao=-0.499 pwm=13 pc=2 hd=0 y=0.997 yr=0.405 L=2 R=2 OL=13 OR=13 el=14 er=16 ed=-2 dl=14 dr=16 cl=0 cr=0 ok=2351 fail=0 vofa=firewater rx=556 txdrop=11851
1775027175.4679925,1775027175467992500,4486253169600,HB,800655,28009.0,1,0.401,-1.026,16.0,16.0,0.0,13.0,13.0,2.0,2.0,16.0,16.0,0,0,,HB tick=800655 exp_id=187 t_ms=28009 run=1 spd=1 ts=20.000 as=16.000 ta=0.000 aa=0.997 se=4.000 so=2.189 ae=-0.997 ao=-0.387 pwm=13 pc=2 hd=0 y=0.401 yr=-1.026 L=2 R=2 OL=13 OR=13 el=16 er=16 ed=0 dl=16 dr=16 cl=0 cr=0 ok=2352 fail=0 vofa=firewater rx=556 txdrop=11851
1775027175.6983085,1775027175698308300,4486483486400,HB,800887,28241.0,1,-0.739,-2.387,15.0,16.0,-1.0,13.0,13.0,2.0,2.0,15.0,16.0,0,0,,HB tick=800887 exp_id=187 t_ms=28241 run=1 spd=1 ts=20.000 as=15.500 ta=0.000 aa=0.401 se=4.500 so=2.251 ae=-0.401 ao=0.231 pwm=13 pc=2 hd=0 y=-0.739 yr=-2.387 L=2 R=2 OL=13 OR=13 el=15 er=16 ed=-1 dl=15 dr=16 cl=0 cr=0 ok=2353 fail=0 vofa=firewater rx=556 txdrop=11851
1775027175.9077194,1775027175907719300,4486692898500,HB,801092,28446.0,1,-1.161,-2.271,15.0,15.0,0.0,14.0,12.0,3.0,1.0,15.0,15.0,0,0,,HB tick=801092 exp_id=187 t_ms=28446 run=1 spd=1 ts=20.000 as=15.000 ta=0.000 aa=-0.740 se=5.000 so=2.313 ae=0.740 ao=0.975 pwm=13 pc=2 hd=1 y=-1.161 yr=-2.271 L=3 R=1 OL=14 OR=12 el=15 er=15 ed=0 dl=15 dr=15 cl=0 cr=0 ok=2354 fail=0 vofa=firewater rx=556 txdrop=11851
1775027176.125865,1775027176125864900,4486911043200,HB,801318,28672.0,1,-0.845,-0.988,16.0,15.0,1.0,14.0,12.0,3.0,1.0,16.0,15.0,0,0,,HB tick=801318 exp_id=187 t_ms=28672 run=1 spd=1 ts=20.000 as=15.500 ta=0.000 aa=-1.161 se=4.500 so=2.275 ae=1.161 ao=1.052 pwm=13 pc=2 hd=1 y=-0.845 yr=-0.988 L=3 R=1 OL=14 OR=12 el=16 er=15 ed=1 dl=16 dr=15 cl=0 cr=0 ok=2355 fail=0 vofa=firewater rx=556 txdrop=11851
1775027176.2918441,1775027176291844100,4487077021300,HB,801474,28828.0,1,-0.752,-0.432,15.0,15.0,0.0,13.0,13.0,2.0,2.0,15.0,15.0,0,0,,HB tick=801474 exp_id=187 t_ms=28828 run=1 spd=1 ts=20.000 as=15.000 ta=0.000 aa=-0.846 se=5.000 so=2.334 ae=0.846 ao=0.557 pwm=13 pc=2 hd=0 y=-0.752 yr=-0.432 L=2 R=2 OL=13 OR=13 el=15 er=15 ed=0 dl=15 dr=15 cl=0 cr=0 ok=2356 fail=0 vofa=firewater rx=556 txdrop=11851
1775027176.469336,1775027176469336100,4487254513700,HB,801659,29013.0,1,-0.703,-0.189,16.0,14.0,2.0,13.0,13.0,2.0,2.0,16.0,14.0,0,0,,HB tick=801659 exp_id=187 t_ms=29013 run=1 spd=1 ts=20.000 as=15.000 ta=0.000 aa=-0.752 se=5.000 so=2.344 ae=0.752 ao=0.354 pwm=13 pc=2 hd=0 y=-0.703 yr=-0.189 L=2 R=2 OL=13 OR=13 el=16 er=14 ed=2 dl=16 dr=14 cl=0 cr=0 ok=2357 fail=0 vofa=firewater rx=556 txdrop=11851
1775027176.698741,1775027176698740900,4487483919600,HB,801891,29245.0,1,0.578,1.811,16.0,15.0,1.0,14.0,12.0,3.0,1.0,16.0,15.0,0,0,,HB tick=801891 exp_id=187 t_ms=29245 run=1 spd=1 ts=20.000 as=15.500 ta=0.000 aa=-0.704 se=4.500 so=2.308 ae=0.704 ao=0.264 pwm=13 pc=2 hd=1 y=0.578 yr=1.811 L=3 R=1 OL=14 OR=12 el=16 er=15 ed=1 dl=16 dr=15 cl=0 cr=0 ok=2358 fail=0 vofa=firewater rx=556 txdrop=11851
1775027176.8650758,1775027176865075700,4487650253600,HB,802052,29406.0,1,1.129,2.374,15.0,15.0,0.0,12.0,14.0,1.0,3.0,15.0,15.0,0,0,,HB tick=802052 exp_id=187 t_ms=29406 run=1 spd=1 ts=20.000 as=15.000 ta=0.000 aa=0.578 se=5.000 so=2.367 ae=-0.578 ao=-0.722 pwm=13 pc=2 hd=-1 y=1.129 yr=2.374 L=1 R=3 OL=12 OR=14 el=15 er=15 ed=0 dl=15 dr=15 cl=0 cr=0 ok=2359 fail=0 vofa=firewater rx=556 txdrop=11851
1775027177.0937624,1775027177093762300,4487878940700,HB,802284,29638.0,1,1.166,1.599,15.0,15.0,0.0,12.0,14.0,1.0,3.0,15.0,15.0,0,0,,HB tick=802284 exp_id=187 t_ms=29638 run=1 spd=1 ts=20.000 as=15.000 ta=0.000 aa=1.129 se=5.000 so=2.379 ae=-1.129 ao=-1.052 pwm=13 pc=2 hd=-1 y=1.166 yr=1.599 L=1 R=3 OL=12 OR=14 el=15 er=15 ed=0 dl=15 dr=15 cl=0 cr=0 ok=2360 fail=0 vofa=firewater rx=556 txdrop=11851
1775027177.322627,1775027177322627000,4488107804200,HB,802506,29860.0,1,0.387,-0.188,15.0,16.0,-1.0,12.0,14.0,1.0,3.0,15.0,16.0,0,0,,HB tick=802506 exp_id=187 t_ms=29860 run=1 spd=1 ts=20.000 as=15.500 ta=0.000 aa=1.165 se=4.500 so=2.342 ae=-1.165 ao=-0.815 pwm=13 pc=2 hd=-1 y=0.387 yr=-0.188 L=1 R=3 OL=12 OR=14 el=15 er=16 ed=-1 dl=15 dr=16 cl=0 cr=0 ok=2361 fail=0 vofa=firewater rx=556 txdrop=11851
1775027177.4777937,1775027177477793700,4488262970900,HB,802662,30016.0,1,0.163,-0.626,15.0,16.0,-1.0,13.0,13.0,2.0,2.0,15.0,16.0,0,0,,HB tick=802662 exp_id=187 t_ms=30016 run=1 spd=1 ts=20.000 as=15.500 ta=0.000 aa=0.387 se=4.500 so=2.351 ae=-0.387 ao=-0.033 pwm=13 pc=2 hd=0 y=0.163 yr=-0.626 L=2 R=2 OL=13 OR=13 el=15 er=16 ed=-1 dl=15 dr=16 cl=0 cr=0 ok=2362 fail=0 vofa=firewater rx=556 txdrop=11851
1775027177.7274184,1775027177727418300,4488512596500,HB,802911,30265.0,1,-0.89,-1.886,15.0,15.0,0.0,13.0,13.0,2.0,2.0,15.0,15.0,0,0,,HB tick=802911 exp_id=187 t_ms=30265 run=1 spd=1 ts=20.000 as=15.000 ta=0.000 aa=0.163 se=5.000 so=2.415 ae=-0.163 ao=0.168 pwm=13 pc=2 hd=0 y=-0.890 yr=-1.886 L=2 R=2 OL=13 OR=13 el=15 er=15 ed=0 dl=15 dr=15 cl=0 cr=0 ok=2363 fail=0 vofa=firewater rx=556 txdrop=11851
1775027177.9247394,1775027177924739300,4488709917200,HB,803112,30466.0,1,-0.872,-1.195,16.0,15.0,1.0,14.0,12.0,3.0,1.0,16.0,15.0,0,0,,HB tick=803112 exp_id=187 t_ms=30466 run=1 spd=1 ts=20.000 as=15.500 ta=0.000 aa=-0.890 se=4.500 so=2.375 ae=0.890 ao=0.856 pwm=13 pc=2 hd=1 y=-0.872 yr=-1.195 L=3 R=1 OL=14 OR=12 el=16 er=15 ed=1 dl=16 dr=15 cl=0 cr=0 ok=2364 fail=0 vofa=firewater rx=556 txdrop=11851
1775027178.0808222,1775027178080822400,4488866000100,HB,803273,30627.0,1,-0.382,0.288,16.0,15.0,1.0,13.0,13.0,2.0,2.0,16.0,15.0,0,0,,HB tick=803273 exp_id=187 t_ms=30627 run=1 spd=1 ts=20.000 as=15.500 ta=0.000 aa=-0.872 se=4.500 so=2.384 ae=0.872 ao=0.630 pwm=13 pc=2 hd=0 y=-0.382 yr=0.288 L=2 R=2 OL=13 OR=13 el=16 er=15 ed=1 dl=16 dr=15 cl=0 cr=0 ok=2365 fail=0 vofa=firewater rx=556 txdrop=11851
1775027178.2688339,1775027178268833800,4489054011100,HB,803462,30816.0,1,-0.233,0.463,16.0,16.0,0.0,13.0,13.0,2.0,2.0,16.0,16.0,0,0,,HB tick=803462 exp_id=187 t_ms=30816 run=1 spd=1 ts=20.000 as=16.000 ta=0.000 aa=-0.382 se=4.000 so=2.344 ae=0.382 ao=0.023 pwm=13 pc=2 hd=0 y=-0.233 yr=0.463 L=2 R=2 OL=13 OR=13 el=16 er=16 ed=0 dl=16 dr=16 cl=0 cr=0 ok=2366 fail=0 vofa=firewater rx=556 txdrop=11851
1775027178.529352,1775027178529352000,4489314529200,HB,803711,31065.0,1,2.049,3.509,16.0,15.0,1.0,13.0,13.0,2.0,2.0,16.0,15.0,0,0,,HB tick=803711 exp_id=187 t_ms=31065 run=1 spd=1 ts=20.000 as=15.500 ta=0.000 aa=-0.234 se=4.500 so=2.407 ae=0.234 ao=-0.073 pwm=13 pc=2 hd=0 y=2.049 yr=3.509 L=2 R=2 OL=13 OR=13 el=16 er=15 ed=1 dl=16 dr=15 cl=0 cr=0 ok=2367 fail=0 vofa=firewater rx=556 txdrop=11851
1775027178.6749637,1775027178674963700,4489460141900,HB,803867,31221.0,1,2.261,2.757,15.0,16.0,-1.0,12.0,14.0,1.0,3.0,15.0,16.0,0,0,,HB tick=803867 exp_id=187 t_ms=31221 run=1 spd=1 ts=20.000 as=15.500 ta=0.000 aa=2.049 se=4.500 so=2.416 ae=-2.049 ao=-1.664 pwm=13 pc=2 hd=-1 y=2.261 yr=2.757 L=1 R=3 OL=12 OR=14 el=15 er=16 ed=-1 dl=15 dr=16 cl=0 cr=0 ok=2368 fail=0 vofa=firewater rx=556 txdrop=11851
1775027178.92585,1775027178925849900,4489711029000,HB,804116,31470.0,1,1.56,0.806,15.0,16.0,-1.0,12.0,14.0,1.0,3.0,15.0,16.0,0,0,,HB tick=804116 exp_id=187 t_ms=31470 run=1 spd=1 ts=20.000 as=15.500 ta=0.000 aa=2.261 se=4.500 so=2.429 ae=-2.261 ao=-1.483 pwm=13 pc=2 hd=-1 y=1.560 yr=0.806 L=1 R=3 OL=12 OR=14 el=15 er=16 ed=-1 dl=15 dr=16 cl=0 cr=0 ok=2369 fail=0 vofa=firewater rx=556 txdrop=11851
1775027179.0813208,1775027179081320600,4489866497900,HB,804272,31626.0,1,1.43,0.234,15.0,16.0,-1.0,12.0,14.0,1.0,3.0,15.0,16.0,0,0,,HB tick=804272 exp_id=187 t_ms=31626 run=1 spd=1 ts=20.000 as=15.500 ta=0.000 aa=1.559 se=4.500 so=2.437 ae=-1.559 ao=-0.669 pwm=13 pc=2 hd=-1 y=1.430 yr=0.234 L=1 R=3 OL=12 OR=14 el=15 er=16 ed=-1 dl=15 dr=16 cl=0 cr=0 ok=2370 fail=0 vofa=firewater rx=556 txdrop=11851
1775027179.3408844,1775027179340884400,4490126062000,HB,804522,31876.0,1,0.356,-1.352,15.0,16.0,-1.0,13.0,13.0,2.0,2.0,15.0,16.0,0,0,,HB tick=804522 exp_id=187 t_ms=31876 run=1 spd=1 ts=20.000 as=15.500 ta=0.000 aa=1.430 se=4.500 so=2.450 ae=-1.430 ao=-0.452 pwm=13 pc=2 hd=0 y=0.356 yr=-1.352 L=2 R=2 OL=13 OR=13 el=15 er=16 ed=-1 dl=15 dr=16 cl=0 cr=0 ok=2371 fail=0 vofa=firewater rx=556 txdrop=11851
1775027179.4870849,1775027179487084800,4490272262900,HB,804679,32033.0,1,0.111,-1.425,15.0,16.0,-1.0,13.0,13.0,2.0,2.0,15.0,16.0,0,0,,HB tick=804679 exp_id=187 t_ms=32033 run=1 spd=1 ts=20.000 as=15.500 ta=0.000 aa=0.356 se=4.500 so=2.459 ae=-0.356 ao=0.345 pwm=13 pc=2 hd=0 y=0.111 yr=-1.425 L=2 R=2 OL=13 OR=13 el=15 er=16 ed=-1 dl=15 dr=16 cl=0 cr=0 ok=2372 fail=0 vofa=firewater rx=556 txdrop=11851
1775027179.6735349,1775027179673534900,4490458713500,HB,804867,32221.0,1,-0.049,-1.225,16.0,16.0,0.0,14.0,12.0,3.0,1.0,16.0,16.0,0,0,,HB tick=804867 exp_id=187 t_ms=32221 run=1 spd=1 ts=20.000 as=16.000 ta=0.000 aa=0.111 se=4.000 so=2.418 ae=-0.111 ao=0.435 pwm=13 pc=2 hd=1 y=-0.049 yr=-1.225 L=3 R=1 OL=14 OR=12 el=16 er=16 ed=0 dl=16 dr=16 cl=0 cr=0 ok=2373 fail=0 vofa=firewater rx=556 txdrop=11851
1775027179.8704638,1775027179870463700,4490655641200,HB,805056,32410.0,1,-0.763,-2.117,16.0,15.0,1.0,14.0,12.0,3.0,1.0,16.0,15.0,0,0,,HB tick=805056 exp_id=187 t_ms=32410 run=1 spd=1 ts=20.000 as=15.500 ta=0.000 aa=-0.050 se=4.500 so=2.478 ae=0.050 ao=0.414 pwm=13 pc=2 hd=1 y=-0.763 yr=-2.117 L=3 R=1 OL=14 OR=12 el=16 er=15 ed=1 dl=16 dr=15 cl=0 cr=0 ok=2374 fail=0 vofa=firewater rx=556 txdrop=11851
1775027180.1000173,1775027180100017300,4490885194700,HB,805288,32642.0,1,-0.403,-0.833,16.0,16.0,0.0,14.0,12.0,3.0,1.0,16.0,16.0,0,0,,HB tick=805288 exp_id=187 t_ms=32642 run=1 spd=1 ts=20.000 as=16.000 ta=0.000 aa=-0.763 se=4.000 so=2.440 ae=0.763 ao=0.893 pwm=13 pc=2 hd=1 y=-0.403 yr=-0.833 L=3 R=1 OL=14 OR=12 el=16 er=16 ed=0 dl=16 dr=16 cl=0 cr=0 ok=2375 fail=0 vofa=firewater rx=556 txdrop=11851
1775027180.3205073,1775027180320507300,4491105686600,HB,805508,32862.0,1,1.078,1.815,16.0,16.0,0.0,13.0,13.0,2.0,2.0,16.0,16.0,0,0,,HB tick=805508 exp_id=187 t_ms=32862 run=1 spd=1 ts=20.000 as=16.000 ta=0.000 aa=-0.403 se=4.000 so=2.451 ae=0.403 ao=0.385 pwm=13 pc=2 hd=0 y=1.078 yr=1.815 L=2 R=2 OL=13 OR=13 el=16 er=16 ed=0 dl=16 dr=16 cl=0 cr=0 ok=2376 fail=0 vofa=firewater rx=556 txdrop=11851
1775027180.5174103,1775027180517410300,4491302587500,HB,805709,33063.0,1,1.411,1.759,16.0,15.0,1.0,13.0,15.0,2.0,4.0,16.0,15.0,0,0,,HB tick=805709 exp_id=187 t_ms=33063 run=1 spd=1 ts=20.000 as=15.500 ta=0.000 aa=1.078 se=4.500 so=2.511 ae=-1.078 ao=-0.863 pwm=14 pc=3 hd=-1 y=1.411 yr=1.759 L=2 R=4 OL=13 OR=15 el=16 er=15 ed=1 dl=16 dr=15 cl=0 cr=0 ok=2377 fail=0 vofa=firewater rx=556 txdrop=11851
1775027180.746079,1775027180746078900,4491531256300,HB,805930,33284.0,1,1.883,1.89,16.0,16.0,0.0,12.0,14.0,1.0,3.0,16.0,16.0,0,0,,HB tick=805930 exp_id=187 t_ms=33284 run=1 spd=1 ts=20.000 as=16.000 ta=0.000 aa=1.411 se=4.000 so=2.473 ae=-1.411 ao=-0.936 pwm=13 pc=2 hd=-1 y=1.883 yr=1.890 L=1 R=3 OL=12 OR=14 el=16 er=16 ed=0 dl=16 dr=16 cl=0 cr=0 ok=2378 fail=0 vofa=firewater rx=556 txdrop=11851
1775027180.902432,1775027180902431900,4491687628000,HB,806086,33440.0,1,1.75,0.931,15.0,16.0,-1.0,13.0,15.0,2.0,4.0,15.0,16.0,0,0,,HB tick=806086 exp_id=187 t_ms=33440 run=1 spd=1 ts=20.000 as=15.500 ta=0.000 aa=1.882 se=4.500 so=2.530 ae=-1.882 ao=-1.106 pwm=14 pc=3 hd=-1 y=1.750 yr=0.931 L=2 R=4 OL=13 OR=15 el=15 er=16 ed=-1 dl=15 dr=16 cl=0 cr=0 ok=2379 fail=0 vofa=firewater rx=556 txdrop=11851
1775027181.1271055,1775027181127105600,4491912282600,HB,806319,33673.0,1,0.566,-1.173,15.0,17.0,-2.0,13.0,13.0,2.0,2.0,15.0,17.0,0,0,,HB tick=806319 exp_id=187 t_ms=33673 run=1 spd=1 ts=20.000 as=16.000 ta=0.000 aa=1.750 se=4.000 so=2.491 ae=-1.750 ao=-0.764 pwm=13 pc=2 hd=0 y=0.566 yr=-1.173 L=2 R=2 OL=13 OR=13 el=15 er=17 ed=-2 dl=15 dr=17 cl=0 cr=0 ok=2380 fail=0 vofa=firewater rx=556 txdrop=11851
1775027181.3562756,1775027181356275500,4492141452800,HB,806540,33894.0,1,-0.858,-3.019,16.0,14.0,2.0,14.0,14.0,3.0,3.0,16.0,14.0,0,0,,HB tick=806540 exp_id=187 t_ms=33894 run=1 spd=1 ts=20.000 as=15.000 ta=0.000 aa=0.566 se=5.000 so=2.603 ae=-0.566 ao=0.229 pwm=14 pc=3 hd=0 y=-0.858 yr=-3.019 L=3 R=3 OL=14 OR=14 el=16 er=14 ed=2 dl=16 dr=14 cl=0 cr=0 ok=2381 fail=0 vofa=firewater rx=556 txdrop=11851
1775027181.5548196,1775027181554819600,4492339996800,HB,806741,34095.0,1,-0.357,-1.089,17.0,16.0,1.0,14.0,12.0,3.0,1.0,17.0,16.0,0,0,,HB tick=806741 exp_id=187 t_ms=34095 run=1 spd=1 ts=20.000 as=16.500 ta=0.000 aa=-0.859 se=3.500 so=2.462 ae=0.859 ao=1.204 pwm=13 pc=2 hd=1 y=-0.357 yr=-1.089 L=3 R=1 OL=14 OR=12 el=17 er=16 ed=1 dl=17 dr=16 cl=0 cr=0 ok=2382 fail=0 vofa=firewater rx=556 txdrop=11851
1775027181.710716,1775027181710715900,4492495893200,HB,806902,34256.0,1,0.212,0.529,17.0,16.0,1.0,14.0,12.0,3.0,1.0,17.0,16.0,0,0,,HB tick=806902 exp_id=187 t_ms=34256 run=1 spd=1 ts=20.000 as=16.500 ta=0.000 aa=-0.357 se=3.500 so=2.469 ae=0.357 ao=0.451 pwm=13 pc=2 hd=1 y=0.212 yr=0.529 L=3 R=1 OL=14 OR=12 el=17 er=16 ed=1 dl=17 dr=16 cl=0 cr=0 ok=2383 fail=0 vofa=firewater rx=556 txdrop=11851
1775027181.951054,1775027181951054100,4492736231500,HB,807135,34489.0,1,1.214,1.855,16.0,16.0,0.0,13.0,15.0,2.0,4.0,16.0,16.0,0,0,,HB tick=807135 exp_id=187 t_ms=34489 run=1 spd=1 ts=20.000 as=16.000 ta=0.000 aa=1.214 se=4.000 so=2.529 ae=-1.214 ao=-0.596 pwm=14 pc=3 hd=-1 y=1.214 yr=1.855 L=2 R=4 OL=13 OR=15 el=16 er=16 ed=0 dl=16 dr=16 cl=0 cr=0 ok=2384 fail=0 vofa=firewater rx=556 txdrop=11851
1775027182.1604981,1775027182160498300,4492945675500,HB,807344,34698.0,1,2.193,2.837,16.0,17.0,-1.0,12.0,14.0,1.0,3.0,16.0,17.0,0,0,,HB tick=807344 exp_id=187 t_ms=34698 run=1 spd=1 ts=20.000 as=16.500 ta=0.000 aa=1.214 se=3.500 so=2.489 ae=-1.214 ao=-0.915 pwm=13 pc=2 hd=-1 y=2.193 yr=2.837 L=1 R=3 OL=12 OR=14 el=16 er=17 ed=-1 dl=16 dr=17 cl=0 cr=0 ok=2385 fail=0 vofa=firewater rx=556 txdrop=11851
1775027182.3583837,1775027182358383500,4493143560700,HB,807549,34903.0,1,1.995,1.506,16.0,16.0,0.0,13.0,15.0,2.0,4.0,16.0,16.0,0,0,,HB tick=807549 exp_id=187 t_ms=34903 run=1 spd=1 ts=20.000 as=16.000 ta=0.000 aa=2.193 se=4.000 so=2.548 ae=-2.193 ao=-1.495 pwm=14 pc=3 hd=-1 y=1.995 yr=1.506 L=2 R=4 OL=13 OR=15 el=16 er=16 ed=0 dl=16 dr=16 cl=0 cr=0 ok=2386 fail=0 vofa=firewater rx=556 txdrop=11851
1775027182.599585,1775027182599585100,4493384762400,HB,807787,35141.0,1,0.327,-1.473,16.0,17.0,-1.0,13.0,15.0,2.0,4.0,16.0,17.0,0,0,,HB tick=807787 exp_id=187 t_ms=35141 run=1 spd=1 ts=20.000 as=16.500 ta=0.000 aa=1.994 se=3.500 so=2.510 ae=-1.994 ao=-1.017 pwm=14 pc=3 hd=-1 y=0.327 yr=-1.473 L=2 R=4 OL=13 OR=15 el=16 er=17 ed=-1 dl=16 dr=17 cl=0 cr=0 ok=2387 fail=0 vofa=firewater rx=556 txdrop=11851
1775027182.7876456,1775027182787645800,4493572823400,HB,807982,35336.0,1,-0.037,-1.611,16.0,17.0,-1.0,15.0,13.0,4.0,2.0,16.0,17.0,0,0,,HB tick=807982 exp_id=187 t_ms=35336 run=1 spd=1 ts=20.000 as=16.500 ta=0.000 aa=0.327 se=3.500 so=2.519 ae=-0.327 ao=0.387 pwm=14 pc=3 hd=1 y=-0.037 yr=-1.611 L=4 R=2 OL=15 OR=13 el=16 er=17 ed=-1 dl=16 dr=17 cl=0 cr=0 ok=2388 fail=0 vofa=firewater rx=556 txdrop=11851
1775027182.9969423,1775027182996942300,4493782119500,HB,808187,35541.0,1,-0.874,-2.477,15.0,16.0,-1.0,14.0,14.0,3.0,3.0,15.0,16.0,0,0,,HB tick=808187 exp_id=187 t_ms=35541 run=1 spd=1 ts=20.000 as=15.500 ta=0.000 aa=-0.037 se=4.500 so=2.628 ae=0.037 ao=0.529 pwm=14 pc=3 hd=0 y=-0.874 yr=-2.477 L=3 R=3 OL=14 OR=14 el=15 er=16 ed=-1 dl=15 dr=16 cl=0 cr=0 ok=2389 fail=0 vofa=firewater rx=556 txdrop=11851
1775027183.2052598,1775027183205259800,4493990439700,HB,808391,35745.0,1,-1.29,-2.323,17.0,15.0,2.0,15.0,13.0,4.0,2.0,17.0,15.0,0,0,,HB tick=808391 exp_id=187 t_ms=35745 run=1 spd=1 ts=20.000 as=16.000 ta=0.000 aa=-0.875 se=4.000 so=2.588 ae=0.875 ao=1.033 pwm=14 pc=3 hd=1 y=-1.290 yr=-2.323 L=4 R=2 OL=15 OR=13 el=17 er=15 ed=2 dl=17 dr=15 cl=0 cr=0 ok=2390 fail=0 vofa=firewater rx=556 txdrop=11851
1775027183.4026546,1775027183402654700,4494187831800,HB,808597,35950.0,1,-0.505,-0.171,17.0,16.0,1.0,15.0,13.0,4.0,2.0,17.0,16.0,0,0,,HB tick=808597 exp_id=187 t_ms=35950 run=1 spd=1 ts=20.000 as=16.500 ta=0.000 aa=-1.290 se=3.500 so=2.547 ae=1.290 ao=1.096 pwm=14 pc=3 hd=1 y=-0.505 yr=-0.171 L=4 R=2 OL=15 OR=13 el=17 er=16 ed=1 dl=17 dr=16 cl=0 cr=0 ok=2391 fail=0 vofa=firewater rx=556 txdrop=11851
1775027183.6197639,1775027183619763900,4494404941200,HB,808806,36160.0,1,1.334,2.955,18.0,16.0,2.0,14.0,14.0,3.0,3.0,18.0,16.0,0,0,,HB tick=808806 exp_id=187 t_ms=36160 run=1 spd=1 ts=20.000 as=17.000 ta=0.000 aa=-0.506 se=3.000 so=2.505 ae=0.506 ao=0.196 pwm=14 pc=3 hd=0 y=1.334 yr=2.955 L=3 R=3 OL=14 OR=14 el=18 er=16 ed=2 dl=18 dr=16 cl=0 cr=0 ok=2392 fail=0 vofa=firewater rx=556 txdrop=11851
1775027183.8194065,1775027183819406700,4494604584000,HB,809011,36365.0,1,3.041,4.835,17.0,16.0,1.0,13.0,15.0,2.0,4.0,17.0,16.0,0,0,,HB tick=809011 exp_id=187 t_ms=36365 run=1 spd=1 ts=20.000 as=16.500 ta=0.000 aa=1.334 se=3.500 so=2.563 ae=-1.334 ao=-1.301 pwm=14 pc=3 hd=-1 y=3.041 yr=4.835 L=2 R=4 OL=13 OR=15 el=17 er=16 ed=1 dl=17 dr=16 cl=0 cr=0 ok=2393 fail=0 vofa=firewater rx=556 txdrop=11851
1775027184.0591495,1775027184059149600,4494844327300,HB,809237,36591.0,1,3.669,4.116,16.0,17.0,-1.0,13.0,15.0,2.0,4.0,16.0,17.0,0,0,,HB tick=809237 exp_id=187 t_ms=36591 run=1 spd=1 ts=20.000 as=16.500 ta=0.000 aa=3.041 se=3.500 so=2.572 ae=-3.041 ao=-2.365 pwm=14 pc=3 hd=-1 y=3.669 yr=4.116 L=2 R=4 OL=13 OR=15 el=16 er=17 ed=-1 dl=16 dr=17 cl=0 cr=0 ok=2394 fail=0 vofa=firewater rx=556 txdrop=11851
1775027184.256675,1775027184256675000,4495041852700,HB,809437,36791.0,1,3.091,1.664,17.0,18.0,-1.0,12.0,14.0,1.0,3.0,17.0,18.0,0,0,,HB tick=809437 exp_id=187 t_ms=36791 run=1 spd=1 ts=20.000 as=17.500 ta=0.000 aa=3.669 se=2.500 so=2.479 ae=-3.669 ao=-2.307 pwm=13 pc=2 hd=-1 y=3.091 yr=1.664 L=1 R=3 OL=12 OR=14 el=17 er=18 ed=-1 dl=17 dr=18 cl=0 cr=0 ok=2395 fail=0 vofa=firewater rx=556 txdrop=11851
1775027184.4139035,1775027184413903400,4495199081400,HB,809598,36952.0,1,2.413,-0.392,17.0,18.0,-1.0,12.0,14.0,1.0,3.0,17.0,18.0,0,0,,HB tick=809598 exp_id=187 t_ms=36952 run=1 spd=1 ts=20.000 as=17.500 ta=0.000 aa=3.091 se=2.500 so=2.484 ae=-3.091 ao=-1.367 pwm=13 pc=2 hd=-1 y=2.413 yr=-0.392 L=1 R=3 OL=12 OR=14 el=17 er=18 ed=-1 dl=17 dr=18 cl=0 cr=0 ok=2396 fail=0 vofa=firewater rx=556 txdrop=11851
1775027184.6430905,1775027184643090500,4495428267700,HB,809831,37185.0,1,1.349,-1.853,16.0,17.0,-1.0,13.0,15.0,2.0,4.0,16.0,17.0,0,0,,HB tick=809831 exp_id=187 t_ms=37185 run=1 spd=1 ts=20.000 as=16.500 ta=0.000 aa=2.413 se=3.500 so=2.593 ae=-2.413 ao=-0.528 pwm=14 pc=3 hd=-1 y=1.349 yr=-1.853 L=2 R=4 OL=13 OR=15 el=16 er=17 ed=-1 dl=16 dr=17 cl=0 cr=0 ok=2397 fail=0 vofa=firewater rx=556 txdrop=11851
1775027184.8509169,1775027184850916900,4495636094000,HB,810036,37390.0,1,0.126,-3.293,17.0,16.0,1.0,14.0,14.0,3.0,3.0,17.0,16.0,0,0,,HB tick=810036 exp_id=187 t_ms=37390 run=1 spd=1 ts=20.000 as=16.500 ta=0.000 aa=1.349 se=3.500 so=2.599 ae=-1.349 ao=0.227 pwm=14 pc=3 hd=0 y=0.126 yr=-3.293 L=3 R=3 OL=14 OR=14 el=17 er=16 ed=1 dl=17 dr=16 cl=0 cr=0 ok=2398 fail=0 vofa=firewater rx=556 txdrop=11851
1775027185.0591652,1775027185059165300,4495844345400,HB,810245,37599.0,1,-0.94,-3.926,17.0,17.0,0.0,15.0,13.0,4.0,2.0,17.0,17.0,0,0,,HB tick=810245 exp_id=187 t_ms=37599 run=1 spd=1 ts=20.000 as=17.000 ta=0.000 aa=0.126 se=3.000 so=2.556 ae=-0.126 ao=1.017 pwm=14 pc=3 hd=1 y=-0.940 yr=-3.926 L=4 R=2 OL=15 OR=13 el=17 er=17 ed=0 dl=17 dr=17 cl=0 cr=0 ok=2399 fail=0 vofa=firewater rx=556 txdrop=11851
1775027185.2573588,1775027185257358900,4496042536600,HB,810450,37804.0,1,-1.022,-2.692,18.0,17.0,1.0,15.0,13.0,4.0,2.0,18.0,17.0,0,0,,HB tick=810450 exp_id=187 t_ms=37804 run=1 spd=1 ts=20.000 as=17.500 ta=0.000 aa=-0.941 se=2.500 so=2.512 ae=0.941 ao=1.508 pwm=14 pc=3 hd=1 y=-1.022 yr=-2.692 L=4 R=2 OL=15 OR=13 el=18 er=17 ed=1 dl=18 dr=17 cl=0 cr=0 ok=2400 fail=0 vofa=firewater rx=556 txdrop=11851
1775027185.4661553,1775027185466155200,4496251332300,HB,810655,38009.0,1,-0.022,-0.043,17.0,16.0,1.0,15.0,13.0,4.0,2.0,17.0,16.0,0,0,,HB tick=810655 exp_id=187 t_ms=38009 run=1 spd=1 ts=20.000 as=16.500 ta=0.000 aa=-1.022 se=3.500 so=2.619 ae=1.022 ao=1.136 pwm=14 pc=3 hd=1 y=-0.022 yr=-0.043 L=4 R=2 OL=15 OR=13 el=17 er=16 ed=1 dl=17 dr=16 cl=0 cr=0 ok=2401 fail=0 vofa=firewater rx=556 txdrop=11851
1775027185.632271,1775027185632271100,4496417448300,HB,810820,38174.0,1,0.981,2.101,18.0,16.0,2.0,14.0,14.0,3.0,3.0,18.0,16.0,0,0,,HB tick=810820 exp_id=187 t_ms=38174 run=1 spd=1 ts=20.000 as=17.000 ta=0.000 aa=-0.023 se=3.000 so=2.575 ae=0.023 ao=0.018 pwm=14 pc=3 hd=0 y=0.981 yr=2.101 L=3 R=3 OL=14 OR=14 el=18 er=16 ed=2 dl=18 dr=16 cl=0 cr=0 ok=2402 fail=0 vofa=firewater rx=556 txdrop=11851
1775027185.8814845,1775027185881484600,4496666662000,HB,811074,38428.0,1,4.091,5.651,17.0,17.0,0.0,13.0,15.0,2.0,4.0,17.0,17.0,0,0,,HB tick=811074 exp_id=187 t_ms=38428 run=1 spd=1 ts=20.000 as=17.000 ta=0.000 aa=0.981 se=3.000 so=2.584 ae=-0.981 ao=-0.939 pwm=14 pc=3 hd=-1 y=4.091 yr=5.651 L=2 R=4 OL=13 OR=15 el=17 er=17 ed=0 dl=17 dr=17 cl=0 cr=0 ok=2403 fail=0 vofa=firewater rx=556 txdrop=11851
1775027186.0486293,1775027186048629200,4496833807000,HB,811230,38584.0,1,4.082,3.653,16.0,17.0,-1.0,13.0,15.0,2.0,4.0,16.0,17.0,0,0,,HB tick=811230 exp_id=187 t_ms=38584 run=1 spd=1 ts=20.000 as=16.500 ta=0.000 aa=4.091 se=3.500 so=2.640 ae=-4.091 ao=-2.916 pwm=14 pc=3 hd=-1 y=4.082 yr=3.653 L=2 R=4 OL=13 OR=15 el=16 er=17 ed=-1 dl=16 dr=17 cl=0 cr=0 ok=2404 fail=0 vofa=firewater rx=556 txdrop=11851
1775027186.276801,1775027186276800900,4497061978300,HB,811463,38817.0,1,3.458,1.437,17.0,17.0,0.0,13.0,15.0,2.0,4.0,17.0,17.0,0,0,,HB tick=811463 exp_id=187 t_ms=38817 run=1 spd=1 ts=20.000 as=17.000 ta=0.000 aa=4.082 se=3.000 so=2.598 ae=-4.082 ao=-2.277 pwm=14 pc=3 hd=-1 y=3.458 yr=1.437 L=2 R=4 OL=13 OR=15 el=17 er=17 ed=0 dl=17 dr=17 cl=0 cr=0 ok=2405 fail=0 vofa=firewater rx=556 txdrop=11851
1775027186.4955637,1775027186495563800,4497280742700,HB,811684,39038.0,1,1.677,-1.888,16.0,17.0,-1.0,13.0,15.0,2.0,4.0,16.0,17.0,0,0,,HB tick=811684 exp_id=187 t_ms=39038 run=1 spd=1 ts=20.000 as=16.500 ta=0.000 aa=3.458 se=3.500 so=2.656 ae=-3.458 ao=-1.401 pwm=14 pc=3 hd=-1 y=1.677 yr=-1.888 L=2 R=4 OL=13 OR=15 el=16 er=17 ed=-1 dl=16 dr=17 cl=0 cr=0 ok=2406 fail=0 vofa=firewater rx=556 txdrop=11851
1775027186.65126,1775027186651259900,4497436437200,HB,811840,39194.0,1,1.418,-1.807,17.0,18.0,-1.0,14.0,14.0,3.0,3.0,17.0,18.0,0,0,,HB tick=811840 exp_id=187 t_ms=39194 run=1 spd=1 ts=20.000 as=17.500 ta=0.000 aa=1.676 se=2.500 so=2.562 ae=-1.676 ao=0.143 pwm=14 pc=3 hd=0 y=1.418 yr=-1.807 L=3 R=3 OL=14 OR=14 el=17 er=18 ed=-1 dl=17 dr=18 cl=0 cr=0 ok=2407 fail=0 vofa=firewater rx=556 txdrop=11851
1775027186.8383923,1775027186838392300,4497623569500,HB,812029,39383.0,1,1.293,-1.405,17.0,17.0,0.0,14.0,14.0,3.0,3.0,17.0,17.0,0,0,,HB tick=812029 exp_id=187 t_ms=39383 run=1 spd=1 ts=20.000 as=17.000 ta=0.000 aa=1.418 se=3.000 so=2.617 ae=-1.418 ao=0.186 pwm=14 pc=3 hd=0 y=1.293 yr=-1.405 L=3 R=3 OL=14 OR=14 el=17 er=17 ed=0 dl=17 dr=17 cl=0 cr=0 ok=2408 fail=0 vofa=firewater rx=556 txdrop=11851
1775027187.0765457,1775027187076545700,4497861723000,HB,812262,39616.0,1,-0.058,-2.943,17.0,17.0,0.0,14.0,14.0,3.0,3.0,17.0,17.0,0,0,,HB tick=812262 exp_id=187 t_ms=39616 run=1 spd=1 ts=20.000 as=17.000 ta=0.000 aa=1.293 se=3.000 so=2.625 ae=-1.293 ao=0.091 pwm=14 pc=3 hd=0 y=-0.058 yr=-2.943 L=3 R=3 OL=14 OR=14 el=17 er=17 ed=0 dl=17 dr=17 cl=0 cr=0 ok=2409 fail=0 vofa=firewater rx=556 txdrop=11851
1775027187.2954764,1775027187295476500,4498080656300,HB,812483,39837.0,1,-0.515,-2.637,18.0,17.0,1.0,15.0,13.0,4.0,2.0,18.0,17.0,0,0,,HB tick=812483 exp_id=187 t_ms=39837 run=1 spd=1 ts=20.000 as=17.500 ta=0.000 aa=-0.058 se=2.500 so=2.582 ae=0.058 ao=0.948 pwm=14 pc=3 hd=1 y=-0.515 yr=-2.637 L=4 R=2 OL=15 OR=13 el=18 er=17 ed=1 dl=18 dr=17 cl=0 cr=0 ok=2410 fail=0 vofa=firewater rx=556 txdrop=11851
1775027187.492865,1775027187492865100,4498278042400,HB,812683,40037.0,1,-0.42,-1.548,18.0,17.0,1.0,15.0,13.0,4.0,2.0,18.0,17.0,0,0,,HB tick=812683 exp_id=187 t_ms=40037 run=1 spd=1 ts=20.000 as=17.500 ta=0.000 aa=-0.515 se=2.500 so=2.588 ae=0.515 ao=0.974 pwm=14 pc=3 hd=1 y=-0.420 yr=-1.548 L=4 R=2 OL=15 OR=13 el=18 er=17 ed=1 dl=18 dr=17 cl=0 cr=0 ok=2411 fail=0 vofa=firewater rx=556 txdrop=11851
1775027187.659624,1775027187659624100,4498444801400,HB,812844,40198.0,1,0.327,0.618,17.0,17.0,0.0,14.0,14.0,3.0,3.0,17.0,17.0,0,0,,HB tick=812844 exp_id=187 t_ms=40198 run=1 spd=1 ts=20.000 as=17.000 ta=0.000 aa=-0.421 se=3.000 so=2.643 ae=0.421 ao=0.600 pwm=14 pc=3 hd=0 y=0.327 yr=0.618 L=3 R=3 OL=14 OR=14 el=17 er=17 ed=0 dl=17 dr=17 cl=0 cr=0 ok=2412 fail=0 vofa=firewater rx=556 txdrop=11851
1775027187.8462377,1775027187846237700,4498631415000,HB,813032,40386.0,1,0.596,0.903,18.0,18.0,0.0,13.0,15.0,2.0,4.0,18.0,18.0,0,0,,HB tick=813032 exp_id=187 t_ms=40386 run=1 spd=1 ts=20.000 as=18.000 ta=0.000 aa=0.327 se=2.000 so=2.549 ae=-0.327 ao=-0.295 pwm=14 pc=3 hd=-1 y=0.596 yr=0.903 L=2 R=4 OL=13 OR=15 el=18 er=18 ed=0 dl=18 dr=18 cl=0 cr=0 ok=2413 fail=0 vofa=firewater rx=556 txdrop=11851
1775027188.0958326,1775027188095832500,4498881011400,HB,813281,40635.0,1,1.971,2.519,18.0,18.0,0.0,14.0,14.0,3.0,3.0,18.0,18.0,0,0,,HB tick=813281 exp_id=187 t_ms=40635 run=1 spd=1 ts=20.000 as=18.000 ta=0.000 aa=0.596 se=2.000 so=2.556 ae=-0.596 ao=-0.459 pwm=14 pc=3 hd=0 y=1.971 yr=2.519 L=3 R=3 OL=14 OR=14 el=18 er=18 ed=0 dl=18 dr=18 cl=0 cr=0 ok=2414 fail=0 vofa=firewater rx=556 txdrop=11851
1775027188.2532947,1775027188253294700,4499038472600,HB,813438,40792.0,1,2.021,1.749,16.0,17.0,-1.0,13.0,15.0,2.0,4.0,16.0,17.0,0,0,,HB tick=813438 exp_id=187 t_ms=40792 run=1 spd=1 ts=20.000 as=16.500 ta=0.000 aa=1.971 se=3.500 so=2.711 ae=-1.971 ao=-1.349 pwm=14 pc=3 hd=-1 y=2.021 yr=1.749 L=2 R=4 OL=13 OR=15 el=16 er=17 ed=-1 dl=16 dr=17 cl=0 cr=0 ok=2415 fail=0 vofa=firewater rx=556 txdrop=11851
1775027188.4821696,1775027188482169600,4499267347200,HB,813670,41024.0,1,1.855,0.886,17.0,18.0,-1.0,13.0,15.0,2.0,4.0,17.0,18.0,0,0,,HB tick=813670 exp_id=187 t_ms=41024 run=1 spd=1 ts=20.000 as=17.500 ta=0.000 aa=2.021 se=2.500 so=2.619 ae=-2.021 ao=-1.117 pwm=14 pc=3 hd=-1 y=1.855 yr=0.886 L=2 R=4 OL=13 OR=15 el=17 er=18 ed=-1 dl=17 dr=18 cl=0 cr=0 ok=2416 fail=0 vofa=firewater rx=556 txdrop=11851
1775027188.6909704,1775027188690970300,4499476148100,HB,813880,41234.0,1,0.658,-1.419,17.0,18.0,-1.0,13.0,15.0,2.0,4.0,17.0,18.0,0,0,,HB tick=813880 exp_id=187 t_ms=41234 run=1 spd=1 ts=20.000 as=17.500 ta=0.000 aa=1.854 se=2.500 so=2.626 ae=-1.854 ao=-0.797 pwm=14 pc=3 hd=-1 y=0.658 yr=-1.419 L=2 R=4 OL=13 OR=15 el=17 er=18 ed=-1 dl=17 dr=18 cl=0 cr=0 ok=2417 fail=0 vofa=firewater rx=556 txdrop=11851
1775027188.9088638,1775027188908863800,4499694041000,HB,814102,41456.0,1,-1.38,-4.135,16.0,18.0,-2.0,14.0,14.0,3.0,3.0,16.0,18.0,0,0,,HB tick=814102 exp_id=187 t_ms=41456 run=1 spd=1 ts=20.000 as=17.000 ta=0.000 aa=0.657 se=3.000 so=2.685 ae=-0.657 ao=0.264 pwm=14 pc=3 hd=0 y=-1.380 yr=-4.135 L=3 R=3 OL=14 OR=14 el=16 er=18 ed=-2 dl=16 dr=18 cl=0 cr=0 ok=2418 fail=0 vofa=firewater rx=556 txdrop=11851
1775027189.070478,1775027189070478200,4499855655500,HB,814258,41612.0,1,-1.611,-3.205,17.0,18.0,-1.0,15.0,13.0,4.0,2.0,17.0,18.0,0,0,,HB tick=814258 exp_id=187 t_ms=41612 run=1 spd=1 ts=20.000 as=17.500 ta=0.000 aa=-1.380 se=2.500 so=2.640 ae=1.380 ao=1.683 pwm=14 pc=3 hd=1 y=-1.611 yr=-3.205 L=4 R=2 OL=15 OR=13 el=17 er=18 ed=-1 dl=17 dr=18 cl=0 cr=0 ok=2419 fail=0 vofa=firewater rx=556 txdrop=11851
1775027189.320463,1775027189320462800,4500105641300,HB,814512,41866.0,1,-1.627,-2.106,18.0,17.0,1.0,15.0,13.0,4.0,2.0,18.0,17.0,0,0,,HB tick=814512 exp_id=187 t_ms=41866 run=1 spd=1 ts=20.000 as=17.500 ta=0.000 aa=-1.611 se=2.500 so=2.649 ae=1.611 ao=1.449 pwm=14 pc=3 hd=1 y=-1.627 yr=-2.106 L=4 R=2 OL=15 OR=13 el=18 er=17 ed=1 dl=18 dr=17 cl=0 cr=0 ok=2420 fail=0 vofa=firewater rx=556 txdrop=11851
1775027189.4771643,1775027189477164200,4500262341600,HB,814668,42022.0,1,-1.382,-0.82,17.0,16.0,1.0,15.0,13.0,4.0,2.0,17.0,16.0,0,0,,HB tick=814668 exp_id=187 t_ms=42022 run=1 spd=1 ts=20.000 as=16.500 ta=0.000 aa=-1.627 se=3.500 so=2.755 ae=1.627 ao=1.103 pwm=14 pc=3 hd=1 y=-1.382 yr=-0.820 L=4 R=2 OL=15 OR=13 el=17 er=16 ed=1 dl=17 dr=16 cl=0 cr=0 ok=2421 fail=0 vofa=firewater rx=556 txdrop=11851
1775027189.727916,1775027189727916000,4500513093300,HB,814918,42272.0,1,0.34,1.878,17.0,17.0,0.0,14.0,14.0,3.0,3.0,17.0,17.0,0,0,,HB tick=814918 exp_id=187 t_ms=42272 run=1 spd=1 ts=20.000 as=17.000 ta=0.000 aa=-1.383 se=3.000 so=2.714 ae=1.383 ao=0.626 pwm=14 pc=3 hd=0 y=0.340 yr=1.878 L=3 R=3 OL=14 OR=14 el=17 er=17 ed=0 dl=17 dr=17 cl=0 cr=0 ok=2422 fail=0 vofa=firewater rx=556 txdrop=11851
1775027189.925736,1775027189925736000,4500710915200,HB,815119,42473.0,1,0.671,1.797,18.0,17.0,1.0,14.0,14.0,3.0,3.0,18.0,17.0,0,0,,HB tick=815119 exp_id=187 t_ms=42473 run=1 spd=1 ts=20.000 as=17.500 ta=0.000 aa=0.339 se=2.500 so=2.671 ae=-0.339 ao=-0.703 pwm=14 pc=3 hd=0 y=0.671 yr=1.797 L=3 R=3 OL=14 OR=14 el=18 er=17 ed=1 dl=18 dr=17 cl=0 cr=0 ok=2423 fail=0 vofa=firewater rx=556 txdrop=11851
1775027190.1551466,1775027190155146500,4500940324300,HB,815341,42695.0,1,1.086,1.826,17.0,16.0,1.0,13.0,15.0,2.0,4.0,17.0,16.0,0,0,,HB tick=815341 exp_id=187 t_ms=42695 run=1 spd=1 ts=20.000 as=16.500 ta=0.000 aa=0.670 se=3.500 so=2.780 ae=-0.670 ao=-0.767 pwm=14 pc=3 hd=-1 y=1.086 yr=1.826 L=2 R=4 OL=13 OR=15 el=17 er=16 ed=1 dl=17 dr=16 cl=0 cr=0 ok=2424 fail=0 vofa=firewater rx=556 txdrop=11851
1775027190.3111641,1775027190311164200,4501096341500,HB,815497,42851.0,1,1.018,1.034,16.0,17.0,-1.0,13.0,15.0,2.0,4.0,16.0,17.0,0,0,,HB tick=815497 exp_id=187 t_ms=42851 run=1 spd=1 ts=20.000 as=16.500 ta=0.000 aa=1.086 se=3.500 so=2.785 ae=-1.086 ao=-0.888 pwm=14 pc=3 hd=-1 y=1.018 yr=1.034 L=2 R=4 OL=13 OR=15 el=16 er=17 ed=-1 dl=16 dr=17 cl=0 cr=0 ok=2425 fail=0 vofa=firewater rx=556 txdrop=11851
1775027190.5614202,1775027190561420400,4501346597500,HB,815746,43100.0,1,-0.722,-1.773,17.0,18.0,-1.0,13.0,15.0,2.0,4.0,17.0,18.0,0,0,,HB tick=815746 exp_id=187 t_ms=43100 run=1 spd=1 ts=20.000 as=17.500 ta=0.000 aa=1.017 se=2.500 so=2.694 ae=-1.017 ao=-0.617 pwm=14 pc=3 hd=-1 y=-0.722 yr=-1.773 L=2 R=4 OL=13 OR=15 el=17 er=18 ed=-1 dl=17 dr=18 cl=0 cr=0 ok=2426 fail=0 vofa=firewater rx=556 txdrop=11851
1775027190.7582717,1775027190758271700,4501543449600,HB,815946,43300.0,1,-1.026,-1.684,16.0,16.0,0.0,14.0,14.0,3.0,3.0,16.0,16.0,0,0,,HB tick=815946 exp_id=187 t_ms=43300 run=1 spd=1 ts=20.000 as=16.000 ta=0.000 aa=-0.722 se=4.000 so=2.851 ae=0.722 ao=0.751 pwm=14 pc=3 hd=0 y=-1.026 yr=-1.684 L=3 R=3 OL=14 OR=14 el=16 er=16 ed=0 dl=16 dr=16 cl=0 cr=0 ok=2427 fail=0 vofa=firewater rx=556 txdrop=11851
1775027190.9157948,1775027190915794900,4501700972000,HB,816107,43461.0,1,-1.208,-1.491,18.0,18.0,0.0,15.0,13.0,4.0,2.0,18.0,18.0,0,0,,HB tick=816107 exp_id=187 t_ms=43461 run=1 spd=1 ts=20.000 as=18.000 ta=0.000 aa=-1.026 se=2.000 so=2.656 ae=1.026 ao=0.805 pwm=14 pc=3 hd=1 y=-1.208 yr=-1.491 L=4 R=2 OL=15 OR=13 el=18 er=18 ed=0 dl=18 dr=18 cl=0 cr=0 ok=2428 fail=0 vofa=firewater rx=556 txdrop=11851
1775027191.1550994,1775027191155099300,4501940276700,HB,816340,43694.0,1,-1.304,-1.113,18.0,18.0,0.0,15.0,13.0,4.0,2.0,18.0,18.0,0,0,,HB tick=816340 exp_id=187 t_ms=43694 run=1 spd=1 ts=20.000 as=18.000 ta=0.000 aa=-1.209 se=2.000 so=2.664 ae=1.209 ao=0.793 pwm=14 pc=3 hd=1 y=-1.304 yr=-1.113 L=4 R=2 OL=15 OR=13 el=18 er=18 ed=0 dl=18 dr=18 cl=0 cr=0 ok=2429 fail=0 vofa=firewater rx=556 txdrop=11851
1775027191.3740923,1775027191374092300,4502159272400,HB,816561,43915.0,1,-0.05,1.263,17.0,16.0,1.0,15.0,13.0,4.0,2.0,17.0,16.0,0,0,,HB tick=816561 exp_id=187 t_ms=43915 run=1 spd=1 ts=20.000 as=16.500 ta=0.000 aa=-1.304 se=3.500 so=2.821 ae=1.304 ao=0.699 pwm=14 pc=3 hd=1 y=-0.050 yr=1.263 L=4 R=2 OL=15 OR=13 el=17 er=16 ed=1 dl=17 dr=16 cl=0 cr=0 ok=2430 fail=0 vofa=firewater rx=556 txdrop=11851
1775027191.5308037,1775027191530803800,4502315981600,HB,816717,44071.0,1,0.124,1.212,18.0,17.0,1.0,14.0,14.0,3.0,3.0,18.0,17.0,0,0,,HB tick=816717 exp_id=187 t_ms=44071 run=1 spd=1 ts=20.000 as=17.500 ta=0.000 aa=-0.050 se=2.500 so=2.726 ae=0.050 ao=-0.400 pwm=14 pc=3 hd=0 y=0.124 yr=1.212 L=3 R=3 OL=14 OR=14 el=18 er=17 ed=1 dl=18 dr=17 cl=0 cr=0 ok=2431 fail=0 vofa=firewater rx=556 txdrop=11851
1775027191.718765,1775027191718765000,4502503942600,HB,816906,44260.0,1,0.217,0.959,18.0,18.0,0.0,13.0,15.0,2.0,4.0,18.0,18.0,0,0,,HB tick=816906 exp_id=187 t_ms=44260 run=1 spd=1 ts=20.000 as=18.000 ta=0.000 aa=0.124 se=2.000 so=2.682 ae=-0.124 ao=-0.431 pwm=14 pc=3 hd=-1 y=0.217 yr=0.959 L=2 R=4 OL=13 OR=15 el=18 er=18 ed=0 dl=18 dr=18 cl=0 cr=0 ok=2432 fail=0 vofa=firewater rx=556 txdrop=11851
1775027191.962573,1775027191962573100,4502747754100,HB,817156,44510.0,1,0.799,1.439,17.0,17.0,0.0,13.0,15.0,2.0,4.0,17.0,17.0,0,0,,HB tick=817156 exp_id=187 t_ms=44510 run=1 spd=1 ts=20.000 as=17.000 ta=0.000 aa=0.216 se=3.000 so=2.790 ae=-0.216 ao=-0.375 pwm=14 pc=3 hd=-1 y=0.799 yr=1.439 L=2 R=4 OL=13 OR=15 el=17 er=17 ed=0 dl=17 dr=17 cl=0 cr=0 ok=2433 fail=0 vofa=firewater rx=556 txdrop=11851
1775027192.1711066,1775027192171106600,4502956283800,HB,817357,44711.0,1,0.804,0.944,17.0,17.0,0.0,13.0,15.0,2.0,4.0,17.0,17.0,0,0,,HB tick=817357 exp_id=187 t_ms=44711 run=1 spd=1 ts=20.000 as=17.000 ta=0.000 aa=0.799 se=3.000 so=2.797 ae=-0.799 ao=-0.686 pwm=14 pc=3 hd=-1 y=0.804 yr=0.944 L=2 R=4 OL=13 OR=15 el=17 er=17 ed=0 dl=17 dr=17 cl=0 cr=0 ok=2434 fail=0 vofa=firewater rx=556 txdrop=11851
1775027192.3695529,1775027192369552900,4503154730000,HB,817562,44916.0,1,0.289,-0.266,17.0,18.0,-1.0,13.0,15.0,2.0,4.0,17.0,18.0,0,0,,HB tick=817562 exp_id=187 t_ms=44916 run=1 spd=1 ts=20.000 as=17.500 ta=0.000 aa=0.804 se=2.500 so=2.754 ae=-0.804 ao=-0.529 pwm=14 pc=3 hd=-1 y=0.289 yr=-0.266 L=2 R=4 OL=13 OR=15 el=17 er=18 ed=-1 dl=17 dr=18 cl=0 cr=0 ok=2435 fail=0 vofa=firewater rx=556 txdrop=11851
1775027192.5886817,1775027192588681600,4503373860700,HB,817783,45137.0,1,-0.777,-1.862,17.0,17.0,0.0,14.0,14.0,3.0,3.0,17.0,17.0,0,0,,HB tick=817783 exp_id=187 t_ms=45137 run=1 spd=1 ts=20.000 as=17.000 ta=0.000 aa=0.289 se=3.000 so=2.811 ae=-0.289 ao=-0.003 pwm=14 pc=3 hd=0 y=-0.777 yr=-1.862 L=3 R=3 OL=14 OR=14 el=17 er=17 ed=0 dl=17 dr=17 cl=0 cr=0 ok=2436 fail=0 vofa=firewater rx=556 txdrop=11851
1775027192.7457614,1775027192745761300,4503530939800,HB,817939,45293.0,1,-0.873,-1.425,17.0,17.0,0.0,15.0,13.0,4.0,2.0,17.0,17.0,0,0,,HB tick=817939 exp_id=187 t_ms=45293 run=1 spd=1 ts=20.000 as=17.000 ta=0.000 aa=-0.778 se=3.000 so=2.817 ae=0.778 ao=0.795 pwm=14 pc=3 hd=1 y=-0.873 yr=-1.425 L=4 R=2 OL=15 OR=13 el=17 er=17 ed=0 dl=17 dr=17 cl=0 cr=0 ok=2437 fail=0 vofa=firewater rx=556 txdrop=11851
1775027193.0072484,1775027193007248500,4503792425900,HB,818193,45547.0,1,-0.863,-0.913,18.0,16.0,2.0,14.0,14.0,3.0,3.0,18.0,16.0,0,0,,HB tick=818193 exp_id=187 t_ms=45547 run=1 spd=1 ts=20.000 as=17.000 ta=0.000 aa=-0.873 se=3.000 so=2.826 ae=0.873 ao=0.682 pwm=14 pc=3 hd=0 y=-0.863 yr=-0.913 L=3 R=3 OL=14 OR=14 el=18 er=16 ed=2 dl=18 dr=16 cl=0 cr=0 ok=2438 fail=0 vofa=firewater rx=556 txdrop=11851
1775027193.2152996,1775027193215299600,4504000477300,HB,818410,45764.0,1,0.111,0.979,17.0,16.0,1.0,14.0,14.0,3.0,3.0,17.0,16.0,0,0,,HB tick=818410 exp_id=187 t_ms=45764 run=1 spd=1 ts=20.000 as=16.500 ta=0.000 aa=-0.864 se=3.500 so=2.884 ae=0.864 ao=0.516 pwm=14 pc=3 hd=0 y=0.111 yr=0.979 L=3 R=3 OL=14 OR=14 el=17 er=16 ed=1 dl=17 dr=16 cl=0 cr=0 ok=2439 fail=0 vofa=firewater rx=556 txdrop=11851
1775027193.3713133,1775027193371313400,4504156490700,HB,818566,45920.0,1,0.205,0.847,16.0,16.0,0.0,13.0,15.0,2.0,4.0,16.0,16.0,0,0,,HB tick=818566 exp_id=187 t_ms=45920 run=1 spd=1 ts=20.000 as=16.000 ta=0.000 aa=0.111 se=4.000 so=2.940 ae=-0.111 ao=-0.352 pwm=14 pc=3 hd=-1 y=0.205 yr=0.847 L=2 R=4 OL=13 OR=15 el=16 er=16 ed=0 dl=16 dr=16 cl=0 cr=0 ok=2440 fail=0 vofa=firewater rx=556 txdrop=11851
1775027193.6215587,1775027193621558800,4504406736700,HB,818816,46170.0,1,0.471,0.922,17.0,17.0,0.0,13.0,15.0,2.0,4.0,17.0,17.0,0,0,,HB tick=818816 exp_id=187 t_ms=46170 run=1 spd=1 ts=20.000 as=17.000 ta=0.000 aa=0.205 se=3.000 so=2.849 ae=-0.205 ao=-0.336 pwm=14 pc=3 hd=-1 y=0.471 yr=0.922 L=2 R=4 OL=13 OR=15 el=17 er=17 ed=0 dl=17 dr=17 cl=0 cr=0 ok=2441 fail=0 vofa=firewater rx=556 txdrop=11851
1775027193.829979,1775027193829978800,4504615156000,HB,819017,46371.0,1,0.533,0.708,16.0,17.0,-1.0,13.0,15.0,2.0,4.0,16.0,17.0,0,0,,HB tick=819017 exp_id=187 t_ms=46371 run=1 spd=1 ts=20.000 as=16.500 ta=0.000 aa=0.471 se=3.500 so=2.907 ae=-0.471 ao=-0.432 pwm=14 pc=3 hd=-1 y=0.533 yr=0.708 L=2 R=4 OL=13 OR=15 el=16 er=17 ed=-1 dl=16 dr=17 cl=0 cr=0 ok=2442 fail=0 vofa=firewater rx=556 txdrop=11851
1775027194.036809,1775027194036808900,4504821986200,HB,819222,46576.0,1,0.581,0.542,17.0,17.0,0.0,13.0,15.0,2.0,4.0,17.0,17.0,0,0,,HB tick=819222 exp_id=187 t_ms=46576 run=1 spd=1 ts=20.000 as=17.000 ta=0.000 aa=0.533 se=3.000 so=2.865 ae=-0.533 ao=-0.380 pwm=14 pc=3 hd=-1 y=0.581 yr=0.542 L=2 R=4 OL=13 OR=15 el=17 er=17 ed=0 dl=17 dr=17 cl=0 cr=0 ok=2443 fail=0 vofa=firewater rx=556 txdrop=11851
1775027194.2344537,1775027194234453800,4505019632000,HB,819426,46780.0,1,0.401,0.043,17.0,17.0,0.0,13.0,15.0,2.0,4.0,17.0,17.0,0,0,,HB tick=819426 exp_id=187 t_ms=46780 run=1 spd=1 ts=20.000 as=17.000 ta=0.000 aa=0.581 se=3.000 so=2.872 ae=-0.581 ao=-0.340 pwm=14 pc=3 hd=-1 y=0.401 yr=0.043 L=2 R=4 OL=13 OR=15 el=17 er=17 ed=0 dl=17 dr=17 cl=0 cr=0 ok=2444 fail=0 vofa=firewater rx=556 txdrop=11851
1775027194.443907,1775027194443907100,4505229084400,HB,819632,46985.0,1,0.132,-0.432,17.0,17.0,0.0,13.0,15.0,2.0,4.0,17.0,17.0,0,0,,HB tick=819632 exp_id=187 t_ms=46985 run=1 spd=1 ts=20.000 as=17.000 ta=0.000 aa=0.400 se=3.000 so=2.880 ae=-0.400 ao=-0.132 pwm=14 pc=3 hd=-1 y=0.132 yr=-0.432 L=2 R=4 OL=13 OR=15 el=17 er=17 ed=0 dl=17 dr=17 cl=0 cr=0 ok=2445 fail=0 vofa=firewater rx=556 txdrop=11851
1775027194.6521125,1775027194652112400,4505437289700,HB,819841,47195.0,1,0.064,-0.393,17.0,18.0,-1.0,14.0,14.0,3.0,3.0,17.0,18.0,0,0,,HB tick=819841 exp_id=187 t_ms=47195 run=1 spd=1 ts=20.000 as=17.500 ta=0.000 aa=0.131 se=2.500 so=2.838 ae=-0.131 ao=0.092 pwm=14 pc=3 hd=0 y=0.064 yr=-0.393 L=3 R=3 OL=14 OR=14 el=17 er=18 ed=-1 dl=17 dr=18 cl=0 cr=0 ok=2446 fail=0 vofa=firewater rx=556 txdrop=11851
1775027194.8539274,1775027194853927300,4505639105200,HB,820046,47400.0,1,-0.303,-0.885,18.0,17.0,1.0,14.0,14.0,3.0,3.0,18.0,17.0,0,0,,HB tick=820046 exp_id=187 t_ms=47400 run=1 spd=1 ts=20.000 as=17.500 ta=0.000 aa=0.064 se=2.500 so=2.845 ae=-0.064 ao=0.098 pwm=14 pc=3 hd=0 y=-0.303 yr=-0.885 L=3 R=3 OL=14 OR=14 el=18 er=17 ed=1 dl=18 dr=17 cl=0 cr=0 ok=2447 fail=0 vofa=firewater rx=556 txdrop=11851
1775027195.061723,1775027195061722800,4505846900200,HB,820251,47605.0,1,-0.374,-0.697,17.0,17.0,0.0,14.0,14.0,3.0,3.0,17.0,17.0,0,0,,HB tick=820251 exp_id=187 t_ms=47605 run=1 spd=1 ts=20.000 as=17.000 ta=0.000 aa=-0.303 se=3.000 so=2.903 ae=0.303 ao=0.355 pwm=14 pc=3 hd=0 y=-0.374 yr=-0.697 L=3 R=3 OL=14 OR=14 el=17 er=17 ed=0 dl=17 dr=17 cl=0 cr=0 ok=2448 fail=0 vofa=firewater rx=556 txdrop=11851
1775027195.2289822,1775027195228982300,4506014159900,HB,820416,47770.0,1,-0.06,0.213,17.0,17.0,0.0,14.0,14.0,3.0,3.0,17.0,17.0,0,0,,HB tick=820416 exp_id=187 t_ms=47770 run=1 spd=1 ts=20.000 as=17.000 ta=0.000 aa=-0.375 se=3.000 so=2.909 ae=0.375 ao=0.314 pwm=14 pc=3 hd=0 y=-0.060 yr=0.213 L=3 R=3 OL=14 OR=14 el=17 er=17 ed=0 dl=17 dr=17 cl=0 cr=0 ok=2449 fail=0 vofa=firewater rx=556 txdrop=11851
1775027195.4588542,1775027195458854100,4506244032700,HB,820648,48002.0,1,0.3,0.682,17.0,17.0,0.0,13.0,15.0,2.0,4.0,17.0,17.0,0,0,,HB tick=820648 exp_id=187 t_ms=48002 run=1 spd=1 ts=20.000 as=17.000 ta=0.000 aa=-0.061 se=3.000 so=2.917 ae=0.061 ao=-0.062 pwm=14 pc=3 hd=-1 y=0.300 yr=0.682 L=2 R=4 OL=13 OR=15 el=17 er=17 ed=0 dl=17 dr=17 cl=0 cr=0 ok=2450 fail=0 vofa=firewater rx=556 txdrop=11851
1775027195.6875088,1775027195687508700,4506472686400,HB,820874,48228.0,1,0.891,1.359,17.0,16.0,1.0,14.0,14.0,3.0,3.0,17.0,16.0,0,0,,HB tick=820874 exp_id=187 t_ms=48228 run=1 spd=1 ts=20.000 as=16.500 ta=0.000 aa=0.299 se=3.500 so=2.975 ae=-0.299 ao=-0.309 pwm=14 pc=3 hd=0 y=0.891 yr=1.359 L=3 R=3 OL=14 OR=14 el=17 er=16 ed=1 dl=17 dr=16 cl=0 cr=0 ok=2451 fail=0 vofa=firewater rx=556 txdrop=11851
1775027195.844485,1775027195844485000,4506629662400,HB,821031,48385.0,1,0.964,1.045,16.0,17.0,-1.0,14.0,14.0,3.0,3.0,16.0,17.0,0,0,,HB tick=821031 exp_id=187 t_ms=48385 run=1 spd=1 ts=20.000 as=16.500 ta=0.000 aa=0.891 se=3.500 so=2.981 ae=-0.891 ao=-0.686 pwm=14 pc=3 hd=0 y=0.964 yr=1.045 L=3 R=3 OL=14 OR=14 el=16 er=17 ed=-1 dl=16 dr=17 cl=0 cr=0 ok=2452 fail=0 vofa=firewater rx=556 txdrop=11851
1775027196.0937753,1775027196093775300,4506878952500,HB,821279,48633.0,1,-0.015,-0.701,17.0,18.0,-1.0,14.0,14.0,3.0,3.0,17.0,18.0,0,0,,HB tick=821279 exp_id=187 t_ms=48633 run=1 spd=1 ts=20.000 as=17.500 ta=0.000 aa=0.964 se=2.500 so=2.889 ae=-0.964 ao=-0.606 pwm=14 pc=3 hd=0 y=-0.015 yr=-0.701 L=3 R=3 OL=14 OR=14 el=17 er=18 ed=-1 dl=17 dr=18 cl=0 cr=0 ok=2453 fail=0 vofa=firewater rx=556 txdrop=11851
1775027196.2498684,1775027196249868400,4507035045900,HB,821435,48789.0,1,-0.122,-0.696,17.0,17.0,0.0,14.0,14.0,3.0,3.0,17.0,17.0,0,0,,HB tick=821435 exp_id=187 t_ms=48789 run=1 spd=1 ts=20.000 as=17.000 ta=0.000 aa=-0.015 se=3.000 so=2.945 ae=0.015 ao=0.217 pwm=14 pc=3 hd=0 y=-0.122 yr=-0.696 L=3 R=3 OL=14 OR=14 el=17 er=17 ed=0 dl=17 dr=17 cl=0 cr=0 ok=2454 fail=0 vofa=firewater rx=556 txdrop=11851
1775027196.4375262,1775027196437526200,4507222703200,HB,821624,48978.0,1,-0.185,-0.57,17.0,17.0,0.0,14.0,14.0,3.0,3.0,17.0,17.0,0,0,,HB tick=821624 exp_id=187 t_ms=48978 run=1 spd=1 ts=20.000 as=17.000 ta=0.000 aa=-0.122 se=3.000 so=2.952 ae=0.122 ao=0.244 pwm=14 pc=3 hd=0 y=-0.185 yr=-0.570 L=3 R=3 OL=14 OR=14 el=17 er=17 ed=0 dl=17 dr=17 cl=0 cr=0 ok=2455 fail=0 vofa=firewater rx=556 txdrop=11851
1775027196.6869273,1775027196686927400,4507472104700,HB,821874,49227.0,1,-0.62,-0.982,17.0,17.0,0.0,14.0,14.0,3.0,3.0,17.0,17.0,0,0,,HB tick=821874 exp_id=187 t_ms=49227 run=1 spd=1 ts=20.000 as=17.000 ta=0.000 aa=-0.185 se=3.000 so=2.962 ae=0.185 ao=0.221 pwm=14 pc=3 hd=0 y=-0.620 yr=-0.982 L=3 R=3 OL=14 OR=14 el=17 er=17 ed=0 dl=17 dr=17 cl=0 cr=0 ok=2456 fail=0 vofa=firewater rx=556 txdrop=11851
1775027196.9048674,1775027196904867200,4507690044300,HB,822090,49444.0,1,-0.216,0.014,17.0,16.0,1.0,15.0,13.0,4.0,2.0,17.0,16.0,0,0,,HB tick=822090 exp_id=187 t_ms=49444 run=1 spd=1 ts=20.000 as=16.500 ta=0.000 aa=-0.621 se=3.500 so=3.020 ae=0.621 ao=0.471 pwm=14 pc=3 hd=1 y=-0.216 yr=0.014 L=4 R=2 OL=15 OR=13 el=17 er=16 ed=1 dl=17 dr=16 cl=0 cr=0 ok=2457 fail=0 vofa=firewater rx=556 txdrop=11851
1775027197.092365,1775027197092365000,4507877542500,HB,822285,49639.0,1,-0.042,0.321,16.0,17.0,-1.0,14.0,14.0,3.0,3.0,16.0,17.0,0,0,,HB tick=822285 exp_id=187 t_ms=49639 run=1 spd=1 ts=20.000 as=16.500 ta=0.000 aa=-0.216 se=3.500 so=3.027 ae=0.216 ao=0.043 pwm=14 pc=3 hd=0 y=-0.042 yr=0.321 L=3 R=3 OL=14 OR=14 el=16 er=17 ed=-1 dl=16 dr=17 cl=0 cr=0 ok=2458 fail=0 vofa=firewater rx=556 txdrop=11851
1775027197.320951,1775027197320951000,4508106128200,HB,822511,49865.0,1,0.339,0.799,18.0,17.0,1.0,14.0,14.0,3.0,3.0,18.0,17.0,0,0,,HB tick=822511 exp_id=187 t_ms=49865 run=1 spd=1 ts=20.000 as=17.500 ta=0.000 aa=-0.042 se=2.500 so=2.935 ae=0.042 ao=-0.102 pwm=14 pc=3 hd=0 y=0.339 yr=0.799 L=3 R=3 OL=14 OR=14 el=18 er=17 ed=1 dl=18 dr=17 cl=0 cr=0 ok=2459 fail=0 vofa=firewater rx=556 txdrop=11851
1775027197.518114,1775027197518114000,4508303291000,HB,822712,50066.0,1,0.51,0.818,17.0,16.0,1.0,14.0,14.0,3.0,3.0,17.0,16.0,0,0,,HB tick=822712 exp_id=187 t_ms=50066 run=1 spd=1 ts=20.000 as=16.500 ta=0.000 aa=0.339 se=3.500 so=3.043 ae=-0.339 ao=-0.358 pwm=14 pc=3 hd=0 y=0.510 yr=0.818 L=3 R=3 OL=14 OR=14 el=17 er=16 ed=1 dl=17 dr=16 cl=0 cr=0 ok=2460 fail=0 vofa=firewater rx=556 txdrop=11851
1775027197.746911,1775027197746911000,4508532088700,HB,822933,50287.0,1,0.738,0.892,17.0,17.0,0.0,14.0,14.0,3.0,3.0,17.0,17.0,0,0,,HB tick=822933 exp_id=187 t_ms=50287 run=1 spd=1 ts=20.000 as=17.000 ta=0.000 aa=0.510 se=3.000 so=3.002 ae=-0.510 ao=-0.410 pwm=14 pc=3 hd=0 y=0.738 yr=0.892 L=3 R=3 OL=14 OR=14 el=17 er=17 ed=0 dl=17 dr=17 cl=0 cr=0 ok=2461 fail=0 vofa=firewater rx=556 txdrop=11851
1775027197.957702,1775027197957701900,4508742879800,HB,823149,50503.0,1,0.134,-0.399,17.0,17.0,0.0,14.0,14.0,3.0,3.0,17.0,17.0,0,0,,HB tick=823149 exp_id=187 t_ms=50503 run=1 spd=1 ts=20.000 as=17.000 ta=0.000 aa=0.738 se=3.000 so=3.010 ae=-0.738 ao=-0.496 pwm=14 pc=3 hd=0 y=0.134 yr=-0.399 L=3 R=3 OL=14 OR=14 el=17 er=17 ed=0 dl=17 dr=17 cl=0 cr=0 ok=2462 fail=0 vofa=firewater rx=556 txdrop=11851
1775027198.1568832,1775027198156883100,4508942062500,HB,823344,50698.0,1,0.046,-0.417,16.0,17.0,-1.0,14.0,14.0,3.0,3.0,16.0,17.0,0,0,,HB tick=823344 exp_id=187 t_ms=50698 run=1 spd=1 ts=20.000 as=16.500 ta=0.000 aa=0.134 se=3.500 so=3.067 ae=-0.134 ao=0.080 pwm=14 pc=3 hd=0 y=0.046 yr=-0.417 L=3 R=3 OL=14 OR=14 el=16 er=17 ed=-1 dl=16 dr=17 cl=0 cr=0 ok=2463 fail=0 vofa=firewater rx=556 txdrop=11851
1775027198.385563,1775027198385563000,4509170740100,HB,823571,50925.0,1,-0.342,-0.87,17.0,17.0,0.0,14.0,14.0,3.0,3.0,17.0,17.0,0,0,,HB tick=823571 exp_id=187 t_ms=50925 run=1 spd=1 ts=20.000 as=17.000 ta=0.000 aa=0.046 se=3.000 so=3.027 ae=-0.046 ao=0.110 pwm=14 pc=3 hd=0 y=-0.342 yr=-0.870 L=3 R=3 OL=14 OR=14 el=17 er=17 ed=0 dl=17 dr=17 cl=0 cr=0 ok=2464 fail=0 vofa=firewater rx=556 txdrop=11851
1775027198.5925145,1775027198592514500,4509377691800,HB,823787,51141.0,1,-0.726,-1.187,18.0,17.0,1.0,15.0,13.0,4.0,2.0,18.0,17.0,0,0,,HB tick=823787 exp_id=187 t_ms=51141 run=1 spd=1 ts=20.000 as=17.500 ta=0.000 aa=-0.343 se=2.500 so=2.984 ae=0.343 ao=0.360 pwm=14 pc=3 hd=1 y=-0.726 yr=-1.187 L=4 R=2 OL=15 OR=13 el=18 er=17 ed=1 dl=18 dr=17 cl=0 cr=0 ok=2465 fail=0 vofa=firewater rx=556 txdrop=11851
1775027198.7485318,1775027198748531600,4509533708900,HB,823944,51298.0,1,-0.689,-0.689,17.0,17.0,0.0,15.0,13.0,4.0,2.0,17.0,17.0,0,0,,HB tick=823944 exp_id=187 t_ms=51298 run=1 spd=1 ts=20.000 as=17.000 ta=0.000 aa=-0.727 se=3.000 so=3.041 ae=0.727 ao=0.565 pwm=14 pc=3 hd=1 y=-0.689 yr=-0.689 L=4 R=2 OL=15 OR=13 el=17 er=17 ed=0 dl=17 dr=17 cl=0 cr=0 ok=2466 fail=0 vofa=firewater rx=556 txdrop=11851
1775027198.998387,1775027198998387100,4509783564800,HB,824193,51547.0,1,-0.258,0.158,17.0,17.0,0.0,14.0,14.0,3.0,3.0,17.0,17.0,0,0,,HB tick=824193 exp_id=187 t_ms=51547 run=1 spd=1 ts=20.000 as=17.000 ta=0.000 aa=-0.689 se=3.000 so=3.050 ae=0.689 ao=0.396 pwm=14 pc=3 hd=0 y=-0.258 yr=0.158 L=3 R=3 OL=14 OR=14 el=17 er=17 ed=0 dl=17 dr=17 cl=0 cr=0 ok=2467 fail=0 vofa=firewater rx=556 txdrop=11851
1775027199.2082307,1775027199208230700,4509993407900,HB,824394,51748.0,1,-0.178,0.242,18.0,18.0,0.0,14.0,14.0,3.0,3.0,18.0,18.0,0,0,,HB tick=824394 exp_id=187 t_ms=51748 run=1 spd=1 ts=20.000 as=18.000 ta=0.000 aa=-0.258 se=2.000 so=2.957 ae=0.258 ao=0.009 pwm=14 pc=3 hd=0 y=-0.178 yr=0.242 L=3 R=3 OL=14 OR=14 el=18 er=18 ed=0 dl=18 dr=18 cl=0 cr=0 ok=2468 fail=0 vofa=firewater rx=556 txdrop=11851
1775027199.4159224,1775027199415922400,4510201099500,HB,824599,51953.0,1,-0.075,0.333,17.0,17.0,0.0,14.0,14.0,3.0,3.0,17.0,17.0,0,0,,HB tick=824599 exp_id=187 t_ms=51953 run=1 spd=1 ts=20.000 as=17.000 ta=0.000 aa=-0.178 se=3.000 so=3.064 ae=0.178 ao=-0.040 pwm=14 pc=3 hd=0 y=-0.075 yr=0.333 L=3 R=3 OL=14 OR=14 el=17 er=17 ed=0 dl=17 dr=17 cl=0 cr=0 ok=2469 fail=0 vofa=firewater rx=556 txdrop=11851
1775027199.615463,1775027199615462900,4510400640300,HB,824804,52158.0,1,0.229,0.735,17.0,17.0,0.0,14.0,14.0,3.0,3.0,17.0,17.0,0,0,,HB tick=824804 exp_id=187 t_ms=52158 run=1 spd=1 ts=20.000 as=17.000 ta=0.000 aa=-0.075 se=3.000 so=3.072 ae=0.075 ao=-0.097 pwm=14 pc=3 hd=0 y=0.229 yr=0.735 L=3 R=3 OL=14 OR=14 el=17 er=17 ed=0 dl=17 dr=17 cl=0 cr=0 ok=2470 fail=0 vofa=firewater rx=556 txdrop=11851
1775027199.81335,1775027199813349800,4510598527100,HB,825008,52362.0,1,0.113,0.279,17.0,17.0,0.0,14.0,14.0,3.0,3.0,17.0,17.0,0,0,,HB tick=825008 exp_id=187 t_ms=52362 run=1 spd=1 ts=20.000 as=17.000 ta=0.000 aa=0.229 se=3.000 so=3.078 ae=-0.229 ao=-0.308 pwm=14 pc=3 hd=0 y=0.113 yr=0.279 L=3 R=3 OL=14 OR=14 el=17 er=17 ed=0 dl=17 dr=17 cl=0 cr=0 ok=2471 fail=0 vofa=firewater rx=556 txdrop=11851
1775027199.9794624,1775027199979462300,4510764642100,HB,825173,52527.0,1,0.034,0.013,17.0,17.0,0.0,14.0,14.0,3.0,3.0,17.0,17.0,0,0,,HB tick=825173 exp_id=187 t_ms=52527 run=1 spd=1 ts=20.000 as=17.000 ta=0.000 aa=0.113 se=3.000 so=3.084 ae=-0.113 ao=-0.130 pwm=14 pc=3 hd=0 y=0.034 yr=0.013 L=3 R=3 OL=14 OR=14 el=17 er=17 ed=0 dl=17 dr=17 cl=0 cr=0 ok=2472 fail=0 vofa=firewater rx=556 txdrop=11851
1775027200.2126644,1775027200212664400,4510997842000,HB,825406,52760.0,1,0.012,-0.024,17.0,17.0,0.0,14.0,14.0,3.0,3.0,17.0,17.0,0,0,,HB tick=825406 exp_id=187 t_ms=52760 run=1 spd=1 ts=20.000 as=17.000 ta=0.000 aa=0.033 se=3.000 so=3.093 ae=-0.033 ao=-0.024 pwm=14 pc=3 hd=0 y=0.012 yr=-0.024 L=3 R=3 OL=14 OR=14 el=17 er=17 ed=0 dl=17 dr=17 cl=0 cr=0 ok=2473 fail=0 vofa=firewater rx=556 txdrop=11851
1775027200.4422681,1775027200442268200,4511227445600,HB,825632,52986.0,1,-0.541,-0.871,17.0,18.0,-1.0,14.0,14.0,3.0,3.0,17.0,18.0,0,0,,HB tick=825632 exp_id=187 t_ms=52986 run=1 spd=1 ts=20.000 as=17.500 ta=0.000 aa=0.011 se=2.500 so=3.051 ae=-0.011 ao=-0.006 pwm=14 pc=3 hd=0 y=-0.541 yr=-0.871 L=3 R=3 OL=14 OR=14 el=17 er=18 ed=-1 dl=17 dr=18 cl=0 cr=0 ok=2474 fail=0 vofa=firewater rx=556 txdrop=11851
1775027200.6397517,1775027200639751600,4511424929500,HB,825833,53187.0,1,-0.591,-0.654,17.0,16.0,1.0,14.0,14.0,3.0,3.0,17.0,16.0,0,0,,HB tick=825833 exp_id=187 t_ms=53187 run=1 spd=1 ts=20.000 as=16.500 ta=0.000 aa=-0.541 se=3.500 so=3.158 ae=0.541 ao=0.415 pwm=14 pc=3 hd=0 y=-0.591 yr=-0.654 L=3 R=3 OL=14 OR=14 el=17 er=16 ed=1 dl=17 dr=16 cl=0 cr=0 ok=2475 fail=0 vofa=firewater rx=556 txdrop=11851
1775027200.805913,1775027200805913100,4511591090200,HB,825993,53347.0,1,-0.468,-0.156,16.0,17.0,-1.0,15.0,13.0,4.0,2.0,16.0,17.0,0,0,,HB tick=825993 exp_id=187 t_ms=53347 run=1 spd=1 ts=20.000 as=16.500 ta=0.000 aa=-0.591 se=3.500 so=3.164 ae=0.591 ao=0.359 pwm=14 pc=3 hd=1 y=-0.468 yr=-0.156 L=4 R=2 OL=15 OR=13 el=16 er=17 ed=-1 dl=16 dr=17 cl=0 cr=0 ok=2476 fail=0 vofa=firewater rx=556 txdrop=11851
1775027200.9940732,1775027200994073100,4511779250500,HB,826182,53536.0,1,-0.375,0.071,17.0,17.0,0.0,15.0,13.0,4.0,2.0,17.0,17.0,0,0,,HB tick=826182 exp_id=187 t_ms=53536 run=1 spd=1 ts=20.000 as=17.000 ta=0.000 aa=-0.468 se=3.000 so=3.120 ae=0.468 ao=0.166 pwm=14 pc=3 hd=1 y=-0.375 yr=0.071 L=4 R=2 OL=15 OR=13 el=17 er=17 ed=0 dl=17 dr=17 cl=0 cr=0 ok=2477 fail=0 vofa=firewater rx=556 txdrop=11851
1775027201.225097,1775027201225096900,4512010274500,HB,826415,53769.0,1,-0.149,0.385,17.0,17.0,0.0,14.0,14.0,3.0,3.0,17.0,17.0,0,0,,HB tick=826415 exp_id=187 t_ms=53769 run=1 spd=1 ts=20.000 as=17.000 ta=0.000 aa=-0.375 se=3.000 so=3.128 ae=0.375 ao=0.069 pwm=14 pc=3 hd=0 y=-0.149 yr=0.385 L=3 R=3 OL=14 OR=14 el=17 er=17 ed=0 dl=17 dr=17 cl=0 cr=0 ok=2478 fail=0 vofa=firewater rx=556 txdrop=11851
1775027201.4436858,1775027201443686000,4512228863200,HB,826636,53990.0,1,0.108,0.657,16.0,17.0,-1.0,14.0,14.0,3.0,3.0,16.0,17.0,0,0,,HB tick=826636 exp_id=187 t_ms=53990 run=1 spd=1 ts=20.000 as=16.500 ta=0.000 aa=-0.150 se=3.500 so=3.187 ae=0.150 ao=-0.092 pwm=14 pc=3 hd=0 y=0.108 yr=0.657 L=3 R=3 OL=14 OR=14 el=16 er=17 ed=-1 dl=16 dr=17 cl=0 cr=0 ok=2479 fail=0 vofa=firewater rx=556 txdrop=11851
1775027201.6004941,1775027201600494000,4512385671700,HB,826793,54147.0,1,-0.018,0.146,16.0,17.0,-1.0,14.0,14.0,3.0,3.0,16.0,17.0,0,0,,HB tick=826793 exp_id=187 t_ms=54147 run=1 spd=1 ts=20.000 as=16.500 ta=0.000 aa=0.107 se=3.500 so=3.192 ae=-0.107 ao=-0.249 pwm=14 pc=3 hd=0 y=-0.018 yr=0.146 L=3 R=3 OL=14 OR=14 el=16 er=17 ed=-1 dl=16 dr=17 cl=0 cr=0 ok=2480 fail=0 vofa=firewater rx=556 txdrop=11851
1775027201.7888095,1775027201788809500,4512573987700,HB,826982,54336.0,1,-0.061,0.016,17.0,18.0,-1.0,14.0,14.0,3.0,3.0,17.0,18.0,0,0,,HB tick=826982 exp_id=187 t_ms=54336 run=1 spd=1 ts=20.000 as=17.500 ta=0.000 aa=-0.019 se=2.500 so=3.098 ae=0.019 ao=-0.051 pwm=14 pc=3 hd=0 y=-0.061 yr=0.016 L=3 R=3 OL=14 OR=14 el=17 er=18 ed=-1 dl=17 dr=18 cl=0 cr=0 ok=2481 fail=0 vofa=firewater rx=556 txdrop=11851
1775027202.039058,1775027202039057900,4512824235900,HB,827231,54585.0,1,-0.78,-0.997,17.0,18.0,-1.0,14.0,14.0,3.0,3.0,17.0,18.0,0,0,,HB tick=827231 exp_id=187 t_ms=54585 run=1 spd=1 ts=20.000 as=17.500 ta=0.000 aa=-0.061 se=2.500 so=3.107 ae=0.061 ao=0.002 pwm=14 pc=3 hd=0 y=-0.780 yr=-0.997 L=3 R=3 OL=14 OR=14 el=17 er=18 ed=-1 dl=17 dr=18 cl=0 cr=0 ok=2482 fail=0 vofa=firewater rx=556 txdrop=11851
1775027202.1949391,1775027202194939100,4512980116300,HB,827388,54742.0,1,-0.83,-0.759,18.0,18.0,0.0,15.0,13.0,4.0,2.0,18.0,18.0,0,0,,HB tick=827388 exp_id=187 t_ms=54742 run=1 spd=1 ts=20.000 as=18.000 ta=0.000 aa=-0.781 se=2.000 so=3.062 ae=0.781 ao=0.520 pwm=14 pc=3 hd=1 y=-0.830 yr=-0.759 L=4 R=2 OL=15 OR=13 el=18 er=18 ed=0 dl=18 dr=18 cl=0 cr=0 ok=2483 fail=0 vofa=firewater rx=556 txdrop=11851
1775027202.4457867,1775027202445786700,4513230964400,HB,827637,54991.0,1,-0.395,0.119,17.0,18.0,-1.0,15.0,13.0,4.0,2.0,17.0,18.0,0,0,,HB tick=827637 exp_id=187 t_ms=54991 run=1 spd=1 ts=20.000 as=17.500 ta=0.000 aa=-0.830 se=2.500 so=3.120 ae=0.830 ao=0.458 pwm=14 pc=3 hd=1 y=-0.395 yr=0.119 L=4 R=2 OL=15 OR=13 el=17 er=18 ed=-1 dl=17 dr=18 cl=0 cr=0 ok=2484 fail=0 vofa=firewater rx=556 txdrop=11851
1775027202.6037278,1775027202603728000,4513388905800,HB,827792,55146.0,1,-0.285,0.325,18.0,17.0,1.0,14.0,14.0,3.0,3.0,18.0,17.0,0,0,,HB tick=827792 exp_id=187 t_ms=55146 run=1 spd=1 ts=20.000 as=17.500 ta=0.000 aa=-0.395 se=2.500 so=3.126 ae=0.395 ao=0.060 pwm=14 pc=3 hd=0 y=-0.285 yr=0.325 L=3 R=3 OL=14 OR=14 el=18 er=17 ed=1 dl=18 dr=17 cl=0 cr=0 ok=2485 fail=0 vofa=firewater rx=556 txdrop=11851
1775027202.8335738,1775027202833573800,4513618751500,HB,828025,55379.0,1,0.208,0.952,17.0,17.0,0.0,14.0,14.0,3.0,3.0,17.0,17.0,0,0,,HB tick=828025 exp_id=187 t_ms=55379 run=1 spd=1 ts=20.000 as=17.000 ta=0.000 aa=-0.285 se=3.000 so=3.183 ae=0.285 ao=-0.036 pwm=14 pc=3 hd=0 y=0.208 yr=0.952 L=3 R=3 OL=14 OR=14 el=17 er=17 ed=0 dl=17 dr=17 cl=0 cr=0 ok=2486 fail=0 vofa=firewater rx=556 txdrop=11851
1775027203.0619779,1775027203061977900,4513847155200,HB,828251,55605.0,1,0.88,1.659,18.0,17.0,1.0,14.0,14.0,3.0,3.0,18.0,17.0,0,0,,HB tick=828251 exp_id=187 t_ms=55605 run=1 spd=1 ts=20.000 as=17.500 ta=0.000 aa=0.208 se=2.500 so=3.141 ae=-0.208 ao=-0.369 pwm=14 pc=3 hd=0 y=0.880 yr=1.659 L=3 R=3 OL=14 OR=14 el=18 er=17 ed=1 dl=18 dr=17 cl=0 cr=0 ok=2487 fail=0 vofa=firewater rx=556 txdrop=11851
1775027203.218116,1775027203218116000,4514003293700,HB,828407,55761.0,1,0.907,1.138,17.0,17.0,0.0,13.0,15.0,2.0,4.0,17.0,17.0,0,0,,HB tick=828407 exp_id=187 t_ms=55761 run=1 spd=1 ts=20.000 as=17.000 ta=0.000 aa=0.880 se=3.000 so=3.196 ae=-0.880 ao=-0.777 pwm=14 pc=3 hd=-1 y=0.907 yr=1.138 L=2 R=4 OL=13 OR=15 el=17 er=17 ed=0 dl=17 dr=17 cl=0 cr=0 ok=2488 fail=0 vofa=firewater rx=556 txdrop=11851
1775027203.4048238,1775027203404823700,4514190003000,HB,828596,55950.0,1,0.914,0.753,18.0,18.0,0.0,13.0,15.0,2.0,4.0,18.0,18.0,0,0,,HB tick=828596 exp_id=187 t_ms=55950 run=1 spd=1 ts=20.000 as=18.000 ta=0.000 aa=0.906 se=2.000 so=3.103 ae=-0.906 ao=-0.618 pwm=14 pc=3 hd=-1 y=0.914 yr=0.753 L=2 R=4 OL=13 OR=15 el=18 er=18 ed=0 dl=18 dr=18 cl=0 cr=0 ok=2489 fail=0 vofa=firewater rx=556 txdrop=11851
1775027203.6344368,1775027203634436900,4514419615300,HB,828829,56183.0,1,0.547,-0.062,17.0,17.0,0.0,13.0,15.0,2.0,4.0,17.0,17.0,0,0,,HB tick=828829 exp_id=187 t_ms=56183 run=1 spd=1 ts=20.000 as=17.000 ta=0.000 aa=0.913 se=3.000 so=3.210 ae=-0.913 ao=-0.497 pwm=14 pc=3 hd=-1 y=0.547 yr=-0.062 L=2 R=4 OL=13 OR=15 el=17 er=17 ed=0 dl=17 dr=17 cl=0 cr=0 ok=2490 fail=0 vofa=firewater rx=556 txdrop=11851
1775027203.8030133,1775027203803013300,4514588191200,HB,828989,56343.0,1,0.297,-0.588,17.0,17.0,0.0,14.0,14.0,3.0,3.0,17.0,17.0,0,0,,HB tick=828989 exp_id=187 t_ms=56343 run=1 spd=1 ts=20.000 as=17.000 ta=0.000 aa=0.547 se=3.000 so=3.215 ae=-0.547 ao=-0.138 pwm=14 pc=3 hd=0 y=0.297 yr=-0.588 L=3 R=3 OL=14 OR=14 el=17 er=17 ed=0 dl=17 dr=17 cl=0 cr=0 ok=2491 fail=0 vofa=firewater rx=556 txdrop=11851
1775027203.982457,1775027203982456900,4514767634300,HB,829178,56532.0,1,0.27,-0.432,17.0,17.0,0.0,14.0,14.0,3.0,3.0,17.0,17.0,0,0,,HB tick=829178 exp_id=187 t_ms=56532 run=1 spd=1 ts=20.000 as=17.000 ta=0.000 aa=0.296 se=3.000 so=3.222 ae=-0.296 ao=0.098 pwm=14 pc=3 hd=0 y=0.270 yr=-0.432 L=3 R=3 OL=14 OR=14 el=17 er=17 ed=0 dl=17 dr=17 cl=0 cr=0 ok=2492 fail=0 vofa=firewater rx=556 txdrop=11851
1775027204.2325115,1775027204232511400,4515017690100,HB,829411,56765.0,1,0.079,-0.567,17.0,18.0,-1.0,14.0,14.0,3.0,3.0,17.0,18.0,0,0,,HB tick=829411 exp_id=187 t_ms=56765 run=1 spd=1 ts=20.000 as=17.500 ta=0.000 aa=0.269 se=2.500 so=3.179 ae=-0.269 ao=0.055 pwm=14 pc=3 hd=0 y=0.079 yr=-0.567 L=3 R=3 OL=14 OR=14 el=17 er=18 ed=-1 dl=17 dr=18 cl=0 cr=0 ok=2493 fail=0 vofa=firewater rx=556 txdrop=11851
1775027204.441608,1775027204441608000,4515226785500,HB,829633,56987.0,1,0.795,0.759,18.0,17.0,1.0,14.0,14.0,3.0,3.0,18.0,17.0,0,0,,HB tick=829633 exp_id=187 t_ms=56987 run=1 spd=1 ts=20.000 as=17.500 ta=0.000 aa=0.079 se=2.500 so=3.187 ae=-0.079 ao=0.150 pwm=14 pc=3 hd=0 y=0.795 yr=0.759 L=3 R=3 OL=14 OR=14 el=18 er=17 ed=1 dl=18 dr=17 cl=0 cr=0 ok=2494 fail=0 vofa=firewater rx=556 txdrop=11851
1775027204.6603754,1775027204660375200,4515445552700,HB,829850,57204.0,1,1.199,1.146,18.0,17.0,1.0,13.0,15.0,2.0,4.0,18.0,17.0,0,0,,HB tick=829850 exp_id=187 t_ms=57204 run=1 spd=1 ts=20.000 as=17.500 ta=0.000 aa=0.794 se=2.500 so=3.194 ae=-0.794 ao=-0.468 pwm=14 pc=3 hd=-1 y=1.199 yr=1.146 L=2 R=4 OL=13 OR=15 el=18 er=17 ed=1 dl=18 dr=17 cl=0 cr=0 ok=2495 fail=0 vofa=firewater rx=556 txdrop=11851
1775027204.8166714,1775027204816671500,4515601849800,HB,830007,57361.0,1,1.242,0.841,17.0,17.0,0.0,14.0,14.0,3.0,3.0,17.0,17.0,0,0,,HB tick=830007 exp_id=187 t_ms=57361 run=1 spd=1 ts=20.000 as=17.000 ta=0.000 aa=1.199 se=3.000 so=3.249 ae=-1.199 ao=-0.702 pwm=14 pc=3 hd=0 y=1.242 yr=0.841 L=3 R=3 OL=14 OR=14 el=17 er=17 ed=0 dl=17 dr=17 cl=0 cr=0 ok=2496 fail=0 vofa=firewater rx=556 txdrop=11851
1775027205.0468454,1775027205046845400,4515832024800,HB,830239,57593.0,1,1.296,0.628,16.0,17.0,-1.0,13.0,15.0,2.0,4.0,16.0,17.0,0,0,,HB tick=830239 exp_id=187 t_ms=57593 run=1 spd=1 ts=20.000 as=16.500 ta=0.000 aa=1.242 se=3.500 so=3.307 ae=-1.242 ao=-0.616 pwm=14 pc=3 hd=-1 y=1.296 yr=0.628 L=2 R=4 OL=13 OR=15 el=16 er=17 ed=-1 dl=16 dr=17 cl=0 cr=0 ok=2497 fail=0 vofa=firewater rx=556 txdrop=11851
1775027205.2138002,1775027205213800300,4515998977500,HB,830401,57755.0,1,1.256,0.322,16.0,17.0,-1.0,13.0,15.0,2.0,4.0,16.0,17.0,0,0,,HB tick=830401 exp_id=187 t_ms=57755 run=1 spd=1 ts=20.000 as=16.500 ta=0.000 aa=1.296 se=3.500 so=3.314 ae=-1.296 ao=-0.563 pwm=14 pc=3 hd=-1 y=1.256 yr=0.322 L=2 R=4 OL=13 OR=15 el=16 er=17 ed=-1 dl=16 dr=17 cl=0 cr=0 ok=2498 fail=0 vofa=firewater rx=556 txdrop=11851
1775027205.4426382,1775027205442638000,4516227815400,HB,830633,57987.0,1,0.593,-0.791,16.0,17.0,-1.0,13.0,15.0,2.0,4.0,16.0,17.0,0,0,,HB tick=830633 exp_id=187 t_ms=57987 run=1 spd=1 ts=20.000 as=16.500 ta=0.000 aa=1.256 se=3.500 so=3.321 ae=-1.256 ao=-0.455 pwm=14 pc=3 hd=-1 y=0.593 yr=-0.791 L=2 R=4 OL=13 OR=15 el=16 er=17 ed=-1 dl=16 dr=17 cl=0 cr=0 ok=2499 fail=0 vofa=firewater rx=556 txdrop=11851
1775027205.6506932,1775027205650693100,4516435870200,HB,830838,58192.0,1,-0.212,-1.889,17.0,17.0,0.0,14.0,14.0,3.0,3.0,17.0,17.0,0,0,,HB tick=830838 exp_id=187 t_ms=58192 run=1 spd=1 ts=20.000 as=17.000 ta=0.000 aa=0.593 se=3.000 so=3.279 ae=-0.593 ao=0.080 pwm=14 pc=3 hd=0 y=-0.212 yr=-1.889 L=3 R=3 OL=14 OR=14 el=17 er=17 ed=0 dl=17 dr=17 cl=0 cr=0 ok=2500 fail=0 vofa=firewater rx=556 txdrop=11851
1775027205.805808,1775027205805808100,4516590985600,HB,830999,58353.0,1,-0.344,-1.515,17.0,17.0,0.0,15.0,13.0,4.0,2.0,17.0,17.0,0,0,,HB tick=830999 exp_id=187 t_ms=58353 run=1 spd=1 ts=20.000 as=17.000 ta=0.000 aa=-0.212 se=3.000 so=3.285 ae=0.212 ao=0.648 pwm=14 pc=3 hd=1 y=-0.344 yr=-1.515 L=4 R=2 OL=15 OR=13 el=17 er=17 ed=0 dl=17 dr=17 cl=0 cr=0 ok=2501 fail=0 vofa=firewater rx=556 txdrop=11851
1775027206.0573707,1775027206057370600,4516842547700,HB,831248,58602.0,1,-0.585,-1.323,17.0,17.0,0.0,15.0,13.0,4.0,2.0,17.0,17.0,0,0,,HB tick=831248 exp_id=187 t_ms=58602 run=1 spd=1 ts=20.000 as=17.000 ta=0.000 aa=-0.344 se=3.000 so=3.294 ae=0.344 ao=0.565 pwm=14 pc=3 hd=1 y=-0.585 yr=-1.323 L=4 R=2 OL=15 OR=13 el=17 er=17 ed=0 dl=17 dr=17 cl=0 cr=0 ok=2502 fail=0 vofa=firewater rx=556 txdrop=11851
1775027206.2762008,1775027206276200600,4517061377700,HB,831465,58819.0,1,0.119,0.275,17.0,16.0,1.0,15.0,13.0,4.0,2.0,17.0,16.0,0,0,,HB tick=831465 exp_id=187 t_ms=58819 run=1 spd=1 ts=20.000 as=16.500 ta=0.000 aa=-0.585 se=3.500 so=3.352 ae=0.585 ao=0.568 pwm=14 pc=3 hd=1 y=0.119 yr=0.275 L=4 R=2 OL=15 OR=13 el=17 er=16 ed=1 dl=17 dr=16 cl=0 cr=0 ok=2503 fail=0 vofa=firewater rx=556 txdrop=11851
1775027206.4319534,1775027206431953400,4517217130400,HB,831621,58975.0,1,0.301,0.588,17.0,17.0,0.0,14.0,14.0,3.0,3.0,17.0,17.0,0,0,,HB tick=831621 exp_id=187 t_ms=58975 run=1 spd=1 ts=20.000 as=17.000 ta=0.000 aa=0.119 se=3.000 so=3.309 ae=-0.119 ao=-0.133 pwm=14 pc=3 hd=0 y=0.301 yr=0.588 L=3 R=3 OL=14 OR=14 el=17 er=17 ed=0 dl=17 dr=17 cl=0 cr=0 ok=2504 fail=0 vofa=firewater rx=556 txdrop=11851
1775027206.683265,1775027206683264900,4517468442200,HB,831871,59225.0,1,0.344,0.442,18.0,18.0,0.0,13.0,15.0,2.0,4.0,18.0,18.0,0,0,,HB tick=831871 exp_id=187 t_ms=59225 run=1 spd=1 ts=20.000 as=18.000 ta=0.000 aa=0.301 se=2.000 so=3.218 ae=-0.301 ao=-0.282 pwm=14 pc=3 hd=-1 y=0.344 yr=0.442 L=2 R=4 OL=13 OR=15 el=18 er=18 ed=0 dl=18 dr=18 cl=0 cr=0 ok=2505 fail=0 vofa=firewater rx=556 txdrop=11851
1775027206.8394437,1775027206839443800,4517624620800,HB,832027,59381.0,1,0.287,0.159,17.0,16.0,1.0,14.0,14.0,3.0,3.0,17.0,16.0,0,0,,HB tick=832027 exp_id=187 t_ms=59381 run=1 spd=1 ts=20.000 as=16.500 ta=0.000 aa=0.344 se=3.500 so=3.373 ae=-0.344 ao=-0.247 pwm=14 pc=3 hd=0 y=0.287 yr=0.159 L=3 R=3 OL=14 OR=14 el=17 er=16 ed=1 dl=17 dr=16 cl=0 cr=0 ok=2506 fail=0 vofa=firewater rx=556 txdrop=11851
1775027207.0788517,1775027207078851600,4517864030200,HB,832260,59614.0,1,0.294,0.114,16.0,17.0,-1.0,14.0,14.0,3.0,3.0,16.0,17.0,0,0,,HB tick=832260 exp_id=187 t_ms=59614 run=1 spd=1 ts=20.000 as=16.500 ta=0.000 aa=0.287 se=3.500 so=3.383 ae=-0.287 ao=-0.141 pwm=14 pc=3 hd=0 y=0.294 yr=0.114 L=3 R=3 OL=14 OR=14 el=16 er=17 ed=-1 dl=16 dr=17 cl=0 cr=0 ok=2507 fail=0 vofa=firewater rx=556 txdrop=11851
1775027207.2966645,1775027207296664600,4518081842100,HB,832486,59840.0,1,-0.36,-0.939,17.0,18.0,-1.0,14.0,14.0,3.0,3.0,17.0,18.0,0,0,,HB tick=832486 exp_id=187 t_ms=59840 run=1 spd=1 ts=20.000 as=17.500 ta=0.000 aa=0.294 se=2.500 so=3.290 ae=-0.294 ao=-0.129 pwm=14 pc=3 hd=0 y=-0.360 yr=-0.939 L=3 R=3 OL=14 OR=14 el=17 er=18 ed=-1 dl=17 dr=18 cl=0 cr=0 ok=2508 fail=0 vofa=firewater rx=556 txdrop=11851
1775027207.5138998,1775027207513899700,4518299077500,HB,832703,60057.0,1,-0.444,-0.746,17.0,16.0,1.0,14.0,14.0,3.0,3.0,17.0,16.0,0,0,,HB tick=832703 exp_id=187 t_ms=60057 run=1 spd=1 ts=20.000 as=16.500 ta=0.000 aa=-0.360 se=3.500 so=3.397 ae=0.360 ao=0.384 pwm=14 pc=3 hd=0 y=-0.444 yr=-0.746 L=3 R=3 OL=14 OR=14 el=17 er=16 ed=1 dl=17 dr=16 cl=0 cr=0 ok=2509 fail=0 vofa=firewater rx=556 txdrop=11851
1775027217.9863207,1775027217986320600,4528771500700,HB,843072,0.0,0,79.657,-16.12,0.0,0.0,0.0,0.0,0.0,0.0,0.0,0.0,0.0,0,0,,HB tick=843072 run=0 spd=1 ts=0.000 as=0.000 ta=0.000 aa=0.000 se=0.000 so=0.000 ae=0.000 ao=0.000 pwm=0 pc=0 hd=0 y=79.657 yr=-16.120 L=0 R=0 OL=0 OR=0 el=0 er=0 ed=0 dl=0 dr=0 cl=0 cr=0 ok=2510 fail=0 vofa=firewater rx=612 txdrop=23908
1775027218.2681508,1775027218268150900,4529053328200,HB,843464,0.0,0,89.982,8.27,0.0,0.0,0.0,0.0,0.0,0.0,0.0,0.0,0.0,0,0,yaw_jump,HB tick=843464 run=0 spd=1 ts=0.000 as=0.000 ta=0.000 aa=0.000 se=0.000 so=0.000 ae=0.000 ao=0.000 pwm=0 pc=0 hd=0 y=89.982 yr=8.270 L=0 R=0 OL=0 OR=0 el=0 er=0 ed=0 dl=0 dr=0 cl=0 cr=0 ok=2511 fail=0 vofa=firewater rx=612 txdrop=23908
1775027218.612699,1775027218612699200,4529397876500,HB,843809,0.0,0,88.831,1.948,0.0,0.0,0.0,0.0,0.0,0.0,0.0,0.0,0.0,0,0,,HB tick=843809 run=0 spd=1 ts=0.000 as=0.000 ta=0.000 aa=0.000 se=0.000 so=0.000 ae=0.000 ao=0.000 pwm=0 pc=0 hd=0 y=88.831 yr=1.948 L=0 R=0 OL=0 OR=0 el=0 er=0 ed=0 dl=0 dr=0 cl=0 cr=0 ok=2512 fail=0 vofa=firewater rx=612 txdrop=23908
1775027218.8415883,1775027218841588200,4529626765700,HB,844039,0.0,0,85.611,-3.633,0.0,0.0,0.0,0.0,0.0,0.0,0.0,0.0,0.0,0,0,,HB tick=844039 run=0 spd=1 ts=0.000 as=0.000 ta=0.000 aa=0.000 se=0.000 so=0.000 ae=0.000 ao=0.000 pwm=0 pc=0 hd=0 y=85.611 yr=-3.633 L=0 R=0 OL=0 OR=0 el=0 er=0 ed=0 dl=0 dr=0 cl=0 cr=0 ok=2513 fail=0 vofa=firewater rx=612 txdrop=23908
1775027219.2162411,1775027219216241100,4530001418600,HB,844390,0.0,0,92.113,8.866,0.0,0.0,0.0,0.0,0.0,0.0,0.0,0.0,0.0,0,0,,HB tick=844390 run=0 spd=1 ts=0.000 as=0.000 ta=0.000 aa=0.000 se=0.000 so=0.000 ae=0.000 ao=0.000 pwm=0 pc=0 hd=0 y=92.113 yr=8.866 L=0 R=0 OL=0 OR=0 el=0 er=0 ed=0 dl=0 dr=0 cl=0 cr=0 ok=2514 fail=0 vofa=firewater rx=612 txdrop=23908
1775027219.4243767,1775027219424376900,4530209554000,HB,844620,0.0,0,102.702,21.806,0.0,0.0,0.0,0.0,0.0,0.0,0.0,0.0,0.0,0,0,yaw_jump,HB tick=844620 run=0 spd=1 ts=0.000 as=0.000 ta=0.000 aa=0.000 se=0.000 so=0.000 ae=0.000 ao=0.000 pwm=0 pc=0 hd=0 y=102.702 yr=21.806 L=0 R=0 OL=0 OR=0 el=0 er=0 ed=0 dl=0 dr=0 cl=0 cr=0 ok=2515 fail=0 vofa=firewater rx=612 txdrop=23908
1775027219.8198004,1775027219819800300,4530604977800,HB,845013,0.0,0,95.126,-2.005,0.0,0.0,0.0,0.0,0.0,0.0,0.0,0.0,0.0,0,0,,HB tick=845013 run=0 spd=1 ts=0.000 as=0.000 ta=0.000 aa=0.000 se=0.000 so=0.000 ae=0.000 ao=0.000 pwm=0 pc=0 hd=0 y=95.126 yr=-2.005 L=0 R=0 OL=0 OR=0 el=0 er=0 ed=0 dl=0 dr=0 cl=0 cr=0 ok=2516 fail=0 vofa=firewater rx=612 txdrop=23908
1775027220.0176394,1775027220017639300,4530802817300,HB,845215,0.0,0,96.682,1.394,0.0,0.0,0.0,0.0,0.0,0.0,0.0,0.0,0.0,0,0,,HB tick=845215 run=0 spd=1 ts=0.000 as=0.000 ta=0.000 aa=0.000 se=0.000 so=0.000 ae=0.000 ao=0.000 pwm=0 pc=0 hd=0 y=96.682 yr=1.394 L=0 R=0 OL=0 OR=0 el=0 er=0 ed=0 dl=0 dr=0 cl=0 cr=0 ok=2517 fail=0 vofa=firewater rx=612 txdrop=23908
1775027220.241162,1775027220241162100,4531026341000,HB,845418,0.0,0,101.756,9.697,0.0,0.0,0.0,0.0,0.0,0.0,0.0,0.0,0.0,0,0,,HB tick=845418 run=0 spd=1 ts=0.000 as=0.000 ta=0.000 aa=0.000 se=0.000 so=0.000 ae=0.000 ao=0.000 pwm=0 pc=0 hd=0 y=101.756 yr=9.697 L=0 R=0 OL=0 OR=0 el=0 er=0 ed=0 dl=0 dr=0 cl=0 cr=0 ok=2518 fail=0 vofa=firewater rx=612 txdrop=23908
1775027220.430821,1775027220430820900,4531215998400,HB,845626,0.0,0,110.778,21.412,0.0,0.0,0.0,0.0,0.0,0.0,0.0,0.0,0.0,0,0,yaw_jump,HB tick=845626 run=0 spd=1 ts=0.000 as=0.000 ta=0.000 aa=0.000 se=0.000 so=0.000 ae=0.000 ao=0.000 pwm=0 pc=0 hd=0 y=110.778 yr=21.412 L=0 R=0 OL=0 OR=0 el=0 er=0 ed=0 dl=0 dr=0 cl=0 cr=0 ok=2519 fail=0 vofa=firewater rx=612 txdrop=23908
