host_time_s,host_time_ns,host_monotonic_ns,source,tick,t_ms,run,yaw,yaw_rate,left_encoder,right_encoder,encoder_diff,left_output,right_output,left_core,right_core,raw_left_delta,raw_right_delta,left_clamped,right_clamped,anomaly_flags,raw_line
1775114383.5210686,1775114383521068600,10262304898600,HB,166379,0.0,0,-0.689,0.0,0.0,0.0,0.0,0.0,0.0,0.0,0.0,0.0,0.0,0,0,,HB tick=165974 run=0 ts=0.000 as=0.000 ta=0.000 aa=0.000 se=0.000 so=0.000 ae=0.000 ao=0.000 pwm=0 pc=0 hd=0 y=-0.689 yrHB tick=166176 run=0 ts=0.000 as=0.000 ta=0.000 aa=0.000 se=0.000 so=0.000 ae=0.000 ao=0.000 pwm=0 pc=0 hd=0 y=-0.689 yrBNO tick=166379 run=0 y=-0.689 yr=0.000 q0=0.99829 q1=0.04517 q2=0.00574 q3=0.03619 who=0x85 addr=0x4A paddr=0x4A st=6 pwho=0xF8 sfa=0x00 sla=0x00 shc=0 ch=3 rid=0x08 len=101 txch=2 txlen=21 wfail=0 scl=1 sda=1 rst=1 int=0 iok=835 if=0 rx=557 txd=24983
1775114383.5210686,1775114383521068601,10262304898601,HB,166380,0.0,0,-0.689,0.0,0.0,0.0,0.0,0.0,0.0,0.0,0.0,0.0,0.0,0,0,,HB tick=166380 run=0 ts=0.000 as=0.000 ta=0.000 aa=0.000 se=0.000 so=0.000 ae=0.000 ao=0.000 pwm=0 pc=0 hd=0 y=-0.689 yr=0.000 L=0 R=0 OL=0 OR=0 el=0 er=0 ed=0 dl=0 dr=0 cl=0 cr=0 ok=583 fail=0 vofa=firewater rx=557 txdrop=24983
1775114383.5210686,1775114383521068602,10262304898602,HB,166588,0.0,0,-0.689,-0.0,0.0,0.0,0.0,0.0,0.0,0.0,0.0,0.0,0.0,0,0,,HB tick=166588 run=0 ts=0.000 as=0.000 ta=0.000 aa=0.000 se=0.000 so=0.000 ae=0.000 ao=0.000 pwm=0 pc=0 hd=0 y=-0.689 yr=-0.000 L=0 R=0 OL=0 OR=0 el=0 er=0 ed=0 dl=0 dr=0 cl=0 cr=0 ok=584 fail=0 vofa=firewater rx=557 txdrop=24983
1775114383.5210686,1775114383521068603,10262304898603,HB,166976,0.0,0,-0.689,-0.0,0.0,0.0,0.0,0.0,0.0,0.0,0.0,0.0,0.0,0,0,,HB tick=166976 run=0 ts=0.000 as=0.000 ta=0.000 aa=0.000 se=0.000 so=0.000 ae=0.000 ao=0.000 pwm=0 pc=0 hd=0 y=-0.689 yr=-0.000 L=0 R=0 OL=0 OR=0 el=0 er=0 ed=0 dl=0 dr=0 cl=0 cr=0 ok=585 fail=0 vofa=firewater rx=557 txdrop=24983
1775114383.6037755,1775114383603775600,10262387605400,HB,167179,0.0,0,-0.689,-0.0,0.0,0.0,0.0,0.0,0.0,0.0,0.0,0.0,0.0,0,0,,HB tick=167179 run=0 ts=0.000 as=0.000 ta=0.000 aa=0.000 se=0.000 so=0.000 ae=0.000 ao=0.000 pwm=0 pc=0 hd=0 y=-0.689 yr=-0.000 L=0 R=0 OL=0 OR=0 el=0 er=0 ed=0 dl=0 dr=0 cl=0 cr=0 ok=586 fail=0 vofa=firewater rx=557 txdrop=24983
1775114383.8420541,1775114383842054200,10262625883400,HB,167388,0.0,0,-0.689,-0.0,0.0,0.0,0.0,0.0,0.0,0.0,0.0,0.0,0.0,0,0,,HB tick=167388 run=0 ts=0.000 as=0.000 ta=0.000 aa=0.000 se=0.000 so=0.000 ae=0.000 ao=0.000 pwm=0 pc=0 hd=0 y=-0.689 yr=-0.000 L=0 R=0 OL=0 OR=0 el=0 er=0 ed=0 dl=0 dr=0 cl=0 cr=0 ok=587 fail=0 vofa=firewater rx=557 txdrop=24983
1775114383.9776301,1775114383977630300,10262761460100,STAT,167532,0.0,0,-0.688869,-7.1e-05,0.0,0.0,0.0,0.0,0.0,0.0,0.0,0.0,0.0,0,0,,STAT tick=167532 run=0 ts=0.000000 as=0.000000 ta=0.000000 aa=0.000000 se=0.000000 so=0.000000 ae=0.000000 ao=0.000000 pwm=0 pc=0 hd=0 y=-0.688869 p=-0.468496 r=5.211918 yr=-0.000071 ax=0 ay=0 az=0 gx=0 gy=0 gz=0 who=0x85 addr=0x4A icm_ok=840 icm_fail=0 L=0 R=0 OL=0 OR=0 el=0 er=0 ed=0 dl=0 dr=0 cl=0 cr=0 skp=0.600000 ski=0.012000 skd=0.000000 akp=1.000000 aki=0.000000 akd=0.120000 ok=588 fail=0 rx=563 txdrop=24983
1775114384.029776,1775114384029776100,10262813605800,HB,167594,0.0,0,-0.689,-0.0,0.0,0.0,0.0,0.0,0.0,0.0,0.0,0.0,0.0,0,0,,HB tick=167594 run=0 ts=0.000 as=0.000 ta=0.000 aa=0.000 se=0.000 so=0.000 ae=0.000 ao=0.000 pwm=0 pc=0 hd=0 y=-0.689 yr=-0.000 L=0 R=0 OL=0 OR=0 el=0 er=0 ed=0 dl=0 dr=0 cl=0 cr=0 ok=588 fail=0 vofa=firewater rx=563 txdrop=24983
1775114384.238717,1775114384238717300,10263022550000,HB,167797,0.0,0,-0.689,-0.0,0.0,0.0,0.0,0.0,0.0,0.0,0.0,0.0,0.0,0,0,,HB tick=167797 run=0 ts=0.000 as=0.000 ta=0.000 aa=0.000 se=0.000 so=0.000 ae=0.000 ao=0.000 pwm=0 pc=0 hd=0 y=-0.689 yr=-0.000 L=0 R=0 OL=0 OR=0 el=0 er=0 ed=0 dl=0 dr=0 cl=0 cr=0 ok=589 fail=0 vofa=firewater rx=563 txdrop=24983
1775114384.7148516,1775114384714851500,10263498681500,HB,168201,0.0,0,-0.689,0.0,0.0,0.0,0.0,0.0,0.0,0.0,0.0,0.0,0.0,0,0,,HB tick=168201 run=0 ts=0.000 as=0.000 ta=0.000 aa=0.000 se=0.000 so=0.000 ae=0.000 ao=0.000 pwm=0 pc=0 hd=0 y=-0.689 yr=0.000 L=0 R=0 OL=0 OR=0 el=0 er=0 ed=0 dl=0 dr=0 cl=0 cr=0 ok=590 fail=0 vofa=firewater rx=563 txdrop=24983
1775114384.9966817,1775114384996681801,10263780511401,HB,168537,0.0,0,-0.689,0.0,0.0,0.0,0.0,0.0,0.0,0.0,0.0,0.0,0.0,0,0,,HB tick=168537 run=0 ts=0.000 as=0.000 ta=0.000 aa=0.000 se=0.000 so=0.000 ae=0.000 ao=0.000 pwm=0 pc=0 hd=0 y=-0.689 yr=0.000 L=0 R=0 OL=0 OR=0 el=0 er=0 ed=0 dl=0 dr=0 cl=0 cr=0 ok=591 fail=0 vofa=firewater rx=563 txdrop=24983
1775114385.2053993,1775114385205399200,10263989229100,HB,168769,0.0,0,-0.689,-0.0,0.0,0.0,0.0,0.0,0.0,0.0,0.0,0.0,0.0,0,0,,HB tick=168769 run=0 ts=0.000 as=0.000 ta=0.000 aa=0.000 se=0.000 so=0.000 ae=0.000 ao=0.000 pwm=0 pc=0 hd=0 y=-0.689 yr=-0.000 L=0 R=0 OL=0 OR=0 el=0 er=0 ed=0 dl=0 dr=0 cl=0 cr=0 ok=592 fail=0 vofa=firewater rx=563 txdrop=24983
1775114385.4126785,1775114385412678300,10264196508100,HB,168972,0.0,0,-0.689,-0.0,0.0,0.0,0.0,0.0,0.0,0.0,0.0,0.0,0.0,0,0,,HB tick=168972 run=0 ts=0.000 as=0.000 ta=0.000 aa=0.000 se=0.000 so=0.000 ae=0.000 ao=0.000 pwm=0 pc=0 hd=0 y=-0.689 yr=-0.000 L=0 R=0 OL=0 OR=0 el=0 er=0 ed=0 dl=0 dr=0 cl=0 cr=0 ok=593 fail=0 vofa=firewater rx=563 txdrop=24983
1775114385.6119,1775114385611900100,10264395729600,HB,169175,0.0,0,-0.689,0.0,-2.0,0.0,-2.0,0.0,0.0,0.0,0.0,-2.0,0.0,0,0,,HB tick=169175 run=0 ts=0.000 as=0.000 ta=0.000 aa=0.000 se=0.000 so=0.000 ae=0.000 ao=0.000 pwm=0 pc=0 hd=0 y=-0.689 yr=0.000 L=0 R=0 OL=0 OR=0 el=-2 er=0 ed=-2 dl=-2 dr=0 cl=0 cr=0 ok=594 fail=0 vofa=firewater rx=563 txdrop=24983
1775114385.8091044,1775114385809104300,10264592934000,HB,169378,0.0,0,-0.774,-0.148,0.0,0.0,0.0,0.0,0.0,0.0,0.0,0.0,0.0,0,0,,HB tick=169378 run=0 ts=0.000 as=0.000 ta=0.000 aa=0.000 se=0.000 so=0.000 ae=0.000 ao=0.000 pwm=0 pc=0 hd=0 y=-0.774 yr=-0.148 L=0 R=0 OL=0 OR=0 el=0 er=0 ed=0 dl=0 dr=0 cl=0 cr=0 ok=595 fail=0 vofa=firewater rx=563 txdrop=24983
1775114386.0383923,1775114386038392400,10264822221800,HB,169587,0.0,0,1.365,3.505,0.0,0.0,0.0,0.0,0.0,0.0,0.0,0.0,0.0,0,0,,HB tick=169587 run=0 ts=0.000 as=0.000 ta=0.000 aa=0.000 se=0.000 so=0.000 ae=0.000 ao=0.000 pwm=0 pc=0 hd=0 y=1.365 yr=3.505 L=0 R=0 OL=0 OR=0 el=0 er=0 ed=0 dl=0 dr=0 cl=0 cr=0 ok=596 fail=0 vofa=firewater rx=569 txdrop=24983
1775114386.2349834,1775114386234983500,10265018813200,HB,169790,0.0,0,0.446,0.7,0.0,0.0,0.0,0.0,0.0,0.0,0.0,0.0,0.0,0,0,,HB tick=169790 run=0 ts=0.000 as=0.000 ta=0.000 aa=0.000 se=0.000 so=0.000 ae=0.000 ao=0.000 pwm=0 pc=0 hd=0 y=0.446 yr=0.700 L=0 R=0 OL=0 OR=0 el=0 er=0 ed=0 dl=0 dr=0 cl=0 cr=0 ok=597 fail=0 vofa=firewater rx=569 txdrop=24983
1775114386.4210908,1775114386421090700,10265204920300,HB,169994,0.0,0,0.976,1.365,0.0,0.0,0.0,0.0,0.0,0.0,0.0,0.0,0.0,0,0,,HB tick=169994 run=0 ts=0.000 as=0.000 ta=0.000 aa=0.000 se=0.000 so=0.000 ae=0.000 ao=0.000 pwm=0 pc=0 hd=0 y=0.976 yr=1.365 L=0 R=0 OL=0 OR=0 el=0 er=0 ed=0 dl=0 dr=0 cl=0 cr=0 ok=598 fail=0 vofa=firewater rx=569 txdrop=24983
1775114386.8693173,1775114386869317300,10265653146800,HB,170196,0.0,0,1.102,1.105,0.0,0.0,0.0,0.0,0.0,0.0,0.0,0.0,0.0,0,0,,HB tick=170196 run=0 ts=0.000 as=0.000 ta=0.000 aa=0.000 se=0.000 so=0.000 ae=0.000 ao=0.000 pwm=0 pc=0 hd=0 y=1.102 yr=1.105 L=0 R=0 OL=0 OR=0 el=0 er=0 ed=0 dl=0 dr=0 cl=0 cr=0 ok=599 fail=0 vofa=firewater rx=569 txdrop=24983
1775114387.0362105,1775114387036210400,10265820040200,HB,170585,0.0,0,1.868,1.586,0.0,0.0,0.0,0.0,0.0,0.0,0.0,0.0,0.0,0,0,,HB tick=170585 run=0 ts=0.000 as=0.000 ta=0.000 aa=0.000 se=0.000 so=0.000 ae=0.000 ao=0.000 pwm=0 pc=0 hd=0 y=1.868 yr=1.586 L=0 R=0 OL=0 OR=0 el=0 er=0 ed=0 dl=0 dr=0 cl=0 cr=0 ok=600 fail=0 vofa=firewater rx=574 txdrop=24983
1775114387.4206934,1775114387420693500,10266204522600,HB,170975,0.0,0,1.687,0.388,0.0,0.0,0.0,0.0,0.0,0.0,0.0,0.0,0.0,0,0,,HB tick=170975 run=0 ts=0.000 as=0.000 ta=0.000 aa=0.000 se=0.000 so=0.000 ae=0.000 ao=0.000 pwm=0 pc=0 hd=0 y=1.687 yr=0.388 L=0 R=0 OL=0 OR=0 el=0 er=0 ed=0 dl=0 dr=0 cl=0 cr=0 ok=601 fail=0 vofa=firewater rx=574 txdrop=24983
1775114387.793752,1775114387793752100,10266577581800,HB,171364,0.0,0,1.73,0.228,0.0,0.0,0.0,0.0,0.0,0.0,0.0,0.0,0.0,0,0,,HB tick=171364 run=0 ts=0.000 as=0.000 ta=0.000 aa=0.000 se=0.000 so=0.000 ae=0.000 ao=0.000 pwm=0 pc=0 hd=0 y=1.730 yr=0.228 L=0 R=0 OL=0 OR=0 el=0 er=0 ed=0 dl=0 dr=0 cl=0 cr=0 ok=602 fail=0 vofa=firewater rx=574 txdrop=24983
1775114387.9916751,1775114387991675200,10266775504900,HB,171567,0.0,0,2.121,0.823,0.0,0.0,0.0,0.0,0.0,0.0,0.0,0.0,0.0,0,0,,HB tick=171567 run=0 ts=0.000 as=0.000 ta=0.000 aa=0.000 se=0.000 so=0.000 ae=0.000 ao=0.000 pwm=0 pc=0 hd=0 y=2.121 yr=0.823 L=0 R=0 OL=0 OR=0 el=0 er=0 ed=0 dl=0 dr=0 cl=0 cr=0 ok=603 fail=0 vofa=firewater rx=574 txdrop=24983
1775114388.1973565,1775114388197356600,10266981186100,HB,171771,0.0,0,2.113,0.521,0.0,0.0,0.0,0.0,0.0,0.0,0.0,0.0,0.0,0,0,,HB tick=171771 run=0 ts=0.000 as=0.000 ta=0.000 aa=0.000 se=0.000 so=0.000 ae=0.000 ao=0.000 pwm=0 pc=0 hd=0 y=2.113 yr=0.521 L=0 R=0 OL=0 OR=0 el=0 er=0 ed=0 dl=0 dr=0 cl=0 cr=0 ok=604 fail=0 vofa=firewater rx=579 txdrop=24983
1775114388.426166,1775114388426166100,10267209997500,HB,171975,0.0,0,2.106,0.327,0.0,0.0,0.0,0.0,0.0,0.0,0.0,0.0,0.0,0,0,,HB tick=171975 run=0 ts=0.000 as=0.000 ta=0.000 aa=0.000 se=0.000 so=0.000 ae=0.000 ao=0.000 pwm=0 pc=0 hd=0 y=2.106 yr=0.327 L=0 R=0 OL=0 OR=0 el=0 er=0 ed=0 dl=0 dr=0 cl=0 cr=0 ok=605 fail=0 vofa=firewater rx=579 txdrop=24983
1775114388.7884083,1775114388788408200,10267572237800,HB,172364,0.0,0,2.106,0.138,0.0,0.0,0.0,0.0,0.0,0.0,0.0,0.0,0.0,0,0,,HB tick=172364 run=0 ts=0.000 as=0.000 ta=0.000 aa=0.000 se=0.000 so=0.000 ae=0.000 ao=0.000 pwm=0 pc=0 hd=0 y=2.106 yr=0.138 L=0 R=0 OL=0 OR=0 el=0 er=0 ed=0 dl=0 dr=0 cl=0 cr=0 ok=606 fail=0 vofa=firewater rx=579 txdrop=24983
1775114389.1823869,1775114389182386900,10267966216400,HB,172753,0.0,0,2.099,0.049,0.0,0.0,0.0,0.0,0.0,0.0,0.0,0.0,0.0,0,0,,HB tick=172753 run=0 ts=0.000 as=0.000 ta=0.000 aa=0.000 se=0.000 so=0.000 ae=0.000 ao=0.000 pwm=0 pc=0 hd=0 y=2.099 yr=0.049 L=0 R=0 OL=0 OR=0 el=0 er=0 ed=0 dl=0 dr=0 cl=0 cr=0 ok=607 fail=0 vofa=firewater rx=579 txdrop=24983
1775114389.3885567,1775114389388556700,10268172386400,HB,172956,0.0,0,2.099,0.031,0.0,0.0,0.0,0.0,0.0,0.0,0.0,0.0,0.0,0,0,,HB tick=172956 run=0 ts=0.000 as=0.000 ta=0.000 aa=0.000 se=0.000 so=0.000 ae=0.000 ao=0.000 pwm=0 pc=0 hd=0 y=2.099 yr=0.031 L=0 R=0 OL=0 OR=0 el=0 er=0 ed=0 dl=0 dr=0 cl=0 cr=0 ok=608 fail=0 vofa=firewater rx=579 txdrop=24983
1775114389.6072993,1775114389607299400,10268391129200,HB,173160,0.0,0,2.099,0.019,0.0,0.0,0.0,0.0,0.0,0.0,0.0,0.0,0.0,0,0,,HB tick=173160 run=0 ts=0.000 as=0.000 ta=0.000 aa=0.000 se=0.000 so=0.000 ae=0.000 ao=0.000 pwm=0 pc=0 hd=0 y=2.099 yr=0.019 L=0 R=0 OL=0 OR=0 el=0 er=0 ed=0 dl=0 dr=0 cl=0 cr=0 ok=609 fail=0 vofa=firewater rx=588 txdrop=24983
1775114389.959742,1775114389959742000,10268743571900,HB,173509,0.0,0,2.098,0.008,0.0,0.0,0.0,0.0,0.0,0.0,0.0,0.0,0.0,0,0,,HB tick=173509 run=0 ts=0.000 as=0.000 ta=0.000 aa=0.000 se=0.000 so=0.000 ae=0.000 ao=0.000 pwm=0 pc=0 hd=0 y=2.098 yr=0.008 L=0 R=0 OL=0 OR=0 el=0 er=0 ed=0 dl=0 dr=0 cl=0 cr=0 ok=610 fail=0 vofa=firewater rx=588 txdrop=24983
1775114390.1659925,1775114390165992500,10268949822200,HB,173740,0.0,0,2.091,-0.005,0.0,0.0,0.0,0.0,0.0,0.0,0.0,0.0,0.0,0,0,,HB tick=173740 run=0 ts=0.000 as=0.000 ta=0.000 aa=0.000 se=0.000 so=0.000 ae=0.000 ao=0.000 pwm=0 pc=0 hd=0 y=2.091 yr=-0.005 L=0 R=0 OL=0 OR=0 el=0 er=0 ed=0 dl=0 dr=0 cl=0 cr=0 ok=611 fail=0 vofa=firewater rx=597 txdrop=24983
1775114390.3933947,1775114390393394600,10269177224400,HB,173943,0.0,0,2.091,-0.005,0.0,0.0,0.0,0.0,0.0,0.0,0.0,0.0,0.0,0,0,,HB tick=173943 run=0 ts=0.000 as=0.000 ta=0.000 aa=0.000 se=0.000 so=0.000 ae=0.000 ao=0.000 pwm=0 pc=0 hd=0 y=2.091 yr=-0.005 L=0 R=0 OL=0 OR=0 el=0 er=0 ed=0 dl=0 dr=0 cl=0 cr=0 ok=612 fail=0 vofa=firewater rx=597 txdrop=24983
1775114390.5791981,1775114390579198100,10269363027800,HB,174145,0.0,0,2.098,0.009,0.0,0.0,0.0,0.0,0.0,0.0,0.0,0.0,0.0,0,0,,HB tick=174145 run=0 ts=0.000 as=0.000 ta=0.000 aa=0.000 se=0.000 so=0.000 ae=0.000 ao=0.000 pwm=0 pc=0 hd=0 y=2.098 yr=0.009 L=0 R=0 OL=0 OR=0 el=0 er=0 ed=0 dl=0 dr=0 cl=0 cr=0 ok=613 fail=0 vofa=firewater rx=597 txdrop=24983
1775114390.825681,1775114390825680900,10269609510600,HB,174350,0.0,0,2.091,-0.005,0.0,0.0,0.0,0.0,0.0,0.0,0.0,0.0,0.0,0,0,,HB tick=174350 run=0 ts=0.000 as=0.000 ta=0.000 aa=0.000 se=0.000 so=0.000 ae=0.000 ao=0.000 pwm=0 pc=0 hd=0 y=2.091 yr=-0.005 L=0 R=0 OL=0 OR=0 el=0 er=0 ed=0 dl=0 dr=0 cl=0 cr=0 ok=614 fail=0 vofa=firewater rx=608 txdrop=24983
1775114391.0120575,1775114391012057500,10269795887100,HB,174553,0.0,0,2.092,-0.003,0.0,0.0,0.0,0.0,0.0,0.0,0.0,0.0,0.0,0,0,,HB tick=174553 run=0 ts=0.000 as=0.000 ta=0.000 aa=0.000 se=0.000 so=0.000 ae=0.000 ao=0.000 pwm=0 pc=0 hd=0 y=2.092 yr=-0.003 L=0 R=0 OL=0 OR=0 el=0 er=0 ed=0 dl=0 dr=0 cl=0 cr=0 ok=615 fail=0 vofa=firewater rx=608 txdrop=24983
1775114391.4039378,1775114391403937900,10270187767600,HB,174942,0.0,0,2.092,-0.0,0.0,0.0,0.0,0.0,0.0,0.0,0.0,0.0,0.0,0,0,,HB tick=174942 run=0 ts=0.000 as=0.000 ta=0.000 aa=0.000 se=0.000 so=0.000 ae=0.000 ao=0.000 pwm=0 pc=0 hd=0 y=2.092 yr=-0.000 L=0 R=0 OL=0 OR=0 el=0 er=0 ed=0 dl=0 dr=0 cl=0 cr=0 ok=616 fail=0 vofa=firewater rx=608 txdrop=24983
1775114391.5706196,1775114391570619700,10270354449400,HB,175146,0.0,0,2.093,0.0,0.0,0.0,0.0,0.0,0.0,0.0,0.0,0.0,0.0,0,0,,HB tick=175146 run=0 ts=0.000 as=0.000 ta=0.000 aa=0.000 se=0.000 so=0.000 ae=0.000 ao=0.000 pwm=0 pc=0 hd=0 y=2.093 yr=0.000 L=0 R=0 OL=0 OR=0 el=0 er=0 ed=0 dl=0 dr=0 cl=0 cr=0 ok=617 fail=0 vofa=firewater rx=617 txdrop=24983
1775114391.7995646,1775114391799564600,10270583393900,HB,175350,0.0,0,2.093,0.001,0.0,0.0,0.0,0.0,0.0,0.0,0.0,0.0,0.0,0,0,,HB tick=175350 run=0 ts=0.000 as=0.000 ta=0.000 aa=0.000 se=0.000 so=0.000 ae=0.000 ao=0.000 pwm=0 pc=0 hd=0 y=2.093 yr=0.001 L=0 R=0 OL=0 OR=0 el=0 er=0 ed=0 dl=0 dr=0 cl=0 cr=0 ok=618 fail=0 vofa=firewater rx=617 txdrop=24983
1775114391.9866023,1775114391986602200,10270770432000,HB,175554,0.0,0,2.093,0.001,0.0,0.0,0.0,0.0,0.0,0.0,0.0,0.0,0.0,0,0,,HB tick=175554 run=0 ts=0.000 as=0.000 ta=0.000 aa=0.000 se=0.000 so=0.000 ae=0.000 ao=0.000 pwm=0 pc=0 hd=0 y=2.093 yr=0.001 L=0 R=0 OL=0 OR=0 el=0 er=0 ed=0 dl=0 dr=0 cl=0 cr=0 ok=619 fail=0 vofa=firewater rx=617 txdrop=24983
1775114392.4196603,1775114392419660300,10271203490200,HB,175943,0.0,0,2.093,0.001,0.0,0.0,0.0,0.0,0.0,0.0,0.0,0.0,0.0,0,0,,HB tick=175943 run=0 ts=0.000 as=0.000 ta=0.000 aa=0.000 se=0.000 so=0.000 ae=0.000 ao=0.000 pwm=0 pc=0 hd=0 y=2.093 yr=0.001 L=0 R=0 OL=0 OR=0 el=0 er=0 ed=0 dl=0 dr=0 cl=0 cr=0 ok=620 fail=0 vofa=firewater rx=626 txdrop=24983
1775114392.759736,1775114392759736100,10271543565600,HB,176331,0.0,0,2.093,0.0,0.0,0.0,0.0,0.0,0.0,0.0,0.0,0.0,0.0,0,0,,HB tick=176331 run=0 ts=0.000 as=0.000 ta=0.000 aa=0.000 se=0.000 so=0.000 ae=0.000 ao=0.000 pwm=0 pc=0 hd=0 y=2.093 yr=0.000 L=0 R=0 OL=0 OR=0 el=0 er=0 ed=0 dl=0 dr=0 cl=0 cr=0 ok=621 fail=0 vofa=firewater rx=626 txdrop=24983
1775114392.9994707,1775114392999470500,10271783299900,HB,176551,0.0,0,2.085,-0.014,0.0,0.0,0.0,0.0,0.0,0.0,0.0,0.0,0.0,0,0,,HB tick=176551 run=0 ts=0.000 as=0.000 ta=0.000 aa=0.000 se=0.000 so=0.000 ae=0.000 ao=0.000 pwm=0 pc=0 hd=0 y=2.085 yr=-0.014 L=0 R=0 OL=0 OR=0 el=0 er=0 ed=0 dl=0 dr=0 cl=0 cr=0 ok=622 fail=0 vofa=firewater rx=635 txdrop=24983
1775114393.1776187,1775114393177618600,10271961448300,HB,176750,0.0,0,2.092,0.003,0.0,0.0,0.0,0.0,0.0,0.0,0.0,0.0,0.0,0,0,,HB tick=176750 run=0 ts=0.000 as=0.000 ta=0.000 aa=0.000 se=0.000 so=0.000 ae=0.000 ao=0.000 pwm=0 pc=0 hd=0 y=2.092 yr=0.003 L=0 R=0 OL=0 OR=0 el=0 er=0 ed=0 dl=0 dr=0 cl=0 cr=0 ok=623 fail=0 vofa=firewater rx=635 txdrop=24983
1775114393.4248984,1775114393424898400,10272208728200,HB,176953,0.0,0,2.084,-0.01,0.0,0.0,0.0,0.0,0.0,0.0,0.0,0.0,0.0,0,0,,HB tick=176953 run=0 ts=0.000 as=0.000 ta=0.000 aa=0.000 se=0.000 so=0.000 ae=0.000 ao=0.000 pwm=0 pc=0 hd=0 y=2.084 yr=-0.010 L=0 R=0 OL=0 OR=0 el=0 er=0 ed=0 dl=0 dr=0 cl=0 cr=0 ok=624 fail=0 vofa=firewater rx=635 txdrop=24983
1775114393.6016865,1775114393601686600,10272385516200,HB,177178,0.0,0,2.084,-0.007,0.0,0.0,0.0,0.0,0.0,0.0,0.0,0.0,0.0,0,0,,HB tick=177178 run=0 ts=0.000 as=0.000 ta=0.000 aa=0.000 se=0.000 so=0.000 ae=0.000 ao=0.000 pwm=0 pc=0 hd=0 y=2.084 yr=-0.007 L=0 R=0 OL=0 OR=0 el=0 er=0 ed=0 dl=0 dr=0 cl=0 cr=0 ok=625 fail=0 vofa=firewater rx=645 txdrop=24983
1775114394.0065222,1775114394006522000,10272790351100,HB,177562,0.0,0,2.084,-0.003,0.0,0.0,0.0,0.0,0.0,0.0,0.0,0.0,0.0,0,0,,HB tick=177562 run=0 ts=0.000 as=0.000 ta=0.000 aa=0.000 se=0.000 so=0.000 ae=0.000 ao=0.000 pwm=0 pc=0 hd=0 y=2.084 yr=-0.003 L=0 R=0 OL=0 OR=0 el=0 er=0 ed=0 dl=0 dr=0 cl=0 cr=0 ok=626 fail=0 vofa=firewater rx=645 txdrop=24983
1775114394.1501772,1775114394150177400,10272934007100,STAT,177706,0.0,0,2.083869,-0.003423,0.0,0.0,0.0,0.0,0.0,0.0,0.0,0.0,0.0,0,0,,STAT tick=177706 run=0 ts=0.000000 as=0.000000 ta=0.000000 aa=0.000000 se=0.000000 so=0.000000 ae=0.000000 ao=0.000000 pwm=0 pc=0 hd=0 y=2.083869 p=-0.482379 r=5.211832 yr=-0.003423 ax=0 ay=0 az=0 gx=0 gy=0 gz=0 who=0x85 addr=0x4A icm_ok=891 icm_fail=0 L=0 R=0 OL=0 OR=0 el=0 er=0 ed=0 dl=0 dr=0 cl=0 cr=0 skp=0.600000 ski=0.012000 skd=0.000000 akp=1.000000 aki=0.000000 akd=0.120000 ok=627 fail=0 rx=651 txdrop=24983
1775114394.2445514,1775114394244551500,10273028381400,HB,177773,0.0,0,2.084,-0.003,0.0,0.0,0.0,0.0,0.0,0.0,0.0,0.0,0.0,0,0,,HB tick=177773 run=0 ts=0.000 as=0.000 ta=0.000 aa=0.000 se=0.000 so=0.000 ae=0.000 ao=0.000 pwm=0 pc=0 hd=0 y=2.084 yr=-0.003 L=0 R=0 OL=0 OR=0 el=0 er=0 ed=0 dl=0 dr=0 cl=0 cr=0 ok=627 fail=0 vofa=firewater rx=660 txdrop=24983
1775114394.401323,1775114394401323000,10273185153000,HB,177976,0.0,0,2.083,-0.002,0.0,0.0,0.0,0.0,0.0,0.0,0.0,0.0,0.0,0,0,,HB tick=177976 run=0 ts=0.000 as=0.000 ta=0.000 aa=0.000 se=0.000 so=0.000 ae=0.000 ao=0.000 pwm=0 pc=0 hd=0 y=2.083 yr=-0.002 L=0 R=0 OL=0 OR=0 el=0 er=0 ed=0 dl=0 dr=0 cl=0 cr=0 ok=628 fail=0 vofa=firewater rx=660 txdrop=24983
1775114394.6184063,1775114394618406400,10273402236100,HB,178184,0.0,0,2.083,-0.001,0.0,0.0,0.0,0.0,0.0,0.0,0.0,0.0,0.0,0,0,,HB tick=178184 run=0 ts=0.000 as=0.000 ta=0.000 aa=0.000 se=0.000 so=0.000 ae=0.000 ao=0.000 pwm=0 pc=0 hd=0 y=2.083 yr=-0.001 L=0 R=0 OL=0 OR=0 el=0 er=0 ed=0 dl=0 dr=0 cl=0 cr=0 ok=629 fail=0 vofa=firewater rx=660 txdrop=24983
1775114394.8139284,1775114394813928500,10273597758300,HB,178388,0.0,0,2.083,-0.001,0.0,0.0,0.0,0.0,0.0,0.0,0.0,0.0,0.0,0,0,,HB tick=178388 run=0 ts=0.000 as=0.000 ta=0.000 aa=0.000 se=0.000 so=0.000 ae=0.000 ao=0.000 pwm=0 pc=0 hd=0 y=2.083 yr=-0.001 L=0 R=0 OL=0 OR=0 el=0 er=0 ed=0 dl=0 dr=0 cl=0 cr=0 ok=630 fail=0 vofa=firewater rx=669 txdrop=24983
1775114395.0424325,1775114395042432600,10273826262000,HB,178592,0.0,0,2.083,-0.001,0.0,0.0,0.0,0.0,0.0,0.0,0.0,0.0,0.0,0,0,,HB tick=178592 run=0 ts=0.000 as=0.000 ta=0.000 aa=0.000 se=0.000 so=0.000 ae=0.000 ao=0.000 pwm=0 pc=0 hd=0 y=2.083 yr=-0.001 L=0 R=0 OL=0 OR=0 el=0 er=0 ed=0 dl=0 dr=0 cl=0 cr=0 ok=631 fail=0 vofa=firewater rx=669 txdrop=24983
1775114395.4141288,1775114395414128900,10274197959200,HB,178981,0.0,0,2.083,-0.001,0.0,0.0,0.0,0.0,0.0,0.0,0.0,0.0,0.0,0,0,,HB tick=178981 run=0 ts=0.000 as=0.000 ta=0.000 aa=0.000 se=0.000 so=0.000 ae=0.000 ao=0.000 pwm=0 pc=0 hd=0 y=2.083 yr=-0.001 L=0 R=0 OL=0 OR=0 el=0 er=0 ed=0 dl=0 dr=0 cl=0 cr=0 ok=632 fail=0 vofa=firewater rx=669 txdrop=24983
1775114395.5911524,1775114395591152500,10274374982000,STAT,179124,0.0,0,2.082911,-0.000541,0.0,0.0,0.0,0.0,0.0,0.0,0.0,0.0,0.0,0,0,,STAT tick=179124 run=0 ts=0.000000 as=0.000000 ta=0.000000 aa=0.000000 se=0.000000 so=0.000000 ae=0.000000 ao=0.000000 pwm=0 pc=0 hd=0 y=2.082911 p=-0.503339 r=5.212101 yr=-0.000541 ax=0 ay=0 az=0 gx=0 gy=0 gz=0 who=0x85 addr=0x4A icm_ok=898 icm_fail=0 L=0 R=0 OL=0 OR=0 el=0 er=0 ed=0 dl=0 dr=0 cl=0 cr=0 skp=0.600000 ski=0.012000 skd=0.000000 akp=1.000000 aki=0.000000 akd=0.120000 ok=633 fail=0 rx=675 txdrop=24983
1775114395.6124873,1775114395612487500,10274396316900,HB,179187,0.0,0,2.083,0.0,0.0,0.0,0.0,0.0,0.0,0.0,0.0,0.0,0.0,0,0,,HB tick=179187 run=0 ts=0.000 as=0.000 ta=0.000 aa=0.000 se=0.000 so=0.000 ae=0.000 ao=0.000 pwm=0 pc=0 hd=0 y=2.083 yr=0.000 L=0 R=0 OL=0 OR=0 el=0 er=0 ed=0 dl=0 dr=0 cl=0 cr=0 ok=633 fail=0 vofa=firewater rx=675 txdrop=24983
1775114395.821925,1775114395821924900,10274605754700,HB,179390,0.0,0,2.083,0.0,0.0,0.0,0.0,0.0,0.0,0.0,0.0,0.0,0.0,0,0,,HB tick=179390 run=0 ts=0.000 as=0.000 ta=0.000 aa=0.000 se=0.000 so=0.000 ae=0.000 ao=0.000 pwm=0 pc=0 hd=0 y=2.083 yr=0.000 L=0 R=0 OL=0 OR=0 el=0 er=0 ed=0 dl=0 dr=0 cl=0 cr=0 ok=634 fail=0 vofa=firewater rx=684 txdrop=24983
1775114396.050688,1775114396050688000,10274834518000,HB,179594,0.0,0,2.083,-0.0,0.0,0.0,0.0,0.0,0.0,0.0,0.0,0.0,0.0,0,0,,HB tick=179594 run=0 ts=0.000 as=0.000 ta=0.000 aa=0.000 se=0.000 so=0.000 ae=0.000 ao=0.000 pwm=0 pc=0 hd=0 y=2.083 yr=-0.000 L=0 R=0 OL=0 OR=0 el=0 er=0 ed=0 dl=0 dr=0 cl=0 cr=0 ok=635 fail=0 vofa=firewater rx=684 txdrop=24983
1775114396.2479126,1775114396247912700,10275031742800,HB,179802,0.0,0,2.083,-0.0,0.0,0.0,0.0,0.0,0.0,0.0,0.0,0.0,0.0,0,0,,HB tick=179802 run=0 ts=0.000 as=0.000 ta=0.000 aa=0.000 se=0.000 so=0.000 ae=0.000 ao=0.000 pwm=0 pc=0 hd=0 y=2.083 yr=-0.000 L=0 R=0 OL=0 OR=0 el=0 er=0 ed=0 dl=0 dr=0 cl=0 cr=0 ok=636 fail=0 vofa=firewater rx=693 txdrop=24983
1775114396.623691,1775114396623690900,10275407520800,HB,180190,0.0,0,2.083,-0.0,0.0,0.0,0.0,0.0,0.0,0.0,0.0,0.0,0.0,0,0,,HB tick=180190 run=0 ts=0.000 as=0.000 ta=0.000 aa=0.000 se=0.000 so=0.000 ae=0.000 ao=0.000 pwm=0 pc=0 hd=0 y=2.083 yr=-0.000 L=0 R=0 OL=0 OR=0 el=0 er=0 ed=0 dl=0 dr=0 cl=0 cr=0 ok=637 fail=0 vofa=firewater rx=693 txdrop=24983
1775114396.9343486,1775114396934348600,10275718178400,STAT,180492,0.0,0,2.082877,-0.000134,0.0,0.0,0.0,0.0,0.0,0.0,0.0,0.0,0.0,0,0,,STAT tick=180492 run=0 ts=0.000000 as=0.000000 ta=0.000000 aa=0.000000 se=0.000000 so=0.000000 ae=0.000000 ao=0.000000 pwm=0 pc=0 hd=0 y=2.082877 p=-0.503255 r=5.219117 yr=-0.000134 ax=0 ay=0 az=0 gx=0 gy=0 gz=0 who=0x85 addr=0x4A icm_ok=905 icm_fail=0 L=0 R=0 OL=0 OR=0 el=0 er=0 ed=0 dl=0 dr=0 cl=0 cr=0 skp=0.600000 ski=0.012000 skd=0.000000 akp=1.000000 aki=0.000000 akd=0.120000 ok=638 fail=0 rx=699 txdrop=24983
1775114397.0177424,1775114397017742300,10275801572100,HB,180582,0.0,0,2.083,0.0,0.0,0.0,0.0,0.0,0.0,0.0,0.0,0.0,0.0,0,0,,HB tick=180582 run=0 ts=0.000 as=0.000 ta=0.000 aa=0.000 se=0.000 so=0.000 ae=0.000 ao=0.000 pwm=0 pc=0 hd=0 y=2.083 yr=0.000 L=0 R=0 OL=0 OR=0 el=0 er=0 ed=0 dl=0 dr=0 cl=0 cr=0 ok=638 fail=0 vofa=firewater rx=708 txdrop=24983
1775114397.4339306,1775114397433930700,10276217760100,HB,180971,0.0,0,2.084,0.001,0.0,0.0,0.0,0.0,0.0,0.0,0.0,0.0,0.0,0,0,,HB tick=180971 run=0 ts=0.000 as=0.000 ta=0.000 aa=0.000 se=0.000 so=0.000 ae=0.000 ao=0.000 pwm=0 pc=0 hd=0 y=2.084 yr=0.001 L=0 R=0 OL=0 OR=0 el=0 er=0 ed=0 dl=0 dr=0 cl=0 cr=0 ok=639 fail=0 vofa=firewater rx=708 txdrop=24983
1775114397.6086843,1775114397608684400,10276392514100,HB,181175,0.0,0,2.083,-0.0,0.0,0.0,0.0,0.0,0.0,0.0,0.0,0.0,0.0,0,0,,HB tick=181175 run=0 ts=0.000 as=0.000 ta=0.000 aa=0.000 se=0.000 so=0.000 ae=0.000 ao=0.000 pwm=0 pc=0 hd=0 y=2.083 yr=-0.000 L=0 R=0 OL=0 OR=0 el=0 er=0 ed=0 dl=0 dr=0 cl=0 cr=0 ok=640 fail=0 vofa=firewater rx=717 txdrop=24983
1775114397.8065197,1775114397806519900,10276590349500,HB,181383,0.0,0,2.083,-0.0,0.0,0.0,0.0,0.0,0.0,0.0,0.0,0.0,0.0,0,0,,HB tick=181383 run=0 ts=0.000 as=0.000 ta=0.000 aa=0.000 se=0.000 so=0.000 ae=0.000 ao=0.000 pwm=0 pc=0 hd=0 y=2.083 yr=-0.000 L=0 R=0 OL=0 OR=0 el=0 er=0 ed=0 dl=0 dr=0 cl=0 cr=0 ok=641 fail=0 vofa=firewater rx=717 txdrop=24983
1775114398.0130517,1775114398013051600,10276796881500,HB,181586,0.0,0,2.09,0.012,0.0,0.0,0.0,0.0,0.0,0.0,0.0,0.0,0.0,0,0,,HB tick=181586 run=0 ts=0.000 as=0.000 ta=0.000 aa=0.000 se=0.000 so=0.000 ae=0.000 ao=0.000 pwm=0 pc=0 hd=0 y=2.090 yr=0.012 L=0 R=0 OL=0 OR=0 el=0 er=0 ed=0 dl=0 dr=0 cl=0 cr=0 ok=642 fail=0 vofa=firewater rx=717 txdrop=24983
1775114398.2182565,1775114398218256300,10277002086300,HB,181789,0.0,0,2.083,-0.004,0.0,0.0,0.0,0.0,0.0,0.0,0.0,0.0,0.0,0,0,,HB tick=181789 run=0 ts=0.000 as=0.000 ta=0.000 aa=0.000 se=0.000 so=0.000 ae=0.000 ao=0.000 pwm=0 pc=0 hd=0 y=2.083 yr=-0.004 L=0 R=0 OL=0 OR=0 el=0 er=0 ed=0 dl=0 dr=0 cl=0 cr=0 ok=643 fail=0 vofa=firewater rx=717 txdrop=24983
1775114398.4462712,1775114398446271300,10277230100800,HB,181993,0.0,0,2.083,-0.003,0.0,0.0,0.0,0.0,0.0,0.0,0.0,0.0,0.0,0,0,,HB tick=181993 run=0 ts=0.000 as=0.000 ta=0.000 aa=0.000 se=0.000 so=0.000 ae=0.000 ao=0.000 pwm=0 pc=0 hd=0 y=2.083 yr=-0.003 L=0 R=0 OL=0 OR=0 el=0 er=0 ed=0 dl=0 dr=0 cl=0 cr=0 ok=644 fail=0 vofa=firewater rx=717 txdrop=24983
1775114398.8828275,1775114398882827600,10277666657200,HB,182420,0.0,1,0.001,0.0,0.0,0.0,0.0,6.0,6.0,6.0,6.0,0.0,0.0,0,0,,HB tick=182420 run=1 ts=10.412 as=0.000 ta=0.000 aa=0.000 se=10.412 so=6.270 ae=0.000 ao=0.000 pwm=6 pc=6 hd=0 y=0.001 yr=0.000 L=6 R=6 OL=6 OR=6 el=0 er=0 ed=0 dl=0 dr=0 cl=0 cr=0 ok=645 fail=0 vofa=firewater rx=736 txdrop=24983
1775114399.0494432,1775114399049443200,10277833272800,HB,182625,0.0,1,0.134,0.226,0.0,0.0,0.0,8.0,8.0,8.0,8.0,0.0,0.0,0,0,left_output_without_encoder|right_output_without_encoder,HB tick=182625 run=1 ts=12.812 as=0.000 ta=0.000 aa=0.000 se=12.812 so=7.738 ae=0.000 ao=0.000 pwm=8 pc=8 hd=0 y=0.134 yr=0.226 L=8 R=8 OL=8 OR=8 el=0 er=0 ed=0 dl=0 dr=0 cl=0 cr=0 ok=646 fail=0 vofa=firewater rx=736 txdrop=24983
1775114399.2882736,1775114399288273601,10278072103601,HB,182831,0.0,1,0.155,0.183,3.0,4.0,-1.0,8.0,8.0,8.0,8.0,3.0,4.0,0,0,,HB tick=182831 run=1 ts=15.332 as=3.500 ta=0.000 aa=0.133 se=11.832 so=7.181 ae=-0.133 ao=-0.154 pwm=8 pc=8 hd=0 y=0.155 yr=0.183 L=8 R=8 OL=8 OR=8 el=3 er=4 ed=-1 dl=3 dr=4 cl=0 cr=0 ok=647 fail=0 vofa=firewater rx=736 txdrop=24983
1775114399.5059123,1775114399505912400,10278289742000,HB,183041,0.0,1,0.435,0.584,5.0,5.0,0.0,8.0,8.0,8.0,8.0,5.0,5.0,0,0,,HB tick=183041 run=1 ts=17.852 as=5.000 ta=0.000 aa=0.154 se=12.852 so=7.826 ae=-0.154 ao=-0.176 pwm=8 pc=8 hd=0 y=0.435 yr=0.584 L=8 R=8 OL=8 OR=8 el=5 er=5 ed=0 dl=5 dr=5 cl=0 cr=0 ok=648 fail=0 vofa=firewater rx=736 txdrop=24983
1775114399.8384607,1775114399838460601,10278622290201,HB,183390,0.0,1,0.812,0.799,7.0,8.0,-1.0,9.0,9.0,9.0,9.0,7.0,8.0,0,0,,HB tick=183390 run=1 ts=22.052 as=7.500 ta=0.000 aa=0.770 se=14.552 so=8.907 ae=-0.770 ao=-0.903 pwm=9 pc=9 hd=0 y=0.812 yr=0.799 L=9 R=9 OL=9 OR=9 el=7 er=8 ed=-1 dl=7 dr=8 cl=0 cr=0 ok=649 fail=0 vofa=firewater rx=736 txdrop=24983
1775114400.0244539,1775114400024454000,10278808283700,HB,183580,1443.0,1,1.066,0.984,9.0,9.0,0.0,8.0,10.0,8.0,10.0,9.0,9.0,0,0,,HB tick=183580 exp_id=268 t_ms=1443 run=1 ts=24.332 as=9.000 ta=0.000 aa=0.812 se=15.332 so=9.409 ae=-0.812 ao=-0.908 pwm=9 pc=9 hd=-1 y=1.066 yr=0.984 L=8 R=10 OL=8 OR=10 el=9 er=9 ed=0 dl=9 dr=9 cl=0 cr=0 ok=650 fail=0 vofa=firewater rx=750 txdrop=24983
1775114400.201933,1775114400201932800,10278985762400,HB,183769,1632.0,1,1.212,0.911,10.0,9.0,1.0,9.0,11.0,9.0,11.0,10.0,9.0,0,0,,HB tick=183769 exp_id=268 t_ms=1632 run=1 ts=26.492 as=9.500 ta=0.000 aa=1.065 se=16.992 so=10.440 ae=-1.065 ao=-1.183 pwm=10 pc=10 hd=-1 y=1.212 yr=0.911 L=9 R=11 OL=9 OR=11 el=10 er=9 ed=1 dl=10 dr=9 cl=0 cr=0 ok=651 fail=0 vofa=firewater rx=750 txdrop=24983
1775114400.4407158,1775114400440715800,10279224545400,HB,184002,1865.0,1,1.163,0.518,11.0,11.0,0.0,11.0,11.0,11.0,11.0,11.0,11.0,0,0,,HB tick=184002 exp_id=268 t_ms=1865 run=1 ts=29.372 as=11.000 ta=0.000 aa=1.212 se=18.372 so=11.319 ae=-1.212 ao=-1.321 pwm=11 pc=11 hd=0 y=1.163 yr=0.518 L=11 R=11 OL=11 OR=11 el=11 er=11 ed=0 dl=11 dr=11 cl=0 cr=0 ok=652 fail=0 vofa=firewater rx=750 txdrop=24983
1775114400.6372793,1775114400637279300,10279421108900,HB,184207,2070.0,1,1.185,0.374,12.0,12.0,0.0,11.0,13.0,11.0,13.0,12.0,12.0,0,0,,HB tick=184207 exp_id=268 t_ms=2070 run=1 ts=31.772 as=12.000 ta=0.000 aa=1.163 se=19.772 so=12.204 ae=-1.163 ao=-1.225 pwm=12 pc=12 hd=-1 y=1.185 yr=0.374 L=11 R=13 OL=11 OR=13 el=12 er=12 ed=0 dl=12 dr=12 cl=0 cr=0 ok=653 fail=0 vofa=firewater rx=750 txdrop=24983
1775114400.8638952,1775114400863895200,10279647724900,HB,184411,2274.0,1,1.074,0.052,14.0,13.0,1.0,13.0,13.0,13.0,13.0,14.0,13.0,0,0,,HB tick=184411 exp_id=268 t_ms=2274 run=1 ts=34.292 as=13.500 ta=0.000 aa=1.184 se=20.792 so=12.869 ae=-1.184 ao=-1.229 pwm=13 pc=13 hd=0 y=1.074 yr=0.052 L=13 R=13 OL=13 OR=13 el=14 er=13 ed=1 dl=14 dr=13 cl=0 cr=0 ok=654 fail=0 vofa=firewater rx=750 txdrop=24983
1775114401.060151,1775114401060151100,10279843981200,HB,184621,2484.0,1,0.964,-0.149,14.0,14.0,0.0,12.0,14.0,12.0,14.0,14.0,14.0,0,0,,HB tick=184621 exp_id=268 t_ms=2484 run=1 ts=35.000 as=14.000 ta=0.000 aa=1.073 se=21.000 so=13.046 ae=-1.073 ao=-1.080 pwm=13 pc=13 hd=-1 y=0.964 yr=-0.149 L=12 R=14 OL=12 OR=14 el=14 er=14 ed=0 dl=14 dr=14 cl=0 cr=0 ok=655 fail=0 vofa=firewater rx=750 txdrop=24983
1775114401.256671,1775114401256671100,10280040501200,HB,184826,2689.0,1,0.736,-0.485,14.0,14.0,0.0,13.0,13.0,13.0,13.0,14.0,14.0,0,0,,HB tick=184826 exp_id=268 t_ms=2689 run=1 ts=35.000 as=14.000 ta=0.000 aa=0.964 se=21.000 so=13.096 ae=-0.964 ao=-0.946 pwm=13 pc=13 hd=0 y=0.736 yr=-0.485 L=13 R=13 OL=13 OR=13 el=14 er=14 ed=0 dl=14 dr=14 cl=0 cr=0 ok=656 fail=0 vofa=firewater rx=764 txdrop=24983
1775114401.4751534,1775114401475153500,10280258983500,HB,185030,2893.0,1,0.705,-0.369,14.0,14.0,0.0,14.0,14.0,14.0,14.0,14.0,14.0,0,0,,HB tick=185030 exp_id=268 t_ms=2893 run=1 ts=35.000 as=14.000 ta=0.000 aa=0.736 se=21.000 so=13.149 ae=-0.736 ao=-0.677 pwm=14 pc=14 hd=0 y=0.705 yr=-0.369 L=14 R=14 OL=14 OR=14 el=14 er=14 ed=0 dl=14 dr=14 cl=0 cr=0 ok=657 fail=0 vofa=firewater rx=764 txdrop=24983
1775114401.682578,1775114401682578200,10280466407900,HB,185240,3103.0,1,0.531,-0.53,15.0,15.0,0.0,13.0,13.0,13.0,13.0,15.0,15.0,0,0,,HB tick=185240 exp_id=268 t_ms=3103 run=1 ts=35.000 as=15.000 ta=0.000 aa=0.704 se=20.000 so=12.602 ae=-0.704 ao=-0.660 pwm=13 pc=13 hd=0 y=0.531 yr=-0.530 L=13 R=13 OL=13 OR=13 el=15 er=15 ed=0 dl=15 dr=15 cl=0 cr=0 ok=658 fail=0 vofa=firewater rx=764 txdrop=24983
1775114401.879545,1775114401879545200,10280663374800,HB,185445,3308.0,1,0.44,-0.499,15.0,15.0,0.0,13.0,13.0,13.0,13.0,15.0,15.0,0,0,,HB tick=185445 exp_id=268 t_ms=3308 run=1 ts=35.000 as=15.000 ta=0.000 aa=0.530 se=20.000 so=12.651 ae=-0.530 ao=-0.466 pwm=13 pc=13 hd=0 y=0.440 yr=-0.499 L=13 R=13 OL=13 OR=13 el=15 er=15 ed=0 dl=15 dr=15 cl=0 cr=0 ok=659 fail=0 vofa=firewater rx=764 txdrop=24983
1775114402.0468683,1775114402046868300,10280830698300,HB,185606,3469.0,1,0.303,-0.623,14.0,14.0,0.0,13.0,13.0,13.0,13.0,14.0,14.0,0,0,,HB tick=185606 exp_id=268 t_ms=3469 run=1 ts=35.000 as=14.000 ta=0.000 aa=0.439 se=21.000 so=13.291 ae=-0.439 ao=-0.379 pwm=13 pc=13 hd=0 y=0.303 yr=-0.623 L=13 R=13 OL=13 OR=13 el=14 er=14 ed=0 dl=14 dr=14 cl=0 cr=0 ok=660 fail=0 vofa=firewater rx=764 txdrop=24983
1775114402.2649367,1775114402264936700,10281048766200,HB,185839,3702.0,1,0.328,-0.366,14.0,14.0,0.0,13.0,13.0,13.0,13.0,14.0,14.0,0,0,,HB tick=185839 exp_id=268 t_ms=3702 run=1 ts=35.000 as=14.000 ta=0.000 aa=0.302 se=21.000 so=13.348 ae=-0.302 ao=-0.227 pwm=13 pc=13 hd=0 y=0.328 yr=-0.366 L=13 R=13 OL=13 OR=13 el=14 er=14 ed=0 dl=14 dr=14 cl=0 cr=0 ok=661 fail=0 vofa=firewater rx=764 txdrop=24983
1775114402.4711833,1775114402471183300,10281255012900,HB,186044,3907.0,1,0.159,-0.525,15.0,15.0,0.0,12.0,14.0,12.0,14.0,15.0,15.0,0,0,,HB tick=186044 exp_id=268 t_ms=3907 run=1 ts=35.000 as=15.000 ta=0.000 aa=0.328 se=20.000 so=12.801 ae=-0.328 ao=-0.284 pwm=13 pc=13 hd=-1 y=0.159 yr=-0.525 L=12 R=14 OL=12 OR=14 el=15 er=15 ed=0 dl=15 dr=15 cl=0 cr=0 ok=662 fail=0 vofa=firewater rx=770 txdrop=24983
1775114402.6383665,1775114402638366400,10281422196500,STAT,186188,4051.0,1,0.15939,-0.52502,14.0,15.0,-1.0,13.0,13.0,13.0,13.0,14.0,15.0,0,0,,STAT tick=186188 exp_id=268 t_ms=4051 run=1 ts=35.000000 as=14.500000 ta=0.000000 aa=0.158850 se=20.500000 so=13.134624 ae=-0.158850 ao=-0.095852 pwm=13 pc=13 hd=0 y=0.159390 p=-0.469104 r=5.855221 yr=-0.525020 ax=0 ay=0 az=0 gx=0 gy=0 gz=0 who=0x85 addr=0x4A icm_ok=934 icm_fail=0 L=13 R=13 OL=13 OR=13 el=14 er=15 ed=-1 dl=14 dr=15 cl=0 cr=0 skp=0.600000 ski=0.012000 skd=0.000000 akp=1.000000 aki=0.000000 akd=0.120000 ok=663 fail=0 rx=770 txdrop=24983
1775114402.6804976,1775114402680497700,10281464327400,HB,186251,4114.0,1,0.135,-0.382,14.0,15.0,-1.0,12.0,14.0,12.0,14.0,14.0,15.0,0,0,,HB tick=186251 exp_id=268 t_ms=4114 run=1 ts=35.000 as=14.500 ta=0.000 aa=0.159 se=20.500 so=13.152 ae=-0.159 ao=-0.096 pwm=13 pc=13 hd=-1 y=0.135 yr=-0.382 L=12 R=14 OL=12 OR=14 el=14 er=15 ed=-1 dl=14 dr=15 cl=0 cr=0 ok=663 fail=0 vofa=firewater rx=770 txdrop=24983
1775114402.8967984,1775114402896798400,10281680628200,HB,186460,4323.0,1,-0.048,-0.556,14.0,14.0,0.0,13.0,13.0,13.0,13.0,14.0,14.0,0,0,,HB tick=186460 exp_id=268 t_ms=4323 run=1 ts=35.000 as=14.000 ta=0.000 aa=0.135 se=21.000 so=13.504 ae=-0.135 ao=-0.089 pwm=13 pc=13 hd=0 y=-0.048 yr=-0.556 L=13 R=13 OL=13 OR=13 el=14 er=14 ed=0 dl=14 dr=14 cl=0 cr=0 ok=664 fail=0 vofa=firewater rx=770 txdrop=24983
1775114403.0943725,1775114403094372600,10281878202300,HB,186665,4528.0,1,-0.069,-0.397,15.0,14.0,1.0,13.0,13.0,13.0,13.0,15.0,14.0,0,0,,HB tick=186665 exp_id=268 t_ms=4528 run=1 ts=35.000 as=14.500 ta=0.000 aa=-0.049 se=20.500 so=13.253 ae=0.049 ao=0.116 pwm=13 pc=13 hd=0 y=-0.069 yr=-0.397 L=13 R=13 OL=13 OR=13 el=15 er=14 ed=1 dl=15 dr=14 cl=0 cr=0 ok=665 fail=0 vofa=firewater rx=770 txdrop=24983
1775114403.28057,1775114403280570000,10282064400000,HB,186826,4689.0,1,-0.295,-0.749,15.0,14.0,1.0,13.0,13.0,13.0,13.0,15.0,14.0,0,0,,HB tick=186826 exp_id=268 t_ms=4689 run=1 ts=35.000 as=14.500 ta=0.000 aa=-0.070 se=20.500 so=13.292 ae=0.070 ao=0.117 pwm=13 pc=13 hd=0 y=-0.295 yr=-0.749 L=13 R=13 OL=13 OR=13 el=15 er=14 ed=1 dl=15 dr=14 cl=0 cr=0 ok=666 fail=0 vofa=firewater rx=770 txdrop=24983
1775114403.4886558,1775114403488656000,10282272485600,HB,187059,4922.0,1,-0.346,-0.564,15.0,15.0,0.0,13.0,13.0,13.0,13.0,15.0,15.0,0,0,,HB tick=187059 exp_id=268 t_ms=4922 run=1 ts=35.000 as=15.000 ta=0.000 aa=-0.295 se=20.000 so=13.048 ae=0.295 ao=0.385 pwm=13 pc=13 hd=0 y=-0.346 yr=-0.564 L=13 R=13 OL=13 OR=13 el=15 er=15 ed=0 dl=15 dr=15 cl=0 cr=0 ok=667 fail=0 vofa=firewater rx=770 txdrop=24983
1775114403.695746,1775114403695746000,10282479575500,HB,187265,5128.0,1,-0.439,-0.524,14.0,15.0,-1.0,13.0,13.0,13.0,13.0,14.0,15.0,0,0,,HB tick=187265 exp_id=268 t_ms=5128 run=1 ts=35.000 as=14.500 ta=0.000 aa=-0.347 se=20.500 so=13.400 ae=0.347 ao=0.415 pwm=13 pc=13 hd=0 y=-0.439 yr=-0.524 L=13 R=13 OL=13 OR=13 el=14 er=15 ed=-1 dl=14 dr=15 cl=0 cr=0 ok=668 fail=0 vofa=firewater rx=770 txdrop=24983
1775114403.902866,1775114403902866000,10282686695500,HB,187469,5332.0,1,-0.524,-0.486,14.0,14.0,0.0,15.0,13.0,15.0,13.0,14.0,14.0,0,0,,HB tick=187469 exp_id=268 t_ms=5332 run=1 ts=35.000 as=14.000 ta=0.000 aa=-0.439 se=21.000 so=13.749 ae=0.439 ao=0.502 pwm=14 pc=14 hd=1 y=-0.524 yr=-0.486 L=15 R=13 OL=15 OR=13 el=14 er=14 ed=0 dl=14 dr=14 cl=0 cr=0 ok=669 fail=0 vofa=firewater rx=770 txdrop=24983
1775114404.1107278,1775114404110727600,10282894557200,HB,187678,5541.0,1,-0.831,-0.83,15.0,15.0,0.0,13.0,13.0,13.0,13.0,15.0,15.0,0,0,,HB tick=187678 exp_id=268 t_ms=5541 run=1 ts=35.000 as=15.000 ta=0.000 aa=-0.524 se=20.000 so=13.199 ae=0.524 ao=0.583 pwm=13 pc=13 hd=0 y=-0.831 yr=-0.830 L=13 R=13 OL=13 OR=13 el=15 er=15 ed=0 dl=15 dr=15 cl=0 cr=0 ok=670 fail=0 vofa=firewater rx=770 txdrop=24983
1775114404.3376553,1775114404337655400,10283121484900,HB,187884,5747.0,1,-1.005,-0.835,14.0,15.0,-1.0,14.0,14.0,14.0,14.0,14.0,15.0,0,0,,HB tick=187884 exp_id=268 t_ms=5747 run=1 ts=35.000 as=14.500 ta=0.000 aa=-0.831 se=20.500 so=13.549 ae=0.831 ao=0.931 pwm=14 pc=14 hd=0 y=-1.005 yr=-0.835 L=14 R=14 OL=14 OR=14 el=14 er=15 ed=-1 dl=14 dr=15 cl=0 cr=0 ok=671 fail=0 vofa=firewater rx=770 txdrop=24983
1775114404.5144742,1775114404514474200,10283298304000,HB,188088,5951.0,1,-1.14,-0.775,15.0,15.0,0.0,14.0,12.0,14.0,12.0,15.0,15.0,0,0,,HB tick=188088 exp_id=268 t_ms=5951 run=1 ts=35.000 as=15.000 ta=0.000 aa=-1.005 se=20.000 so=13.298 ae=1.005 ao=1.106 pwm=13 pc=13 hd=1 y=-1.140 yr=-0.775 L=14 R=12 OL=14 OR=12 el=15 er=15 ed=0 dl=15 dr=15 cl=0 cr=0 ok=672 fail=0 vofa=firewater rx=770 txdrop=24983
1775114404.733121,1775114404733121100,10283516950600,HB,188298,6161.0,1,-1.503,-1.109,15.0,14.0,1.0,15.0,13.0,15.0,13.0,15.0,14.0,0,0,,HB tick=188298 exp_id=268 t_ms=6161 run=1 ts=35.000 as=14.500 ta=0.000 aa=-1.140 se=20.500 so=13.648 ae=1.140 ao=1.233 pwm=14 pc=14 hd=1 y=-1.503 yr=-1.109 L=15 R=13 OL=15 OR=13 el=15 er=14 ed=1 dl=15 dr=14 cl=0 cr=0 ok=673 fail=0 vofa=firewater rx=770 txdrop=24983
1775114404.9297845,1775114404929784600,10283713614200,HB,188503,6366.0,1,-1.552,-0.804,15.0,15.0,0.0,13.0,13.0,13.0,13.0,15.0,15.0,0,0,,HB tick=188503 exp_id=268 t_ms=6366 run=1 ts=35.000 as=15.000 ta=0.000 aa=-1.504 se=20.000 so=13.399 ae=1.504 ao=1.637 pwm=13 pc=13 hd=0 y=-1.552 yr=-0.804 L=13 R=13 OL=13 OR=13 el=15 er=15 ed=0 dl=15 dr=15 cl=0 cr=0 ok=674 fail=0 vofa=firewater rx=770 txdrop=24983
1775114405.1680045,1775114405168004500,10283951834200,HB,188708,6571.0,1,-1.616,-0.632,15.0,15.0,0.0,13.0,13.0,13.0,13.0,15.0,15.0,0,0,,HB tick=188708 exp_id=268 t_ms=6571 run=1 ts=35.000 as=15.000 ta=0.000 aa=-1.553 se=20.000 so=13.448 ae=1.553 ao=1.649 pwm=13 pc=13 hd=0 y=-1.616 yr=-0.632 L=13 R=13 OL=13 OR=13 el=15 er=15 ed=0 dl=15 dr=15 cl=0 cr=0 ok=675 fail=0 vofa=firewater rx=770 txdrop=24983
1775114405.3542113,1775114405354211400,10284138041000,HB,188918,6781.0,1,-1.554,-0.307,15.0,15.0,0.0,13.0,13.0,13.0,13.0,15.0,15.0,0,0,,HB tick=188918 exp_id=268 t_ms=6781 run=1 ts=35.000 as=15.000 ta=0.000 aa=-1.616 se=20.000 so=13.499 ae=1.616 ao=1.692 pwm=13 pc=13 hd=0 y=-1.554 yr=-0.307 L=13 R=13 OL=13 OR=13 el=15 er=15 ed=0 dl=15 dr=15 cl=0 cr=0 ok=676 fail=0 vofa=firewater rx=770 txdrop=24983
1775114405.5829136,1775114405582913600,10284366743400,HB,189124,6986.0,1,-1.673,-0.403,15.0,16.0,-1.0,13.0,13.0,13.0,13.0,15.0,16.0,0,0,,HB tick=189124 exp_id=268 t_ms=6986 run=1 ts=35.000 as=15.500 ta=0.000 aa=-1.554 se=19.500 so=13.249 ae=1.554 ao=1.591 pwm=13 pc=13 hd=0 y=-1.673 yr=-0.403 L=13 R=13 OL=13 OR=13 el=15 er=16 ed=-1 dl=15 dr=16 cl=0 cr=0 ok=677 fail=0 vofa=firewater rx=770 txdrop=24983
1775114405.7799618,1775114405779961800,10284563791400,HB,189344,7207.0,1,-1.493,0.023,15.0,14.0,1.0,14.0,14.0,14.0,14.0,15.0,14.0,0,0,,HB tick=189344 exp_id=268 t_ms=7207 run=1 ts=35.000 as=14.500 ta=0.000 aa=-1.674 se=20.500 so=13.902 ae=1.674 ao=1.722 pwm=14 pc=14 hd=0 y=-1.493 yr=0.023 L=14 R=14 OL=14 OR=14 el=15 er=14 ed=1 dl=15 dr=14 cl=0 cr=0 ok=678 fail=0 vofa=firewater rx=770 txdrop=24983
1775114405.9959025,1775114405995902500,10284779732300,HB,189545,7408.0,1,-1.422,0.139,16.0,16.0,0.0,13.0,13.0,13.0,13.0,16.0,16.0,0,0,,HB tick=189545 exp_id=268 t_ms=7408 run=1 ts=35.000 as=16.000 ta=0.000 aa=-1.494 se=19.000 so=13.050 ae=1.494 ao=1.491 pwm=13 pc=13 hd=0 y=-1.422 yr=0.139 L=13 R=13 OL=13 OR=13 el=16 er=16 ed=0 dl=16 dr=16 cl=0 cr=0 ok=679 fail=0 vofa=firewater rx=770 txdrop=24983
1775114406.203602,1775114406203602200,10284987432000,HB,189749,7612.0,1,-1.471,0.006,15.0,15.0,0.0,15.0,13.0,15.0,13.0,15.0,15.0,0,0,,HB tick=189749 exp_id=268 t_ms=7612 run=1 ts=35.000 as=15.000 ta=0.000 aa=-1.422 se=20.000 so=13.698 ae=1.422 ao=1.406 pwm=14 pc=14 hd=1 y=-1.471 yr=0.006 L=15 R=13 OL=15 OR=13 el=15 er=15 ed=0 dl=15 dr=15 cl=0 cr=0 ok=680 fail=0 vofa=firewater rx=770 txdrop=24983
1775114406.3894875,1775114406389487700,10285173317300,HB,189958,7821.0,1,-1.372,0.169,15.0,15.0,0.0,14.0,14.0,14.0,14.0,15.0,15.0,0,0,,HB tick=189958 exp_id=268 t_ms=7821 run=1 ts=35.000 as=15.000 ta=0.000 aa=-1.472 se=20.000 so=13.748 ae=1.472 ao=1.471 pwm=14 pc=14 hd=0 y=-1.372 yr=0.169 L=14 R=14 OL=14 OR=14 el=15 er=15 ed=0 dl=15 dr=15 cl=0 cr=0 ok=681 fail=0 vofa=firewater rx=770 txdrop=24983
1775114406.5977867,1775114406597786600,10285381616300,HB,190163,8026.0,1,-1.305,0.225,15.0,15.0,0.0,14.0,14.0,14.0,14.0,15.0,15.0,0,0,,HB tick=190163 exp_id=268 t_ms=8026 run=1 ts=35.000 as=15.000 ta=0.000 aa=-1.373 se=20.000 so=13.799 ae=1.373 ao=1.352 pwm=14 pc=14 hd=0 y=-1.305 yr=0.225 L=14 R=14 OL=14 OR=14 el=15 er=15 ed=0 dl=15 dr=15 cl=0 cr=0 ok=682 fail=0 vofa=firewater rx=770 txdrop=24983
1775114406.7941277,1775114406794127600,10285577957200,HB,190368,8231.0,1,-1.089,0.514,15.0,16.0,-1.0,14.0,14.0,14.0,14.0,15.0,16.0,0,0,,HB tick=190368 exp_id=268 t_ms=8231 run=1 ts=35.000 as=15.500 ta=0.000 aa=-1.305 se=19.500 so=13.547 ae=1.305 ao=1.278 pwm=14 pc=14 hd=0 y=-1.089 yr=0.514 L=14 R=14 OL=14 OR=14 el=15 er=16 ed=-1 dl=15 dr=16 cl=0 cr=0 ok=683 fail=0 vofa=firewater rx=770 txdrop=24983
1775114407.0346956,1775114407034695600,10285818525300,HB,190594,8457.0,1,-0.926,0.587,15.0,15.0,0.0,15.0,13.0,15.0,13.0,15.0,15.0,0,0,,HB tick=190594 exp_id=268 t_ms=8457 run=1 ts=35.000 as=15.000 ta=0.000 aa=-1.090 se=20.000 so=13.901 ae=1.090 ao=1.028 pwm=14 pc=14 hd=1 y=-0.926 yr=0.587 L=15 R=13 OL=15 OR=13 el=15 er=15 ed=0 dl=15 dr=15 cl=0 cr=0 ok=684 fail=0 vofa=firewater rx=770 txdrop=24983
1775114407.2513106,1775114407251310600,10286035140100,HB,190795,8658.0,1,-0.89,0.444,15.0,15.0,0.0,14.0,14.0,14.0,14.0,15.0,15.0,0,0,,HB tick=190795 exp_id=268 t_ms=8658 run=1 ts=35.000 as=15.000 ta=0.000 aa=-0.927 se=20.000 so=13.948 ae=0.927 ao=0.856 pwm=14 pc=14 hd=0 y=-0.890 yr=0.444 L=14 R=14 OL=14 OR=14 el=15 er=15 ed=0 dl=15 dr=15 cl=0 cr=0 ok=685 fail=0 vofa=firewater rx=770 txdrop=24983
1775114407.3854637,1775114407385463800,10286169293400,HB,190956,8819.0,1,-0.818,0.446,16.0,16.0,0.0,13.0,13.0,13.0,13.0,16.0,16.0,0,0,,HB tick=190956 exp_id=268 t_ms=8819 run=1 ts=35.000 as=16.000 ta=0.000 aa=-0.891 se=19.000 so=13.387 ae=0.891 ao=0.837 pwm=13 pc=13 hd=0 y=-0.818 yr=0.446 L=13 R=13 OL=13 OR=13 el=16 er=16 ed=0 dl=16 dr=16 cl=0 cr=0 ok=686 fail=0 vofa=firewater rx=770 txdrop=24983
1775114407.625213,1775114407625212800,10286409042700,HB,191188,9051.0,1,-0.732,0.419,16.0,16.0,0.0,13.0,13.0,13.0,13.0,16.0,16.0,0,0,,HB tick=191188 exp_id=268 t_ms=9051 run=1 ts=35.000 as=16.000 ta=0.000 aa=-0.818 se=19.000 so=13.440 ae=0.818 ao=0.764 pwm=13 pc=13 hd=0 y=-0.732 yr=0.419 L=13 R=13 OL=13 OR=13 el=16 er=16 ed=0 dl=16 dr=16 cl=0 cr=0 ok=687 fail=0 vofa=firewater rx=770 txdrop=24983
1775114407.8332634,1775114407833263300,10286617093300,HB,191397,9260.0,1,-0.664,0.387,16.0,15.0,1.0,14.0,14.0,14.0,14.0,16.0,15.0,0,0,,HB tick=191397 exp_id=268 t_ms=9260 run=1 ts=35.000 as=15.500 ta=0.000 aa=-0.732 se=19.500 so=13.790 ae=0.732 ao=0.682 pwm=14 pc=14 hd=0 y=-0.664 yr=0.387 L=14 R=14 OL=14 OR=14 el=16 er=15 ed=1 dl=16 dr=15 cl=0 cr=0 ok=688 fail=0 vofa=firewater rx=770 txdrop=24983
1775114407.9884548,1775114407988454900,10286772284300,HB,191558,9421.0,1,-0.442,0.733,15.0,15.0,0.0,14.0,14.0,14.0,14.0,15.0,15.0,0,0,,HB tick=191558 exp_id=268 t_ms=9421 run=1 ts=35.000 as=15.000 ta=0.000 aa=-0.664 se=20.000 so=14.128 ae=0.664 ao=0.618 pwm=14 pc=14 hd=0 y=-0.442 yr=0.733 L=14 R=14 OL=14 OR=14 el=15 er=15 ed=0 dl=15 dr=15 cl=0 cr=0 ok=689 fail=0 vofa=firewater rx=770 txdrop=24983
1775114408.2168558,1775114408216855700,10287000685400,HB,191791,9654.0,1,-0.24,0.78,16.0,16.0,0.0,14.0,14.0,14.0,14.0,16.0,16.0,0,0,,HB tick=191791 exp_id=268 t_ms=9654 run=1 ts=35.000 as=16.000 ta=0.000 aa=-0.442 se=19.000 so=13.584 ae=0.442 ao=0.354 pwm=14 pc=14 hd=0 y=-0.240 yr=0.780 L=14 R=14 OL=14 OR=14 el=16 er=16 ed=0 dl=16 dr=16 cl=0 cr=0 ok=690 fail=0 vofa=firewater rx=770 txdrop=24983
1775114408.4034894,1775114408403489300,10287187319400,HB,191956,9819.0,1,-0.114,0.775,16.0,16.0,0.0,14.0,14.0,14.0,14.0,16.0,16.0,0,0,,HB tick=191956 exp_id=268 t_ms=9819 run=1 ts=35.000 as=16.000 ta=0.000 aa=-0.241 se=19.000 so=13.621 ae=0.241 ao=0.147 pwm=14 pc=14 hd=0 y=-0.114 yr=0.775 L=14 R=14 OL=14 OR=14 el=16 er=16 ed=0 dl=16 dr=16 cl=0 cr=0 ok=691 fail=0 vofa=firewater rx=770 txdrop=24983
1775114408.6204462,1775114408620446200,10287404276600,HB,192188,10051.0,1,0.098,0.823,16.0,15.0,1.0,14.0,14.0,14.0,14.0,16.0,15.0,0,0,,HB tick=192188 exp_id=268 t_ms=10051 run=1 ts=35.000 as=15.500 ta=0.000 aa=-0.114 se=19.500 so=13.974 ae=0.114 ao=0.021 pwm=14 pc=14 hd=0 y=0.098 yr=0.823 L=14 R=14 OL=14 OR=14 el=16 er=15 ed=1 dl=16 dr=15 cl=0 cr=0 ok=692 fail=0 vofa=firewater rx=770 txdrop=24983
1775114408.880901,1775114408880901200,10287664731300,HB,192397,10260.0,1,0.25,0.789,16.0,16.0,0.0,14.0,14.0,14.0,14.0,16.0,16.0,0,0,,HB tick=192397 exp_id=268 t_ms=10260 run=1 ts=35.000 as=16.000 ta=0.000 aa=0.097 se=19.000 so=13.724 ae=-0.097 ao=-0.196 pwm=14 pc=14 hd=0 y=0.250 yr=0.789 L=14 R=14 OL=14 OR=14 el=16 er=16 ed=0 dl=16 dr=16 cl=0 cr=0 ok=693 fail=0 vofa=firewater rx=770 txdrop=24983
1775114409.0057771,1775114409005777100,10287789606800,HB,192558,10421.0,1,0.277,0.573,15.0,16.0,-1.0,14.0,14.0,14.0,14.0,15.0,16.0,0,0,,HB tick=192558 exp_id=268 t_ms=10421 run=1 ts=35.000 as=15.500 ta=0.000 aa=0.249 se=19.500 so=14.060 ae=-0.249 ao=-0.344 pwm=14 pc=14 hd=0 y=0.277 yr=0.573 L=14 R=14 OL=14 OR=14 el=15 er=16 ed=-1 dl=15 dr=16 cl=0 cr=0 ok=694 fail=0 vofa=firewater rx=770 txdrop=24983
1775114409.2255104,1775114409225510400,10288009340000,HB,192791,10654.0,1,0.203,0.26,16.0,16.0,0.0,14.0,14.0,14.0,14.0,16.0,16.0,0,0,,HB tick=192791 exp_id=268 t_ms=10654 run=1 ts=35.000 as=16.000 ta=0.000 aa=0.277 se=19.000 so=13.815 ae=-0.277 ao=-0.345 pwm=14 pc=14 hd=0 y=0.203 yr=0.260 L=14 R=14 OL=14 OR=14 el=16 er=16 ed=0 dl=16 dr=16 cl=0 cr=0 ok=695 fail=0 vofa=firewater rx=770 txdrop=24983
1775114409.4341683,1775114409434168200,10288217997900,HB,193000,10863.0,1,0.266,0.275,16.0,15.0,1.0,14.0,14.0,14.0,14.0,16.0,15.0,0,0,,HB tick=193000 exp_id=268 t_ms=10863 run=1 ts=35.000 as=15.500 ta=0.000 aa=0.202 se=19.500 so=14.165 ae=-0.202 ao=-0.233 pwm=14 pc=14 hd=0 y=0.266 yr=0.275 L=14 R=14 OL=14 OR=14 el=16 er=15 ed=1 dl=16 dr=15 cl=0 cr=0 ok=696 fail=0 vofa=firewater rx=770 txdrop=24983
1775114409.5991144,1775114409599114600,10288382944200,HB,193160,11023.0,1,0.15,-0.075,17.0,16.0,1.0,14.0,14.0,14.0,14.0,17.0,16.0,0,0,,HB tick=193160 exp_id=268 t_ms=11023 run=1 ts=35.000 as=16.500 ta=0.000 aa=0.265 se=18.500 so=13.601 ae=-0.265 ao=-0.299 pwm=14 pc=14 hd=0 y=0.150 yr=-0.075 L=14 R=14 OL=14 OR=14 el=17 er=16 ed=1 dl=17 dr=16 cl=0 cr=0 ok=697 fail=0 vofa=firewater rx=770 txdrop=24983
1775114409.8704925,1775114409870492300,10288654321900,HB,193409,11272.0,1,0.06,-0.176,16.0,16.0,0.0,14.0,14.0,14.0,14.0,16.0,16.0,0,0,,HB tick=193409 exp_id=268 t_ms=11272 run=1 ts=35.000 as=16.000 ta=0.000 aa=0.149 se=19.000 so=13.955 ae=-0.149 ao=-0.140 pwm=14 pc=14 hd=0 y=0.060 yr=-0.176 L=14 R=14 OL=14 OR=14 el=16 er=16 ed=0 dl=16 dr=16 cl=0 cr=0 ok=698 fail=0 vofa=firewater rx=770 txdrop=24983
1775114409.9951134,1775114409995113500,10288778943100,HB,193565,11428.0,1,0.11,-0.0,15.0,15.0,0.0,15.0,15.0,15.0,15.0,15.0,15.0,0,0,,HB tick=193565 exp_id=268 t_ms=11428 run=1 ts=35.000 as=15.000 ta=0.000 aa=0.059 se=20.000 so=14.592 ae=-0.059 ao=-0.038 pwm=15 pc=15 hd=0 y=0.110 yr=-0.000 L=15 R=15 OL=15 OR=15 el=15 er=15 ed=0 dl=15 dr=15 cl=0 cr=0 ok=699 fail=0 vofa=firewater rx=770 txdrop=24983
1775114410.2237518,1775114410223751600,10289007581500,HB,193798,11661.0,1,-0.033,-0.216,16.0,16.0,0.0,14.0,14.0,14.0,14.0,16.0,16.0,0,0,,HB tick=193798 exp_id=268 t_ms=11661 run=1 ts=35.000 as=16.000 ta=0.000 aa=0.110 se=19.000 so=14.044 ae=-0.110 ao=-0.110 pwm=14 pc=14 hd=0 y=-0.033 yr=-0.216 L=14 R=14 OL=14 OR=14 el=16 er=16 ed=0 dl=16 dr=16 cl=0 cr=0 ok=700 fail=0 vofa=firewater rx=770 txdrop=24983
1775114410.434417,1775114410434416900,10289218246800,HB,194003,11866.0,1,-0.047,-0.165,16.0,16.0,0.0,14.0,14.0,14.0,14.0,16.0,16.0,0,0,,HB tick=194003 exp_id=268 t_ms=11866 run=1 ts=35.000 as=16.000 ta=0.000 aa=-0.034 se=19.000 so=14.091 ae=0.034 ao=0.060 pwm=14 pc=14 hd=0 y=-0.047 yr=-0.165 L=14 R=14 OL=14 OR=14 el=16 er=16 ed=0 dl=16 dr=16 cl=0 cr=0 ok=701 fail=0 vofa=firewater rx=770 txdrop=24983
1775114410.5897803,1775114410589780300,10289373610100,HB,194164,12027.0,1,-0.164,-0.36,16.0,15.0,1.0,14.0,14.0,14.0,14.0,16.0,15.0,0,0,,HB tick=194164 exp_id=268 t_ms=12027 run=1 ts=35.000 as=15.500 ta=0.000 aa=-0.048 se=19.500 so=14.428 ae=0.048 ao=0.068 pwm=14 pc=14 hd=0 y=-0.164 yr=-0.360 L=14 R=14 OL=14 OR=14 el=16 er=15 ed=1 dl=16 dr=15 cl=0 cr=0 ok=702 fail=0 vofa=firewater rx=770 txdrop=24983
1775114410.8385568,1775114410838556700,10289622386600,HB,194397,12260.0,1,-0.054,-0.069,16.0,16.0,0.0,14.0,14.0,14.0,14.0,16.0,16.0,0,0,,HB tick=194397 exp_id=268 t_ms=12260 run=1 ts=35.000 as=16.000 ta=0.000 aa=-0.164 se=19.000 so=14.181 ae=0.164 ao=0.208 pwm=14 pc=14 hd=0 y=-0.054 yr=-0.069 L=14 R=14 OL=14 OR=14 el=16 er=16 ed=0 dl=16 dr=16 cl=0 cr=0 ok=703 fail=0 vofa=firewater rx=770 txdrop=24983
1775114411.0365114,1775114411036511500,10289820341100,HB,194602,12465.0,1,-0.097,-0.117,16.0,16.0,0.0,14.0,14.0,14.0,14.0,16.0,16.0,0,0,,HB tick=194602 exp_id=268 t_ms=12465 run=1 ts=35.000 as=16.000 ta=0.000 aa=-0.055 se=19.000 so=14.227 ae=0.055 ao=0.063 pwm=14 pc=14 hd=0 y=-0.097 yr=-0.117 L=14 R=14 OL=14 OR=14 el=16 er=16 ed=0 dl=16 dr=16 cl=0 cr=0 ok=704 fail=0 vofa=firewater rx=770 txdrop=24983
1775114411.234706,1775114411234705800,10290018535500,HB,194807,12670.0,1,-0.089,-0.064,16.0,16.0,0.0,14.0,14.0,14.0,14.0,16.0,16.0,0,0,,HB tick=194807 exp_id=268 t_ms=12670 run=1 ts=35.000 as=16.000 ta=0.000 aa=-0.097 se=19.000 so=14.272 ae=0.097 ao=0.111 pwm=14 pc=14 hd=0 y=-0.089 yr=-0.064 L=14 R=14 OL=14 OR=14 el=16 er=16 ed=0 dl=16 dr=16 cl=0 cr=0 ok=705 fail=0 vofa=firewater rx=770 txdrop=24983
1775114411.4104764,1775114411410476600,10290194306600,HB,194972,12835.0,1,0.016,0.182,16.0,17.0,-1.0,14.0,14.0,14.0,14.0,16.0,17.0,0,0,,HB tick=194972 exp_id=268 t_ms=12835 run=1 ts=35.000 as=16.500 ta=0.000 aa=-0.090 se=18.500 so=14.011 ae=0.090 ao=0.098 pwm=14 pc=14 hd=0 y=0.016 yr=0.182 L=14 R=14 OL=14 OR=14 el=16 er=17 ed=-1 dl=16 dr=17 cl=0 cr=0 ok=706 fail=0 vofa=firewater rx=770 txdrop=24983
1775114411.6476896,1775114411647689400,10290431519400,HB,195205,13068.0,1,-0.1,-0.057,17.0,16.0,1.0,14.0,14.0,14.0,14.0,17.0,16.0,0,0,,HB tick=195205 exp_id=268 t_ms=13068 run=1 ts=35.000 as=16.500 ta=0.000 aa=0.015 se=18.500 so=14.063 ae=-0.015 ao=-0.037 pwm=14 pc=14 hd=0 y=-0.100 yr=-0.057 L=14 R=14 OL=14 OR=14 el=17 er=16 ed=1 dl=17 dr=16 cl=0 cr=0 ok=707 fail=0 vofa=firewater rx=770 txdrop=24983
1775114411.8456912,1775114411845691100,10290629520700,HB,195410,13273.0,1,-0.06,0.033,16.0,15.0,1.0,14.0,14.0,14.0,14.0,16.0,15.0,0,0,,HB tick=195410 exp_id=268 t_ms=13273 run=1 ts=35.000 as=15.500 ta=0.000 aa=-0.101 se=19.500 so=14.710 ae=0.101 ao=0.108 pwm=14 pc=14 hd=0 y=-0.060 yr=0.033 L=14 R=14 OL=14 OR=14 el=16 er=15 ed=1 dl=16 dr=15 cl=0 cr=0 ok=708 fail=0 vofa=firewater rx=770 txdrop=24983
1775114412.0532935,1775114412053293500,10290837123000,HB,195619,13482.0,1,-0.021,0.085,16.0,16.0,0.0,14.0,14.0,14.0,14.0,16.0,16.0,0,0,,HB tick=195619 exp_id=268 t_ms=13482 run=1 ts=35.000 as=16.000 ta=0.000 aa=-0.060 se=19.000 so=14.456 ae=0.060 ao=0.056 pwm=14 pc=14 hd=0 y=-0.021 yr=0.085 L=14 R=14 OL=14 OR=14 el=16 er=16 ed=0 dl=16 dr=16 cl=0 cr=0 ok=709 fail=0 vofa=firewater rx=770 txdrop=24983
1775114412.2497344,1775114412249734500,10291033564400,HB,195823,13686.0,1,-0.119,-0.113,16.0,16.0,0.0,15.0,15.0,15.0,15.0,16.0,16.0,0,0,,HB tick=195823 exp_id=268 t_ms=13686 run=1 ts=35.000 as=16.000 ta=0.000 aa=-0.022 se=19.000 so=14.502 ae=0.022 ao=0.012 pwm=15 pc=15 hd=0 y=-0.119 yr=-0.113 L=15 R=15 OL=15 OR=15 el=16 er=16 ed=0 dl=16 dr=16 cl=0 cr=0 ok=710 fail=0 vofa=firewater rx=770 txdrop=24983
1775114412.4356072,1775114412435607400,10291219437000,HB,195984,13847.0,1,-0.06,0.056,17.0,16.0,1.0,14.0,14.0,14.0,14.0,17.0,16.0,0,0,,HB tick=195984 exp_id=268 t_ms=13847 run=1 ts=35.000 as=16.500 ta=0.000 aa=-0.120 se=18.500 so=14.237 ae=0.120 ao=0.133 pwm=14 pc=14 hd=0 y=-0.060 yr=0.056 L=14 R=14 OL=14 OR=14 el=17 er=16 ed=1 dl=17 dr=16 cl=0 cr=0 ok=711 fail=0 vofa=firewater rx=770 txdrop=24983
1775114412.6439133,1775114412643913300,10291427743300,HB,196216,14079.0,1,-0.118,-0.051,16.0,17.0,-1.0,14.0,14.0,14.0,14.0,16.0,17.0,0,0,,HB tick=196216 exp_id=268 t_ms=14079 run=1 ts=35.000 as=16.500 ta=0.000 aa=-0.061 se=18.500 so=14.289 ae=0.061 ao=0.054 pwm=14 pc=14 hd=0 y=-0.118 yr=-0.051 L=14 R=14 OL=14 OR=14 el=16 er=17 ed=-1 dl=16 dr=17 cl=0 cr=0 ok=712 fail=0 vofa=firewater rx=770 txdrop=24983
1775114412.8504937,1775114412850493800,10291634323400,HB,196422,14285.0,1,-0.158,-0.102,16.0,17.0,-1.0,14.0,14.0,14.0,14.0,16.0,17.0,0,0,,HB tick=196422 exp_id=268 t_ms=14285 run=1 ts=35.000 as=16.500 ta=0.000 aa=-0.118 se=18.500 so=14.335 ae=0.118 ao=0.125 pwm=14 pc=14 hd=0 y=-0.158 yr=-0.102 L=14 R=14 OL=14 OR=14 el=16 er=17 ed=-1 dl=16 dr=17 cl=0 cr=0 ok=713 fail=0 vofa=firewater rx=770 txdrop=24983
1775114413.057877,1775114413057877000,10291841706600,HB,196626,14489.0,1,-0.256,-0.234,17.0,17.0,0.0,14.0,14.0,14.0,14.0,17.0,17.0,0,0,,HB tick=196626 exp_id=268 t_ms=14489 run=1 ts=35.000 as=17.000 ta=0.000 aa=-0.159 se=18.000 so=14.079 ae=0.159 ao=0.171 pwm=14 pc=14 hd=0 y=-0.256 yr=-0.234 L=14 R=14 OL=14 OR=14 el=17 er=17 ed=0 dl=17 dr=17 cl=0 cr=0 ok=714 fail=0 vofa=firewater rx=770 txdrop=24983
1775114413.2648458,1775114413264845700,10292048675300,HB,196835,14698.0,1,-0.367,-0.337,17.0,17.0,0.0,14.0,14.0,14.0,14.0,17.0,17.0,0,0,,HB tick=196835 exp_id=268 t_ms=14698 run=1 ts=35.000 as=17.000 ta=0.000 aa=-0.257 se=18.000 so=14.127 ae=0.257 ao=0.285 pwm=14 pc=14 hd=0 y=-0.367 yr=-0.337 L=14 R=14 OL=14 OR=14 el=17 er=17 ed=0 dl=17 dr=17 cl=0 cr=0 ok=715 fail=0 vofa=firewater rx=770 txdrop=24983
1775114413.4714944,1775114413471494400,10292255324700,HB,197040,14903.0,1,-0.535,-0.507,17.0,16.0,1.0,14.0,14.0,14.0,14.0,17.0,16.0,0,0,,HB tick=197040 exp_id=268 t_ms=14903 run=1 ts=35.000 as=16.500 ta=0.000 aa=-0.367 se=18.500 so=14.473 ae=0.367 ao=0.408 pwm=14 pc=14 hd=0 y=-0.535 yr=-0.507 L=14 R=14 OL=14 OR=14 el=17 er=16 ed=1 dl=17 dr=16 cl=0 cr=0 ok=716 fail=0 vofa=firewater rx=770 txdrop=24983
1775114413.678387,1775114413678387000,10292462216900,HB,197245,15108.0,1,-0.822,-0.819,16.0,16.0,0.0,15.0,15.0,15.0,15.0,16.0,16.0,0,0,,HB tick=197245 exp_id=268 t_ms=15108 run=1 ts=35.000 as=16.000 ta=0.000 aa=-0.536 se=19.000 so=14.818 ae=0.536 ao=0.597 pwm=15 pc=15 hd=0 y=-0.822 yr=-0.819 L=15 R=15 OL=15 OR=15 el=16 er=16 ed=0 dl=16 dr=16 cl=0 cr=0 ok=717 fail=0 vofa=firewater rx=770 txdrop=24983
1775114413.8851042,1775114413885104200,10292668934000,HB,197455,15318.0,1,-0.724,-0.369,16.0,16.0,0.0,16.0,14.0,16.0,14.0,16.0,16.0,0,0,,HB tick=197455 exp_id=268 t_ms=15318 run=1 ts=35.000 as=16.000 ta=0.000 aa=-0.822 se=19.000 so=14.865 ae=0.822 ao=0.921 pwm=15 pc=15 hd=1 y=-0.724 yr=-0.369 L=16 R=14 OL=16 OR=14 el=16 er=16 ed=0 dl=16 dr=16 cl=0 cr=0 ok=718 fail=0 vofa=firewater rx=770 txdrop=24983
1775114414.113165,1775114414113164800,10292896994400,HB,197660,15523.0,1,-0.702,-0.203,16.0,16.0,0.0,14.0,14.0,14.0,14.0,16.0,16.0,0,0,,HB tick=197660 exp_id=268 t_ms=15523 run=1 ts=35.000 as=16.000 ta=0.000 aa=-0.724 se=19.000 so=14.911 ae=0.724 ao=0.769 pwm=14 pc=14 hd=0 y=-0.702 yr=-0.203 L=14 R=14 OL=14 OR=14 el=16 er=16 ed=0 dl=16 dr=16 cl=0 cr=0 ok=719 fail=0 vofa=firewater rx=770 txdrop=24983
1775114414.2684622,1775114414268462200,10293052291900,HB,197821,15684.0,1,-0.725,-0.182,17.0,17.0,0.0,15.0,15.0,15.0,15.0,17.0,17.0,0,0,,HB tick=197821 exp_id=268 t_ms=15684 run=1 ts=35.000 as=17.000 ta=0.000 aa=-0.703 se=18.000 so=14.346 ae=0.703 ao=0.727 pwm=15 pc=15 hd=0 y=-0.725 yr=-0.182 L=15 R=15 OL=15 OR=15 el=17 er=17 ed=0 dl=17 dr=17 cl=0 cr=0 ok=720 fail=0 vofa=firewater rx=770 txdrop=24983
1775114414.4960601,1775114414496060200,10293279890200,HB,198053,15916.0,1,-0.693,-0.07,17.0,16.0,1.0,15.0,15.0,15.0,15.0,17.0,16.0,0,0,,HB tick=198053 exp_id=268 t_ms=15916 run=1 ts=35.000 as=16.500 ta=0.000 aa=-0.726 se=18.500 so=14.697 ae=0.726 ao=0.748 pwm=15 pc=15 hd=0 y=-0.693 yr=-0.070 L=15 R=15 OL=15 OR=15 el=17 er=16 ed=1 dl=17 dr=16 cl=0 cr=0 ok=721 fail=0 vofa=firewater rx=770 txdrop=24983
1775114414.6836195,1775114414683619600,10293467449500,HB,198258,16121.0,1,-0.753,-0.147,17.0,17.0,0.0,14.0,14.0,14.0,14.0,17.0,17.0,0,0,,HB tick=198258 exp_id=268 t_ms=16121 run=1 ts=35.000 as=17.000 ta=0.000 aa=-0.694 se=18.000 so=14.441 ae=0.694 ao=0.702 pwm=14 pc=14 hd=0 y=-0.753 yr=-0.147 L=14 R=14 OL=14 OR=14 el=17 er=17 ed=0 dl=17 dr=17 cl=0 cr=0 ok=722 fail=0 vofa=firewater rx=770 txdrop=24983
1775114414.890501,1775114414890501100,10293674330700,HB,198463,16326.0,1,-0.76,-0.109,17.0,16.0,1.0,15.0,15.0,15.0,15.0,17.0,16.0,0,0,,HB tick=198463 exp_id=268 t_ms=16326 run=1 ts=35.000 as=16.500 ta=0.000 aa=-0.753 se=18.500 so=14.787 ae=0.753 ao=0.771 pwm=15 pc=15 hd=0 y=-0.760 yr=-0.109 L=15 R=15 OL=15 OR=15 el=17 er=16 ed=1 dl=17 dr=16 cl=0 cr=0 ok=723 fail=0 vofa=firewater rx=770 txdrop=24983
1775114415.0988736,1775114415098873500,10293882703200,HB,198668,16531.0,1,-0.831,-0.192,17.0,17.0,0.0,15.0,15.0,15.0,15.0,17.0,17.0,0,0,,HB tick=198668 exp_id=268 t_ms=16531 run=1 ts=35.000 as=17.000 ta=0.000 aa=-0.761 se=18.000 so=14.530 ae=0.761 ao=0.774 pwm=15 pc=15 hd=0 y=-0.831 yr=-0.192 L=15 R=15 OL=15 OR=15 el=17 er=17 ed=0 dl=17 dr=17 cl=0 cr=0 ok=724 fail=0 vofa=firewater rx=770 txdrop=24983
1775114415.3283114,1775114415328311500,10294112141200,HB,198877,16740.0,1,-0.804,-0.079,17.0,16.0,1.0,15.0,15.0,15.0,15.0,17.0,16.0,0,0,,HB tick=198877 exp_id=268 t_ms=16740 run=1 ts=35.000 as=16.500 ta=0.000 aa=-0.832 se=18.500 so=14.876 ae=0.832 ao=0.855 pwm=15 pc=15 hd=0 y=-0.804 yr=-0.079 L=15 R=15 OL=15 OR=15 el=17 er=16 ed=1 dl=17 dr=16 cl=0 cr=0 ok=725 fail=0 vofa=firewater rx=770 txdrop=24983
1775114415.5156178,1775114415515617800,10294299447700,HB,199082,16945.0,1,-0.738,0.061,17.0,17.0,0.0,15.0,15.0,15.0,15.0,17.0,17.0,0,0,,HB tick=199082 exp_id=268 t_ms=16945 run=1 ts=35.000 as=17.000 ta=0.000 aa=-0.805 se=18.000 so=14.621 ae=0.805 ao=0.814 pwm=15 pc=15 hd=0 y=-0.738 yr=0.061 L=15 R=15 OL=15 OR=15 el=17 er=17 ed=0 dl=17 dr=17 cl=0 cr=0 ok=726 fail=0 vofa=firewater rx=770 txdrop=24983
1775114415.7429755,1775114415742975400,10294526805100,HB,199287,17150.0,1,-0.75,0.019,16.0,17.0,-1.0,15.0,15.0,15.0,15.0,16.0,17.0,0,0,,HB tick=199287 exp_id=268 t_ms=17150 run=1 ts=35.000 as=16.500 ta=0.000 aa=-0.739 se=18.500 so=14.964 ae=0.739 ao=0.731 pwm=15 pc=15 hd=0 y=-0.750 yr=0.019 L=15 R=15 OL=15 OR=15 el=16 er=17 ed=-1 dl=16 dr=17 cl=0 cr=0 ok=727 fail=0 vofa=firewater rx=770 txdrop=24983
1775114415.909017,1775114415909017000,10294692846800,HB,199452,17315.0,1,-0.511,0.52,17.0,17.0,0.0,15.0,15.0,15.0,15.0,17.0,17.0,0,0,,HB tick=199452 exp_id=268 t_ms=17315 run=1 ts=35.000 as=17.000 ta=0.000 aa=-0.751 se=18.000 so=14.701 ae=0.751 ao=0.748 pwm=15 pc=15 hd=0 y=-0.511 yr=0.520 L=15 R=15 OL=15 OR=15 el=17 er=17 ed=0 dl=17 dr=17 cl=0 cr=0 ok=728 fail=0 vofa=firewater rx=770 txdrop=24983
1775114416.1176407,1775114416117640600,10294901470100,HB,199684,17547.0,1,-0.367,0.555,17.0,17.0,0.0,15.0,15.0,15.0,15.0,17.0,17.0,0,0,,HB tick=199684 exp_id=268 t_ms=17547 run=1 ts=35.000 as=17.000 ta=0.000 aa=-0.511 se=18.000 so=14.750 ae=0.511 ao=0.449 pwm=15 pc=15 hd=0 y=-0.367 yr=0.555 L=15 R=15 OL=15 OR=15 el=17 er=17 ed=0 dl=17 dr=17 cl=0 cr=0 ok=729 fail=0 vofa=firewater rx=770 txdrop=24983
1775114416.3249464,1775114416324946500,10295108776000,HB,199894,17757.0,1,-0.147,0.728,17.0,18.0,-1.0,14.0,14.0,14.0,14.0,17.0,18.0,0,0,,HB tick=199894 exp_id=268 t_ms=17757 run=1 ts=35.000 as=17.500 ta=0.000 aa=-0.368 se=17.500 so=14.495 ae=0.368 ao=0.301 pwm=14 pc=14 hd=0 y=-0.147 yr=0.728 L=14 R=14 OL=14 OR=14 el=17 er=18 ed=-1 dl=17 dr=18 cl=0 cr=0 ok=730 fail=0 vofa=firewater rx=770 txdrop=24983
1775114416.5439324,1775114416543932500,10295327762000,HB,200115,17978.0,1,0.186,1.0,18.0,17.0,1.0,15.0,15.0,15.0,15.0,18.0,17.0,0,0,,HB tick=200115 exp_id=268 t_ms=17978 run=1 ts=35.000 as=17.500 ta=0.000 aa=-0.148 se=17.500 so=14.542 ae=0.148 ao=0.060 pwm=15 pc=15 hd=0 y=0.186 yr=1.000 L=15 R=15 OL=15 OR=15 el=18 er=17 ed=1 dl=18 dr=17 cl=0 cr=0 ok=731 fail=0 vofa=firewater rx=770 txdrop=24983
1775114416.7004406,1775114416700440600,10295484270300,HB,200271,18134.0,1,0.221,0.73,18.0,17.0,1.0,15.0,15.0,15.0,15.0,18.0,17.0,0,0,,HB tick=200271 exp_id=268 t_ms=18134 run=1 ts=35.000 as=17.500 ta=0.000 aa=0.185 se=17.500 so=14.576 ae=-0.185 ao=-0.305 pwm=15 pc=15 hd=0 y=0.221 yr=0.730 L=15 R=15 OL=15 OR=15 el=18 er=17 ed=1 dl=18 dr=17 cl=0 cr=0 ok=732 fail=0 vofa=firewater rx=770 txdrop=24983
1775114416.9712229,1775114416971222900,10295755053000,HB,200504,18367.0,1,0.378,0.709,17.0,18.0,-1.0,15.0,15.0,15.0,15.0,17.0,18.0,0,0,,HB tick=200504 exp_id=268 t_ms=18367 run=1 ts=35.000 as=17.500 ta=0.000 aa=0.221 se=17.500 so=14.625 ae=-0.221 ao=-0.309 pwm=15 pc=15 hd=0 y=0.378 yr=0.709 L=15 R=15 OL=15 OR=15 el=17 er=18 ed=-1 dl=17 dr=18 cl=0 cr=0 ok=733 fail=0 vofa=firewater rx=770 txdrop=24983
1775114417.0957706,1775114417095770700,10295879600300,HB,200669,18532.0,1,0.447,0.607,17.0,17.0,0.0,15.0,15.0,15.0,15.0,17.0,17.0,0,0,,HB tick=200669 exp_id=268 t_ms=18532 run=1 ts=35.000 as=17.000 ta=0.000 aa=0.377 se=18.000 so=14.960 ae=-0.377 ao=-0.462 pwm=15 pc=15 hd=0 y=0.447 yr=0.607 L=15 R=15 OL=15 OR=15 el=17 er=17 ed=0 dl=17 dr=17 cl=0 cr=0 ok=734 fail=0 vofa=firewater rx=770 txdrop=24983
1775114417.354424,1775114417354424100,10296138253700,HB,200902,18765.0,1,0.336,0.228,18.0,17.0,1.0,15.0,15.0,15.0,15.0,18.0,17.0,0,0,,HB tick=200902 exp_id=268 t_ms=18765 run=1 ts=35.000 as=17.500 ta=0.000 aa=0.446 se=17.500 so=14.711 ae=-0.446 ao=-0.519 pwm=15 pc=15 hd=0 y=0.336 yr=0.228 L=15 R=15 OL=15 OR=15 el=18 er=17 ed=1 dl=18 dr=17 cl=0 cr=0 ok=735 fail=0 vofa=firewater rx=770 txdrop=24983
1775114417.5404253,1775114417540425100,10296324255000,HB,201107,18970.0,1,0.395,0.25,16.0,17.0,-1.0,15.0,15.0,15.0,15.0,16.0,17.0,0,0,,HB tick=201107 exp_id=268 t_ms=18970 run=1 ts=35.000 as=16.500 ta=0.000 aa=0.335 se=18.500 so=15.353 ae=-0.335 ao=-0.363 pwm=15 pc=15 hd=0 y=0.395 yr=0.250 L=15 R=15 OL=15 OR=15 el=16 er=17 ed=-1 dl=16 dr=17 cl=0 cr=0 ok=736 fail=0 vofa=firewater rx=770 txdrop=24983
1775114417.7478256,1775114417747825700,10296531655300,HB,201316,19179.0,1,0.392,0.157,17.0,18.0,-1.0,15.0,15.0,15.0,15.0,17.0,18.0,0,0,,HB tick=201316 exp_id=268 t_ms=19179 run=1 ts=35.000 as=17.500 ta=0.000 aa=0.395 se=17.500 so=14.799 ae=-0.395 ao=-0.425 pwm=15 pc=15 hd=0 y=0.392 yr=0.157 L=15 R=15 OL=15 OR=15 el=17 er=18 ed=-1 dl=17 dr=18 cl=0 cr=0 ok=737 fail=0 vofa=firewater rx=770 txdrop=24983
1775114417.9543285,1775114417954328700,10296738158500,HB,201521,19384.0,1,0.26,-0.125,17.0,17.0,0.0,15.0,15.0,15.0,15.0,17.0,17.0,0,0,,HB tick=201521 exp_id=268 t_ms=19384 run=1 ts=35.000 as=17.000 ta=0.000 aa=0.392 se=18.000 so=15.143 ae=-0.392 ao=-0.411 pwm=15 pc=15 hd=0 y=0.260 yr=-0.125 L=15 R=15 OL=15 OR=15 el=17 er=17 ed=0 dl=17 dr=17 cl=0 cr=0 ok=738 fail=0 vofa=firewater rx=770 txdrop=24983
1775114418.151021,1775114418151021100,10296934850800,HB,201726,19589.0,1,0.27,-0.063,17.0,18.0,-1.0,15.0,15.0,15.0,15.0,17.0,18.0,0,0,,HB tick=201726 exp_id=268 t_ms=19589 run=1 ts=35.000 as=17.500 ta=0.000 aa=0.259 se=17.500 so=14.885 ae=-0.259 ao=-0.244 pwm=15 pc=15 hd=0 y=0.270 yr=-0.063 L=15 R=15 OL=15 OR=15 el=17 er=18 ed=-1 dl=17 dr=18 cl=0 cr=0 ok=739 fail=0 vofa=firewater rx=770 txdrop=24983
1775114418.3154263,1775114418315426400,10297099256100,HB,201891,19754.0,1,0.074,-0.458,17.0,17.0,0.0,15.0,15.0,15.0,15.0,17.0,17.0,0,0,,HB tick=201891 exp_id=268 t_ms=19754 run=1 ts=35.000 as=17.000 ta=0.000 aa=0.270 se=18.000 so=15.222 ae=-0.270 ao=-0.262 pwm=15 pc=15 hd=0 y=0.074 yr=-0.458 L=15 R=15 OL=15 OR=15 el=17 er=17 ed=0 dl=17 dr=17 cl=0 cr=0 ok=740 fail=0 vofa=firewater rx=770 txdrop=24983
1775114418.5548418,1775114418554841900,10297338671400,HB,202124,19987.0,1,-0.031,-0.455,17.0,18.0,-1.0,15.0,15.0,15.0,15.0,17.0,18.0,0,0,,HB tick=202124 exp_id=268 t_ms=19987 run=1 ts=35.000 as=17.500 ta=0.000 aa=0.073 se=17.500 so=14.970 ae=-0.073 ao=-0.018 pwm=15 pc=15 hd=0 y=-0.031 yr=-0.455 L=15 R=15 OL=15 OR=15 el=17 er=18 ed=-1 dl=17 dr=18 cl=0 cr=0 ok=741 fail=0 vofa=firewater rx=770 txdrop=24983
1775114418.732715,1775114418732715100,10297516544800,HB,202289,20152.0,1,-0.272,-0.808,17.0,18.0,-1.0,15.0,15.0,15.0,15.0,17.0,18.0,0,0,,HB tick=202289 exp_id=268 t_ms=20152 run=1 ts=35.000 as=17.500 ta=0.000 aa=-0.032 se=17.500 so=15.004 ae=0.032 ao=0.086 pwm=15 pc=15 hd=0 y=-0.272 yr=-0.808 L=15 R=15 OL=15 OR=15 el=17 er=18 ed=-1 dl=17 dr=18 cl=0 cr=0 ok=742 fail=0 vofa=firewater rx=770 txdrop=24983
1775114418.9610875,1775114418961087400,10297744917300,HB,202521,20384.0,1,-0.285,-0.543,17.0,17.0,0.0,15.0,15.0,15.0,15.0,17.0,17.0,0,0,,HB tick=202521 exp_id=268 t_ms=20384 run=1 ts=35.000 as=17.000 ta=0.000 aa=-0.273 se=18.000 so=15.355 ae=0.273 ao=0.370 pwm=15 pc=15 hd=0 y=-0.285 yr=-0.543 L=15 R=15 OL=15 OR=15 el=17 er=17 ed=0 dl=17 dr=17 cl=0 cr=0 ok=743 fail=0 vofa=firewater rx=770 txdrop=24983
1775114419.1585028,1775114419158502800,10297942332500,HB,202726,20589.0,1,-0.248,-0.291,18.0,18.0,0.0,15.0,15.0,15.0,15.0,18.0,18.0,0,0,,HB tick=202726 exp_id=268 t_ms=20589 run=1 ts=35.000 as=18.000 ta=0.000 aa=-0.285 se=17.000 so=14.797 ae=0.285 ao=0.350 pwm=15 pc=15 hd=0 y=-0.248 yr=-0.291 L=15 R=15 OL=15 OR=15 el=18 er=18 ed=0 dl=18 dr=18 cl=0 cr=0 ok=744 fail=0 vofa=firewater rx=770 txdrop=24983
1775114419.3868513,1775114419386851400,10298170680900,HB,202936,20799.0,1,-0.385,-0.416,17.0,18.0,-1.0,15.0,15.0,15.0,15.0,17.0,18.0,0,0,,HB tick=202936 exp_id=268 t_ms=20799 run=1 ts=35.000 as=17.500 ta=0.000 aa=-0.249 se=17.500 so=15.141 ae=0.249 ao=0.284 pwm=15 pc=15 hd=0 y=-0.385 yr=-0.416 L=15 R=15 OL=15 OR=15 el=17 er=18 ed=-1 dl=17 dr=18 cl=0 cr=0 ok=745 fail=0 vofa=firewater rx=770 txdrop=24983
1775114419.5723445,1775114419572344700,10298356174400,HB,203141,21003.0,1,-0.372,-0.248,17.0,17.0,0.0,15.0,15.0,15.0,15.0,17.0,17.0,0,0,,HB tick=203141 exp_id=268 t_ms=21003 run=1 ts=35.000 as=17.000 ta=0.000 aa=-0.385 se=18.000 so=15.486 ae=0.385 ao=0.435 pwm=15 pc=15 hd=0 y=-0.372 yr=-0.248 L=15 R=15 OL=15 OR=15 el=17 er=17 ed=0 dl=17 dr=17 cl=0 cr=0 ok=746 fail=0 vofa=firewater rx=770 txdrop=24983
1775114419.7896917,1775114419789691700,10298573521200,HB,203346,21209.0,1,-0.358,-0.138,18.0,17.0,1.0,15.0,15.0,15.0,15.0,18.0,17.0,0,0,,HB tick=203346 exp_id=268 t_ms=21209 run=1 ts=35.000 as=17.500 ta=0.000 aa=-0.372 se=17.500 so=15.228 ae=0.372 ao=0.402 pwm=15 pc=15 hd=0 y=-0.358 yr=-0.138 L=15 R=15 OL=15 OR=15 el=18 er=17 ed=1 dl=18 dr=17 cl=0 cr=0 ok=747 fail=0 vofa=firewater rx=770 txdrop=24983
1775114419.9362202,1775114419936220100,10298720049600,HB,203511,21374.0,1,-0.399,-0.177,18.0,17.0,1.0,15.0,15.0,15.0,15.0,18.0,17.0,0,0,,HB tick=203511 exp_id=268 t_ms=21374 run=1 ts=35.000 as=17.500 ta=0.000 aa=-0.358 se=17.500 so=15.263 ae=0.358 ao=0.375 pwm=15 pc=15 hd=0 y=-0.399 yr=-0.177 L=15 R=15 OL=15 OR=15 el=18 er=17 ed=1 dl=18 dr=17 cl=0 cr=0 ok=748 fail=0 vofa=firewater rx=770 txdrop=24983
1775114420.1742153,1775114420174215400,10298958045400,HB,203743,21606.0,1,-0.209,0.17,17.0,18.0,-1.0,15.0,15.0,15.0,15.0,17.0,18.0,0,0,,HB tick=203743 exp_id=268 t_ms=21606 run=1 ts=35.000 as=17.500 ta=0.000 aa=-0.400 se=17.500 so=15.300 ae=0.400 ao=0.421 pwm=15 pc=15 hd=0 y=-0.209 yr=0.170 L=15 R=15 OL=15 OR=15 el=17 er=18 ed=-1 dl=17 dr=18 cl=0 cr=0 ok=749 fail=0 vofa=firewater rx=770 txdrop=24983
1775114420.3807616,1775114420380761500,10299164591400,HB,203952,21815.0,1,-0.251,0.041,18.0,17.0,1.0,15.0,15.0,15.0,15.0,18.0,17.0,0,0,,HB tick=203952 exp_id=268 t_ms=21815 run=1 ts=35.000 as=17.500 ta=0.000 aa=-0.210 se=17.500 so=15.300 ae=0.210 ao=0.189 pwm=15 pc=15 hd=0 y=-0.251 yr=0.041 L=15 R=15 OL=15 OR=15 el=18 er=17 ed=1 dl=18 dr=17 cl=0 cr=0 ok=750 fail=0 vofa=firewater rx=770 txdrop=24983
1775114420.588275,1775114420588275000,10299372104900,HB,204157,22020.0,1,-0.219,0.08,17.0,17.0,0.0,16.0,16.0,16.0,16.0,17.0,17.0,0,0,,HB tick=204157 exp_id=268 t_ms=22020 run=1 ts=35.000 as=17.000 ta=0.000 aa=-0.251 se=18.000 so=15.600 ae=0.251 ao=0.246 pwm=16 pc=16 hd=0 y=-0.219 yr=0.080 L=16 R=16 OL=16 OR=16 el=17 er=17 ed=0 dl=17 dr=17 cl=0 cr=0 ok=751 fail=0 vofa=firewater rx=770 txdrop=24983
1775114420.8272917,1775114420827291700,10299611121400,HB,204362,22225.0,1,0.01,0.443,18.0,19.0,-1.0,15.0,15.0,15.0,15.0,18.0,19.0,0,0,,HB tick=204362 exp_id=268 t_ms=22225 run=1 ts=35.000 as=18.500 ta=0.000 aa=-0.220 se=16.500 so=14.700 ae=0.220 ao=0.210 pwm=15 pc=15 hd=0 y=0.010 yr=0.443 L=15 R=15 OL=15 OR=15 el=18 er=19 ed=-1 dl=18 dr=19 cl=0 cr=0 ok=752 fail=0 vofa=firewater rx=770 txdrop=24983
1775114421.0036545,1775114421003654400,10299787484000,HB,204572,22435.0,1,0.019,0.304,18.0,18.0,0.0,15.0,15.0,15.0,15.0,18.0,18.0,0,0,,HB tick=204572 exp_id=268 t_ms=22435 run=1 ts=35.000 as=18.000 ta=0.000 aa=0.009 se=17.000 so=15.000 ae=-0.009 ao=-0.062 pwm=15 pc=15 hd=0 y=0.019 yr=0.304 L=15 R=15 OL=15 OR=15 el=18 er=18 ed=0 dl=18 dr=18 cl=0 cr=0 ok=753 fail=0 vofa=firewater rx=770 txdrop=24983
1775114421.2210186,1775114421221018600,10300004848400,HB,204777,22640.0,1,0.193,0.494,17.0,17.0,0.0,16.0,16.0,16.0,16.0,17.0,17.0,0,0,,HB tick=204777 exp_id=268 t_ms=22640 run=1 ts=35.000 as=17.000 ta=0.000 aa=0.019 se=18.000 so=15.600 ae=-0.019 ao=-0.055 pwm=16 pc=16 hd=0 y=0.193 yr=0.494 L=16 R=16 OL=16 OR=16 el=17 er=17 ed=0 dl=17 dr=17 cl=0 cr=0 ok=754 fail=0 vofa=firewater rx=770 txdrop=24983
1775114421.3651733,1775114421365173200,10300149002700,HB,204937,22800.0,1,0.207,0.352,17.0,17.0,0.0,16.0,16.0,16.0,16.0,17.0,17.0,0,0,,HB tick=204937 exp_id=268 t_ms=22800 run=1 ts=35.000 as=17.000 ta=0.000 aa=0.192 se=18.000 so=15.600 ae=-0.192 ao=-0.252 pwm=16 pc=16 hd=0 y=0.207 yr=0.352 L=16 R=16 OL=16 OR=16 el=17 er=17 ed=0 dl=17 dr=17 cl=0 cr=0 ok=755 fail=0 vofa=firewater rx=770 txdrop=24983
1775114421.6026998,1775114421602699800,10300386529600,HB,205170,23033.0,1,0.263,0.313,18.0,18.0,0.0,15.0,15.0,15.0,15.0,18.0,18.0,0,0,,HB tick=205170 exp_id=268 t_ms=23033 run=1 ts=35.000 as=18.000 ta=0.000 aa=0.206 se=17.000 so=15.000 ae=-0.206 ao=-0.248 pwm=15 pc=15 hd=0 y=0.263 yr=0.313 L=15 R=15 OL=15 OR=15 el=18 er=18 ed=0 dl=18 dr=18 cl=0 cr=0 ok=756 fail=0 vofa=firewater rx=770 txdrop=24983
1775114421.8005798,1775114421800579900,10300584409900,HB,205375,23238.0,1,0.32,0.302,18.0,17.0,1.0,15.0,15.0,15.0,15.0,18.0,17.0,0,0,,HB tick=205375 exp_id=268 t_ms=23238 run=1 ts=35.000 as=17.500 ta=0.000 aa=0.262 se=17.500 so=15.300 ae=-0.262 ao=-0.300 pwm=15 pc=15 hd=0 y=0.320 yr=0.302 L=15 R=15 OL=15 OR=15 el=18 er=17 ed=1 dl=18 dr=17 cl=0 cr=0 ok=757 fail=0 vofa=firewater rx=770 txdrop=24983
1775114422.0613477,1775114422061347900,10300845177700,HB,205580,23443.0,1,0.266,0.103,18.0,18.0,0.0,15.0,15.0,15.0,15.0,18.0,18.0,0,0,,HB tick=205580 exp_id=268 t_ms=23443 run=1 ts=35.000 as=18.000 ta=0.000 aa=0.320 se=17.000 so=15.000 ae=-0.320 ao=-0.356 pwm=15 pc=15 hd=0 y=0.266 yr=0.103 L=15 R=15 OL=15 OR=15 el=18 er=18 ed=0 dl=18 dr=18 cl=0 cr=0 ok=758 fail=0 vofa=firewater rx=770 txdrop=24983
1775114422.2178202,1775114422217820200,10301001649800,HB,205785,23647.0,1,0.279,0.088,18.0,18.0,0.0,15.0,15.0,15.0,15.0,18.0,18.0,0,0,,HB tick=205785 exp_id=268 t_ms=23647 run=1 ts=35.000 as=18.000 ta=0.000 aa=0.266 se=17.000 so=15.000 ae=-0.266 ao=-0.278 pwm=15 pc=15 hd=0 y=0.279 yr=0.088 L=15 R=15 OL=15 OR=15 el=18 er=18 ed=0 dl=18 dr=18 cl=0 cr=0 ok=759 fail=0 vofa=firewater rx=770 txdrop=24983
1775114422.4354584,1775114422435458200,10301219287700,HB,205994,23857.0,1,0.337,0.154,18.0,17.0,1.0,15.0,15.0,15.0,15.0,18.0,17.0,0,0,,HB tick=205994 exp_id=268 t_ms=23857 run=1 ts=35.000 as=17.500 ta=0.000 aa=0.278 se=17.500 so=15.300 ae=-0.278 ao=-0.289 pwm=15 pc=15 hd=0 y=0.337 yr=0.154 L=15 R=15 OL=15 OR=15 el=18 er=17 ed=1 dl=18 dr=17 cl=0 cr=0 ok=760 fail=0 vofa=firewater rx=770 txdrop=24983
1775114422.6442933,1775114422644293400,10301428122900,HB,206199,24062.0,1,0.268,-0.018,17.0,18.0,-1.0,15.0,15.0,15.0,15.0,17.0,18.0,0,0,,HB tick=206199 exp_id=268 t_ms=24062 run=1 ts=35.000 as=17.500 ta=0.000 aa=0.336 se=17.500 so=15.300 ae=-0.336 ao=-0.355 pwm=15 pc=15 hd=0 y=0.268 yr=-0.018 L=15 R=15 OL=15 OR=15 el=17 er=18 ed=-1 dl=17 dr=18 cl=0 cr=0 ok=761 fail=0 vofa=firewater rx=770 txdrop=24983
1775114422.8313162,1775114422831316300,10301615146200,HB,206404,24267.0,1,0.336,0.105,19.0,17.0,2.0,15.0,15.0,15.0,15.0,19.0,17.0,0,0,,HB tick=206404 exp_id=268 t_ms=24267 run=1 ts=35.000 as=18.000 ta=0.000 aa=0.267 se=17.000 so=15.000 ae=-0.267 ao=-0.265 pwm=15 pc=15 hd=0 y=0.336 yr=0.105 L=15 R=15 OL=15 OR=15 el=19 er=17 ed=2 dl=19 dr=17 cl=0 cr=0 ok=762 fail=0 vofa=firewater rx=770 txdrop=24983
1775114422.9967449,1775114422996745000,10301780574800,HB,206569,24432.0,1,0.294,-0.02,17.0,17.0,0.0,16.0,16.0,16.0,16.0,17.0,17.0,0,0,,HB tick=206569 exp_id=268 t_ms=24432 run=1 ts=35.000 as=17.000 ta=0.000 aa=0.335 se=18.000 so=15.600 ae=-0.335 ao=-0.348 pwm=16 pc=16 hd=0 y=0.294 yr=-0.020 L=16 R=16 OL=16 OR=16 el=17 er=17 ed=0 dl=17 dr=17 cl=0 cr=0 ok=763 fail=0 vofa=firewater rx=770 txdrop=24983
1775114423.23565,1775114423235650000,10302019480200,HB,206801,24664.0,1,0.388,0.128,18.0,17.0,1.0,14.0,16.0,14.0,16.0,18.0,17.0,0,0,,HB tick=206801 exp_id=268 t_ms=24664 run=1 ts=35.000 as=17.500 ta=0.000 aa=0.294 se=17.500 so=15.300 ae=-0.294 ao=-0.291 pwm=15 pc=15 hd=-1 y=0.388 yr=0.128 L=14 R=16 OL=14 OR=16 el=18 er=17 ed=1 dl=18 dr=17 cl=0 cr=0 ok=764 fail=0 vofa=firewater rx=770 txdrop=24983
1775114423.4435163,1775114423443516200,10302227345900,HB,207010,24873.0,1,0.407,0.115,18.0,18.0,0.0,15.0,15.0,15.0,15.0,18.0,18.0,0,0,,HB tick=207010 exp_id=268 t_ms=24873 run=1 ts=35.000 as=18.000 ta=0.000 aa=0.387 se=17.000 so=15.000 ae=-0.387 ao=-0.402 pwm=15 pc=15 hd=0 y=0.407 yr=0.115 L=15 R=15 OL=15 OR=15 el=18 er=18 ed=0 dl=18 dr=18 cl=0 cr=0 ok=765 fail=0 vofa=firewater rx=770 txdrop=24983
1775114423.619472,1775114423619472100,10302403301700,HB,207171,25034.0,1,0.329,-0.095,18.0,17.0,1.0,15.0,15.0,15.0,15.0,18.0,17.0,0,0,,HB tick=207171 exp_id=268 t_ms=25034 run=1 ts=35.000 as=17.500 ta=0.000 aa=0.406 se=17.500 so=15.300 ae=-0.406 ao=-0.420 pwm=15 pc=15 hd=0 y=0.329 yr=-0.095 L=15 R=15 OL=15 OR=15 el=18 er=17 ed=1 dl=18 dr=17 cl=0 cr=0 ok=766 fail=0 vofa=firewater rx=770 txdrop=24983
1775114423.8377676,1775114423837767600,10302621597300,HB,207404,25267.0,1,0.324,-0.069,17.0,17.0,0.0,16.0,16.0,16.0,16.0,17.0,17.0,0,0,,HB tick=207404 exp_id=268 t_ms=25267 run=1 ts=35.000 as=17.000 ta=0.000 aa=0.328 se=18.000 so=15.600 ae=-0.328 ao=-0.317 pwm=16 pc=16 hd=0 y=0.324 yr=-0.069 L=16 R=16 OL=16 OR=16 el=17 er=17 ed=0 dl=17 dr=17 cl=0 cr=0 ok=767 fail=0 vofa=firewater rx=770 txdrop=24983
1775114424.0572798,1775114424057279800,10302841109300,HB,207614,25477.0,1,0.314,-0.061,17.0,17.0,0.0,16.0,16.0,16.0,16.0,17.0,17.0,0,0,,HB tick=207614 exp_id=268 t_ms=25477 run=1 ts=35.000 as=17.000 ta=0.000 aa=0.323 se=18.000 so=15.600 ae=-0.323 ao=-0.315 pwm=16 pc=16 hd=0 y=0.314 yr=-0.061 L=16 R=16 OL=16 OR=16 el=17 er=17 ed=0 dl=17 dr=17 cl=0 cr=0 ok=768 fail=0 vofa=firewater rx=770 txdrop=24983
1775114424.2548876,1775114424254887700,10303038717600,HB,207818,25681.0,1,0.222,-0.197,17.0,17.0,0.0,16.0,16.0,16.0,16.0,17.0,17.0,0,0,,HB tick=207818 exp_id=268 t_ms=25681 run=1 ts=35.000 as=17.000 ta=0.000 aa=0.314 se=18.000 so=15.600 ae=-0.314 ao=-0.306 pwm=16 pc=16 hd=0 y=0.222 yr=-0.197 L=16 R=16 OL=16 OR=16 el=17 er=17 ed=0 dl=17 dr=17 cl=0 cr=0 ok=769 fail=0 vofa=firewater rx=770 txdrop=24983
1775114424.4517095,1775114424451709500,10303235539100,HB,208023,25886.0,1,0.28,-0.029,18.0,17.0,1.0,15.0,15.0,15.0,15.0,18.0,17.0,0,0,,HB tick=208023 exp_id=268 t_ms=25886 run=1 ts=35.000 as=17.500 ta=0.000 aa=0.222 se=17.500 so=15.300 ae=-0.222 ao=-0.198 pwm=15 pc=15 hd=0 y=0.280 yr=-0.029 L=15 R=15 OL=15 OR=15 el=18 er=17 ed=1 dl=18 dr=17 cl=0 cr=0 ok=770 fail=0 vofa=firewater rx=770 txdrop=24983
1775114424.6187844,1775114424618784500,10303402614100,HB,208188,26051.0,1,0.253,-0.076,17.0,18.0,-1.0,15.0,15.0,15.0,15.0,17.0,18.0,0,0,,HB tick=208188 exp_id=268 t_ms=26051 run=1 ts=35.000 as=17.500 ta=0.000 aa=0.280 se=17.500 so=15.300 ae=-0.280 ao=-0.276 pwm=15 pc=15 hd=0 y=0.253 yr=-0.076 L=15 R=15 OL=15 OR=15 el=17 er=18 ed=-1 dl=17 dr=18 cl=0 cr=0 ok=771 fail=0 vofa=firewater rx=770 txdrop=24983
1775114424.879116,1775114424879116000,10303662945600,HB,208421,26284.0,1,0.17,-0.174,17.0,17.0,0.0,16.0,16.0,16.0,16.0,17.0,17.0,0,0,,HB tick=208421 exp_id=268 t_ms=26284 run=1 ts=35.000 as=17.000 ta=0.000 aa=0.253 se=18.000 so=15.600 ae=-0.253 ao=-0.243 pwm=16 pc=16 hd=0 y=0.170 yr=-0.174 L=16 R=16 OL=16 OR=16 el=17 er=17 ed=0 dl=17 dr=17 cl=0 cr=0 ok=772 fail=0 vofa=firewater rx=770 txdrop=24983
1775114425.065268,1775114425065267900,10303849097400,HB,208630,26493.0,1,0.118,-0.2,17.0,18.0,-1.0,15.0,15.0,15.0,15.0,17.0,18.0,0,0,,HB tick=208630 exp_id=268 t_ms=26493 run=1 ts=35.000 as=17.500 ta=0.000 aa=0.170 se=17.500 so=15.300 ae=-0.170 ao=-0.149 pwm=15 pc=15 hd=0 y=0.118 yr=-0.200 L=15 R=15 OL=15 OR=15 el=17 er=18 ed=-1 dl=17 dr=18 cl=0 cr=0 ok=773 fail=0 vofa=firewater rx=770 txdrop=24983
1775114425.2630715,1775114425263071500,10304046901000,HB,208835,26698.0,1,-0.119,-0.535,17.0,17.0,0.0,16.0,16.0,16.0,16.0,17.0,17.0,0,0,,HB tick=208835 exp_id=268 t_ms=26698 run=1 ts=35.000 as=17.000 ta=0.000 aa=0.118 se=18.000 so=15.600 ae=-0.118 ao=-0.094 pwm=16 pc=16 hd=0 y=-0.119 yr=-0.535 L=16 R=16 OL=16 OR=16 el=17 er=17 ed=0 dl=17 dr=17 cl=0 cr=0 ok=774 fail=0 vofa=firewater rx=770 txdrop=24983
1775114425.4909196,1775114425490919600,10304274749100,HB,209040,26902.0,1,-0.118,-0.346,17.0,17.0,2.0,16.0,16.0,16.0,16.0,17.0,17.0,0,0,,HB tick=209040 exp_id=268 t_ms=26902 run=1 ts=35.000 as=17.000 ta=0.000 aa=-0.119 se=18.000 so=15.600 ae=0.119 ao=0.184 pwm=16 pc=16 hd=0 y=-0.118 yr=-0.346 L=16 R=16 OL=16 OR=16 el=17 er=17 ed=2 dl=17 dr=17 cl=0 cr=0 ok=775 fail=0 vofa=firewater rx=770 txdrop=24983
1775114425.679093,1775114425679092900,10304462922700,HB,209250,27112.0,1,-0.038,-0.091,18.0,18.0,0.0,15.0,15.0,15.0,15.0,18.0,18.0,0,0,,HB tick=209250 exp_id=268 t_ms=27112 run=1 ts=35.000 as=18.000 ta=0.000 aa=-0.119 se=17.000 so=15.000 ae=0.119 ao=0.160 pwm=15 pc=15 hd=0 y=-0.038 yr=-0.091 L=15 R=15 OL=15 OR=15 el=18 er=18 ed=0 dl=18 dr=18 cl=0 cr=0 ok=776 fail=0 vofa=firewater rx=770 txdrop=24983
1775114425.8865516,1775114425886551600,10304670381800,HB,209455,27318.0,1,-0.09,-0.149,18.0,18.0,0.0,15.0,15.0,15.0,15.0,18.0,18.0,0,0,,HB tick=209455 exp_id=268 t_ms=27318 run=1 ts=35.000 as=18.000 ta=0.000 aa=-0.038 se=17.000 so=15.000 ae=0.038 ao=0.049 pwm=15 pc=15 hd=0 y=-0.090 yr=-0.149 L=15 R=15 OL=15 OR=15 el=18 er=18 ed=0 dl=18 dr=18 cl=0 cr=0 ok=777 fail=0 vofa=firewater rx=770 txdrop=24983
1775114426.093161,1775114426093161200,10304876990800,HB,209659,27522.0,1,-0.018,0.028,17.0,17.0,0.0,16.0,16.0,16.0,16.0,17.0,17.0,0,0,,HB tick=209659 exp_id=268 t_ms=27522 run=1 ts=35.000 as=17.000 ta=0.000 aa=-0.091 se=18.000 so=15.600 ae=0.091 ao=0.109 pwm=16 pc=16 hd=0 y=-0.018 yr=0.028 L=16 R=16 OL=16 OR=16 el=17 er=17 ed=0 dl=17 dr=17 cl=0 cr=0 ok=778 fail=0 vofa=firewater rx=770 txdrop=24983
1775114426.301722,1775114426301722000,10305085551700,HB,209869,27732.0,1,0.057,0.143,19.0,18.0,1.0,15.0,15.0,15.0,15.0,19.0,18.0,0,0,,HB tick=209869 exp_id=268 t_ms=27732 run=1 ts=35.000 as=18.500 ta=0.000 aa=-0.018 se=16.500 so=14.700 ae=0.018 ao=0.015 pwm=15 pc=15 hd=0 y=0.057 yr=0.143 L=15 R=15 OL=15 OR=15 el=19 er=18 ed=1 dl=19 dr=18 cl=0 cr=0 ok=779 fail=0 vofa=firewater rx=770 txdrop=24983
1775114426.509599,1775114426509599100,10305293428700,HB,210074,27937.0,1,-0.021,-0.041,19.0,18.0,1.0,15.0,15.0,15.0,15.0,19.0,18.0,0,0,,HB tick=210074 exp_id=268 t_ms=27937 run=1 ts=35.000 as=18.500 ta=0.000 aa=0.057 se=16.500 so=14.700 ae=-0.057 ao=-0.074 pwm=15 pc=15 hd=0 y=-0.021 yr=-0.041 L=15 R=15 OL=15 OR=15 el=19 er=18 ed=1 dl=19 dr=18 cl=0 cr=0 ok=780 fail=0 vofa=firewater rx=770 txdrop=24983
1775114426.7066004,1775114426706600400,10305490430100,HB,210279,28142.0,1,0.045,0.087,17.0,17.0,0.0,16.0,16.0,16.0,16.0,17.0,17.0,0,0,,HB tick=210279 exp_id=268 t_ms=28142 run=1 ts=35.000 as=17.000 ta=0.000 aa=-0.022 se=18.000 so=15.600 ae=0.022 ao=0.027 pwm=16 pc=16 hd=0 y=0.045 yr=0.087 L=16 R=16 OL=16 OR=16 el=17 er=17 ed=0 dl=17 dr=17 cl=0 cr=0 ok=781 fail=0 vofa=firewater rx=770 txdrop=24983
1775114426.9142823,1775114426914282300,10305698112000,HB,210488,28351.0,1,-0.051,-0.105,18.0,18.0,0.0,15.0,15.0,15.0,15.0,18.0,18.0,0,0,,HB tick=210488 exp_id=268 t_ms=28351 run=1 ts=35.000 as=18.000 ta=0.000 aa=0.045 se=17.000 so=15.000 ae=-0.045 ao=-0.055 pwm=15 pc=15 hd=0 y=-0.051 yr=-0.105 L=15 R=15 OL=15 OR=15 el=18 er=18 ed=0 dl=18 dr=18 cl=0 cr=0 ok=782 fail=0 vofa=firewater rx=770 txdrop=24983
1775114427.1316671,1775114427131667300,10305915497000,HB,210694,28557.0,1,-0.183,-0.292,18.0,18.0,0.0,15.0,15.0,15.0,15.0,18.0,18.0,0,0,,HB tick=210694 exp_id=268 t_ms=28557 run=1 ts=35.000 as=18.000 ta=0.000 aa=-0.052 se=17.000 so=15.000 ae=0.052 ao=0.064 pwm=15 pc=15 hd=0 y=-0.183 yr=-0.292 L=15 R=15 OL=15 OR=15 el=18 er=18 ed=0 dl=18 dr=18 cl=0 cr=0 ok=783 fail=0 vofa=firewater rx=770 txdrop=24983
1775114427.3305674,1775114427330567500,10306114397200,HB,210899,28762.0,1,-0.083,-0.019,18.0,17.0,1.0,15.0,15.0,15.0,15.0,18.0,17.0,0,0,,HB tick=210899 exp_id=268 t_ms=28762 run=1 ts=35.000 as=17.500 ta=0.000 aa=-0.184 se=17.500 so=15.300 ae=0.184 ao=0.219 pwm=15 pc=15 hd=0 y=-0.083 yr=-0.019 L=15 R=15 OL=15 OR=15 el=18 er=17 ed=1 dl=18 dr=17 cl=0 cr=0 ok=784 fail=0 vofa=firewater rx=770 txdrop=24983
1775114427.5391223,1775114427539122400,10306322952000,HB,211108,28971.0,1,0.019,0.159,19.0,18.0,1.0,15.0,15.0,15.0,15.0,19.0,18.0,0,0,,HB tick=211108 exp_id=268 t_ms=28971 run=1 ts=35.000 as=18.500 ta=0.000 aa=-0.084 se=16.500 so=14.700 ae=0.084 ao=0.086 pwm=15 pc=15 hd=0 y=0.019 yr=0.159 L=15 R=15 OL=15 OR=15 el=19 er=18 ed=1 dl=19 dr=18 cl=0 cr=0 ok=785 fail=0 vofa=firewater rx=770 txdrop=24983
1775114427.7462807,1775114427746280700,10306530110400,HB,211313,29176.0,1,-0.01,0.053,18.0,18.0,0.0,15.0,15.0,15.0,15.0,18.0,18.0,0,0,,HB tick=211313 exp_id=268 t_ms=29176 run=1 ts=35.000 as=18.000 ta=0.000 aa=0.019 se=17.000 so=15.000 ae=-0.019 ao=-0.038 pwm=15 pc=15 hd=0 y=-0.010 yr=0.053 L=15 R=15 OL=15 OR=15 el=18 er=18 ed=0 dl=18 dr=18 cl=0 cr=0 ok=786 fail=0 vofa=firewater rx=770 txdrop=24983
1775114427.9010391,1775114427901039100,10306684868700,HB,211474,29337.0,1,0.196,0.481,17.0,17.0,0.0,16.0,16.0,16.0,16.0,17.0,17.0,0,0,,HB tick=211474 exp_id=268 t_ms=29337 run=1 ts=35.000 as=17.000 ta=0.000 aa=-0.010 se=18.000 so=15.600 ae=0.010 ao=0.004 pwm=16 pc=16 hd=0 y=0.196 yr=0.481 L=16 R=16 OL=16 OR=16 el=17 er=17 ed=0 dl=17 dr=17 cl=0 cr=0 ok=787 fail=0 vofa=firewater rx=770 txdrop=24983
1775114428.1301603,1775114428130160300,10306913990100,HB,211707,29570.0,1,0.076,0.133,17.0,17.0,0.0,16.0,16.0,16.0,16.0,17.0,17.0,0,0,,HB tick=211707 exp_id=268 t_ms=29570 run=1 ts=35.000 as=17.000 ta=0.000 aa=0.195 se=18.000 so=15.600 ae=-0.195 ao=-0.253 pwm=16 pc=16 hd=0 y=0.076 yr=0.133 L=16 R=16 OL=16 OR=16 el=17 er=17 ed=0 dl=17 dr=17 cl=0 cr=0 ok=788 fail=0 vofa=firewater rx=770 txdrop=24983
1775114428.3387444,1775114428338744400,10307122574000,HB,211911,29774.0,1,0.018,-0.013,17.0,18.0,-1.0,15.0,15.0,15.0,15.0,17.0,18.0,0,0,,HB tick=211911 exp_id=268 t_ms=29774 run=1 ts=35.000 as=17.500 ta=0.000 aa=0.076 se=17.500 so=15.300 ae=-0.076 ao=-0.092 pwm=15 pc=15 hd=0 y=0.018 yr=-0.013 L=15 R=15 OL=15 OR=15 el=17 er=18 ed=-1 dl=17 dr=18 cl=0 cr=0 ok=789 fail=0 vofa=firewater rx=770 txdrop=24983
1775114428.5767844,1775114428576784500,10307360614100,HB,212116,29979.0,1,0.07,0.08,18.0,17.0,1.0,15.0,15.0,15.0,15.0,18.0,17.0,0,0,,HB tick=212116 exp_id=268 t_ms=29979 run=1 ts=35.000 as=17.500 ta=0.000 aa=0.017 se=17.500 so=15.300 ae=-0.017 ao=-0.016 pwm=15 pc=15 hd=0 y=0.070 yr=0.080 L=15 R=15 OL=15 OR=15 el=18 er=17 ed=1 dl=18 dr=17 cl=0 cr=0 ok=790 fail=0 vofa=firewater rx=770 txdrop=24983
1775114428.7536843,1775114428753684100,10307537513800,HB,212321,30184.0,1,-0.042,-0.139,18.0,18.0,0.0,15.0,15.0,15.0,15.0,18.0,18.0,0,0,,HB tick=212321 exp_id=268 t_ms=30184 run=1 ts=35.000 as=18.000 ta=0.000 aa=0.069 se=17.000 so=15.000 ae=-0.069 ao=-0.079 pwm=15 pc=15 hd=0 y=-0.042 yr=-0.139 L=15 R=15 OL=15 OR=15 el=18 er=18 ed=0 dl=18 dr=18 cl=0 cr=0 ok=791 fail=0 vofa=firewater rx=770 txdrop=24983
1775114428.9200456,1775114428920045500,10307703875200,HB,212486,30349.0,1,-0.002,-0.005,18.0,18.0,0.0,15.0,15.0,15.0,15.0,18.0,18.0,0,0,,HB tick=212486 exp_id=268 t_ms=30349 run=1 ts=35.000 as=18.000 ta=0.000 aa=-0.042 se=17.000 so=15.000 ae=0.042 ao=0.059 pwm=15 pc=15 hd=0 y=-0.002 yr=-0.005 L=15 R=15 OL=15 OR=15 el=18 er=18 ed=0 dl=18 dr=18 cl=0 cr=0 ok=792 fail=0 vofa=firewater rx=770 txdrop=24983
1775114429.158845,1775114429158844800,10307942674400,HB,212718,30581.0,1,0.165,0.248,18.0,17.0,1.0,15.0,15.0,15.0,15.0,18.0,17.0,0,0,,HB tick=212718 exp_id=268 t_ms=30581 run=1 ts=35.000 as=17.500 ta=0.000 aa=-0.002 se=17.500 so=15.300 ae=0.002 ao=0.003 pwm=15 pc=15 hd=0 y=0.165 yr=0.248 L=15 R=15 OL=15 OR=15 el=18 er=17 ed=1 dl=18 dr=17 cl=0 cr=0 ok=793 fail=0 vofa=firewater rx=770 txdrop=24983
1775114429.3757946,1775114429375794600,10308159624400,HB,212944,30807.0,1,0.009,-0.081,18.0,18.0,0.0,15.0,15.0,15.0,15.0,18.0,18.0,0,0,,HB tick=212944 exp_id=268 t_ms=30807 run=1 ts=35.000 as=18.000 ta=0.000 aa=0.165 se=17.000 so=15.000 ae=-0.165 ao=-0.194 pwm=15 pc=15 hd=0 y=0.009 yr=-0.081 L=15 R=15 OL=15 OR=15 el=18 er=18 ed=0 dl=18 dr=18 cl=0 cr=0 ok=794 fail=0 vofa=firewater rx=770 txdrop=24983
1775114429.5844812,1775114429584481400,10308368311100,HB,213145,31008.0,1,-0.036,-0.131,18.0,17.0,1.0,15.0,15.0,15.0,15.0,18.0,17.0,0,0,,HB tick=213145 exp_id=268 t_ms=31008 run=1 ts=35.000 as=17.500 ta=0.000 aa=0.008 se=17.500 so=15.300 ae=-0.008 ao=0.002 pwm=15 pc=15 hd=0 y=-0.036 yr=-0.131 L=15 R=15 OL=15 OR=15 el=18 er=17 ed=1 dl=18 dr=17 cl=0 cr=0 ok=795 fail=0 vofa=firewater rx=770 txdrop=24983
1775114429.7718208,1775114429771820700,10308555650400,HB,213306,31169.0,1,0.065,0.135,18.0,18.0,0.0,15.0,15.0,15.0,15.0,18.0,18.0,0,0,,HB tick=213306 exp_id=268 t_ms=31169 run=1 ts=35.000 as=18.000 ta=0.000 aa=-0.037 se=17.000 so=15.000 ae=0.037 ao=0.053 pwm=15 pc=15 hd=0 y=0.065 yr=0.135 L=15 R=15 OL=15 OR=15 el=18 er=18 ed=0 dl=18 dr=18 cl=0 cr=0 ok=796 fail=0 vofa=firewater rx=770 txdrop=24983
1775114429.9686475,1775114429968647500,10308752477000,HB,213538,31401.0,1,-0.094,-0.152,18.0,18.0,0.0,15.0,15.0,15.0,15.0,18.0,18.0,0,0,,HB tick=213538 exp_id=268 t_ms=31401 run=1 ts=35.000 as=18.000 ta=0.000 aa=0.064 se=17.000 so=15.000 ae=-0.064 ao=-0.080 pwm=15 pc=15 hd=0 y=-0.094 yr=-0.152 L=15 R=15 OL=15 OR=15 el=18 er=18 ed=0 dl=18 dr=18 cl=0 cr=0 ok=797 fail=0 vofa=firewater rx=770 txdrop=24983
1775114430.1961515,1775114430196151600,10308979981300,HB,213747,31610.0,1,-0.109,-0.123,17.0,17.0,0.0,16.0,16.0,16.0,16.0,17.0,17.0,0,0,,HB tick=213747 exp_id=268 t_ms=31610 run=1 ts=35.000 as=17.000 ta=0.000 aa=-0.095 se=18.000 so=15.600 ae=0.095 ao=0.113 pwm=16 pc=16 hd=0 y=-0.109 yr=-0.123 L=16 R=16 OL=16 OR=16 el=17 er=17 ed=0 dl=17 dr=17 cl=0 cr=0 ok=798 fail=0 vofa=firewater rx=770 txdrop=24983
1775114430.3929608,1775114430392960700,10309176790200,HB,213952,31815.0,1,-0.016,0.078,18.0,18.0,0.0,15.0,15.0,15.0,15.0,18.0,18.0,0,0,,HB tick=213952 exp_id=268 t_ms=31815 run=1 ts=35.000 as=18.000 ta=0.000 aa=-0.109 se=17.000 so=15.000 ae=0.109 ao=0.124 pwm=15 pc=15 hd=0 y=-0.016 yr=0.078 L=15 R=15 OL=15 OR=15 el=18 er=18 ed=0 dl=18 dr=18 cl=0 cr=0 ok=799 fail=0 vofa=firewater rx=770 txdrop=24983
1775114430.5886338,1775114430588633800,10309372464100,HB,214157,32020.0,1,-0.175,-0.22,18.0,18.0,0.0,15.0,15.0,15.0,15.0,18.0,18.0,0,0,,HB tick=214157 exp_id=268 t_ms=32020 run=1 ts=35.000 as=18.000 ta=0.000 aa=-0.017 se=17.000 so=15.000 ae=0.017 ao=0.007 pwm=15 pc=15 hd=0 y=-0.175 yr=-0.220 L=15 R=15 OL=15 OR=15 el=18 er=18 ed=0 dl=18 dr=18 cl=0 cr=0 ok=800 fail=0 vofa=firewater rx=770 txdrop=24983
1775114430.8058422,1775114430805842200,10309589672200,HB,214367,32230.0,1,-0.153,-0.108,18.0,18.0,0.0,15.0,15.0,15.0,15.0,18.0,18.0,0,0,,HB tick=214367 exp_id=268 t_ms=32230 run=1 ts=35.000 as=18.000 ta=0.000 aa=-0.175 se=17.000 so=15.000 ae=0.175 ao=0.202 pwm=15 pc=15 hd=0 y=-0.153 yr=-0.108 L=15 R=15 OL=15 OR=15 el=18 er=18 ed=0 dl=18 dr=18 cl=0 cr=0 ok=801 fail=0 vofa=firewater rx=770 txdrop=24983
1775114430.9511263,1775114430951126200,10309734955700,HB,214528,32391.0,1,-0.1,0.046,18.0,18.0,0.0,15.0,15.0,15.0,15.0,18.0,18.0,0,0,,HB tick=214528 exp_id=268 t_ms=32391 run=1 ts=35.000 as=18.000 ta=0.000 aa=-0.154 se=17.000 so=15.000 ae=0.154 ao=0.167 pwm=15 pc=15 hd=0 y=-0.100 yr=0.046 L=15 R=15 OL=15 OR=15 el=18 er=18 ed=0 dl=18 dr=18 cl=0 cr=0 ok=802 fail=0 vofa=firewater rx=770 txdrop=24983
1775114431.191177,1775114431191176900,10309975006600,HB,214760,32623.0,1,-0.192,-0.109,18.0,18.0,0.0,15.0,15.0,15.0,15.0,18.0,18.0,0,0,,HB tick=214760 exp_id=268 t_ms=32623 run=1 ts=35.000 as=18.000 ta=0.000 aa=-0.101 se=17.000 so=15.000 ae=0.101 ao=0.095 pwm=15 pc=15 hd=0 y=-0.192 yr=-0.109 L=15 R=15 OL=15 OR=15 el=18 er=18 ed=0 dl=18 dr=18 cl=0 cr=0 ok=803 fail=0 vofa=firewater rx=770 txdrop=24983
1775114431.3676066,1775114431367606600,10310151436200,HB,214925,32788.0,1,-0.114,0.096,17.0,17.0,0.0,16.0,16.0,16.0,16.0,17.0,17.0,0,0,,HB tick=214925 exp_id=268 t_ms=32788 run=1 ts=35.000 as=17.000 ta=0.000 aa=-0.193 se=18.000 so=15.600 ae=0.193 ao=0.206 pwm=16 pc=16 hd=0 y=-0.114 yr=0.096 L=16 R=16 OL=16 OR=16 el=17 er=17 ed=0 dl=17 dr=17 cl=0 cr=0 ok=804 fail=0 vofa=firewater rx=770 txdrop=24983
1775114431.6058862,1775114431605886100,10310389715800,HB,215157,33020.0,1,-0.14,0.022,18.0,18.0,0.0,15.0,15.0,15.0,15.0,18.0,18.0,0,0,,HB tick=215157 exp_id=268 t_ms=33020 run=1 ts=35.000 as=18.000 ta=0.000 aa=-0.114 se=17.000 so=15.000 ae=0.114 ao=0.103 pwm=15 pc=15 hd=0 y=-0.140 yr=0.022 L=15 R=15 OL=15 OR=15 el=18 er=18 ed=0 dl=18 dr=18 cl=0 cr=0 ok=805 fail=0 vofa=firewater rx=770 txdrop=24983
1775114431.8128781,1775114431812878100,10310596707900,HB,215367,33230.0,1,-0.314,-0.275,18.0,17.0,1.0,15.0,15.0,15.0,15.0,18.0,17.0,0,0,,HB tick=215367 exp_id=268 t_ms=33230 run=1 ts=35.000 as=17.500 ta=0.000 aa=-0.141 se=17.500 so=15.300 ae=0.141 ao=0.138 pwm=15 pc=15 hd=0 y=-0.314 yr=-0.275 L=15 R=15 OL=15 OR=15 el=18 er=17 ed=1 dl=18 dr=17 cl=0 cr=0 ok=806 fail=0 vofa=firewater rx=770 txdrop=24983
1775114432.0011277,1775114432001127800,10310784958100,HB,215572,33435.0,1,-0.211,-0.004,18.0,18.0,0.0,16.0,16.0,16.0,16.0,18.0,18.0,0,0,,HB tick=215572 exp_id=268 t_ms=33435 run=1 ts=35.000 as=18.000 ta=0.000 aa=-0.314 se=17.000 so=15.000 ae=0.314 ao=0.347 pwm=16 pc=16 hd=0 y=-0.211 yr=-0.004 L=16 R=16 OL=16 OR=16 el=18 er=18 ed=0 dl=18 dr=18 cl=0 cr=0 ok=807 fail=0 vofa=firewater rx=770 txdrop=24983
1775114432.229102,1775114432229101800,10311012931400,HB,215776,33639.0,1,-0.175,0.06,19.0,18.0,1.0,15.0,15.0,15.0,15.0,19.0,18.0,0,0,,HB tick=215776 exp_id=268 t_ms=33639 run=1 ts=35.000 as=18.500 ta=0.000 aa=-0.212 se=16.500 so=14.700 ae=0.212 ao=0.212 pwm=15 pc=15 hd=0 y=-0.175 yr=0.060 L=15 R=15 OL=15 OR=15 el=19 er=18 ed=1 dl=19 dr=18 cl=0 cr=0 ok=808 fail=0 vofa=firewater rx=770 txdrop=24983
1775114432.4160602,1775114432416060100,10311199890100,HB,215987,33850.0,1,-0.179,0.032,19.0,18.0,1.0,15.0,15.0,15.0,15.0,19.0,18.0,0,0,,HB tick=215987 exp_id=268 t_ms=33850 run=1 ts=35.000 as=18.500 ta=0.000 aa=-0.175 se=16.500 so=14.700 ae=0.175 ao=0.168 pwm=15 pc=15 hd=0 y=-0.179 yr=0.032 L=15 R=15 OL=15 OR=15 el=19 er=18 ed=1 dl=19 dr=18 cl=0 cr=0 ok=809 fail=0 vofa=firewater rx=770 txdrop=24983
1775114432.644854,1775114432644854100,10311428684200,HB,216192,34055.0,1,-0.078,0.193,17.0,17.0,0.0,16.0,14.0,16.0,14.0,17.0,17.0,0,0,,HB tick=216192 exp_id=268 t_ms=34055 run=1 ts=35.000 as=17.000 ta=0.000 aa=-0.180 se=18.000 so=15.600 ae=0.180 ao=0.176 pwm=15 pc=15 hd=1 y=-0.078 yr=0.193 L=16 R=14 OL=16 OR=14 el=17 er=17 ed=0 dl=17 dr=17 cl=0 cr=0 ok=810 fail=0 vofa=firewater rx=770 txdrop=24983
1775114432.7788777,1775114432778877600,10311562707300,HB,216352,34215.0,1,-0.164,-0.062,18.0,18.0,0.0,15.0,15.0,15.0,15.0,18.0,18.0,0,0,,HB tick=216352 exp_id=268 t_ms=34215 run=1 ts=35.000 as=18.000 ta=0.000 aa=-0.079 se=17.000 so=15.000 ae=0.079 ao=0.056 pwm=15 pc=15 hd=0 y=-0.164 yr=-0.062 L=15 R=15 OL=15 OR=15 el=18 er=18 ed=0 dl=18 dr=18 cl=0 cr=0 ok=811 fail=0 vofa=firewater rx=770 txdrop=24983
1775114433.0162394,1775114433016239400,10311800069100,HB,216585,34448.0,1,-0.17,-0.049,19.0,18.0,1.0,15.0,15.0,15.0,15.0,19.0,18.0,0,0,,HB tick=216585 exp_id=268 t_ms=34448 run=1 ts=35.000 as=18.500 ta=0.000 aa=-0.165 se=16.500 so=14.700 ae=0.165 ao=0.172 pwm=15 pc=15 hd=0 y=-0.170 yr=-0.049 L=15 R=15 OL=15 OR=15 el=19 er=18 ed=1 dl=19 dr=18 cl=0 cr=0 ok=812 fail=0 vofa=firewater rx=770 txdrop=24983
1775114433.212949,1775114433212949000,10311996795600,HB,216790,34653.0,1,-0.122,0.051,18.0,18.0,0.0,15.0,15.0,15.0,15.0,18.0,18.0,0,0,,HB tick=216790 exp_id=268 t_ms=34653 run=1 ts=35.000 as=18.000 ta=0.000 aa=-0.170 se=17.000 so=15.000 ae=0.170 ao=0.176 pwm=15 pc=15 hd=0 y=-0.122 yr=0.051 L=15 R=15 OL=15 OR=15 el=18 er=18 ed=0 dl=18 dr=18 cl=0 cr=0 ok=813 fail=0 vofa=firewater rx=770 txdrop=24983
1775114433.4417596,1775114433441759400,10312225589000,HB,216994,34857.0,1,-0.119,0.036,18.0,18.0,0.0,15.0,15.0,15.0,15.0,18.0,18.0,0,0,,HB tick=216994 exp_id=268 t_ms=34857 run=1 ts=35.000 as=18.000 ta=0.000 aa=-0.122 se=17.000 so=15.000 ae=0.122 ao=0.116 pwm=15 pc=15 hd=0 y=-0.119 yr=0.036 L=15 R=15 OL=15 OR=15 el=18 er=18 ed=0 dl=18 dr=18 cl=0 cr=0 ok=814 fail=0 vofa=firewater rx=770 txdrop=24983
1775114433.6678123,1775114433667812400,10312451642100,HB,217199,35062.0,1,-0.062,0.121,18.0,17.0,1.0,15.0,15.0,15.0,15.0,18.0,17.0,0,0,,HB tick=217199 exp_id=268 t_ms=35062 run=1 ts=35.000 as=17.500 ta=0.000 aa=-0.120 se=17.500 so=15.300 ae=0.120 ao=0.116 pwm=15 pc=15 hd=0 y=-0.062 yr=0.121 L=15 R=15 OL=15 OR=15 el=18 er=17 ed=1 dl=18 dr=17 cl=0 cr=0 ok=815 fail=0 vofa=firewater rx=770 txdrop=24983
1775114433.7936482,1775114433793648100,10312577477700,HB,217364,35227.0,1,-0.052,0.101,17.0,18.0,-1.0,15.0,15.0,15.0,15.0,17.0,18.0,0,0,,HB tick=217364 exp_id=268 t_ms=35227 run=1 ts=35.000 as=17.500 ta=0.000 aa=-0.063 se=17.500 so=15.300 ae=0.063 ao=0.048 pwm=15 pc=15 hd=0 y=-0.052 yr=0.101 L=15 R=15 OL=15 OR=15 el=17 er=18 ed=-1 dl=17 dr=18 cl=0 cr=0 ok=816 fail=0 vofa=firewater rx=770 txdrop=24983
1775114434.0217533,1775114434021753400,10312805583200,HB,217596,35459.0,1,-0.075,0.031,18.0,18.0,0.0,15.0,15.0,15.0,15.0,18.0,18.0,0,0,,HB tick=217596 exp_id=268 t_ms=35459 run=1 ts=35.000 as=18.000 ta=0.000 aa=-0.053 se=17.000 so=15.000 ae=0.053 ao=0.041 pwm=15 pc=15 hd=0 y=-0.075 yr=0.031 L=15 R=15 OL=15 OR=15 el=18 er=18 ed=0 dl=18 dr=18 cl=0 cr=0 ok=817 fail=0 vofa=firewater rx=770 txdrop=24983
1775114434.2286336,1775114434228633600,10313012463200,HB,217806,35669.0,1,-0.049,0.064,18.0,18.0,0.0,15.0,15.0,15.0,15.0,18.0,18.0,0,0,,HB tick=217806 exp_id=268 t_ms=35669 run=1 ts=35.000 as=18.000 ta=0.000 aa=-0.076 se=17.000 so=15.000 ae=0.076 ao=0.072 pwm=15 pc=15 hd=0 y=-0.049 yr=0.064 L=15 R=15 OL=15 OR=15 el=18 er=18 ed=0 dl=18 dr=18 cl=0 cr=0 ok=818 fail=0 vofa=firewater rx=770 txdrop=24983
1775114434.4355092,1775114434435509200,10313219339100,HB,218011,35874.0,1,-0.055,0.03,17.0,17.0,0.0,16.0,16.0,16.0,16.0,17.0,17.0,0,0,,HB tick=218011 exp_id=268 t_ms=35874 run=1 ts=35.000 as=17.000 ta=0.000 aa=-0.049 se=18.000 so=15.600 ae=0.049 ao=0.041 pwm=16 pc=16 hd=0 y=-0.055 yr=0.030 L=16 R=16 OL=16 OR=16 el=17 er=17 ed=0 dl=17 dr=17 cl=0 cr=0 ok=819 fail=0 vofa=firewater rx=770 txdrop=24983
1775114434.69496,1775114434694960200,10313478790000,HB,218215,36078.0,1,-0.15,-0.143,18.0,17.0,1.0,15.0,15.0,15.0,15.0,18.0,17.0,0,0,,HB tick=218215 exp_id=268 t_ms=36078 run=1 ts=35.000 as=17.500 ta=0.000 aa=-0.056 se=17.500 so=15.300 ae=0.056 ao=0.052 pwm=15 pc=15 hd=0 y=-0.150 yr=-0.143 L=15 R=15 OL=15 OR=15 el=18 er=17 ed=1 dl=18 dr=17 cl=0 cr=0 ok=820 fail=0 vofa=firewater rx=770 txdrop=24983
1775114434.8702307,1775114434870230800,10313654060500,HB,218425,36288.0,1,-0.109,-0.025,17.0,18.0,-1.0,15.0,15.0,15.0,15.0,17.0,18.0,0,0,,HB tick=218425 exp_id=268 t_ms=36288 run=1 ts=35.000 as=17.500 ta=0.000 aa=-0.151 se=17.500 so=15.300 ae=0.151 ao=0.168 pwm=15 pc=15 hd=0 y=-0.109 yr=-0.025 L=15 R=15 OL=15 OR=15 el=17 er=18 ed=-1 dl=17 dr=18 cl=0 cr=0 ok=821 fail=0 vofa=firewater rx=770 txdrop=24983
1775114435.0362074,1775114435036207300,10313820037200,HB,218586,36449.0,1,-0.194,-0.201,18.0,18.0,0.0,15.0,15.0,15.0,15.0,18.0,18.0,0,0,,HB tick=218586 exp_id=268 t_ms=36449 run=1 ts=35.000 as=18.000 ta=0.000 aa=-0.110 se=17.000 so=15.000 ae=0.110 ao=0.113 pwm=15 pc=15 hd=0 y=-0.194 yr=-0.201 L=15 R=15 OL=15 OR=15 el=18 er=18 ed=0 dl=18 dr=18 cl=0 cr=0 ok=822 fail=0 vofa=firewater rx=770 txdrop=24983
1775114435.2429602,1775114435242960200,10314026790400,HB,218819,36682.0,1,-0.179,-0.107,18.0,18.0,0.0,15.0,15.0,15.0,15.0,18.0,18.0,0,0,,HB tick=218819 exp_id=268 t_ms=36682 run=1 ts=35.000 as=18.000 ta=0.000 aa=-0.195 se=17.000 so=15.000 ae=0.195 ao=0.219 pwm=15 pc=15 hd=0 y=-0.179 yr=-0.107 L=15 R=15 OL=15 OR=15 el=18 er=18 ed=0 dl=18 dr=18 cl=0 cr=0 ok=823 fail=0 vofa=firewater rx=770 txdrop=24983
1775114435.459727,1775114435459727200,10314243557000,HB,219028,36891.0,1,-0.14,-0.005,17.0,17.0,0.0,16.0,16.0,16.0,16.0,17.0,17.0,0,0,,HB tick=219028 exp_id=268 t_ms=36891 run=1 ts=35.000 as=17.000 ta=0.000 aa=-0.179 se=18.000 so=15.600 ae=0.179 ao=0.192 pwm=16 pc=16 hd=0 y=-0.140 yr=-0.005 L=16 R=16 OL=16 OR=16 el=17 er=17 ed=0 dl=17 dr=17 cl=0 cr=0 ok=824 fail=0 vofa=firewater rx=770 txdrop=24983
1775114435.6670067,1775114435667006700,10314450836300,HB,219233,37096.0,1,-0.148,-0.017,17.0,17.0,0.0,16.0,16.0,16.0,16.0,17.0,17.0,0,0,,HB tick=219233 exp_id=268 t_ms=37096 run=1 ts=35.000 as=17.000 ta=0.000 aa=-0.141 se=18.000 so=15.600 ae=0.141 ao=0.142 pwm=16 pc=16 hd=0 y=-0.148 yr=-0.017 L=16 R=16 OL=16 OR=16 el=17 er=17 ed=0 dl=17 dr=17 cl=0 cr=0 ok=825 fail=0 vofa=firewater rx=770 txdrop=24983
1775114435.8852184,1775114435885218200,10314669047700,HB,219438,37301.0,1,-0.138,0.006,18.0,18.0,0.0,15.0,15.0,15.0,15.0,18.0,18.0,0,0,,HB tick=219438 exp_id=268 t_ms=37301 run=1 ts=35.000 as=18.000 ta=0.000 aa=-0.149 se=17.000 so=15.000 ae=0.149 ao=0.151 pwm=15 pc=15 hd=0 y=-0.138 yr=0.006 L=15 R=15 OL=15 OR=15 el=18 er=18 ed=0 dl=18 dr=18 cl=0 cr=0 ok=826 fail=0 vofa=firewater rx=770 txdrop=24983
1775114436.0310016,1775114436031001700,10314814831300,HB,219603,37466.0,1,-0.215,-0.159,18.0,18.0,0.0,15.0,15.0,15.0,15.0,18.0,18.0,0,0,,HB tick=219603 exp_id=268 t_ms=37466 run=1 ts=35.000 as=18.000 ta=0.000 aa=-0.139 se=17.000 so=15.000 ae=0.139 ao=0.138 pwm=15 pc=15 hd=0 y=-0.215 yr=-0.159 L=15 R=15 OL=15 OR=15 el=18 er=18 ed=0 dl=18 dr=18 cl=0 cr=0 ok=827 fail=0 vofa=firewater rx=770 txdrop=24983
1775114436.2596061,1775114436259606000,10315043435700,HB,219835,37698.0,1,-0.251,-0.158,18.0,17.0,1.0,15.0,15.0,15.0,15.0,18.0,17.0,0,0,,HB tick=219835 exp_id=268 t_ms=37698 run=1 ts=35.000 as=17.500 ta=0.000 aa=-0.216 se=17.500 so=15.300 ae=0.216 ao=0.235 pwm=15 pc=15 hd=0 y=-0.251 yr=-0.158 L=15 R=15 OL=15 OR=15 el=18 er=17 ed=1 dl=18 dr=17 cl=0 cr=0 ok=828 fail=0 vofa=firewater rx=770 txdrop=24983
1775114436.4985538,1775114436498553800,10315282383500,HB,220044,37907.0,1,-0.163,0.044,17.0,18.0,-1.0,15.0,15.0,15.0,15.0,17.0,18.0,0,0,,HB tick=220044 exp_id=268 t_ms=37907 run=1 ts=35.000 as=17.500 ta=0.000 aa=-0.252 se=17.500 so=15.300 ae=0.252 ao=0.271 pwm=15 pc=15 hd=0 y=-0.163 yr=0.044 L=15 R=15 OL=15 OR=15 el=17 er=18 ed=-1 dl=17 dr=18 cl=0 cr=0 ok=829 fail=0 vofa=firewater rx=770 txdrop=24983
1775114436.675553,1775114436675552900,10315459382600,HB,220250,38112.0,1,-0.115,0.111,17.0,18.0,0.0,15.0,15.0,15.0,15.0,17.0,18.0,0,0,,HB tick=220250 exp_id=268 t_ms=38112 run=1 ts=35.000 as=17.500 ta=0.000 aa=-0.164 se=17.500 so=15.300 ae=0.164 ao=0.159 pwm=15 pc=15 hd=0 y=-0.115 yr=0.111 L=15 R=15 OL=15 OR=15 el=17 er=18 ed=0 dl=17 dr=18 cl=0 cr=0 ok=830 fail=0 vofa=firewater rx=770 txdrop=24983
1775114436.8929522,1775114436892952300,10315676782000,HB,220454,38317.0,1,-0.088,0.118,17.0,17.0,0.0,16.0,16.0,16.0,16.0,17.0,17.0,0,0,,HB tick=220454 exp_id=268 t_ms=38317 run=1 ts=35.000 as=17.000 ta=0.000 aa=-0.116 se=18.000 so=15.600 ae=0.116 ao=0.103 pwm=16 pc=16 hd=0 y=-0.088 yr=0.118 L=16 R=16 OL=16 OR=16 el=17 er=17 ed=0 dl=17 dr=17 cl=0 cr=0 ok=831 fail=0 vofa=firewater rx=770 txdrop=24983
1775114437.0902436,1775114437090243600,10315874073200,HB,220664,38527.0,1,-0.091,0.073,18.0,17.0,1.0,15.0,15.0,15.0,15.0,18.0,17.0,0,0,,HB tick=220664 exp_id=268 t_ms=38527 run=1 ts=35.000 as=17.500 ta=0.000 aa=-0.089 se=17.500 so=15.300 ae=0.089 ao=0.075 pwm=15 pc=15 hd=0 y=-0.091 yr=0.073 L=15 R=15 OL=15 OR=15 el=18 er=17 ed=1 dl=18 dr=17 cl=0 cr=0 ok=832 fail=0 vofa=firewater rx=770 txdrop=24983
1775114437.2882638,1775114437288263800,10316072093800,HB,220825,38688.0,1,-0.199,-0.189,18.0,19.0,-1.0,15.0,15.0,15.0,15.0,18.0,19.0,0,0,,HB tick=220825 exp_id=268 t_ms=38688 run=1 ts=35.000 as=18.500 ta=0.000 aa=-0.091 se=16.500 so=14.700 ae=0.091 ao=0.083 pwm=15 pc=15 hd=0 y=-0.199 yr=-0.189 L=15 R=15 OL=15 OR=15 el=18 er=19 ed=-1 dl=18 dr=19 cl=0 cr=0 ok=833 fail=0 vofa=firewater rx=770 txdrop=24983
1775114437.4863389,1775114437486338800,10316270178600,HB,221058,38921.0,1,-0.136,-0.028,17.0,17.0,0.0,16.0,16.0,16.0,16.0,17.0,17.0,0,0,,HB tick=221058 exp_id=268 t_ms=38921 run=1 ts=35.000 as=17.000 ta=0.000 aa=-0.200 se=18.000 so=15.600 ae=0.200 ao=0.223 pwm=16 pc=16 hd=0 y=-0.136 yr=-0.028 L=16 R=16 OL=16 OR=16 el=17 er=17 ed=0 dl=17 dr=17 cl=0 cr=0 ok=834 fail=0 vofa=firewater rx=770 txdrop=24983
1775114437.6947145,1775114437694714600,10316478544300,HB,221267,39130.0,1,-0.126,-0.001,18.0,18.0,0.0,15.0,15.0,15.0,15.0,18.0,18.0,0,0,,HB tick=221267 exp_id=268 t_ms=39130 run=1 ts=35.000 as=18.000 ta=0.000 aa=-0.137 se=17.000 so=15.000 ae=0.137 ao=0.140 pwm=15 pc=15 hd=0 y=-0.126 yr=-0.001 L=15 R=15 OL=15 OR=15 el=18 er=18 ed=0 dl=18 dr=18 cl=0 cr=0 ok=835 fail=0 vofa=firewater rx=770 txdrop=24983
1775114437.8508277,1775114437850827700,10316634657300,HB,221428,39291.0,1,-0.255,-0.281,18.0,17.0,1.0,15.0,15.0,15.0,15.0,18.0,17.0,0,0,,HB tick=221428 exp_id=268 t_ms=39291 run=1 ts=35.000 as=17.500 ta=0.000 aa=-0.127 se=17.500 so=15.300 ae=0.127 ao=0.127 pwm=15 pc=15 hd=0 y=-0.255 yr=-0.281 L=15 R=15 OL=15 OR=15 el=18 er=17 ed=1 dl=18 dr=17 cl=0 cr=0 ok=836 fail=0 vofa=firewater rx=770 txdrop=24983
1775114438.141683,1775114438141683200,10316925513000,HB,221660,39523.0,1,-0.174,-0.061,17.0,17.0,0.0,15.0,15.0,15.0,15.0,17.0,17.0,0,0,,HB tick=221660 exp_id=268 t_ms=39523 run=1 ts=35.000 as=17.000 ta=0.000 aa=-0.255 se=18.000 so=15.600 ae=0.255 ao=0.289 pwm=15 pc=15 hd=0 y=-0.174 yr=-0.061 L=15 R=15 OL=15 OR=15 el=17 er=17 ed=0 dl=17 dr=17 cl=0 cr=0 ok=837 fail=0 vofa=firewater rx=770 txdrop=24983
1775114438.2872663,1775114438287266400,10317071096200,HB,221865,39728.0,1,-0.14,0.019,18.0,17.0,1.0,15.0,15.0,15.0,15.0,18.0,17.0,0,0,,HB tick=221865 exp_id=268 t_ms=39728 run=1 ts=35.000 as=17.500 ta=0.000 aa=-0.175 se=17.500 so=15.300 ae=0.175 ao=0.182 pwm=15 pc=15 hd=0 y=-0.140 yr=0.019 L=15 R=15 OL=15 OR=15 el=18 er=17 ed=1 dl=18 dr=17 cl=0 cr=0 ok=838 fail=0 vofa=firewater rx=770 txdrop=24983
1775114438.494157,1775114438494157000,10317277986600,HB,222070,39933.0,1,-0.219,-0.123,18.0,17.0,1.0,16.0,14.0,16.0,14.0,18.0,17.0,0,0,,HB tick=222070 exp_id=268 t_ms=39933 run=1 ts=35.000 as=17.500 ta=0.000 aa=-0.141 se=17.500 so=15.300 ae=0.141 ao=0.138 pwm=15 pc=15 hd=1 y=-0.219 yr=-0.123 L=16 R=14 OL=16 OR=14 el=18 er=17 ed=1 dl=18 dr=17 cl=0 cr=0 ok=839 fail=0 vofa=firewater rx=770 txdrop=24983
1775114438.7115889,1775114438711588900,10317495418500,HB,222274,40137.0,1,-0.086,0.149,18.0,18.0,0.0,15.0,15.0,15.0,15.0,18.0,18.0,0,0,,HB tick=222274 exp_id=268 t_ms=40137 run=1 ts=35.000 as=18.000 ta=0.000 aa=-0.220 se=17.000 so=15.000 ae=0.220 ao=0.235 pwm=15 pc=15 hd=0 y=-0.086 yr=0.149 L=15 R=15 OL=15 OR=15 el=18 er=18 ed=0 dl=18 dr=18 cl=0 cr=0 ok=840 fail=0 vofa=firewater rx=770 txdrop=24983
1775114450.3840115,1775114450384011400,10329167840900,HB,233827,0.0,0,56.724,-22.988,0.0,0.0,0.0,0.0,0.0,0.0,0.0,0.0,0.0,0,0,,HB tick=233827 run=0 ts=0.000 as=0.000 ta=0.000 aa=0.000 se=0.000 so=0.000 ae=0.000 ao=0.000 pwm=0 pc=0 hd=0 y=56.724 yr=-22.988 L=0 R=0 OL=0 OR=0 el=0 er=0 ed=0 dl=0 dr=0 cl=0 cr=0 ok=841 fail=0 vofa=firewater rx=826 txdrop=37047
1775114450.4573448,1775114450457344700,10329241174400,HB,234039,0.0,0,67.352,2.523,0.0,0.0,0.0,0.0,0.0,0.0,0.0,0.0,0.0,0,0,yaw_jump,HB tick=234039 run=0 ts=0.000 as=0.000 ta=0.000 aa=0.000 se=0.000 so=0.000 ae=0.000 ao=0.000 pwm=0 pc=0 hd=0 y=67.352 yr=2.523 L=0 R=0 OL=0 OR=0 el=0 er=0 ed=0 dl=0 dr=0 cl=0 cr=0 ok=842 fail=0 vofa=firewater rx=826 txdrop=37047
1775114450.685013,1775114450685013000,10329468842500,HB,234243,0.0,0,54.404,-20.576,0.0,0.0,0.0,0.0,0.0,0.0,0.0,0.0,0.0,0,0,yaw_jump,HB tick=234243 run=0 ts=0.000 as=0.000 ta=0.000 aa=0.000 se=0.000 so=0.000 ae=0.000 ao=0.000 pwm=0 pc=0 hd=0 y=54.404 yr=-20.576 L=0 R=0 OL=0 OR=0 el=0 er=0 ed=0 dl=0 dr=0 cl=0 cr=0 ok=843 fail=0 vofa=firewater rx=826 txdrop=37047
1775114450.8713536,1775114450871353600,10329655183400,HB,234445,0.0,0,45.904,-28.101,0.0,0.0,0.0,0.0,0.0,0.0,0.0,0.0,0.0,0,0,yaw_jump,HB tick=234445 run=0 ts=0.000 as=0.000 ta=0.000 aa=0.000 se=0.000 so=0.000 ae=0.000 ao=0.000 pwm=0 pc=0 hd=0 y=45.904 yr=-28.101 L=0 R=0 OL=0 OR=0 el=0 er=0 ed=0 dl=0 dr=0 cl=0 cr=0 ok=844 fail=0 vofa=firewater rx=826 txdrop=37047
1775114451.0777876,1775114451077787600,10329861617200,HB,234648,0.0,0,49.139,-12.689,0.0,0.0,0.0,0.0,0.0,0.0,0.0,0.0,0.0,0,0,,HB tick=234648 run=0 ts=0.000 as=0.000 ta=0.000 aa=0.000 se=0.000 so=0.000 ae=0.000 ao=0.000 pwm=0 pc=0 hd=0 y=49.139 yr=-12.689 L=0 R=0 OL=0 OR=0 el=0 er=0 ed=0 dl=0 dr=0 cl=0 cr=0 ok=845 fail=0 vofa=firewater rx=826 txdrop=37047
1775114451.3060846,1775114451306084601,10330089914201,HB,234857,0.0,0,54.669,1.057,0.0,0.0,0.0,0.0,0.0,0.0,0.0,0.0,0.0,0,0,,HB tick=234857 run=0 ts=0.000 as=0.000 ta=0.000 aa=0.000 se=0.000 so=0.000 ae=0.000 ao=0.000 pwm=0 pc=0 hd=0 y=54.669 yr=1.057 L=0 R=0 OL=0 OR=0 el=0 er=0 ed=0 dl=0 dr=0 cl=0 cr=0 ok=846 fail=0 vofa=firewater rx=826 txdrop=37047
1775114451.480972,1775114451480972100,10330264801800,HB,235060,0.0,0,45.133,-15.672,0.0,0.0,0.0,0.0,0.0,0.0,0.0,0.0,0.0,0,0,yaw_jump,HB tick=235060 run=0 ts=0.000 as=0.000 ta=0.000 aa=0.000 se=0.000 so=0.000 ae=0.000 ao=0.000 pwm=0 pc=0 hd=0 y=45.133 yr=-15.672 L=0 R=0 OL=0 OR=0 el=0 er=0 ed=0 dl=0 dr=0 cl=0 cr=0 ok=847 fail=0 vofa=firewater rx=826 txdrop=37047
1775114451.68976,1775114451689759900,10330473589400,HB,235263,0.0,0,36.192,-25.604,0.0,0.0,0.0,0.0,0.0,0.0,0.0,0.0,0.0,0,0,yaw_jump,HB tick=235263 run=0 ts=0.000 as=0.000 ta=0.000 aa=0.000 se=0.000 so=0.000 ae=0.000 ao=0.000 pwm=0 pc=0 hd=0 y=36.192 yr=-25.604 L=0 R=0 OL=0 OR=0 el=0 er=0 ed=0 dl=0 dr=0 cl=0 cr=0 ok=848 fail=0 vofa=firewater rx=826 txdrop=37047
1775114451.907882,1775114451907882000,10330691711700,HB,235466,0.0,0,32.141,-23.626,0.0,0.0,0.0,0.0,0.0,0.0,0.0,0.0,0.0,0,0,,HB tick=235466 run=0 ts=0.000 as=0.000 ta=0.000 aa=0.000 se=0.000 so=0.000 ae=0.000 ao=0.000 pwm=0 pc=0 hd=0 y=32.141 yr=-23.626 L=0 R=0 OL=0 OR=0 el=0 er=0 ed=0 dl=0 dr=0 cl=0 cr=0 ok=849 fail=0 vofa=firewater rx=826 txdrop=37047
1775114452.2814217,1775114452281421600,10331065251200,HB,235854,0.0,0,28.833,-15.022,0.0,0.0,0.0,0.0,0.0,0.0,0.0,0.0,0.0,0,0,,HB tick=235854 run=0 ts=0.000 as=0.000 ta=0.000 aa=0.000 se=0.000 so=0.000 ae=0.000 ao=0.000 pwm=0 pc=0 hd=0 y=28.833 yr=-15.022 L=0 R=0 OL=0 OR=0 el=0 er=0 ed=0 dl=0 dr=0 cl=0 cr=0 ok=850 fail=0 vofa=firewater rx=826 txdrop=37047
1775114452.5084553,1775114452508455200,10331292284900,HB,236058,0.0,0,15.995,-31.899,0.0,0.0,0.0,0.0,0.0,0.0,0.0,0.0,0.0,0,0,yaw_jump,HB tick=236058 run=0 ts=0.000 as=0.000 ta=0.000 aa=0.000 se=0.000 so=0.000 ae=0.000 ao=0.000 pwm=0 pc=0 hd=0 y=15.995 yr=-31.899 L=0 R=0 OL=0 OR=0 el=0 er=0 ed=0 dl=0 dr=0 cl=0 cr=0 ok=851 fail=0 vofa=firewater rx=826 txdrop=37047
1775114452.6890922,1775114452689092100,10331472921600,HB,236262,0.0,0,10.018,-30.94,0.0,0.0,0.0,0.0,0.0,0.0,0.0,0.0,0.0,0,0,,HB tick=236262 run=0 ts=0.000 as=0.000 ta=0.000 aa=0.000 se=0.000 so=0.000 ae=0.000 ao=0.000 pwm=0 pc=0 hd=0 y=10.018 yr=-30.940 L=0 R=0 OL=0 OR=0 el=0 er=0 ed=0 dl=0 dr=0 cl=0 cr=0 ok=852 fail=0 vofa=firewater rx=826 txdrop=37047
1775114452.907167,1775114452907167100,10331690996700,HB,236480,0.0,0,9.101,-21.582,0.0,0.0,0.0,0.0,0.0,0.0,0.0,0.0,0.0,0,0,,HB tick=236480 run=0 ts=0.000 as=0.000 ta=0.000 aa=0.000 se=0.000 so=0.000 ae=0.000 ao=0.000 pwm=0 pc=0 hd=0 y=9.101 yr=-21.582 L=0 R=0 OL=0 OR=0 el=0 er=0 ed=0 dl=0 dr=0 cl=0 cr=0 ok=853 fail=0 vofa=firewater rx=826 txdrop=37047
