host_time_s,host_time_ns,host_monotonic_ns,source,tick,t_ms,run,yaw,yaw_rate,left_encoder,right_encoder,encoder_diff,left_output,right_output,left_core,right_core,raw_left_delta,raw_right_delta,left_clamped,right_clamped,anomaly_flags,raw_line
1775026476.0721843,1775026476072184201,3786857363601,HB,100740,0.0,0,0.036,-0.0,0.0,0.0,0.0,0.0,0.0,0.0,0.0,0.0,0.0,0,0,,HB tick=100740 run=0 spd=1 ts=0.000 as=0.000 ta=0.000 aa=0.000 se=0.000 so=0.000 ae=0.000 ao=0.000 pwm=0 pc=0 hd=0 y=0.036 yr=-0.000 L=0 R=0 OL=0 OR=0 el=0 er=0 ed=0 dl=0 dr=0 cl=0 cr=0 ok=399 fail=0 vofa=firewater rx=0 txdrop=0
1775026476.0721843,1775026476072184202,3786857363602,HB,101083,0.0,0,0.036,0.0,0.0,0.0,0.0,0.0,0.0,0.0,0.0,0.0,0.0,0,0,,HB tick=101083 run=0 spd=1 ts=0.000 as=0.000 ta=0.000 aa=0.000 se=0.000 so=0.000 ae=0.000 ao=0.000 pwm=0 pc=0 hd=0 y=0.036 yr=0.000 L=0 R=0 OL=0 OR=0 el=0 er=0 ed=0 dl=0 dr=0 cl=0 cr=0 ok=400 fail=0 vofa=firewater rx=0 txdrop=0
1775026476.215635,1775026476215634900,3787000812800,HB,101315,0.0,0,0.036,0.001,0.0,0.0,0.0,0.0,0.0,0.0,0.0,0.0,0.0,0,0,,HB tick=101315 run=0 spd=1 ts=0.000 as=0.000 ta=0.000 aa=0.000 se=0.000 so=0.000 ae=0.000 ao=0.000 pwm=0 pc=0 hd=0 y=0.036 yr=0.001 L=0 R=0 OL=0 OR=0 el=0 er=0 ed=0 dl=0 dr=0 cl=0 cr=0 ok=401 fail=0 vofa=firewater rx=0 txdrop=0
1775026476.4044166,1775026476404416400,3787189594100,HB,101518,0.0,0,0.036,0.0,0.0,0.0,0.0,0.0,0.0,0.0,0.0,0.0,0.0,0,0,,HB tick=101518 run=0 spd=1 ts=0.000 as=0.000 ta=0.000 aa=0.000 se=0.000 so=0.000 ae=0.000 ao=0.000 pwm=0 pc=0 hd=0 y=0.036 yr=0.000 L=0 R=0 OL=0 OR=0 el=0 er=0 ed=0 dl=0 dr=0 cl=0 cr=0 ok=402 fail=0 vofa=firewater rx=0 txdrop=0
1775026476.561028,1775026476561028100,3787346205900,STAT,101661,0.0,0,0.036016,0.000397,0.0,0.0,0.0,0.0,0.0,0.0,0.0,0.0,0.0,0,0,,STAT tick=101661 run=0 spd=1 ts=0.000000 as=0.000000 ta=0.000000 aa=0.000000 se=0.000000 so=0.000000 ae=0.000000 ao=0.000000 pwm=0 pc=0 hd=0 y=0.036016 p=-0.908496 r=4.617748 yr=0.000397 ax=0 ay=0 az=0 gx=0 gy=0 gz=0 who=0x85 addr=0x4A icm_ok=514 icm_fail=0 L=0 R=0 OL=0 OR=0 el=0 er=0 ed=0 dl=0 dr=0 cl=0 cr=0 skp=0.100000 ski=0.012000 skd=0.000000 akp=0.240000 aki=0.002400 akd=0.050000 ok=403 fail=0 vofa=firewater rx=6 txdrop=0
1775026476.6027784,1775026476602778400,3787387959700,HB,101724,0.0,0,0.036,-0.0,0.0,0.0,0.0,0.0,0.0,0.0,0.0,0.0,0.0,0,0,,HB tick=101724 run=0 spd=1 ts=0.000 as=0.000 ta=0.000 aa=0.000 se=0.000 so=0.000 ae=0.000 ao=0.000 pwm=0 pc=0 hd=0 y=0.036 yr=-0.000 L=0 R=0 OL=0 OR=0 el=0 er=0 ed=0 dl=0 dr=0 cl=0 cr=0 ok=403 fail=0 vofa=firewater rx=6 txdrop=0
1775026476.9561272,1775026476956127200,3787741304900,HB,102068,0.0,0,0.035,-0.001,0.0,0.0,0.0,0.0,0.0,0.0,0.0,0.0,0.0,0,0,,HB tick=102068 run=0 spd=1 ts=0.000 as=0.000 ta=0.000 aa=0.000 se=0.000 so=0.000 ae=0.000 ao=0.000 pwm=0 pc=0 hd=0 y=0.035 yr=-0.001 L=0 R=0 OL=0 OR=0 el=0 er=0 ed=0 dl=0 dr=0 cl=0 cr=0 ok=404 fail=0 vofa=firewater rx=6 txdrop=0
1775026477.1765776,1775026477176577500,3787961755000,HB,102298,0.0,0,0.035,-0.001,0.0,0.0,0.0,0.0,0.0,0.0,0.0,0.0,0.0,0,0,,HB tick=102298 run=0 spd=1 ts=0.000 as=0.000 ta=0.000 aa=0.000 se=0.000 so=0.000 ae=0.000 ao=0.000 pwm=0 pc=0 hd=0 y=0.035 yr=-0.001 L=0 R=0 OL=0 OR=0 el=0 er=0 ed=0 dl=0 dr=0 cl=0 cr=0 ok=405 fail=0 vofa=firewater rx=6 txdrop=0
1775026477.4040651,1775026477404065000,3788189242400,HB,102502,0.0,0,0.042,0.012,0.0,0.0,0.0,0.0,0.0,0.0,0.0,0.0,0.0,0,0,,HB tick=102502 run=0 spd=1 ts=0.000 as=0.000 ta=0.000 aa=0.000 se=0.000 so=0.000 ae=0.000 ao=0.000 pwm=0 pc=0 hd=0 y=0.042 yr=0.012 L=0 R=0 OL=0 OR=0 el=0 er=0 ed=0 dl=0 dr=0 cl=0 cr=0 ok=406 fail=0 vofa=firewater rx=6 txdrop=0
1775026477.7806726,1775026477780672500,3788565850000,HB,102892,0.0,0,0.043,0.005,0.0,0.0,0.0,0.0,0.0,0.0,0.0,0.0,0.0,0,0,,HB tick=102892 run=0 spd=1 ts=0.000 as=0.000 ta=0.000 aa=0.000 se=0.000 so=0.000 ae=0.000 ao=0.000 pwm=0 pc=0 hd=0 y=0.043 yr=0.005 L=0 R=0 OL=0 OR=0 el=0 er=0 ed=0 dl=0 dr=0 cl=0 cr=0 ok=407 fail=0 vofa=firewater rx=6 txdrop=0
1775026477.9777956,1775026477977795700,3788762973100,HB,103095,0.0,0,0.036,-0.009,0.0,0.0,0.0,0.0,0.0,0.0,0.0,0.0,0.0,0,0,,HB tick=103095 run=0 spd=1 ts=0.000 as=0.000 ta=0.000 aa=0.000 se=0.000 so=0.000 ae=0.000 ao=0.000 pwm=0 pc=0 hd=0 y=0.036 yr=-0.009 L=0 R=0 OL=0 OR=0 el=0 er=0 ed=0 dl=0 dr=0 cl=0 cr=0 ok=408 fail=0 vofa=firewater rx=6 txdrop=0
1775026478.1847227,1775026478184722600,3788969899800,HB,103298,0.0,0,0.036,-0.006,0.0,0.0,0.0,0.0,0.0,0.0,0.0,0.0,0.0,0,0,,HB tick=103298 run=0 spd=1 ts=0.000 as=0.000 ta=0.000 aa=0.000 se=0.000 so=0.000 ae=0.000 ao=0.000 pwm=0 pc=0 hd=0 y=0.036 yr=-0.006 L=0 R=0 OL=0 OR=0 el=0 er=0 ed=0 dl=0 dr=0 cl=0 cr=0 ok=409 fail=0 vofa=firewater rx=6 txdrop=0
1775026478.4123597,1775026478412359800,3789197537200,HB,103502,0.0,0,0.036,-0.003,0.0,0.0,0.0,0.0,0.0,0.0,0.0,0.0,0.0,0,0,,HB tick=103502 run=0 spd=1 ts=0.000 as=0.000 ta=0.000 aa=0.000 se=0.000 so=0.000 ae=0.000 ao=0.000 pwm=0 pc=0 hd=0 y=0.036 yr=-0.003 L=0 R=0 OL=0 OR=0 el=0 er=0 ed=0 dl=0 dr=0 cl=0 cr=0 ok=410 fail=0 vofa=firewater rx=6 txdrop=0
1775026478.7265675,1775026478726567400,3789511745800,HB,103848,0.0,0,0.036,-0.001,0.0,0.0,0.0,0.0,0.0,0.0,0.0,0.0,0.0,0,0,,HB tick=103848 run=0 spd=1 ts=0.000 as=0.000 ta=0.000 aa=0.000 se=0.000 so=0.000 ae=0.000 ao=0.000 pwm=0 pc=0 hd=0 y=0.036 yr=-0.001 L=0 R=0 OL=0 OR=0 el=0 er=0 ed=0 dl=0 dr=0 cl=0 cr=0 ok=411 fail=0 vofa=firewater rx=12 txdrop=0
1775026478.9579766,1775026478957976600,3789743154000,HB,104078,0.0,0,0.036,-0.001,0.0,0.0,0.0,0.0,0.0,0.0,0.0,0.0,0.0,0,0,,HB tick=104078 run=0 spd=1 ts=0.000 as=0.000 ta=0.000 aa=0.000 se=0.000 so=0.000 ae=0.000 ao=0.000 pwm=0 pc=0 hd=0 y=0.036 yr=-0.001 L=0 R=0 OL=0 OR=0 el=0 er=0 ed=0 dl=0 dr=0 cl=0 cr=0 ok=412 fail=0 vofa=firewater rx=12 txdrop=0
1775026479.1667202,1775026479166720300,3789951897600,HB,104280,0.0,0,0.035,-0.001,0.0,0.0,0.0,0.0,0.0,0.0,0.0,0.0,0.0,0,0,,HB tick=104280 run=0 spd=1 ts=0.000 as=0.000 ta=0.000 aa=0.000 se=0.000 so=0.000 ae=0.000 ao=0.000 pwm=0 pc=0 hd=0 y=0.035 yr=-0.001 L=0 R=0 OL=0 OR=0 el=0 er=0 ed=0 dl=0 dr=0 cl=0 cr=0 ok=413 fail=0 vofa=firewater rx=12 txdrop=0
1775026479.469635,1775026479469635100,3790254812300,HB,104483,0.0,0,0.035,-0.001,0.0,0.0,0.0,0.0,0.0,0.0,0.0,0.0,0.0,0,0,,HB tick=104483 run=0 spd=1 ts=0.000 as=0.000 ta=0.000 aa=0.000 se=0.000 so=0.000 ae=0.000 ao=0.000 pwm=0 pc=0 hd=0 y=0.035 yr=-0.001 L=0 R=0 OL=0 OR=0 el=0 er=0 ed=0 dl=0 dr=0 cl=0 cr=0 ok=414 fail=0 vofa=firewater rx=12 txdrop=0
1775026479.7723975,1775026479772397500,3790557574800,HB,104872,0.0,0,0.035,-0.001,0.0,0.0,0.0,0.0,0.0,0.0,0.0,0.0,0.0,0,0,,HB tick=104872 run=0 spd=1 ts=0.000 as=0.000 ta=0.000 aa=0.000 se=0.000 so=0.000 ae=0.000 ao=0.000 pwm=0 pc=0 hd=0 y=0.035 yr=-0.001 L=0 R=0 OL=0 OR=0 el=0 er=0 ed=0 dl=0 dr=0 cl=0 cr=0 ok=415 fail=0 vofa=firewater rx=17 txdrop=0
1775026479.9598246,1775026479959824700,3790745004500,HB,105076,0.0,0,0.035,-0.0,0.0,0.0,0.0,0.0,0.0,0.0,0.0,0.0,0.0,0,0,,HB tick=105076 run=0 spd=1 ts=0.000 as=0.000 ta=0.000 aa=0.000 se=0.000 so=0.000 ae=0.000 ao=0.000 pwm=0 pc=0 hd=0 y=0.035 yr=-0.000 L=0 R=0 OL=0 OR=0 el=0 er=0 ed=0 dl=0 dr=0 cl=0 cr=0 ok=416 fail=0 vofa=firewater rx=17 txdrop=0
1775026480.1581166,1775026480158116600,3790943294400,HB,105279,0.0,0,0.043,0.012,0.0,0.0,0.0,0.0,0.0,0.0,0.0,0.0,0.0,0,0,,HB tick=105279 run=0 spd=1 ts=0.000 as=0.000 ta=0.000 aa=0.000 se=0.000 so=0.000 ae=0.000 ao=0.000 pwm=0 pc=0 hd=0 y=0.043 yr=0.012 L=0 R=0 OL=0 OR=0 el=0 er=0 ed=0 dl=0 dr=0 cl=0 cr=0 ok=417 fail=0 vofa=firewater rx=17 txdrop=0
1775026480.4765265,1775026480476526500,3791261703600,HB,105498,0.0,0,0.042,0.008,0.0,0.0,0.0,0.0,0.0,0.0,0.0,0.0,0.0,0,0,,HB tick=105498 run=0 spd=1 ts=0.000 as=0.000 ta=0.000 aa=0.000 se=0.000 so=0.000 ae=0.000 ao=0.000 pwm=0 pc=0 hd=0 y=0.042 yr=0.008 L=0 R=0 OL=0 OR=0 el=0 er=0 ed=0 dl=0 dr=0 cl=0 cr=0 ok=418 fail=0 vofa=firewater rx=17 txdrop=0
1775026480.7251248,1775026480725124900,3791510302100,HB,105837,0.0,0,0.042,0.003,0.0,0.0,0.0,0.0,0.0,0.0,0.0,0.0,0.0,0,0,,HB tick=105837 run=0 spd=1 ts=0.000 as=0.000 ta=0.000 aa=0.000 se=0.000 so=0.000 ae=0.000 ao=0.000 pwm=0 pc=0 hd=0 y=0.042 yr=0.003 L=0 R=0 OL=0 OR=0 el=0 er=0 ed=0 dl=0 dr=0 cl=0 cr=0 ok=419 fail=0 vofa=firewater rx=17 txdrop=0
1775026480.9752522,1775026480975252300,3791760430500,HB,106069,0.0,0,0.042,0.002,0.0,0.0,0.0,0.0,0.0,0.0,0.0,0.0,0.0,0,0,,HB tick=106069 run=0 spd=1 ts=0.000 as=0.000 ta=0.000 aa=0.000 se=0.000 so=0.000 ae=0.000 ao=0.000 pwm=0 pc=0 hd=0 y=0.042 yr=0.002 L=0 R=0 OL=0 OR=0 el=0 er=0 ed=0 dl=0 dr=0 cl=0 cr=0 ok=420 fail=0 vofa=firewater rx=22 txdrop=0
1775026481.1515722,1775026481151572100,3791936749500,HB,106272,0.0,0,0.042,0.001,0.0,0.0,0.0,0.0,0.0,0.0,0.0,0.0,0.0,0,0,,HB tick=106272 run=0 spd=1 ts=0.000 as=0.000 ta=0.000 aa=0.000 se=0.000 so=0.000 ae=0.000 ao=0.000 pwm=0 pc=0 hd=0 y=0.042 yr=0.001 L=0 R=0 OL=0 OR=0 el=0 er=0 ed=0 dl=0 dr=0 cl=0 cr=0 ok=421 fail=0 vofa=firewater rx=22 txdrop=0
1775026481.3600225,1775026481360022600,3792145200600,HB,106475,0.0,0,0.042,0.001,0.0,0.0,0.0,0.0,0.0,0.0,0.0,0.0,0.0,0,0,,HB tick=106475 run=0 spd=1 ts=0.000 as=0.000 ta=0.000 aa=0.000 se=0.000 so=0.000 ae=0.000 ao=0.000 pwm=0 pc=0 hd=0 y=0.042 yr=0.001 L=0 R=0 OL=0 OR=0 el=0 er=0 ed=0 dl=0 dr=0 cl=0 cr=0 ok=422 fail=0 vofa=firewater rx=22 txdrop=0
1775026481.5580752,1775026481558075200,3792343252800,HB,106678,0.0,0,0.042,0.0,0.0,0.0,0.0,0.0,0.0,0.0,0.0,0.0,0.0,0,0,,HB tick=106678 run=0 spd=1 ts=0.000 as=0.000 ta=0.000 aa=0.000 se=0.000 so=0.000 ae=0.000 ao=0.000 pwm=0 pc=0 hd=0 y=0.042 yr=0.000 L=0 R=0 OL=0 OR=0 el=0 er=0 ed=0 dl=0 dr=0 cl=0 cr=0 ok=423 fail=0 vofa=firewater rx=22 txdrop=0
1775026481.7660835,1775026481766083500,3792551260800,HB,106881,0.0,0,0.035,-0.012,0.0,0.0,0.0,0.0,0.0,0.0,0.0,0.0,0.0,0,0,,HB tick=106881 run=0 spd=1 ts=0.000 as=0.000 ta=0.000 aa=0.000 se=0.000 so=0.000 ae=0.000 ao=0.000 pwm=0 pc=0 hd=0 y=0.035 yr=-0.012 L=0 R=0 OL=0 OR=0 el=0 er=0 ed=0 dl=0 dr=0 cl=0 cr=0 ok=424 fail=0 vofa=firewater rx=22 txdrop=0
1775026482.1716588,1775026482171658700,3792956836400,HB,107271,0.0,0,0.035,-0.005,0.0,0.0,0.0,0.0,0.0,0.0,0.0,0.0,0.0,0,0,,HB tick=107271 run=0 spd=1 ts=0.000 as=0.000 ta=0.000 aa=0.000 se=0.000 so=0.000 ae=0.000 ao=0.000 pwm=0 pc=0 hd=0 y=0.035 yr=-0.005 L=0 R=0 OL=0 OR=0 el=0 er=0 ed=0 dl=0 dr=0 cl=0 cr=0 ok=425 fail=0 vofa=firewater rx=29 txdrop=0
1775026482.3588116,1775026482358811700,3793143988900,HB,107475,0.0,0,0.035,-0.003,0.0,0.0,0.0,0.0,0.0,0.0,0.0,0.0,0.0,0,0,,HB tick=107475 run=0 spd=1 ts=0.000 as=0.000 ta=0.000 aa=0.000 se=0.000 so=0.000 ae=0.000 ao=0.000 pwm=0 pc=0 hd=0 y=0.035 yr=-0.003 L=0 R=0 OL=0 OR=0 el=0 er=0 ed=0 dl=0 dr=0 cl=0 cr=0 ok=426 fail=0 vofa=firewater rx=29 txdrop=0
1775026482.557358,1775026482557358200,3793342535600,HB,107678,0.0,0,0.035,-0.002,0.0,0.0,0.0,0.0,0.0,0.0,0.0,0.0,0.0,0,0,,HB tick=107678 run=0 spd=1 ts=0.000 as=0.000 ta=0.000 aa=0.000 se=0.000 so=0.000 ae=0.000 ao=0.000 pwm=0 pc=0 hd=0 y=0.035 yr=-0.002 L=0 R=0 OL=0 OR=0 el=0 er=0 ed=0 dl=0 dr=0 cl=0 cr=0 ok=427 fail=0 vofa=firewater rx=29 txdrop=0
1775026482.7638106,1775026482763810600,3793548987800,HB,107881,0.0,0,0.035,-0.002,0.0,0.0,0.0,0.0,0.0,0.0,0.0,0.0,0.0,0,0,,HB tick=107881 run=0 spd=1 ts=0.000 as=0.000 ta=0.000 aa=0.000 se=0.000 so=0.000 ae=0.000 ao=0.000 pwm=0 pc=0 hd=0 y=0.035 yr=-0.002 L=0 R=0 OL=0 OR=0 el=0 er=0 ed=0 dl=0 dr=0 cl=0 cr=0 ok=428 fail=0 vofa=firewater rx=38 txdrop=0
1775026483.1063938,1775026483106393900,3793891574200,HB,108226,0.0,0,0.035,-0.001,0.0,0.0,0.0,0.0,0.0,0.0,0.0,0.0,0.0,0,0,,HB tick=108226 run=0 spd=1 ts=0.000 as=0.000 ta=0.000 aa=0.000 se=0.000 so=0.000 ae=0.000 ao=0.000 pwm=0 pc=0 hd=0 y=0.035 yr=-0.001 L=0 R=0 OL=0 OR=0 el=0 er=0 ed=0 dl=0 dr=0 cl=0 cr=0 ok=429 fail=0 vofa=firewater rx=38 txdrop=0
1775026483.36427,1775026483364270100,3794149447400,HB,108457,0.0,0,0.035,-0.001,0.0,0.0,0.0,0.0,0.0,0.0,0.0,0.0,0.0,0,0,,HB tick=108457 run=0 spd=1 ts=0.000 as=0.000 ta=0.000 aa=0.000 se=0.000 so=0.000 ae=0.000 ao=0.000 pwm=0 pc=0 hd=0 y=0.035 yr=-0.001 L=0 R=0 OL=0 OR=0 el=0 er=0 ed=0 dl=0 dr=0 cl=0 cr=0 ok=430 fail=0 vofa=firewater rx=38 txdrop=0
1775026483.5413654,1775026483541365600,3794326544100,HB,108661,0.0,0,0.035,-0.0,0.0,0.0,0.0,0.0,0.0,0.0,0.0,0.0,0.0,0,0,,HB tick=108661 run=0 spd=1 ts=0.000 as=0.000 ta=0.000 aa=0.000 se=0.000 so=0.000 ae=0.000 ao=0.000 pwm=0 pc=0 hd=0 y=0.035 yr=-0.000 L=0 R=0 OL=0 OR=0 el=0 er=0 ed=0 dl=0 dr=0 cl=0 cr=0 ok=431 fail=0 vofa=firewater rx=49 txdrop=0
1775026483.7512057,1775026483751205700,3794536383000,HB,108864,0.0,0,0.035,-0.0,0.0,0.0,0.0,0.0,0.0,0.0,0.0,0.0,0.0,0,0,,HB tick=108864 run=0 spd=1 ts=0.000 as=0.000 ta=0.000 aa=0.000 se=0.000 so=0.000 ae=0.000 ao=0.000 pwm=0 pc=0 hd=0 y=0.035 yr=-0.000 L=0 R=0 OL=0 OR=0 el=0 er=0 ed=0 dl=0 dr=0 cl=0 cr=0 ok=432 fail=0 vofa=firewater rx=49 txdrop=0
1775026484.0106611,1775026484010661200,3794795838500,HB,109071,0.0,0,0.035,-0.0,0.0,0.0,0.0,0.0,0.0,0.0,0.0,0.0,0.0,0,0,,HB tick=109071 run=0 spd=1 ts=0.000 as=0.000 ta=0.000 aa=0.000 se=0.000 so=0.000 ae=0.000 ao=0.000 pwm=0 pc=0 hd=0 y=0.035 yr=-0.000 L=0 R=0 OL=0 OR=0 el=0 er=0 ed=0 dl=0 dr=0 cl=0 cr=0 ok=433 fail=0 vofa=firewater rx=49 txdrop=0
1775026484.1563427,1775026484156342900,3794941521600,HB,109275,0.0,0,0.035,-0.0,0.0,0.0,0.0,0.0,0.0,0.0,0.0,0.0,0.0,0,0,,HB tick=109275 run=0 spd=1 ts=0.000 as=0.000 ta=0.000 aa=0.000 se=0.000 so=0.000 ae=0.000 ao=0.000 pwm=0 pc=0 hd=0 y=0.035 yr=-0.000 L=0 R=0 OL=0 OR=0 el=0 er=0 ed=0 dl=0 dr=0 cl=0 cr=0 ok=434 fail=0 vofa=firewater rx=58 txdrop=0
1775026484.3850236,1775026484385023600,3795170202700,HB,109479,0.0,0,0.035,-0.0,0.0,0.0,0.0,0.0,0.0,0.0,0.0,0.0,0.0,0,0,,HB tick=109479 run=0 spd=1 ts=0.000 as=0.000 ta=0.000 aa=0.000 se=0.000 so=0.000 ae=0.000 ao=0.000 pwm=0 pc=0 hd=0 y=0.035 yr=-0.000 L=0 R=0 OL=0 OR=0 el=0 er=0 ed=0 dl=0 dr=0 cl=0 cr=0 ok=435 fail=0 vofa=firewater rx=58 txdrop=0
1775026484.7082314,1775026484708231300,3795493408400,HB,109825,0.0,0,0.035,-0.0,0.0,0.0,0.0,0.0,0.0,0.0,0.0,0.0,0.0,0,0,,HB tick=109825 run=0 spd=1 ts=0.000 as=0.000 ta=0.000 aa=0.000 se=0.000 so=0.000 ae=0.000 ao=0.000 pwm=0 pc=0 hd=0 y=0.035 yr=-0.000 L=0 R=0 OL=0 OR=0 el=0 er=0 ed=0 dl=0 dr=0 cl=0 cr=0 ok=436 fail=0 vofa=firewater rx=58 txdrop=0
1775026484.9378343,1775026484937834300,3795723011700,HB,110055,0.0,0,0.042,0.011,0.0,0.0,0.0,0.0,0.0,0.0,0.0,0.0,0.0,0,0,,HB tick=110055 run=0 spd=1 ts=0.000 as=0.000 ta=0.000 aa=0.000 se=0.000 so=0.000 ae=0.000 ao=0.000 pwm=0 pc=0 hd=0 y=0.042 yr=0.011 L=0 R=0 OL=0 OR=0 el=0 er=0 ed=0 dl=0 dr=0 cl=0 cr=0 ok=437 fail=0 vofa=firewater rx=68 txdrop=0
1775026485.1559286,1775026485155928600,3795941106100,HB,110274,0.0,0,0.042,0.007,0.0,0.0,0.0,0.0,0.0,0.0,0.0,0.0,0.0,0,0,,HB tick=110274 run=0 spd=1 ts=0.000 as=0.000 ta=0.000 aa=0.000 se=0.000 so=0.000 ae=0.000 ao=0.000 pwm=0 pc=0 hd=0 y=0.042 yr=0.007 L=0 R=0 OL=0 OR=0 el=0 er=0 ed=0 dl=0 dr=0 cl=0 cr=0 ok=438 fail=0 vofa=firewater rx=68 txdrop=0
1775026485.5597396,1775026485559739600,3796344916800,HB,110659,0.0,0,0.035,-0.008,0.0,0.0,0.0,0.0,0.0,0.0,0.0,0.0,0.0,0,0,,HB tick=110659 run=0 spd=1 ts=0.000 as=0.000 ta=0.000 aa=0.000 se=0.000 so=0.000 ae=0.000 ao=0.000 pwm=0 pc=0 hd=0 y=0.035 yr=-0.008 L=0 R=0 OL=0 OR=0 el=0 er=0 ed=0 dl=0 dr=0 cl=0 cr=0 ok=439 fail=0 vofa=firewater rx=80 txdrop=0
1775026485.8830843,1775026485883084300,3796668261700,HB,111004,0.0,0,0.035,-0.002,0.0,0.0,0.0,0.0,0.0,0.0,0.0,0.0,0.0,0,0,,HB tick=111004 run=0 spd=1 ts=0.000 as=0.000 ta=0.000 aa=0.000 se=0.000 so=0.000 ae=0.000 ao=0.000 pwm=0 pc=0 hd=0 y=0.035 yr=-0.002 L=0 R=0 OL=0 OR=0 el=0 er=0 ed=0 dl=0 dr=0 cl=0 cr=0 ok=440 fail=0 vofa=firewater rx=80 txdrop=0
1775026486.1197753,1775026486119775200,3796904952700,HB,111235,0.0,0,0.035,-0.002,0.0,0.0,0.0,0.0,0.0,0.0,0.0,0.0,0.0,0,0,,HB tick=111235 run=0 spd=1 ts=0.000 as=0.000 ta=0.000 aa=0.000 se=0.000 so=0.000 ae=0.000 ao=0.000 pwm=0 pc=0 hd=0 y=0.035 yr=-0.002 L=0 R=0 OL=0 OR=0 el=0 er=0 ed=0 dl=0 dr=0 cl=0 cr=0 ok=441 fail=0 vofa=firewater rx=90 txdrop=0
1775026486.3178325,1775026486317832400,3797103009700,HB,111438,0.0,0,0.035,-0.001,0.0,0.0,0.0,0.0,0.0,0.0,0.0,0.0,0.0,0,0,,HB tick=111438 run=0 spd=1 ts=0.000 as=0.000 ta=0.000 aa=0.000 se=0.000 so=0.000 ae=0.000 ao=0.000 pwm=0 pc=0 hd=0 y=0.035 yr=-0.001 L=0 R=0 OL=0 OR=0 el=0 er=0 ed=0 dl=0 dr=0 cl=0 cr=0 ok=442 fail=0 vofa=firewater rx=90 txdrop=0
1775026486.7308722,1775026486730872000,3797516049300,HB,111828,0.0,0,0.035,-0.001,0.0,0.0,0.0,0.0,0.0,0.0,0.0,0.0,0.0,0,0,,HB tick=111828 run=0 spd=1 ts=0.000 as=0.000 ta=0.000 aa=0.000 se=0.000 so=0.000 ae=0.000 ao=0.000 pwm=0 pc=0 hd=0 y=0.035 yr=-0.001 L=0 R=0 OL=0 OR=0 el=0 er=0 ed=0 dl=0 dr=0 cl=0 cr=0 ok=443 fail=0 vofa=firewater rx=90 txdrop=0
1775026486.876009,1775026486876008900,3797661186400,STAT,111971,0.0,0,0.035113,-0.000586,0.0,0.0,0.0,0.0,0.0,0.0,0.0,0.0,0.0,0,0,,STAT tick=111971 run=0 spd=1 ts=0.000000 as=0.000000 ta=0.000000 aa=0.000000 se=0.000000 so=0.000000 ae=0.000000 ao=0.000000 pwm=0 pc=0 hd=0 y=0.035113 p=-0.929463 r=4.624787 yr=-0.000586 ax=0 ay=0 az=0 gx=0 gy=0 gz=0 who=0x85 addr=0x4A icm_ok=566 icm_fail=0 L=0 R=0 OL=0 OR=0 el=0 er=0 ed=0 dl=0 dr=0 cl=0 cr=0 skp=0.100000 ski=0.012000 skd=0.000000 akp=0.240000 aki=0.002400 akd=0.320000 ok=444 fail=0 vofa=firewater rx=96 txdrop=0
1775026486.9178753,1775026486917875200,3797703052400,HB,112035,0.0,0,0.035,-0.0,0.0,0.0,0.0,0.0,0.0,0.0,0.0,0.0,0.0,0,0,,HB tick=112035 run=0 spd=1 ts=0.000 as=0.000 ta=0.000 aa=0.000 se=0.000 so=0.000 ae=0.000 ao=0.000 pwm=0 pc=0 hd=0 y=0.035 yr=-0.000 L=0 R=0 OL=0 OR=0 el=0 er=0 ed=0 dl=0 dr=0 cl=0 cr=0 ok=444 fail=0 vofa=firewater rx=96 txdrop=0
1775026487.767867,1775026487767867100,3798553044400,HB,112866,0.0,1,-0.301,-0.427,12.0,12.0,0.0,12.0,12.0,1.0,1.0,12.0,12.0,0,0,,HB tick=112866 run=1 spd=1 ts=20.000 as=12.000 ta=0.000 aa=0.000 se=8.000 so=0.853 ae=0.000 ao=0.000 pwm=12 pc=1 hd=0 y=-0.301 yr=-0.427 L=1 R=1 OL=12 OR=12 el=12 er=12 ed=0 dl=12 dr=12 cl=0 cr=0 ok=446 fail=0 vofa=firewater rx=115 txdrop=0
1775026487.9545174,1775026487954517300,3798739695900,HB,113068,0.0,1,-0.303,-0.281,13.0,14.0,-1.0,12.0,12.0,1.0,1.0,13.0,14.0,0,0,,HB tick=113068 run=1 spd=1 ts=20.000 as=13.500 ta=0.000 aa=-0.301 se=6.500 so=0.720 ae=0.301 ao=0.176 pwm=12 pc=1 hd=0 y=-0.303 yr=-0.281 L=1 R=1 OL=12 OR=12 el=13 er=14 ed=-1 dl=13 dr=14 cl=0 cr=0 ok=447 fail=0 vofa=firewater rx=115 txdrop=0
1775026488.203109,1775026488203109100,3798988286800,HB,113291,0.0,1,-0.444,-0.405,13.0,14.0,-1.0,12.0,12.0,1.0,1.0,13.0,14.0,0,0,,HB tick=113291 run=1 spd=1 ts=20.000 as=13.500 ta=0.000 aa=-0.303 se=6.500 so=0.737 ae=0.303 ao=0.163 pwm=12 pc=1 hd=0 y=-0.444 yr=-0.405 L=1 R=1 OL=12 OR=12 el=13 er=14 ed=-1 dl=13 dr=14 cl=0 cr=0 ok=448 fail=0 vofa=firewater rx=115 txdrop=0
1775026488.5171902,1775026488517190200,3799302367700,HB,113635,0.0,1,-0.513,-0.28,14.0,14.0,0.0,12.0,12.0,1.0,1.0,14.0,14.0,0,0,,HB tick=113635 run=1 spd=1 ts=20.000 as=14.000 ta=0.000 aa=-0.493 se=6.000 so=0.712 ae=0.493 ao=0.238 pwm=12 pc=1 hd=0 y=-0.513 yr=-0.280 L=1 R=1 OL=12 OR=12 el=14 er=14 ed=0 dl=14 dr=14 cl=0 cr=0 ok=449 fail=0 vofa=firewater rx=115 txdrop=0
1775026488.7570992,1775026488757099200,3799542276400,HB,113868,1487.0,1,-0.586,-0.291,14.0,14.0,0.0,13.0,11.0,2.0,0.0,14.0,14.0,0,0,,HB tick=113868 exp_id=184 t_ms=1487 run=1 spd=1 ts=20.000 as=14.000 ta=0.000 aa=-0.586 se=6.000 so=0.730 ae=0.586 ao=0.232 pwm=12 pc=1 hd=1 y=-0.586 yr=-0.291 L=2 R=0 OL=13 OR=11 el=14 er=14 ed=0 dl=14 dr=14 cl=0 cr=0 ok=450 fail=0 vofa=firewater rx=129 txdrop=0
1775026488.9762497,1775026488976249600,3799761428200,HB,114089,1708.0,1,0.029,0.781,14.0,14.0,0.0,12.0,12.0,1.0,1.0,14.0,14.0,0,0,,HB tick=114089 exp_id=184 t_ms=1708 run=1 spd=1 ts=20.000 as=14.000 ta=0.000 aa=-0.586 se=6.000 so=0.746 ae=0.586 ao=0.235 pwm=12 pc=1 hd=0 y=0.029 yr=0.781 L=1 R=1 OL=12 OR=12 el=14 er=14 ed=0 dl=14 dr=14 cl=0 cr=0 ok=451 fail=0 vofa=firewater rx=129 txdrop=0
1775026489.1339533,1775026489133953300,3799919130700,HB,114245,1864.0,1,0.052,0.558,14.0,14.0,0.0,12.0,12.0,1.0,1.0,14.0,14.0,0,0,,HB tick=114245 exp_id=184 t_ms=1864 run=1 spd=1 ts=20.000 as=14.000 ta=0.000 aa=0.029 se=6.000 so=0.757 ae=-0.029 ao=-0.255 pwm=12 pc=1 hd=0 y=0.052 yr=0.558 L=1 R=1 OL=12 OR=12 el=14 er=14 ed=0 dl=14 dr=14 cl=0 cr=0 ok=452 fail=0 vofa=firewater rx=129 txdrop=0
1775026489.3823495,1775026489382349500,3800167526800,HB,114494,2113.0,1,-0.046,0.226,14.0,13.0,1.0,12.0,12.0,1.0,1.0,14.0,13.0,0,0,,HB tick=114494 exp_id=184 t_ms=2113 run=1 spd=1 ts=20.000 as=13.500 ta=0.000 aa=0.052 se=6.500 so=0.825 ae=-0.052 ao=-0.190 pwm=12 pc=1 hd=0 y=-0.046 yr=0.226 L=1 R=1 OL=12 OR=12 el=14 er=13 ed=1 dl=14 dr=13 cl=0 cr=0 ok=453 fail=0 vofa=firewater rx=129 txdrop=0
1775026489.591317,1775026489591316900,3800376495700,HB,114711,2330.0,1,0.073,0.338,14.0,14.0,0.0,12.0,12.0,1.0,1.0,14.0,14.0,0,0,,HB tick=114711 exp_id=184 t_ms=2330 run=1 spd=1 ts=20.000 as=14.000 ta=0.000 aa=-0.046 se=6.000 so=0.792 ae=0.046 ao=-0.060 pwm=12 pc=1 hd=0 y=0.073 yr=0.338 L=1 R=1 OL=12 OR=12 el=14 er=14 ed=0 dl=14 dr=14 cl=0 cr=0 ok=454 fail=0 vofa=firewater rx=129 txdrop=0
1775026489.756049,1775026489756048900,3800541226200,HB,114867,2486.0,1,-0.02,0.012,14.0,14.0,0.0,12.0,12.0,1.0,1.0,14.0,14.0,0,0,,HB tick=114867 exp_id=184 t_ms=2486 run=1 spd=1 ts=20.000 as=14.000 ta=0.000 aa=0.073 se=6.000 so=0.802 ae=-0.073 ao=-0.124 pwm=12 pc=1 hd=0 y=-0.020 yr=0.012 L=1 R=1 OL=12 OR=12 el=14 er=14 ed=0 dl=14 dr=14 cl=0 cr=0 ok=455 fail=0 vofa=firewater rx=129 txdrop=0
1775026489.9408188,1775026489940818700,3800725996000,HB,115056,2675.0,1,-0.084,-0.112,13.0,15.0,-2.0,12.0,12.0,1.0,1.0,13.0,15.0,0,0,,HB tick=115056 exp_id=184 t_ms=2675 run=1 spd=1 ts=20.000 as=14.000 ta=0.000 aa=-0.020 se=6.000 so=0.816 ae=0.020 ao=0.002 pwm=12 pc=1 hd=0 y=-0.084 yr=-0.112 L=1 R=1 OL=12 OR=12 el=13 er=15 ed=-2 dl=13 dr=15 cl=0 cr=0 ok=456 fail=0 vofa=firewater rx=143 txdrop=0
1775026490.1276228,1775026490127623000,3800912800900,HB,115245,2864.0,1,-0.554,-0.943,14.0,13.0,1.0,12.0,12.0,1.0,1.0,14.0,13.0,0,0,,HB tick=115245 exp_id=184 t_ms=2864 run=1 spd=1 ts=20.000 as=13.500 ta=0.000 aa=-0.084 se=6.500 so=0.880 ae=0.084 ao=0.057 pwm=12 pc=1 hd=0 y=-0.554 yr=-0.943 L=1 R=1 OL=12 OR=12 el=14 er=13 ed=1 dl=14 dr=13 cl=0 cr=0 ok=457 fail=0 vofa=firewater rx=143 txdrop=0
1775026490.3769577,1775026490376957800,3801162135700,HB,115494,3113.0,1,-0.175,-0.079,14.0,14.0,0.0,12.0,12.0,1.0,1.0,14.0,14.0,0,0,,HB tick=115494 exp_id=184 t_ms=3113 run=1 spd=1 ts=20.000 as=14.000 ta=0.000 aa=-0.554 se=6.000 so=0.848 ae=0.554 ao=0.436 pwm=12 pc=1 hd=0 y=-0.175 yr=-0.079 L=1 R=1 OL=12 OR=12 el=14 er=14 ed=0 dl=14 dr=14 cl=0 cr=0 ok=458 fail=0 vofa=firewater rx=143 txdrop=0
1775026490.532792,1775026490532792000,3801317969300,HB,115650,3269.0,1,-0.198,-0.104,14.0,14.0,0.0,12.0,12.0,1.0,1.0,14.0,14.0,0,0,,HB tick=115650 exp_id=184 t_ms=3269 run=1 spd=1 ts=20.000 as=14.000 ta=0.000 aa=-0.175 se=6.000 so=0.859 ae=0.175 ao=0.069 pwm=12 pc=1 hd=0 y=-0.198 yr=-0.104 L=1 R=1 OL=12 OR=12 el=14 er=14 ed=0 dl=14 dr=14 cl=0 cr=0 ok=459 fail=0 vofa=firewater rx=143 txdrop=0
1775026490.7724926,1775026490772492600,3801557670200,HB,115883,3502.0,1,-0.307,-0.232,14.0,15.0,-1.0,12.0,12.0,1.0,1.0,14.0,15.0,0,0,,HB tick=115883 exp_id=184 t_ms=3502 run=1 spd=1 ts=20.000 as=14.500 ta=0.000 aa=-0.198 se=5.500 so=0.826 ae=0.198 ao=0.082 pwm=12 pc=1 hd=0 y=-0.307 yr=-0.232 L=1 R=1 OL=12 OR=12 el=14 er=15 ed=-1 dl=14 dr=15 cl=0 cr=0 ok=460 fail=0 vofa=firewater rx=143 txdrop=0
1775026490.9289565,1775026490928956400,3801714135300,HB,116044,3663.0,1,-0.19,0.104,14.0,13.0,1.0,12.0,12.0,1.0,1.0,14.0,13.0,0,0,,HB tick=116044 exp_id=184 t_ms=3663 run=1 spd=1 ts=20.000 as=13.500 ta=0.000 aa=-0.307 se=6.500 so=0.938 ae=0.307 ao=0.150 pwm=12 pc=1 hd=0 y=-0.190 yr=0.104 L=1 R=1 OL=12 OR=12 el=14 er=13 ed=1 dl=14 dr=13 cl=0 cr=0 ok=461 fail=0 vofa=firewater rx=143 txdrop=0
1775026491.1150239,1775026491115024000,3801900201700,HB,116232,3851.0,1,-0.18,0.087,13.0,14.0,-1.0,12.0,12.0,1.0,1.0,13.0,14.0,0,0,,HB tick=116232 exp_id=184 t_ms=3851 run=1 spd=1 ts=20.000 as=13.500 ta=0.000 aa=-0.190 se=6.500 so=0.951 ae=0.190 ao=0.014 pwm=12 pc=1 hd=0 y=-0.180 yr=0.087 L=1 R=1 OL=12 OR=12 el=13 er=14 ed=-1 dl=13 dr=14 cl=0 cr=0 ok=462 fail=0 vofa=firewater rx=143 txdrop=0
1775026491.2820132,1775026491282013200,3802067194000,STAT,116377,3996.0,1,-0.179872,0.086756,14.0,14.0,0.0,12.0,12.0,1.0,1.0,14.0,14.0,0,0,,STAT tick=116377 exp_id=184 t_ms=3996 run=1 spd=1 ts=20.000000 as=14.000000 ta=0.000000 aa=-0.179872 se=6.000000 so=0.911640 ae=0.179872 ao=0.017480 pwm=12 pc=1 hd=0 y=-0.179872 p=-0.851961 r=4.766017 yr=0.086756 ax=0 ay=0 az=0 gx=0 gy=0 gz=0 who=0x85 addr=0x4A icm_ok=589 icm_fail=0 L=1 R=1 OL=12 OR=12 el=14 er=14 ed=0 dl=14 dr=14 cl=0 cr=0 skp=0.100000 ski=0.012000 skd=0.000000 akp=0.240000 aki=0.002400 akd=0.320000 ok=463 fail=0 vofa=firewater rx=149 txdrop=0
1775026491.3548517,1775026491354851900,3802140029500,HB,116468,4087.0,1,0.167,0.57,14.0,14.0,0.0,12.0,12.0,1.0,1.0,14.0,14.0,0,0,,HB tick=116468 exp_id=184 t_ms=4087 run=1 spd=1 ts=20.000 as=14.000 ta=0.000 aa=-0.180 se=6.000 so=0.918 ae=0.180 ao=0.018 pwm=12 pc=1 hd=0 y=0.167 yr=0.570 L=1 R=1 OL=12 OR=12 el=14 er=14 ed=0 dl=14 dr=14 cl=0 cr=0 ok=463 fail=0 vofa=firewater rx=149 txdrop=0
1775026491.5633993,1775026491563399400,3802348576600,HB,116673,4292.0,1,-0.475,-0.724,14.0,14.0,0.0,12.0,12.0,1.0,1.0,14.0,14.0,0,0,,HB tick=116673 exp_id=184 t_ms=4292 run=1 spd=1 ts=20.000 as=14.000 ta=0.000 aa=0.167 se=6.000 so=0.933 ae=-0.167 ao=-0.220 pwm=12 pc=1 hd=0 y=-0.475 yr=-0.724 L=1 R=1 OL=12 OR=12 el=14 er=14 ed=0 dl=14 dr=14 cl=0 cr=0 ok=464 fail=0 vofa=firewater rx=149 txdrop=0
1775026491.7826903,1775026491782690300,3802567869100,HB,116899,4518.0,1,-0.587,-0.645,14.0,14.0,0.0,12.0,12.0,1.0,1.0,14.0,14.0,0,0,,HB tick=116899 exp_id=184 t_ms=4518 run=1 spd=1 ts=20.000 as=14.000 ta=0.000 aa=-0.475 se=6.000 so=0.949 ae=0.475 ao=0.348 pwm=12 pc=1 hd=0 y=-0.587 yr=-0.645 L=1 R=1 OL=12 OR=12 el=14 er=14 ed=0 dl=14 dr=14 cl=0 cr=0 ok=465 fail=0 vofa=firewater rx=149 txdrop=0
1775026491.9388626,1775026491938862700,3802724040300,HB,117055,4674.0,1,-0.456,-0.125,14.0,15.0,-1.0,12.0,12.0,1.0,1.0,14.0,15.0,0,0,,HB tick=117055 exp_id=184 t_ms=4674 run=1 spd=1 ts=20.000 as=14.500 ta=0.000 aa=-0.587 se=5.500 so=0.911 ae=0.587 ao=0.350 pwm=12 pc=1 hd=0 y=-0.456 yr=-0.125 L=1 R=1 OL=12 OR=12 el=14 er=15 ed=-1 dl=14 dr=15 cl=0 cr=0 ok=466 fail=0 vofa=firewater rx=149 txdrop=0
1775026492.178331,1775026492178330800,3802963508200,HB,117288,4907.0,1,-0.479,-0.116,14.0,14.0,0.0,12.0,12.0,1.0,1.0,14.0,14.0,0,0,,HB tick=117288 exp_id=184 t_ms=4907 run=1 spd=1 ts=20.000 as=14.000 ta=0.000 aa=-0.456 se=6.000 so=0.977 ae=0.456 ao=0.152 pwm=12 pc=1 hd=0 y=-0.479 yr=-0.116 L=1 R=1 OL=12 OR=12 el=14 er=14 ed=0 dl=14 dr=14 cl=0 cr=0 ok=467 fail=0 vofa=firewater rx=149 txdrop=0
1775026492.3972142,1775026492397214200,3803182391600,HB,117509,5128.0,1,-0.426,0.008,14.0,13.0,1.0,12.0,12.0,1.0,1.0,14.0,13.0,0,0,,HB tick=117509 exp_id=184 t_ms=5128 run=1 spd=1 ts=20.000 as=13.500 ta=0.000 aa=-0.479 se=6.500 so=1.044 ae=0.479 ao=0.155 pwm=12 pc=1 hd=0 y=-0.426 yr=0.008 L=1 R=1 OL=12 OR=12 el=14 er=13 ed=1 dl=14 dr=13 cl=0 cr=0 ok=468 fail=0 vofa=firewater rx=149 txdrop=0
1775026492.553034,1775026492553034100,3803338212300,HB,117666,5285.0,1,-0.379,0.11,14.0,13.0,1.0,12.0,12.0,1.0,1.0,14.0,13.0,0,0,,HB tick=117666 exp_id=184 t_ms=5285 run=1 spd=1 ts=20.000 as=13.500 ta=0.000 aa=-0.426 se=6.500 so=1.056 ae=0.426 ao=0.103 pwm=12 pc=1 hd=0 y=-0.379 yr=0.110 L=1 R=1 OL=12 OR=12 el=14 er=13 ed=1 dl=14 dr=13 cl=0 cr=0 ok=469 fail=0 vofa=firewater rx=149 txdrop=0
1775026492.7905927,1775026492790592800,3803575770700,HB,117898,5517.0,1,-0.054,0.563,14.0,15.0,-1.0,12.0,12.0,1.0,1.0,14.0,15.0,0,0,,HB tick=117898 exp_id=184 t_ms=5517 run=1 spd=1 ts=20.000 as=14.500 ta=0.000 aa=-0.379 se=5.500 so=0.972 ae=0.379 ao=0.059 pwm=12 pc=1 hd=0 y=-0.054 yr=0.563 L=1 R=1 OL=12 OR=12 el=14 er=15 ed=-1 dl=14 dr=15 cl=0 cr=0 ok=470 fail=0 vofa=firewater rx=149 txdrop=0
1775026492.9469426,1775026492946942400,3803732120000,HB,118063,5682.0,1,-0.081,0.309,14.0,14.0,0.0,12.0,12.0,1.0,1.0,14.0,14.0,0,0,,HB tick=118063 exp_id=184 t_ms=5682 run=1 spd=1 ts=20.000 as=14.000 ta=0.000 aa=-0.054 se=6.000 so=1.035 ae=0.054 ao=-0.164 pwm=12 pc=1 hd=0 y=-0.081 yr=0.309 L=1 R=1 OL=12 OR=12 el=14 er=14 ed=0 dl=14 dr=14 cl=0 cr=0 ok=471 fail=0 vofa=firewater rx=149 txdrop=0
1775026493.1954427,1775026493195442600,3803980620500,HB,118312,5931.0,1,-0.132,0.128,14.0,14.0,0.0,12.0,12.0,1.0,1.0,14.0,14.0,0,0,,HB tick=118312 exp_id=184 t_ms=5931 run=1 spd=1 ts=20.000 as=14.000 ta=0.000 aa=-0.081 se=6.000 so=1.053 ae=0.081 ao=-0.076 pwm=12 pc=1 hd=0 y=-0.132 yr=0.128 L=1 R=1 OL=12 OR=12 el=14 er=14 ed=0 dl=14 dr=14 cl=0 cr=0 ok=472 fail=0 vofa=firewater rx=149 txdrop=0
1775026493.3930092,1775026493393009100,3804178187000,HB,118513,6132.0,1,-0.064,0.203,14.0,14.0,0.0,12.0,12.0,1.0,1.0,14.0,14.0,0,0,,HB tick=118513 exp_id=184 t_ms=6132 run=1 spd=1 ts=20.000 as=14.000 ta=0.000 aa=-0.132 se=6.000 so=1.068 ae=0.132 ao=-0.006 pwm=12 pc=1 hd=0 y=-0.064 yr=0.203 L=1 R=1 OL=12 OR=12 el=14 er=14 ed=0 dl=14 dr=14 cl=0 cr=0 ok=473 fail=0 vofa=firewater rx=149 txdrop=0
1775026493.559063,1775026493559063100,3804344240900,HB,118674,6293.0,1,0.059,0.399,14.0,14.0,0.0,12.0,12.0,1.0,1.0,14.0,14.0,0,0,,HB tick=118674 exp_id=184 t_ms=6293 run=1 spd=1 ts=20.000 as=14.000 ta=0.000 aa=-0.064 se=6.000 so=1.080 ae=0.064 ao=-0.046 pwm=12 pc=1 hd=0 y=0.059 yr=0.399 L=1 R=1 OL=12 OR=12 el=14 er=14 ed=0 dl=14 dr=14 cl=0 cr=0 ok=474 fail=0 vofa=firewater rx=149 txdrop=0
1775026493.786961,1775026493786961200,3804572138400,HB,118906,6525.0,1,0.09,0.307,14.0,14.0,0.0,12.0,12.0,1.0,1.0,14.0,14.0,0,0,,HB tick=118906 exp_id=184 t_ms=6525 run=1 spd=1 ts=20.000 as=14.000 ta=0.000 aa=0.059 se=6.000 so=1.097 ae=-0.059 ao=-0.138 pwm=12 pc=1 hd=0 y=0.090 yr=0.307 L=1 R=1 OL=12 OR=12 el=14 er=14 ed=0 dl=14 dr=14 cl=0 cr=0 ok=475 fail=0 vofa=firewater rx=149 txdrop=0
1775026493.9954042,1775026493995404300,3804780581600,HB,119112,6731.0,1,0.121,0.252,13.0,14.0,-1.0,12.0,12.0,1.0,1.0,13.0,14.0,0,0,,HB tick=119112 exp_id=184 t_ms=6731 run=1 spd=1 ts=20.000 as=13.500 ta=0.000 aa=0.090 se=6.500 so=1.163 ae=-0.090 ao=-0.116 pwm=12 pc=1 hd=0 y=0.121 yr=0.252 L=1 R=1 OL=12 OR=12 el=13 er=14 ed=-1 dl=13 dr=14 cl=0 cr=0 ok=476 fail=0 vofa=firewater rx=149 txdrop=0
1775026494.1519654,1775026494151965500,3804937145800,HB,119272,6891.0,1,0.361,0.686,13.0,14.0,-1.0,12.0,12.0,1.0,1.0,13.0,14.0,0,0,,HB tick=119272 exp_id=184 t_ms=6891 run=1 spd=1 ts=20.000 as=13.500 ta=0.000 aa=0.121 se=6.500 so=1.175 ae=-0.121 ao=-0.106 pwm=12 pc=1 hd=0 y=0.361 yr=0.686 L=1 R=1 OL=12 OR=12 el=13 er=14 ed=-1 dl=13 dr=14 cl=0 cr=0 ok=477 fail=0 vofa=firewater rx=149 txdrop=0
1775026494.3923237,1775026494392323800,3805177503100,HB,119505,7124.0,1,0.352,0.432,14.0,14.0,0.0,12.0,12.0,1.0,1.0,14.0,14.0,0,0,,HB tick=119505 exp_id=184 t_ms=7124 run=1 spd=1 ts=20.000 as=14.000 ta=0.000 aa=0.361 se=6.000 so=1.142 ae=-0.361 ao=-0.303 pwm=12 pc=1 hd=0 y=0.352 yr=0.432 L=1 R=1 OL=12 OR=12 el=14 er=14 ed=0 dl=14 dr=14 cl=0 cr=0 ok=478 fail=0 vofa=firewater rx=149 txdrop=0
1775026494.6105494,1775026494610549600,3805395726900,HB,119727,7346.0,1,0.151,-0.036,13.0,9.0,4.0,12.0,12.0,1.0,1.0,13.0,9.0,0,0,,HB tick=119727 exp_id=184 t_ms=7346 run=1 spd=1 ts=20.000 as=11.000 ta=0.000 aa=0.352 se=9.000 so=1.459 ae=-0.352 ao=-0.220 pwm=12 pc=1 hd=0 y=0.151 yr=-0.036 L=1 R=1 OL=12 OR=12 el=13 er=9 ed=4 dl=13 dr=9 cl=0 cr=0 ok=479 fail=0 vofa=firewater rx=149 txdrop=0
1775026494.8305922,1775026494830592300,3805615771100,HB,119943,7562.0,1,5.818,9.16,14.0,11.0,3.0,12.0,12.0,1.0,1.0,14.0,11.0,0,0,,HB tick=119943 exp_id=184 t_ms=7562 run=1 spd=1 ts=20.000 as=12.500 ta=0.000 aa=0.151 se=7.500 so=1.331 ae=-0.151 ao=-0.022 pwm=12 pc=1 hd=0 y=5.818 yr=9.160 L=1 R=1 OL=12 OR=12 el=14 er=11 ed=3 dl=14 dr=11 cl=0 cr=0 ok=480 fail=0 vofa=firewater rx=149 txdrop=0
1775026494.9858608,1775026494985860800,3805771039300,HB,120099,7718.0,1,6.773,8.096,13.0,13.0,0.0,11.0,13.0,0.0,2.0,13.0,13.0,0,0,,HB tick=120099 exp_id=184 t_ms=7718 run=1 spd=1 ts=20.000 as=13.000 ta=0.000 aa=5.818 se=7.000 so=1.294 ae=-5.818 ao=-4.326 pwm=12 pc=1 hd=-1 y=6.773 yr=8.096 L=0 R=2 OL=11 OR=13 el=13 er=13 ed=0 dl=13 dr=13 cl=0 cr=0 ok=481 fail=0 vofa=firewater rx=149 txdrop=0
1775026495.2187703,1775026495218770300,3806003948000,HB,120332,7951.0,1,9.153,8.837,13.0,14.0,-1.0,11.0,13.0,0.0,2.0,13.0,14.0,0,0,,HB tick=120332 exp_id=184 t_ms=7951 run=1 spd=1 ts=20.000 as=13.500 ta=0.000 aa=6.773 se=6.500 so=1.264 ae=-6.773 ao=-4.219 pwm=12 pc=1 hd=-1 y=9.153 yr=8.837 L=0 R=2 OL=11 OR=13 el=13 er=14 ed=-1 dl=13 dr=14 cl=0 cr=0 ok=482 fail=0 vofa=firewater rx=149 txdrop=0
1775026495.447769,1775026495447768800,3806232945800,HB,120558,8177.0,1,8.735,5.098,13.0,14.0,-1.0,11.0,13.0,0.0,2.0,13.0,14.0,0,0,,HB tick=120558 exp_id=184 t_ms=8177 run=1 spd=1 ts=20.000 as=13.500 ta=0.000 aa=9.153 se=6.500 so=1.281 ae=-9.153 ao=-5.033 pwm=12 pc=1 hd=-1 y=8.735 yr=5.098 L=0 R=2 OL=11 OR=13 el=13 er=14 ed=-1 dl=13 dr=14 cl=0 cr=0 ok=483 fail=0 vofa=firewater rx=149 txdrop=0
1775026495.5939174,1775026495593917400,3806379094700,HB,120714,8333.0,1,8.616,3.045,13.0,13.0,0.0,11.0,13.0,0.0,2.0,13.0,13.0,0,0,,HB tick=120714 exp_id=184 t_ms=8333 run=1 spd=1 ts=20.000 as=13.000 ta=0.000 aa=8.735 se=7.000 so=1.343 ae=-8.735 ao=-3.739 pwm=12 pc=1 hd=-1 y=8.616 yr=3.045 L=0 R=2 OL=11 OR=13 el=13 er=13 ed=0 dl=13 dr=13 cl=0 cr=0 ok=484 fail=0 vofa=firewater rx=149 txdrop=0
1775026495.833622,1775026495833622000,3806618800400,HB,120947,8566.0,1,8.431,1.702,13.0,14.0,-1.0,11.0,13.0,0.0,2.0,13.0,14.0,0,0,,HB tick=120947 exp_id=184 t_ms=8566 run=1 spd=1 ts=20.000 as=13.500 ta=0.000 aa=8.616 se=6.500 so=1.312 ae=-8.616 ao=-3.058 pwm=12 pc=1 hd=-1 y=8.431 yr=1.702 L=0 R=2 OL=11 OR=13 el=13 er=14 ed=-1 dl=13 dr=14 cl=0 cr=0 ok=485 fail=0 vofa=firewater rx=149 txdrop=0
1775026496.0411582,1775026496041158200,3806826335600,HB,121152,8771.0,1,7.429,-0.605,14.0,14.0,0.0,11.0,13.0,0.0,2.0,14.0,14.0,0,0,,HB tick=121152 exp_id=184 t_ms=8771 run=1 spd=1 ts=20.000 as=14.000 ta=0.000 aa=8.431 se=6.000 so=1.277 ae=-8.431 ao=-2.588 pwm=12 pc=1 hd=-1 y=7.429 yr=-0.605 L=0 R=2 OL=11 OR=13 el=14 er=14 ed=0 dl=14 dr=14 cl=0 cr=0 ok=486 fail=0 vofa=firewater rx=149 txdrop=0
1775026496.1971877,1775026496197187500,3806982364500,HB,121313,8932.0,1,6.649,-2.088,13.0,14.0,-1.0,11.0,13.0,0.0,2.0,13.0,14.0,0,0,,HB tick=121313 exp_id=184 t_ms=8932 run=1 spd=1 ts=20.000 as=13.500 ta=0.000 aa=7.429 se=6.500 so=1.339 ae=-7.429 ao=-1.613 pwm=12 pc=1 hd=-1 y=6.649 yr=-2.088 L=0 R=2 OL=11 OR=13 el=13 er=14 ed=-1 dl=13 dr=14 cl=0 cr=0 ok=487 fail=0 vofa=firewater rx=149 txdrop=0
1775026496.4586358,1775026496458635800,3807243813100,HB,121574,9193.0,1,4.564,-4.154,13.0,14.0,-1.0,11.0,13.0,0.0,2.0,13.0,14.0,0,0,,HB tick=121574 exp_id=184 t_ms=9193 run=1 spd=1 ts=20.000 as=13.500 ta=0.000 aa=6.649 se=6.500 so=1.359 ae=-6.649 ao=-0.955 pwm=12 pc=1 hd=-1 y=4.564 yr=-4.154 L=0 R=2 OL=11 OR=13 el=13 er=14 ed=-1 dl=13 dr=14 cl=0 cr=0 ok=488 fail=0 vofa=firewater rx=149 txdrop=0
1775026496.6136973,1775026496613697400,3807398874600,HB,121731,9350.0,1,4.486,-2.872,13.0,15.0,-2.0,12.0,12.0,1.0,1.0,13.0,15.0,0,0,,HB tick=121731 exp_id=184 t_ms=9350 run=1 spd=1 ts=20.000 as=14.000 ta=0.000 aa=4.564 se=6.000 so=1.321 ae=-4.564 ao=0.205 pwm=12 pc=1 hd=0 y=4.486 yr=-2.872 L=1 R=1 OL=12 OR=12 el=13 er=15 ed=-2 dl=13 dr=15 cl=0 cr=0 ok=489 fail=0 vofa=firewater rx=149 txdrop=0
1775026496.852406,1775026496852405900,3807637583000,HB,121963,9582.0,1,3.64,-3.144,14.0,14.0,0.0,12.0,12.0,1.0,1.0,14.0,14.0,0,0,,HB tick=121963 exp_id=184 t_ms=9582 run=1 spd=1 ts=20.000 as=14.000 ta=0.000 aa=4.486 se=6.000 so=1.337 ae=-4.486 ao=-0.189 pwm=12 pc=1 hd=0 y=3.640 yr=-3.144 L=1 R=1 OL=12 OR=12 el=14 er=14 ed=0 dl=14 dr=14 cl=0 cr=0 ok=490 fail=0 vofa=firewater rx=149 txdrop=0
1775026497.0081096,1775026497008109500,3807793287600,HB,122129,9748.0,1,2.88,-3.647,14.0,14.0,0.0,12.0,12.0,1.0,1.0,14.0,14.0,0,0,,HB tick=122129 exp_id=184 t_ms=9748 run=1 spd=1 ts=20.000 as=14.000 ta=0.000 aa=3.640 se=6.000 so=1.348 ae=-3.640 ao=0.099 pwm=12 pc=1 hd=0 y=2.880 yr=-3.647 L=1 R=1 OL=12 OR=12 el=14 er=14 ed=0 dl=14 dr=14 cl=0 cr=0 ok=491 fail=0 vofa=firewater rx=149 txdrop=0
1775026497.2477522,1775026497247752300,3808032929500,HB,122361,9980.0,1,2.345,-3.177,14.0,13.0,1.0,13.0,11.0,2.0,0.0,14.0,13.0,0,0,,HB tick=122361 exp_id=184 t_ms=9980 run=1 spd=1 ts=20.000 as=13.500 ta=0.000 aa=2.880 se=6.500 so=1.415 ae=-2.880 ao=0.441 pwm=12 pc=1 hd=1 y=2.345 yr=-3.177 L=2 R=0 OL=13 OR=11 el=14 er=13 ed=1 dl=14 dr=13 cl=0 cr=0 ok=492 fail=0 vofa=firewater rx=149 txdrop=0
1775026497.4131124,1775026497413112300,3808198290200,HB,122522,10141.0,1,2.547,-1.625,14.0,15.0,-1.0,13.0,11.0,2.0,0.0,14.0,15.0,0,0,,HB tick=122522 exp_id=184 t_ms=10141 run=1 spd=1 ts=20.000 as=14.500 ta=0.000 aa=2.345 se=5.500 so=1.326 ae=-2.345 ao=0.419 pwm=12 pc=1 hd=1 y=2.547 yr=-1.625 L=2 R=0 OL=13 OR=11 el=14 er=15 ed=-1 dl=14 dr=15 cl=0 cr=0 ok=493 fail=0 vofa=firewater rx=149 txdrop=0
1775026497.66178,1775026497661780200,3808446957800,HB,122776,10395.0,1,2.17,-1.577,14.0,14.0,0.0,12.0,12.0,1.0,1.0,14.0,14.0,0,0,,HB tick=122776 exp_id=184 t_ms=10395 run=1 spd=1 ts=20.000 as=14.000 ta=0.000 aa=2.547 se=6.000 so=1.394 ae=-2.547 ao=-0.128 pwm=12 pc=1 hd=0 y=2.170 yr=-1.577 L=1 R=1 OL=12 OR=12 el=14 er=14 ed=0 dl=14 dr=14 cl=0 cr=0 ok=494 fail=0 vofa=firewater rx=149 txdrop=0
1775026497.817608,1775026497817608200,3808602785400,HB,122932,10551.0,1,2.184,-0.993,14.0,14.0,0.0,12.0,12.0,1.0,1.0,14.0,14.0,0,0,,HB tick=122932 exp_id=184 t_ms=10551 run=1 spd=1 ts=20.000 as=14.000 ta=0.000 aa=2.170 se=6.000 so=1.405 ae=-2.170 ao=-0.054 pwm=12 pc=1 hd=0 y=2.184 yr=-0.993 L=1 R=1 OL=12 OR=12 el=14 er=14 ed=0 dl=14 dr=14 cl=0 cr=0 ok=495 fail=0 vofa=firewater rx=149 txdrop=0
1775026497.9972985,1775026497997298400,3808782475600,HB,123116,10735.0,1,2.183,-0.647,13.0,14.0,-1.0,12.0,12.0,1.0,1.0,13.0,14.0,0,0,,HB tick=123116 exp_id=184 t_ms=10735 run=1 spd=1 ts=20.000 as=13.500 ta=0.000 aa=2.184 se=6.500 so=1.468 ae=-2.184 ao=-0.245 pwm=12 pc=1 hd=0 y=2.183 yr=-0.647 L=1 R=1 OL=12 OR=12 el=13 er=14 ed=-1 dl=13 dr=14 cl=0 cr=0 ok=496 fail=0 vofa=firewater rx=149 txdrop=0
1775026498.235464,1775026498235464300,3809020642200,HB,123349,10968.0,1,2.154,-0.464,13.0,14.0,-1.0,12.0,12.0,1.0,1.0,13.0,14.0,0,0,,HB tick=123349 exp_id=184 t_ms=10968 run=1 spd=1 ts=20.000 as=13.500 ta=0.000 aa=2.183 se=6.500 so=1.484 ae=-2.183 ao=-0.357 pwm=12 pc=1 hd=0 y=2.154 yr=-0.464 L=1 R=1 OL=12 OR=12 el=13 er=14 ed=-1 dl=13 dr=14 cl=0 cr=0 ok=497 fail=0 vofa=firewater rx=149 txdrop=0
1775026498.3899934,1775026498389993400,3809175174500,HB,123510,11129.0,1,1.482,-1.762,15.0,15.0,0.0,11.0,13.0,0.0,2.0,15.0,15.0,0,0,,HB tick=123510 exp_id=184 t_ms=11129 run=1 spd=1 ts=20.000 as=15.000 ta=0.000 aa=2.154 se=5.000 so=1.346 ae=-2.154 ao=-0.410 pwm=12 pc=1 hd=-1 y=1.482 yr=-1.762 L=0 R=2 OL=11 OR=13 el=15 er=15 ed=0 dl=15 dr=15 cl=0 cr=0 ok=498 fail=0 vofa=firewater rx=149 txdrop=0
1775026498.6282785,1775026498628278500,3809413455600,HB,123742,11361.0,1,0.958,-1.937,15.0,13.0,2.0,13.0,11.0,2.0,0.0,15.0,13.0,0,0,,HB tick=123742 exp_id=184 t_ms=11361 run=1 spd=1 ts=20.000 as=14.000 ta=0.000 aa=1.482 se=6.000 so=1.462 ae=-1.482 ao=0.167 pwm=12 pc=1 hd=1 y=0.958 yr=-1.937 L=2 R=0 OL=13 OR=11 el=15 er=13 ed=2 dl=15 dr=13 cl=0 cr=0 ok=499 fail=0 vofa=firewater rx=149 txdrop=0
1775026498.8358552,1775026498835855300,3809621032900,HB,123948,11567.0,1,1.081,-1.049,14.0,15.0,-1.0,12.0,12.0,1.0,1.0,14.0,15.0,0,0,,HB tick=123948 exp_id=184 t_ms=11567 run=1 spd=1 ts=20.000 as=14.500 ta=0.000 aa=1.081 se=5.500 so=1.426 ae=-1.081 ao=0.247 pwm=12 pc=1 hd=0 y=1.081 yr=-1.049 L=1 R=1 OL=12 OR=12 el=14 er=15 ed=-1 dl=14 dr=15 cl=0 cr=0 ok=500 fail=0 vofa=firewater rx=149 txdrop=0
1775026498.996406,1775026498996406100,3809781583300,HB,124108,11727.0,1,1.228,-0.361,14.0,15.0,-1.0,12.0,12.0,1.0,1.0,14.0,15.0,0,0,,HB tick=124108 exp_id=184 t_ms=11727 run=1 spd=1 ts=20.000 as=14.500 ta=0.000 aa=1.081 se=5.500 so=1.438 ae=-1.081 ao=0.034 pwm=12 pc=1 hd=0 y=1.228 yr=-0.361 L=1 R=1 OL=12 OR=12 el=14 er=15 ed=-1 dl=14 dr=15 cl=0 cr=0 ok=501 fail=0 vofa=firewater rx=149 txdrop=0
1775026499.2408378,1775026499240837800,3810026015100,HB,124356,11975.0,1,0.854,-0.762,14.0,15.0,-1.0,11.0,13.0,0.0,2.0,14.0,15.0,0,0,,HB tick=124356 exp_id=184 t_ms=11975 run=1 spd=1 ts=20.000 as=14.500 ta=0.000 aa=1.228 se=5.500 so=1.455 ae=-1.228 ao=-0.222 pwm=12 pc=1 hd=-1 y=0.854 yr=-0.762 L=0 R=2 OL=11 OR=13 el=14 er=15 ed=-1 dl=14 dr=15 cl=0 cr=0 ok=502 fail=0 vofa=firewater rx=149 txdrop=0
1775026499.4143012,1775026499414301300,3810199478700,HB,124512,12131.0,1,0.848,-0.51,15.0,14.0,1.0,12.0,12.0,1.0,1.0,15.0,14.0,0,0,,HB tick=124512 exp_id=184 t_ms=12131 run=1 spd=1 ts=20.000 as=14.500 ta=0.000 aa=0.854 se=5.500 so=1.466 ae=-0.854 ao=-0.005 pwm=12 pc=1 hd=0 y=0.848 yr=-0.510 L=1 R=1 OL=12 OR=12 el=15 er=14 ed=1 dl=15 dr=14 cl=0 cr=0 ok=503 fail=0 vofa=firewater rx=149 txdrop=0
1775026499.6426423,1775026499642642300,3810427819900,HB,124762,12381.0,1,0.721,-0.509,14.0,14.0,0.0,12.0,12.0,1.0,1.0,14.0,14.0,0,0,,HB tick=124762 exp_id=184 t_ms=12381 run=1 spd=1 ts=20.000 as=14.000 ta=0.000 aa=0.848 se=6.000 so=1.533 ae=-0.848 ao=-0.084 pwm=12 pc=1 hd=0 y=0.721 yr=-0.509 L=1 R=1 OL=12 OR=12 el=14 er=14 ed=0 dl=14 dr=14 cl=0 cr=0 ok=504 fail=0 vofa=firewater rx=149 txdrop=0
1775026499.7976604,1775026499797660400,3810582837700,HB,124918,12537.0,1,0.638,-0.519,14.0,15.0,-1.0,12.0,12.0,1.0,1.0,14.0,15.0,0,0,,HB tick=124918 exp_id=184 t_ms=12537 run=1 spd=1 ts=20.000 as=14.500 ta=0.000 aa=0.721 se=5.500 so=1.493 ae=-0.721 ao=-0.055 pwm=12 pc=1 hd=0 y=0.638 yr=-0.519 L=1 R=1 OL=12 OR=12 el=14 er=15 ed=-1 dl=14 dr=15 cl=0 cr=0 ok=505 fail=0 vofa=firewater rx=149 txdrop=0
1775026499.9858823,1775026499985882400,3810771059600,HB,125107,12726.0,1,0.567,-0.469,15.0,15.0,0.0,12.0,12.0,1.0,1.0,15.0,15.0,0,0,,HB tick=125107 exp_id=184 t_ms=12726 run=1 spd=1 ts=20.000 as=15.000 ta=0.000 aa=0.638 se=5.000 so=1.455 ae=-0.638 ao=-0.032 pwm=12 pc=1 hd=0 y=0.567 yr=-0.469 L=1 R=1 OL=12 OR=12 el=15 er=15 ed=0 dl=15 dr=15 cl=0 cr=0 ok=506 fail=0 vofa=firewater rx=149 txdrop=0
1775026500.2252357,1775026500225235700,3811010413100,HB,125339,12958.0,1,0.37,-0.601,15.0,15.0,0.0,12.0,12.0,1.0,1.0,15.0,15.0,0,0,,HB tick=125339 exp_id=184 t_ms=12958 run=1 spd=1 ts=20.000 as=15.000 ta=0.000 aa=0.567 se=5.000 so=1.470 ae=-0.567 ao=-0.031 pwm=12 pc=1 hd=0 y=0.370 yr=-0.601 L=1 R=1 OL=12 OR=12 el=15 er=15 ed=0 dl=15 dr=15 cl=0 cr=0 ok=507 fail=0 vofa=firewater rx=149 txdrop=0
1775026500.3827085,1775026500382708600,3811167886900,HB,125501,13120.0,1,0.506,-0.098,14.0,15.0,-1.0,12.0,12.0,1.0,1.0,14.0,15.0,0,0,,HB tick=125501 exp_id=184 t_ms=13120 run=1 spd=1 ts=20.000 as=14.500 ta=0.000 aa=0.370 se=5.500 so=1.531 ae=-0.370 ao=0.058 pwm=12 pc=1 hd=0 y=0.506 yr=-0.098 L=1 R=1 OL=12 OR=12 el=14 er=15 ed=-1 dl=14 dr=15 cl=0 cr=0 ok=508 fail=0 vofa=firewater rx=149 txdrop=0
1775026500.6428957,1775026500642895500,3811428072900,HB,125750,13369.0,1,0.031,-0.731,15.0,15.0,0.0,13.0,13.0,2.0,2.0,15.0,15.0,0,0,,HB tick=125750 exp_id=184 t_ms=13369 run=1 spd=1 ts=20.000 as=15.000 ta=0.000 aa=0.506 se=5.000 so=1.497 ae=-0.506 ao=-0.135 pwm=13 pc=2 hd=0 y=0.031 yr=-0.731 L=2 R=2 OL=13 OR=13 el=15 er=15 ed=0 dl=15 dr=15 cl=0 cr=0 ok=509 fail=0 vofa=firewater rx=149 txdrop=0
1775026500.8511527,1775026500851152700,3811636333800,HB,125967,13585.0,1,0.282,-0.068,15.0,15.0,0.0,13.0,13.0,2.0,2.0,15.0,15.0,0,0,,HB tick=125967 exp_id=184 t_ms=13585 run=1 spd=1 ts=20.000 as=15.000 ta=0.000 aa=0.031 se=5.000 so=1.511 ae=-0.031 ao=0.181 pwm=13 pc=2 hd=0 y=0.282 yr=-0.068 L=2 R=2 OL=13 OR=13 el=15 er=15 ed=0 dl=15 dr=15 cl=0 cr=0 ok=510 fail=0 vofa=firewater rx=149 txdrop=0
1775026501.049792,1775026501049792000,3811834970900,HB,126166,13785.0,1,0.315,0.013,15.0,16.0,-1.0,12.0,12.0,1.0,1.0,15.0,16.0,0,0,,HB tick=126166 exp_id=184 t_ms=13785 run=1 spd=1 ts=20.000 as=15.500 ta=0.000 aa=0.282 se=4.500 so=1.473 ae=-0.282 ao=-0.092 pwm=12 pc=1 hd=0 y=0.315 yr=0.013 L=1 R=1 OL=12 OR=12 el=15 er=16 ed=-1 dl=15 dr=16 cl=0 cr=0 ok=511 fail=0 vofa=firewater rx=149 txdrop=0
1775026501.2586443,1775026501258644100,3812043821300,HB,126371,13990.0,1,0.279,-0.053,16.0,15.0,1.0,13.0,13.0,2.0,2.0,16.0,15.0,0,0,,HB tick=126371 exp_id=184 t_ms=13990 run=1 spd=1 ts=20.000 as=15.500 ta=0.000 aa=0.315 se=4.500 so=1.486 ae=-0.315 ao=-0.126 pwm=13 pc=2 hd=0 y=0.279 yr=-0.053 L=2 R=2 OL=13 OR=13 el=16 er=15 ed=1 dl=16 dr=15 cl=0 cr=0 ok=512 fail=0 vofa=firewater rx=149 txdrop=0
1775026501.4871745,1775026501487174300,3812272352300,HB,126597,14216.0,1,0.217,-0.13,15.0,15.0,0.0,13.0,13.0,2.0,2.0,15.0,15.0,0,0,,HB tick=126597 exp_id=184 t_ms=14216 run=1 spd=1 ts=20.000 as=15.000 ta=0.000 aa=0.279 se=5.000 so=1.549 ae=-0.279 ao=-0.096 pwm=13 pc=2 hd=0 y=0.217 yr=-0.130 L=2 R=2 OL=13 OR=13 el=15 er=15 ed=0 dl=15 dr=15 cl=0 cr=0 ok=513 fail=0 vofa=firewater rx=149 txdrop=0
1775026501.6832583,1775026501683258400,3812468436100,HB,126797,14416.0,1,0.333,0.118,16.0,15.0,1.0,13.0,13.0,2.0,2.0,16.0,15.0,0,0,,HB tick=126797 exp_id=184 t_ms=14416 run=1 spd=1 ts=20.000 as=15.500 ta=0.000 aa=0.217 se=4.500 so=1.511 ae=-0.217 ao=-0.056 pwm=13 pc=2 hd=0 y=0.333 yr=0.118 L=2 R=2 OL=13 OR=13 el=16 er=15 ed=1 dl=16 dr=15 cl=0 cr=0 ok=514 fail=0 vofa=firewater rx=149 txdrop=0
1775026501.839985,1775026501839984800,3812625163200,HB,126958,14577.0,1,0.371,0.159,15.0,15.0,0.0,13.0,13.0,2.0,2.0,15.0,15.0,0,0,,HB tick=126958 exp_id=184 t_ms=14577 run=1 spd=1 ts=20.000 as=15.000 ta=0.000 aa=0.333 se=5.000 so=1.570 ae=-0.333 ao=-0.164 pwm=13 pc=2 hd=0 y=0.371 yr=0.159 L=2 R=2 OL=13 OR=13 el=15 er=15 ed=0 dl=15 dr=15 cl=0 cr=0 ok=515 fail=0 vofa=firewater rx=149 txdrop=0
1775026502.0787072,1775026502078707100,3812863884400,HB,127191,14810.0,1,0.264,-0.058,15.0,15.0,0.0,13.0,13.0,2.0,2.0,15.0,15.0,0,0,,HB tick=127191 exp_id=184 t_ms=14810 run=1 spd=1 ts=20.000 as=15.000 ta=0.000 aa=0.371 se=5.000 so=1.584 ae=-0.371 ao=-0.186 pwm=13 pc=2 hd=0 y=0.264 yr=-0.058 L=2 R=2 OL=13 OR=13 el=15 er=15 ed=0 dl=15 dr=15 cl=0 cr=0 ok=516 fail=0 vofa=firewater rx=149 txdrop=0
1775026502.285268,1775026502285267900,3813070445000,HB,127396,15015.0,1,0.157,-0.22,15.0,16.0,-1.0,13.0,13.0,2.0,2.0,15.0,16.0,0,0,,HB tick=127396 exp_id=184 t_ms=15015 run=1 spd=1 ts=20.000 as=15.500 ta=0.000 aa=0.264 se=4.500 so=1.546 ae=-0.264 ao=-0.091 pwm=13 pc=2 hd=0 y=0.157 yr=-0.220 L=2 R=2 OL=13 OR=13 el=15 er=16 ed=-1 dl=15 dr=16 cl=0 cr=0 ok=517 fail=0 vofa=firewater rx=149 txdrop=0
1775026502.4422848,1775026502442284800,3813227463100,HB,127561,15180.0,1,0.368,0.305,15.0,15.0,0.0,13.0,13.0,2.0,2.0,15.0,15.0,0,0,,HB tick=127561 exp_id=184 t_ms=15180 run=1 spd=1 ts=20.000 as=15.000 ta=0.000 aa=0.157 se=5.000 so=1.605 ae=-0.157 ao=-0.014 pwm=13 pc=2 hd=0 y=0.368 yr=0.305 L=2 R=2 OL=13 OR=13 el=15 er=15 ed=0 dl=15 dr=15 cl=0 cr=0 ok=518 fail=0 vofa=firewater rx=149 txdrop=0
1775026502.7038655,1775026502703865700,3813489043200,HB,127814,15433.0,1,0.073,-0.21,15.0,16.0,-1.0,13.0,13.0,2.0,2.0,15.0,16.0,0,0,,HB tick=127814 exp_id=184 t_ms=15433 run=1 spd=1 ts=20.000 as=15.500 ta=0.000 aa=0.368 se=4.500 so=1.569 ae=-0.368 ao=-0.233 pwm=13 pc=2 hd=0 y=0.073 yr=-0.210 L=2 R=2 OL=13 OR=13 el=15 er=16 ed=-1 dl=15 dr=16 cl=0 cr=0 ok=519 fail=0 vofa=firewater rx=149 txdrop=0
1775026502.8494115,1775026502849411500,3813634588700,HB,127970,15589.0,1,0.009,-0.28,16.0,15.0,1.0,13.0,13.0,2.0,2.0,16.0,15.0,0,0,,HB tick=127970 exp_id=184 t_ms=15589 run=1 spd=1 ts=20.000 as=15.500 ta=0.000 aa=0.073 se=4.500 so=1.578 ae=-0.073 ao=0.003 pwm=13 pc=2 hd=0 y=0.009 yr=-0.280 L=2 R=2 OL=13 OR=13 el=16 er=15 ed=1 dl=16 dr=15 cl=0 cr=0 ok=520 fail=0 vofa=firewater rx=149 txdrop=0
1775026503.100376,1775026503100375900,3813885553300,HB,128220,15839.0,1,0.2,0.086,15.0,16.0,-1.0,13.0,13.0,2.0,2.0,15.0,16.0,0,0,,HB tick=128220 exp_id=184 t_ms=15839 run=1 spd=1 ts=20.000 as=15.500 ta=0.000 aa=0.009 se=4.500 so=1.592 ae=-0.009 ao=0.041 pwm=13 pc=2 hd=0 y=0.200 yr=0.086 L=2 R=2 OL=13 OR=13 el=15 er=16 ed=-1 dl=15 dr=16 cl=0 cr=0 ok=521 fail=0 vofa=firewater rx=149 txdrop=0
1775026503.3071117,1775026503307111700,3814092289100,HB,128420,16039.0,1,0.091,-0.136,16.0,15.0,1.0,13.0,13.0,2.0,2.0,16.0,15.0,0,0,,HB tick=128420 exp_id=184 t_ms=16039 run=1 spd=1 ts=20.000 as=15.500 ta=0.000 aa=0.200 se=4.500 so=1.603 ae=-0.200 ao=-0.122 pwm=13 pc=2 hd=0 y=0.091 yr=-0.136 L=2 R=2 OL=13 OR=13 el=16 er=15 ed=1 dl=16 dr=15 cl=0 cr=0 ok=522 fail=0 vofa=firewater rx=149 txdrop=0
1775026503.5242596,1775026503524259600,3814309438100,HB,128642,16261.0,1,-0.061,-0.328,16.0,15.0,1.0,13.0,13.0,2.0,2.0,16.0,15.0,0,0,,HB tick=128642 exp_id=184 t_ms=16261 run=1 spd=1 ts=20.000 as=15.500 ta=0.000 aa=0.091 se=4.500 so=1.615 ae=-0.091 ao=-0.025 pwm=13 pc=2 hd=0 y=-0.061 yr=-0.328 L=2 R=2 OL=13 OR=13 el=16 er=15 ed=1 dl=16 dr=15 cl=0 cr=0 ok=523 fail=0 vofa=firewater rx=149 txdrop=0
1775026503.7218924,1775026503721892400,3814507070500,HB,128842,16461.0,1,0.047,-0.023,15.0,16.0,-1.0,13.0,13.0,2.0,2.0,15.0,16.0,0,0,,HB tick=128842 exp_id=184 t_ms=16461 run=1 spd=1 ts=20.000 as=15.500 ta=0.000 aa=-0.061 se=4.500 so=1.626 ae=0.061 ao=0.073 pwm=13 pc=2 hd=0 y=0.047 yr=-0.023 L=2 R=2 OL=13 OR=13 el=15 er=16 ed=-1 dl=15 dr=16 cl=0 cr=0 ok=524 fail=0 vofa=firewater rx=149 txdrop=0
1775026503.8865523,1775026503886552200,3814671729300,HB,129003,16622.0,1,0.381,0.711,16.0,15.0,1.0,13.0,13.0,2.0,2.0,16.0,15.0,0,0,,HB tick=129003 exp_id=184 t_ms=16622 run=1 spd=1 ts=20.000 as=15.500 ta=0.000 aa=0.047 se=4.500 so=1.634 ae=-0.047 ao=-0.051 pwm=13 pc=2 hd=0 y=0.381 yr=0.711 L=2 R=2 OL=13 OR=13 el=16 er=15 ed=1 dl=16 dr=15 cl=0 cr=0 ok=525 fail=0 vofa=firewater rx=149 txdrop=0
1775026504.1158917,1775026504115891600,3814901069400,HB,129235,16854.0,1,0.345,0.408,16.0,16.0,0.0,13.0,13.0,2.0,2.0,16.0,16.0,0,0,,HB tick=129235 exp_id=184 t_ms=16854 run=1 spd=1 ts=20.000 as=16.000 ta=0.000 aa=0.381 se=4.000 so=1.596 ae=-0.381 ao=-0.366 pwm=13 pc=2 hd=0 y=0.345 yr=0.408 L=2 R=2 OL=13 OR=13 el=16 er=16 ed=0 dl=16 dr=16 cl=0 cr=0 ok=526 fail=0 vofa=firewater rx=149 txdrop=0
1775026504.333163,1775026504333162900,3815118340200,HB,129445,17064.0,1,0.391,0.342,16.0,15.0,1.0,13.0,13.0,2.0,2.0,16.0,15.0,0,0,,HB tick=129445 exp_id=184 t_ms=17064 run=1 spd=1 ts=20.000 as=15.500 ta=0.000 aa=0.345 se=4.500 so=1.657 ae=-0.345 ao=-0.261 pwm=13 pc=2 hd=0 y=0.391 yr=0.342 L=2 R=2 OL=13 OR=13 el=16 er=15 ed=1 dl=16 dr=15 cl=0 cr=0 ok=527 fail=0 vofa=firewater rx=149 txdrop=0
1775026504.5314915,1775026504531491500,3815316669000,HB,129649,17268.0,1,0.553,0.499,16.0,15.0,1.0,12.0,14.0,1.0,3.0,16.0,15.0,0,0,,HB tick=129649 exp_id=184 t_ms=17268 run=1 spd=1 ts=20.000 as=15.500 ta=0.000 aa=0.391 se=4.500 so=1.668 ae=-0.391 ao=-0.251 pwm=13 pc=2 hd=-1 y=0.553 yr=0.499 L=1 R=3 OL=12 OR=14 el=16 er=15 ed=1 dl=16 dr=15 cl=0 cr=0 ok=528 fail=0 vofa=firewater rx=149 txdrop=0
1775026504.7384684,1775026504738468400,3815523646500,HB,129854,17473.0,1,0.449,0.147,16.0,16.0,0.0,12.0,14.0,1.0,3.0,16.0,16.0,0,0,,HB tick=129854 exp_id=184 t_ms=17473 run=1 spd=1 ts=20.000 as=16.000 ta=0.000 aa=0.553 se=4.000 so=1.629 ae=-0.553 ao=-0.340 pwm=13 pc=2 hd=-1 y=0.449 yr=0.147 L=1 R=3 OL=12 OR=14 el=16 er=16 ed=0 dl=16 dr=16 cl=0 cr=0 ok=529 fail=0 vofa=firewater rx=149 txdrop=0
1775026504.9038484,1775026504903848500,3815689025900,HB,130019,17638.0,1,0.24,-0.348,16.0,15.0,1.0,12.0,14.0,1.0,3.0,16.0,15.0,0,0,,HB tick=130019 exp_id=184 t_ms=17638 run=1 spd=1 ts=20.000 as=15.500 ta=0.000 aa=0.449 se=4.500 so=1.687 ae=-0.449 ao=-0.203 pwm=13 pc=2 hd=-1 y=0.240 yr=-0.348 L=1 R=3 OL=12 OR=14 el=16 er=15 ed=1 dl=16 dr=15 cl=0 cr=0 ok=530 fail=0 vofa=firewater rx=149 txdrop=0
1775026505.1532052,1775026505153205200,3815938382900,HB,130273,17892.0,1,0.608,0.281,16.0,16.0,0.0,13.0,13.0,2.0,2.0,16.0,16.0,0,0,,HB tick=130273 exp_id=184 t_ms=17892 run=1 spd=1 ts=20.000 as=16.000 ta=0.000 aa=0.240 se=4.000 so=1.651 ae=-0.240 ao=0.006 pwm=13 pc=2 hd=0 y=0.608 yr=0.281 L=2 R=2 OL=13 OR=13 el=16 er=16 ed=0 dl=16 dr=16 cl=0 cr=0 ok=531 fail=0 vofa=firewater rx=149 txdrop=0
1775026505.3093305,1775026505309330500,3816094507600,HB,130430,18049.0,1,0.601,0.168,15.0,16.0,-1.0,13.0,13.0,2.0,2.0,15.0,16.0,0,0,,HB tick=130430 exp_id=184 t_ms=18049 run=1 spd=1 ts=20.000 as=15.500 ta=0.000 aa=0.608 se=4.500 so=1.709 ae=-0.608 ao=-0.284 pwm=13 pc=2 hd=0 y=0.601 yr=0.168 L=2 R=2 OL=13 OR=13 el=15 er=16 ed=-1 dl=15 dr=16 cl=0 cr=0 ok=532 fail=0 vofa=firewater rx=149 txdrop=0
1775026505.558641,1775026505558640800,3816343818000,HB,130679,18298.0,1,0.632,0.152,16.0,17.0,-1.0,13.0,13.0,2.0,2.0,16.0,17.0,0,0,,HB tick=130679 exp_id=184 t_ms=18298 run=1 spd=1 ts=20.000 as=16.500 ta=0.000 aa=0.601 se=3.500 so=1.621 ae=-0.601 ao=-0.247 pwm=13 pc=2 hd=0 y=0.632 yr=0.152 L=2 R=2 OL=13 OR=13 el=16 er=17 ed=-1 dl=16 dr=17 cl=0 cr=0 ok=533 fail=0 vofa=firewater rx=149 txdrop=0
1775026505.7244785,1775026505724478400,3816509656200,HB,130836,18455.0,1,0.648,0.135,15.0,15.0,0.0,13.0,13.0,2.0,2.0,15.0,15.0,0,0,,HB tick=130836 exp_id=184 t_ms=18455 run=1 spd=1 ts=20.000 as=15.000 ta=0.000 aa=0.632 se=5.000 so=1.780 ae=-0.632 ao=-0.249 pwm=13 pc=2 hd=0 y=0.648 yr=0.135 L=2 R=2 OL=13 OR=13 el=15 er=15 ed=0 dl=15 dr=15 cl=0 cr=0 ok=534 fail=0 vofa=firewater rx=149 txdrop=0
1775026505.9531693,1775026505953169300,3816738348800,HB,131069,18687.0,1,0.78,0.287,16.0,16.0,0.0,13.0,13.0,2.0,2.0,16.0,16.0,0,0,,HB tick=131069 exp_id=184 t_ms=18687 run=1 spd=1 ts=20.000 as=16.000 ta=0.000 aa=0.648 se=4.000 so=1.692 ae=-0.648 ao=-0.248 pwm=13 pc=2 hd=0 y=0.780 yr=0.287 L=2 R=2 OL=13 OR=13 el=16 er=16 ed=0 dl=16 dr=16 cl=0 cr=0 ok=535 fail=0 vofa=firewater rx=149 txdrop=0
1775026506.1612234,1775026506161223500,3816946401100,HB,131274,18893.0,1,0.57,-0.173,16.0,16.0,0.0,13.0,13.0,2.0,2.0,16.0,16.0,0,0,,HB tick=131274 exp_id=184 t_ms=18893 run=1 spd=1 ts=20.000 as=16.000 ta=0.000 aa=0.780 se=4.000 so=1.702 ae=-0.780 ao=-0.328 pwm=13 pc=2 hd=0 y=0.570 yr=-0.173 L=2 R=2 OL=13 OR=13 el=16 er=16 ed=0 dl=16 dr=16 cl=0 cr=0 ok=536 fail=0 vofa=firewater rx=149 txdrop=0
1775026506.3209925,1775026506320992600,3817106170300,HB,131439,19058.0,1,0.407,-0.456,16.0,15.0,1.0,13.0,13.0,2.0,2.0,16.0,15.0,0,0,,HB tick=131439 exp_id=184 t_ms=19058 run=1 spd=1 ts=20.000 as=15.500 ta=0.000 aa=0.570 se=4.500 so=1.760 ae=-0.570 ao=-0.131 pwm=13 pc=2 hd=0 y=0.407 yr=-0.456 L=2 R=2 OL=13 OR=13 el=16 er=15 ed=1 dl=16 dr=15 cl=0 cr=0 ok=537 fail=0 vofa=firewater rx=149 txdrop=0
1775026506.5590174,1775026506559017400,3817344194500,HB,131671,19290.0,1,0.534,-0.106,16.0,15.0,1.0,13.0,13.0,2.0,2.0,16.0,15.0,0,0,,HB tick=131671 exp_id=184 t_ms=19290 run=1 spd=1 ts=20.000 as=15.500 ta=0.000 aa=0.407 se=4.500 so=1.772 ae=-0.407 ao=-0.002 pwm=13 pc=2 hd=0 y=0.534 yr=-0.106 L=2 R=2 OL=13 OR=13 el=16 er=15 ed=1 dl=16 dr=15 cl=0 cr=0 ok=538 fail=0 vofa=firewater rx=149 txdrop=0
1775026506.7763524,1775026506776352600,3817561546700,HB,131897,19516.0,1,0.455,-0.191,16.0,16.0,0.0,13.0,13.0,2.0,2.0,16.0,16.0,0,0,,HB tick=131897 exp_id=184 t_ms=19516 run=1 spd=1 ts=20.000 as=16.000 ta=0.000 aa=0.534 se=4.000 so=1.733 ae=-0.534 ao=-0.144 pwm=13 pc=2 hd=0 y=0.455 yr=-0.191 L=2 R=2 OL=13 OR=13 el=16 er=16 ed=0 dl=16 dr=16 cl=0 cr=0 ok=539 fail=0 vofa=firewater rx=149 txdrop=0
1775026506.984924,1775026506984924100,3817770101600,HB,132098,19717.0,1,0.481,-0.079,16.0,16.0,0.0,13.0,13.0,2.0,2.0,16.0,16.0,0,0,,HB tick=132098 exp_id=184 t_ms=19717 run=1 spd=1 ts=20.000 as=16.000 ta=0.000 aa=0.455 se=4.000 so=1.742 ae=-0.455 ao=-0.099 pwm=13 pc=2 hd=0 y=0.481 yr=-0.079 L=2 R=2 OL=13 OR=13 el=16 er=16 ed=0 dl=16 dr=16 cl=0 cr=0 ok=540 fail=0 vofa=firewater rx=149 txdrop=0
1775026507.140595,1775026507140594900,3817925773500,HB,132259,19878.0,1,0.59,0.186,16.0,16.0,0.0,13.0,13.0,2.0,2.0,16.0,16.0,0,0,,HB tick=132259 exp_id=184 t_ms=19878 run=1 spd=1 ts=20.000 as=16.000 ta=0.000 aa=0.481 se=4.000 so=1.750 ae=-0.481 ao=-0.141 pwm=13 pc=2 hd=0 y=0.590 yr=0.186 L=2 R=2 OL=13 OR=13 el=16 er=16 ed=0 dl=16 dr=16 cl=0 cr=0 ok=541 fail=0 vofa=firewater rx=149 txdrop=0
1775026507.328177,1775026507328177000,3818113354300,HB,132448,20067.0,1,0.589,0.119,15.0,16.0,-1.0,13.0,13.0,2.0,2.0,15.0,16.0,0,0,,HB tick=132448 exp_id=184 t_ms=20067 run=1 spd=1 ts=20.000 as=15.500 ta=0.000 aa=0.590 se=4.500 so=1.810 ae=-0.590 ao=-0.252 pwm=13 pc=2 hd=0 y=0.589 yr=0.119 L=2 R=2 OL=13 OR=13 el=15 er=16 ed=-1 dl=15 dr=16 cl=0 cr=0 ok=542 fail=0 vofa=firewater rx=149 txdrop=0
1775026507.5770106,1775026507577010600,3818362190400,HB,132697,20316.0,1,-0.016,-0.774,16.0,15.0,1.0,12.0,14.0,1.0,3.0,16.0,15.0,0,0,,HB tick=132697 exp_id=184 t_ms=20316 run=1 spd=1 ts=20.000 as=15.500 ta=0.000 aa=0.589 se=4.500 so=1.823 ae=-0.589 ao=-0.231 pwm=13 pc=2 hd=-1 y=-0.016 yr=-0.774 L=1 R=3 OL=12 OR=14 el=16 er=15 ed=1 dl=16 dr=15 cl=0 cr=0 ok=543 fail=0 vofa=firewater rx=149 txdrop=0
1775026507.7854936,1775026507785493600,3818570671000,HB,132898,20517.0,1,0.051,-0.387,15.0,15.0,0.0,13.0,13.0,2.0,2.0,15.0,15.0,0,0,,HB tick=132898 exp_id=184 t_ms=20517 run=1 spd=1 ts=20.000 as=15.000 ta=0.000 aa=-0.016 se=5.000 so=1.884 ae=0.016 ao=0.200 pwm=13 pc=2 hd=0 y=0.051 yr=-0.387 L=2 R=2 OL=13 OR=13 el=15 er=15 ed=0 dl=15 dr=15 cl=0 cr=0 ok=544 fail=0 vofa=firewater rx=149 txdrop=0
1775026507.941966,1775026507941966000,3818727144100,HB,133059,20678.0,1,0.176,0.021,15.0,15.0,0.0,13.0,13.0,2.0,2.0,15.0,15.0,0,0,,HB tick=133059 exp_id=184 t_ms=20678 run=1 spd=1 ts=20.000 as=15.000 ta=0.000 aa=0.051 se=5.000 so=1.893 ae=-0.051 ao=0.060 pwm=13 pc=2 hd=0 y=0.176 yr=0.021 L=2 R=2 OL=13 OR=13 el=15 er=15 ed=0 dl=15 dr=15 cl=0 cr=0 ok=545 fail=0 vofa=firewater rx=149 txdrop=0
1775026508.1309366,1775026508130936700,3818916114400,HB,133248,20867.0,1,0.187,0.035,16.0,16.0,0.0,13.0,13.0,2.0,2.0,16.0,16.0,0,0,,HB tick=133248 exp_id=184 t_ms=20867 run=1 spd=1 ts=20.000 as=16.000 ta=0.000 aa=0.176 se=4.000 so=1.803 ae=-0.176 ao=-0.101 pwm=13 pc=2 hd=0 y=0.187 yr=0.035 L=2 R=2 OL=13 OR=13 el=16 er=16 ed=0 dl=16 dr=16 cl=0 cr=0 ok=546 fail=0 vofa=firewater rx=149 txdrop=0
1775026508.3600144,1775026508360014400,3819145194000,HB,133481,21100.0,1,0.188,0.023,15.0,15.0,0.0,13.0,13.0,2.0,2.0,15.0,15.0,0,0,,HB tick=133481 exp_id=184 t_ms=21100 run=1 spd=1 ts=20.000 as=15.000 ta=0.000 aa=0.187 se=5.000 so=1.916 ae=-0.187 ao=-0.108 pwm=13 pc=2 hd=0 y=0.188 yr=0.023 L=2 R=2 OL=13 OR=13 el=15 er=15 ed=0 dl=15 dr=15 cl=0 cr=0 ok=547 fail=0 vofa=firewater rx=149 txdrop=0
1775026508.5873594,1775026508587359400,3819372536800,HB,133702,21321.0,1,0.353,0.278,15.0,15.0,0.0,13.0,13.0,2.0,2.0,15.0,15.0,0,0,,HB tick=133702 exp_id=184 t_ms=21321 run=1 spd=1 ts=20.000 as=15.000 ta=0.000 aa=0.188 se=5.000 so=1.929 ae=-0.188 ao=-0.104 pwm=13 pc=2 hd=0 y=0.353 yr=0.278 L=2 R=2 OL=13 OR=13 el=15 er=15 ed=0 dl=15 dr=15 cl=0 cr=0 ok=548 fail=0 vofa=firewater rx=149 txdrop=0
1775026508.7358139,1775026508735814000,3819520995700,HB,133858,21477.0,1,0.293,0.044,15.0,16.0,-1.0,13.0,13.0,2.0,2.0,15.0,16.0,0,0,,HB tick=133858 exp_id=184 t_ms=21477 run=1 spd=1 ts=20.000 as=15.500 ta=0.000 aa=0.353 se=4.500 so=1.887 ae=-0.353 ao=-0.225 pwm=13 pc=2 hd=0 y=0.293 yr=0.044 L=2 R=2 OL=13 OR=13 el=15 er=16 ed=-1 dl=15 dr=16 cl=0 cr=0 ok=549 fail=0 vofa=firewater rx=149 txdrop=0
1775026508.9352832,1775026508935283300,3819720462600,HB,134047,21666.0,1,0.272,-0.01,15.0,16.0,-1.0,13.0,13.0,2.0,2.0,15.0,16.0,0,0,,HB tick=134047 exp_id=184 t_ms=21666 run=1 spd=1 ts=20.000 as=15.500 ta=0.000 aa=0.293 se=4.500 so=1.897 ae=-0.293 ao=-0.136 pwm=13 pc=2 hd=0 y=0.272 yr=-0.010 L=2 R=2 OL=13 OR=13 el=15 er=16 ed=-1 dl=15 dr=16 cl=0 cr=0 ok=550 fail=0 vofa=firewater rx=149 txdrop=0
1775026509.1230493,1775026509123049300,3819908226800,HB,134236,21855.0,1,0.01,-0.491,16.0,15.0,1.0,12.0,14.0,1.0,3.0,16.0,15.0,0,0,,HB tick=134236 exp_id=184 t_ms=21855 run=1 spd=1 ts=20.000 as=15.500 ta=0.000 aa=0.272 se=4.500 so=1.908 ae=-0.272 ao=-0.114 pwm=13 pc=2 hd=-1 y=0.010 yr=-0.491 L=1 R=3 OL=12 OR=14 el=16 er=15 ed=1 dl=16 dr=15 cl=0 cr=0 ok=551 fail=0 vofa=firewater rx=149 txdrop=0
1775026509.3511856,1775026509351185600,3820136362800,HB,134469,22088.0,1,0.037,-0.278,15.0,16.0,-1.0,13.0,13.0,2.0,2.0,15.0,16.0,0,0,,HB tick=134469 exp_id=184 t_ms=22088 run=1 spd=1 ts=20.000 as=15.500 ta=0.000 aa=0.010 se=4.500 so=1.921 ae=-0.010 ao=0.103 pwm=13 pc=2 hd=0 y=0.037 yr=-0.278 L=2 R=2 OL=13 OR=13 el=15 er=16 ed=-1 dl=15 dr=16 cl=0 cr=0 ok=552 fail=0 vofa=firewater rx=149 txdrop=0
1775026509.5808077,1775026509580807800,3820365985400,HB,134695,22314.0,1,-0.034,-0.291,16.0,16.0,0.0,13.0,13.0,2.0,2.0,16.0,16.0,0,0,,HB tick=134695 exp_id=184 t_ms=22314 run=1 spd=1 ts=20.000 as=16.000 ta=0.000 aa=0.037 se=4.000 so=1.883 ae=-0.037 ao=0.028 pwm=13 pc=2 hd=0 y=-0.034 yr=-0.291 L=2 R=2 OL=13 OR=13 el=16 er=16 ed=0 dl=16 dr=16 cl=0 cr=0 ok=553 fail=0 vofa=firewater rx=149 txdrop=0
1775026509.7982101,1775026509798210100,3820583387300,HB,134912,22531.0,1,0.436,0.569,16.0,15.0,1.0,13.0,13.0,2.0,2.0,16.0,15.0,0,0,,HB tick=134912 exp_id=184 t_ms=22531 run=1 spd=1 ts=20.000 as=15.500 ta=0.000 aa=-0.034 se=4.500 so=1.945 ae=0.034 ao=0.049 pwm=13 pc=2 hd=0 y=0.436 yr=0.569 L=2 R=2 OL=13 OR=13 el=16 er=15 ed=1 dl=16 dr=15 cl=0 cr=0 ok=554 fail=0 vofa=firewater rx=149 txdrop=0
1775026509.953362,1775026509953361900,3820738540500,HB,135068,22687.0,1,0.53,0.581,16.0,16.0,0.0,12.0,14.0,1.0,3.0,16.0,16.0,0,0,,HB tick=135068 exp_id=184 t_ms=22687 run=1 spd=1 ts=20.000 as=16.000 ta=0.000 aa=0.436 se=4.000 so=1.903 ae=-0.436 ao=-0.339 pwm=13 pc=2 hd=-1 y=0.530 yr=0.581 L=1 R=3 OL=12 OR=14 el=16 er=16 ed=0 dl=16 dr=16 cl=0 cr=0 ok=555 fail=0 vofa=firewater rx=149 txdrop=0
1775026510.1405652,1775026510140565200,3820925742700,HB,135252,22871.0,1,0.586,0.485,16.0,16.0,0.0,12.0,14.0,1.0,3.0,16.0,16.0,0,0,,HB tick=135252 exp_id=184 t_ms=22871 run=1 spd=1 ts=20.000 as=16.000 ta=0.000 aa=0.530 se=4.000 so=1.914 ae=-0.530 ao=-0.365 pwm=13 pc=2 hd=-1 y=0.586 yr=0.485 L=1 R=3 OL=12 OR=14 el=16 er=16 ed=0 dl=16 dr=16 cl=0 cr=0 ok=556 fail=0 vofa=firewater rx=149 txdrop=0
1775026510.3707705,1775026510370770400,3821155947800,HB,135484,23103.0,1,0.455,0.117,15.0,15.0,0.0,13.0,13.0,2.0,2.0,15.0,15.0,0,0,,HB tick=135484 exp_id=184 t_ms=23103 run=1 spd=1 ts=20.000 as=15.000 ta=0.000 aa=0.586 se=5.000 so=2.026 ae=-0.586 ao=-0.349 pwm=13 pc=2 hd=0 y=0.455 yr=0.117 L=2 R=2 OL=13 OR=13 el=15 er=15 ed=0 dl=15 dr=15 cl=0 cr=0 ok=557 fail=0 vofa=firewater rx=149 txdrop=0
1775026510.598008,1775026510598007900,3821383185300,HB,135710,23329.0,1,0.701,0.458,15.0,16.0,-1.0,12.0,14.0,1.0,3.0,15.0,16.0,0,0,,HB tick=135710 exp_id=184 t_ms=23329 run=1 spd=1 ts=20.000 as=15.500 ta=0.000 aa=0.455 se=4.500 so=1.989 ae=-0.455 ao=-0.200 pwm=13 pc=2 hd=-1 y=0.701 yr=0.458 L=1 R=3 OL=12 OR=14 el=15 er=16 ed=-1 dl=15 dr=16 cl=0 cr=0 ok=558 fail=0 vofa=firewater rx=149 txdrop=0
1775026510.7534702,1775026510753470100,3821538647500,HB,135866,23485.0,1,0.623,0.125,16.0,15.0,1.0,12.0,14.0,1.0,3.0,16.0,15.0,0,0,,HB tick=135866 exp_id=184 t_ms=23485 run=1 spd=1 ts=20.000 as=15.500 ta=0.000 aa=0.701 se=4.500 so=1.997 ae=-0.701 ao=-0.368 pwm=13 pc=2 hd=-1 y=0.623 yr=0.125 L=1 R=3 OL=12 OR=14 el=16 er=15 ed=1 dl=16 dr=15 cl=0 cr=0 ok=559 fail=0 vofa=firewater rx=149 txdrop=0
1775026511.00224,1775026511002239900,3821787418100,HB,136115,23734.0,1,0.393,-0.242,15.0,16.0,-1.0,13.0,13.0,2.0,2.0,15.0,16.0,0,0,,HB tick=136115 exp_id=184 t_ms=23734 run=1 spd=1 ts=20.000 as=15.500 ta=0.000 aa=0.623 se=4.500 so=2.010 ae=-0.623 ao=-0.243 pwm=13 pc=2 hd=0 y=0.393 yr=-0.242 L=2 R=2 OL=13 OR=13 el=15 er=16 ed=-1 dl=15 dr=16 cl=0 cr=0 ok=560 fail=0 vofa=firewater rx=149 txdrop=0
1775026511.1993103,1775026511199310400,3821984487600,HB,136316,23935.0,1,0.379,-0.182,15.0,15.0,0.0,13.0,13.0,2.0,2.0,15.0,15.0,0,0,,HB tick=136316 exp_id=184 t_ms=23935 run=1 spd=1 ts=20.000 as=15.000 ta=0.000 aa=0.393 se=5.000 so=2.071 ae=-0.393 ao=-0.071 pwm=13 pc=2 hd=0 y=0.379 yr=-0.182 L=2 R=2 OL=13 OR=13 el=15 er=15 ed=0 dl=15 dr=15 cl=0 cr=0 ok=561 fail=0 vofa=firewater rx=149 txdrop=0
1775026511.418373,1775026511418373200,3822203550600,HB,136538,24157.0,1,0.534,0.126,15.0,15.0,0.0,13.0,13.0,2.0,2.0,15.0,15.0,0,0,,HB tick=136538 exp_id=184 t_ms=24157 run=1 spd=1 ts=20.000 as=15.000 ta=0.000 aa=0.379 se=5.000 so=2.083 ae=-0.379 ao=-0.087 pwm=13 pc=2 hd=0 y=0.534 yr=0.126 L=2 R=2 OL=13 OR=13 el=15 er=15 ed=0 dl=15 dr=15 cl=0 cr=0 ok=562 fail=0 vofa=firewater rx=149 txdrop=0
1775026511.6371305,1775026511637130500,3822422308100,HB,136755,24374.0,1,0.615,0.212,16.0,15.0,1.0,13.0,13.0,2.0,2.0,16.0,15.0,0,0,,HB tick=136755 exp_id=184 t_ms=24374 run=1 spd=1 ts=20.000 as=15.500 ta=0.000 aa=0.534 se=4.500 so=2.045 ae=-0.534 ao=-0.223 pwm=13 pc=2 hd=0 y=0.615 yr=0.212 L=2 R=2 OL=13 OR=13 el=16 er=15 ed=1 dl=16 dr=15 cl=0 cr=0 ok=563 fail=0 vofa=firewater rx=149 txdrop=0
1775026511.8461459,1775026511846145900,3822631323200,HB,136956,24575.0,1,0.656,0.21,15.0,16.0,-1.0,13.0,13.0,2.0,2.0,15.0,16.0,0,0,,HB tick=136956 exp_id=184 t_ms=24575 run=1 spd=1 ts=20.000 as=15.500 ta=0.000 aa=0.615 se=4.500 so=2.056 ae=-0.615 ao=-0.270 pwm=13 pc=2 hd=0 y=0.656 yr=0.210 L=2 R=2 OL=13 OR=13 el=15 er=16 ed=-1 dl=15 dr=16 cl=0 cr=0 ok=564 fail=0 vofa=firewater rx=149 txdrop=0
1775026512.0647345,1775026512064734400,3822849912300,HB,137177,24796.0,1,0.636,0.105,15.0,16.0,-1.0,13.0,13.0,2.0,2.0,15.0,16.0,0,0,,HB tick=137177 exp_id=184 t_ms=24796 run=1 spd=1 ts=20.000 as=15.500 ta=0.000 aa=0.656 se=4.500 so=2.069 ae=-0.656 ao=-0.280 pwm=13 pc=2 hd=0 y=0.636 yr=0.105 L=2 R=2 OL=13 OR=13 el=15 er=16 ed=-1 dl=15 dr=16 cl=0 cr=0 ok=565 fail=0 vofa=firewater rx=149 txdrop=0
1775026512.282515,1775026512282514900,3823067692300,HB,137395,25014.0,1,0.261,-0.535,16.0,16.0,0.0,13.0,13.0,2.0,2.0,16.0,16.0,0,0,,HB tick=137395 exp_id=184 t_ms=25014 run=1 spd=1 ts=20.000 as=16.000 ta=0.000 aa=0.636 se=4.000 so=2.031 ae=-0.636 ao=-0.241 pwm=13 pc=2 hd=0 y=0.261 yr=-0.535 L=2 R=2 OL=13 OR=13 el=16 er=16 ed=0 dl=16 dr=16 cl=0 cr=0 ok=566 fail=0 vofa=firewater rx=149 txdrop=0
1775026512.4801948,1775026512480194800,3823265372400,HB,137596,25214.0,1,0.262,-0.346,15.0,15.0,0.0,13.0,13.0,2.0,2.0,15.0,15.0,0,0,,HB tick=137596 exp_id=184 t_ms=25214 run=1 spd=1 ts=20.000 as=15.000 ta=0.000 aa=0.261 se=5.000 so=2.142 ae=-0.261 ao=0.053 pwm=13 pc=2 hd=0 y=0.262 yr=-0.346 L=2 R=2 OL=13 OR=13 el=15 er=15 ed=0 dl=15 dr=15 cl=0 cr=0 ok=567 fail=0 vofa=firewater rx=149 txdrop=0
1775026512.6979585,1775026512697958500,3823483136100,HB,137817,25436.0,1,0.552,0.232,15.0,15.0,0.0,13.0,13.0,2.0,2.0,15.0,15.0,0,0,,HB tick=137817 exp_id=184 t_ms=25436 run=1 spd=1 ts=20.000 as=15.000 ta=0.000 aa=0.262 se=5.000 so=2.154 ae=-0.262 ao=-0.008 pwm=13 pc=2 hd=0 y=0.552 yr=0.232 L=2 R=2 OL=13 OR=13 el=15 er=15 ed=0 dl=15 dr=15 cl=0 cr=0 ok=568 fail=0 vofa=firewater rx=149 txdrop=0
1775026512.8639762,1775026512863976200,3823649153600,HB,137974,25593.0,1,0.53,0.103,16.0,16.0,0.0,12.0,14.0,1.0,3.0,16.0,16.0,0,0,,HB tick=137974 exp_id=184 t_ms=25593 run=1 spd=1 ts=20.000 as=16.000 ta=0.000 aa=0.552 se=4.000 so=2.063 ae=-0.552 ao=-0.263 pwm=13 pc=2 hd=-1 y=0.530 yr=0.103 L=1 R=3 OL=12 OR=14 el=16 er=16 ed=0 dl=16 dr=16 cl=0 cr=0 ok=569 fail=0 vofa=firewater rx=149 txdrop=0
1775026513.1020284,1775026513102028200,3823887206000,HB,138222,25841.0,1,0.207,-0.389,15.0,15.0,0.0,13.0,13.0,2.0,2.0,15.0,15.0,0,0,,HB tick=138222 exp_id=184 t_ms=25841 run=1 spd=1 ts=20.000 as=15.000 ta=0.000 aa=0.530 se=5.000 so=2.177 ae=-0.530 ao=-0.217 pwm=13 pc=2 hd=0 y=0.207 yr=-0.389 L=2 R=2 OL=13 OR=13 el=15 er=15 ed=0 dl=15 dr=15 cl=0 cr=0 ok=570 fail=0 vofa=firewater rx=149 txdrop=0
1775026513.3203614,1775026513320361500,3824105538500,HB,138439,26058.0,1,0.345,-0.031,15.0,15.0,0.0,13.0,13.0,2.0,2.0,15.0,15.0,0,0,,HB tick=138439 exp_id=184 t_ms=26058 run=1 spd=1 ts=20.000 as=15.000 ta=0.000 aa=0.207 se=5.000 so=2.188 ae=-0.207 ao=0.018 pwm=13 pc=2 hd=0 y=0.345 yr=-0.031 L=2 R=2 OL=13 OR=13 el=15 er=15 ed=0 dl=15 dr=15 cl=0 cr=0 ok=571 fail=0 vofa=firewater rx=149 txdrop=0
1775026513.4755893,1775026513475589300,3824260767100,HB,138595,26214.0,1,0.337,-0.038,15.0,15.0,0.0,13.0,13.0,2.0,2.0,15.0,15.0,0,0,,HB tick=138595 exp_id=184 t_ms=26214 run=1 spd=1 ts=20.000 as=15.000 ta=0.000 aa=0.345 se=5.000 so=2.197 ae=-0.345 ao=-0.129 pwm=13 pc=2 hd=0 y=0.337 yr=-0.038 L=2 R=2 OL=13 OR=13 el=15 er=15 ed=0 dl=15 dr=15 cl=0 cr=0 ok=572 fail=0 vofa=firewater rx=149 txdrop=0
1775026513.735741,1775026513735740900,3824520918700,HB,138849,26468.0,1,0.092,-0.362,16.0,16.0,0.0,13.0,13.0,2.0,2.0,16.0,16.0,0,0,,HB tick=138849 exp_id=184 t_ms=26468 run=1 spd=1 ts=20.000 as=16.000 ta=0.000 aa=0.337 se=4.000 so=2.110 ae=-0.337 ao=-0.125 pwm=13 pc=2 hd=0 y=0.092 yr=-0.362 L=2 R=2 OL=13 OR=13 el=16 er=16 ed=0 dl=16 dr=16 cl=0 cr=0 ok=573 fail=0 vofa=firewater rx=149 txdrop=0
1775026513.8918052,1775026513891805100,3824676982500,HB,139005,26624.0,1,0.155,-0.094,16.0,15.0,1.0,13.0,13.0,2.0,2.0,16.0,15.0,0,0,,HB tick=139005 exp_id=184 t_ms=26624 run=1 spd=1 ts=20.000 as=15.500 ta=0.000 aa=0.092 se=4.500 so=2.169 ae=-0.092 ao=0.037 pwm=13 pc=2 hd=0 y=0.155 yr=-0.094 L=2 R=2 OL=13 OR=13 el=16 er=15 ed=1 dl=16 dr=15 cl=0 cr=0 ok=574 fail=0 vofa=firewater rx=149 txdrop=0
1775026514.1208677,1775026514120867800,3824906046100,HB,139238,26857.0,1,0.347,0.227,15.0,15.0,0.0,13.0,13.0,2.0,2.0,15.0,15.0,0,0,,HB tick=139238 exp_id=184 t_ms=26857 run=1 spd=1 ts=20.000 as=15.000 ta=0.000 aa=0.155 se=5.000 so=2.232 ae=-0.155 ao=-0.064 pwm=13 pc=2 hd=0 y=0.347 yr=0.227 L=2 R=2 OL=13 OR=13 el=15 er=15 ed=0 dl=15 dr=15 cl=0 cr=0 ok=575 fail=0 vofa=firewater rx=149 txdrop=0
1775026514.3401563,1775026514340156400,3825125334000,HB,139460,27079.0,1,0.094,-0.251,16.0,15.0,1.0,13.0,13.0,2.0,2.0,16.0,15.0,0,0,,HB tick=139460 exp_id=184 t_ms=27079 run=1 spd=1 ts=20.000 as=15.500 ta=0.000 aa=0.347 se=4.500 so=2.195 ae=-0.347 ao=-0.213 pwm=13 pc=2 hd=0 y=0.094 yr=-0.251 L=2 R=2 OL=13 OR=13 el=16 er=15 ed=1 dl=16 dr=15 cl=0 cr=0 ok=576 fail=0 vofa=firewater rx=149 txdrop=0
1775026514.498879,1775026514498879100,3825284056800,HB,139615,27234.0,1,0.092,-0.168,15.0,15.0,0.0,13.0,13.0,2.0,2.0,15.0,15.0,0,0,,HB tick=139615 exp_id=184 t_ms=27234 run=1 spd=1 ts=20.000 as=15.000 ta=0.000 aa=0.094 se=5.000 so=2.253 ae=-0.094 ao=0.001 pwm=13 pc=2 hd=0 y=0.092 yr=-0.168 L=2 R=2 OL=13 OR=13 el=15 er=15 ed=0 dl=15 dr=15 cl=0 cr=0 ok=577 fail=0 vofa=firewater rx=149 txdrop=0
1775026514.6857996,1775026514685799800,3825470977500,HB,139804,27423.0,1,0.099,-0.096,16.0,15.0,1.0,13.0,13.0,2.0,2.0,16.0,15.0,0,0,,HB tick=139804 exp_id=184 t_ms=27423 run=1 spd=1 ts=20.000 as=15.500 ta=0.000 aa=0.092 se=4.500 so=2.214 ae=-0.092 ao=-0.025 pwm=13 pc=2 hd=0 y=0.099 yr=-0.096 L=2 R=2 OL=13 OR=13 el=16 er=15 ed=1 dl=16 dr=15 cl=0 cr=0 ok=578 fail=0 vofa=firewater rx=149 txdrop=0
1775026514.8736129,1775026514873612900,3825658790900,HB,139993,27612.0,1,0.363,0.426,15.0,15.0,0.0,13.0,13.0,2.0,2.0,15.0,15.0,0,0,,HB tick=139993 exp_id=184 t_ms=27612 run=1 spd=1 ts=20.000 as=15.000 ta=0.000 aa=0.099 se=5.000 so=2.274 ae=-0.099 ao=-0.050 pwm=13 pc=2 hd=0 y=0.363 yr=0.426 L=2 R=2 OL=13 OR=13 el=15 er=15 ed=0 dl=15 dr=15 cl=0 cr=0 ok=579 fail=0 vofa=firewater rx=149 txdrop=0
1775026515.125034,1775026515125033900,3825910212300,HB,140242,27861.0,1,0.351,0.261,15.0,15.0,0.0,13.0,13.0,2.0,2.0,15.0,15.0,0,0,,HB tick=140242 exp_id=184 t_ms=27861 run=1 spd=1 ts=20.000 as=15.000 ta=0.000 aa=0.363 se=5.000 so=2.288 ae=-0.363 ao=-0.281 pwm=13 pc=2 hd=0 y=0.351 yr=0.261 L=2 R=2 OL=13 OR=13 el=15 er=15 ed=0 dl=15 dr=15 cl=0 cr=0 ok=580 fail=0 vofa=firewater rx=149 txdrop=0
1775026515.344111,1775026515344110800,3826129288100,HB,140459,28078.0,1,0.624,0.61,15.0,15.0,0.0,13.0,13.0,2.0,2.0,15.0,15.0,0,0,,HB tick=140459 exp_id=184 t_ms=28078 run=1 spd=1 ts=20.000 as=15.000 ta=0.000 aa=0.351 se=5.000 so=2.300 ae=-0.351 ao=-0.225 pwm=13 pc=2 hd=0 y=0.624 yr=0.610 L=2 R=2 OL=13 OR=13 el=15 er=15 ed=0 dl=15 dr=15 cl=0 cr=0 ok=581 fail=0 vofa=firewater rx=149 txdrop=0
1775026515.4936116,1775026515493611500,3826278791300,HB,140615,28234.0,1,0.611,0.366,15.0,15.0,0.0,12.0,14.0,1.0,3.0,15.0,15.0,0,0,,HB tick=140615 exp_id=184 t_ms=28234 run=1 spd=1 ts=20.000 as=15.000 ta=0.000 aa=0.624 se=5.000 so=2.309 ae=-0.624 ao=-0.403 pwm=13 pc=2 hd=-1 y=0.611 yr=0.366 L=1 R=3 OL=12 OR=14 el=15 er=15 ed=0 dl=15 dr=15 cl=0 cr=0 ok=582 fail=0 vofa=firewater rx=149 txdrop=0
1775026515.6805365,1775026515680536700,3826465714200,HB,140804,28423.0,1,0.608,0.232,16.0,16.0,0.0,13.0,13.0,2.0,2.0,16.0,16.0,0,0,,HB tick=140804 exp_id=184 t_ms=28423 run=1 spd=1 ts=20.000 as=16.000 ta=0.000 aa=0.611 se=4.000 so=2.219 ae=-0.611 ao=-0.322 pwm=13 pc=2 hd=0 y=0.608 yr=0.232 L=2 R=2 OL=13 OR=13 el=16 er=16 ed=0 dl=16 dr=16 cl=0 cr=0 ok=583 fail=0 vofa=firewater rx=149 txdrop=0
1775026515.9312518,1775026515931251700,3826716429600,HB,141053,28671.0,1,0.202,-0.422,16.0,15.0,1.0,13.0,13.0,2.0,2.0,16.0,15.0,0,0,,HB tick=141053 exp_id=184 t_ms=28671 run=1 spd=1 ts=20.000 as=15.500 ta=0.000 aa=0.202 se=4.500 so=2.283 ae=-0.202 ao=-0.129 pwm=13 pc=2 hd=0 y=0.202 yr=-0.422 L=2 R=2 OL=13 OR=13 el=16 er=15 ed=1 dl=16 dr=15 cl=0 cr=0 ok=584 fail=0 vofa=firewater rx=149 txdrop=0
1775026516.08764,1775026516087640100,3826872818300,HB,141209,28828.0,1,0.274,-0.113,16.0,15.0,1.0,13.0,13.0,2.0,2.0,16.0,15.0,0,0,,HB tick=141209 exp_id=184 t_ms=28828 run=1 spd=1 ts=20.000 as=15.500 ta=0.000 aa=0.202 se=4.500 so=2.291 ae=-0.202 ao=0.028 pwm=13 pc=2 hd=0 y=0.274 yr=-0.113 L=2 R=2 OL=13 OR=13 el=16 er=15 ed=1 dl=16 dr=15 cl=0 cr=0 ok=585 fail=0 vofa=firewater rx=149 txdrop=0
1775026516.2750154,1775026516275015300,3827060193200,HB,141397,29016.0,1,0.316,0.004,15.0,16.0,-1.0,12.0,14.0,1.0,3.0,15.0,16.0,0,0,,HB tick=141397 exp_id=184 t_ms=29016 run=1 spd=1 ts=20.000 as=15.500 ta=0.000 aa=0.274 se=4.500 so=2.301 ae=-0.274 ao=-0.088 pwm=13 pc=2 hd=-1 y=0.316 yr=0.004 L=1 R=3 OL=12 OR=14 el=15 er=16 ed=-1 dl=15 dr=16 cl=0 cr=0 ok=586 fail=0 vofa=firewater rx=149 txdrop=0
1775026516.515993,1775026516515993000,3827301171800,HB,141629,29248.0,1,0.117,-0.297,16.0,16.0,0.0,13.0,13.0,2.0,2.0,16.0,16.0,0,0,,HB tick=141629 exp_id=184 t_ms=29248 run=1 spd=1 ts=20.000 as=16.000 ta=0.000 aa=0.316 se=4.000 so=2.263 ae=-0.316 ao=-0.136 pwm=13 pc=2 hd=0 y=0.117 yr=-0.297 L=2 R=2 OL=13 OR=13 el=16 er=16 ed=0 dl=16 dr=16 cl=0 cr=0 ok=587 fail=0 vofa=firewater rx=149 txdrop=0
1775026516.7449763,1775026516744976500,3827530153800,HB,141855,29474.0,1,0.322,0.125,16.0,15.0,1.0,13.0,13.0,2.0,2.0,16.0,15.0,0,0,,HB tick=141855 exp_id=184 t_ms=29474 run=1 spd=1 ts=20.000 as=15.500 ta=0.000 aa=0.117 se=4.500 so=2.325 ae=-0.117 ao=0.008 pwm=13 pc=2 hd=0 y=0.322 yr=0.125 L=2 R=2 OL=13 OR=13 el=16 er=15 ed=1 dl=16 dr=15 cl=0 cr=0 ok=588 fail=0 vofa=firewater rx=149 txdrop=0
1775026516.934073,1775026516934073100,3827719253900,HB,142055,29674.0,1,0.285,0.015,16.0,16.0,0.0,13.0,13.0,2.0,2.0,16.0,16.0,0,0,,HB tick=142055 exp_id=184 t_ms=29674 run=1 spd=1 ts=20.000 as=16.000 ta=0.000 aa=0.322 se=4.000 so=2.286 ae=-0.322 ao=-0.176 pwm=13 pc=2 hd=0 y=0.285 yr=0.015 L=2 R=2 OL=13 OR=13 el=16 er=16 ed=0 dl=16 dr=16 cl=0 cr=0 ok=589 fail=0 vofa=firewater rx=149 txdrop=0
1775026517.1633053,1775026517163305100,3827948483800,HB,142277,29896.0,1,0.375,0.152,15.0,16.0,-1.0,13.0,13.0,2.0,2.0,15.0,16.0,0,0,,HB tick=142277 exp_id=184 t_ms=29896 run=1 spd=1 ts=20.000 as=15.500 ta=0.000 aa=0.285 se=4.500 so=2.348 ae=-0.285 ao=-0.132 pwm=13 pc=2 hd=0 y=0.375 yr=0.152 L=2 R=2 OL=13 OR=13 el=15 er=16 ed=-1 dl=15 dr=16 cl=0 cr=0 ok=590 fail=0 vofa=firewater rx=149 txdrop=0
1775026517.3206728,1775026517320672800,3828105851500,HB,142433,30052.0,1,0.408,0.172,15.0,15.0,0.0,13.0,13.0,2.0,2.0,15.0,15.0,0,0,,HB tick=142433 exp_id=184 t_ms=30052 run=1 spd=1 ts=20.000 as=15.000 ta=0.000 aa=0.375 se=5.000 so=2.406 ae=-0.375 ao=-0.198 pwm=13 pc=2 hd=0 y=0.408 yr=0.172 L=2 R=2 OL=13 OR=13 el=15 er=15 ed=0 dl=15 dr=15 cl=0 cr=0 ok=591 fail=0 vofa=firewater rx=149 txdrop=0
1775026517.564668,1775026517564668000,3828349846800,HB,142687,30306.0,1,2.452,2.929,16.0,15.0,1.0,13.0,13.0,2.0,2.0,16.0,15.0,0,0,,HB tick=142687 exp_id=184 t_ms=30306 run=1 spd=1 ts=20.000 as=15.500 ta=0.000 aa=0.408 se=4.500 so=2.372 ae=-0.408 ao=-0.212 pwm=13 pc=2 hd=0 y=2.452 yr=2.929 L=2 R=2 OL=13 OR=13 el=16 er=15 ed=1 dl=16 dr=15 cl=0 cr=0 ok=592 fail=0 vofa=firewater rx=149 txdrop=0
1775026517.7239282,1775026517723928400,3828509106400,HB,142843,30462.0,1,2.594,2.223,15.0,16.0,-1.0,12.0,14.0,1.0,3.0,15.0,16.0,0,0,,HB tick=142843 exp_id=184 t_ms=30462 run=1 spd=1 ts=20.000 as=15.500 ta=0.000 aa=2.452 se=4.500 so=2.380 ae=-2.452 ao=-1.586 pwm=13 pc=2 hd=-1 y=2.594 yr=2.223 L=1 R=3 OL=12 OR=14 el=15 er=16 ed=-1 dl=15 dr=16 cl=0 cr=0 ok=593 fail=0 vofa=firewater rx=149 txdrop=0
1775026517.9102974,1775026517910297300,3828695475000,HB,143028,30646.0,1,2.503,1.271,16.0,16.0,0.0,12.0,14.0,1.0,3.0,16.0,16.0,0,0,,HB tick=143028 exp_id=184 t_ms=30646 run=1 spd=1 ts=20.000 as=16.000 ta=0.000 aa=2.503 se=4.000 so=2.339 ae=-2.503 ao=-1.297 pwm=13 pc=2 hd=-1 y=2.503 yr=1.271 L=1 R=3 OL=12 OR=14 el=16 er=16 ed=0 dl=16 dr=16 cl=0 cr=0 ok=594 fail=0 vofa=firewater rx=149 txdrop=0
1775026518.1464682,1775026518146468200,3828931649300,HB,143260,30878.0,1,1.45,-0.763,14.0,16.0,-1.0,12.0,14.0,1.0,3.0,14.0,16.0,0,0,,HB tick=143260 exp_id=184 t_ms=30878 run=1 spd=1 ts=20.000 as=15.000 ta=0.000 aa=2.503 se=5.000 so=2.453 ae=-2.503 ao=-1.070 pwm=13 pc=2 hd=-1 y=1.450 yr=-0.763 L=1 R=3 OL=12 OR=14 el=14 er=16 ed=-1 dl=14 dr=16 cl=0 cr=0 ok=595 fail=0 vofa=firewater rx=149 txdrop=0
1775026518.3580115,1775026518358011400,3829143189000,HB,143480,31099.0,1,-0.049,-2.87,15.0,16.0,-1.0,12.0,14.0,1.0,3.0,15.0,16.0,0,0,,HB tick=143480 exp_id=184 t_ms=31099 run=1 spd=1 ts=20.000 as=15.500 ta=0.000 aa=1.450 se=4.500 so=2.415 ae=-1.450 ao=-0.168 pwm=13 pc=2 hd=-1 y=-0.049 yr=-2.870 L=1 R=3 OL=12 OR=14 el=15 er=16 ed=-1 dl=15 dr=16 cl=0 cr=0 ok=596 fail=0 vofa=firewater rx=149 txdrop=0
1775026518.5611823,1775026518561182100,3829346359500,HB,143681,31300.0,1,-0.245,-2.206,16.0,15.0,1.0,14.0,12.0,3.0,1.0,16.0,15.0,0,0,,HB tick=143681 exp_id=184 t_ms=31300 run=1 spd=1 ts=20.000 as=15.500 ta=0.000 aa=-0.049 se=4.500 so=2.426 ae=0.049 ao=0.867 pwm=13 pc=2 hd=1 y=-0.245 yr=-2.206 L=3 R=1 OL=14 OR=12 el=16 er=15 ed=1 dl=16 dr=15 cl=0 cr=0 ok=597 fail=0 vofa=firewater rx=149 txdrop=0
1775026518.7934663,1775026518793466300,3829578644300,HB,143907,31526.0,1,0.992,0.491,17.0,15.0,2.0,13.0,13.0,2.0,2.0,17.0,15.0,0,0,,HB tick=143907 exp_id=184 t_ms=31526 run=1 spd=1 ts=20.000 as=16.000 ta=0.000 aa=-0.245 se=4.000 so=2.387 ae=0.245 ao=0.701 pwm=13 pc=2 hd=0 y=0.992 yr=0.491 L=2 R=2 OL=13 OR=13 el=17 er=15 ed=2 dl=17 dr=15 cl=0 cr=0 ok=598 fail=0 vofa=firewater rx=149 txdrop=0
1775026518.940055,1775026518940054800,3829725235000,HB,144063,31682.0,1,1.339,1.092,16.0,15.0,1.0,12.0,14.0,1.0,3.0,16.0,15.0,0,0,,HB tick=144063 exp_id=184 t_ms=31682 run=1 spd=1 ts=20.000 as=15.500 ta=0.000 aa=0.992 se=4.500 so=2.446 ae=-0.992 ao=-0.459 pwm=13 pc=2 hd=-1 y=1.339 yr=1.092 L=1 R=3 OL=12 OR=14 el=16 er=15 ed=1 dl=16 dr=15 cl=0 cr=0 ok=599 fail=0 vofa=firewater rx=149 txdrop=0
1775026519.1794462,1775026519179446300,3829964627500,HB,144296,31915.0,1,1.666,1.201,16.0,16.0,0.0,12.0,14.0,1.0,3.0,16.0,16.0,0,0,,HB tick=144296 exp_id=184 t_ms=31915 run=1 spd=1 ts=20.000 as=16.000 ta=0.000 aa=1.339 se=4.000 so=2.408 ae=-1.339 ao=-0.735 pwm=13 pc=2 hd=-1 y=1.666 yr=1.201 L=1 R=3 OL=12 OR=14 el=16 er=16 ed=0 dl=16 dr=16 cl=0 cr=0 ok=600 fail=0 vofa=firewater rx=149 txdrop=0
1775026519.336181,1775026519336180900,3830121359200,HB,144456,32075.0,1,1.572,0.574,15.0,15.0,0.0,13.0,15.0,2.0,4.0,15.0,15.0,0,0,,HB tick=144456 exp_id=184 t_ms=32075 run=1 spd=1 ts=20.000 as=15.000 ta=0.000 aa=1.666 se=5.000 so=2.517 ae=-1.666 ao=-0.849 pwm=14 pc=3 hd=-1 y=1.572 yr=0.574 L=2 R=4 OL=13 OR=15 el=15 er=15 ed=0 dl=15 dr=15 cl=0 cr=0 ok=601 fail=0 vofa=firewater rx=149 txdrop=0
1775026519.5674784,1775026519567478600,3830352657700,HB,144689,32308.0,1,1.458,0.202,14.0,16.0,-2.0,14.0,14.0,3.0,3.0,14.0,16.0,0,0,,HB tick=144689 exp_id=184 t_ms=32308 run=1 spd=1 ts=20.000 as=15.000 ta=0.000 aa=1.572 se=5.000 so=2.529 ae=-1.572 ao=-0.627 pwm=14 pc=3 hd=0 y=1.458 yr=0.202 L=3 R=3 OL=14 OR=14 el=14 er=16 ed=-2 dl=14 dr=16 cl=0 cr=0 ok=602 fail=0 vofa=firewater rx=149 txdrop=0
1775026519.777042,1775026519777041800,3830562224100,HB,144894,32513.0,1,0.949,-0.737,15.0,15.0,0.0,14.0,14.0,3.0,3.0,15.0,15.0,0,0,,HB tick=144894 exp_id=184 t_ms=32513 run=1 spd=1 ts=20.000 as=15.000 ta=0.000 aa=1.458 se=5.000 so=2.541 ae=-1.458 ao=-0.482 pwm=14 pc=3 hd=0 y=0.949 yr=-0.737 L=3 R=3 OL=14 OR=14 el=15 er=15 ed=0 dl=15 dr=15 cl=0 cr=0 ok=603 fail=0 vofa=firewater rx=149 txdrop=0
1775026519.996921,1775026519996921000,3830782098200,HB,145115,32734.0,1,1.088,-0.259,15.0,16.0,-1.0,14.0,14.0,3.0,3.0,15.0,16.0,0,0,,HB tick=145115 exp_id=184 t_ms=32734 run=1 spd=1 ts=20.000 as=15.500 ta=0.000 aa=0.949 se=4.500 so=2.502 ae=-0.949 ao=-0.059 pwm=14 pc=3 hd=0 y=1.088 yr=-0.259 L=3 R=3 OL=14 OR=14 el=15 er=16 ed=-1 dl=15 dr=16 cl=0 cr=0 ok=604 fail=0 vofa=firewater rx=149 txdrop=0
1775026520.20411,1775026520204109900,3830989287500,HB,145315,32934.0,1,1.094,-0.159,15.0,16.0,-1.0,14.0,14.0,3.0,3.0,15.0,16.0,0,0,,HB tick=145315 exp_id=184 t_ms=32934 run=1 spd=1 ts=20.000 as=15.500 ta=0.000 aa=1.088 se=4.500 so=2.513 ae=-1.088 ao=-0.246 pwm=14 pc=3 hd=0 y=1.094 yr=-0.159 L=3 R=3 OL=14 OR=14 el=15 er=16 ed=-1 dl=15 dr=16 cl=0 cr=0 ok=605 fail=0 vofa=firewater rx=149 txdrop=0
1775026520.3607163,1775026520360716400,3831145897200,HB,145476,33095.0,1,1.276,0.292,16.0,16.0,0.0,13.0,13.0,2.0,2.0,16.0,16.0,0,0,,HB tick=145476 exp_id=184 t_ms=33095 run=1 spd=1 ts=20.000 as=16.000 ta=0.000 aa=1.094 se=4.000 so=2.471 ae=-1.094 ao=-0.280 pwm=13 pc=2 hd=0 y=1.276 yr=0.292 L=2 R=2 OL=13 OR=13 el=16 er=16 ed=0 dl=16 dr=16 cl=0 cr=0 ok=606 fail=0 vofa=firewater rx=149 txdrop=0
1775026520.6055124,1775026520605512400,3831390690600,HB,145725,33344.0,1,0.053,-1.529,15.0,16.0,-1.0,13.0,15.0,2.0,4.0,15.0,16.0,0,0,,HB tick=145725 exp_id=184 t_ms=33344 run=1 spd=1 ts=20.000 as=15.500 ta=0.000 aa=1.276 se=4.500 so=2.535 ae=-1.276 ao=-0.469 pwm=14 pc=3 hd=-1 y=0.053 yr=-1.529 L=2 R=4 OL=13 OR=15 el=15 er=16 ed=-1 dl=15 dr=16 cl=0 cr=0 ok=607 fail=0 vofa=firewater rx=149 txdrop=0
1775026520.7604659,1775026520760465800,3831545642800,HB,145881,33500.0,1,-0.08,-1.291,17.0,15.0,2.0,13.0,13.0,2.0,2.0,17.0,15.0,0,0,,HB tick=145881 exp_id=184 t_ms=33500 run=1 spd=1 ts=20.000 as=16.000 ta=0.000 aa=0.053 se=4.000 so=2.493 ae=-0.053 ao=0.408 pwm=13 pc=2 hd=0 y=-0.080 yr=-1.291 L=2 R=2 OL=13 OR=13 el=17 er=15 ed=2 dl=17 dr=15 cl=0 cr=0 ok=608 fail=0 vofa=firewater rx=149 txdrop=0
1775026520.9476137,1775026520947613700,3831732791000,HB,146065,33684.0,1,-0.151,-0.975,16.0,16.0,0.0,15.0,13.0,4.0,2.0,16.0,16.0,0,0,,HB tick=146065 exp_id=184 t_ms=33684 run=1 spd=1 ts=20.000 as=16.000 ta=0.000 aa=-0.080 se=4.000 so=2.502 ae=0.080 ao=0.363 pwm=14 pc=3 hd=1 y=-0.151 yr=-0.975 L=4 R=2 OL=15 OR=13 el=16 er=16 ed=0 dl=16 dr=16 cl=0 cr=0 ok=609 fail=0 vofa=firewater rx=149 txdrop=0
1775026521.1749814,1775026521174981300,3831960158800,HB,146298,33917.0,1,-0.065,-0.504,16.0,16.0,0.0,14.0,14.0,3.0,3.0,16.0,16.0,0,0,,HB tick=146298 exp_id=184 t_ms=33917 run=1 spd=1 ts=20.000 as=16.000 ta=0.000 aa=-0.151 se=4.000 so=2.512 ae=0.151 ao=0.280 pwm=14 pc=3 hd=0 y=-0.065 yr=-0.504 L=3 R=3 OL=14 OR=14 el=16 er=16 ed=0 dl=16 dr=16 cl=0 cr=0 ok=610 fail=0 vofa=firewater rx=149 txdrop=0
1775026521.382886,1775026521382886000,3832168063600,HB,146502,34121.0,1,-0.115,-0.414,16.0,16.0,0.0,13.0,13.0,2.0,2.0,16.0,16.0,0,0,,HB tick=146502 exp_id=184 t_ms=34121 run=1 spd=1 ts=20.000 as=16.000 ta=0.000 aa=-0.065 se=4.000 so=2.521 ae=0.065 ao=0.108 pwm=13 pc=2 hd=0 y=-0.115 yr=-0.414 L=2 R=2 OL=13 OR=13 el=16 er=16 ed=0 dl=16 dr=16 cl=0 cr=0 ok=611 fail=0 vofa=firewater rx=149 txdrop=0
1775026521.5504897,1775026521550489700,3832335668600,HB,146663,34282.0,1,-0.056,-0.14,16.0,16.0,0.0,14.0,14.0,3.0,3.0,16.0,16.0,0,0,,HB tick=146663 exp_id=184 t_ms=34282 run=1 spd=1 ts=20.000 as=16.000 ta=0.000 aa=-0.115 se=4.000 so=2.529 ae=0.115 ao=0.091 pwm=14 pc=3 hd=0 y=-0.056 yr=-0.140 L=3 R=3 OL=14 OR=14 el=16 er=16 ed=0 dl=16 dr=16 cl=0 cr=0 ok=612 fail=0 vofa=firewater rx=149 txdrop=0
1775026521.7374358,1775026521737435800,3832522613100,HB,146852,34471.0,1,-0.088,-0.15,17.0,16.0,1.0,14.0,14.0,3.0,3.0,17.0,16.0,0,0,,HB tick=146852 exp_id=184 t_ms=34471 run=1 spd=1 ts=20.000 as=16.500 ta=0.000 aa=-0.056 se=3.500 so=2.487 ae=0.056 ao=-0.011 pwm=14 pc=3 hd=0 y=-0.088 yr=-0.150 L=3 R=3 OL=14 OR=14 el=17 er=16 ed=1 dl=17 dr=16 cl=0 cr=0 ok=613 fail=0 vofa=firewater rx=149 txdrop=0
1775026521.9242373,1775026521924237200,3832709414500,HB,147041,34660.0,1,0.187,0.412,17.0,17.0,0.0,13.0,13.0,2.0,2.0,17.0,17.0,0,0,,HB tick=147041 exp_id=184 t_ms=34660 run=1 spd=1 ts=20.000 as=17.000 ta=0.000 aa=-0.088 se=3.000 so=2.445 ae=0.088 ao=0.000 pwm=13 pc=2 hd=0 y=0.187 yr=0.412 L=2 R=2 OL=13 OR=13 el=17 er=17 ed=0 dl=17 dr=17 cl=0 cr=0 ok=614 fail=0 vofa=firewater rx=149 txdrop=0
1775026522.1736588,1775026522173659000,3832958836400,HB,147290,34909.0,1,2.447,3.444,17.0,16.0,1.0,13.0,13.0,2.0,2.0,17.0,16.0,0,0,,HB tick=147290 exp_id=184 t_ms=34909 run=1 spd=1 ts=20.000 as=16.500 ta=0.000 aa=0.187 se=3.500 so=2.505 ae=-0.187 ao=-0.246 pwm=13 pc=2 hd=0 y=2.447 yr=3.444 L=2 R=2 OL=13 OR=13 el=17 er=16 ed=1 dl=17 dr=16 cl=0 cr=0 ok=615 fail=0 vofa=firewater rx=149 txdrop=0
1775026522.370898,1775026522370897900,3833156076800,HB,147491,35110.0,1,2.607,2.517,16.0,17.0,-1.0,12.0,14.0,1.0,3.0,16.0,17.0,0,0,,HB tick=147491 exp_id=184 t_ms=35110 run=1 spd=1 ts=20.000 as=16.500 ta=0.000 aa=2.447 se=3.500 so=2.512 ae=-2.447 ao=-1.759 pwm=13 pc=2 hd=-1 y=2.607 yr=2.517 L=1 R=3 OL=12 OR=14 el=16 er=17 ed=-1 dl=16 dr=17 cl=0 cr=0 ok=616 fail=0 vofa=firewater rx=149 txdrop=0
1775026522.578891,1775026522578890900,3833364068200,HB,147696,35315.0,1,2.135,0.831,17.0,18.0,-1.0,12.0,14.0,1.0,3.0,17.0,18.0,0,0,,HB tick=147696 exp_id=184 t_ms=35315 run=1 spd=1 ts=20.000 as=17.500 ta=0.000 aa=2.607 se=2.500 so=2.419 ae=-2.607 ao=-1.502 pwm=13 pc=2 hd=-1 y=2.135 yr=0.831 L=1 R=3 OL=12 OR=14 el=17 er=18 ed=-1 dl=17 dr=18 cl=0 cr=0 ok=617 fail=0 vofa=firewater rx=149 txdrop=0
1775026522.7357395,1775026522735739400,3833520916400,HB,147857,35475.0,1,1.635,-0.553,16.0,17.0,-1.0,13.0,15.0,2.0,4.0,16.0,17.0,0,0,,HB tick=147857 exp_id=184 t_ms=35475 run=1 spd=1 ts=20.000 as=16.500 ta=0.000 aa=2.135 se=3.500 so=2.525 ae=-2.135 ao=-0.850 pwm=14 pc=3 hd=-1 y=1.635 yr=-0.553 L=2 R=4 OL=13 OR=15 el=16 er=17 ed=-1 dl=16 dr=17 cl=0 cr=0 ok=618 fail=0 vofa=firewater rx=149 txdrop=0
1775026522.9838529,1775026522983852900,3833769033500,HB,148105,35724.0,1,-0.174,-2.903,17.0,17.0,0.0,13.0,13.0,2.0,2.0,17.0,17.0,0,0,,HB tick=148105 exp_id=184 t_ms=35724 run=1 spd=1 ts=20.000 as=17.000 ta=0.000 aa=1.635 se=3.000 so=2.484 ae=-1.635 ao=-0.289 pwm=13 pc=2 hd=0 y=-0.174 yr=-2.903 L=2 R=2 OL=13 OR=13 el=17 er=17 ed=0 dl=17 dr=17 cl=0 cr=0 ok=619 fail=0 vofa=firewater rx=149 txdrop=0
1775026523.1416287,1775026523141628700,3833926806300,HB,148261,35880.0,1,-0.314,-2.201,17.0,17.0,0.0,14.0,12.0,3.0,1.0,17.0,17.0,0,0,,HB tick=148261 exp_id=184 t_ms=35880 run=1 spd=1 ts=20.000 as=17.000 ta=0.000 aa=-0.174 se=3.000 so=2.490 ae=0.174 ao=0.898 pwm=13 pc=2 hd=1 y=-0.314 yr=-2.201 L=3 R=1 OL=14 OR=12 el=17 er=17 ed=0 dl=17 dr=17 cl=0 cr=0 ok=620 fail=0 vofa=firewater rx=149 txdrop=0
1775026523.3904393,1775026523390439200,3834175616500,HB,148511,36130.0,1,0.84,0.185,17.0,17.0,0.0,15.0,13.0,4.0,2.0,17.0,17.0,0,0,,HB tick=148511 exp_id=184 t_ms=36130 run=1 spd=1 ts=20.000 as=17.000 ta=0.000 aa=-0.314 se=3.000 so=2.500 ae=0.314 ao=0.707 pwm=14 pc=3 hd=1 y=0.840 yr=0.185 L=4 R=2 OL=15 OR=13 el=17 er=17 ed=0 dl=17 dr=17 cl=0 cr=0 ok=621 fail=0 vofa=firewater rx=149 txdrop=0
1775026523.5874798,1775026523587479900,3834372657000,HB,148711,36330.0,1,1.289,0.906,17.0,17.0,0.0,14.0,14.0,3.0,3.0,17.0,17.0,0,0,,HB tick=148711 exp_id=184 t_ms=36330 run=1 spd=1 ts=20.000 as=17.000 ta=0.000 aa=0.840 se=3.000 so=2.508 ae=-0.840 ao=-0.334 pwm=14 pc=3 hd=0 y=1.289 yr=0.906 L=3 R=3 OL=14 OR=14 el=17 er=17 ed=0 dl=17 dr=17 cl=0 cr=0 ok=622 fail=0 vofa=firewater rx=149 txdrop=0
1775026523.8057063,1775026523805706200,3834590883700,HB,148917,36536.0,1,1.742,1.358,17.0,18.0,-1.0,12.0,14.0,1.0,3.0,17.0,18.0,0,0,,HB tick=148917 exp_id=184 t_ms=36536 run=1 spd=1 ts=20.000 as=17.500 ta=0.000 aa=1.289 se=2.500 so=2.465 ae=-1.289 ao=-0.673 pwm=13 pc=2 hd=-1 y=1.742 yr=1.358 L=1 R=3 OL=12 OR=14 el=17 er=18 ed=-1 dl=17 dr=18 cl=0 cr=0 ok=623 fail=0 vofa=firewater rx=149 txdrop=0
1775026523.9615571,1775026523961557300,3834746734600,HB,149078,36697.0,1,1.852,1.122,16.0,16.0,0.0,13.0,15.0,2.0,4.0,16.0,16.0,0,0,,HB tick=149078 exp_id=184 t_ms=36697 run=1 spd=1 ts=20.000 as=16.000 ta=0.000 aa=1.742 se=4.000 so=2.622 ae=-1.742 ao=-0.927 pwm=14 pc=3 hd=-1 y=1.852 yr=1.122 L=2 R=4 OL=13 OR=15 el=16 er=16 ed=0 dl=16 dr=16 cl=0 cr=0 ok=624 fail=0 vofa=firewater rx=149 txdrop=0
1775026524.2001488,1775026524200148700,3834985326900,HB,149311,36930.0,1,1.601,0.352,17.0,18.0,-1.0,13.0,15.0,2.0,4.0,17.0,18.0,0,0,,HB tick=149311 exp_id=184 t_ms=36930 run=1 spd=1 ts=20.000 as=17.500 ta=0.000 aa=1.852 se=2.500 so=2.481 ae=-1.852 ao=-0.879 pwm=14 pc=3 hd=-1 y=1.601 yr=0.352 L=2 R=4 OL=13 OR=15 el=17 er=18 ed=-1 dl=17 dr=18 cl=0 cr=0 ok=625 fail=0 vofa=firewater rx=149 txdrop=0
1775026524.398366,1775026524398366000,3835183543100,HB,149516,37135.0,1,0.934,-0.909,16.0,17.0,-1.0,13.0,15.0,2.0,4.0,16.0,17.0,0,0,,HB tick=149516 exp_id=184 t_ms=37135 run=1 spd=1 ts=20.000 as=16.500 ta=0.000 aa=1.601 se=3.500 so=2.588 ae=-1.601 ao=-0.573 pwm=14 pc=3 hd=-1 y=0.934 yr=-0.909 L=2 R=4 OL=13 OR=15 el=16 er=17 ed=-1 dl=16 dr=17 cl=0 cr=0 ok=626 fail=0 vofa=firewater rx=149 txdrop=0
1775026524.553864,1775026524553863900,3835339041600,HB,149676,37295.0,1,0.478,-1.589,17.0,16.0,1.0,14.0,14.0,3.0,3.0,17.0,16.0,0,0,,HB tick=149676 exp_id=184 t_ms=37295 run=1 spd=1 ts=20.000 as=16.500 ta=0.000 aa=0.934 se=3.500 so=2.594 ae=-0.934 ao=-0.010 pwm=14 pc=3 hd=0 y=0.478 yr=-1.589 L=3 R=3 OL=14 OR=14 el=17 er=16 ed=1 dl=17 dr=16 cl=0 cr=0 ok=627 fail=0 vofa=firewater rx=149 txdrop=0
1775026524.8129747,1775026524812974700,3835598152000,HB,149925,37544.0,1,0.844,-0.519,18.0,17.0,1.0,14.0,14.0,3.0,3.0,18.0,17.0,0,0,,HB tick=149925 exp_id=184 t_ms=37544 run=1 spd=1 ts=20.000 as=17.500 ta=0.000 aa=0.478 se=2.500 so=2.504 ae=-0.478 ao=0.317 pwm=14 pc=3 hd=0 y=0.844 yr=-0.519 L=3 R=3 OL=14 OR=14 el=18 er=17 ed=1 dl=18 dr=17 cl=0 cr=0 ok=628 fail=0 vofa=firewater rx=149 txdrop=0
1775026525.0008187,1775026525000818800,3835785996500,HB,150120,37739.0,1,0.908,-0.221,17.0,17.0,0.0,13.0,15.0,2.0,4.0,17.0,17.0,0,0,,HB tick=150120 exp_id=184 t_ms=37739 run=1 spd=1 ts=20.000 as=17.000 ta=0.000 aa=0.844 se=3.000 so=2.560 ae=-0.844 ao=-0.114 pwm=14 pc=3 hd=-1 y=0.908 yr=-0.221 L=2 R=4 OL=13 OR=15 el=17 er=17 ed=0 dl=17 dr=17 cl=0 cr=0 ok=629 fail=0 vofa=firewater rx=149 txdrop=0
1775026525.2078824,1775026525207882600,3835993060500,HB,150325,37944.0,1,1.065,0.124,17.0,17.0,0.0,13.0,15.0,2.0,4.0,17.0,17.0,0,0,,HB tick=150325 exp_id=184 t_ms=37944 run=1 spd=1 ts=20.000 as=17.000 ta=0.000 aa=0.908 se=3.000 so=2.567 ae=-0.908 ao=-0.225 pwm=14 pc=3 hd=-1 y=1.065 yr=0.124 L=2 R=4 OL=13 OR=15 el=17 er=17 ed=0 dl=17 dr=17 cl=0 cr=0 ok=630 fail=0 vofa=firewater rx=149 txdrop=0
1775026525.446029,1775026525446029100,3836231206400,HB,150563,38182.0,1,1.206,0.289,17.0,18.0,-1.0,14.0,14.0,3.0,3.0,17.0,18.0,0,0,,HB tick=150563 exp_id=184 t_ms=38182 run=1 spd=1 ts=20.000 as=17.500 ta=0.000 aa=1.065 se=2.500 so=2.525 ae=-1.065 ao=-0.374 pwm=14 pc=3 hd=0 y=1.206 yr=0.289 L=3 R=3 OL=14 OR=14 el=17 er=18 ed=-1 dl=17 dr=18 cl=0 cr=0 ok=631 fail=0 vofa=firewater rx=149 txdrop=0
1775026525.6019483,1775026525601948100,3836387125600,HB,150719,38338.0,1,1.18,0.127,17.0,18.0,-1.0,14.0,14.0,3.0,3.0,17.0,18.0,0,0,,HB tick=150719 exp_id=184 t_ms=38338 run=1 spd=1 ts=20.000 as=17.500 ta=0.000 aa=1.206 se=2.500 so=2.529 ae=-1.206 ao=-0.461 pwm=14 pc=3 hd=0 y=1.180 yr=0.127 L=3 R=3 OL=14 OR=14 el=17 er=18 ed=-1 dl=17 dr=18 cl=0 cr=0 ok=632 fail=0 vofa=firewater rx=149 txdrop=0
1775026525.855164,1775026525855164200,3836640341700,HB,150969,38588.0,1,0.861,-0.363,17.0,17.0,0.0,13.0,15.0,2.0,4.0,17.0,17.0,0,0,,HB tick=150969 exp_id=184 t_ms=38588 run=1 spd=1 ts=20.000 as=17.000 ta=0.000 aa=1.180 se=3.000 so=2.587 ae=-1.180 ao=-0.404 pwm=14 pc=3 hd=-1 y=0.861 yr=-0.363 L=2 R=4 OL=13 OR=15 el=17 er=17 ed=0 dl=17 dr=17 cl=0 cr=0 ok=633 fail=0 vofa=firewater rx=149 txdrop=0
1775026526.0532744,1775026526053274400,3836838452000,HB,151170,38789.0,1,0.741,-0.445,17.0,16.0,1.0,14.0,14.0,3.0,3.0,17.0,16.0,0,0,,HB tick=151170 exp_id=184 t_ms=38789 run=1 spd=1 ts=20.000 as=16.500 ta=0.000 aa=0.861 se=3.500 so=2.646 ae=-0.861 ao=-0.171 pwm=14 pc=3 hd=0 y=0.741 yr=-0.445 L=3 R=3 OL=14 OR=14 el=17 er=16 ed=1 dl=17 dr=16 cl=0 cr=0 ok=634 fail=0 vofa=firewater rx=149 txdrop=0
1775026526.208925,1775026526208925000,3836994102400,HB,151331,38950.0,1,0.269,-1.316,17.0,17.0,0.0,13.0,15.0,2.0,4.0,17.0,17.0,0,0,,HB tick=151331 exp_id=184 t_ms=38950 run=1 spd=1 ts=20.000 as=17.000 ta=0.000 aa=0.741 se=3.000 so=2.601 ae=-0.741 ao=-0.116 pwm=14 pc=3 hd=-1 y=0.269 yr=-1.316 L=2 R=4 OL=13 OR=15 el=17 er=17 ed=0 dl=17 dr=17 cl=0 cr=0 ok=635 fail=0 vofa=firewater rx=149 txdrop=0
1775026526.3973756,1775026526397375400,3837182552900,HB,151520,39139.0,1,0.264,-0.864,17.0,17.0,0.0,14.0,14.0,3.0,3.0,17.0,17.0,0,0,,HB tick=151520 exp_id=184 t_ms=39139 run=1 spd=1 ts=20.000 as=17.000 ta=0.000 aa=0.269 se=3.000 so=2.607 ae=-0.269 ao=0.276 pwm=14 pc=3 hd=0 y=0.264 yr=-0.864 L=3 R=3 OL=14 OR=14 el=17 er=17 ed=0 dl=17 dr=17 cl=0 cr=0 ok=636 fail=0 vofa=firewater rx=149 txdrop=0
1775026526.650337,1775026526650336900,3837435514400,HB,151769,39387.0,1,0.317,-0.486,18.0,18.0,0.0,14.0,14.0,3.0,3.0,18.0,18.0,0,0,,HB tick=151769 exp_id=184 t_ms=39387 run=1 spd=1 ts=20.000 as=18.000 ta=0.000 aa=0.264 se=2.000 so=2.515 ae=-0.264 ao=0.133 pwm=14 pc=3 hd=0 y=0.317 yr=-0.486 L=3 R=3 OL=14 OR=14 el=18 er=18 ed=0 dl=18 dr=18 cl=0 cr=0 ok=637 fail=0 vofa=firewater rx=149 txdrop=0
1775026526.8484423,1775026526848442300,3837633620000,HB,151969,39588.0,1,0.277,-0.386,17.0,16.0,1.0,14.0,14.0,3.0,3.0,17.0,16.0,0,0,,HB tick=151969 exp_id=184 t_ms=39588 run=1 spd=1 ts=20.000 as=16.500 ta=0.000 aa=0.317 se=3.500 so=2.672 ae=-0.317 ao=-0.001 pwm=14 pc=3 hd=0 y=0.277 yr=-0.386 L=3 R=3 OL=14 OR=14 el=17 er=16 ed=1 dl=17 dr=16 cl=0 cr=0 ok=638 fail=0 vofa=firewater rx=149 txdrop=0
1775026527.0152478,1775026527015247800,3837800424900,HB,152130,39749.0,1,0.336,-0.123,17.0,17.0,0.0,14.0,14.0,3.0,3.0,17.0,17.0,0,0,,HB tick=152130 exp_id=184 t_ms=39749 run=1 spd=1 ts=20.000 as=17.000 ta=0.000 aa=0.277 se=3.000 so=2.628 ae=-0.277 ao=-0.024 pwm=14 pc=3 hd=0 y=0.336 yr=-0.123 L=3 R=3 OL=14 OR=14 el=17 er=17 ed=0 dl=17 dr=17 cl=0 cr=0 ok=639 fail=0 vofa=firewater rx=149 txdrop=0
1775026527.2041006,1775026527204100500,3837989278100,HB,152319,39938.0,1,0.304,-0.14,17.0,17.0,0.0,14.0,14.0,3.0,3.0,17.0,17.0,0,0,,HB tick=152319 exp_id=184 t_ms=39938 run=1 spd=1 ts=20.000 as=17.000 ta=0.000 aa=0.336 se=3.000 so=2.634 ae=-0.336 ao=-0.122 pwm=14 pc=3 hd=0 y=0.304 yr=-0.140 L=3 R=3 OL=14 OR=14 el=17 er=17 ed=0 dl=17 dr=17 cl=0 cr=0 ok=640 fail=0 vofa=firewater rx=149 txdrop=0
1775026527.4517834,1775026527451783400,3838236960900,HB,152568,40187.0,1,0.507,0.195,17.0,18.0,-1.0,14.0,14.0,3.0,3.0,17.0,18.0,0,0,,HB tick=152568 exp_id=184 t_ms=40187 run=1 spd=1 ts=20.000 as=17.500 ta=0.000 aa=0.304 se=2.500 so=2.593 ae=-0.304 ao=-0.109 pwm=14 pc=3 hd=0 y=0.507 yr=0.195 L=3 R=3 OL=14 OR=14 el=17 er=18 ed=-1 dl=17 dr=18 cl=0 cr=0 ok=641 fail=0 vofa=firewater rx=149 txdrop=0
1775026527.6500237,1775026527650023800,3838435201500,HB,152769,40388.0,1,0.476,0.072,17.0,16.0,1.0,14.0,14.0,3.0,3.0,17.0,16.0,0,0,,HB tick=152769 exp_id=184 t_ms=40388 run=1 spd=1 ts=20.000 as=16.500 ta=0.000 aa=0.507 se=3.500 so=2.700 ae=-0.507 ao=-0.266 pwm=14 pc=3 hd=0 y=0.476 yr=0.072 L=3 R=3 OL=14 OR=14 el=17 er=16 ed=1 dl=17 dr=16 cl=0 cr=0 ok=642 fail=0 vofa=firewater rx=149 txdrop=0
1775026527.8673759,1775026527867375800,3838652555200,HB,152990,40609.0,1,0.375,-0.113,16.0,18.0,-2.0,14.0,14.0,3.0,3.0,16.0,18.0,0,0,,HB tick=152990 exp_id=184 t_ms=40609 run=1 spd=1 ts=20.000 as=17.000 ta=0.000 aa=0.476 se=3.000 so=2.659 ae=-0.476 ao=-0.219 pwm=14 pc=3 hd=0 y=0.375 yr=-0.113 L=3 R=3 OL=14 OR=14 el=16 er=18 ed=-2 dl=16 dr=18 cl=0 cr=0 ok=643 fail=0 vofa=firewater rx=149 txdrop=0
1775026528.0847018,1775026528084701600,3838869878900,HB,153207,40826.0,1,0.14,-0.452,18.0,17.0,1.0,14.0,14.0,3.0,3.0,18.0,17.0,0,0,,HB tick=153207 exp_id=184 t_ms=40826 run=1 spd=1 ts=20.000 as=17.500 ta=0.000 aa=0.375 se=2.500 so=2.616 ae=-0.375 ao=-0.136 pwm=14 pc=3 hd=0 y=0.140 yr=-0.452 L=3 R=3 OL=14 OR=14 el=18 er=17 ed=1 dl=18 dr=17 cl=0 cr=0 ok=644 fail=0 vofa=firewater rx=149 txdrop=0
1775026528.2925403,1775026528292540300,3839077718200,HB,153408,41027.0,1,0.132,-0.309,17.0,17.0,0.0,14.0,14.0,3.0,3.0,17.0,17.0,0,0,,HB tick=153408 exp_id=184 t_ms=41027 run=1 spd=1 ts=20.000 as=17.000 ta=0.000 aa=0.140 se=3.000 so=2.673 ae=-0.140 ao=0.029 pwm=14 pc=3 hd=0 y=0.132 yr=-0.309 L=3 R=3 OL=14 OR=14 el=17 er=17 ed=0 dl=17 dr=17 cl=0 cr=0 ok=645 fail=0 vofa=firewater rx=149 txdrop=0
1775026528.4490595,1775026528449059700,3839234237300,HB,153569,41188.0,1,0.184,-0.086,17.0,18.0,-1.0,14.0,14.0,3.0,3.0,17.0,18.0,0,0,,HB tick=153569 exp_id=184 t_ms=41188 run=1 spd=1 ts=20.000 as=17.500 ta=0.000 aa=0.132 se=2.500 so=2.629 ae=-0.132 ao=-0.015 pwm=14 pc=3 hd=0 y=0.184 yr=-0.086 L=3 R=3 OL=14 OR=14 el=17 er=18 ed=-1 dl=17 dr=18 cl=0 cr=0 ok=646 fail=0 vofa=firewater rx=149 txdrop=0
1775026528.7080746,1775026528708074600,3839493251900,HB,153822,41441.0,1,0.146,-0.108,18.0,17.0,1.0,14.0,14.0,3.0,3.0,18.0,17.0,0,0,,HB tick=153822 exp_id=184 t_ms=41441 run=1 spd=1 ts=20.000 as=17.500 ta=0.000 aa=0.184 se=2.500 so=2.637 ae=-0.184 ao=-0.099 pwm=14 pc=3 hd=0 y=0.146 yr=-0.108 L=3 R=3 OL=14 OR=14 el=18 er=17 ed=1 dl=18 dr=17 cl=0 cr=0 ok=647 fail=0 vofa=firewater rx=149 txdrop=0
1775026528.8638196,1775026528863819500,3839648996900,HB,153978,41597.0,1,0.224,0.104,17.0,17.0,0.0,14.0,14.0,3.0,3.0,17.0,17.0,0,0,,HB tick=153978 exp_id=184 t_ms=41597 run=1 spd=1 ts=20.000 as=17.000 ta=0.000 aa=0.146 se=3.000 so=2.692 ae=-0.146 ao=-0.083 pwm=14 pc=3 hd=0 y=0.224 yr=0.104 L=3 R=3 OL=14 OR=14 el=17 er=17 ed=0 dl=17 dr=17 cl=0 cr=0 ok=648 fail=0 vofa=firewater rx=149 txdrop=0
1775026529.0919163,1775026529091916300,3839877094100,HB,154211,41830.0,1,0.194,0.022,17.0,18.0,-1.0,13.0,15.0,2.0,4.0,17.0,18.0,0,0,,HB tick=154211 exp_id=184 t_ms=41830 run=1 spd=1 ts=20.000 as=17.500 ta=0.000 aa=0.224 se=2.500 so=2.651 ae=-0.224 ao=-0.170 pwm=14 pc=3 hd=-1 y=0.194 yr=0.022 L=2 R=4 OL=13 OR=15 el=17 er=18 ed=-1 dl=17 dr=18 cl=0 cr=0 ok=649 fail=0 vofa=firewater rx=149 txdrop=0
1775026529.2584264,1775026529258426400,3840043604600,HB,154372,41991.0,1,0.36,0.377,18.0,16.0,2.0,14.0,14.0,3.0,3.0,18.0,16.0,0,0,,HB tick=154372 exp_id=184 t_ms=41991 run=1 spd=1 ts=20.000 as=17.000 ta=0.000 aa=0.194 se=3.000 so=2.706 ae=-0.194 ao=-0.136 pwm=14 pc=3 hd=0 y=0.360 yr=0.377 L=3 R=3 OL=14 OR=14 el=18 er=16 ed=2 dl=18 dr=16 cl=0 cr=0 ok=650 fail=0 vofa=firewater rx=149 txdrop=0
1775026529.4452477,1775026529445247700,3840230425100,HB,154560,42179.0,1,0.282,0.098,17.0,17.0,0.0,13.0,15.0,2.0,4.0,17.0,17.0,0,0,,HB tick=154560 exp_id=184 t_ms=42179 run=1 spd=1 ts=20.000 as=17.000 ta=0.000 aa=0.360 se=3.000 so=2.712 ae=-0.360 ao=-0.290 pwm=14 pc=3 hd=-1 y=0.282 yr=0.098 L=2 R=4 OL=13 OR=15 el=17 er=17 ed=0 dl=17 dr=17 cl=0 cr=0 ok=651 fail=0 vofa=firewater rx=149 txdrop=0
1775026529.6733499,1775026529673349800,3840458527400,HB,154793,42412.0,1,0.346,0.161,17.0,18.0,-1.0,13.0,15.0,2.0,4.0,17.0,18.0,0,0,,HB tick=154793 exp_id=184 t_ms=42412 run=1 spd=1 ts=20.000 as=17.500 ta=0.000 aa=0.282 se=2.500 so=2.671 ae=-0.282 ao=-0.182 pwm=14 pc=3 hd=-1 y=0.346 yr=0.161 L=2 R=4 OL=13 OR=15 el=17 er=18 ed=-1 dl=17 dr=18 cl=0 cr=0 ok=652 fail=0 vofa=firewater rx=149 txdrop=0
1775026529.8831196,1775026529883119700,3840668297000,HB,154998,42617.0,1,0.218,-0.114,17.0,18.0,-1.0,14.0,14.0,3.0,3.0,17.0,18.0,0,0,,HB tick=154998 exp_id=184 t_ms=42617 run=1 spd=1 ts=20.000 as=17.500 ta=0.000 aa=0.346 se=2.500 so=2.677 ae=-0.346 ao=-0.217 pwm=14 pc=3 hd=0 y=0.218 yr=-0.114 L=3 R=3 OL=14 OR=14 el=17 er=18 ed=-1 dl=17 dr=18 cl=0 cr=0 ok=653 fail=0 vofa=firewater rx=149 txdrop=0
1775026530.0807662,1775026530080766100,3840865943500,HB,155202,42821.0,1,-0.167,-0.735,17.0,17.0,0.0,14.0,14.0,3.0,3.0,17.0,17.0,0,0,,HB tick=155202 exp_id=184 t_ms=42821 run=1 spd=1 ts=20.000 as=17.000 ta=0.000 aa=0.218 se=3.000 so=2.734 ae=-0.218 ao=-0.099 pwm=14 pc=3 hd=0 y=-0.167 yr=-0.735 L=3 R=3 OL=14 OR=14 el=17 er=17 ed=0 dl=17 dr=17 cl=0 cr=0 ok=654 fail=0 vofa=firewater rx=149 txdrop=0
1775026530.2463205,1775026530246320300,3841031497500,HB,155367,42986.0,1,0.028,-0.065,17.0,17.0,0.0,14.0,14.0,3.0,3.0,17.0,17.0,0,0,,HB tick=155367 exp_id=184 t_ms=42986 run=1 spd=1 ts=20.000 as=17.000 ta=0.000 aa=-0.167 se=3.000 so=2.740 ae=0.167 ao=0.192 pwm=14 pc=3 hd=0 y=0.028 yr=-0.065 L=3 R=3 OL=14 OR=14 el=17 er=17 ed=0 dl=17 dr=17 cl=0 cr=0 ok=655 fail=0 vofa=firewater rx=149 txdrop=0
1775026530.5059204,1775026530505920400,3841291098900,HB,155621,43240.0,1,0.225,0.229,17.0,17.0,0.0,14.0,14.0,3.0,3.0,17.0,17.0,0,0,,HB tick=155621 exp_id=184 t_ms=43240 run=1 spd=1 ts=20.000 as=17.000 ta=0.000 aa=0.028 se=3.000 so=2.749 ae=-0.028 ao=-0.069 pwm=14 pc=3 hd=0 y=0.225 yr=0.229 L=3 R=3 OL=14 OR=14 el=17 er=17 ed=0 dl=17 dr=17 cl=0 cr=0 ok=656 fail=0 vofa=firewater rx=149 txdrop=0
1775026530.6533115,1775026530653311600,3841438490000,HB,155777,43396.0,1,0.253,0.212,18.0,17.0,1.0,14.0,14.0,3.0,3.0,18.0,17.0,0,0,,HB tick=155777 exp_id=184 t_ms=43396 run=1 spd=1 ts=20.000 as=17.500 ta=0.000 aa=0.225 se=2.500 so=2.704 ae=-0.225 ao=-0.210 pwm=14 pc=3 hd=0 y=0.253 yr=0.212 L=3 R=3 OL=14 OR=14 el=18 er=17 ed=1 dl=18 dr=17 cl=0 cr=0 ok=657 fail=0 vofa=firewater rx=149 txdrop=0
1775026530.9032917,1775026530903291700,3841688469100,HB,156026,43645.0,1,0.67,0.725,17.0,17.0,0.0,13.0,15.0,2.0,4.0,17.0,17.0,0,0,,HB tick=156026 exp_id=184 t_ms=43645 run=1 spd=1 ts=20.000 as=17.000 ta=0.000 aa=0.253 se=3.000 so=2.764 ae=-0.253 ao=-0.212 pwm=14 pc=3 hd=-1 y=0.670 yr=0.725 L=2 R=4 OL=13 OR=15 el=17 er=17 ed=0 dl=17 dr=17 cl=0 cr=0 ok=658 fail=0 vofa=firewater rx=149 txdrop=0
1775026531.1113393,1775026531111339200,3841896517000,HB,156227,43846.0,1,0.617,0.377,16.0,17.0,-1.0,14.0,14.0,3.0,3.0,16.0,17.0,0,0,,HB tick=156227 exp_id=184 t_ms=43846 run=1 spd=1 ts=20.000 as=16.500 ta=0.000 aa=0.670 se=3.500 so=2.821 ae=-0.670 ao=-0.476 pwm=14 pc=3 hd=0 y=0.617 yr=0.377 L=3 R=3 OL=14 OR=14 el=16 er=17 ed=-1 dl=16 dr=17 cl=0 cr=0 ok=659 fail=0 vofa=firewater rx=149 txdrop=0
1775026531.3309057,1775026531330905500,3842116083000,HB,156448,44067.0,1,0.303,-0.252,17.0,16.0,1.0,14.0,14.0,3.0,3.0,17.0,16.0,0,0,,HB tick=156448 exp_id=184 t_ms=44067 run=1 spd=1 ts=20.000 as=16.500 ta=0.000 aa=0.617 se=3.500 so=2.830 ae=-0.617 ao=-0.353 pwm=14 pc=3 hd=0 y=0.303 yr=-0.252 L=3 R=3 OL=14 OR=14 el=17 er=16 ed=1 dl=17 dr=16 cl=0 cr=0 ok=660 fail=0 vofa=firewater rx=149 txdrop=0
1775026531.5496285,1775026531549628400,3842334805900,HB,156665,44284.0,1,0.32,-0.135,17.0,16.0,1.0,14.0,14.0,3.0,3.0,17.0,16.0,0,0,,HB tick=156665 exp_id=184 t_ms=44284 run=1 spd=1 ts=20.000 as=16.500 ta=0.000 aa=0.303 se=3.500 so=2.838 ae=-0.303 ao=-0.076 pwm=14 pc=3 hd=0 y=0.320 yr=-0.135 L=3 R=3 OL=14 OR=14 el=17 er=16 ed=1 dl=17 dr=16 cl=0 cr=0 ok=661 fail=0 vofa=firewater rx=149 txdrop=0
1775026531.7447643,1775026531744764300,3842529941400,HB,156866,44485.0,1,0.251,-0.208,17.0,18.0,-1.0,14.0,14.0,3.0,3.0,17.0,18.0,0,0,,HB tick=156866 exp_id=184 t_ms=44485 run=1 spd=1 ts=20.000 as=17.500 ta=0.000 aa=0.320 se=2.500 so=2.746 ae=-0.320 ao=-0.118 pwm=14 pc=3 hd=0 y=0.251 yr=-0.208 L=3 R=3 OL=14 OR=14 el=17 er=18 ed=-1 dl=17 dr=18 cl=0 cr=0 ok=662 fail=0 vofa=firewater rx=149 txdrop=0
1775026531.910782,1775026531910782100,3842695959800,HB,157027,44646.0,1,0.2,-0.247,17.0,18.0,-1.0,14.0,14.0,3.0,3.0,17.0,18.0,0,0,,HB tick=157027 exp_id=184 t_ms=44646 run=1 spd=1 ts=20.000 as=17.500 ta=0.000 aa=0.251 se=2.500 so=2.751 ae=-0.251 ao=-0.078 pwm=14 pc=3 hd=0 y=0.200 yr=-0.247 L=3 R=3 OL=14 OR=14 el=17 er=18 ed=-1 dl=17 dr=18 cl=0 cr=0 ok=663 fail=0 vofa=firewater rx=149 txdrop=0
1775026532.1009018,1775026532100901800,3842886079300,HB,157216,44835.0,1,0.144,-0.264,17.0,17.0,0.0,14.0,14.0,3.0,3.0,17.0,17.0,0,0,,HB tick=157216 exp_id=184 t_ms=44835 run=1 spd=1 ts=20.000 as=17.000 ta=0.000 aa=0.200 se=3.000 so=2.808 ae=-0.200 ao=-0.053 pwm=14 pc=3 hd=0 y=0.144 yr=-0.264 L=3 R=3 OL=14 OR=14 el=17 er=17 ed=0 dl=17 dr=17 cl=0 cr=0 ok=664 fail=0 vofa=firewater rx=149 txdrop=0
1775026532.328535,1775026532328535000,3843113712100,HB,157449,45068.0,1,0.546,0.432,17.0,17.0,0.0,14.0,14.0,3.0,3.0,17.0,17.0,0,0,,HB tick=157449 exp_id=184 t_ms=45068 run=1 spd=1 ts=20.000 as=17.000 ta=0.000 aa=0.144 se=3.000 so=2.817 ae=-0.144 ao=-0.035 pwm=14 pc=3 hd=0 y=0.546 yr=0.432 L=3 R=3 OL=14 OR=14 el=17 er=17 ed=0 dl=17 dr=17 cl=0 cr=0 ok=665 fail=0 vofa=firewater rx=149 txdrop=0
1775026532.5564547,1775026532556454700,3843341631900,HB,157670,45289.0,1,0.353,-0.024,17.0,17.0,0.0,14.0,14.0,3.0,3.0,17.0,17.0,0,0,,HB tick=157670 exp_id=184 t_ms=45289 run=1 spd=1 ts=20.000 as=17.000 ta=0.000 aa=0.546 se=3.000 so=2.824 ae=-0.546 ao=-0.354 pwm=14 pc=3 hd=0 y=0.353 yr=-0.024 L=3 R=3 OL=14 OR=14 el=17 er=17 ed=0 dl=17 dr=17 cl=0 cr=0 ok=666 fail=0 vofa=firewater rx=149 txdrop=0
1775026532.702215,1775026532702215000,3843487392500,HB,157826,45445.0,1,0.373,0.029,17.0,17.0,0.0,14.0,14.0,3.0,3.0,17.0,17.0,0,0,,HB tick=157826 exp_id=184 t_ms=45445 run=1 spd=1 ts=20.000 as=17.000 ta=0.000 aa=0.353 se=3.000 so=2.830 ae=-0.353 ao=-0.162 pwm=14 pc=3 hd=0 y=0.373 yr=0.029 L=3 R=3 OL=14 OR=14 el=17 er=17 ed=0 dl=17 dr=17 cl=0 cr=0 ok=667 fail=0 vofa=firewater rx=149 txdrop=0
1775026532.9626641,1775026532962664200,3843747842100,HB,158080,45699.0,1,0.054,-0.421,18.0,18.0,0.0,14.0,14.0,3.0,3.0,18.0,18.0,0,0,,HB tick=158080 exp_id=184 t_ms=45699 run=1 spd=1 ts=20.000 as=18.000 ta=0.000 aa=0.373 se=2.000 so=2.739 ae=-0.373 ao=-0.184 pwm=14 pc=3 hd=0 y=0.054 yr=-0.421 L=3 R=3 OL=14 OR=14 el=18 er=18 ed=0 dl=18 dr=18 cl=0 cr=0 ok=668 fail=0 vofa=firewater rx=149 txdrop=0
1775026533.1197777,1775026533119777900,3843904955200,HB,158236,45855.0,1,0.035,-0.316,18.0,17.0,1.0,14.0,14.0,3.0,3.0,18.0,17.0,0,0,,HB tick=158236 exp_id=184 t_ms=45855 run=1 spd=1 ts=20.000 as=17.500 ta=0.000 aa=0.054 se=2.500 so=2.794 ae=-0.054 ao=0.036 pwm=14 pc=3 hd=0 y=0.035 yr=-0.316 L=3 R=3 OL=14 OR=14 el=18 er=17 ed=1 dl=18 dr=17 cl=0 cr=0 ok=669 fail=0 vofa=firewater rx=149 txdrop=0
1775026533.3693216,1775026533369321400,3844154498800,HB,158486,46105.0,1,0.302,0.168,17.0,18.0,-1.0,14.0,14.0,3.0,3.0,17.0,18.0,0,0,,HB tick=158486 exp_id=184 t_ms=46105 run=1 spd=1 ts=20.000 as=17.500 ta=0.000 aa=0.035 se=2.500 so=2.802 ae=-0.035 ao=0.008 pwm=14 pc=3 hd=0 y=0.302 yr=0.168 L=3 R=3 OL=14 OR=14 el=17 er=18 ed=-1 dl=17 dr=18 cl=0 cr=0 ok=670 fail=0 vofa=firewater rx=149 txdrop=0
1775026533.5661972,1775026533566197200,3844351374800,HB,158687,46306.0,1,0.177,-0.109,17.0,17.0,0.0,13.0,15.0,2.0,4.0,17.0,17.0,0,0,,HB tick=158687 exp_id=184 t_ms=46306 run=1 spd=1 ts=20.000 as=17.000 ta=0.000 aa=0.302 se=3.000 so=2.859 ae=-0.302 ao=-0.211 pwm=14 pc=3 hd=-1 y=0.177 yr=-0.109 L=2 R=4 OL=13 OR=15 el=17 er=17 ed=0 dl=17 dr=17 cl=0 cr=0 ok=671 fail=0 vofa=firewater rx=149 txdrop=0
1775026533.7907891,1775026533790789100,3844575970000,HB,158908,46527.0,1,-0.19,-0.649,17.0,18.0,-1.0,14.0,14.0,3.0,3.0,17.0,18.0,0,0,,HB tick=158908 exp_id=184 t_ms=46527 run=1 spd=1 ts=20.000 as=17.500 ta=0.000 aa=0.177 se=2.500 so=2.816 ae=-0.177 ao=-0.093 pwm=14 pc=3 hd=0 y=-0.190 yr=-0.649 L=3 R=3 OL=14 OR=14 el=17 er=18 ed=-1 dl=17 dr=18 cl=0 cr=0 ok=672 fail=0 vofa=firewater rx=149 txdrop=0
1775026534.010794,1775026534010794100,3844795971500,HB,159125,46744.0,1,-0.01,-0.132,17.0,17.0,0.0,14.0,14.0,3.0,3.0,17.0,17.0,0,0,,HB tick=159125 exp_id=184 t_ms=46744 run=1 spd=1 ts=20.000 as=17.000 ta=0.000 aa=-0.190 se=3.000 so=2.874 ae=0.190 ao=0.168 pwm=14 pc=3 hd=0 y=-0.010 yr=-0.132 L=3 R=3 OL=14 OR=14 el=17 er=17 ed=0 dl=17 dr=17 cl=0 cr=0 ok=673 fail=0 vofa=firewater rx=149 txdrop=0
1775026534.1669137,1775026534166913700,3844952090900,HB,159281,46900.0,1,-0.011,-0.087,17.0,17.0,0.0,14.0,14.0,3.0,3.0,17.0,17.0,0,0,,HB tick=159281 exp_id=184 t_ms=46900 run=1 spd=1 ts=20.000 as=17.000 ta=0.000 aa=-0.010 se=3.000 so=2.880 ae=0.010 ao=-0.040 pwm=14 pc=3 hd=0 y=-0.011 yr=-0.087 L=3 R=3 OL=14 OR=14 el=17 er=17 ed=0 dl=17 dr=17 cl=0 cr=0 ok=674 fail=0 vofa=firewater rx=149 txdrop=0
1775026534.4061878,1775026534406187800,3845191365800,HB,159530,47149.0,1,0.029,-0.0,17.0,18.0,-1.0,14.0,14.0,3.0,3.0,17.0,18.0,0,0,,HB tick=159530 exp_id=184 t_ms=47149 run=1 spd=1 ts=20.000 as=17.500 ta=0.000 aa=-0.011 se=2.500 so=2.839 ae=0.011 ao=-0.055 pwm=14 pc=3 hd=0 y=0.029 yr=-0.000 L=3 R=3 OL=14 OR=14 el=17 er=18 ed=-1 dl=17 dr=18 cl=0 cr=0 ok=675 fail=0 vofa=firewater rx=149 txdrop=0
1775026534.5625775,1775026534562577400,3845347754800,HB,159686,47305.0,1,0.056,0.059,17.0,16.0,1.0,13.0,15.0,2.0,4.0,17.0,16.0,0,0,,HB tick=159686 exp_id=184 t_ms=47305 run=1 spd=1 ts=20.000 as=16.500 ta=0.000 aa=0.029 se=3.500 so=2.944 ae=-0.029 ao=-0.092 pwm=14 pc=3 hd=-1 y=0.056 yr=0.059 L=2 R=4 OL=13 OR=15 el=17 er=16 ed=1 dl=17 dr=16 cl=0 cr=0 ok=676 fail=0 vofa=firewater rx=149 txdrop=0
1775026534.759634,1775026534759633800,3845544811100,HB,159875,47494.0,1,0.034,-0.001,17.0,16.0,1.0,14.0,14.0,3.0,3.0,17.0,16.0,0,0,,HB tick=159875 exp_id=184 t_ms=47494 run=1 spd=1 ts=20.000 as=16.500 ta=0.000 aa=0.056 se=3.500 so=2.951 ae=-0.056 ao=-0.117 pwm=14 pc=3 hd=0 y=0.034 yr=-0.001 L=3 R=3 OL=14 OR=14 el=17 er=16 ed=1 dl=17 dr=16 cl=0 cr=0 ok=677 fail=0 vofa=firewater rx=149 txdrop=0
1775026534.9876292,1775026534987629100,3845772806100,HB,160108,47726.0,1,-0.186,-0.334,17.0,17.0,0.0,14.0,14.0,3.0,3.0,17.0,17.0,0,0,,HB tick=160108 exp_id=184 t_ms=47726 run=1 spd=1 ts=20.000 as=17.000 ta=0.000 aa=0.034 se=3.000 so=2.910 ae=-0.034 ao=-0.093 pwm=14 pc=3 hd=0 y=-0.186 yr=-0.334 L=3 R=3 OL=14 OR=14 el=17 er=17 ed=0 dl=17 dr=17 cl=0 cr=0 ok=678 fail=0 vofa=firewater rx=149 txdrop=0
1775026535.2059693,1775026535205969500,3845991147700,HB,160329,47948.0,1,-0.09,-0.065,17.0,17.0,0.0,14.0,14.0,3.0,3.0,17.0,17.0,0,0,,HB tick=160329 exp_id=184 t_ms=47948 run=1 spd=1 ts=20.000 as=17.000 ta=0.000 aa=-0.186 se=3.000 so=2.918 ae=0.186 ao=0.066 pwm=14 pc=3 hd=0 y=-0.090 yr=-0.065 L=3 R=3 OL=14 OR=14 el=17 er=17 ed=0 dl=17 dr=17 cl=0 cr=0 ok=679 fail=0 vofa=firewater rx=149 txdrop=0
1775026535.362863,1775026535362863000,3846148040500,HB,160485,48104.0,1,-0.026,0.102,17.0,17.0,0.0,14.0,14.0,3.0,3.0,17.0,17.0,0,0,,HB tick=160485 exp_id=184 t_ms=48104 run=1 spd=1 ts=20.000 as=17.000 ta=0.000 aa=-0.090 se=3.000 so=2.924 ae=0.090 ao=-0.043 pwm=14 pc=3 hd=0 y=-0.026 yr=0.102 L=3 R=3 OL=14 OR=14 el=17 er=17 ed=0 dl=17 dr=17 cl=0 cr=0 ok=680 fail=0 vofa=firewater rx=149 txdrop=0
1775026535.5954485,1775026535595448500,3846380627200,HB,160717,48336.0,1,-0.351,-0.424,17.0,17.0,0.0,14.0,14.0,3.0,3.0,17.0,17.0,0,0,,HB tick=160717 exp_id=184 t_ms=48336 run=1 spd=1 ts=20.000 as=17.000 ta=0.000 aa=-0.026 se=3.000 so=2.932 ae=0.026 ao=-0.112 pwm=14 pc=3 hd=0 y=-0.351 yr=-0.424 L=3 R=3 OL=14 OR=14 el=17 er=17 ed=0 dl=17 dr=17 cl=0 cr=0 ok=681 fail=0 vofa=firewater rx=149 txdrop=0
1775026535.8023903,1775026535802390300,3846587567500,HB,160926,48545.0,1,-0.398,-0.355,17.0,17.0,0.0,14.0,14.0,3.0,3.0,17.0,17.0,0,0,,HB tick=160926 exp_id=184 t_ms=48545 run=1 spd=1 ts=20.000 as=17.000 ta=0.000 aa=-0.351 se=3.000 so=2.940 ae=0.351 ao=0.135 pwm=14 pc=3 hd=0 y=-0.398 yr=-0.355 L=3 R=3 OL=14 OR=14 el=17 er=17 ed=0 dl=17 dr=17 cl=0 cr=0 ok=682 fail=0 vofa=firewater rx=149 txdrop=0
1775026535.9688997,1775026535968899900,3846754077300,HB,161087,48706.0,1,-0.263,0.063,16.0,18.0,-2.0,14.0,14.0,3.0,3.0,16.0,18.0,0,0,,HB tick=161087 exp_id=184 t_ms=48706 run=1 spd=1 ts=20.000 as=17.000 ta=0.000 aa=-0.398 se=3.000 so=2.946 ae=0.398 ao=0.124 pwm=14 pc=3 hd=0 y=-0.263 yr=0.063 L=3 R=3 OL=14 OR=14 el=16 er=18 ed=-2 dl=16 dr=18 cl=0 cr=0 ok=683 fail=0 vofa=firewater rx=149 txdrop=0
1775026536.6790352,1775026536679035200,3847464213400,HB,161320,48939.0,1,-0.202,0.132,17.0,17.0,0.0,14.0,14.0,3.0,3.0,17.0,17.0,0,0,,HB tick=161320 exp_id=184 t_ms=48939 run=1 spd=1 ts=20.000 as=17.000 ta=0.000 aa=-0.263 se=3.000 so=2.955 ae=0.263 ao=-0.042 pwm=14 pc=3 hd=0 y=-0.202 yr=0.132 L=3 R=3 OL=14 OR=14 el=17 er=17 ed=0 dl=17 dr=17 cl=0 cr=0 ok=684 fail=0 vofa=firewater rx=149 txdrop=0
1775026536.6790352,1775026536679035201,3847464213401,HB,161485,49104.0,1,-0.261,-0.039,17.0,17.0,0.0,14.0,14.0,3.0,3.0,17.0,17.0,0,0,,HB tick=161485 exp_id=184 t_ms=49104 run=1 spd=1 ts=20.000 as=17.000 ta=0.000 aa=-0.202 se=3.000 so=2.961 ae=0.202 ao=-0.078 pwm=14 pc=3 hd=0 y=-0.261 yr=-0.039 L=3 R=3 OL=14 OR=14 el=17 er=17 ed=0 dl=17 dr=17 cl=0 cr=0 ok=685 fail=0 vofa=firewater rx=149 txdrop=0
1775026536.6790352,1775026536679035202,3847464213402,HB,161738,49357.0,1,0.085,0.454,17.0,17.0,0.0,14.0,14.0,3.0,3.0,17.0,17.0,0,0,,HB tick=161738 exp_id=184 t_ms=49357 run=1 spd=1 ts=20.000 as=17.000 ta=0.000 aa=-0.261 se=3.000 so=2.970 ae=0.261 ao=-0.009 pwm=14 pc=3 hd=0 y=0.085 yr=0.454 L=3 R=3 OL=14 OR=14 el=17 er=17 ed=0 dl=17 dr=17 cl=0 cr=0 ok=686 fail=0 vofa=firewater rx=149 txdrop=0
1775026536.7742062,1775026536774206100,3847559383400,HB,161894,49513.0,1,0.031,0.173,18.0,17.0,1.0,13.0,15.0,2.0,4.0,18.0,17.0,0,0,,HB tick=161894 exp_id=184 t_ms=49513 run=1 spd=1 ts=20.000 as=17.500 ta=0.000 aa=0.085 se=2.500 so=2.925 ae=-0.085 ao=-0.250 pwm=14 pc=3 hd=-1 y=0.031 yr=0.173 L=2 R=4 OL=13 OR=15 el=18 er=17 ed=1 dl=18 dr=17 cl=0 cr=0 ok=687 fail=0 vofa=firewater rx=149 txdrop=0
1775026537.0044422,1775026537004442000,3847789620000,HB,162127,49746.0,1,-0.119,-0.112,17.0,17.0,0.0,13.0,15.0,2.0,4.0,17.0,17.0,0,0,,HB tick=162127 exp_id=184 t_ms=49746 run=1 spd=1 ts=20.000 as=17.000 ta=0.000 aa=0.031 se=3.000 so=2.983 ae=-0.031 ao=-0.147 pwm=14 pc=3 hd=-1 y=-0.119 yr=-0.112 L=2 R=4 OL=13 OR=15 el=17 er=17 ed=0 dl=17 dr=17 cl=0 cr=0 ok=688 fail=0 vofa=firewater rx=149 txdrop=0
1775026537.23505,1775026537235050100,3848020227800,HB,162349,49967.0,1,0.173,0.388,18.0,17.0,1.0,14.0,14.0,3.0,3.0,18.0,17.0,0,0,,HB tick=162349 exp_id=184 t_ms=49967 run=1 spd=1 ts=20.000 as=17.500 ta=0.000 aa=-0.119 se=2.500 so=2.940 ae=0.119 ao=-0.020 pwm=14 pc=3 hd=0 y=0.173 yr=0.388 L=3 R=3 OL=14 OR=14 el=18 er=17 ed=1 dl=18 dr=17 cl=0 cr=0 ok=689 fail=0 vofa=firewater rx=149 txdrop=0
1775026537.3810372,1775026537381037200,3848166215100,HB,162504,50123.0,1,0.148,0.198,17.0,17.0,0.0,14.0,14.0,3.0,3.0,17.0,17.0,0,0,,HB tick=162504 exp_id=184 t_ms=50123 run=1 spd=1 ts=20.000 as=17.000 ta=0.000 aa=0.173 se=3.000 so=2.996 ae=-0.173 ao=-0.250 pwm=14 pc=3 hd=0 y=0.148 yr=0.198 L=3 R=3 OL=14 OR=14 el=17 er=17 ed=0 dl=17 dr=17 cl=0 cr=0 ok=690 fail=0 vofa=firewater rx=149 txdrop=0
1775026537.6396618,1775026537639661700,3848424838900,HB,162758,50377.0,1,0.087,0.044,17.0,17.0,0.0,13.0,15.0,2.0,4.0,17.0,17.0,0,0,,HB tick=162758 exp_id=184 t_ms=50377 run=1 spd=1 ts=20.000 as=17.000 ta=0.000 aa=0.148 se=3.000 so=3.004 ae=-0.148 ao=-0.184 pwm=14 pc=3 hd=-1 y=0.087 yr=0.044 L=2 R=4 OL=13 OR=15 el=17 er=17 ed=0 dl=17 dr=17 cl=0 cr=0 ok=691 fail=0 vofa=firewater rx=149 txdrop=0
1775026537.795267,1775026537795267200,3848580444900,HB,162914,50533.0,1,0.148,0.165,17.0,17.0,0.0,14.0,14.0,3.0,3.0,17.0,17.0,0,0,,HB tick=162914 exp_id=184 t_ms=50533 run=1 spd=1 ts=20.000 as=17.000 ta=0.000 aa=0.087 se=3.000 so=3.009 ae=-0.087 ao=-0.120 pwm=14 pc=3 hd=0 y=0.148 yr=0.165 L=3 R=3 OL=14 OR=14 el=17 er=17 ed=0 dl=17 dr=17 cl=0 cr=0 ok=692 fail=0 vofa=firewater rx=149 txdrop=0
1775026538.0233965,1775026538023396700,3848808574200,HB,163147,50766.0,1,0.026,-0.075,16.0,17.0,-1.0,14.0,14.0,3.0,3.0,16.0,17.0,0,0,,HB tick=163147 exp_id=184 t_ms=50766 run=1 spd=1 ts=20.000 as=16.500 ta=0.000 aa=0.148 se=3.500 so=3.068 ae=-0.148 ao=-0.173 pwm=14 pc=3 hd=0 y=0.026 yr=-0.075 L=3 R=3 OL=14 OR=14 el=16 er=17 ed=-1 dl=16 dr=17 cl=0 cr=0 ok=693 fail=0 vofa=firewater rx=149 txdrop=0
1775026538.2505774,1775026538250577500,3849035754900,HB,163368,50987.0,1,0.058,0.001,17.0,16.0,1.0,14.0,14.0,3.0,3.0,17.0,16.0,0,0,,HB tick=163368 exp_id=184 t_ms=50987 run=1 spd=1 ts=20.000 as=16.500 ta=0.000 aa=0.026 se=3.500 so=3.076 ae=-0.026 ao=-0.067 pwm=14 pc=3 hd=0 y=0.058 yr=0.001 L=3 R=3 OL=14 OR=14 el=17 er=16 ed=1 dl=17 dr=16 cl=0 cr=0 ok=694 fail=0 vofa=firewater rx=149 txdrop=0
1775026538.4071116,1775026538407111700,3849192288700,HB,163524,51143.0,1,0.113,0.123,17.0,18.0,-1.0,14.0,14.0,3.0,3.0,17.0,18.0,0,0,,HB tick=163524 exp_id=184 t_ms=51143 run=1 spd=1 ts=20.000 as=17.500 ta=0.000 aa=0.058 se=2.500 so=2.982 ae=-0.058 ao=-0.099 pwm=14 pc=3 hd=0 y=0.113 yr=0.123 L=3 R=3 OL=14 OR=14 el=17 er=18 ed=-1 dl=17 dr=18 cl=0 cr=0 ok=695 fail=0 vofa=firewater rx=149 txdrop=0
1775026538.6349275,1775026538634927500,3849420104700,HB,163756,51375.0,1,0.044,-0.023,17.0,17.0,0.0,14.0,14.0,3.0,3.0,17.0,17.0,0,0,,HB tick=163756 exp_id=184 t_ms=51375 run=1 spd=1 ts=20.000 as=17.000 ta=0.000 aa=0.113 se=3.000 so=3.040 ae=-0.113 ao=-0.151 pwm=14 pc=3 hd=0 y=0.044 yr=-0.023 L=3 R=3 OL=14 OR=14 el=17 er=17 ed=0 dl=17 dr=17 cl=0 cr=0 ok=696 fail=0 vofa=firewater rx=149 txdrop=0
1775026538.8007991,1775026538800799300,3849585976700,HB,163921,51540.0,1,0.029,-0.048,17.0,17.0,0.0,14.0,14.0,3.0,3.0,17.0,17.0,0,0,,HB tick=163921 exp_id=184 t_ms=51540 run=1 spd=1 ts=20.000 as=17.000 ta=0.000 aa=0.044 se=3.000 so=3.046 ae=-0.044 ao=-0.088 pwm=14 pc=3 hd=0 y=0.029 yr=-0.048 L=3 R=3 OL=14 OR=14 el=17 er=17 ed=0 dl=17 dr=17 cl=0 cr=0 ok=697 fail=0 vofa=firewater rx=149 txdrop=0
1775026539.0488443,1775026539048844200,3849834022000,HB,164170,51789.0,1,0.34,0.407,17.0,17.0,0.0,14.0,14.0,3.0,3.0,17.0,17.0,0,0,,HB tick=164170 exp_id=184 t_ms=51789 run=1 spd=1 ts=20.000 as=17.000 ta=0.000 aa=0.029 se=3.000 so=3.056 ae=-0.029 ao=-0.076 pwm=14 pc=3 hd=0 y=0.340 yr=0.407 L=3 R=3 OL=14 OR=14 el=17 er=17 ed=0 dl=17 dr=17 cl=0 cr=0 ok=698 fail=0 vofa=firewater rx=149 txdrop=0
1775026539.2038586,1775026539203858700,3849989035900,HB,164326,51945.0,1,0.277,0.122,17.0,18.0,-1.0,14.0,14.0,3.0,3.0,17.0,18.0,0,0,,HB tick=164326 exp_id=184 t_ms=51945 run=1 spd=1 ts=20.000 as=17.500 ta=0.000 aa=0.340 se=2.500 so=3.011 ae=-0.340 ao=-0.297 pwm=14 pc=3 hd=0 y=0.277 yr=0.122 L=3 R=3 OL=14 OR=14 el=17 er=18 ed=-1 dl=17 dr=18 cl=0 cr=0 ok=699 fail=0 vofa=firewater rx=149 txdrop=0
1775026539.442986,1775026539442985900,3850228163600,HB,164559,52178.0,1,0.184,-0.06,17.0,16.0,1.0,14.0,14.0,3.0,3.0,17.0,16.0,0,0,,HB tick=164559 exp_id=184 t_ms=52178 run=1 spd=1 ts=20.000 as=16.500 ta=0.000 aa=0.277 se=3.500 so=3.119 ae=-0.277 ao=-0.191 pwm=14 pc=3 hd=0 y=0.184 yr=-0.060 L=3 R=3 OL=14 OR=14 el=17 er=16 ed=1 dl=17 dr=16 cl=0 cr=0 ok=700 fail=0 vofa=firewater rx=149 txdrop=0
1775026539.639878,1775026539639878200,3850425055700,HB,164763,52382.0,1,0.293,0.148,17.0,17.0,0.0,14.0,14.0,3.0,3.0,17.0,17.0,0,0,,HB tick=164763 exp_id=184 t_ms=52382 run=1 spd=1 ts=20.000 as=17.000 ta=0.000 aa=0.184 se=3.000 so=3.077 ae=-0.184 ao=-0.110 pwm=14 pc=3 hd=0 y=0.293 yr=0.148 L=3 R=3 OL=14 OR=14 el=17 er=17 ed=0 dl=17 dr=17 cl=0 cr=0 ok=701 fail=0 vofa=firewater rx=149 txdrop=0
1775026539.8494215,1775026539849421500,3850634600000,HB,164969,52588.0,1,0.22,-0.028,18.0,18.0,0.0,14.0,14.0,3.0,3.0,18.0,18.0,0,0,,HB tick=164969 exp_id=184 t_ms=52588 run=1 spd=1 ts=20.000 as=18.000 ta=0.000 aa=0.293 se=2.000 so=2.984 ae=-0.293 ao=-0.203 pwm=14 pc=3 hd=0 y=0.220 yr=-0.028 L=3 R=3 OL=14 OR=14 el=18 er=18 ed=0 dl=18 dr=18 cl=0 cr=0 ok=702 fail=0 vofa=firewater rx=149 txdrop=0
1775026540.00618,1775026540006180200,3850791358500,HB,165130,52749.0,1,0.097,-0.287,17.0,18.0,-1.0,14.0,14.0,3.0,3.0,17.0,18.0,0,0,,HB tick=165130 exp_id=184 t_ms=52749 run=1 spd=1 ts=20.000 as=17.500 ta=0.000 aa=0.220 se=2.500 so=3.039 ae=-0.220 ao=-0.130 pwm=14 pc=3 hd=0 y=0.097 yr=-0.287 L=3 R=3 OL=14 OR=14 el=17 er=18 ed=-1 dl=17 dr=18 cl=0 cr=0 ok=703 fail=0 vofa=firewater rx=149 txdrop=0
1775026540.245896,1775026540245896100,3851031073700,HB,165363,52982.0,1,-0.026,-0.371,17.0,18.0,-1.0,14.0,14.0,3.0,3.0,17.0,18.0,0,0,,HB tick=165363 exp_id=184 t_ms=52982 run=1 spd=1 ts=20.000 as=17.500 ta=0.000 aa=0.097 se=2.500 so=3.047 ae=-0.097 ao=-0.017 pwm=14 pc=3 hd=0 y=-0.026 yr=-0.371 L=3 R=3 OL=14 OR=14 el=17 er=18 ed=-1 dl=17 dr=18 cl=0 cr=0 ok=704 fail=0 vofa=firewater rx=149 txdrop=0
1775026540.4652936,1775026540465293600,3851250470900,HB,165585,53204.0,1,-0.195,-0.508,18.0,17.0,1.0,14.0,14.0,3.0,3.0,18.0,17.0,0,0,,HB tick=165585 exp_id=184 t_ms=53204 run=1 spd=1 ts=20.000 as=17.500 ta=0.000 aa=-0.026 se=2.500 so=3.054 ae=0.026 ao=0.039 pwm=14 pc=3 hd=0 y=-0.195 yr=-0.508 L=3 R=3 OL=14 OR=14 el=18 er=17 ed=1 dl=18 dr=17 cl=0 cr=0 ok=705 fail=0 vofa=firewater rx=149 txdrop=0
1775026540.6692445,1775026540669244400,3851454422800,HB,165785,53404.0,1,-0.144,-0.24,18.0,17.0,1.0,14.0,14.0,3.0,3.0,18.0,17.0,0,0,,HB tick=165785 exp_id=184 t_ms=53404 run=1 spd=1 ts=20.000 as=17.500 ta=0.000 aa=-0.195 se=2.500 so=3.060 ae=0.195 ao=0.124 pwm=14 pc=3 hd=0 y=-0.144 yr=-0.240 L=3 R=3 OL=14 OR=14 el=18 er=17 ed=1 dl=18 dr=17 cl=0 cr=0 ok=706 fail=0 vofa=firewater rx=149 txdrop=0
1775026540.8674161,1775026540867416100,3851652593800,HB,165990,53609.0,1,-0.049,0.005,17.0,18.0,-1.0,14.0,14.0,3.0,3.0,17.0,18.0,0,0,,HB tick=165990 exp_id=184 t_ms=53609 run=1 spd=1 ts=20.000 as=17.500 ta=0.000 aa=-0.144 se=2.500 so=3.067 ae=0.144 ao=0.026 pwm=14 pc=3 hd=0 y=-0.049 yr=0.005 L=3 R=3 OL=14 OR=14 el=17 er=18 ed=-1 dl=17 dr=18 cl=0 cr=0 ok=707 fail=0 vofa=firewater rx=149 txdrop=0
1775026541.0963373,1775026541096337300,3851881515100,HB,166215,53834.0,1,-0.096,-0.07,17.0,17.0,0.0,14.0,14.0,3.0,3.0,17.0,17.0,0,0,,HB tick=166215 exp_id=184 t_ms=53834 run=1 spd=1 ts=20.000 as=17.000 ta=0.000 aa=-0.049 se=3.000 so=3.124 ae=0.049 ao=-0.075 pwm=14 pc=3 hd=0 y=-0.096 yr=-0.070 L=3 R=3 OL=14 OR=14 el=17 er=17 ed=0 dl=17 dr=17 cl=0 cr=0 ok=708 fail=0 vofa=firewater rx=149 txdrop=0
1775026541.2527325,1775026541252732300,3852037910400,HB,166372,53991.0,1,-0.003,0.163,17.0,18.0,-1.0,14.0,14.0,3.0,3.0,17.0,18.0,0,0,,HB tick=166372 exp_id=184 t_ms=53991 run=1 spd=1 ts=20.000 as=17.500 ta=0.000 aa=-0.096 se=2.500 so=3.079 ae=0.096 ao=-0.040 pwm=14 pc=3 hd=0 y=-0.003 yr=0.163 L=3 R=3 OL=14 OR=14 el=17 er=18 ed=-1 dl=17 dr=18 cl=0 cr=0 ok=709 fail=0 vofa=firewater rx=149 txdrop=0
1775026541.4310186,1775026541431018600,3852216196600,HB,166556,54175.0,1,0.019,0.146,17.0,17.0,0.0,14.0,14.0,3.0,3.0,17.0,17.0,0,0,,HB tick=166556 exp_id=184 t_ms=54175 run=1 spd=1 ts=20.000 as=17.000 ta=0.000 aa=-0.003 se=3.000 so=3.136 ae=0.003 ao=-0.137 pwm=14 pc=3 hd=0 y=0.019 yr=0.146 L=3 R=3 OL=14 OR=14 el=17 er=17 ed=0 dl=17 dr=17 cl=0 cr=0 ok=710 fail=0 vofa=firewater rx=149 txdrop=0
1775026541.6705122,1775026541670512100,3852455689600,HB,166788,54407.0,1,0.26,0.46,18.0,17.0,1.0,14.0,14.0,3.0,3.0,18.0,17.0,0,0,,HB tick=166788 exp_id=184 t_ms=54407 run=1 spd=1 ts=20.000 as=17.500 ta=0.000 aa=0.019 se=2.500 so=3.094 ae=-0.019 ao=-0.137 pwm=14 pc=3 hd=0 y=0.260 yr=0.460 L=3 R=3 OL=14 OR=14 el=18 er=17 ed=1 dl=18 dr=17 cl=0 cr=0 ok=711 fail=0 vofa=firewater rx=149 txdrop=0
1775026541.8883224,1775026541888322300,3852673500500,HB,167009,54628.0,1,0.061,-0.017,17.0,18.0,-1.0,14.0,14.0,3.0,3.0,17.0,18.0,0,0,,HB tick=167009 exp_id=184 t_ms=54628 run=1 spd=1 ts=20.000 as=17.500 ta=0.000 aa=0.260 se=2.500 so=3.101 ae=-0.260 ao=-0.295 pwm=14 pc=3 hd=0 y=0.061 yr=-0.017 L=3 R=3 OL=14 OR=14 el=17 er=18 ed=-1 dl=17 dr=18 cl=0 cr=0 ok=712 fail=0 vofa=firewater rx=149 txdrop=0
1775026542.087947,1775026542087947000,3852873124800,HB,167210,54829.0,1,0.052,-0.026,17.0,17.0,0.0,14.0,14.0,3.0,3.0,17.0,17.0,0,0,,HB tick=167210 exp_id=184 t_ms=54829 run=1 spd=1 ts=20.000 as=17.000 ta=0.000 aa=0.061 se=3.000 so=3.159 ae=-0.061 ao=-0.095 pwm=14 pc=3 hd=0 y=0.052 yr=-0.026 L=3 R=3 OL=14 OR=14 el=17 er=17 ed=0 dl=17 dr=17 cl=0 cr=0 ok=713 fail=0 vofa=firewater rx=149 txdrop=0
1775026542.2547126,1775026542254712500,3853039890500,HB,167370,54989.0,1,0.134,0.161,17.0,17.0,0.0,14.0,14.0,3.0,3.0,17.0,17.0,0,0,,HB tick=167370 exp_id=184 t_ms=54989 run=1 spd=1 ts=20.000 as=17.000 ta=0.000 aa=0.052 se=3.000 so=3.165 ae=-0.052 ao=-0.090 pwm=14 pc=3 hd=0 y=0.134 yr=0.161 L=3 R=3 OL=14 OR=14 el=17 er=17 ed=0 dl=17 dr=17 cl=0 cr=0 ok=714 fail=0 vofa=firewater rx=149 txdrop=0
1775026542.4980316,1775026542498031700,3853283209600,HB,167603,55222.0,1,-0.025,-0.134,17.0,18.0,-1.0,14.0,14.0,3.0,3.0,17.0,18.0,0,0,,HB tick=167603 exp_id=184 t_ms=55222 run=1 spd=1 ts=20.000 as=17.500 ta=0.000 aa=0.134 se=2.500 so=3.123 ae=-0.134 ao=-0.169 pwm=14 pc=3 hd=0 y=-0.025 yr=-0.134 L=3 R=3 OL=14 OR=14 el=17 er=18 ed=-1 dl=17 dr=18 cl=0 cr=0 ok=715 fail=0 vofa=firewater rx=149 txdrop=0
1775026542.7064493,1775026542706449200,3853491626600,HB,167825,55444.0,1,-0.174,-0.324,17.0,18.0,-1.0,14.0,14.0,3.0,3.0,17.0,18.0,0,0,,HB tick=167825 exp_id=184 t_ms=55444 run=1 spd=1 ts=20.000 as=17.500 ta=0.000 aa=-0.025 se=2.500 so=3.131 ae=0.025 ao=-0.037 pwm=14 pc=3 hd=0 y=-0.174 yr=-0.324 L=3 R=3 OL=14 OR=14 el=17 er=18 ed=-1 dl=17 dr=18 cl=0 cr=0 ok=716 fail=0 vofa=firewater rx=149 txdrop=0
1775026542.8617315,1775026542861731700,3853646908900,HB,167981,55600.0,1,-0.184,-0.233,17.0,17.0,0.0,14.0,14.0,3.0,3.0,17.0,17.0,0,0,,HB tick=167981 exp_id=184 t_ms=55600 run=1 spd=1 ts=20.000 as=17.000 ta=0.000 aa=-0.174 se=3.000 so=3.185 ae=0.174 ao=0.060 pwm=14 pc=3 hd=0 y=-0.184 yr=-0.233 L=3 R=3 OL=14 OR=14 el=17 er=17 ed=0 dl=17 dr=17 cl=0 cr=0 ok=717 fail=0 vofa=firewater rx=149 txdrop=0
1775026543.1103063,1775026543110306400,3853895486000,HB,168235,55854.0,1,-0.132,-0.079,17.0,16.0,1.0,14.0,14.0,3.0,3.0,17.0,16.0,0,0,,HB tick=168235 exp_id=184 t_ms=55854 run=1 spd=1 ts=20.000 as=16.500 ta=0.000 aa=-0.184 se=3.500 so=3.244 ae=0.184 ao=0.033 pwm=14 pc=3 hd=0 y=-0.132 yr=-0.079 L=3 R=3 OL=14 OR=14 el=17 er=16 ed=1 dl=17 dr=16 cl=0 cr=0 ok=718 fail=0 vofa=firewater rx=149 txdrop=0
1775026543.265944,1775026543265944100,3854051121200,HB,168391,56010.0,1,-0.032,0.173,16.0,16.0,0.0,14.0,14.0,3.0,3.0,16.0,16.0,0,0,,HB tick=168391 exp_id=184 t_ms=56010 run=1 spd=1 ts=20.000 as=16.000 ta=0.000 aa=-0.132 se=4.000 so=3.299 ae=0.132 ao=-0.028 pwm=14 pc=3 hd=0 y=-0.032 yr=0.173 L=3 R=3 OL=14 OR=14 el=16 er=16 ed=0 dl=16 dr=16 cl=0 cr=0 ok=719 fail=0 vofa=firewater rx=149 txdrop=0
1775026543.4593403,1775026543459340400,3854244518800,HB,168575,56194.0,1,-0.01,0.155,16.0,17.0,-1.0,14.0,14.0,3.0,3.0,16.0,17.0,0,0,,HB tick=168575 exp_id=184 t_ms=56194 run=1 spd=1 ts=20.000 as=16.500 ta=0.000 aa=-0.032 se=3.500 so=3.256 ae=0.032 ao=-0.133 pwm=14 pc=3 hd=0 y=-0.010 yr=0.155 L=3 R=3 OL=14 OR=14 el=16 er=17 ed=-1 dl=16 dr=17 cl=0 cr=0 ok=720 fail=0 vofa=firewater rx=149 txdrop=0
1775026543.687146,1775026543687146000,3854472323300,HB,168807,56426.0,1,-0.144,-0.103,17.0,18.0,-1.0,14.0,14.0,3.0,3.0,17.0,18.0,0,0,,HB tick=168807 exp_id=184 t_ms=56426 run=1 spd=1 ts=20.000 as=17.500 ta=0.000 aa=-0.010 se=2.500 so=3.164 ae=0.010 ao=-0.132 pwm=14 pc=3 hd=0 y=-0.144 yr=-0.103 L=3 R=3 OL=14 OR=14 el=17 er=18 ed=-1 dl=17 dr=18 cl=0 cr=0 ok=721 fail=0 vofa=firewater rx=149 txdrop=0
1775026543.8426933,1775026543842693300,3854627871200,HB,168968,56587.0,1,-0.377,-0.573,18.0,18.0,0.0,14.0,14.0,3.0,3.0,18.0,18.0,0,0,,HB tick=168968 exp_id=184 t_ms=56587 run=1 spd=1 ts=20.000 as=18.000 ta=0.000 aa=-0.144 se=2.000 so=3.119 ae=0.144 ao=-0.018 pwm=14 pc=3 hd=0 y=-0.377 yr=-0.573 L=3 R=3 OL=14 OR=14 el=18 er=18 ed=0 dl=18 dr=18 cl=0 cr=0 ok=722 fail=0 vofa=firewater rx=149 txdrop=0
1775026544.0805347,1775026544080534800,3854865712800,HB,169201,56820.0,1,-0.75,-0.932,17.0,18.0,-1.0,14.0,14.0,3.0,3.0,17.0,18.0,0,0,,HB tick=169201 exp_id=184 t_ms=56820 run=1 spd=1 ts=20.000 as=17.500 ta=0.000 aa=-0.377 se=2.500 so=3.176 ae=0.377 ao=0.189 pwm=14 pc=3 hd=0 y=-0.750 yr=-0.932 L=3 R=3 OL=14 OR=14 el=17 er=18 ed=-1 dl=17 dr=18 cl=0 cr=0 ok=723 fail=0 vofa=firewater rx=149 txdrop=0
1775026544.3190978,1775026544319097800,3855104276400,HB,169423,57042.0,1,-1.664,-2.048,18.0,19.0,-1.0,15.0,13.0,4.0,2.0,18.0,19.0,0,0,,HB tick=169423 exp_id=184 t_ms=57042 run=1 spd=1 ts=20.000 as=18.500 ta=0.000 aa=-0.750 se=1.500 so=3.081 ae=0.750 ao=0.394 pwm=14 pc=3 hd=1 y=-1.664 yr=-2.048 L=4 R=2 OL=15 OR=13 el=18 er=19 ed=-1 dl=18 dr=19 cl=0 cr=0 ok=724 fail=0 vofa=firewater rx=149 txdrop=0
1775026544.516407,1775026544516407100,3855301584400,HB,169639,57258.0,1,-0.778,0.105,18.0,18.0,0.0,15.0,13.0,4.0,2.0,18.0,18.0,0,0,,HB tick=169639 exp_id=184 t_ms=57258 run=1 spd=1 ts=20.000 as=18.000 ta=0.000 aa=-1.664 se=2.000 so=3.137 ae=1.664 ao=0.971 pwm=14 pc=3 hd=1 y=-0.778 yr=0.105 L=4 R=2 OL=15 OR=13 el=18 er=18 ed=0 dl=18 dr=18 cl=0 cr=0 ok=725 fail=0 vofa=firewater rx=149 txdrop=0
1775026544.6724484,1775026544672448600,3855457626600,HB,169796,57415.0,1,-0.539,0.602,18.0,18.0,0.0,14.0,14.0,3.0,3.0,18.0,18.0,0,0,,HB tick=169796 exp_id=184 t_ms=57415 run=1 spd=1 ts=20.000 as=18.000 ta=0.000 aa=-0.778 se=2.000 so=3.141 ae=0.778 ao=0.070 pwm=14 pc=3 hd=0 y=-0.539 yr=0.602 L=3 R=3 OL=14 OR=14 el=18 er=18 ed=0 dl=18 dr=18 cl=0 cr=0 ok=726 fail=0 vofa=firewater rx=149 txdrop=0
1775026544.921356,1775026544921356100,3855706533300,HB,170045,57664.0,1,1.148,2.761,20.0,20.0,0.0,14.0,14.0,3.0,3.0,20.0,20.0,0,0,,HB tick=170045 exp_id=184 t_ms=57664 run=1 spd=1 ts=20.000 as=20.000 ta=0.000 aa=-0.539 se=0.000 so=2.944 ae=0.539 ao=-0.146 pwm=14 pc=3 hd=0 y=1.148 yr=2.761 L=3 R=3 OL=14 OR=14 el=20 er=20 ed=0 dl=20 dr=20 cl=0 cr=0 ok=727 fail=0 vofa=firewater rx=149 txdrop=0
1775026545.0877483,1775026545087748300,3855872925500,HB,170201,57820.0,1,1.295,2.125,16.0,17.0,-1.0,13.0,15.0,2.0,4.0,16.0,17.0,0,0,,HB tick=170201 exp_id=184 t_ms=57820 run=1 spd=1 ts=20.000 as=16.500 ta=0.000 aa=1.148 se=3.500 so=3.298 ae=-1.148 ao=-1.243 pwm=14 pc=3 hd=-1 y=1.295 yr=2.125 L=2 R=4 OL=13 OR=15 el=16 er=17 ed=-1 dl=16 dr=17 cl=0 cr=0 ok=728 fail=0 vofa=firewater rx=149 txdrop=0
1775026545.2742345,1775026545274234500,3856059412000,HB,170390,58009.0,1,1.409,1.593,18.0,18.0,0.0,13.0,15.0,2.0,4.0,18.0,18.0,0,0,,HB tick=170390 exp_id=184 t_ms=58009 run=1 spd=1 ts=20.000 as=18.000 ta=0.000 aa=1.295 se=2.000 so=3.154 ae=-1.295 ao=-1.075 pwm=14 pc=3 hd=-1 y=1.409 yr=1.593 L=2 R=4 OL=13 OR=15 el=18 er=18 ed=0 dl=18 dr=18 cl=0 cr=0 ok=729 fail=0 vofa=firewater rx=149 txdrop=0
1775026545.5240521,1775026545524052100,3856309229500,HB,170639,58258.0,1,-0.246,-1.291,18.0,18.0,0.0,13.0,15.0,2.0,4.0,18.0,18.0,0,0,,HB tick=170639 exp_id=184 t_ms=58258 run=1 spd=1 ts=20.000 as=18.000 ta=0.000 aa=1.409 se=2.000 so=3.162 ae=-1.409 ao=-0.933 pwm=14 pc=3 hd=-1 y=-0.246 yr=-1.291 L=2 R=4 OL=13 OR=15 el=18 er=18 ed=0 dl=18 dr=18 cl=0 cr=0 ok=730 fail=0 vofa=firewater rx=149 txdrop=0
1775026545.6694775,1775026545669477300,3856454655000,HB,170796,58415.0,1,-0.451,-1.296,17.0,17.0,0.0,14.0,14.0,3.0,3.0,17.0,17.0,0,0,,HB tick=170796 exp_id=184 t_ms=58415 run=1 spd=1 ts=20.000 as=17.000 ta=0.000 aa=-0.246 se=3.000 so=3.267 ae=0.246 ao=0.387 pwm=14 pc=3 hd=0 y=-0.451 yr=-1.296 L=3 R=3 OL=14 OR=14 el=17 er=17 ed=0 dl=17 dr=17 cl=0 cr=0 ok=731 fail=0 vofa=firewater rx=149 txdrop=0
1775026545.9191632,1775026545919163100,3856704340600,HB,171045,58664.0,1,-0.529,-0.951,18.0,17.0,1.0,14.0,14.0,3.0,3.0,18.0,17.0,0,0,,HB tick=171045 exp_id=184 t_ms=58664 run=1 spd=1 ts=20.000 as=17.500 ta=0.000 aa=-0.451 se=2.500 so=3.225 ae=0.451 ao=0.438 pwm=14 pc=3 hd=0 y=-0.529 yr=-0.951 L=3 R=3 OL=14 OR=14 el=18 er=17 ed=1 dl=18 dr=17 cl=0 cr=0 ok=732 fail=0 vofa=firewater rx=149 txdrop=0
1775026546.084884,1775026546084883900,3856870061400,HB,171200,58819.0,1,-0.456,-0.455,17.0,17.0,0.0,14.0,14.0,3.0,3.0,17.0,17.0,0,0,,HB tick=171200 exp_id=184 t_ms=58819 run=1 spd=1 ts=20.000 as=17.000 ta=0.000 aa=-0.529 se=3.000 so=3.280 ae=0.529 ao=0.347 pwm=14 pc=3 hd=0 y=-0.456 yr=-0.455 L=3 R=3 OL=14 OR=14 el=17 er=17 ed=0 dl=17 dr=17 cl=0 cr=0 ok=733 fail=0 vofa=firewater rx=149 txdrop=0
1775026546.2732165,1775026546273216500,3857058393900,HB,171389,59008.0,1,-0.42,-0.228,18.0,16.0,2.0,14.0,14.0,3.0,3.0,18.0,16.0,0,0,,HB tick=171389 exp_id=184 t_ms=59008 run=1 spd=1 ts=20.000 as=17.000 ta=0.000 aa=-0.456 se=3.000 so=3.285 ae=0.456 ao=0.171 pwm=14 pc=3 hd=0 y=-0.420 yr=-0.228 L=3 R=3 OL=14 OR=14 el=18 er=16 ed=2 dl=18 dr=16 cl=0 cr=0 ok=734 fail=0 vofa=firewater rx=149 txdrop=0
1775026546.5226557,1775026546522655800,3857307833200,HB,171639,59258.0,1,-0.019,0.412,18.0,17.0,1.0,14.0,14.0,3.0,3.0,18.0,17.0,0,0,,HB tick=171639 exp_id=184 t_ms=59258 run=1 spd=1 ts=20.000 as=17.500 ta=0.000 aa=-0.420 se=2.500 so=3.244 ae=0.420 ao=0.090 pwm=14 pc=3 hd=0 y=-0.019 yr=0.412 L=3 R=3 OL=14 OR=14 el=18 er=17 ed=1 dl=18 dr=17 cl=0 cr=0 ok=735 fail=0 vofa=firewater rx=149 txdrop=0
1775026546.7196047,1775026546719604700,3857504782000,HB,171840,59458.0,1,0.023,0.342,18.0,18.0,0.0,14.0,14.0,3.0,3.0,18.0,18.0,0,0,,HB tick=171840 exp_id=184 t_ms=59458 run=1 spd=1 ts=20.000 as=18.000 ta=0.000 aa=-0.019 se=2.000 so=3.200 ae=0.019 ao=-0.211 pwm=14 pc=3 hd=0 y=0.023 yr=0.342 L=3 R=3 OL=14 OR=14 el=18 er=18 ed=0 dl=18 dr=18 cl=0 cr=0 ok=736 fail=0 vofa=firewater rx=149 txdrop=0
1775026546.9370444,1775026546937044400,3857722221400,HB,172061,59680.0,1,0.265,0.603,16.0,17.0,-1.0,14.0,14.0,3.0,3.0,16.0,17.0,0,0,,HB tick=172061 exp_id=184 t_ms=59680 run=1 spd=1 ts=20.000 as=16.500 ta=0.000 aa=0.023 se=3.500 so=3.358 ae=-0.023 ao=-0.199 pwm=14 pc=3 hd=0 y=0.265 yr=0.603 L=3 R=3 OL=14 OR=14 el=16 er=17 ed=-1 dl=16 dr=17 cl=0 cr=0 ok=737 fail=0 vofa=firewater rx=149 txdrop=0
1775026547.1662848,1775026547166284700,3857951462200,HB,172278,59897.0,1,-0.253,-0.443,17.0,17.0,0.0,13.0,15.0,2.0,4.0,17.0,17.0,0,0,,HB tick=172278 exp_id=184 t_ms=59897 run=1 spd=1 ts=20.000 as=17.000 ta=0.000 aa=0.265 se=3.000 so=3.316 ae=-0.265 ao=-0.341 pwm=14 pc=3 hd=-1 y=-0.253 yr=-0.443 L=2 R=4 OL=13 OR=15 el=17 er=17 ed=0 dl=17 dr=17 cl=0 cr=0 ok=738 fail=0 vofa=firewater rx=149 txdrop=0
1775026547.3650596,1775026547365059600,3858150237000,HB,172479,60098.0,1,-0.366,-0.485,17.0,17.0,0.0,14.0,14.0,3.0,3.0,17.0,17.0,0,0,,HB tick=172479 exp_id=184 t_ms=60098 run=1 spd=1 ts=20.000 as=17.000 ta=0.000 aa=-0.253 se=3.000 so=3.323 ae=0.253 ao=0.119 pwm=14 pc=3 hd=0 y=-0.366 yr=-0.485 L=3 R=3 OL=14 OR=14 el=17 er=17 ed=0 dl=17 dr=17 cl=0 cr=0 ok=739 fail=0 vofa=firewater rx=149 txdrop=0
1775026558.9991722,1775026558999172000,3869784349500,HB,184018,0.0,0,66.477,-2.313,0.0,0.0,0.0,0.0,0.0,0.0,0.0,0.0,0.0,0,0,,HB tick=184018 run=0 spd=1 ts=0.000 as=0.000 ta=0.000 aa=0.000 se=0.000 so=0.000 ae=0.000 ao=0.000 pwm=0 pc=0 hd=0 y=66.477 yr=-2.313 L=0 R=0 OL=0 OR=0 el=0 er=0 ed=0 dl=0 dr=0 cl=0 cr=0 ok=740 fail=0 vofa=firewater rx=205 txdrop=11851
1775026559.1030245,1775026559103024500,3869888202400,HB,184225,0.0,0,67.828,0.77,0.0,0.0,0.0,0.0,0.0,0.0,0.0,0.0,0.0,0,0,,HB tick=184225 run=0 spd=1 ts=0.000 as=0.000 ta=0.000 aa=0.000 se=0.000 so=0.000 ae=0.000 ao=0.000 pwm=0 pc=0 hd=0 y=67.828 yr=0.770 L=0 R=0 OL=0 OR=0 el=0 er=0 ed=0 dl=0 dr=0 cl=0 cr=0 ok=741 fail=0 vofa=firewater rx=205 txdrop=11851
1775026559.3000512,1775026559300051200,3870085228800,HB,184428,0.0,0,70.282,4.731,0.0,0.0,0.0,0.0,0.0,0.0,0.0,0.0,0.0,0,0,,HB tick=184428 run=0 spd=1 ts=0.000 as=0.000 ta=0.000 aa=0.000 se=0.000 so=0.000 ae=0.000 ao=0.000 pwm=0 pc=0 hd=0 y=70.282 yr=4.731 L=0 R=0 OL=0 OR=0 el=0 er=0 ed=0 dl=0 dr=0 cl=0 cr=0 ok=742 fail=0 vofa=firewater rx=205 txdrop=11851
1775026559.5071006,1775026559507100800,3870292278100,HB,184635,0.0,0,66.609,-3.135,0.0,0.0,0.0,0.0,0.0,0.0,0.0,0.0,0.0,0,0,,HB tick=184635 run=0 spd=1 ts=0.000 as=0.000 ta=0.000 aa=0.000 se=0.000 so=0.000 ae=0.000 ao=0.000 pwm=0 pc=0 hd=0 y=66.609 yr=-3.135 L=0 R=0 OL=0 OR=0 el=0 er=0 ed=0 dl=0 dr=0 cl=0 cr=0 ok=743 fail=0 vofa=firewater rx=205 txdrop=11851
1775026559.714758,1775026559714757800,3870499935200,HB,184839,0.0,0,60.193,-13.046,0.0,0.0,0.0,0.0,0.0,0.0,0.0,0.0,0.0,0,0,,HB tick=184839 run=0 spd=1 ts=0.000 as=0.000 ta=0.000 aa=0.000 se=0.000 so=0.000 ae=0.000 ao=0.000 pwm=0 pc=0 hd=0 y=60.193 yr=-13.046 L=0 R=0 OL=0 OR=0 el=0 er=0 ed=0 dl=0 dr=0 cl=0 cr=0 ok=744 fail=0 vofa=firewater rx=205 txdrop=11851
1775026559.943937,1775026559943936900,3870729114200,HB,185043,0.0,0,52.107,-22.42,0.0,0.0,0.0,0.0,0.0,0.0,0.0,0.0,0.0,0,0,yaw_jump,HB tick=185043 run=0 spd=1 ts=0.000 as=0.000 ta=0.000 aa=0.000 se=0.000 so=0.000 ae=0.000 ao=0.000 pwm=0 pc=0 hd=0 y=52.107 yr=-22.420 L=0 R=0 OL=0 OR=0 el=0 er=0 ed=0 dl=0 dr=0 cl=0 cr=0 ok=745 fail=0 vofa=firewater rx=205 txdrop=11851
1775026560.2672968,1775026560267296800,3871052474600,HB,185388,0.0,0,54.788,-5.122,0.0,0.0,0.0,0.0,0.0,0.0,0.0,0.0,0.0,0,0,,HB tick=185388 run=0 spd=1 ts=0.000 as=0.000 ta=0.000 aa=0.000 se=0.000 so=0.000 ae=0.000 ao=0.000 pwm=0 pc=0 hd=0 y=54.788 yr=-5.122 L=0 R=0 OL=0 OR=0 el=0 er=0 ed=0 dl=0 dr=0 cl=0 cr=0 ok=746 fail=0 vofa=firewater rx=205 txdrop=11851
1775026560.496473,1775026560496473200,3871281651300,HB,185619,0.0,0,65.514,12.922,0.0,0.0,0.0,0.0,0.0,0.0,0.0,0.0,0.0,0,0,yaw_jump,HB tick=185619 run=0 spd=1 ts=0.000 as=0.000 ta=0.000 aa=0.000 se=0.000 so=0.000 ae=0.000 ao=0.000 pwm=0 pc=0 hd=0 y=65.514 yr=12.922 L=0 R=0 OL=0 OR=0 el=0 er=0 ed=0 dl=0 dr=0 cl=0 cr=0 ok=747 fail=0 vofa=firewater rx=205 txdrop=11851
1775026560.6931925,1775026560693192400,3871478369400,HB,185822,0.0,0,60.04,-1.039,0.0,0.0,0.0,0.0,0.0,0.0,0.0,0.0,0.0,0,0,,HB tick=185822 run=0 spd=1 ts=0.000 as=0.000 ta=0.000 aa=0.000 se=0.000 so=0.000 ae=0.000 ao=0.000 pwm=0 pc=0 hd=0 y=60.040 yr=-1.039 L=0 R=0 OL=0 OR=0 el=0 er=0 ed=0 dl=0 dr=0 cl=0 cr=0 ok=748 fail=0 vofa=firewater rx=205 txdrop=11851
1775026560.8999617,1775026560899961700,3871685139300,HB,186025,0.0,0,49.307,-19.181,0.0,0.0,0.0,0.0,0.0,0.0,0.0,0.0,0.0,0,0,yaw_jump,HB tick=186025 run=0 spd=1 ts=0.000 as=0.000 ta=0.000 aa=0.000 se=0.000 so=0.000 ae=0.000 ao=0.000 pwm=0 pc=0 hd=0 y=49.307 yr=-19.181 L=0 R=0 OL=0 OR=0 el=0 er=0 ed=0 dl=0 dr=0 cl=0 cr=0 ok=749 fail=0 vofa=firewater rx=205 txdrop=11851
1775026561.127744,1775026561127743900,3871912921800,HB,186229,0.0,0,44.881,-20.097,0.0,0.0,0.0,0.0,0.0,0.0,0.0,0.0,0.0,0,0,,HB tick=186229 run=0 spd=1 ts=0.000 as=0.000 ta=0.000 aa=0.000 se=0.000 so=0.000 ae=0.000 ao=0.000 pwm=0 pc=0 hd=0 y=44.881 yr=-20.097 L=0 R=0 OL=0 OR=0 el=0 er=0 ed=0 dl=0 dr=0 cl=0 cr=0 ok=750 fail=0 vofa=firewater rx=205 txdrop=11851
1775026561.3153746,1775026561315374700,3872100554600,HB,186437,0.0,0,51.969,-1.193,0.0,0.0,0.0,0.0,0.0,0.0,0.0,0.0,0.0,0,0,,HB tick=186437 run=0 spd=1 ts=0.000 as=0.000 ta=0.000 aa=0.000 se=0.000 so=0.000 ae=0.000 ao=0.000 pwm=0 pc=0 hd=0 y=51.969 yr=-1.193 L=0 R=0 OL=0 OR=0 el=0 er=0 ed=0 dl=0 dr=0 cl=0 cr=0 ok=751 fail=0 vofa=firewater rx=205 txdrop=11851
1775026561.5133889,1775026561513388900,3872298566200,HB,186640,0.0,0,59.495,12.2,0.0,0.0,0.0,0.0,0.0,0.0,0.0,0.0,0.0,0,0,,HB tick=186640 run=0 spd=1 ts=0.000 as=0.000 ta=0.000 aa=0.000 se=0.000 so=0.000 ae=0.000 ao=0.000 pwm=0 pc=0 hd=0 y=59.495 yr=12.200 L=0 R=0 OL=0 OR=0 el=0 er=0 ed=0 dl=0 dr=0 cl=0 cr=0 ok=752 fail=0 vofa=firewater rx=205 txdrop=11851
