host_time_s,host_time_ns,host_monotonic_ns,source,tick,t_ms,run,yaw,yaw_rate,left_encoder,right_encoder,encoder_diff,left_output,right_output,left_core,right_core,raw_left_delta,raw_right_delta,left_clamped,right_clamped,anomaly_flags,raw_line
1775027483.908482,1775027483908482002,4794693661002,HB,1108894,0.0,0,0.002,0.0,0.0,0.0,0.0,0.0,0.0,0.0,0.0,0.0,0.0,0,0,,HB tick=1108894 run=0 spd=1 ts=0.000 as=0.000 ta=0.000 aa=0.000 se=0.000 so=0.000 ae=0.000 ao=0.000 pwm=0 pc=0 hd=0 y=0.002 yr=0.000 L=0 R=0 OL=0 OR=0 el=0 er=0 ed=0 dl=0 dr=0 cl=0 cr=0 ok=3571 fail=0 vofa=firewater rx=612 txdrop=23908
1775027483.908482,1775027483908482003,4794693661003,HB,1109102,0.0,0,0.002,-0.0,0.0,0.0,0.0,0.0,0.0,0.0,0.0,0.0,0.0,0,0,,HB tick=1109102 run=0 spd=1 ts=0.000 as=0.000 ta=0.000 aa=0.000 se=0.000 so=0.000 ae=0.000 ao=0.000 pwm=0 pc=0 hd=0 y=0.002 yr=-0.000 L=0 R=0 OL=0 OR=0 el=0 er=0 ed=0 dl=0 dr=0 cl=0 cr=0 ok=3572 fail=0 vofa=firewater rx=612 txdrop=23908
1775027484.2638197,1775027484263819700,4795048996800,HB,1109491,0.0,0,0.003,0.0,0.0,0.0,0.0,0.0,0.0,0.0,0.0,0.0,0.0,0,0,,HB tick=1109491 run=0 spd=1 ts=0.000 as=0.000 ta=0.000 aa=0.000 se=0.000 so=0.000 ae=0.000 ao=0.000 pwm=0 pc=0 hd=0 y=0.003 yr=0.000 L=0 R=0 OL=0 OR=0 el=0 er=0 ed=0 dl=0 dr=0 cl=0 cr=0 ok=3573 fail=0 vofa=firewater rx=612 txdrop=23908
1775027484.4296985,1775027484429698500,4795214875600,STAT,1109635,0.0,0,0.002519,0.000332,0.0,0.0,0.0,0.0,0.0,0.0,0.0,0.0,0.0,0,0,,STAT tick=1109635 run=0 spd=1 ts=0.000000 as=0.000000 ta=0.000000 aa=0.000000 se=0.000000 so=0.000000 ae=0.000000 ao=0.000000 pwm=0 pc=0 hd=0 y=0.002519 p=-0.939004 r=4.545893 yr=0.000332 ax=0 ay=0 az=0 gx=0 gy=0 gz=0 who=0x85 addr=0x4A icm_ok=5634 icm_fail=0 L=0 R=0 OL=0 OR=0 el=0 er=0 ed=0 dl=0 dr=0 cl=0 cr=0 skp=0.100000 ski=0.012000 skd=0.000000 akp=0.270000 aki=0.002400 akd=0.320000 ok=3574 fail=0 vofa=firewater rx=618 txdrop=23908
1775027484.4817827,1775027484481782900,4795266960300,HB,1109702,0.0,0,0.003,0.0,0.0,0.0,0.0,0.0,0.0,0.0,0.0,0.0,0.0,0,0,,HB tick=1109702 run=0 spd=1 ts=0.000 as=0.000 ta=0.000 aa=0.000 se=0.000 so=0.000 ae=0.000 ao=0.000 pwm=0 pc=0 hd=0 y=0.003 yr=0.000 L=0 R=0 OL=0 OR=0 el=0 er=0 ed=0 dl=0 dr=0 cl=0 cr=0 ok=3574 fail=0 vofa=firewater rx=618 txdrop=23908
1775027484.847748,1775027484847748100,4795632927300,HB,1110048,0.0,0,0.003,0.0,0.0,0.0,0.0,0.0,0.0,0.0,0.0,0.0,0.0,0,0,,HB tick=1110048 run=0 spd=1 ts=0.000 as=0.000 ta=0.000 aa=0.000 se=0.000 so=0.000 ae=0.000 ao=0.000 pwm=0 pc=0 hd=0 y=0.003 yr=0.000 L=0 R=0 OL=0 OR=0 el=0 er=0 ed=0 dl=0 dr=0 cl=0 cr=0 ok=3575 fail=0 vofa=firewater rx=618 txdrop=23908
1775027485.0568712,1775027485056871100,4795842048200,HB,1110279,0.0,0,0.003,0.0,0.0,0.0,0.0,0.0,0.0,0.0,0.0,0.0,0.0,0,0,,HB tick=1110279 run=0 spd=1 ts=0.000 as=0.000 ta=0.000 aa=0.000 se=0.000 so=0.000 ae=0.000 ao=0.000 pwm=0 pc=0 hd=0 y=0.003 yr=0.000 L=0 R=0 OL=0 OR=0 el=0 er=0 ed=0 dl=0 dr=0 cl=0 cr=0 ok=3576 fail=0 vofa=firewater rx=618 txdrop=23908
1775027485.256,1775027485256000000,4796041177900,HB,1110481,0.0,0,0.003,0.0,0.0,0.0,0.0,0.0,0.0,0.0,0.0,0.0,0.0,0,0,,HB tick=1110481 run=0 spd=1 ts=0.000 as=0.000 ta=0.000 aa=0.000 se=0.000 so=0.000 ae=0.000 ao=0.000 pwm=0 pc=0 hd=0 y=0.003 yr=0.000 L=0 R=0 OL=0 OR=0 el=0 er=0 ed=0 dl=0 dr=0 cl=0 cr=0 ok=3577 fail=0 vofa=firewater rx=618 txdrop=23908
1775027485.6407056,1775027485640705500,4796425886100,HB,1110870,0.0,0,0.003,0.0,0.0,0.0,0.0,0.0,0.0,0.0,0.0,0.0,0.0,0,0,,HB tick=1110870 run=0 spd=1 ts=0.000 as=0.000 ta=0.000 aa=0.000 se=0.000 so=0.000 ae=0.000 ao=0.000 pwm=0 pc=0 hd=0 y=0.003 yr=0.000 L=0 R=0 OL=0 OR=0 el=0 er=0 ed=0 dl=0 dr=0 cl=0 cr=0 ok=3578 fail=0 vofa=firewater rx=618 txdrop=23908
1775027485.8715353,1775027485871535300,4796656713800,HB,1111074,0.0,0,0.003,0.0,0.0,0.0,0.0,0.0,0.0,0.0,0.0,0.0,0.0,0,0,,HB tick=1111074 run=0 spd=1 ts=0.000 as=0.000 ta=0.000 aa=0.000 se=0.000 so=0.000 ae=0.000 ao=0.000 pwm=0 pc=0 hd=0 y=0.003 yr=0.000 L=0 R=0 OL=0 OR=0 el=0 er=0 ed=0 dl=0 dr=0 cl=0 cr=0 ok=3579 fail=0 vofa=firewater rx=618 txdrop=23908
1775027486.058248,1775027486058248000,4796843425000,HB,1111282,0.0,0,0.003,0.0,0.0,0.0,0.0,0.0,0.0,0.0,0.0,0.0,0.0,0,0,,HB tick=1111282 run=0 spd=1 ts=0.000 as=0.000 ta=0.000 aa=0.000 se=0.000 so=0.000 ae=0.000 ao=0.000 pwm=0 pc=0 hd=0 y=0.003 yr=0.000 L=0 R=0 OL=0 OR=0 el=0 er=0 ed=0 dl=0 dr=0 cl=0 cr=0 ok=3580 fail=0 vofa=firewater rx=618 txdrop=23908
1775027486.2663677,1775027486266367700,4797051545000,HB,1111485,0.0,0,0.003,0.0,0.0,0.0,0.0,0.0,0.0,0.0,0.0,0.0,0.0,0,0,,HB tick=1111485 run=0 spd=1 ts=0.000 as=0.000 ta=0.000 aa=0.000 se=0.000 so=0.000 ae=0.000 ao=0.000 pwm=0 pc=0 hd=0 y=0.003 yr=0.000 L=0 R=0 OL=0 OR=0 el=0 er=0 ed=0 dl=0 dr=0 cl=0 cr=0 ok=3581 fail=0 vofa=firewater rx=618 txdrop=23908
1775027486.4589162,1775027486458916200,4797244094500,HB,1111688,0.0,0,0.002,-0.0,0.0,0.0,0.0,0.0,0.0,0.0,0.0,0.0,0.0,0,0,,HB tick=1111688 run=0 spd=1 ts=0.000 as=0.000 ta=0.000 aa=0.000 se=0.000 so=0.000 ae=0.000 ao=0.000 pwm=0 pc=0 hd=0 y=0.002 yr=-0.000 L=0 R=0 OL=0 OR=0 el=0 er=0 ed=0 dl=0 dr=0 cl=0 cr=0 ok=3582 fail=0 vofa=firewater rx=624 txdrop=23908
1775027486.8749492,1775027486874949000,4797660126000,HB,1112077,0.0,0,0.002,-0.0,0.0,0.0,0.0,0.0,0.0,0.0,0.0,0.0,0.0,0,0,,HB tick=1112077 run=0 spd=1 ts=0.000 as=0.000 ta=0.000 aa=0.000 se=0.000 so=0.000 ae=0.000 ao=0.000 pwm=0 pc=0 hd=0 y=0.002 yr=-0.000 L=0 R=0 OL=0 OR=0 el=0 er=0 ed=0 dl=0 dr=0 cl=0 cr=0 ok=3583 fail=0 vofa=firewater rx=624 txdrop=23908
1775027487.0524993,1775027487052499200,4797837676700,HB,1112281,0.0,0,0.002,0.0,0.0,0.0,0.0,0.0,0.0,0.0,0.0,0.0,0.0,0,0,,HB tick=1112281 run=0 spd=1 ts=0.000 as=0.000 ta=0.000 aa=0.000 se=0.000 so=0.000 ae=0.000 ao=0.000 pwm=0 pc=0 hd=0 y=0.002 yr=0.000 L=0 R=0 OL=0 OR=0 el=0 er=0 ed=0 dl=0 dr=0 cl=0 cr=0 ok=3584 fail=0 vofa=firewater rx=624 txdrop=23908
1775027487.4500387,1775027487450038700,4798235215800,HB,1112670,0.0,0,0.002,-0.0,0.0,0.0,0.0,0.0,0.0,0.0,0.0,0.0,0.0,0,0,,HB tick=1112670 run=0 spd=1 ts=0.000 as=0.000 ta=0.000 aa=0.000 se=0.000 so=0.000 ae=0.000 ao=0.000 pwm=0 pc=0 hd=0 y=0.002 yr=-0.000 L=0 R=0 OL=0 OR=0 el=0 er=0 ed=0 dl=0 dr=0 cl=0 cr=0 ok=3585 fail=0 vofa=firewater rx=629 txdrop=23908
1775027487.7941308,1775027487794130700,4798579307900,HB,1113015,0.0,0,0.002,-0.0,0.0,0.0,0.0,0.0,0.0,0.0,0.0,0.0,0.0,0,0,,HB tick=1113015 run=0 spd=1 ts=0.000 as=0.000 ta=0.000 aa=0.000 se=0.000 so=0.000 ae=0.000 ao=0.000 pwm=0 pc=0 hd=0 y=0.002 yr=-0.000 L=0 R=0 OL=0 OR=0 el=0 er=0 ed=0 dl=0 dr=0 cl=0 cr=0 ok=3586 fail=0 vofa=firewater rx=629 txdrop=23908
1775027488.0450995,1775027488045099500,4798830276800,HB,1113247,0.0,0,0.002,0.0,0.0,0.0,0.0,0.0,0.0,0.0,0.0,0.0,0.0,0,0,,HB tick=1113247 run=0 spd=1 ts=0.000 as=0.000 ta=0.000 aa=0.000 se=0.000 so=0.000 ae=0.000 ao=0.000 pwm=0 pc=0 hd=0 y=0.002 yr=0.000 L=0 R=0 OL=0 OR=0 el=0 er=0 ed=0 dl=0 dr=0 cl=0 cr=0 ok=3587 fail=0 vofa=firewater rx=629 txdrop=23908
1775027488.222912,1775027488222911900,4799008089900,HB,1113450,0.0,0,0.002,0.0,0.0,0.0,0.0,0.0,0.0,0.0,0.0,0.0,0.0,0,0,,HB tick=1113450 run=0 spd=1 ts=0.000 as=0.000 ta=0.000 aa=0.000 se=0.000 so=0.000 ae=0.000 ao=0.000 pwm=0 pc=0 hd=0 y=0.002 yr=0.000 L=0 R=0 OL=0 OR=0 el=0 er=0 ed=0 dl=0 dr=0 cl=0 cr=0 ok=3588 fail=0 vofa=firewater rx=629 txdrop=23908
1775027488.5751169,1775027488575116900,4799360295500,HB,1113795,0.0,0,0.003,0.001,0.0,0.0,0.0,0.0,0.0,0.0,0.0,0.0,0.0,0,0,,HB tick=1113795 run=0 spd=1 ts=0.000 as=0.000 ta=0.000 aa=0.000 se=0.000 so=0.000 ae=0.000 ao=0.000 pwm=0 pc=0 hd=0 y=0.003 yr=0.001 L=0 R=0 OL=0 OR=0 el=0 er=0 ed=0 dl=0 dr=0 cl=0 cr=0 ok=3589 fail=0 vofa=firewater rx=629 txdrop=23908
1775027488.8032405,1775027488803240500,4799588417700,HB,1114025,0.0,0,0.003,0.0,0.0,0.0,0.0,0.0,0.0,0.0,0.0,0.0,0.0,0,0,,HB tick=1114025 run=0 spd=1 ts=0.000 as=0.000 ta=0.000 aa=0.000 se=0.000 so=0.000 ae=0.000 ao=0.000 pwm=0 pc=0 hd=0 y=0.003 yr=0.000 L=0 R=0 OL=0 OR=0 el=0 er=0 ed=0 dl=0 dr=0 cl=0 cr=0 ok=3590 fail=0 vofa=firewater rx=634 txdrop=23908
1775027489.1676943,1775027489167694400,4799952871700,HB,1114370,0.0,0,0.003,0.0,0.0,0.0,0.0,0.0,0.0,0.0,0.0,0.0,0.0,0,0,,HB tick=1114370 run=0 spd=1 ts=0.000 as=0.000 ta=0.000 aa=0.000 se=0.000 so=0.000 ae=0.000 ao=0.000 pwm=0 pc=0 hd=0 y=0.003 yr=0.000 L=0 R=0 OL=0 OR=0 el=0 er=0 ed=0 dl=0 dr=0 cl=0 cr=0 ok=3591 fail=0 vofa=firewater rx=634 txdrop=23908
1775027489.3766797,1775027489376679800,4800161857100,HB,1114601,0.0,0,0.003,0.0,0.0,0.0,0.0,0.0,0.0,0.0,0.0,0.0,0.0,0,0,,HB tick=1114601 run=0 spd=1 ts=0.000 as=0.000 ta=0.000 aa=0.000 se=0.000 so=0.000 ae=0.000 ao=0.000 pwm=0 pc=0 hd=0 y=0.003 yr=0.000 L=0 R=0 OL=0 OR=0 el=0 er=0 ed=0 dl=0 dr=0 cl=0 cr=0 ok=3592 fail=0 vofa=firewater rx=634 txdrop=23908
1775027489.5851274,1775027489585127300,4800370304700,HB,1114805,0.0,0,0.003,0.0,0.0,0.0,0.0,0.0,0.0,0.0,0.0,0.0,0.0,0,0,,HB tick=1114805 run=0 spd=1 ts=0.000 as=0.000 ta=0.000 aa=0.000 se=0.000 so=0.000 ae=0.000 ao=0.000 pwm=0 pc=0 hd=0 y=0.003 yr=0.000 L=0 R=0 OL=0 OR=0 el=0 er=0 ed=0 dl=0 dr=0 cl=0 cr=0 ok=3593 fail=0 vofa=firewater rx=634 txdrop=23908
1775027489.9881513,1775027489988151300,4800773328600,HB,1115211,0.0,0,0.002,-0.001,0.0,0.0,0.0,0.0,0.0,0.0,0.0,0.0,0.0,0,0,,HB tick=1115211 run=0 spd=1 ts=0.000 as=0.000 ta=0.000 aa=0.000 se=0.000 so=0.000 ae=0.000 ao=0.000 pwm=0 pc=0 hd=0 y=0.002 yr=-0.001 L=0 R=0 OL=0 OR=0 el=0 er=0 ed=0 dl=0 dr=0 cl=0 cr=0 ok=3595 fail=0 vofa=firewater rx=641 txdrop=23908
1775027490.2173228,1775027490217322700,4801002499900,HB,1115420,0.0,0,0.002,-0.0,0.0,0.0,0.0,0.0,0.0,0.0,0.0,0.0,0.0,0,0,,HB tick=1115420 run=0 spd=1 ts=0.000 as=0.000 ta=0.000 aa=0.000 se=0.000 so=0.000 ae=0.000 ao=0.000 pwm=0 pc=0 hd=0 y=0.002 yr=-0.000 L=0 R=0 OL=0 OR=0 el=0 er=0 ed=0 dl=0 dr=0 cl=0 cr=0 ok=3596 fail=0 vofa=firewater rx=641 txdrop=23908
1775027490.3941524,1775027490394152400,4801179329900,HB,1115623,0.0,0,0.002,-0.0,0.0,0.0,0.0,0.0,0.0,0.0,0.0,0.0,0.0,0,0,,HB tick=1115623 run=0 spd=1 ts=0.000 as=0.000 ta=0.000 aa=0.000 se=0.000 so=0.000 ae=0.000 ao=0.000 pwm=0 pc=0 hd=0 y=0.002 yr=-0.000 L=0 R=0 OL=0 OR=0 el=0 er=0 ed=0 dl=0 dr=0 cl=0 cr=0 ok=3597 fail=0 vofa=firewater rx=641 txdrop=23908
1775027490.6011345,1775027490601134600,4801386311800,HB,1115827,0.0,0,0.002,-0.0,0.0,0.0,0.0,0.0,0.0,0.0,0.0,0.0,0.0,0,0,,HB tick=1115827 run=0 spd=1 ts=0.000 as=0.000 ta=0.000 aa=0.000 se=0.000 so=0.000 ae=0.000 ao=0.000 pwm=0 pc=0 hd=0 y=0.002 yr=-0.000 L=0 R=0 OL=0 OR=0 el=0 er=0 ed=0 dl=0 dr=0 cl=0 cr=0 ok=3598 fail=0 vofa=firewater rx=650 txdrop=23908
1775027490.8298995,1775027490829899400,4801615076700,HB,1116051,0.0,0,0.002,-0.0,0.0,0.0,0.0,0.0,0.0,0.0,0.0,0.0,0.0,0,0,,HB tick=1116051 run=0 spd=1 ts=0.000 as=0.000 ta=0.000 aa=0.000 se=0.000 so=0.000 ae=0.000 ao=0.000 pwm=0 pc=0 hd=0 y=0.002 yr=-0.000 L=0 R=0 OL=0 OR=0 el=0 er=0 ed=0 dl=0 dr=0 cl=0 cr=0 ok=3599 fail=0 vofa=firewater rx=650 txdrop=23908
1775027491.1818032,1775027491181803300,4801966981100,HB,1116402,0.0,0,0.002,-0.001,0.0,0.0,0.0,0.0,0.0,0.0,0.0,0.0,0.0,0,0,,HB tick=1116402 run=0 spd=1 ts=0.000 as=0.000 ta=0.000 aa=0.000 se=0.000 so=0.000 ae=0.000 ao=0.000 pwm=0 pc=0 hd=0 y=0.002 yr=-0.001 L=0 R=0 OL=0 OR=0 el=0 er=0 ed=0 dl=0 dr=0 cl=0 cr=0 ok=3600 fail=0 vofa=firewater rx=650 txdrop=23908
1775027491.431702,1775027491431701900,4802216879400,HB,1116634,0.0,0,0.002,0.0,0.0,0.0,0.0,0.0,0.0,0.0,0.0,0.0,0.0,0,0,,HB tick=1116634 run=0 spd=1 ts=0.000 as=0.000 ta=0.000 aa=0.000 se=0.000 so=0.000 ae=0.000 ao=0.000 pwm=0 pc=0 hd=0 y=0.002 yr=0.000 L=0 R=0 OL=0 OR=0 el=0 er=0 ed=0 dl=0 dr=0 cl=0 cr=0 ok=3601 fail=0 vofa=firewater rx=661 txdrop=23908
1775027491.764562,1775027491764561900,4802549739700,HB,1116983,0.0,0,0.002,0.0,0.0,0.0,0.0,0.0,0.0,0.0,0.0,0.0,0.0,0,0,,HB tick=1116983 run=0 spd=1 ts=0.000 as=0.000 ta=0.000 aa=0.000 se=0.000 so=0.000 ae=0.000 ao=0.000 pwm=0 pc=0 hd=0 y=0.002 yr=0.000 L=0 R=0 OL=0 OR=0 el=0 er=0 ed=0 dl=0 dr=0 cl=0 cr=0 ok=3602 fail=0 vofa=firewater rx=661 txdrop=23908
1775027491.9921293,1775027491992129300,4802777308000,HB,1117214,0.0,0,0.002,0.0,0.0,0.0,0.0,0.0,0.0,0.0,0.0,0.0,0.0,0,0,,HB tick=1117214 run=0 spd=1 ts=0.000 as=0.000 ta=0.000 aa=0.000 se=0.000 so=0.000 ae=0.000 ao=0.000 pwm=0 pc=0 hd=0 y=0.002 yr=0.000 L=0 R=0 OL=0 OR=0 el=0 er=0 ed=0 dl=0 dr=0 cl=0 cr=0 ok=3603 fail=0 vofa=firewater rx=670 txdrop=23908
1775027492.199477,1775027492199476900,4802984654400,HB,1117417,0.0,0,0.002,-0.0,0.0,0.0,0.0,0.0,0.0,0.0,0.0,0.0,0.0,0,0,,HB tick=1117417 run=0 spd=1 ts=0.000 as=0.000 ta=0.000 aa=0.000 se=0.000 so=0.000 ae=0.000 ao=0.000 pwm=0 pc=0 hd=0 y=0.002 yr=-0.000 L=0 R=0 OL=0 OR=0 el=0 er=0 ed=0 dl=0 dr=0 cl=0 cr=0 ok=3604 fail=0 vofa=firewater rx=670 txdrop=23908
1775027492.6043327,1775027492604332800,4803389514600,HB,1117807,0.0,0,0.002,-0.0,0.0,0.0,0.0,0.0,0.0,0.0,0.0,0.0,0.0,0,0,,HB tick=1117807 run=0 spd=1 ts=0.000 as=0.000 ta=0.000 aa=0.000 se=0.000 so=0.000 ae=0.000 ao=0.000 pwm=0 pc=0 hd=0 y=0.002 yr=-0.000 L=0 R=0 OL=0 OR=0 el=0 er=0 ed=0 dl=0 dr=0 cl=0 cr=0 ok=3605 fail=0 vofa=firewater rx=680 txdrop=23908
1775027492.9677267,1775027492967726500,4803752904600,HB,1118196,0.0,0,0.002,-0.0,0.0,0.0,0.0,0.0,0.0,0.0,0.0,0.0,0.0,0,0,,HB tick=1118196 run=0 spd=1 ts=0.000 as=0.000 ta=0.000 aa=0.000 se=0.000 so=0.000 ae=0.000 ao=0.000 pwm=0 pc=0 hd=0 y=0.002 yr=-0.000 L=0 R=0 OL=0 OR=0 el=0 er=0 ed=0 dl=0 dr=0 cl=0 cr=0 ok=3606 fail=0 vofa=firewater rx=680 txdrop=23908
1775027493.2048104,1775027493204810500,4803989990000,HB,1118399,0.0,0,0.003,0.001,0.0,0.0,0.0,0.0,0.0,0.0,0.0,0.0,0.0,0,0,,HB tick=1118399 run=0 spd=1 ts=0.000 as=0.000 ta=0.000 aa=0.000 se=0.000 so=0.000 ae=0.000 ao=0.000 pwm=0 pc=0 hd=0 y=0.003 yr=0.001 L=0 R=0 OL=0 OR=0 el=0 er=0 ed=0 dl=0 dr=0 cl=0 cr=0 ok=3607 fail=0 vofa=firewater rx=680 txdrop=23908
1775027493.3816626,1775027493381662600,4804166839700,HB,1118603,0.0,0,0.002,0.0,0.0,0.0,0.0,0.0,0.0,0.0,0.0,0.0,0.0,0,0,,HB tick=1118603 run=0 spd=1 ts=0.000 as=0.000 ta=0.000 aa=0.000 se=0.000 so=0.000 ae=0.000 ao=0.000 pwm=0 pc=0 hd=0 y=0.002 yr=0.000 L=0 R=0 OL=0 OR=0 el=0 er=0 ed=0 dl=0 dr=0 cl=0 cr=0 ok=3608 fail=0 vofa=firewater rx=692 txdrop=23908
1775027493.599507,1775027493599507100,4804384685200,HB,1118807,0.0,0,0.002,0.0,0.0,0.0,0.0,0.0,0.0,0.0,0.0,0.0,0.0,0,0,,HB tick=1118807 run=0 spd=1 ts=0.000 as=0.000 ta=0.000 aa=0.000 se=0.000 so=0.000 ae=0.000 ao=0.000 pwm=0 pc=0 hd=0 y=0.002 yr=0.000 L=0 R=0 OL=0 OR=0 el=0 er=0 ed=0 dl=0 dr=0 cl=0 cr=0 ok=3609 fail=0 vofa=firewater rx=692 txdrop=23908
1775027493.9309416,1775027493930941600,4804716119500,HB,1119152,0.0,0,0.002,0.0,0.0,0.0,0.0,0.0,0.0,0.0,0.0,0.0,0.0,0,0,,HB tick=1119152 run=0 spd=1 ts=0.000 as=0.000 ta=0.000 aa=0.000 se=0.000 so=0.000 ae=0.000 ao=0.000 pwm=0 pc=0 hd=0 y=0.002 yr=0.000 L=0 R=0 OL=0 OR=0 el=0 er=0 ed=0 dl=0 dr=0 cl=0 cr=0 ok=3610 fail=0 vofa=firewater rx=702 txdrop=23908
1775027494.1623147,1775027494162314800,4804947494600,HB,1119383,0.0,0,0.002,-0.0,0.0,0.0,0.0,0.0,0.0,0.0,0.0,0.0,0.0,0,0,,HB tick=1119383 run=0 spd=1 ts=0.000 as=0.000 ta=0.000 aa=0.000 se=0.000 so=0.000 ae=0.000 ao=0.000 pwm=0 pc=0 hd=0 y=0.002 yr=-0.000 L=0 R=0 OL=0 OR=0 el=0 er=0 ed=0 dl=0 dr=0 cl=0 cr=0 ok=3611 fail=0 vofa=firewater rx=702 txdrop=23908
1775027494.3606846,1775027494360684600,4805145862100,HB,1119585,0.0,0,0.002,-0.0,0.0,0.0,0.0,0.0,0.0,0.0,0.0,0.0,0.0,0,0,,HB tick=1119585 run=0 spd=1 ts=0.000 as=0.000 ta=0.000 aa=0.000 se=0.000 so=0.000 ae=0.000 ao=0.000 pwm=0 pc=0 hd=0 y=0.002 yr=-0.000 L=0 R=0 OL=0 OR=0 el=0 er=0 ed=0 dl=0 dr=0 cl=0 cr=0 ok=3612 fail=0 vofa=firewater rx=702 txdrop=23908
1775027494.5671947,1775027494567194700,4805352373000,HB,1119788,0.0,0,0.002,-0.0,0.0,0.0,0.0,0.0,0.0,0.0,0.0,0.0,0.0,0,0,,HB tick=1119788 run=0 spd=1 ts=0.000 as=0.000 ta=0.000 aa=0.000 se=0.000 so=0.000 ae=0.000 ao=0.000 pwm=0 pc=0 hd=0 y=0.002 yr=-0.000 L=0 R=0 OL=0 OR=0 el=0 er=0 ed=0 dl=0 dr=0 cl=0 cr=0 ok=3613 fail=0 vofa=firewater rx=702 txdrop=23908
1775027494.7338123,1775027494733812300,4805518989700,STAT,1119931,0.0,0,0.002331,-8e-05,0.0,0.0,0.0,0.0,0.0,0.0,0.0,0.0,0.0,0,0,,STAT tick=1119931 run=0 spd=1 ts=0.000000 as=0.000000 ta=0.000000 aa=0.000000 se=0.000000 so=0.000000 ae=0.000000 ao=0.000000 pwm=0 pc=0 hd=0 y=0.002331 p=-0.938595 r=4.566922 yr=-0.000080 ax=0 ay=0 az=0 gx=0 gy=0 gz=0 who=0x85 addr=0x4A icm_ok=5686 icm_fail=0 L=0 R=0 OL=0 OR=0 el=0 er=0 ed=0 dl=0 dr=0 cl=0 cr=0 skp=0.100000 ski=0.012000 skd=0.000000 akp=0.250000 aki=0.002400 akd=0.320000 ok=3614 fail=0 vofa=firewater rx=708 txdrop=23908
1775027494.796801,1775027494796801100,4805581978200,HB,1120000,0.0,0,0.002,-0.0,0.0,0.0,0.0,0.0,0.0,0.0,0.0,0.0,0.0,0,0,,HB tick=1120000 run=0 spd=1 ts=0.000 as=0.000 ta=0.000 aa=0.000 se=0.000 so=0.000 ae=0.000 ao=0.000 pwm=0 pc=0 hd=0 y=0.002 yr=-0.000 L=0 R=0 OL=0 OR=0 el=0 er=0 ed=0 dl=0 dr=0 cl=0 cr=0 ok=3614 fail=0 vofa=firewater rx=708 txdrop=23908
1775027494.9941912,1775027494994191200,4805779368300,HB,1120220,0.0,0,0.002,0.0,0.0,0.0,0.0,0.0,0.0,0.0,0.0,0.0,0.0,0,0,,HB tick=1120220 run=0 spd=1 ts=0.000 as=0.000 ta=0.000 aa=0.000 se=0.000 so=0.000 ae=0.000 ao=0.000 pwm=0 pc=0 hd=0 y=0.002 yr=0.000 L=0 R=0 OL=0 OR=0 el=0 er=0 ed=0 dl=0 dr=0 cl=0 cr=0 ok=3615 fail=0 vofa=firewater rx=708 txdrop=23908
1775027495.5784113,1775027495578411300,4806363588600,HB,1120779,0.0,1,0.0,0.0,14.0,12.0,2.0,12.0,12.0,1.0,1.0,14.0,12.0,0,0,,HB tick=1120779 run=1 spd=1 ts=20.000 as=13.000 ta=0.000 aa=0.000 se=7.000 so=0.744 ae=0.000 ao=0.000 pwm=12 pc=1 hd=0 y=0.000 yr=0.000 L=1 R=1 OL=12 OR=12 el=14 er=12 ed=2 dl=14 dr=12 cl=0 cr=0 ok=3616 fail=0 vofa=firewater rx=727 txdrop=23908
1775027495.7858965,1775027495785896400,4806571074300,HB,1121012,0.0,1,2.392,3.578,14.0,14.0,0.0,12.0,12.0,1.0,1.0,14.0,14.0,0,0,,HB tick=1121012 run=1 spd=1 ts=20.000 as=14.000 ta=0.000 aa=0.000 se=6.000 so=0.662 ae=0.000 ao=0.000 pwm=12 pc=1 hd=0 y=2.392 yr=3.578 L=1 R=1 OL=12 OR=12 el=14 er=14 ed=0 dl=14 dr=14 cl=0 cr=0 ok=3617 fail=0 vofa=firewater rx=727 txdrop=23908
1775027496.0265484,1775027496026548600,4806811725700,HB,1121222,0.0,1,4.805,6.348,13.0,12.0,1.0,11.0,13.0,0.0,2.0,13.0,12.0,0,0,,HB tick=1121222 run=1 spd=1 ts=20.000 as=12.500 ta=0.000 aa=2.392 se=7.500 so=0.830 ae=-2.392 ao=-1.723 pwm=12 pc=1 hd=-1 y=4.805 yr=6.348 L=0 R=2 OL=11 OR=13 el=13 er=12 ed=1 dl=13 dr=12 cl=0 cr=0 ok=3618 fail=0 vofa=firewater rx=727 txdrop=23908
1775027496.3894515,1775027496389451400,4807174628800,HB,1121614,0.0,1,5.819,4.125,15.0,15.0,0.0,11.0,13.0,0.0,2.0,15.0,15.0,0,0,,HB tick=1121614 run=1 spd=1 ts=20.000 as=15.000 ta=0.000 aa=5.640 se=5.000 so=0.608 ae=-5.640 ao=-3.314 pwm=12 pc=1 hd=-1 y=5.819 yr=4.125 L=0 R=2 OL=11 OR=13 el=15 er=15 ed=0 dl=15 dr=15 cl=0 cr=0 ok=3619 fail=0 vofa=firewater rx=727 txdrop=23908
1775027496.8053539,1775027496805353900,4807590532200,HB,1122007,0.0,1,4.867,0.344,13.0,13.0,0.0,11.0,13.0,0.0,2.0,13.0,13.0,0,0,,HB tick=1122007 run=1 spd=1 ts=20.000 as=13.000 ta=0.000 aa=5.396 se=7.000 so=0.837 ae=-5.396 ao=-1.925 pwm=12 pc=1 hd=-1 y=4.867 yr=0.344 L=0 R=2 OL=11 OR=13 el=13 er=13 ed=0 dl=13 dr=13 cl=0 cr=0 ok=3620 fail=0 vofa=firewater rx=727 txdrop=23908
1775027497.0140555,1775027497014055400,4807799233000,HB,1122234,0.0,1,2.649,-3.182,14.0,15.0,-1.0,11.0,13.0,0.0,2.0,14.0,15.0,0,0,,HB tick=1122234 run=1 spd=1 ts=20.000 as=14.500 ta=0.000 aa=4.867 se=5.500 so=0.704 ae=-4.867 ao=-1.341 pwm=12 pc=1 hd=-1 y=2.649 yr=-3.182 L=0 R=2 OL=11 OR=13 el=14 er=15 ed=-1 dl=14 dr=15 cl=0 cr=0 ok=3621 fail=0 vofa=firewater rx=727 txdrop=23908
1775027497.23261,1775027497232610000,4808017787300,HB,1122436,0.0,1,2.151,-2.936,14.0,14.0,0.0,12.0,12.0,1.0,1.0,14.0,14.0,0,0,,HB tick=1122436 run=1 spd=1 ts=20.000 as=14.000 ta=0.000 aa=2.649 se=6.000 so=0.767 ae=-2.649 ao=0.341 pwm=12 pc=1 hd=0 y=2.151 yr=-2.936 L=1 R=1 OL=12 OR=12 el=14 er=14 ed=0 dl=14 dr=14 cl=0 cr=0 ok=3622 fail=0 vofa=firewater rx=727 txdrop=23908
1775027497.4401143,1775027497440114200,4808225291600,HB,1122658,0.0,1,1.214,-3.378,13.0,13.0,0.0,13.0,11.0,2.0,0.0,13.0,13.0,0,0,,HB tick=1122658 run=1 spd=1 ts=20.000 as=13.000 ta=0.000 aa=2.151 se=7.000 so=0.883 ae=-2.151 ao=0.385 pwm=12 pc=1 hd=1 y=1.214 yr=-3.378 L=2 R=0 OL=13 OR=11 el=13 er=13 ed=0 dl=13 dr=13 cl=0 cr=0 ok=3623 fail=0 vofa=firewater rx=727 txdrop=23908
1775027497.8058777,1775027497805877800,4808591055100,HB,1123002,0.0,1,1.018,-1.743,14.0,15.0,-1.0,12.0,12.0,1.0,1.0,14.0,15.0,0,0,,HB tick=1123002 run=1 spd=1 ts=20.000 as=14.500 ta=0.000 aa=1.090 se=5.500 so=0.759 ae=-1.090 ao=0.501 pwm=12 pc=1 hd=0 y=1.018 yr=-1.743 L=1 R=1 OL=12 OR=12 el=14 er=15 ed=-1 dl=14 dr=15 cl=0 cr=0 ok=3624 fail=0 vofa=firewater rx=727 txdrop=23908
1775027498.0162187,1775027498016218700,4808801396500,HB,1123235,0.0,1,0.981,-1.188,14.0,14.0,0.0,12.0,12.0,1.0,1.0,14.0,14.0,0,0,,HB tick=1123235 run=1 spd=1 ts=20.000 as=14.000 ta=0.000 aa=1.018 se=6.000 so=0.825 ae=-1.018 ao=0.285 pwm=12 pc=1 hd=0 y=0.981 yr=-1.188 L=1 R=1 OL=12 OR=12 el=14 er=14 ed=0 dl=14 dr=14 cl=0 cr=0 ok=3625 fail=0 vofa=firewater rx=727 txdrop=23908
1775027498.2450848,1775027498245084800,4809030262000,HB,1123442,0.0,1,1.0,-0.74,13.0,14.0,-1.0,12.0,12.0,1.0,1.0,13.0,14.0,0,0,,HB tick=1123442 run=1 spd=1 ts=20.000 as=13.500 ta=0.000 aa=0.981 se=6.500 so=0.890 ae=-0.981 ao=0.116 pwm=12 pc=1 hd=0 y=1.000 yr=-0.740 L=1 R=1 OL=12 OR=12 el=13 er=14 ed=-1 dl=13 dr=14 cl=0 cr=0 ok=3626 fail=0 vofa=firewater rx=727 txdrop=23908
1775027498.568596,1775027498568596000,4809353773700,HB,1123791,0.0,1,0.882,-0.522,14.0,15.0,-1.0,12.0,12.0,1.0,1.0,14.0,15.0,0,0,,HB tick=1123791 run=1 spd=1 ts=20.000 as=14.500 ta=0.000 aa=0.976 se=5.500 so=0.815 ae=-0.976 ao=-0.092 pwm=12 pc=1 hd=0 y=0.882 yr=-0.522 L=1 R=1 OL=12 OR=12 el=14 er=15 ed=-1 dl=14 dr=15 cl=0 cr=0 ok=3627 fail=0 vofa=firewater rx=727 txdrop=23908
1775027498.826772,1775027498826772000,4809611949200,HB,1124025,0.0,1,0.368,-1.112,14.0,14.0,0.0,12.0,12.0,1.0,1.0,14.0,14.0,0,0,,HB tick=1124025 run=1 spd=1 ts=20.000 as=14.000 ta=0.000 aa=0.368 se=6.000 so=0.880 ae=-0.368 ao=0.102 pwm=12 pc=1 hd=0 y=0.368 yr=-1.112 L=1 R=1 OL=12 OR=12 el=14 er=14 ed=0 dl=14 dr=14 cl=0 cr=0 ok=3628 fail=0 vofa=firewater rx=727 txdrop=23908
1775027499.0359619,1775027499035961800,4809821141700,HB,1124252,0.0,1,-0.233,-1.644,13.0,14.0,-1.0,12.0,12.0,1.0,1.0,13.0,14.0,0,0,,HB tick=1124252 run=1 spd=1 ts=20.000 as=13.500 ta=0.000 aa=0.368 se=6.500 so=0.947 ae=-0.368 ao=0.244 pwm=12 pc=1 hd=0 y=-0.233 yr=-1.644 L=1 R=1 OL=12 OR=12 el=13 er=14 ed=-1 dl=13 dr=14 cl=0 cr=0 ok=3629 fail=0 vofa=firewater rx=727 txdrop=23908
1775027499.2561073,1775027499256107300,4810041285000,HB,1124454,0.0,1,-0.375,-1.317,14.0,15.0,-1.0,13.0,11.0,2.0,0.0,14.0,15.0,0,0,,HB tick=1124454 run=1 spd=1 ts=20.000 as=14.500 ta=0.000 aa=-0.233 se=5.500 so=0.862 ae=0.233 ao=0.564 pwm=12 pc=1 hd=1 y=-0.375 yr=-1.317 L=2 R=0 OL=13 OR=11 el=14 er=15 ed=-1 dl=14 dr=15 cl=0 cr=0 ok=3630 fail=0 vofa=firewater rx=727 txdrop=23908
1775027499.444212,1775027499444212000,4810229389300,HB,1124661,0.0,1,-0.589,-1.218,15.0,15.0,0.0,12.0,12.0,1.0,1.0,15.0,15.0,0,0,,HB tick=1124661 run=1 spd=1 ts=20.000 as=15.000 ta=0.000 aa=-0.375 se=5.000 so=0.825 ae=0.375 ao=0.495 pwm=12 pc=1 hd=0 y=-0.589 yr=-1.218 L=1 R=1 OL=12 OR=12 el=15 er=15 ed=0 dl=15 dr=15 cl=0 cr=0 ok=3631 fail=0 vofa=firewater rx=727 txdrop=23908
1775027499.6828504,1775027499682850400,4810468029700,HB,1124883,0.0,1,-0.586,-0.787,15.0,14.0,1.0,13.0,11.0,2.0,0.0,15.0,14.0,0,0,,HB tick=1124883 run=1 spd=1 ts=20.000 as=14.500 ta=0.000 aa=-0.589 se=5.500 so=0.891 ae=0.589 ao=0.517 pwm=12 pc=1 hd=1 y=-0.586 yr=-0.787 L=2 R=0 OL=13 OR=11 el=15 er=14 ed=1 dl=15 dr=14 cl=0 cr=0 ok=3632 fail=0 vofa=firewater rx=727 txdrop=23908
1775027499.8608468,1775027499860846900,4810646024300,HB,1125084,0.0,1,-0.518,-0.394,14.0,15.0,-1.0,12.0,12.0,1.0,1.0,14.0,15.0,0,0,,HB tick=1125084 run=1 spd=1 ts=20.000 as=14.500 ta=0.000 aa=-0.586 se=5.500 so=0.906 ae=0.586 ao=0.379 pwm=12 pc=1 hd=0 y=-0.518 yr=-0.394 L=1 R=1 OL=12 OR=12 el=14 er=15 ed=-1 dl=14 dr=15 cl=0 cr=0 ok=3633 fail=0 vofa=firewater rx=727 txdrop=23908
1775027500.0888274,1775027500088827300,4810874006300,HB,1125290,0.0,1,-0.697,-0.562,15.0,15.0,0.0,12.0,12.0,1.0,1.0,15.0,15.0,0,0,,HB tick=1125290 run=1 spd=1 ts=20.000 as=15.000 ta=0.000 aa=-0.697 se=5.000 so=0.870 ae=0.697 ao=0.295 pwm=12 pc=1 hd=0 y=-0.697 yr=-0.562 L=1 R=1 OL=12 OR=12 el=15 er=15 ed=0 dl=15 dr=15 cl=0 cr=0 ok=3634 fail=0 vofa=firewater rx=727 txdrop=23908
1775027500.7553637,1775027500755363700,4811540542900,HB,1125952,0.0,1,18.896,28.564,17.0,8.0,9.0,12.0,12.0,1.0,1.0,17.0,8.0,0,0,yaw_jump,HB tick=1125952 run=1 spd=1 ts=20.000 as=12.500 ta=0.000 aa=0.000 se=7.500 so=0.776 ae=0.000 ao=0.000 pwm=12 pc=1 hd=0 y=18.896 yr=28.564 L=1 R=1 OL=12 OR=12 el=17 er=8 ed=9 dl=17 dr=8 cl=0 cr=0 ok=3636 fail=0 vofa=firewater rx=746 txdrop=23908
1775027500.9321277,1775027500932127700,4811717304700,HB,1126153,0.0,1,21.3,22.712,16.0,11.0,5.0,11.0,13.0,0.0,2.0,16.0,11.0,0,0,,HB tick=1126153 run=1 spd=1 ts=20.000 as=13.500 ta=0.000 aa=18.852 se=6.500 so=0.694 ae=-18.852 ao=-7.000 pwm=12 pc=1 hd=-1 y=21.300 yr=22.712 L=0 R=2 OL=11 OR=13 el=16 er=11 ed=5 dl=16 dr=11 cl=0 cr=0 ok=3637 fail=0 vofa=firewater rx=746 txdrop=23908
1775027501.181733,1775027501181732800,4811966909900,HB,1126376,0.0,1,31.053,30.139,14.0,13.0,1.0,11.0,13.0,0.0,2.0,14.0,13.0,0,0,yaw_jump,HB tick=1126376 run=1 spd=1 ts=20.000 as=13.500 ta=0.000 aa=21.257 se=6.500 so=0.711 ae=-21.257 ao=-7.000 pwm=12 pc=1 hd=-1 y=31.053 yr=30.139 L=0 R=2 OL=11 OR=13 el=14 er=13 ed=1 dl=14 dr=13 cl=0 cr=0 ok=3638 fail=0 vofa=firewater rx=746 txdrop=23908
1775027501.4959185,1775027501495918500,4812281096000,HB,1126720,0.0,1,31.649,13.676,14.0,13.0,1.0,11.0,13.0,0.0,2.0,14.0,13.0,0,0,,HB tick=1126720 run=1 spd=1 ts=20.000 as=13.500 ta=0.000 aa=31.410 se=6.500 so=0.739 ae=-31.410 ao=-7.000 pwm=12 pc=1 hd=-1 y=31.649 yr=13.676 L=0 R=2 OL=11 OR=13 el=14 er=13 ed=1 dl=14 dr=13 cl=0 cr=0 ok=3639 fail=0 vofa=firewater rx=746 txdrop=23908
1775027501.9540834,1775027501954083200,4812739260400,HB,1127176,1514.0,1,34.222,8.523,13.0,14.0,-1.0,11.0,13.0,0.0,2.0,13.0,14.0,0,0,,HB tick=1127176 exp_id=188 t_ms=1514 run=1 spd=1 ts=20.000 as=13.500 ta=0.000 aa=33.787 se=6.500 so=0.771 ae=-33.787 ao=-7.000 pwm=12 pc=1 hd=-1 y=34.222 yr=8.523 L=0 R=2 OL=11 OR=13 el=13 er=14 ed=-1 dl=13 dr=14 cl=0 cr=0 ok=3641 fail=0 vofa=firewater rx=760 txdrop=23908
1775027502.110275,1775027502110275000,4812895452200,HB,1127333,1671.0,1,34.093,5.252,13.0,14.0,-1.0,11.0,13.0,0.0,2.0,13.0,14.0,0,0,,HB tick=1127333 exp_id=188 t_ms=1671 run=1 spd=1 ts=20.000 as=13.500 ta=0.000 aa=34.179 se=6.500 so=0.783 ae=-34.179 ao=-7.000 pwm=12 pc=1 hd=-1 y=34.093 yr=5.252 L=0 R=2 OL=11 OR=13 el=13 er=14 ed=-1 dl=13 dr=14 cl=0 cr=0 ok=3642 fail=0 vofa=firewater rx=760 txdrop=23908
1775027502.3380375,1775027502338037400,4813123215000,HB,1127566,1904.0,1,33.548,2.591,13.0,14.0,-1.0,11.0,13.0,0.0,2.0,13.0,14.0,0,0,,HB tick=1127566 exp_id=188 t_ms=1904 run=1 spd=1 ts=20.000 as=13.500 ta=0.000 aa=34.050 se=6.500 so=0.800 ae=-34.050 ao=-7.000 pwm=12 pc=1 hd=-1 y=33.548 yr=2.591 L=0 R=2 OL=11 OR=13 el=13 er=14 ed=-1 dl=13 dr=14 cl=0 cr=0 ok=3643 fail=0 vofa=firewater rx=760 txdrop=23908
1775027502.5150461,1775027502515046200,4813300223500,HB,1127731,2069.0,1,32.79,0.086,13.0,15.0,-2.0,11.0,13.0,0.0,2.0,13.0,15.0,0,0,,HB tick=1127731 exp_id=188 t_ms=2069 run=1 spd=1 ts=20.000 as=14.000 ta=0.000 aa=33.504 se=6.000 so=0.762 ae=-33.504 ao=-7.000 pwm=12 pc=1 hd=-1 y=32.790 yr=0.086 L=0 R=2 OL=11 OR=13 el=13 er=15 ed=-2 dl=13 dr=15 cl=0 cr=0 ok=3644 fail=0 vofa=firewater rx=760 txdrop=23908
1775027502.7855756,1775027502785575700,4813570752800,HB,1128003,2341.0,1,29.598,-4.051,13.0,15.0,-2.0,11.0,13.0,0.0,2.0,13.0,15.0,0,0,,HB tick=1128003 exp_id=188 t_ms=2341 run=1 spd=1 ts=20.000 as=14.000 ta=0.000 aa=32.746 se=6.000 so=0.781 ae=-32.746 ao=-7.000 pwm=12 pc=1 hd=-1 y=29.598 yr=-4.051 L=0 R=2 OL=11 OR=13 el=13 er=15 ed=-2 dl=13 dr=15 cl=0 cr=0 ok=3645 fail=0 vofa=firewater rx=760 txdrop=23908
1775027503.0024974,1775027503002497500,4813787675000,HB,1128215,2553.0,1,28.417,-4.583,13.0,15.0,-2.0,11.0,13.0,0.0,2.0,13.0,15.0,0,0,,HB tick=1128215 exp_id=188 t_ms=2553 run=1 spd=1 ts=20.000 as=14.000 ta=0.000 aa=29.555 se=6.000 so=0.797 ae=-29.555 ao=-6.256 pwm=12 pc=1 hd=-1 y=28.417 yr=-4.583 L=0 R=2 OL=11 OR=13 el=13 er=15 ed=-2 dl=13 dr=15 cl=0 cr=0 ok=3646 fail=0 vofa=firewater rx=760 txdrop=23908
1775027503.189738,1775027503189737900,4813974915000,HB,1128415,2753.0,1,27.954,-3.789,14.0,16.0,-2.0,11.0,13.0,0.0,2.0,14.0,16.0,0,0,,HB tick=1128415 exp_id=188 t_ms=2753 run=1 spd=1 ts=20.000 as=15.000 ta=0.000 aa=28.374 se=5.000 so=0.711 ae=-28.374 ao=-5.804 pwm=12 pc=1 hd=-1 y=27.954 yr=-3.789 L=0 R=2 OL=11 OR=13 el=14 er=16 ed=-2 dl=14 dr=16 cl=0 cr=0 ok=3647 fail=0 vofa=firewater rx=774 txdrop=23908
1775027503.3984017,1775027503398401700,4814183579100,HB,1128620,2958.0,1,26.215,-5.433,14.0,15.0,-1.0,11.0,13.0,0.0,2.0,14.0,15.0,0,0,,HB tick=1128620 exp_id=188 t_ms=2958 run=1 spd=1 ts=20.000 as=14.500 ta=0.000 aa=27.911 se=5.500 so=0.775 ae=-27.911 ao=-5.956 pwm=12 pc=1 hd=-1 y=26.215 yr=-5.433 L=0 R=2 OL=11 OR=13 el=14 er=15 ed=-1 dl=14 dr=15 cl=0 cr=0 ok=3648 fail=0 vofa=firewater rx=774 txdrop=23908
1775027503.6279893,1775027503627989300,4814413167500,HB,1128846,3184.0,1,22.774,-8.86,13.0,14.0,-1.0,11.0,13.0,0.0,2.0,13.0,14.0,0,0,,HB tick=1128846 exp_id=188 t_ms=3184 run=1 spd=1 ts=20.000 as=13.500 ta=0.000 aa=26.171 se=6.500 so=0.892 ae=-26.171 ao=-5.009 pwm=12 pc=1 hd=-1 y=22.774 yr=-8.860 L=0 R=2 OL=11 OR=13 el=13 er=14 ed=-1 dl=13 dr=14 cl=0 cr=0 ok=3649 fail=0 vofa=firewater rx=774 txdrop=23908
1775027503.7744277,1775027503774427700,4814559606300,HB,1129002,3340.0,1,22.213,-7.018,13.0,15.0,-2.0,11.0,13.0,0.0,2.0,13.0,15.0,0,0,,HB tick=1129002 exp_id=188 t_ms=3340 run=1 spd=1 ts=20.000 as=14.000 ta=0.000 aa=22.730 se=6.000 so=0.854 ae=-22.730 ao=-3.061 pwm=12 pc=1 hd=-1 y=22.213 yr=-7.018 L=0 R=2 OL=11 OR=13 el=13 er=15 ed=-2 dl=13 dr=15 cl=0 cr=0 ok=3650 fail=0 vofa=firewater rx=774 txdrop=23908
1775027504.0137198,1775027504013719800,4814798897300,HB,1129236,3574.0,1,20.788,-6.692,14.0,15.0,-1.0,11.0,13.0,0.0,2.0,14.0,15.0,0,0,,HB tick=1129236 exp_id=188 t_ms=3574 run=1 spd=1 ts=20.000 as=14.500 ta=0.000 aa=22.169 se=5.500 so=0.820 ae=-22.169 ao=-3.523 pwm=12 pc=1 hd=-1 y=20.788 yr=-6.692 L=0 R=2 OL=11 OR=13 el=14 er=15 ed=-1 dl=14 dr=15 cl=0 cr=0 ok=3651 fail=0 vofa=firewater rx=774 txdrop=23908
1775027504.377386,1775027504377385900,4815162563100,STAT,1129585,3923.0,1,18.241014,-8.699036,5.0,12.0,-7.0,11.0,13.0,0.0,2.0,5.0,12.0,0,0,,STAT tick=1129585 exp_id=188 t_ms=3923 run=1 spd=1 ts=20.000000 as=8.500000 ta=0.000000 aa=18.197464 se=11.500000 so=1.452160 ae=-18.197464 ao=-2.008543 pwm=12 pc=1 hd=-1 y=18.241014 p=-0.978267 r=4.725061 yr=-8.699036 ax=0 ay=0 az=0 gx=0 gy=0 gz=0 who=0x85 addr=0x4A icm_ok=5736 icm_fail=0 L=0 R=2 OL=11 OR=13 el=5 er=12 ed=-7 dl=5 dr=12 cl=0 cr=0 skp=0.100000 ski=0.012000 skd=0.000000 akp=0.250000 aki=0.002400 akd=0.320000 ok=3653 fail=0 vofa=firewater rx=780 txdrop=23908
1775027504.4505732,1775027504450573400,4815235750700,HB,1129671,4009.0,1,14.543,-11.282,5.0,12.0,-7.0,11.0,13.0,0.0,2.0,5.0,12.0,0,0,,HB tick=1129671 exp_id=188 t_ms=4009 run=1 spd=1 ts=20.000 as=8.500 ta=0.000 aa=18.197 se=11.500 so=1.464 ae=-18.197 ao=-2.012 pwm=12 pc=1 hd=-1 y=14.543 yr=-11.282 L=0 R=2 OL=11 OR=13 el=5 er=12 ed=-7 dl=5 dr=12 cl=0 cr=0 ok=3653 fail=0 vofa=firewater rx=780 txdrop=23908
1775027504.648742,1775027504648741900,4815433919300,HB,1129871,4209.0,1,12.767,-10.441,8.0,14.0,-6.0,11.0,13.0,0.0,2.0,8.0,14.0,0,0,,HB tick=1129871 exp_id=188 t_ms=4209 run=1 spd=1 ts=20.000 as=11.000 ta=0.000 aa=14.499 se=9.000 so=1.238 ae=-14.499 ao=-0.268 pwm=12 pc=1 hd=-1 y=12.767 yr=-10.441 L=0 R=2 OL=11 OR=13 el=8 er=14 ed=-6 dl=8 dr=14 cl=0 cr=0 ok=3654 fail=0 vofa=firewater rx=780 txdrop=23908
1775027504.8049443,1775027504804944300,4815590121700,HB,1130032,4370.0,1,3.433,-27.077,13.0,12.0,1.0,12.0,12.0,1.0,1.0,13.0,12.0,0,0,yaw_jump,HB tick=1130032 exp_id=188 t_ms=4370 run=1 spd=1 ts=20.000 as=12.500 ta=0.000 aa=12.723 se=7.500 so=1.104 ae=-12.723 ao=-0.098 pwm=12 pc=1 hd=0 y=3.433 yr=-27.077 L=1 R=1 OL=12 OR=12 el=13 er=12 ed=1 dl=13 dr=12 cl=0 cr=0 ok=3655 fail=0 vofa=firewater rx=780 txdrop=23908
1775027505.0032575,1775027505003257500,4815788434800,HB,1130221,4559.0,1,-0.313,-24.537,11.0,8.0,3.0,13.0,11.0,2.0,0.0,11.0,8.0,0,0,,HB tick=1130221 exp_id=188 t_ms=4559 run=1 spd=1 ts=20.000 as=9.500 ta=0.000 aa=3.390 se=10.500 so=1.427 ae=-3.390 ao=6.893 pwm=12 pc=1 hd=1 y=-0.313 yr=-24.537 L=2 R=0 OL=13 OR=11 el=11 er=8 ed=3 dl=11 dr=8 cl=0 cr=0 ok=3656 fail=0 vofa=firewater rx=780 txdrop=23908
1775027505.2441247,1775027505244124600,4816029301500,HB,1130471,4809.0,1,-0.105,-15.659,15.0,10.0,5.0,13.0,11.0,2.0,0.0,15.0,10.0,0,0,,HB tick=1130471 exp_id=188 t_ms=4809 run=1 spd=1 ts=20.000 as=12.500 ta=0.000 aa=-0.356 se=7.500 so=1.150 ae=0.356 ao=7.000 pwm=12 pc=1 hd=1 y=-0.105 yr=-15.659 L=2 R=0 OL=13 OR=11 el=15 er=10 ed=5 dl=15 dr=10 cl=0 cr=0 ok=3657 fail=0 vofa=firewater rx=780 txdrop=23908
1775027505.4004178,1775027505400417800,4816185595000,HB,1130627,4965.0,1,0.989,-7.724,14.0,11.0,3.0,13.0,11.0,2.0,0.0,14.0,11.0,0,0,,HB tick=1130627 exp_id=188 t_ms=4965 run=1 spd=1 ts=20.000 as=12.500 ta=0.000 aa=-0.149 se=7.500 so=1.163 ae=0.149 ao=4.789 pwm=12 pc=1 hd=1 y=0.989 yr=-7.724 L=2 R=0 OL=13 OR=11 el=14 er=11 ed=3 dl=14 dr=11 cl=0 cr=0 ok=3658 fail=0 vofa=firewater rx=780 txdrop=23908
1775027505.5871866,1775027505587186700,4816372364100,HB,1130816,5154.0,1,1.557,-3.968,16.0,11.0,5.0,13.0,11.0,2.0,0.0,16.0,11.0,0,0,,HB tick=1130816 exp_id=188 t_ms=5154 run=1 spd=1 ts=20.000 as=13.500 ta=0.000 aa=0.945 se=6.500 so=1.079 ae=-0.945 ao=1.975 pwm=12 pc=1 hd=1 y=1.557 yr=-3.968 L=2 R=0 OL=13 OR=11 el=16 er=11 ed=5 dl=16 dr=11 cl=0 cr=0 ok=3659 fail=0 vofa=firewater rx=780 txdrop=23908
1775027505.8290007,1775027505829000800,4816614181800,HB,1131048,5386.0,1,10.516,10.936,16.0,12.0,4.0,12.0,12.0,1.0,1.0,16.0,12.0,0,0,yaw_jump,HB tick=1131048 exp_id=188 t_ms=5386 run=1 spd=1 ts=20.000 as=14.000 ta=0.000 aa=1.513 se=6.000 so=1.046 ae=-1.513 ao=0.631 pwm=12 pc=1 hd=0 y=10.516 yr=10.936 L=1 R=1 OL=12 OR=12 el=16 er=12 ed=4 dl=16 dr=12 cl=0 cr=0 ok=3660 fail=0 vofa=firewater rx=780 txdrop=23908
1775027506.047371,1775027506047370900,4816832548100,HB,1131270,5608.0,1,19.281,20.927,14.0,13.0,1.0,11.0,13.0,0.0,2.0,14.0,13.0,0,0,yaw_jump,HB tick=1131270 exp_id=188 t_ms=5608 run=1 spd=1 ts=20.000 as=13.500 ta=0.000 aa=10.472 se=6.500 so=1.113 ae=-10.472 ao=-6.384 pwm=12 pc=1 hd=-1 y=19.281 yr=20.927 L=0 R=2 OL=11 OR=13 el=14 er=13 ed=1 dl=14 dr=13 cl=0 cr=0 ok=3661 fail=0 vofa=firewater rx=780 txdrop=23908
1775027506.2037182,1775027506203718100,4816988896400,HB,1131426,5764.0,1,19.694,14.53,14.0,13.0,1.0,11.0,13.0,0.0,2.0,14.0,13.0,0,0,,HB tick=1131426 exp_id=188 t_ms=5764 run=1 spd=1 ts=20.000 as=13.500 ta=0.000 aa=19.237 se=6.500 so=1.126 ae=-19.237 ao=-7.000 pwm=12 pc=1 hd=-1 y=19.694 yr=14.530 L=0 R=2 OL=11 OR=13 el=14 er=13 ed=1 dl=14 dr=13 cl=0 cr=0 ok=3662 fail=0 vofa=firewater rx=780 txdrop=23908
1775027506.4328425,1775027506432842400,4817218019800,HB,1131659,5997.0,1,20.943,11.32,14.0,14.0,0.0,11.0,13.0,0.0,2.0,14.0,14.0,0,0,,HB tick=1131659 exp_id=188 t_ms=5997 run=1 spd=1 ts=20.000 as=14.000 ta=0.000 aa=19.651 se=6.000 so=1.094 ae=-19.651 ao=-7.000 pwm=12 pc=1 hd=-1 y=20.943 yr=11.320 L=0 R=2 OL=11 OR=13 el=14 er=14 ed=0 dl=14 dr=14 cl=0 cr=0 ok=3663 fail=0 vofa=firewater rx=780 txdrop=23908
1775027506.599979,1775027506599979000,4817385157000,HB,1131821,6159.0,1,21.926,9.481,12.0,14.0,-2.0,11.0,13.0,0.0,2.0,12.0,14.0,0,0,,HB tick=1131821 exp_id=188 t_ms=6159 run=1 spd=1 ts=20.000 as=13.000 ta=0.000 aa=20.899 se=7.000 so=1.207 ae=-20.899 ao=-7.000 pwm=12 pc=1 hd=-1 y=21.926 yr=9.481 L=0 R=2 OL=11 OR=13 el=12 er=14 ed=-2 dl=12 dr=14 cl=0 cr=0 ok=3664 fail=0 vofa=firewater rx=780 txdrop=23908
1775027506.8495996,1775027506849599600,4817634777400,HB,1132070,6408.0,1,20.808,4.592,11.0,15.0,-4.0,11.0,13.0,0.0,2.0,11.0,15.0,0,0,,HB tick=1132070 exp_id=188 t_ms=6408 run=1 spd=1 ts=20.000 as=13.000 ta=0.000 aa=21.882 se=7.000 so=1.225 ae=-21.882 ao=-7.000 pwm=12 pc=1 hd=-1 y=20.808 yr=4.592 L=0 R=2 OL=11 OR=13 el=11 er=15 ed=-4 dl=11 dr=15 cl=0 cr=0 ok=3665 fail=0 vofa=firewater rx=780 txdrop=23908
1775027507.0471947,1775027507047194700,4817832373600,HB,1132271,6609.0,1,19.668,0.999,5.0,18.0,-13.0,11.0,13.0,0.0,2.0,5.0,18.0,0,0,,HB tick=1132271 exp_id=188 t_ms=6609 run=1 spd=1 ts=20.000 as=11.500 ta=0.000 aa=20.764 se=8.500 so=1.392 ae=-20.764 ao=-6.976 pwm=12 pc=1 hd=-1 y=19.668 yr=0.999 L=0 R=2 OL=11 OR=13 el=5 er=18 ed=-13 dl=5 dr=18 cl=0 cr=0 ok=3666 fail=0 vofa=firewater rx=780 txdrop=23908
1775027507.265392,1775027507265392000,4818050569700,HB,1132493,6831.0,1,-3.354,-35.646,9.0,17.0,-8.0,11.0,13.0,0.0,2.0,9.0,17.0,0,0,yaw_jump,HB tick=1132493 exp_id=188 t_ms=6831 run=1 spd=1 ts=20.000 as=13.000 ta=0.000 aa=19.624 se=7.000 so=1.261 ae=-19.624 ao=-5.552 pwm=12 pc=1 hd=-1 y=-3.354 yr=-35.646 L=0 R=2 OL=11 OR=13 el=9 er=17 ed=-8 dl=9 dr=17 cl=0 cr=0 ok=3667 fail=0 vofa=firewater rx=780 txdrop=23908
1775027507.4854498,1775027507485449700,4818270627000,HB,1132709,7047.0,1,-11.478,-36.333,12.0,14.0,-2.0,13.0,11.0,2.0,0.0,12.0,14.0,0,0,yaw_jump,HB tick=1132709 exp_id=188 t_ms=7047 run=1 spd=1 ts=20.000 as=13.000 ta=0.000 aa=-3.398 se=7.000 so=1.279 ae=3.398 ao=7.000 pwm=12 pc=1 hd=1 y=-11.478 yr=-36.333 L=2 R=0 OL=13 OR=11 el=12 er=14 ed=-2 dl=12 dr=14 cl=0 cr=0 ok=3668 fail=0 vofa=firewater rx=780 txdrop=23908
1775027507.6430068,1775027507643006700,4818428183700,HB,1132866,7204.0,1,-12.019,-24.824,13.0,13.0,0.0,13.0,11.0,2.0,0.0,13.0,13.0,0,0,,HB tick=1132866 exp_id=188 t_ms=7204 run=1 spd=1 ts=20.000 as=13.000 ta=0.000 aa=-11.521 se=7.000 so=1.293 ae=11.521 ao=7.000 pwm=12 pc=1 hd=1 y=-12.019 yr=-24.824 L=2 R=0 OL=13 OR=11 el=13 er=13 ed=0 dl=13 dr=13 cl=0 cr=0 ok=3669 fail=0 vofa=firewater rx=780 txdrop=23908
1775027507.8723893,1775027507872389400,4818657566600,HB,1133098,7436.0,1,-13.453,-18.299,13.0,14.0,-1.0,13.0,11.0,2.0,0.0,13.0,14.0,0,0,,HB tick=1133098 exp_id=188 t_ms=7436 run=1 spd=1 ts=20.000 as=13.500 ta=0.000 aa=-12.063 se=6.500 so=1.262 ae=12.063 ao=7.000 pwm=12 pc=1 hd=1 y=-13.453 yr=-18.299 L=2 R=0 OL=13 OR=11 el=13 er=14 ed=-1 dl=13 dr=14 cl=0 cr=0 ok=3670 fail=0 vofa=firewater rx=780 txdrop=23908
1775027508.101152,1775027508101152100,4818886329400,HB,1133324,7662.0,1,-15.326,-14.795,14.0,14.0,0.0,13.0,11.0,2.0,0.0,14.0,14.0,0,0,,HB tick=1133324 exp_id=188 t_ms=7662 run=1 spd=1 ts=20.000 as=14.000 ta=0.000 aa=-13.497 se=6.000 so=1.230 ae=13.497 ao=7.000 pwm=12 pc=1 hd=1 y=-15.326 yr=-14.795 L=2 R=0 OL=13 OR=11 el=14 er=14 ed=0 dl=14 dr=14 cl=0 cr=0 ok=3671 fail=0 vofa=firewater rx=780 txdrop=23908
1775027508.2571867,1775027508257186600,4819042363800,HB,1133480,7818.0,1,-15.436,-9.864,13.0,13.0,0.0,13.0,11.0,2.0,0.0,13.0,13.0,0,0,,HB tick=1133480 exp_id=188 t_ms=7818 run=1 spd=1 ts=20.000 as=13.000 ta=0.000 aa=-15.370 se=7.000 so=1.343 ae=15.370 ao=7.000 pwm=12 pc=1 hd=1 y=-15.436 yr=-9.864 L=2 R=0 OL=13 OR=11 el=13 er=13 ed=0 dl=13 dr=13 cl=0 cr=0 ok=3672 fail=0 vofa=firewater rx=780 txdrop=23908
1775027508.5084338,1775027508508433900,4819293611200,HB,1133730,8068.0,1,-13.721,-4.01,14.0,12.0,2.0,13.0,11.0,2.0,0.0,14.0,12.0,0,0,,HB tick=1133730 exp_id=188 t_ms=8068 run=1 spd=1 ts=20.000 as=13.000 ta=0.000 aa=-15.480 se=7.000 so=1.363 ae=15.480 ao=6.735 pwm=12 pc=1 hd=1 y=-13.721 yr=-4.010 L=2 R=0 OL=13 OR=11 el=14 er=12 ed=2 dl=14 dr=12 cl=0 cr=0 ok=3673 fail=0 vofa=firewater rx=780 txdrop=23908
1775027508.7066624,1775027508706662300,4819491840100,HB,1133930,8268.0,1,-13.221,-1.732,14.0,13.0,1.0,13.0,11.0,2.0,0.0,14.0,13.0,0,0,,HB tick=1133930 exp_id=188 t_ms=8268 run=1 spd=1 ts=20.000 as=13.500 ta=0.000 aa=-13.764 se=6.500 so=1.329 ae=13.764 ao=4.440 pwm=12 pc=1 hd=1 y=-13.221 yr=-1.732 L=2 R=0 OL=13 OR=11 el=14 er=13 ed=1 dl=14 dr=13 cl=0 cr=0 ok=3674 fail=0 vofa=firewater rx=780 txdrop=23908
1775027508.9149027,1775027508914902800,4819700080100,HB,1134136,8474.0,1,-11.586,1.666,15.0,12.0,3.0,13.0,11.0,2.0,0.0,15.0,12.0,0,0,,HB tick=1134136 exp_id=188 t_ms=8474 run=1 spd=1 ts=20.000 as=13.500 ta=0.000 aa=-13.265 se=6.500 so=1.344 ae=13.265 ao=3.593 pwm=12 pc=1 hd=1 y=-11.586 yr=1.666 L=2 R=0 OL=13 OR=11 el=15 er=12 ed=3 dl=15 dr=12 cl=0 cr=0 ok=3675 fail=0 vofa=firewater rx=780 txdrop=23908
1775027509.071489,1775027509071488900,4819856666500,HB,1134296,8634.0,1,-10.119,4.272,15.0,13.0,2.0,13.0,11.0,2.0,0.0,15.0,13.0,0,0,,HB tick=1134296 exp_id=188 t_ms=8634 run=1 spd=1 ts=20.000 as=14.000 ta=0.000 aa=-11.629 se=6.000 so=1.306 ae=11.629 ao=2.101 pwm=12 pc=1 hd=1 y=-10.119 yr=4.272 L=2 R=0 OL=13 OR=11 el=15 er=13 ed=2 dl=15 dr=13 cl=0 cr=0 ok=3676 fail=0 vofa=firewater rx=780 txdrop=23908
1775027509.3102221,1775027509310222000,4820095399100,HB,1134529,8867.0,1,-8.051,5.882,14.0,12.0,2.0,13.0,11.0,2.0,0.0,14.0,12.0,0,0,,HB tick=1134529 exp_id=188 t_ms=8867 run=1 spd=1 ts=20.000 as=13.000 ta=0.000 aa=-10.163 se=7.000 so=1.423 ae=10.163 ao=0.906 pwm=12 pc=1 hd=1 y=-8.051 yr=5.882 L=2 R=0 OL=13 OR=11 el=14 er=12 ed=2 dl=14 dr=12 cl=0 cr=0 ok=3677 fail=0 vofa=firewater rx=780 txdrop=23908
1775027509.467638,1775027509467637900,4820252815100,HB,1134690,9028.0,1,-5.78,8.761,14.0,13.0,1.0,11.0,13.0,0.0,2.0,14.0,13.0,0,0,,HB tick=1134690 exp_id=188 t_ms=9028 run=1 spd=1 ts=20.000 as=13.500 ta=0.000 aa=-8.095 se=6.500 so=1.387 ae=8.095 ao=-0.123 pwm=12 pc=1 hd=-1 y=-5.780 yr=8.761 L=0 R=2 OL=11 OR=13 el=14 er=13 ed=1 dl=14 dr=13 cl=0 cr=0 ok=3678 fail=0 vofa=firewater rx=780 txdrop=23908
1775027509.6556315,1775027509655631500,4820440808500,HB,1134879,9217.0,1,-5.329,6.53,14.0,14.0,0.0,11.0,13.0,0.0,2.0,14.0,14.0,0,0,,HB tick=1134879 exp_id=188 t_ms=9217 run=1 spd=1 ts=20.000 as=14.000 ta=0.000 aa=-5.824 se=6.000 so=1.351 ae=5.824 ao=-1.610 pwm=12 pc=1 hd=-1 y=-5.329 yr=6.530 L=0 R=2 OL=11 OR=13 el=14 er=14 ed=0 dl=14 dr=14 cl=0 cr=0 ok=3679 fail=0 vofa=firewater rx=780 txdrop=23908
1775027509.8935056,1775027509893505500,4820678682600,HB,1135112,9450.0,1,-3.807,6.531,14.0,15.0,-1.0,11.0,13.0,0.0,2.0,14.0,15.0,0,0,,HB tick=1135112 exp_id=188 t_ms=9450 run=1 spd=1 ts=20.000 as=14.500 ta=0.000 aa=-5.373 se=5.500 so=1.317 ae=5.373 ao=-1.005 pwm=12 pc=1 hd=-1 y=-3.807 yr=6.531 L=0 R=2 OL=11 OR=13 el=14 er=15 ed=-1 dl=14 dr=15 cl=0 cr=0 ok=3680 fail=0 vofa=firewater rx=780 txdrop=23908
1775027510.048534,1775027510048534000,4820833711100,HB,1135273,9611.0,1,-4.248,3.287,13.0,14.0,-1.0,11.0,13.0,0.0,2.0,13.0,14.0,0,0,,HB tick=1135273 exp_id=188 t_ms=9611 run=1 spd=1 ts=20.000 as=13.500 ta=0.000 aa=-3.850 se=6.500 so=1.429 ae=3.850 ao=-1.385 pwm=12 pc=1 hd=-1 y=-4.248 yr=3.287 L=0 R=2 OL=11 OR=13 el=13 er=14 ed=-1 dl=13 dr=14 cl=0 cr=0 ok=3681 fail=0 vofa=firewater rx=780 txdrop=23908
1775027510.2880456,1775027510288045500,4821073222600,HB,1135506,9844.0,1,-4.88,1.186,14.0,14.0,0.0,12.0,12.0,1.0,1.0,14.0,14.0,0,0,,HB tick=1135506 exp_id=188 t_ms=9844 run=1 spd=1 ts=20.000 as=14.000 ta=0.000 aa=-4.291 se=6.000 so=1.397 ae=4.291 ao=-0.234 pwm=12 pc=1 hd=0 y=-4.880 yr=1.186 L=1 R=1 OL=12 OR=12 el=14 er=14 ed=0 dl=14 dr=14 cl=0 cr=0 ok=3682 fail=0 vofa=firewater rx=780 txdrop=23908
1775027510.5068989,1775027510506898900,4821292076700,HB,1135727,10065.0,1,-7.346,-3.134,14.0,14.0,0.0,12.0,12.0,1.0,1.0,14.0,14.0,0,0,,HB tick=1135727 exp_id=188 t_ms=10065 run=1 spd=1 ts=20.000 as=14.000 ta=0.000 aa=-4.924 se=6.000 so=1.412 ae=4.924 ao=0.599 pwm=12 pc=1 hd=0 y=-7.346 yr=-3.134 L=1 R=1 OL=12 OR=12 el=14 er=14 ed=0 dl=14 dr=14 cl=0 cr=0 ok=3683 fail=0 vofa=firewater rx=780 txdrop=23908
1775027510.7043133,1775027510704313400,4821489490900,HB,1135928,10266.0,1,-7.51,-2.322,14.0,14.0,0.0,13.0,11.0,2.0,0.0,14.0,14.0,0,0,,HB tick=1135928 exp_id=188 t_ms=10266 run=1 spd=1 ts=20.000 as=14.000 ta=0.000 aa=-7.390 se=6.000 so=1.426 ae=7.390 ao=2.601 pwm=12 pc=1 hd=1 y=-7.510 yr=-2.322 L=2 R=0 OL=13 OR=11 el=14 er=14 ed=0 dl=14 dr=14 cl=0 cr=0 ok=3684 fail=0 vofa=firewater rx=780 txdrop=23908
1775027510.8608043,1775027510860804400,4821645981500,HB,1136089,10427.0,1,-7.349,-1.159,14.0,13.0,1.0,13.0,11.0,2.0,0.0,14.0,13.0,0,0,,HB tick=1136089 exp_id=188 t_ms=10427 run=1 spd=1 ts=20.000 as=13.500 ta=0.000 aa=-7.553 se=6.500 so=1.488 ae=7.553 ao=2.385 pwm=12 pc=1 hd=1 y=-7.349 yr=-1.159 L=2 R=0 OL=13 OR=11 el=14 er=13 ed=1 dl=14 dr=13 cl=0 cr=0 ok=3685 fail=0 vofa=firewater rx=780 txdrop=23908
1775027511.1013587,1775027511101358600,4821886537500,HB,1136321,10659.0,1,-6.881,-0.048,14.0,14.0,0.0,13.0,11.0,2.0,0.0,14.0,14.0,0,0,,HB tick=1136321 exp_id=188 t_ms=10659 run=1 spd=1 ts=20.000 as=14.000 ta=0.000 aa=-7.392 se=6.000 so=1.456 ae=7.392 ao=1.977 pwm=12 pc=1 hd=1 y=-6.881 yr=-0.048 L=2 R=0 OL=13 OR=11 el=14 er=14 ed=0 dl=14 dr=14 cl=0 cr=0 ok=3686 fail=0 vofa=firewater rx=780 txdrop=23908
1775027511.2682683,1775027511268268400,4822053445500,HB,1136487,10825.0,1,-6.742,0.261,14.0,14.0,0.0,13.0,11.0,2.0,0.0,14.0,14.0,0,0,,HB tick=1136487 exp_id=188 t_ms=10825 run=1 spd=1 ts=20.000 as=14.000 ta=0.000 aa=-6.925 se=6.000 so=1.467 ae=6.925 ao=1.508 pwm=12 pc=1 hd=1 y=-6.742 yr=0.261 L=2 R=0 OL=13 OR=11 el=14 er=14 ed=0 dl=14 dr=14 cl=0 cr=0 ok=3687 fail=0 vofa=firewater rx=780 txdrop=23908
1775027511.4981275,1775027511498127400,4822283305600,HB,1136720,11058.0,1,-6.113,1.115,14.0,14.0,0.0,13.0,11.0,2.0,0.0,14.0,14.0,0,0,,HB tick=1136720 exp_id=188 t_ms=11058 run=1 spd=1 ts=20.000 as=14.000 ta=0.000 aa=-6.786 se=6.000 so=1.483 ae=6.786 ao=1.378 pwm=12 pc=1 hd=1 y=-6.113 yr=1.115 L=2 R=0 OL=13 OR=11 el=14 er=14 ed=0 dl=14 dr=14 cl=0 cr=0 ok=3688 fail=0 vofa=firewater rx=780 txdrop=23908
1775027511.7272735,1775027511727273600,4822512450700,HB,1136947,11285.0,1,-4.337,3.464,15.0,15.0,0.0,13.0,11.0,2.0,0.0,15.0,15.0,0,0,,HB tick=1136947 exp_id=188 t_ms=11285 run=1 spd=1 ts=20.000 as=15.000 ta=0.000 aa=-6.157 se=5.000 so=1.399 ae=6.157 ao=0.951 pwm=12 pc=1 hd=1 y=-4.337 yr=3.464 L=2 R=0 OL=13 OR=11 el=15 er=15 ed=0 dl=15 dr=15 cl=0 cr=0 ok=3689 fail=0 vofa=firewater rx=780 txdrop=23908
1775027511.925794,1775027511925793700,4822710974500,HB,1137148,11486.0,1,-4.153,2.571,14.0,14.0,0.0,12.0,14.0,1.0,3.0,14.0,14.0,0,0,,HB tick=1137148 exp_id=188 t_ms=11486 run=1 spd=1 ts=20.000 as=14.000 ta=0.000 aa=-4.380 se=6.000 so=1.512 ae=4.380 ao=-0.243 pwm=13 pc=2 hd=-1 y=-4.153 yr=2.571 L=1 R=3 OL=12 OR=14 el=14 er=14 ed=0 dl=14 dr=14 cl=0 cr=0 ok=3690 fail=0 vofa=firewater rx=780 txdrop=23908
1775027512.1449077,1775027512144907700,4822930085500,HB,1137370,11708.0,1,-4.304,1.434,14.0,14.0,0.0,12.0,12.0,1.0,1.0,14.0,14.0,0,0,,HB tick=1137370 exp_id=188 t_ms=11708 run=1 spd=1 ts=20.000 as=14.000 ta=0.000 aa=-4.197 se=6.000 so=1.528 ae=4.197 ao=-0.001 pwm=12 pc=1 hd=0 y=-4.304 yr=1.434 L=1 R=1 OL=12 OR=12 el=14 er=14 ed=0 dl=14 dr=14 cl=0 cr=0 ok=3691 fail=0 vofa=firewater rx=780 txdrop=23908
1775027512.3632722,1775027512363272200,4823148450800,HB,1137587,11925.0,1,-4.337,0.878,14.0,14.0,0.0,14.0,12.0,3.0,1.0,14.0,14.0,0,0,,HB tick=1137587 exp_id=188 t_ms=11925 run=1 spd=1 ts=20.000 as=14.000 ta=0.000 aa=-4.347 se=6.000 so=1.542 ae=4.347 ao=0.403 pwm=13 pc=2 hd=1 y=-4.337 yr=0.878 L=3 R=1 OL=14 OR=12 el=14 er=14 ed=0 dl=14 dr=14 cl=0 cr=0 ok=3692 fail=0 vofa=firewater rx=780 txdrop=23908
1775027512.5617034,1775027512561703300,4823346881400,HB,1137788,12126.0,1,-4.306,0.625,14.0,15.0,-1.0,14.0,12.0,3.0,1.0,14.0,15.0,0,0,,HB tick=1137788 exp_id=188 t_ms=12126 run=1 spd=1 ts=20.000 as=14.500 ta=0.000 aa=-4.381 se=5.500 so=1.506 ae=4.381 ao=0.591 pwm=13 pc=2 hd=1 y=-4.306 yr=0.625 L=3 R=1 OL=14 OR=12 el=14 er=15 ed=-1 dl=14 dr=15 cl=0 cr=0 ok=3693 fail=0 vofa=firewater rx=780 txdrop=23908
1775027512.7814207,1775027512781420800,4823566598000,HB,1138010,12348.0,1,-4.032,0.839,15.0,14.0,1.0,13.0,13.0,2.0,2.0,15.0,14.0,0,0,,HB tick=1138010 exp_id=188 t_ms=12348 run=1 spd=1 ts=20.000 as=14.500 ta=0.000 aa=-4.350 se=5.500 so=1.521 ae=4.350 ao=0.667 pwm=13 pc=2 hd=0 y=-4.032 yr=0.839 L=2 R=2 OL=13 OR=13 el=15 er=14 ed=1 dl=15 dr=14 cl=0 cr=0 ok=3694 fail=0 vofa=firewater rx=780 txdrop=23908
1775027512.9410353,1775027512941035200,4823726212400,HB,1138166,12504.0,1,-3.937,0.759,15.0,14.0,1.0,14.0,12.0,3.0,1.0,15.0,14.0,0,0,,HB tick=1138166 exp_id=188 t_ms=12504 run=1 spd=1 ts=20.000 as=14.500 ta=0.000 aa=-4.075 se=5.500 so=1.530 ae=4.075 ao=0.531 pwm=13 pc=2 hd=1 y=-3.937 yr=0.759 L=3 R=1 OL=14 OR=12 el=15 er=14 ed=1 dl=15 dr=14 cl=0 cr=0 ok=3695 fail=0 vofa=firewater rx=780 txdrop=23908
1775027513.1806543,1775027513180654400,4823965831600,HB,1138399,12737.0,1,-3.407,1.288,15.0,14.0,1.0,14.0,12.0,3.0,1.0,15.0,14.0,0,0,,HB tick=1138399 exp_id=188 t_ms=12737 run=1 spd=1 ts=20.000 as=14.500 ta=0.000 aa=-3.980 se=5.500 so=1.546 ae=3.980 ao=0.535 pwm=13 pc=2 hd=1 y=-3.407 yr=1.288 L=3 R=1 OL=14 OR=12 el=15 er=14 ed=1 dl=15 dr=14 cl=0 cr=0 ok=3696 fail=0 vofa=firewater rx=780 txdrop=23908
1775027513.336833,1775027513336832900,4824122011500,HB,1138560,12898.0,1,-3.067,1.577,15.0,14.0,1.0,13.0,13.0,2.0,2.0,15.0,14.0,0,0,,HB tick=1138560 exp_id=188 t_ms=12898 run=1 spd=1 ts=20.000 as=14.500 ta=0.000 aa=-3.451 se=5.500 so=1.557 ae=3.451 ao=0.235 pwm=13 pc=2 hd=0 y=-3.067 yr=1.577 L=2 R=2 OL=13 OR=13 el=15 er=14 ed=1 dl=15 dr=14 cl=0 cr=0 ok=3697 fail=0 vofa=firewater rx=780 txdrop=23908
1775027513.5760808,1775027513576081000,4824361258200,HB,1138793,13131.0,1,-2.804,1.42,15.0,15.0,0.0,13.0,13.0,2.0,2.0,15.0,15.0,0,0,,HB tick=1138793 exp_id=188 t_ms=13131 run=1 spd=1 ts=20.000 as=15.000 ta=0.000 aa=-3.111 se=5.000 so=1.521 ae=3.111 ao=0.059 pwm=13 pc=2 hd=0 y=-2.804 yr=1.420 L=2 R=2 OL=13 OR=13 el=15 er=15 ed=0 dl=15 dr=15 cl=0 cr=0 ok=3698 fail=0 vofa=firewater rx=780 txdrop=23908
1775027513.7736464,1775027513773646400,4824558824200,HB,1138997,13335.0,1,-2.529,1.396,14.0,15.0,-1.0,13.0,13.0,2.0,2.0,14.0,15.0,0,0,,HB tick=1138997 exp_id=188 t_ms=13335 run=1 spd=1 ts=20.000 as=14.500 ta=0.000 aa=-2.847 se=5.500 so=1.583 ae=2.847 ao=0.045 pwm=13 pc=2 hd=0 y=-2.529 yr=1.396 L=2 R=2 OL=13 OR=13 el=14 er=15 ed=-1 dl=14 dr=15 cl=0 cr=0 ok=3699 fail=0 vofa=firewater rx=780 txdrop=23908
1775027514.0031176,1775027514003117600,4824788295200,HB,1139224,13562.0,1,-2.247,1.341,15.0,14.0,1.0,13.0,13.0,2.0,2.0,15.0,14.0,0,0,,HB tick=1139224 exp_id=188 t_ms=13562 run=1 spd=1 ts=20.000 as=14.500 ta=0.000 aa=-2.572 se=5.500 so=1.599 ae=2.572 ao=-0.015 pwm=13 pc=2 hd=0 y=-2.247 yr=1.341 L=2 R=2 OL=13 OR=13 el=15 er=14 ed=1 dl=15 dr=14 cl=0 cr=0 ok=3700 fail=0 vofa=firewater rx=780 txdrop=23908
1775027514.2005668,1775027514200566800,4824985744000,HB,1139424,13762.0,1,-2.165,1.016,15.0,16.0,-1.0,13.0,13.0,2.0,2.0,15.0,16.0,0,0,,HB tick=1139424 exp_id=188 t_ms=13762 run=1 spd=1 ts=20.000 as=15.500 ta=0.000 aa=-2.291 se=4.500 so=1.510 ae=2.291 ao=-0.067 pwm=13 pc=2 hd=0 y=-2.165 yr=1.016 L=2 R=2 OL=13 OR=13 el=15 er=16 ed=-1 dl=15 dr=16 cl=0 cr=0 ok=3701 fail=0 vofa=firewater rx=780 txdrop=23908
1775027514.3567908,1775027514356790700,4825141967800,HB,1139585,13923.0,1,-2.12,0.758,14.0,15.0,-1.0,13.0,13.0,2.0,2.0,14.0,15.0,0,0,,HB tick=1139585 exp_id=188 t_ms=13923 run=1 spd=1 ts=20.000 as=14.500 ta=0.000 aa=-2.208 se=5.500 so=1.619 ae=2.208 ao=0.018 pwm=13 pc=2 hd=0 y=-2.120 yr=0.758 L=2 R=2 OL=13 OR=13 el=14 er=15 ed=-1 dl=14 dr=15 cl=0 cr=0 ok=3702 fail=0 vofa=firewater rx=780 txdrop=23908
1775027514.6076791,1775027514607679300,4825392856700,HB,1139834,14172.0,1,-1.783,0.966,14.0,15.0,-1.0,13.0,13.0,2.0,2.0,14.0,15.0,0,0,,HB tick=1139834 exp_id=188 t_ms=14172 run=1 spd=1 ts=20.000 as=14.500 ta=0.000 aa=-2.163 se=5.500 so=1.635 ae=2.163 ao=0.090 pwm=13 pc=2 hd=0 y=-1.783 yr=0.966 L=2 R=2 OL=13 OR=13 el=14 er=15 ed=-1 dl=14 dr=15 cl=0 cr=0 ok=3703 fail=0 vofa=firewater rx=780 txdrop=23908
1775027514.8152277,1775027514815227700,4825600405400,HB,1140035,14373.0,1,-1.77,0.65,16.0,15.0,1.0,13.0,13.0,2.0,2.0,16.0,15.0,0,0,,HB tick=1140035 exp_id=188 t_ms=14373 run=1 spd=1 ts=20.000 as=15.500 ta=0.000 aa=-1.827 se=4.500 so=1.547 ae=1.827 ao=-0.059 pwm=13 pc=2 hd=0 y=-1.770 yr=0.650 L=2 R=2 OL=13 OR=13 el=16 er=15 ed=1 dl=16 dr=15 cl=0 cr=0 ok=3704 fail=0 vofa=firewater rx=780 txdrop=23908
1775027514.9715261,1775027514971526100,4825756703900,HB,1140196,14534.0,1,-1.68,0.619,16.0,16.0,0.0,13.0,13.0,2.0,2.0,16.0,16.0,0,0,,HB tick=1140196 exp_id=188 t_ms=14534 run=1 spd=1 ts=20.000 as=16.000 ta=0.000 aa=-1.814 se=4.000 so=1.506 ae=1.814 ao=0.039 pwm=13 pc=2 hd=0 y=-1.680 yr=0.619 L=2 R=2 OL=13 OR=13 el=16 er=16 ed=0 dl=16 dr=16 cl=0 cr=0 ok=3705 fail=0 vofa=firewater rx=780 txdrop=23908
1775027515.2214162,1775027515221416300,4826006594000,HB,1140446,14784.0,1,-1.262,0.987,15.0,15.0,0.0,13.0,13.0,2.0,2.0,15.0,15.0,0,0,,HB tick=1140446 exp_id=188 t_ms=14784 run=1 spd=1 ts=20.000 as=15.000 ta=0.000 aa=-1.723 se=5.000 so=1.620 ae=1.723 ao=0.027 pwm=13 pc=2 hd=0 y=-1.262 yr=0.987 L=2 R=2 OL=13 OR=13 el=15 er=15 ed=0 dl=15 dr=15 cl=0 cr=0 ok=3706 fail=0 vofa=firewater rx=780 txdrop=23908
1775027515.41942,1775027515419420000,4826204597400,HB,1140646,14984.0,1,-1.247,0.668,16.0,15.0,1.0,13.0,13.0,2.0,2.0,16.0,15.0,0,0,,HB tick=1140646 exp_id=188 t_ms=14984 run=1 spd=1 ts=20.000 as=15.500 ta=0.000 aa=-1.306 se=4.500 so=1.583 ae=1.306 ao=-0.194 pwm=13 pc=2 hd=0 y=-1.247 yr=0.668 L=2 R=2 OL=13 OR=13 el=16 er=15 ed=1 dl=16 dr=15 cl=0 cr=0 ok=3707 fail=0 vofa=firewater rx=780 txdrop=23908
1775027515.660324,1775027515660324000,4826445501400,HB,1140852,15190.0,1,-1.292,0.359,16.0,16.0,0.0,13.0,13.0,2.0,2.0,16.0,16.0,0,0,,HB tick=1140852 exp_id=188 t_ms=15190 run=1 spd=1 ts=20.000 as=16.000 ta=0.000 aa=-1.291 se=4.000 so=1.544 ae=1.291 ao=-0.095 pwm=13 pc=2 hd=0 y=-1.292 yr=0.359 L=2 R=2 OL=13 OR=13 el=16 er=16 ed=0 dl=16 dr=16 cl=0 cr=0 ok=3708 fail=0 vofa=firewater rx=780 txdrop=23908
1775027515.7863867,1775027515786386700,4826571565100,HB,1141012,15350.0,1,-1.19,0.457,15.0,16.0,-1.0,13.0,13.0,2.0,2.0,15.0,16.0,0,0,,HB tick=1141012 exp_id=188 t_ms=15350 run=1 spd=1 ts=20.000 as=15.500 ta=0.000 aa=-1.335 se=4.500 so=1.603 ae=1.335 ao=0.015 pwm=13 pc=2 hd=0 y=-1.190 yr=0.457 L=2 R=2 OL=13 OR=13 el=15 er=16 ed=-1 dl=15 dr=16 cl=0 cr=0 ok=3709 fail=0 vofa=firewater rx=780 txdrop=23908
1775027516.01514,1775027516015140000,4826800317400,HB,1141244,15582.0,1,-1.082,0.459,15.0,15.0,0.0,13.0,13.0,2.0,2.0,15.0,15.0,0,0,,HB tick=1141244 exp_id=188 t_ms=15582 run=1 spd=1 ts=20.000 as=15.000 ta=0.000 aa=-1.233 se=5.000 so=1.667 ae=1.233 ao=-0.041 pwm=13 pc=2 hd=0 y=-1.082 yr=0.459 L=2 R=2 OL=13 OR=13 el=15 er=15 ed=0 dl=15 dr=15 cl=0 cr=0 ok=3710 fail=0 vofa=firewater rx=780 txdrop=23908
1775027516.223692,1775027516223692100,4827008869400,HB,1141449,15787.0,1,-1.042,0.367,16.0,15.0,1.0,13.0,13.0,2.0,2.0,16.0,15.0,0,0,,HB tick=1141449 exp_id=188 t_ms=15787 run=1 spd=1 ts=20.000 as=15.500 ta=0.000 aa=-1.125 se=4.500 so=1.628 ae=1.125 ao=-0.068 pwm=13 pc=2 hd=0 y=-1.042 yr=0.367 L=2 R=2 OL=13 OR=13 el=16 er=15 ed=1 dl=16 dr=15 cl=0 cr=0 ok=3711 fail=0 vofa=firewater rx=780 txdrop=23908
1775027516.3813062,1775027516381306200,4827166483700,HB,1141610,15948.0,1,-1.037,0.248,16.0,16.0,0.0,13.0,13.0,2.0,2.0,16.0,16.0,0,0,,HB tick=1141610 exp_id=188 t_ms=15948 run=1 spd=1 ts=20.000 as=16.000 ta=0.000 aa=-1.085 se=4.000 so=1.586 ae=1.085 ao=-0.048 pwm=13 pc=2 hd=0 y=-1.037 yr=0.248 L=2 R=2 OL=13 OR=13 el=16 er=16 ed=0 dl=16 dr=16 cl=0 cr=0 ok=3712 fail=0 vofa=firewater rx=780 txdrop=23908
1775027516.6324131,1775027516632413300,4827417590500,HB,1141859,16197.0,1,-0.74,0.58,16.0,15.0,1.0,13.0,13.0,2.0,2.0,16.0,15.0,0,0,,HB tick=1141859 exp_id=188 t_ms=16197 run=1 spd=1 ts=20.000 as=15.500 ta=0.000 aa=-1.081 se=4.500 so=1.650 ae=1.081 ao=-0.010 pwm=13 pc=2 hd=0 y=-0.740 yr=0.580 L=2 R=2 OL=13 OR=13 el=16 er=15 ed=1 dl=16 dr=15 cl=0 cr=0 ok=3713 fail=0 vofa=firewater rx=780 txdrop=23908
1775027516.7927067,1775027516792706900,4827577884700,HB,1142015,16353.0,1,-0.71,0.444,15.0,16.0,-1.0,13.0,13.0,2.0,2.0,15.0,16.0,0,0,,HB tick=1142015 exp_id=188 t_ms=16353 run=1 spd=1 ts=20.000 as=15.500 ta=0.000 aa=-0.783 se=4.500 so=1.659 ae=0.783 ao=-0.191 pwm=13 pc=2 hd=0 y=-0.710 yr=0.444 L=2 R=2 OL=13 OR=13 el=15 er=16 ed=-1 dl=15 dr=16 cl=0 cr=0 ok=3714 fail=0 vofa=firewater rx=780 txdrop=23908
1775027517.0402877,1775027517040287700,4827825468300,HB,1142265,16603.0,1,-0.895,0.029,16.0,16.0,0.0,13.0,13.0,2.0,2.0,16.0,16.0,0,0,,HB tick=1142265 exp_id=188 t_ms=16603 run=1 spd=1 ts=20.000 as=16.000 ta=0.000 aa=-0.753 se=4.000 so=1.622 ae=0.753 ao=-0.154 pwm=13 pc=2 hd=0 y=-0.895 yr=0.029 L=2 R=2 OL=13 OR=13 el=16 er=16 ed=0 dl=16 dr=16 cl=0 cr=0 ok=3715 fail=0 vofa=firewater rx=780 txdrop=23908
1775027517.197342,1775027517197342000,4827982519500,HB,1142421,16759.0,1,-0.893,0.023,16.0,15.0,1.0,13.0,13.0,2.0,2.0,16.0,15.0,0,0,,HB tick=1142421 exp_id=188 t_ms=16759 run=1 spd=1 ts=20.000 as=15.500 ta=0.000 aa=-0.938 se=4.500 so=1.680 ae=0.938 ao=0.025 pwm=13 pc=2 hd=0 y=-0.893 yr=0.023 L=2 R=2 OL=13 OR=13 el=16 er=15 ed=1 dl=16 dr=15 cl=0 cr=0 ok=3716 fail=0 vofa=firewater rx=780 txdrop=23908
1775027517.4263668,1775027517426366800,4828211544000,HB,1142653,16991.0,1,-0.854,0.075,15.0,15.0,0.0,13.0,13.0,2.0,2.0,15.0,15.0,0,0,,HB tick=1142653 exp_id=188 t_ms=16991 run=1 spd=1 ts=20.000 as=15.000 ta=0.000 aa=-0.937 se=5.000 so=1.744 ae=0.937 ao=0.027 pwm=13 pc=2 hd=0 y=-0.854 yr=0.075 L=2 R=2 OL=13 OR=13 el=15 er=15 ed=0 dl=15 dr=15 cl=0 cr=0 ok=3717 fail=0 vofa=firewater rx=780 txdrop=23908
1775027517.5921807,1775027517592180700,4828377357900,HB,1142814,17152.0,1,-0.796,0.173,16.0,16.0,0.0,13.0,13.0,2.0,2.0,16.0,16.0,0,0,,HB tick=1142814 exp_id=188 t_ms=17152 run=1 spd=1 ts=20.000 as=16.000 ta=0.000 aa=-0.897 se=4.000 so=1.652 ae=0.897 ao=0.001 pwm=13 pc=2 hd=0 y=-0.796 yr=0.173 L=2 R=2 OL=13 OR=13 el=16 er=16 ed=0 dl=16 dr=16 cl=0 cr=0 ok=3718 fail=0 vofa=firewater rx=780 txdrop=23908
1775027517.8427544,1775027517842754200,4828627932100,HB,1143063,17401.0,1,-0.777,0.139,16.0,16.0,0.0,13.0,13.0,2.0,2.0,16.0,16.0,0,0,,HB tick=1143063 exp_id=188 t_ms=17401 run=1 spd=1 ts=20.000 as=16.000 ta=0.000 aa=-0.840 se=4.000 so=1.664 ae=0.840 ao=-0.044 pwm=13 pc=2 hd=0 y=-0.777 yr=0.139 L=2 R=2 OL=13 OR=13 el=16 er=16 ed=0 dl=16 dr=16 cl=0 cr=0 ok=3719 fail=0 vofa=firewater rx=780 txdrop=23908
1775027518.0516958,1775027518051695900,4828836873900,HB,1143280,17618.0,1,-0.715,0.191,15.0,14.0,1.0,13.0,13.0,2.0,2.0,15.0,14.0,0,0,,HB tick=1143280 exp_id=188 t_ms=17618 run=1 spd=1 ts=20.000 as=14.500 ta=0.000 aa=-0.821 se=5.500 so=1.827 ae=0.821 ao=-0.038 pwm=13 pc=2 hd=0 y=-0.715 yr=0.191 L=2 R=2 OL=13 OR=13 el=15 er=14 ed=1 dl=15 dr=14 cl=0 cr=0 ok=3720 fail=0 vofa=firewater rx=780 txdrop=23908
1775027518.2081373,1775027518208137200,4828993314400,HB,1143436,17774.0,1,-0.683,0.195,16.0,17.0,-1.0,13.0,13.0,2.0,2.0,16.0,17.0,0,0,,HB tick=1143436 exp_id=188 t_ms=17774 run=1 spd=1 ts=20.000 as=16.500 ta=0.000 aa=-0.758 se=3.500 so=1.635 ae=0.758 ao=-0.070 pwm=13 pc=2 hd=0 y=-0.683 yr=0.195 L=2 R=2 OL=13 OR=13 el=16 er=17 ed=-1 dl=16 dr=17 cl=0 cr=0 ok=3721 fail=0 vofa=firewater rx=780 txdrop=23908
1775027518.4478126,1775027518447812700,4829232990000,HB,1143669,18007.0,1,-0.797,-0.044,17.0,16.0,1.0,13.0,13.0,2.0,2.0,17.0,16.0,0,0,,HB tick=1143669 exp_id=188 t_ms=18007 run=1 spd=1 ts=20.000 as=16.500 ta=0.000 aa=-0.727 se=3.500 so=1.646 ae=0.727 ao=-0.078 pwm=13 pc=2 hd=0 y=-0.797 yr=-0.044 L=2 R=2 OL=13 OR=13 el=17 er=16 ed=1 dl=17 dr=16 cl=0 cr=0 ok=3722 fail=0 vofa=firewater rx=780 txdrop=23908
1775027518.6045625,1775027518604562400,4829389739800,HB,1143830,18168.0,1,-0.627,0.341,15.0,16.0,-1.0,13.0,13.0,2.0,2.0,15.0,16.0,0,0,,HB tick=1143830 exp_id=188 t_ms=18168 run=1 spd=1 ts=20.000 as=15.500 ta=0.000 aa=-0.841 se=4.500 so=1.754 ae=0.841 ao=0.027 pwm=13 pc=2 hd=0 y=-0.627 yr=0.341 L=2 R=2 OL=13 OR=13 el=15 er=16 ed=-1 dl=15 dr=16 cl=0 cr=0 ok=3723 fail=0 vofa=firewater rx=780 txdrop=23908
1775027518.8332417,1775027518833241700,4829618418800,HB,1144062,18400.0,1,-0.582,0.29,15.0,16.0,-1.0,13.0,13.0,2.0,2.0,15.0,16.0,0,0,,HB tick=1144062 exp_id=188 t_ms=18400 run=1 spd=1 ts=20.000 as=15.500 ta=0.000 aa=-0.671 se=4.500 so=1.767 ae=0.671 ao=-0.138 pwm=13 pc=2 hd=0 y=-0.582 yr=0.290 L=2 R=2 OL=13 OR=13 el=15 er=16 ed=-1 dl=15 dr=16 cl=0 cr=0 ok=3724 fail=0 vofa=firewater rx=780 txdrop=23908
1775027519.0626805,1775027519062680600,4829847858400,HB,1144284,18622.0,1,-0.578,0.194,16.0,15.0,1.0,12.0,14.0,1.0,3.0,16.0,15.0,0,0,,HB tick=1144284 exp_id=188 t_ms=18622 run=1 spd=1 ts=20.000 as=15.500 ta=0.000 aa=-0.625 se=4.500 so=1.778 ae=0.625 ao=-0.133 pwm=13 pc=2 hd=-1 y=-0.578 yr=0.194 L=1 R=3 OL=12 OR=14 el=16 er=15 ed=1 dl=16 dr=15 cl=0 cr=0 ok=3725 fail=0 vofa=firewater rx=780 txdrop=23908
1775027519.2626798,1775027519262679900,4830047857900,HB,1144485,18823.0,1,-0.493,0.275,16.0,16.0,0.0,13.0,13.0,2.0,2.0,16.0,16.0,0,0,,HB tick=1144485 exp_id=188 t_ms=18823 run=1 spd=1 ts=20.000 as=16.000 ta=0.000 aa=-0.622 se=4.000 so=1.738 ae=0.622 ao=-0.103 pwm=13 pc=2 hd=0 y=-0.493 yr=0.275 L=2 R=2 OL=13 OR=13 el=16 er=16 ed=0 dl=16 dr=16 cl=0 cr=0 ok=3726 fail=0 vofa=firewater rx=780 txdrop=23908
1775027519.4735787,1775027519473578800,4830258756600,HB,1144690,19028.0,1,-0.303,0.503,15.0,15.0,0.0,13.0,13.0,2.0,2.0,15.0,15.0,0,0,,HB tick=1144690 exp_id=188 t_ms=19028 run=1 spd=1 ts=20.000 as=15.000 ta=0.000 aa=-0.536 se=5.000 so=1.849 ae=0.536 ao=-0.150 pwm=13 pc=2 hd=0 y=-0.303 yr=0.503 L=2 R=2 OL=13 OR=13 el=15 er=15 ed=0 dl=15 dr=15 cl=0 cr=0 ok=3727 fail=0 vofa=firewater rx=780 txdrop=23908
1775027519.6210456,1775027519621045500,4830406222700,HB,1144850,19188.0,1,-0.254,0.433,16.0,16.0,0.0,13.0,13.0,2.0,2.0,16.0,16.0,0,0,,HB tick=1144850 exp_id=188 t_ms=19188 run=1 spd=1 ts=20.000 as=16.000 ta=0.000 aa=-0.347 se=4.000 so=1.757 ae=0.347 ao=-0.270 pwm=13 pc=2 hd=0 y=-0.254 yr=0.433 L=2 R=2 OL=13 OR=13 el=16 er=16 ed=0 dl=16 dr=16 cl=0 cr=0 ok=3728 fail=0 vofa=firewater rx=780 txdrop=23908
1775027519.8194742,1775027519819474300,4830604651600,HB,1145038,19376.0,1,-0.245,0.298,16.0,15.0,1.0,13.0,13.0,2.0,2.0,16.0,15.0,0,0,,HB tick=1145038 exp_id=188 t_ms=19376 run=1 spd=1 ts=20.000 as=15.500 ta=0.000 aa=-0.298 se=4.500 so=1.816 ae=0.298 ao=-0.260 pwm=13 pc=2 hd=0 y=-0.245 yr=0.298 L=2 R=2 OL=13 OR=13 el=16 er=15 ed=1 dl=16 dr=15 cl=0 cr=0 ok=3729 fail=0 vofa=firewater rx=780 txdrop=23908
1775027520.048112,1775027520048111800,4830833289000,HB,1145271,19609.0,1,-0.239,0.203,15.0,14.0,1.0,13.0,13.0,2.0,2.0,15.0,14.0,0,0,,HB tick=1145271 exp_id=188 t_ms=19609 run=1 spd=1 ts=20.000 as=14.500 ta=0.000 aa=-0.289 se=5.500 so=1.929 ae=0.289 ao=-0.219 pwm=13 pc=2 hd=0 y=-0.239 yr=0.203 L=2 R=2 OL=13 OR=13 el=15 er=14 ed=1 dl=15 dr=14 cl=0 cr=0 ok=3730 fail=0 vofa=firewater rx=780 txdrop=23908
1775027520.267201,1775027520267200900,4831052378100,HB,1145492,19830.0,1,-0.531,-0.329,15.0,16.0,-1.0,13.0,13.0,2.0,2.0,15.0,16.0,0,0,,HB tick=1145492 exp_id=188 t_ms=19830 run=1 spd=1 ts=20.000 as=15.500 ta=0.000 aa=-0.283 se=4.500 so=1.841 ae=0.283 ao=-0.190 pwm=13 pc=2 hd=0 y=-0.531 yr=-0.329 L=2 R=2 OL=13 OR=13 el=15 er=16 ed=-1 dl=15 dr=16 cl=0 cr=0 ok=3731 fail=0 vofa=firewater rx=780 txdrop=23908
1775027520.424038,1775027520424037800,4831209215600,HB,1145648,19986.0,1,-0.552,-0.262,16.0,16.0,0.0,13.0,13.0,2.0,2.0,16.0,16.0,0,0,,HB tick=1145648 exp_id=188 t_ms=19986 run=1 spd=1 ts=20.000 as=16.000 ta=0.000 aa=-0.574 se=4.000 so=1.798 ae=0.574 ao=0.054 pwm=13 pc=2 hd=0 y=-0.552 yr=-0.262 L=2 R=2 OL=13 OR=13 el=16 er=16 ed=0 dl=16 dr=16 cl=0 cr=0 ok=3732 fail=0 vofa=firewater rx=780 txdrop=23908
1775027520.6533172,1775027520653317200,4831438494300,HB,1145881,20219.0,1,-0.774,-0.504,14.0,15.0,-1.0,13.0,13.0,2.0,2.0,14.0,15.0,0,0,,HB tick=1145881 exp_id=188 t_ms=20219 run=1 spd=1 ts=20.000 as=14.500 ta=0.000 aa=-0.595 se=5.500 so=1.961 ae=0.595 ao=0.038 pwm=13 pc=2 hd=0 y=-0.774 yr=-0.504 L=2 R=2 OL=13 OR=13 el=14 er=15 ed=-1 dl=14 dr=15 cl=0 cr=0 ok=3733 fail=0 vofa=firewater rx=780 txdrop=23908
1775027520.881311,1775027520881311100,4831666489600,HB,1146102,20440.0,1,-0.926,-0.568,15.0,15.0,0.0,13.0,13.0,2.0,2.0,15.0,15.0,0,0,,HB tick=1146102 exp_id=188 t_ms=20440 run=1 spd=1 ts=20.000 as=15.000 ta=0.000 aa=-0.818 se=5.000 so=1.924 ae=0.818 ao=0.171 pwm=13 pc=2 hd=0 y=-0.926 yr=-0.568 L=2 R=2 OL=13 OR=13 el=15 er=15 ed=0 dl=15 dr=15 cl=0 cr=0 ok=3734 fail=0 vofa=firewater rx=780 txdrop=23908
1775027521.0788264,1775027521078826500,4831864003900,HB,1146303,20641.0,1,-0.904,-0.331,15.0,16.0,-1.0,14.0,12.0,3.0,1.0,15.0,16.0,0,0,,HB tick=1146303 exp_id=188 t_ms=20641 run=1 spd=1 ts=20.000 as=15.500 ta=0.000 aa=-0.970 se=4.500 so=1.885 ae=0.970 ao=0.230 pwm=13 pc=2 hd=1 y=-0.904 yr=-0.331 L=3 R=1 OL=14 OR=12 el=15 er=16 ed=-1 dl=15 dr=16 cl=0 cr=0 ok=3735 fail=0 vofa=firewater rx=780 txdrop=23908
1775027521.2346783,1775027521234678400,4832019856300,HB,1146464,20802.0,1,-0.975,-0.37,16.0,16.0,0.0,13.0,13.0,2.0,2.0,16.0,16.0,0,0,,HB tick=1146464 exp_id=188 t_ms=20802 run=1 spd=1 ts=20.000 as=16.000 ta=0.000 aa=-0.947 se=4.000 so=1.843 ae=0.947 ao=0.149 pwm=13 pc=2 hd=0 y=-0.975 yr=-0.370 L=2 R=2 OL=13 OR=13 el=16 er=16 ed=0 dl=16 dr=16 cl=0 cr=0 ok=3736 fail=0 vofa=firewater rx=780 txdrop=23908
1775027521.4289966,1775027521428996700,4832214174400,HB,1146653,20991.0,1,-1.013,-0.31,15.0,15.0,0.0,13.0,13.0,2.0,2.0,15.0,15.0,0,0,,HB tick=1146653 exp_id=188 t_ms=20991 run=1 spd=1 ts=20.000 as=15.000 ta=0.000 aa=-1.019 se=5.000 so=1.955 ae=1.019 ao=0.180 pwm=13 pc=2 hd=0 y=-1.013 yr=-0.310 L=2 R=2 OL=13 OR=13 el=15 er=15 ed=0 dl=15 dr=15 cl=0 cr=0 ok=3737 fail=0 vofa=firewater rx=780 txdrop=23908
1775027521.6797116,1775027521679711400,4832464888800,HB,1146903,21241.0,1,-0.936,-0.094,16.0,15.0,1.0,13.0,13.0,2.0,2.0,16.0,15.0,0,0,,HB tick=1146903 exp_id=188 t_ms=21241 run=1 spd=1 ts=20.000 as=15.500 ta=0.000 aa=-1.056 se=4.500 so=1.920 ae=1.056 ao=0.171 pwm=13 pc=2 hd=0 y=-0.936 yr=-0.094 L=2 R=2 OL=13 OR=13 el=16 er=15 ed=1 dl=16 dr=15 cl=0 cr=0 ok=3738 fail=0 vofa=firewater rx=780 txdrop=23908
1775027521.837845,1775027521837844900,4832623022600,HB,1147059,21397.0,1,-0.915,-0.014,15.0,16.0,-1.0,13.0,13.0,2.0,2.0,15.0,16.0,0,0,,HB tick=1147059 exp_id=188 t_ms=21397 run=1 spd=1 ts=20.000 as=15.500 ta=0.000 aa=-0.980 se=4.500 so=1.927 ae=0.980 ao=0.083 pwm=13 pc=2 hd=0 y=-0.915 yr=-0.014 L=2 R=2 OL=13 OR=13 el=15 er=16 ed=-1 dl=15 dr=16 cl=0 cr=0 ok=3739 fail=0 vofa=firewater rx=780 txdrop=23908
1775027522.0885913,1775027522088591400,4832873770200,HB,1147308,21646.0,1,-1.017,-0.153,15.0,15.0,0.0,13.0,13.0,2.0,2.0,15.0,15.0,0,0,,HB tick=1147308 exp_id=188 t_ms=21646 run=1 spd=1 ts=20.000 as=15.000 ta=0.000 aa=-0.958 se=5.000 so=1.991 ae=0.958 ao=0.052 pwm=13 pc=2 hd=0 y=-1.017 yr=-0.153 L=2 R=2 OL=13 OR=13 el=15 er=15 ed=0 dl=15 dr=15 cl=0 cr=0 ok=3740 fail=0 vofa=firewater rx=780 txdrop=23908
1775027522.2343707,1775027522234370900,4833019548600,HB,1147464,21802.0,1,-1.105,-0.298,15.0,15.0,0.0,13.0,13.0,2.0,2.0,15.0,15.0,0,0,,HB tick=1147464 exp_id=188 t_ms=21802 run=1 spd=1 ts=20.000 as=15.000 ta=0.000 aa=-1.061 se=5.000 so=2.001 ae=1.061 ao=0.123 pwm=13 pc=2 hd=0 y=-1.105 yr=-0.298 L=2 R=2 OL=13 OR=13 el=15 er=15 ed=0 dl=15 dr=15 cl=0 cr=0 ok=3741 fail=0 vofa=firewater rx=780 txdrop=23908
1775027522.4322245,1775027522432224600,4833217401700,HB,1147653,21991.0,1,-1.156,-0.287,16.0,16.0,0.0,13.0,13.0,2.0,2.0,16.0,16.0,0,0,,HB tick=1147653 exp_id=188 t_ms=21991 run=1 spd=1 ts=20.000 as=16.000 ta=0.000 aa=-1.149 se=4.000 so=1.912 ae=1.149 ao=0.192 pwm=13 pc=2 hd=0 y=-1.156 yr=-0.287 L=2 R=2 OL=13 OR=13 el=16 er=16 ed=0 dl=16 dr=16 cl=0 cr=0 ok=3742 fail=0 vofa=firewater rx=780 txdrop=23908
1775027522.6634555,1775027522663455500,4833448632700,HB,1147886,22224.0,1,-1.548,-0.776,16.0,16.0,0.0,14.0,12.0,3.0,1.0,16.0,16.0,0,0,,HB tick=1147886 exp_id=188 t_ms=22224 run=1 spd=1 ts=20.000 as=16.000 ta=0.000 aa=-1.199 se=4.000 so=1.923 ae=1.199 ao=0.201 pwm=13 pc=2 hd=1 y=-1.548 yr=-0.776 L=3 R=1 OL=14 OR=12 el=16 er=16 ed=0 dl=16 dr=16 cl=0 cr=0 ok=3743 fail=0 vofa=firewater rx=780 txdrop=23908
1775027522.861056,1775027522861056100,4833646233300,HB,1148091,22429.0,1,-1.639,-0.66,15.0,15.0,0.0,14.0,12.0,3.0,1.0,15.0,15.0,0,0,,HB tick=1148091 exp_id=188 t_ms=22429 run=1 spd=1 ts=20.000 as=15.000 ta=0.000 aa=-1.592 se=5.000 so=2.036 ae=1.592 ao=0.457 pwm=13 pc=2 hd=1 y=-1.639 yr=-0.660 L=3 R=1 OL=14 OR=12 el=15 er=15 ed=0 dl=15 dr=15 cl=0 cr=0 ok=3744 fail=0 vofa=firewater rx=780 txdrop=23908
1775027523.0270898,1775027523027089900,4833812266900,HB,1148252,22590.0,1,-1.523,-0.177,16.0,16.0,0.0,13.0,13.0,2.0,2.0,16.0,16.0,0,0,,HB tick=1148252 exp_id=188 t_ms=22590 run=1 spd=1 ts=20.000 as=16.000 ta=0.000 aa=-1.683 se=4.000 so=1.944 ae=1.683 ao=0.443 pwm=13 pc=2 hd=0 y=-1.523 yr=-0.177 L=2 R=2 OL=13 OR=13 el=16 er=16 ed=0 dl=16 dr=16 cl=0 cr=0 ok=3745 fail=0 vofa=firewater rx=780 txdrop=23908
1775027523.2780874,1775027523278087300,4834063265400,HB,1148501,22839.0,1,-1.075,0.516,16.0,16.0,0.0,14.0,12.0,3.0,1.0,16.0,16.0,0,0,,HB tick=1148501 exp_id=188 t_ms=22839 run=1 spd=1 ts=20.000 as=16.000 ta=0.000 aa=-1.567 se=4.000 so=1.956 ae=1.567 ao=0.261 pwm=13 pc=2 hd=1 y=-1.075 yr=0.516 L=3 R=1 OL=14 OR=12 el=16 er=16 ed=0 dl=16 dr=16 cl=0 cr=0 ok=3746 fail=0 vofa=firewater rx=780 txdrop=23908
1775027523.4340074,1775027523434007400,4834219187800,HB,1148658,22996.0,1,-1.023,0.451,15.0,15.0,0.0,13.0,13.0,2.0,2.0,15.0,15.0,0,0,,HB tick=1148658 exp_id=188 t_ms=22996 run=1 spd=1 ts=20.000 as=15.000 ta=0.000 aa=-1.118 se=5.000 so=2.064 ae=1.118 ao=-0.073 pwm=13 pc=2 hd=0 y=-1.023 yr=0.451 L=2 R=2 OL=13 OR=13 el=15 er=15 ed=0 dl=15 dr=15 cl=0 cr=0 ok=3747 fail=0 vofa=firewater rx=780 txdrop=23908
1775027523.663209,1775027523663209000,4834448386700,HB,1148890,23228.0,1,-0.715,0.757,15.0,16.0,-1.0,13.0,13.0,2.0,2.0,15.0,16.0,0,0,,HB tick=1148890 exp_id=188 t_ms=23228 run=1 spd=1 ts=20.000 as=15.500 ta=0.000 aa=-1.066 se=4.500 so=2.028 ae=1.066 ao=-0.064 pwm=13 pc=2 hd=0 y=-0.715 yr=0.757 L=2 R=2 OL=13 OR=13 el=15 er=16 ed=-1 dl=15 dr=16 cl=0 cr=0 ok=3748 fail=0 vofa=firewater rx=780 txdrop=23908
1775027523.8293343,1775027523829334300,4834614511400,HB,1149051,23389.0,1,-0.699,0.527,16.0,17.0,-1.0,13.0,13.0,2.0,2.0,16.0,17.0,0,0,,HB tick=1149051 exp_id=188 t_ms=23389 run=1 spd=1 ts=20.000 as=16.500 ta=0.000 aa=-0.759 se=3.500 so=1.935 ae=0.759 ao=-0.239 pwm=13 pc=2 hd=0 y=-0.699 yr=0.527 L=2 R=2 OL=13 OR=13 el=16 er=17 ed=-1 dl=16 dr=17 cl=0 cr=0 ok=3749 fail=0 vofa=firewater rx=780 txdrop=23908
1775027524.017864,1775027524017863900,4834803041000,HB,1149240,23578.0,1,-0.684,0.37,16.0,15.0,1.0,13.0,13.0,2.0,2.0,16.0,15.0,0,0,,HB tick=1149240 exp_id=188 t_ms=23578 run=1 spd=1 ts=20.000 as=15.500 ta=0.000 aa=-0.743 se=4.500 so=2.044 ae=0.743 ao=-0.169 pwm=13 pc=2 hd=0 y=-0.684 yr=0.370 L=2 R=2 OL=13 OR=13 el=16 er=15 ed=1 dl=16 dr=15 cl=0 cr=0 ok=3750 fail=0 vofa=firewater rx=780 txdrop=23908
1775027524.2682958,1775027524268295600,4835053472800,HB,1149489,23827.0,1,0.024,1.236,15.0,16.0,-1.0,13.0,13.0,2.0,2.0,15.0,16.0,0,0,,HB tick=1149489 exp_id=188 t_ms=23827 run=1 spd=1 ts=20.000 as=15.500 ta=0.000 aa=-0.728 se=4.500 so=2.058 ae=0.728 ao=-0.122 pwm=13 pc=2 hd=0 y=0.024 yr=1.236 L=2 R=2 OL=13 OR=13 el=15 er=16 ed=-1 dl=15 dr=16 cl=0 cr=0 ok=3751 fail=0 vofa=firewater rx=780 txdrop=23908
1775027524.4769804,1775027524476980500,4835262159800,HB,1149706,24044.0,1,-0.03,0.717,16.0,16.0,0.0,13.0,13.0,2.0,2.0,16.0,16.0,0,0,,HB tick=1149706 exp_id=188 t_ms=24044 run=1 spd=1 ts=20.000 as=16.000 ta=0.000 aa=-0.019 se=4.000 so=2.020 ae=0.019 ao=-0.576 pwm=13 pc=2 hd=0 y=-0.030 yr=0.717 L=2 R=2 OL=13 OR=13 el=16 er=16 ed=0 dl=16 dr=16 cl=0 cr=0 ok=3752 fail=0 vofa=firewater rx=780 txdrop=23908
1775027524.632677,1775027524632677200,4835417854500,HB,1149862,24200.0,1,-0.013,0.503,16.0,16.0,0.0,13.0,13.0,2.0,2.0,16.0,16.0,0,0,,HB tick=1149862 exp_id=188 t_ms=24200 run=1 spd=1 ts=20.000 as=16.000 ta=0.000 aa=-0.073 se=4.000 so=2.028 ae=0.073 ao=-0.397 pwm=13 pc=2 hd=0 y=-0.013 yr=0.503 L=2 R=2 OL=13 OR=13 el=16 er=16 ed=0 dl=16 dr=16 cl=0 cr=0 ok=3753 fail=0 vofa=firewater rx=780 txdrop=23908
1775027524.8838212,1775027524883821300,4835668998600,HB,1150111,24449.0,1,-0.218,0.038,15.0,14.0,1.0,13.0,13.0,2.0,2.0,15.0,14.0,0,0,,HB tick=1150111 exp_id=188 t_ms=24449 run=1 spd=1 ts=20.000 as=14.500 ta=0.000 aa=-0.056 se=5.500 so=2.192 ae=0.056 ao=-0.333 pwm=13 pc=2 hd=0 y=-0.218 yr=0.038 L=2 R=2 OL=13 OR=13 el=15 er=14 ed=1 dl=15 dr=14 cl=0 cr=0 ok=3754 fail=0 vofa=firewater rx=780 txdrop=23908
1775027525.0811465,1775027525081146400,4835866323800,HB,1150312,24650.0,1,-0.247,-0.025,15.0,17.0,-2.0,13.0,13.0,2.0,2.0,15.0,17.0,0,0,,HB tick=1150312 exp_id=188 t_ms=24650 run=1 spd=1 ts=20.000 as=16.000 ta=0.000 aa=-0.262 se=4.000 so=2.053 ae=0.262 ao=-0.132 pwm=13 pc=2 hd=0 y=-0.247 yr=-0.025 L=2 R=2 OL=13 OR=13 el=15 er=17 ed=-2 dl=15 dr=17 cl=0 cr=0 ok=3755 fail=0 vofa=firewater rx=780 txdrop=23908
1775027525.2905107,1775027525290510700,4836075687900,HB,1150517,24855.0,1,-0.431,-0.331,16.0,15.0,1.0,13.0,13.0,2.0,2.0,16.0,15.0,0,0,,HB tick=1150517 exp_id=188 t_ms=24855 run=1 spd=1 ts=20.000 as=15.500 ta=0.000 aa=-0.291 se=4.500 so=2.114 ae=0.291 ao=-0.105 pwm=13 pc=2 hd=0 y=-0.431 yr=-0.331 L=2 R=2 OL=13 OR=13 el=16 er=15 ed=1 dl=16 dr=15 cl=0 cr=0 ok=3756 fail=0 vofa=firewater rx=780 txdrop=23908
1775027525.4575133,1775027525457513200,4836242691000,HB,1150682,25020.0,1,-0.448,-0.251,15.0,15.0,0.0,13.0,13.0,2.0,2.0,15.0,15.0,0,0,,HB tick=1150682 exp_id=188 t_ms=25020 run=1 spd=1 ts=20.000 as=15.000 ta=0.000 aa=-0.475 se=5.000 so=2.173 ae=0.475 ao=0.039 pwm=13 pc=2 hd=0 y=-0.448 yr=-0.251 L=2 R=2 OL=13 OR=13 el=15 er=15 ed=0 dl=15 dr=15 cl=0 cr=0 ok=3757 fail=0 vofa=firewater rx=780 txdrop=23908
1775027525.7062874,1775027525706287300,4836491465700,HB,1150936,25274.0,1,-0.409,-0.109,16.0,15.0,1.0,13.0,13.0,2.0,2.0,16.0,15.0,0,0,,HB tick=1150936 exp_id=188 t_ms=25274 run=1 spd=1 ts=20.000 as=15.500 ta=0.000 aa=-0.492 se=4.500 so=2.139 ae=0.492 ao=0.018 pwm=13 pc=2 hd=0 y=-0.409 yr=-0.109 L=2 R=2 OL=13 OR=13 el=16 er=15 ed=1 dl=16 dr=15 cl=0 cr=0 ok=3758 fail=0 vofa=firewater rx=780 txdrop=23908
1775027525.863491,1775027525863491000,4836648668300,HB,1151092,25430.0,1,-0.344,0.074,16.0,16.0,0.0,13.0,13.0,2.0,2.0,16.0,16.0,0,0,,HB tick=1151092 exp_id=188 t_ms=25430 run=1 spd=1 ts=20.000 as=16.000 ta=0.000 aa=-0.452 se=4.000 so=2.097 ae=0.452 ao=-0.037 pwm=13 pc=2 hd=0 y=-0.344 yr=0.074 L=2 R=2 OL=13 OR=13 el=16 er=16 ed=0 dl=16 dr=16 cl=0 cr=0 ok=3759 fail=0 vofa=firewater rx=780 txdrop=23908
1775027526.1031325,1775027526103132500,4836888309700,HB,1151325,25663.0,1,-0.564,-0.282,16.0,16.0,0.0,13.0,13.0,2.0,2.0,16.0,16.0,0,0,,HB tick=1151325 exp_id=188 t_ms=25663 run=1 spd=1 ts=20.000 as=16.000 ta=0.000 aa=-0.388 se=4.000 so=2.109 ae=0.388 ao=-0.111 pwm=13 pc=2 hd=0 y=-0.564 yr=-0.282 L=2 R=2 OL=13 OR=13 el=16 er=16 ed=0 dl=16 dr=16 cl=0 cr=0 ok=3760 fail=0 vofa=firewater rx=780 txdrop=23908
1775027526.2636204,1775027526263620300,4837048798900,HB,1151486,25824.0,1,-0.486,-0.014,14.0,14.0,0.0,13.0,13.0,2.0,2.0,14.0,14.0,0,0,,HB tick=1151486 exp_id=188 t_ms=25824 run=1 spd=1 ts=20.000 as=14.000 ta=0.000 aa=-0.608 se=6.000 so=2.319 ae=0.608 ao=0.058 pwm=13 pc=2 hd=0 y=-0.486 yr=-0.014 L=2 R=2 OL=13 OR=13 el=14 er=14 ed=0 dl=14 dr=14 cl=0 cr=0 ok=3761 fail=0 vofa=firewater rx=780 txdrop=23908
1775027526.5157614,1775027526515761500,4837300939200,HB,1151735,26073.0,1,-1.123,-0.904,15.0,16.0,-1.0,13.0,13.0,2.0,2.0,15.0,16.0,0,0,,HB tick=1151735 exp_id=188 t_ms=26073 run=1 spd=1 ts=20.000 as=15.500 ta=0.000 aa=-0.530 se=4.500 so=2.183 ae=0.530 ao=-0.047 pwm=13 pc=2 hd=0 y=-1.123 yr=-0.904 L=2 R=2 OL=13 OR=13 el=15 er=16 ed=-1 dl=15 dr=16 cl=0 cr=0 ok=3762 fail=0 vofa=firewater rx=780 txdrop=23908
1775027526.6733902,1775027526673390200,4837458567400,HB,1151891,26229.0,1,-1.204,-0.769,16.0,16.0,0.0,14.0,12.0,3.0,1.0,16.0,16.0,0,0,,HB tick=1151891 exp_id=188 t_ms=26229 run=1 spd=1 ts=20.000 as=16.000 ta=0.000 aa=-1.166 se=4.000 so=2.141 ae=1.166 ao=0.397 pwm=13 pc=2 hd=1 y=-1.204 yr=-0.769 L=3 R=1 OL=14 OR=12 el=16 er=16 ed=0 dl=16 dr=16 cl=0 cr=0 ok=3763 fail=0 vofa=firewater rx=780 txdrop=23908
1775027526.911728,1775027526911727900,4837696905300,HB,1152141,26479.0,1,-1.243,-0.555,14.0,15.0,-1.0,14.0,12.0,3.0,1.0,14.0,15.0,0,0,,HB tick=1152141 exp_id=188 t_ms=26479 run=1 spd=1 ts=20.000 as=14.500 ta=0.000 aa=-1.247 se=5.500 so=2.305 ae=1.247 ao=0.375 pwm=13 pc=2 hd=1 y=-1.243 yr=-0.555 L=3 R=1 OL=14 OR=12 el=14 er=15 ed=-1 dl=14 dr=15 cl=0 cr=0 ok=3764 fail=0 vofa=firewater rx=780 txdrop=23908
1775027527.1206412,1775027527120641300,4837905819300,HB,1152342,26680.0,1,-1.324,-0.501,16.0,15.0,1.0,13.0,13.0,2.0,2.0,16.0,15.0,0,0,,HB tick=1152342 exp_id=188 t_ms=26680 run=1 spd=1 ts=20.000 as=15.500 ta=0.000 aa=-1.287 se=4.500 so=2.217 ae=1.287 ao=0.317 pwm=13 pc=2 hd=0 y=-1.324 yr=-0.501 L=2 R=2 OL=13 OR=13 el=16 er=15 ed=1 dl=16 dr=15 cl=0 cr=0 ok=3765 fail=0 vofa=firewater rx=780 txdrop=23908
1775027527.3178236,1775027527317823800,4838103001200,HB,1152547,26885.0,1,-1.293,-0.273,16.0,15.0,1.0,14.0,12.0,3.0,1.0,16.0,15.0,0,0,,HB tick=1152547 exp_id=188 t_ms=26885 run=1 spd=1 ts=20.000 as=15.500 ta=0.000 aa=-1.367 se=4.500 so=2.227 ae=1.367 ao=0.321 pwm=13 pc=2 hd=1 y=-1.293 yr=-0.273 L=3 R=1 OL=14 OR=12 el=16 er=15 ed=1 dl=16 dr=15 cl=0 cr=0 ok=3766 fail=0 vofa=firewater rx=780 txdrop=23908
1775027527.4860532,1775027527486053200,4838271230400,HB,1152707,27045.0,1,-1.228,-0.035,15.0,15.0,0.0,14.0,12.0,3.0,1.0,15.0,15.0,0,0,,HB tick=1152707 exp_id=188 t_ms=27045 run=1 spd=1 ts=20.000 as=15.000 ta=0.000 aa=-1.337 se=5.000 so=2.286 ae=1.337 ao=0.241 pwm=13 pc=2 hd=1 y=-1.228 yr=-0.035 L=3 R=1 OL=14 OR=12 el=15 er=15 ed=0 dl=15 dr=15 cl=0 cr=0 ok=3767 fail=0 vofa=firewater rx=780 txdrop=23908
1775027527.7165737,1775027527716573800,4838501751300,HB,1152940,27278.0,1,-0.873,0.51,16.0,15.0,1.0,13.0,13.0,2.0,2.0,16.0,15.0,0,0,,HB tick=1152940 exp_id=188 t_ms=27278 run=1 spd=1 ts=20.000 as=15.500 ta=0.000 aa=-1.272 se=4.500 so=2.251 ae=1.272 ao=0.149 pwm=13 pc=2 hd=0 y=-0.873 yr=0.510 L=2 R=2 OL=13 OR=13 el=16 er=15 ed=1 dl=16 dr=15 cl=0 cr=0 ok=3768 fail=0 vofa=firewater rx=780 txdrop=23908
1775027527.8735652,1775027527873565300,4838658742400,HB,1153102,27440.0,1,-0.94,0.188,15.0,15.0,0.0,13.0,13.0,2.0,2.0,15.0,15.0,0,0,,HB tick=1153102 exp_id=188 t_ms=27440 run=1 spd=1 ts=20.000 as=15.000 ta=0.000 aa=-0.917 se=5.000 so=2.309 ae=0.917 ao=-0.114 pwm=13 pc=2 hd=0 y=-0.940 yr=0.188 L=2 R=2 OL=13 OR=13 el=15 er=15 ed=0 dl=15 dr=15 cl=0 cr=0 ok=3769 fail=0 vofa=firewater rx=780 txdrop=23908
1775027528.061902,1775027528061902200,4838847079500,HB,1153291,27628.0,1,-0.899,0.199,16.0,16.0,0.0,13.0,13.0,2.0,2.0,16.0,16.0,0,0,,HB tick=1153291 exp_id=188 t_ms=27628 run=1 spd=1 ts=20.000 as=16.000 ta=0.000 aa=-0.983 se=4.000 so=2.219 ae=0.983 ao=0.006 pwm=13 pc=2 hd=0 y=-0.899 yr=0.199 L=2 R=2 OL=13 OR=13 el=16 er=16 ed=0 dl=16 dr=16 cl=0 cr=0 ok=3770 fail=0 vofa=firewater rx=780 txdrop=23908
1775027528.281527,1775027528281527000,4839066704300,HB,1153479,27817.0,1,-0.723,0.455,16.0,15.0,1.0,13.0,13.0,2.0,2.0,16.0,15.0,0,0,,HB tick=1153479 exp_id=188 t_ms=27817 run=1 spd=1 ts=20.000 as=15.500 ta=0.000 aa=-0.942 se=4.500 so=2.279 ae=0.942 ao=-0.007 pwm=13 pc=2 hd=0 y=-0.723 yr=0.455 L=2 R=2 OL=13 OR=13 el=16 er=15 ed=1 dl=16 dr=15 cl=0 cr=0 ok=3771 fail=0 vofa=firewater rx=780 txdrop=23908
1775027528.500353,1775027528500353100,4839285531500,HB,1153728,28066.0,1,-0.309,0.877,16.0,15.0,1.0,13.0,13.0,2.0,2.0,16.0,15.0,0,0,,HB tick=1153728 exp_id=188 t_ms=28066 run=1 spd=1 ts=20.000 as=15.500 ta=0.000 aa=-0.766 se=4.500 so=2.294 ae=0.766 ao=-0.133 pwm=13 pc=2 hd=0 y=-0.309 yr=0.877 L=2 R=2 OL=13 OR=13 el=16 er=15 ed=1 dl=16 dr=15 cl=0 cr=0 ok=3772 fail=0 vofa=firewater rx=780 txdrop=23908
1775027528.6582193,1775027528658219200,4839443399600,HB,1153885,28223.0,1,-0.274,0.648,16.0,16.0,0.0,13.0,13.0,2.0,2.0,16.0,16.0,0,0,,HB tick=1153885 exp_id=188 t_ms=28223 run=1 spd=1 ts=20.000 as=16.000 ta=0.000 aa=-0.353 se=4.000 so=2.251 ae=0.353 ao=-0.371 pwm=13 pc=2 hd=0 y=-0.274 yr=0.648 L=2 R=2 OL=13 OR=13 el=16 er=16 ed=0 dl=16 dr=16 cl=0 cr=0 ok=3773 fail=0 vofa=firewater rx=780 txdrop=23908
1775027528.8893814,1775027528889381400,4839674558800,HB,1154117,28455.0,1,-0.051,0.758,15.0,14.0,1.0,12.0,14.0,1.0,3.0,15.0,14.0,0,0,,HB tick=1154117 exp_id=188 t_ms=28455 run=1 spd=1 ts=20.000 as=14.500 ta=0.000 aa=-0.318 se=5.500 so=2.413 ae=0.318 ao=-0.306 pwm=13 pc=2 hd=-1 y=-0.051 yr=0.758 L=1 R=3 OL=12 OR=14 el=15 er=14 ed=1 dl=15 dr=14 cl=0 cr=0 ok=3774 fail=0 vofa=firewater rx=780 txdrop=23908
1775027529.3141806,1775027529314180600,4840099362800,HB,1154278,28616.0,1,0.02,0.647,15.0,15.0,0.0,13.0,13.0,2.0,2.0,15.0,15.0,0,0,,HB tick=1154278 exp_id=188 t_ms=28616 run=1 spd=1 ts=20.000 as=15.000 ta=0.000 aa=-0.095 se=5.000 so=2.372 ae=0.095 ao=-0.397 pwm=13 pc=2 hd=0 y=0.020 yr=0.647 L=2 R=2 OL=13 OR=13 el=15 er=15 ed=0 dl=15 dr=15 cl=0 cr=0 ok=3775 fail=0 vofa=firewater rx=780 txdrop=23908
1775027529.3141806,1775027529314180601,4840099362801,HB,1154527,28865.0,1,-0.064,0.303,16.0,16.0,0.0,13.0,13.0,2.0,2.0,16.0,16.0,0,0,,HB tick=1154527 exp_id=188 t_ms=28865 run=1 spd=1 ts=20.000 as=16.000 ta=0.000 aa=-0.024 se=4.000 so=2.285 ae=0.024 ao=-0.379 pwm=13 pc=2 hd=0 y=-0.064 yr=0.303 L=2 R=2 OL=13 OR=13 el=16 er=16 ed=0 dl=16 dr=16 cl=0 cr=0 ok=3776 fail=0 vofa=firewater rx=780 txdrop=23908
1775027529.4611712,1775027529461171100,4840246349100,HB,1154683,29021.0,1,-0.06,0.206,16.0,16.0,0.0,13.0,13.0,2.0,2.0,16.0,16.0,0,0,,HB tick=1154683 exp_id=188 t_ms=29021 run=1 spd=1 ts=20.000 as=16.000 ta=0.000 aa=-0.107 se=4.000 so=2.293 ae=0.107 ao=-0.248 pwm=13 pc=2 hd=0 y=-0.060 yr=0.206 L=2 R=2 OL=13 OR=13 el=16 er=16 ed=0 dl=16 dr=16 cl=0 cr=0 ok=3777 fail=0 vofa=firewater rx=780 txdrop=23908
1775027529.7110257,1775027529711025600,4840496202600,HB,1154937,29275.0,1,-0.137,0.028,15.0,15.0,0.0,12.0,14.0,1.0,3.0,15.0,15.0,0,0,,HB tick=1154937 exp_id=188 t_ms=29275 run=1 spd=1 ts=20.000 as=15.000 ta=0.000 aa=-0.103 se=5.000 so=2.407 ae=0.103 ao=-0.218 pwm=13 pc=2 hd=-1 y=-0.137 yr=0.028 L=1 R=3 OL=12 OR=14 el=15 er=15 ed=0 dl=15 dr=15 cl=0 cr=0 ok=3778 fail=0 vofa=firewater rx=780 txdrop=23908
1775027529.8678362,1775027529867836200,4840653013400,HB,1155093,29431.0,1,-0.116,0.066,15.0,16.0,-1.0,13.0,13.0,2.0,2.0,15.0,16.0,0,0,,HB tick=1155093 exp_id=188 t_ms=29431 run=1 spd=1 ts=20.000 as=15.500 ta=0.000 aa=-0.180 se=4.500 so=2.366 ae=0.180 ao=-0.142 pwm=13 pc=2 hd=0 y=-0.116 yr=0.066 L=2 R=2 OL=13 OR=13 el=15 er=16 ed=-1 dl=15 dr=16 cl=0 cr=0 ok=3779 fail=0 vofa=firewater rx=780 txdrop=23908
1775027530.118829,1775027530118829000,4840904010400,HB,1155343,29681.0,1,-0.166,-0.028,16.0,15.0,1.0,13.0,13.0,2.0,2.0,16.0,15.0,0,0,,HB tick=1155343 exp_id=188 t_ms=29681 run=1 spd=1 ts=20.000 as=15.500 ta=0.000 aa=-0.159 se=4.500 so=2.378 ae=0.159 ao=-0.159 pwm=13 pc=2 hd=0 y=-0.166 yr=-0.028 L=2 R=2 OL=13 OR=13 el=16 er=15 ed=1 dl=16 dr=15 cl=0 cr=0 ok=3780 fail=0 vofa=firewater rx=780 txdrop=23908
1775027530.2757604,1775027530275760400,4841060938800,HB,1155499,29837.0,1,-0.131,0.06,15.0,15.0,0.0,13.0,13.0,2.0,2.0,15.0,15.0,0,0,,HB tick=1155499 exp_id=188 t_ms=29837 run=1 spd=1 ts=20.000 as=15.000 ta=0.000 aa=-0.210 se=5.000 so=2.436 ae=0.210 ao=-0.116 pwm=13 pc=2 hd=0 y=-0.131 yr=0.060 L=2 R=2 OL=13 OR=13 el=15 er=15 ed=0 dl=15 dr=15 cl=0 cr=0 ok=3781 fail=0 vofa=firewater rx=780 txdrop=23908
1775027530.8839755,1775027530883975500,4841669153600,HB,1155732,30070.0,1,-0.222,-0.098,15.0,16.0,-1.0,13.0,13.0,2.0,2.0,15.0,16.0,0,0,,HB tick=1155732 exp_id=188 t_ms=30070 run=1 spd=1 ts=20.000 as=15.500 ta=0.000 aa=-0.174 se=4.500 so=2.400 ae=0.174 ao=-0.153 pwm=13 pc=2 hd=0 y=-0.222 yr=-0.098 L=2 R=2 OL=13 OR=13 el=15 er=16 ed=-1 dl=15 dr=16 cl=0 cr=0 ok=3782 fail=0 vofa=firewater rx=780 txdrop=23908
1775027530.8839755,1775027530883975501,4841669153601,HB,1155958,30296.0,1,-0.088,0.143,16.0,15.0,1.0,13.0,13.0,2.0,2.0,16.0,15.0,0,0,,HB tick=1155958 exp_id=188 t_ms=30296 run=1 spd=1 ts=20.000 as=15.500 ta=0.000 aa=-0.266 se=4.500 so=2.411 ae=0.266 ao=-0.080 pwm=13 pc=2 hd=0 y=-0.088 yr=0.143 L=2 R=2 OL=13 OR=13 el=16 er=15 ed=1 dl=16 dr=15 cl=0 cr=0 ok=3783 fail=0 vofa=firewater rx=780 txdrop=23908
1775027530.9366496,1775027530936649500,4841721830700,HB,1156159,30497.0,1,0.001,0.249,15.0,15.0,0.0,13.0,13.0,2.0,2.0,15.0,15.0,0,0,,HB tick=1156159 exp_id=188 t_ms=30497 run=1 spd=1 ts=20.000 as=15.000 ta=0.000 aa=-0.132 se=5.000 so=2.471 ae=0.132 ao=-0.190 pwm=13 pc=2 hd=0 y=0.001 yr=0.249 L=2 R=2 OL=13 OR=13 el=15 er=15 ed=0 dl=15 dr=15 cl=0 cr=0 ok=3784 fail=0 vofa=firewater rx=780 txdrop=23908
1775027531.093955,1775027531093955000,4841879132400,HB,1156320,30658.0,1,0.101,0.378,16.0,15.0,1.0,14.0,14.0,3.0,3.0,16.0,15.0,0,0,,HB tick=1156320 exp_id=188 t_ms=30658 run=1 spd=1 ts=20.000 as=15.500 ta=0.000 aa=-0.043 se=4.500 so=2.432 ae=0.043 ao=-0.247 pwm=14 pc=3 hd=0 y=0.101 yr=0.378 L=3 R=3 OL=14 OR=14 el=16 er=15 ed=1 dl=16 dr=15 cl=0 cr=0 ok=3785 fail=0 vofa=firewater rx=780 txdrop=23908
1775027531.2808735,1775027531280873500,4842066051100,HB,1156509,30847.0,1,-0.04,-0.015,15.0,17.0,-2.0,12.0,14.0,1.0,3.0,15.0,17.0,0,0,,HB tick=1156509 exp_id=188 t_ms=30847 run=1 spd=1 ts=20.000 as=16.000 ta=0.000 aa=0.057 se=4.000 so=2.391 ae=-0.057 ao=-0.313 pwm=13 pc=2 hd=-1 y=-0.040 yr=-0.015 L=1 R=3 OL=12 OR=14 el=15 er=17 ed=-2 dl=15 dr=17 cl=0 cr=0 ok=3786 fail=0 vofa=firewater rx=780 txdrop=23908
1775027531.5321915,1775027531532191500,4842317368500,HB,1156758,31096.0,1,-0.386,-0.495,16.0,15.0,1.0,12.0,14.0,1.0,3.0,16.0,15.0,0,0,,HB tick=1156758 exp_id=188 t_ms=31096 run=1 spd=1 ts=20.000 as=15.500 ta=0.000 aa=-0.084 se=4.500 so=2.453 ae=0.084 ao=-0.152 pwm=13 pc=2 hd=-1 y=-0.386 yr=-0.495 L=1 R=3 OL=12 OR=14 el=16 er=15 ed=1 dl=16 dr=15 cl=0 cr=0 ok=3787 fail=0 vofa=firewater rx=780 txdrop=23908
1775027531.8405945,1775027531840594500,4842625772500,HB,1156959,31297.0,1,-0.312,-0.193,16.0,15.0,1.0,13.0,13.0,2.0,2.0,16.0,15.0,0,0,,HB tick=1156959 exp_id=188 t_ms=31297 run=1 spd=1 ts=20.000 as=15.500 ta=0.000 aa=-0.429 se=4.500 so=2.464 ae=0.429 ao=0.089 pwm=13 pc=2 hd=0 y=-0.312 yr=-0.193 L=2 R=2 OL=13 OR=13 el=16 er=15 ed=1 dl=16 dr=15 cl=0 cr=0 ok=3788 fail=0 vofa=firewater rx=780 txdrop=23908
1775027531.9659257,1775027531965925700,4842751102900,HB,1157164,31502.0,1,-0.445,-0.353,16.0,16.0,0.0,13.0,13.0,2.0,2.0,16.0,16.0,0,0,,HB tick=1157164 exp_id=188 t_ms=31502 run=1 spd=1 ts=20.000 as=16.000 ta=0.000 aa=-0.355 se=4.000 so=2.425 ae=0.355 ao=-0.026 pwm=13 pc=2 hd=0 y=-0.445 yr=-0.353 L=2 R=2 OL=13 OR=13 el=16 er=16 ed=0 dl=16 dr=16 cl=0 cr=0 ok=3789 fail=0 vofa=firewater rx=780 txdrop=23908
1775027532.1429877,1775027532142987700,4842928165000,HB,1157369,31707.0,1,-0.303,0.013,15.0,16.0,-1.0,13.0,13.0,2.0,2.0,15.0,16.0,0,0,,HB tick=1157369 exp_id=188 t_ms=31707 run=1 spd=1 ts=20.000 as=15.500 ta=0.000 aa=-0.488 se=4.500 so=2.485 ae=0.488 ao=0.058 pwm=13 pc=2 hd=0 y=-0.303 yr=0.013 L=2 R=2 OL=13 OR=13 el=15 er=16 ed=-1 dl=15 dr=16 cl=0 cr=0 ok=3790 fail=0 vofa=firewater rx=780 txdrop=23908
1775027532.3523579,1775027532352358000,4843137536300,HB,1157574,31912.0,1,-0.248,0.102,15.0,15.0,0.0,14.0,14.0,3.0,3.0,15.0,15.0,0,0,,HB tick=1157574 exp_id=188 t_ms=31912 run=1 spd=1 ts=20.000 as=15.000 ta=0.000 aa=-0.346 se=5.000 so=2.546 ae=0.346 ao=-0.094 pwm=14 pc=3 hd=0 y=-0.248 yr=0.102 L=3 R=3 OL=14 OR=14 el=15 er=15 ed=0 dl=15 dr=15 cl=0 cr=0 ok=3791 fail=0 vofa=firewater rx=780 txdrop=23908
1775027532.5195956,1775027532519595400,4843304773000,HB,1157739,32077.0,1,-0.084,0.414,16.0,16.0,0.0,13.0,13.0,2.0,2.0,16.0,16.0,0,0,,HB tick=1157739 exp_id=188 t_ms=32077 run=1 spd=1 ts=20.000 as=16.000 ta=0.000 aa=-0.291 se=4.000 so=2.455 ae=0.291 ao=-0.136 pwm=13 pc=2 hd=0 y=-0.084 yr=0.414 L=2 R=2 OL=13 OR=13 el=16 er=16 ed=0 dl=16 dr=16 cl=0 cr=0 ok=3792 fail=0 vofa=firewater rx=780 txdrop=23908
1775027532.7077227,1775027532707722700,4843492904000,HB,1157928,32266.0,1,-0.127,0.189,16.0,16.0,0.0,13.0,13.0,2.0,2.0,16.0,16.0,0,0,,HB tick=1157928 exp_id=188 t_ms=32266 run=1 spd=1 ts=20.000 as=16.000 ta=0.000 aa=-0.128 se=4.000 so=2.464 ae=0.128 ao=-0.277 pwm=13 pc=2 hd=0 y=-0.127 yr=0.189 L=2 R=2 OL=13 OR=13 el=16 er=16 ed=0 dl=16 dr=16 cl=0 cr=0 ok=3793 fail=0 vofa=firewater rx=780 txdrop=23908
1775027532.9393501,1775027532939349900,4843724527400,HB,1158161,32499.0,1,-0.077,0.198,16.0,16.0,0.0,14.0,14.0,3.0,3.0,16.0,16.0,0,0,,HB tick=1158161 exp_id=188 t_ms=32499 run=1 spd=1 ts=20.000 as=16.000 ta=0.000 aa=-0.171 se=4.000 so=2.476 ae=0.171 ao=-0.194 pwm=14 pc=3 hd=0 y=-0.077 yr=0.198 L=3 R=3 OL=14 OR=14 el=16 er=16 ed=0 dl=16 dr=16 cl=0 cr=0 ok=3794 fail=0 vofa=firewater rx=780 txdrop=23908
1775027533.277968,1775027533277967900,4844063145600,HB,1158322,32660.0,1,-0.086,0.109,15.0,16.0,-1.0,14.0,14.0,3.0,3.0,15.0,16.0,0,0,,HB tick=1158322 exp_id=188 t_ms=32660 run=1 spd=1 ts=20.000 as=15.500 ta=0.000 aa=-0.121 se=4.500 so=2.535 ae=0.121 ao=-0.209 pwm=14 pc=3 hd=0 y=-0.086 yr=0.109 L=3 R=3 OL=14 OR=14 el=15 er=16 ed=-1 dl=15 dr=16 cl=0 cr=0 ok=3795 fail=0 vofa=firewater rx=780 txdrop=23908
1775027533.3724341,1775027533372434200,4844157611300,HB,1158571,32909.0,1,-0.632,-0.697,16.0,16.0,0.0,13.0,13.0,2.0,2.0,16.0,16.0,0,0,,HB tick=1158571 exp_id=188 t_ms=32909 run=1 spd=1 ts=20.000 as=16.000 ta=0.000 aa=-0.130 se=4.000 so=2.498 ae=0.130 ao=-0.179 pwm=13 pc=2 hd=0 y=-0.632 yr=-0.697 L=2 R=2 OL=13 OR=13 el=16 er=16 ed=0 dl=16 dr=16 cl=0 cr=0 ok=3796 fail=0 vofa=firewater rx=780 txdrop=23908
1775027533.5395484,1775027533539548500,4844324726000,HB,1158766,33104.0,1,-0.686,-0.549,16.0,16.0,0.0,14.0,14.0,3.0,3.0,16.0,16.0,0,0,,HB tick=1158766 exp_id=188 t_ms=33104 run=1 spd=1 ts=20.000 as=16.000 ta=0.000 aa=-0.676 se=4.000 so=2.507 ae=0.676 ao=0.216 pwm=14 pc=3 hd=0 y=-0.686 yr=-0.549 L=3 R=3 OL=14 OR=14 el=16 er=16 ed=0 dl=16 dr=16 cl=0 cr=0 ok=3797 fail=0 vofa=firewater rx=780 txdrop=23908
1775027533.7688177,1775027533768817600,4844553995100,HB,1158992,33330.0,1,-0.732,-0.429,15.0,15.0,0.0,14.0,14.0,3.0,3.0,15.0,15.0,0,0,,HB tick=1158992 exp_id=188 t_ms=33330 run=1 spd=1 ts=20.000 as=15.000 ta=0.000 aa=-0.730 se=5.000 so=2.619 ae=0.730 ao=0.183 pwm=14 pc=3 hd=0 y=-0.732 yr=-0.429 L=3 R=3 OL=14 OR=14 el=15 er=15 ed=0 dl=15 dr=15 cl=0 cr=0 ok=3798 fail=0 vofa=firewater rx=780 txdrop=23908
1775027533.9691122,1775027533969112100,4844754291200,HB,1159187,33525.0,1,-0.739,-0.291,16.0,16.0,0.0,14.0,14.0,3.0,3.0,16.0,16.0,0,0,,HB tick=1159187 exp_id=188 t_ms=33525 run=1 spd=1 ts=20.000 as=16.000 ta=0.000 aa=-0.776 se=4.000 so=2.528 ae=0.776 ao=0.156 pwm=14 pc=3 hd=0 y=-0.739 yr=-0.291 L=3 R=3 OL=14 OR=14 el=16 er=16 ed=0 dl=16 dr=16 cl=0 cr=0 ok=3799 fail=0 vofa=firewater rx=780 txdrop=23908
1775027534.1263244,1775027534126324500,4844911503200,HB,1159348,33686.0,1,-0.777,-0.272,16.0,17.0,-1.0,13.0,13.0,2.0,2.0,16.0,17.0,0,0,,HB tick=1159348 exp_id=188 t_ms=33686 run=1 spd=1 ts=20.000 as=16.500 ta=0.000 aa=-0.783 se=3.500 so=2.485 ae=0.783 ao=0.114 pwm=13 pc=2 hd=0 y=-0.777 yr=-0.272 L=2 R=2 OL=13 OR=13 el=16 er=17 ed=-1 dl=16 dr=17 cl=0 cr=0 ok=3800 fail=0 vofa=firewater rx=780 txdrop=23908
1775027534.354575,1775027534354574800,4845139752600,HB,1159581,33919.0,1,-0.54,0.18,16.0,16.0,0.0,14.0,14.0,3.0,3.0,16.0,16.0,0,0,,HB tick=1159581 exp_id=188 t_ms=33919 run=1 spd=1 ts=20.000 as=16.000 ta=0.000 aa=-0.821 se=4.000 so=2.546 ae=0.821 ao=0.118 pwm=14 pc=3 hd=0 y=-0.540 yr=0.180 L=3 R=3 OL=14 OR=14 el=16 er=16 ed=0 dl=16 dr=16 cl=0 cr=0 ok=3801 fail=0 vofa=firewater rx=780 txdrop=23908
1775027534.5631802,1775027534563180300,4845348358000,HB,1159786,34124.0,1,-0.305,0.517,17.0,17.0,0.0,13.0,13.0,2.0,2.0,17.0,17.0,0,0,,HB tick=1159786 exp_id=188 t_ms=34124 run=1 spd=1 ts=20.000 as=17.000 ta=0.000 aa=-0.583 se=3.000 so=2.455 ae=0.583 ao=-0.086 pwm=13 pc=2 hd=0 y=-0.305 yr=0.517 L=2 R=2 OL=13 OR=13 el=17 er=17 ed=0 dl=17 dr=17 cl=0 cr=0 ok=3802 fail=0 vofa=firewater rx=780 txdrop=23908
1775027534.7198849,1775027534719884900,4845505062700,HB,1159947,34285.0,1,-0.339,0.264,17.0,16.0,1.0,14.0,14.0,3.0,3.0,17.0,16.0,0,0,,HB tick=1159947 exp_id=188 t_ms=34285 run=1 spd=1 ts=20.000 as=16.500 ta=0.000 aa=-0.349 se=3.500 so=2.512 ae=0.349 ao=-0.252 pwm=14 pc=3 hd=0 y=-0.339 yr=0.264 L=3 R=3 OL=14 OR=14 el=17 er=16 ed=1 dl=17 dr=16 cl=0 cr=0 ok=3803 fail=0 vofa=firewater rx=780 txdrop=23908
1775027534.9699037,1775027534969903600,4845755081000,HB,1160196,34534.0,1,-0.043,0.588,17.0,16.0,1.0,13.0,15.0,2.0,4.0,17.0,16.0,0,0,,HB tick=1160196 exp_id=188 t_ms=34534 run=1 spd=1 ts=20.000 as=16.500 ta=0.000 aa=-0.382 se=3.500 so=2.521 ae=0.382 ao=-0.163 pwm=14 pc=3 hd=-1 y=-0.043 yr=0.588 L=2 R=4 OL=13 OR=15 el=17 er=16 ed=1 dl=17 dr=16 cl=0 cr=0 ok=3804 fail=0 vofa=firewater rx=780 txdrop=23908
1775027535.1269388,1775027535126938800,4845912116200,HB,1160353,34691.0,1,-0.026,0.419,17.0,17.0,0.0,13.0,13.0,2.0,2.0,17.0,17.0,0,0,,HB tick=1160353 exp_id=188 t_ms=34691 run=1 spd=1 ts=20.000 as=17.000 ta=0.000 aa=-0.086 se=3.000 so=2.477 ae=0.086 ao=-0.340 pwm=13 pc=2 hd=0 y=-0.026 yr=0.419 L=2 R=2 OL=13 OR=13 el=17 er=17 ed=0 dl=17 dr=17 cl=0 cr=0 ok=3805 fail=0 vofa=firewater rx=780 txdrop=23908
1775027535.3563964,1775027535356396600,4846141574500,HB,1160586,34924.0,1,0.034,0.363,17.0,17.0,0.0,12.0,14.0,1.0,3.0,17.0,17.0,0,0,,HB tick=1160586 exp_id=188 t_ms=34924 run=1 spd=1 ts=20.000 as=17.000 ta=0.000 aa=-0.069 se=3.000 so=2.485 ae=0.069 ao=-0.290 pwm=13 pc=2 hd=-1 y=0.034 yr=0.363 L=1 R=3 OL=12 OR=14 el=17 er=17 ed=0 dl=17 dr=17 cl=0 cr=0 ok=3806 fail=0 vofa=firewater rx=780 txdrop=23908
1775027535.5238464,1775027535523846500,4846309023900,HB,1160747,35085.0,1,0.032,0.23,17.0,17.0,0.0,13.0,13.0,2.0,2.0,17.0,17.0,0,0,,HB tick=1160747 exp_id=188 t_ms=35085 run=1 spd=1 ts=20.000 as=17.000 ta=0.000 aa=-0.009 se=3.000 so=2.491 ae=0.009 ao=-0.288 pwm=13 pc=2 hd=0 y=0.032 yr=0.230 L=2 R=2 OL=13 OR=13 el=17 er=17 ed=0 dl=17 dr=17 cl=0 cr=0 ok=3807 fail=0 vofa=firewater rx=780 txdrop=23908
1775027535.7540417,1775027535754041500,4846539218500,HB,1160980,35318.0,1,-0.109,-0.061,17.0,17.0,0.0,13.0,15.0,2.0,4.0,17.0,17.0,0,0,,HB tick=1160980 exp_id=188 t_ms=35318 run=1 spd=1 ts=20.000 as=17.000 ta=0.000 aa=-0.012 se=3.000 so=2.500 ae=0.012 ao=-0.245 pwm=14 pc=3 hd=-1 y=-0.109 yr=-0.061 L=2 R=4 OL=13 OR=15 el=17 er=17 ed=0 dl=17 dr=17 cl=0 cr=0 ok=3808 fail=0 vofa=firewater rx=780 txdrop=23908
1775027535.9618132,1775027535961813200,4846746990600,HB,1161185,35523.0,1,-0.215,-0.222,17.0,18.0,-1.0,12.0,14.0,1.0,3.0,17.0,18.0,0,0,,HB tick=1161185 exp_id=188 t_ms=35523 run=1 spd=1 ts=20.000 as=17.500 ta=0.000 aa=-0.152 se=2.500 so=2.457 ae=0.152 ao=-0.116 pwm=13 pc=2 hd=-1 y=-0.215 yr=-0.222 L=1 R=3 OL=12 OR=14 el=17 er=18 ed=-1 dl=17 dr=18 cl=0 cr=0 ok=3809 fail=0 vofa=firewater rx=780 txdrop=23908
1775027536.118675,1775027536118674900,4846903856600,HB,1161346,35684.0,1,-0.241,-0.2,18.0,18.0,0.0,13.0,13.0,2.0,2.0,18.0,18.0,0,0,,HB tick=1161346 exp_id=188 t_ms=35684 run=1 spd=1 ts=20.000 as=18.000 ta=0.000 aa=-0.259 se=2.000 so=2.412 ae=0.259 ao=-0.038 pwm=13 pc=2 hd=0 y=-0.241 yr=-0.200 L=2 R=2 OL=13 OR=13 el=18 er=18 ed=0 dl=18 dr=18 cl=0 cr=0 ok=3810 fail=0 vofa=firewater rx=780 txdrop=23908
1775027536.369876,1775027536369876000,4847155053700,HB,1161595,35933.0,1,-0.039,0.153,18.0,16.0,2.0,14.0,14.0,3.0,3.0,18.0,16.0,0,0,,HB tick=1161595 exp_id=188 t_ms=35933 run=1 spd=1 ts=20.000 as=17.000 ta=0.000 aa=-0.285 se=3.000 so=2.523 ae=0.285 ao=-0.038 pwm=14 pc=3 hd=0 y=-0.039 yr=0.153 L=3 R=3 OL=14 OR=14 el=18 er=16 ed=2 dl=18 dr=16 cl=0 cr=0 ok=3811 fail=0 vofa=firewater rx=780 txdrop=23908
1775027536.5250459,1775027536525045800,4847310224600,HB,1161752,36090.0,1,-0.012,0.162,17.0,16.0,1.0,13.0,13.0,2.0,2.0,17.0,16.0,0,0,,HB tick=1161752 exp_id=188 t_ms=36090 run=1 spd=1 ts=20.000 as=16.500 ta=0.000 aa=-0.083 se=3.500 so=2.578 ae=0.083 ao=-0.202 pwm=13 pc=2 hd=0 y=-0.012 yr=0.162 L=2 R=2 OL=13 OR=13 el=17 er=16 ed=1 dl=17 dr=16 cl=0 cr=0 ok=3812 fail=0 vofa=firewater rx=780 txdrop=23908
1775027536.7746546,1775027536774654800,4847559833600,HB,1162000,36338.0,1,0.076,0.229,17.0,17.0,0.0,14.0,14.0,3.0,3.0,17.0,17.0,0,0,,HB tick=1162000 exp_id=188 t_ms=36338 run=1 spd=1 ts=20.000 as=17.000 ta=0.000 aa=-0.055 se=3.000 so=2.537 ae=0.055 ao=-0.211 pwm=14 pc=3 hd=0 y=0.076 yr=0.229 L=3 R=3 OL=14 OR=14 el=17 er=17 ed=0 dl=17 dr=17 cl=0 cr=0 ok=3813 fail=0 vofa=firewater rx=780 txdrop=23908
1775027536.9310138,1775027536931014000,4847716192000,HB,1162157,36495.0,1,0.09,0.18,17.0,16.0,1.0,14.0,14.0,3.0,3.0,17.0,16.0,0,0,,HB tick=1162157 exp_id=188 t_ms=36495 run=1 spd=1 ts=20.000 as=16.500 ta=0.000 aa=0.033 se=3.500 so=2.594 ae=-0.033 ao=-0.255 pwm=14 pc=3 hd=0 y=0.090 yr=0.180 L=3 R=3 OL=14 OR=14 el=17 er=16 ed=1 dl=17 dr=16 cl=0 cr=0 ok=3814 fail=0 vofa=firewater rx=780 txdrop=23908
1775027537.747341,1775027537747340800,4848532518500,HB,1162411,36749.0,1,0.046,0.056,18.0,18.0,0.0,13.0,15.0,2.0,4.0,18.0,18.0,0,0,,HB tick=1162411 exp_id=188 t_ms=36749 run=1 spd=1 ts=20.000 as=18.000 ta=0.000 aa=0.046 se=2.000 so=2.453 ae=-0.046 ao=-0.242 pwm=14 pc=3 hd=-1 y=0.046 yr=0.056 L=2 R=4 OL=13 OR=15 el=18 er=18 ed=0 dl=18 dr=18 cl=0 cr=0 ok=3815 fail=0 vofa=firewater rx=780 txdrop=23908
1775027537.747341,1775027537747340801,4848532518501,HB,1162606,36944.0,1,-0.035,-0.108,17.0,18.0,-1.0,14.0,14.0,3.0,3.0,17.0,18.0,0,0,,HB tick=1162606 exp_id=188 t_ms=36944 run=1 spd=1 ts=20.000 as=17.500 ta=0.000 aa=0.002 se=2.500 so=2.510 ae=-0.002 ao=-0.192 pwm=14 pc=3 hd=0 y=-0.035 yr=-0.108 L=3 R=3 OL=14 OR=14 el=17 er=18 ed=-1 dl=17 dr=18 cl=0 cr=0 ok=3816 fail=0 vofa=firewater rx=780 txdrop=23908
1775027537.747341,1775027537747340802,4848532518502,HB,1162767,37105.0,1,0.013,0.034,17.0,17.0,0.0,14.0,14.0,3.0,3.0,17.0,17.0,0,0,,HB tick=1162767 exp_id=188 t_ms=37105 run=1 spd=1 ts=20.000 as=17.000 ta=0.000 aa=-0.079 se=3.000 so=2.565 ae=0.079 ao=-0.119 pwm=14 pc=3 hd=0 y=0.013 yr=0.034 L=3 R=3 OL=14 OR=14 el=17 er=17 ed=0 dl=17 dr=17 cl=0 cr=0 ok=3817 fail=0 vofa=firewater rx=780 txdrop=23908
1775027537.7680259,1775027537768025900,4848553203400,HB,1162999,37337.0,1,-0.323,-0.485,17.0,18.0,-1.0,14.0,14.0,3.0,3.0,17.0,18.0,0,0,,HB tick=1162999 exp_id=188 t_ms=37337 run=1 spd=1 ts=20.000 as=17.500 ta=0.000 aa=-0.031 se=2.500 so=2.523 ae=0.031 ao=-0.177 pwm=14 pc=3 hd=0 y=-0.323 yr=-0.485 L=3 R=3 OL=14 OR=14 el=17 er=18 ed=-1 dl=17 dr=18 cl=0 cr=0 ok=3818 fail=0 vofa=firewater rx=780 txdrop=23908
1775027537.9755435,1775027537975543600,4848760721000,HB,1163205,37542.0,1,-0.52,-0.65,17.0,18.0,-1.0,14.0,14.0,3.0,3.0,17.0,18.0,0,0,,HB tick=1163205 exp_id=188 t_ms=37542 run=1 spd=1 ts=20.000 as=17.500 ta=0.000 aa=-0.367 se=2.500 so=2.530 ae=0.367 ao=0.074 pwm=14 pc=3 hd=0 y=-0.520 yr=-0.650 L=3 R=3 OL=14 OR=14 el=17 er=18 ed=-1 dl=17 dr=18 cl=0 cr=0 ok=3819 fail=0 vofa=firewater rx=780 txdrop=23908
1775027538.2048888,1775027538204888800,4848990066200,HB,1163430,37768.0,1,-0.688,-0.683,17.0,16.0,1.0,14.0,14.0,3.0,3.0,17.0,16.0,0,0,,HB tick=1163430 exp_id=188 t_ms=37768 run=1 spd=1 ts=20.000 as=16.500 ta=0.000 aa=-0.563 se=3.500 so=2.638 ae=0.563 ao=0.176 pwm=14 pc=3 hd=0 y=-0.688 yr=-0.683 L=3 R=3 OL=14 OR=14 el=17 er=16 ed=1 dl=17 dr=16 cl=0 cr=0 ok=3820 fail=0 vofa=firewater rx=780 txdrop=23908
1775027538.3614118,1775027538361411800,4849146605900,HB,1163586,37924.0,1,-0.736,-0.551,17.0,17.0,0.0,14.0,14.0,3.0,3.0,17.0,17.0,0,0,,HB tick=1163586 exp_id=188 t_ms=37924 run=1 spd=1 ts=20.000 as=17.000 ta=0.000 aa=-0.731 se=3.000 so=2.593 ae=0.731 ao=0.229 pwm=14 pc=3 hd=0 y=-0.736 yr=-0.551 L=3 R=3 OL=14 OR=14 el=17 er=17 ed=0 dl=17 dr=17 cl=0 cr=0 ok=3821 fail=0 vofa=firewater rx=780 txdrop=23908
1775027538.6106076,1775027538610607600,4849395784800,HB,1163836,38174.0,1,-0.38,0.139,17.0,17.0,0.0,14.0,14.0,3.0,3.0,17.0,17.0,0,0,,HB tick=1163836 exp_id=188 t_ms=38174 run=1 spd=1 ts=20.000 as=17.000 ta=0.000 aa=-0.779 se=3.000 so=2.601 ae=0.779 ao=0.199 pwm=14 pc=3 hd=0 y=-0.380 yr=0.139 L=3 R=3 OL=14 OR=14 el=17 er=17 ed=0 dl=17 dr=17 cl=0 cr=0 ok=3822 fail=0 vofa=firewater rx=780 txdrop=23908
1775027538.7667537,1775027538766753800,4849551933600,HB,1163992,38330.0,1,-0.245,0.394,17.0,17.0,0.0,13.0,15.0,2.0,4.0,17.0,17.0,0,0,,HB tick=1163992 exp_id=188 t_ms=38330 run=1 spd=1 ts=20.000 as=17.000 ta=0.000 aa=-0.424 se=3.000 so=2.606 ae=0.424 ao=-0.110 pwm=14 pc=3 hd=-1 y=-0.245 yr=0.394 L=2 R=4 OL=13 OR=15 el=17 er=17 ed=0 dl=17 dr=17 cl=0 cr=0 ok=3823 fail=0 vofa=firewater rx=780 txdrop=23908
1775027539.0160024,1775027539016002400,4849801180900,HB,1164241,38579.0,1,-0.438,-0.015,17.0,17.0,0.0,13.0,15.0,2.0,4.0,17.0,17.0,0,0,,HB tick=1164241 exp_id=188 t_ms=38579 run=1 spd=1 ts=20.000 as=17.000 ta=0.000 aa=-0.289 se=3.000 so=2.615 ae=0.289 ao=-0.226 pwm=14 pc=3 hd=-1 y=-0.438 yr=-0.015 L=2 R=4 OL=13 OR=15 el=17 er=17 ed=0 dl=17 dr=17 cl=0 cr=0 ok=3824 fail=0 vofa=firewater rx=780 txdrop=23908
1775027539.2267706,1775027539226770700,4850011948800,HB,1164457,38795.0,1,-0.563,-0.212,17.0,18.0,-1.0,14.0,14.0,3.0,3.0,17.0,18.0,0,0,,HB tick=1164457 exp_id=188 t_ms=38795 run=1 spd=1 ts=20.000 as=17.500 ta=0.000 aa=-0.482 se=2.500 so=2.571 ae=0.482 ao=-0.046 pwm=14 pc=3 hd=0 y=-0.563 yr=-0.212 L=3 R=3 OL=14 OR=14 el=17 er=18 ed=-1 dl=17 dr=18 cl=0 cr=0 ok=3825 fail=0 vofa=firewater rx=780 txdrop=23908
1775027539.4458182,1775027539445818200,4850230996800,HB,1164674,39012.0,1,-0.67,-0.31,16.0,16.0,0.0,14.0,14.0,3.0,3.0,16.0,16.0,0,0,,HB tick=1164674 exp_id=188 t_ms=39012 run=1 spd=1 ts=20.000 as=16.000 ta=0.000 aa=-0.606 se=4.000 so=2.730 ae=0.606 ao=0.048 pwm=14 pc=3 hd=0 y=-0.670 yr=-0.310 L=3 R=3 OL=14 OR=14 el=16 er=16 ed=0 dl=16 dr=16 cl=0 cr=0 ok=3826 fail=0 vofa=firewater rx=780 txdrop=23908
1775027539.6431403,1775027539643140400,4850428317800,HB,1164875,39213.0,1,-0.729,-0.305,17.0,17.0,0.0,14.0,14.0,3.0,3.0,17.0,17.0,0,0,,HB tick=1164875 exp_id=188 t_ms=39213 run=1 spd=1 ts=20.000 as=17.000 ta=0.000 aa=-0.713 se=3.000 so=2.638 ae=0.713 ao=0.107 pwm=14 pc=3 hd=0 y=-0.729 yr=-0.305 L=3 R=3 OL=14 OR=14 el=17 er=17 ed=0 dl=17 dr=17 cl=0 cr=0 ok=3827 fail=0 vofa=firewater rx=780 txdrop=23908
1775027539.8713193,1775027539871319200,4850656497000,HB,1165097,39435.0,1,-0.509,0.149,18.0,17.0,1.0,14.0,14.0,3.0,3.0,18.0,17.0,0,0,,HB tick=1165097 exp_id=188 t_ms=39435 run=1 spd=1 ts=20.000 as=17.500 ta=0.000 aa=-0.773 se=2.500 so=2.595 ae=0.773 ao=0.120 pwm=14 pc=3 hd=0 y=-0.509 yr=0.149 L=3 R=3 OL=14 OR=14 el=18 er=17 ed=1 dl=18 dr=17 cl=0 cr=0 ok=3828 fail=0 vofa=firewater rx=780 txdrop=23908
1775027540.0691338,1775027540069133900,4850854311200,HB,1165297,39635.0,1,-0.41,0.27,16.0,16.0,0.0,14.0,14.0,3.0,3.0,16.0,16.0,0,0,,HB tick=1165297 exp_id=188 t_ms=39635 run=1 spd=1 ts=20.000 as=16.000 ta=0.000 aa=-0.552 se=4.000 so=2.753 ae=0.552 ao=-0.080 pwm=14 pc=3 hd=0 y=-0.410 yr=0.270 L=3 R=3 OL=14 OR=14 el=16 er=16 ed=0 dl=16 dr=16 cl=0 cr=0 ok=3829 fail=0 vofa=firewater rx=780 txdrop=23908
1775027540.236936,1775027540236936200,4851022113800,HB,1165458,39796.0,1,-0.368,0.266,17.0,17.0,0.0,14.0,14.0,3.0,3.0,17.0,17.0,0,0,,HB tick=1165458 exp_id=188 t_ms=39796 run=1 spd=1 ts=20.000 as=17.000 ta=0.000 aa=-0.454 se=3.000 so=2.659 ae=0.454 ao=-0.143 pwm=14 pc=3 hd=0 y=-0.368 yr=0.266 L=3 R=3 OL=14 OR=14 el=17 er=17 ed=0 dl=17 dr=17 cl=0 cr=0 ok=3830 fail=0 vofa=firewater rx=780 txdrop=23908
1775027540.4862673,1775027540486267300,4851271444800,HB,1165712,40050.0,1,-0.465,0.039,17.0,17.0,0.0,13.0,15.0,2.0,4.0,17.0,17.0,0,0,,HB tick=1165712 exp_id=188 t_ms=40050 run=1 spd=1 ts=20.000 as=17.000 ta=0.000 aa=-0.412 se=3.000 so=2.668 ae=0.412 ao=-0.152 pwm=14 pc=3 hd=-1 y=-0.465 yr=0.039 L=2 R=4 OL=13 OR=15 el=17 er=17 ed=0 dl=17 dr=17 cl=0 cr=0 ok=3831 fail=0 vofa=firewater rx=780 txdrop=23908
1775027540.68391,1775027540683910000,4851469087400,HB,1165912,40250.0,1,-0.49,-0.017,16.0,16.0,0.0,14.0,14.0,3.0,3.0,16.0,16.0,0,0,,HB tick=1165912 exp_id=188 t_ms=40250 run=1 spd=1 ts=20.000 as=16.000 ta=0.000 aa=-0.509 se=4.000 so=2.776 ae=0.509 ao=-0.055 pwm=14 pc=3 hd=0 y=-0.490 yr=-0.017 L=3 R=3 OL=14 OR=14 el=16 er=16 ed=0 dl=16 dr=16 cl=0 cr=0 ok=3832 fail=0 vofa=firewater rx=780 txdrop=23908
1775027540.8416681,1775027540841668100,4851626845500,HB,1166073,40411.0,1,-0.469,0.035,17.0,17.0,0.0,14.0,14.0,3.0,3.0,17.0,17.0,0,0,,HB tick=1166073 exp_id=188 t_ms=40411 run=1 spd=1 ts=20.000 as=17.000 ta=0.000 aa=-0.533 se=3.000 so=2.682 ae=0.533 ao=-0.030 pwm=14 pc=3 hd=0 y=-0.469 yr=0.035 L=3 R=3 OL=14 OR=14 el=17 er=17 ed=0 dl=17 dr=17 cl=0 cr=0 ok=3833 fail=0 vofa=firewater rx=780 txdrop=23908
1775027541.081329,1775027541081329100,4851866506700,HB,1166306,40644.0,1,-0.575,-0.137,17.0,18.0,-1.0,14.0,14.0,3.0,3.0,17.0,18.0,0,0,,HB tick=1166306 exp_id=188 t_ms=40644 run=1 spd=1 ts=20.000 as=17.500 ta=0.000 aa=-0.512 se=2.500 so=2.639 ae=0.512 ao=-0.052 pwm=14 pc=3 hd=0 y=-0.575 yr=-0.137 L=3 R=3 OL=14 OR=14 el=17 er=18 ed=-1 dl=17 dr=18 cl=0 cr=0 ok=3834 fail=0 vofa=firewater rx=780 txdrop=23908
1775027541.4446867,1775027541444686500,4852229864800,HB,1166532,40870.0,1,-0.389,0.199,16.0,16.0,0.0,14.0,14.0,3.0,3.0,16.0,16.0,0,0,,HB tick=1166532 exp_id=188 t_ms=40870 run=1 spd=1 ts=20.000 as=16.000 ta=0.000 aa=-0.618 se=4.000 so=2.798 ae=0.618 ao=0.030 pwm=14 pc=3 hd=0 y=-0.389 yr=0.199 L=3 R=3 OL=14 OR=14 el=16 er=16 ed=0 dl=16 dr=16 cl=0 cr=0 ok=3835 fail=0 vofa=firewater rx=780 txdrop=23908
1775027541.507135,1775027541507134900,4852292312500,HB,1166732,41070.0,1,-0.336,0.222,17.0,18.0,-1.0,14.0,14.0,3.0,3.0,17.0,18.0,0,0,,HB tick=1166732 exp_id=188 t_ms=41070 run=1 spd=1 ts=20.000 as=17.500 ta=0.000 aa=-0.433 se=2.500 so=2.656 ae=0.433 ao=-0.124 pwm=14 pc=3 hd=0 y=-0.336 yr=0.222 L=3 R=3 OL=14 OR=14 el=17 er=18 ed=-1 dl=17 dr=18 cl=0 cr=0 ok=3836 fail=0 vofa=firewater rx=780 txdrop=23908
1775027541.7063124,1775027541706312500,4852491492400,HB,1166937,41275.0,1,-0.398,0.038,17.0,18.0,-1.0,14.0,14.0,3.0,3.0,17.0,18.0,0,0,,HB tick=1166937 exp_id=188 t_ms=41275 run=1 spd=1 ts=20.000 as=17.500 ta=0.000 aa=-0.379 se=2.500 so=2.662 ae=0.379 ao=-0.145 pwm=14 pc=3 hd=0 y=-0.398 yr=0.038 L=3 R=3 OL=14 OR=14 el=17 er=18 ed=-1 dl=17 dr=18 cl=0 cr=0 ok=3837 fail=0 vofa=firewater rx=780 txdrop=23908
1775027541.916622,1775027541916621900,4852701800900,HB,1167143,41480.0,1,-0.29,0.209,17.0,17.0,0.0,14.0,14.0,3.0,3.0,17.0,17.0,0,0,,HB tick=1167143 exp_id=188 t_ms=41480 run=1 spd=1 ts=20.000 as=17.000 ta=0.000 aa=-0.442 se=3.000 so=2.719 ae=0.442 ao=-0.070 pwm=14 pc=3 hd=0 y=-0.290 yr=0.209 L=3 R=3 OL=14 OR=14 el=17 er=17 ed=0 dl=17 dr=17 cl=0 cr=0 ok=3838 fail=0 vofa=firewater rx=780 txdrop=23908
1775027542.0725179,1775027542072517900,4852857695300,HB,1167304,41642.0,1,-0.409,-0.12,18.0,17.0,1.0,14.0,14.0,3.0,3.0,18.0,17.0,0,0,,HB tick=1167304 exp_id=188 t_ms=41642 run=1 spd=1 ts=20.000 as=17.500 ta=0.000 aa=-0.334 se=2.500 so=2.675 ae=0.334 ao=-0.151 pwm=14 pc=3 hd=0 y=-0.409 yr=-0.120 L=3 R=3 OL=14 OR=14 el=18 er=17 ed=1 dl=18 dr=17 cl=0 cr=0 ok=3839 fail=0 vofa=firewater rx=780 txdrop=23908
1775027542.323492,1775027542323492100,4853108669200,HB,1167553,41891.0,1,-0.414,-0.086,18.0,17.0,1.0,14.0,14.0,3.0,3.0,18.0,17.0,0,0,,HB tick=1167553 exp_id=188 t_ms=41891 run=1 spd=1 ts=20.000 as=17.500 ta=0.000 aa=-0.452 se=2.500 so=2.682 ae=0.452 ao=-0.016 pwm=14 pc=3 hd=0 y=-0.414 yr=-0.086 L=3 R=3 OL=14 OR=14 el=18 er=17 ed=1 dl=18 dr=17 cl=0 cr=0 ok=3840 fail=0 vofa=firewater rx=780 txdrop=23908
1775027542.5292957,1775027542529295700,4853314473600,HB,1167754,42092.0,1,-0.366,0.029,17.0,16.0,1.0,14.0,14.0,3.0,3.0,17.0,16.0,0,0,,HB tick=1167754 exp_id=188 t_ms=42092 run=1 spd=1 ts=20.000 as=16.500 ta=0.000 aa=-0.458 se=3.500 so=2.789 ae=0.458 ao=-0.026 pwm=14 pc=3 hd=0 y=-0.366 yr=0.029 L=3 R=3 OL=14 OR=14 el=17 er=16 ed=1 dl=17 dr=16 cl=0 cr=0 ok=3841 fail=0 vofa=firewater rx=780 txdrop=23908
1775027542.8159478,1775027542815947700,4853601125300,HB,1167976,42314.0,1,-0.295,0.13,17.0,18.0,-1.0,14.0,14.0,3.0,3.0,17.0,18.0,0,0,,HB tick=1167976 exp_id=188 t_ms=42314 run=1 spd=1 ts=20.000 as=17.500 ta=0.000 aa=-0.409 se=2.500 so=2.697 ae=0.409 ao=-0.074 pwm=14 pc=3 hd=0 y=-0.295 yr=0.130 L=3 R=3 OL=14 OR=14 el=17 er=18 ed=-1 dl=17 dr=18 cl=0 cr=0 ok=3842 fail=0 vofa=firewater rx=780 txdrop=23908
1775027542.9512463,1775027542951246400,4853736423700,HB,1168176,42514.0,1,-0.331,0.022,17.0,18.0,-1.0,14.0,14.0,3.0,3.0,17.0,18.0,0,0,,HB tick=1168176 exp_id=188 t_ms=42514 run=1 spd=1 ts=20.000 as=17.500 ta=0.000 aa=-0.338 se=2.500 so=2.702 ae=0.338 ao=-0.124 pwm=14 pc=3 hd=0 y=-0.331 yr=0.022 L=3 R=3 OL=14 OR=14 el=17 er=18 ed=-1 dl=17 dr=18 cl=0 cr=0 ok=3843 fail=0 vofa=firewater rx=780 txdrop=23908
1775027543.1502643,1775027543150264300,4853935441500,HB,1168381,42719.0,1,-0.093,0.421,16.0,17.0,-1.0,14.0,14.0,3.0,3.0,16.0,17.0,0,0,,HB tick=1168381 exp_id=188 t_ms=42719 run=1 spd=1 ts=20.000 as=16.500 ta=0.000 aa=-0.374 se=3.500 so=2.810 ae=0.374 ao=-0.080 pwm=14 pc=3 hd=0 y=-0.093 yr=0.421 L=3 R=3 OL=14 OR=14 el=16 er=17 ed=-1 dl=16 dr=17 cl=0 cr=0 ok=3844 fail=0 vofa=firewater rx=780 txdrop=23908
1775027543.3795712,1775027543379571200,4854164748800,HB,1168607,42945.0,1,-0.273,-0.005,18.0,18.0,0.0,14.0,14.0,3.0,3.0,18.0,18.0,0,0,,HB tick=1168607 exp_id=188 t_ms=42945 run=1 spd=1 ts=20.000 as=18.000 ta=0.000 aa=-0.136 se=2.000 so=2.668 ae=0.136 ao=-0.267 pwm=14 pc=3 hd=0 y=-0.273 yr=-0.005 L=3 R=3 OL=14 OR=14 el=18 er=18 ed=0 dl=18 dr=18 cl=0 cr=0 ok=3845 fail=0 vofa=firewater rx=780 txdrop=23908
1775027543.535246,1775027543535245700,4854320423200,HB,1168763,43101.0,1,-0.415,-0.322,18.0,18.0,0.0,14.0,14.0,3.0,3.0,18.0,18.0,0,0,,HB tick=1168763 exp_id=188 t_ms=43101 run=1 spd=1 ts=20.000 as=18.000 ta=0.000 aa=-0.316 se=2.000 so=2.673 ae=0.316 ao=-0.086 pwm=14 pc=3 hd=0 y=-0.415 yr=-0.322 L=3 R=3 OL=14 OR=14 el=18 er=18 ed=0 dl=18 dr=18 cl=0 cr=0 ok=3846 fail=0 vofa=firewater rx=780 txdrop=23908
1775027543.7848797,1775027543784879700,4854570058100,HB,1169013,43351.0,1,-0.625,-0.503,17.0,16.0,1.0,14.0,14.0,3.0,3.0,17.0,16.0,0,0,,HB tick=1169013 exp_id=188 t_ms=43351 run=1 spd=1 ts=20.000 as=16.500 ta=0.000 aa=-0.458 se=3.500 so=2.833 ae=0.458 ao=0.051 pwm=14 pc=3 hd=0 y=-0.625 yr=-0.503 L=3 R=3 OL=14 OR=14 el=17 er=16 ed=1 dl=17 dr=16 cl=0 cr=0 ok=3847 fail=0 vofa=firewater rx=780 txdrop=23908
1775027543.9400535,1775027543940053600,4854725231100,HB,1169169,43507.0,1,-0.607,-0.287,17.0,17.0,0.0,14.0,14.0,3.0,3.0,17.0,17.0,0,0,,HB tick=1169169 exp_id=188 t_ms=43507 run=1 spd=1 ts=20.000 as=17.000 ta=0.000 aa=-0.668 se=3.000 so=2.789 ae=0.668 ao=0.162 pwm=14 pc=3 hd=0 y=-0.607 yr=-0.287 L=3 R=3 OL=14 OR=14 el=17 er=17 ed=0 dl=17 dr=17 cl=0 cr=0 ok=3848 fail=0 vofa=firewater rx=780 txdrop=23908
1775027544.1905818,1775027544190581800,4854975760700,HB,1169418,43756.0,1,-0.397,0.108,17.0,17.0,0.0,14.0,14.0,3.0,3.0,17.0,17.0,0,0,,HB tick=1169418 exp_id=188 t_ms=43756 run=1 spd=1 ts=20.000 as=17.000 ta=0.000 aa=-0.650 se=3.000 so=2.798 ae=0.650 ao=0.089 pwm=14 pc=3 hd=0 y=-0.397 yr=0.108 L=3 R=3 OL=14 OR=14 el=17 er=17 ed=0 dl=17 dr=17 cl=0 cr=0 ok=3849 fail=0 vofa=firewater rx=780 txdrop=23908
1775027544.3464267,1775027544346426500,4855131604000,HB,1169574,43912.0,1,-0.325,0.232,16.0,16.0,0.0,14.0,14.0,3.0,3.0,16.0,16.0,0,0,,HB tick=1169574 exp_id=188 t_ms=43912 run=1 spd=1 ts=20.000 as=16.000 ta=0.000 aa=-0.441 se=4.000 so=2.905 ae=0.441 ao=-0.090 pwm=14 pc=3 hd=0 y=-0.325 yr=0.232 L=3 R=3 OL=14 OR=14 el=16 er=16 ed=0 dl=16 dr=16 cl=0 cr=0 ok=3850 fail=0 vofa=firewater rx=780 txdrop=23908
1775027544.5335205,1775027544533520500,4855318697900,HB,1169763,44101.0,1,-0.275,0.244,17.0,16.0,1.0,14.0,14.0,3.0,3.0,17.0,16.0,0,0,,HB tick=1169763 exp_id=188 t_ms=44101 run=1 spd=1 ts=20.000 as=16.500 ta=0.000 aa=-0.369 se=3.500 so=2.863 ae=0.369 ao=-0.147 pwm=14 pc=3 hd=0 y=-0.275 yr=0.244 L=3 R=3 OL=14 OR=14 el=17 er=16 ed=1 dl=17 dr=16 cl=0 cr=0 ok=3851 fail=0 vofa=firewater rx=780 txdrop=23908
1775027544.7826922,1775027544782692200,4855567869400,HB,1170012,44350.0,1,-0.487,-0.139,17.0,18.0,-1.0,14.0,14.0,3.0,3.0,17.0,18.0,0,0,,HB tick=1170012 exp_id=188 t_ms=44350 run=1 spd=1 ts=20.000 as=17.500 ta=0.000 aa=-0.319 se=2.500 so=2.772 ae=0.319 ao=-0.164 pwm=14 pc=3 hd=0 y=-0.487 yr=-0.139 L=3 R=3 OL=14 OR=14 el=17 er=18 ed=-1 dl=17 dr=18 cl=0 cr=0 ok=3852 fail=0 vofa=firewater rx=780 txdrop=23908
1775027544.9398696,1775027544939869700,4855725046900,HB,1170168,44506.0,1,-0.504,-0.128,17.0,16.0,1.0,14.0,14.0,3.0,3.0,17.0,16.0,0,0,,HB tick=1170168 exp_id=188 t_ms=44506 run=1 spd=1 ts=20.000 as=16.500 ta=0.000 aa=-0.531 se=3.500 so=2.877 ae=0.531 ao=0.012 pwm=14 pc=3 hd=0 y=-0.504 yr=-0.128 L=3 R=3 OL=14 OR=14 el=17 er=16 ed=1 dl=17 dr=16 cl=0 cr=0 ok=3853 fail=0 vofa=firewater rx=780 txdrop=23908
1775027545.1688786,1775027545168878700,4855954056000,HB,1170400,44738.0,1,-0.46,-0.017,17.0,17.0,0.0,14.0,14.0,3.0,3.0,17.0,17.0,0,0,,HB tick=1170400 exp_id=188 t_ms=44738 run=1 spd=1 ts=20.000 as=17.000 ta=0.000 aa=-0.547 se=3.000 so=2.837 ae=0.547 ao=0.013 pwm=14 pc=3 hd=0 y=-0.460 yr=-0.017 L=3 R=3 OL=14 OR=14 el=17 er=17 ed=0 dl=17 dr=17 cl=0 cr=0 ok=3854 fail=0 vofa=firewater rx=780 txdrop=23908
1775027545.5433,1775027545543299800,4856328477500,HB,1170627,44965.0,1,-0.686,-0.359,17.0,18.0,-1.0,14.0,14.0,3.0,3.0,17.0,18.0,0,0,,HB tick=1170627 exp_id=188 t_ms=44965 run=1 spd=1 ts=20.000 as=17.500 ta=0.000 aa=-0.504 se=2.500 so=2.794 ae=0.504 ao=-0.033 pwm=14 pc=3 hd=0 y=-0.686 yr=-0.359 L=3 R=3 OL=14 OR=14 el=17 er=18 ed=-1 dl=17 dr=18 cl=0 cr=0 ok=3855 fail=0 vofa=firewater rx=780 txdrop=23908
1775027545.553768,1775027545553768000,4856338945200,HB,1170783,45121.0,1,-0.749,-0.375,16.0,16.0,0.0,14.0,14.0,3.0,3.0,16.0,16.0,0,0,,HB tick=1170783 exp_id=188 t_ms=45121 run=1 spd=1 ts=20.000 as=16.000 ta=0.000 aa=-0.729 se=4.000 so=2.950 ae=0.729 ao=0.133 pwm=14 pc=3 hd=0 y=-0.749 yr=-0.375 L=3 R=3 OL=14 OR=14 el=16 er=16 ed=0 dl=16 dr=16 cl=0 cr=0 ok=3856 fail=0 vofa=firewater rx=780 txdrop=23908
1775027545.8027623,1775027545802762300,4856587941500,HB,1171032,45370.0,1,-0.647,-0.101,17.0,17.0,0.0,15.0,13.0,4.0,2.0,17.0,17.0,0,0,,HB tick=1171032 exp_id=188 t_ms=45370 run=1 spd=1 ts=20.000 as=17.000 ta=0.000 aa=-0.792 se=3.000 so=2.860 ae=0.792 ao=0.154 pwm=14 pc=3 hd=1 y=-0.647 yr=-0.101 L=4 R=2 OL=15 OR=13 el=17 er=17 ed=0 dl=17 dr=17 cl=0 cr=0 ok=3857 fail=0 vofa=firewater rx=780 txdrop=23908
1775027546.0106275,1775027546010627500,4856795804800,HB,1171233,45571.0,1,-0.614,-0.008,18.0,18.0,0.0,14.0,14.0,3.0,3.0,18.0,18.0,0,0,,HB tick=1171233 exp_id=188 t_ms=45571 run=1 spd=1 ts=20.000 as=18.000 ta=0.000 aa=-0.690 se=2.000 so=2.767 ae=0.690 ao=0.041 pwm=14 pc=3 hd=0 y=-0.614 yr=-0.008 L=3 R=3 OL=14 OR=14 el=18 er=18 ed=0 dl=18 dr=18 cl=0 cr=0 ok=3858 fail=0 vofa=firewater rx=780 txdrop=23908
1775027546.2088664,1775027546208866200,4856994044200,HB,1171439,45777.0,1,-0.412,0.339,16.0,16.0,0.0,14.0,14.0,3.0,3.0,16.0,16.0,0,0,,HB tick=1171439 exp_id=188 t_ms=45777 run=1 spd=1 ts=20.000 as=16.000 ta=0.000 aa=-0.657 se=4.000 so=2.974 ae=0.657 ao=0.004 pwm=14 pc=3 hd=0 y=-0.412 yr=0.339 L=3 R=3 OL=14 OR=14 el=16 er=16 ed=0 dl=16 dr=16 cl=0 cr=0 ok=3859 fail=0 vofa=firewater rx=780 txdrop=23908
1775027546.4176311,1775027546417631200,4857202809500,HB,1171644,45982.0,1,-0.343,0.338,17.0,16.0,1.0,14.0,14.0,3.0,3.0,17.0,16.0,0,0,,HB tick=1171644 exp_id=188 t_ms=45982 run=1 spd=1 ts=20.000 as=16.500 ta=0.000 aa=-0.455 se=3.500 so=2.932 ae=0.455 ao=-0.157 pwm=14 pc=3 hd=0 y=-0.343 yr=0.338 L=3 R=3 OL=14 OR=14 el=17 er=16 ed=1 dl=17 dr=16 cl=0 cr=0 ok=3860 fail=0 vofa=firewater rx=780 txdrop=23908
1775027546.645878,1775027546645878000,4857431057000,HB,1171870,46208.0,1,-0.282,0.314,17.0,18.0,-1.0,14.0,14.0,3.0,3.0,17.0,18.0,0,0,,HB tick=1171870 exp_id=188 t_ms=46208 run=1 spd=1 ts=20.000 as=17.500 ta=0.000 aa=-0.386 se=2.500 so=2.839 ae=0.386 ao=-0.174 pwm=14 pc=3 hd=0 y=-0.282 yr=0.314 L=3 R=3 OL=14 OR=14 el=17 er=18 ed=-1 dl=17 dr=18 cl=0 cr=0 ok=3861 fail=0 vofa=firewater rx=780 txdrop=23908
1775027546.802072,1775027546802072100,4857587249400,HB,1172027,46365.0,1,-0.296,0.172,17.0,16.0,1.0,14.0,14.0,3.0,3.0,17.0,16.0,0,0,,HB tick=1172027 exp_id=188 t_ms=46365 run=1 spd=1 ts=20.000 as=16.500 ta=0.000 aa=-0.325 se=3.500 so=2.944 ae=0.325 ao=-0.182 pwm=14 pc=3 hd=0 y=-0.296 yr=0.172 L=3 R=3 OL=14 OR=14 el=17 er=16 ed=1 dl=17 dr=16 cl=0 cr=0 ok=3862 fail=0 vofa=firewater rx=780 txdrop=23908
1775027547.0319412,1775027547031941000,4857817118700,HB,1172259,46597.0,1,-0.45,-0.121,17.0,17.0,0.0,14.0,14.0,3.0,3.0,17.0,17.0,0,0,,HB tick=1172259 exp_id=188 t_ms=46597 run=1 spd=1 ts=20.000 as=17.000 ta=0.000 aa=-0.339 se=3.000 so=2.903 ae=0.339 ao=-0.132 pwm=14 pc=3 hd=0 y=-0.450 yr=-0.121 L=3 R=3 OL=14 OR=14 el=17 er=17 ed=0 dl=17 dr=17 cl=0 cr=0 ok=3863 fail=0 vofa=firewater rx=780 txdrop=23908
1775027547.2403204,1775027547240320600,4858025500400,HB,1172464,46802.0,1,-0.495,-0.155,18.0,17.0,1.0,14.0,14.0,3.0,3.0,18.0,17.0,0,0,,HB tick=1172464 exp_id=188 t_ms=46802 run=1 spd=1 ts=20.000 as=17.500 ta=0.000 aa=-0.494 se=2.500 so=2.860 ae=0.494 ao=0.000 pwm=14 pc=3 hd=0 y=-0.495 yr=-0.155 L=3 R=3 OL=14 OR=14 el=18 er=17 ed=1 dl=18 dr=17 cl=0 cr=0 ok=3864 fail=0 vofa=firewater rx=780 txdrop=23908
1775027547.4061058,1775027547406105900,4858191283200,HB,1172629,46967.0,1,-0.475,-0.058,17.0,17.0,0.0,14.0,14.0,3.0,3.0,17.0,17.0,0,0,,HB tick=1172629 exp_id=188 t_ms=46967 run=1 spd=1 ts=20.000 as=17.000 ta=0.000 aa=-0.539 se=3.000 so=2.915 ae=0.539 ao=0.023 pwm=14 pc=3 hd=0 y=-0.475 yr=-0.058 L=3 R=3 OL=14 OR=14 el=17 er=17 ed=0 dl=17 dr=17 cl=0 cr=0 ok=3865 fail=0 vofa=firewater rx=780 txdrop=23908
1775027547.6343927,1775027547634392800,4858419570300,HB,1172862,47200.0,1,-0.445,0.007,17.0,17.0,0.0,14.0,14.0,3.0,3.0,17.0,17.0,0,0,,HB tick=1172862 exp_id=188 t_ms=47200 run=1 spd=1 ts=20.000 as=17.000 ta=0.000 aa=-0.518 se=3.000 so=2.925 ae=0.518 ao=-0.014 pwm=14 pc=3 hd=0 y=-0.445 yr=0.007 L=3 R=3 OL=14 OR=14 el=17 er=17 ed=0 dl=17 dr=17 cl=0 cr=0 ok=3866 fail=0 vofa=firewater rx=780 txdrop=23908
1775027547.8439906,1775027547843990500,4858629168200,HB,1173072,47410.0,1,-0.268,0.299,17.0,18.0,-1.0,14.0,14.0,3.0,3.0,17.0,18.0,0,0,,HB tick=1173072 exp_id=188 t_ms=47410 run=1 spd=1 ts=20.000 as=17.500 ta=0.000 aa=-0.488 se=2.500 so=2.882 ae=0.488 ao=-0.042 pwm=14 pc=3 hd=0 y=-0.268 yr=0.299 L=3 R=3 OL=14 OR=14 el=17 er=18 ed=-1 dl=17 dr=18 cl=0 cr=0 ok=3867 fail=0 vofa=firewater rx=780 txdrop=23908
1775027548.051904,1775027548051904000,4858837084000,HB,1173277,47615.0,1,-0.281,0.173,17.0,17.0,0.0,14.0,14.0,3.0,3.0,17.0,17.0,0,0,,HB tick=1173277 exp_id=188 t_ms=47615 run=1 spd=1 ts=20.000 as=17.000 ta=0.000 aa=-0.312 se=3.000 so=2.939 ae=0.312 ao=-0.179 pwm=14 pc=3 hd=0 y=-0.281 yr=0.173 L=3 R=3 OL=14 OR=14 el=17 er=17 ed=0 dl=17 dr=17 cl=0 cr=0 ok=3868 fail=0 vofa=firewater rx=780 txdrop=23908
1775027548.2610276,1775027548261027500,4859046204700,HB,1173482,47820.0,1,-0.608,-0.445,17.0,17.0,0.0,14.0,14.0,3.0,3.0,17.0,17.0,0,0,,HB tick=1173482 exp_id=188 t_ms=47820 run=1 spd=1 ts=20.000 as=17.000 ta=0.000 aa=-0.324 se=3.000 so=2.948 ae=0.324 ao=-0.135 pwm=14 pc=3 hd=0 y=-0.608 yr=-0.445 L=3 R=3 OL=14 OR=14 el=17 er=17 ed=0 dl=17 dr=17 cl=0 cr=0 ok=3869 fail=0 vofa=firewater rx=780 txdrop=23908
1775027548.4783473,1775027548478347200,4859263524400,HB,1173708,48046.0,1,-0.917,-0.769,17.0,17.0,0.0,14.0,14.0,3.0,3.0,17.0,17.0,0,0,,HB tick=1173708 exp_id=188 t_ms=48046 run=1 spd=1 ts=20.000 as=17.000 ta=0.000 aa=-0.651 se=3.000 so=2.956 ae=0.651 ao=0.145 pwm=14 pc=3 hd=0 y=-0.917 yr=-0.769 L=3 R=3 OL=14 OR=14 el=17 er=17 ed=0 dl=17 dr=17 cl=0 cr=0 ok=3870 fail=0 vofa=firewater rx=780 txdrop=23908
1775027548.6763544,1775027548676354300,4859461533800,HB,1173909,48247.0,1,-0.916,-0.498,16.0,17.0,-1.0,14.0,14.0,3.0,3.0,16.0,17.0,0,0,,HB tick=1173909 exp_id=188 t_ms=48247 run=1 spd=1 ts=20.000 as=16.500 ta=0.000 aa=-0.961 se=3.500 so=3.013 ae=0.961 ao=0.326 pwm=14 pc=3 hd=0 y=-0.916 yr=-0.498 L=3 R=3 OL=14 OR=14 el=16 er=17 ed=-1 dl=16 dr=17 cl=0 cr=0 ok=3871 fail=0 vofa=firewater rx=780 txdrop=23908
1775027548.8427382,1775027548842738300,4859627915500,HB,1174070,48408.0,1,-0.824,-0.124,17.0,16.0,1.0,14.0,14.0,3.0,3.0,17.0,16.0,0,0,,HB tick=1174070 exp_id=188 t_ms=48408 run=1 spd=1 ts=20.000 as=16.500 ta=0.000 aa=-0.960 se=3.500 so=3.021 ae=0.960 ao=0.240 pwm=14 pc=3 hd=0 y=-0.824 yr=-0.124 L=3 R=3 OL=14 OR=14 el=17 er=16 ed=1 dl=17 dr=16 cl=0 cr=0 ok=3872 fail=0 vofa=firewater rx=780 txdrop=23908
1775027549.092493,1775027549092493100,4859877672300,HB,1174324,48662.0,1,-0.686,0.11,17.0,17.0,0.0,14.0,14.0,3.0,3.0,17.0,17.0,0,0,,HB tick=1174324 exp_id=188 t_ms=48662 run=1 spd=1 ts=20.000 as=17.000 ta=0.000 aa=-0.868 se=3.000 so=2.980 ae=0.868 ao=0.097 pwm=14 pc=3 hd=0 y=-0.686 yr=0.110 L=3 R=3 OL=14 OR=14 el=17 er=17 ed=0 dl=17 dr=17 cl=0 cr=0 ok=3873 fail=0 vofa=firewater rx=780 txdrop=23908
1775027549.289522,1775027549289521800,4860074699700,HB,1174519,48857.0,1,-0.652,0.132,17.0,17.0,0.0,14.0,14.0,3.0,3.0,17.0,17.0,0,0,,HB tick=1174519 exp_id=188 t_ms=48857 run=1 spd=1 ts=20.000 as=17.000 ta=0.000 aa=-0.729 se=3.000 so=2.987 ae=0.729 ao=-0.012 pwm=14 pc=3 hd=0 y=-0.652 yr=0.132 L=3 R=3 OL=14 OR=14 el=17 er=17 ed=0 dl=17 dr=17 cl=0 cr=0 ok=3874 fail=0 vofa=firewater rx=780 txdrop=23908
1775027549.5185893,1775027549518589100,4860303767100,HB,1174745,49083.0,1,-0.635,0.113,16.0,17.0,-1.0,14.0,14.0,3.0,3.0,16.0,17.0,0,0,,HB tick=1174745 exp_id=188 t_ms=49083 run=1 spd=1 ts=20.000 as=16.500 ta=0.000 aa=-0.696 se=3.500 so=3.047 ae=0.696 ao=-0.027 pwm=14 pc=3 hd=0 y=-0.635 yr=0.113 L=3 R=3 OL=14 OR=14 el=16 er=17 ed=-1 dl=16 dr=17 cl=0 cr=0 ok=3875 fail=0 vofa=firewater rx=780 txdrop=23908
1775027549.716363,1775027549716363100,4860501540600,HB,1174940,49278.0,1,-0.535,0.253,18.0,18.0,0.0,14.0,14.0,3.0,3.0,18.0,18.0,0,0,,HB tick=1174940 exp_id=188 t_ms=49278 run=1 spd=1 ts=20.000 as=18.000 ta=0.000 aa=-0.678 se=2.000 so=2.903 ae=0.678 ao=-0.025 pwm=14 pc=3 hd=0 y=-0.535 yr=0.253 L=3 R=3 OL=14 OR=14 el=18 er=18 ed=0 dl=18 dr=18 cl=0 cr=0 ok=3876 fail=0 vofa=firewater rx=780 txdrop=23908
1775027549.872579,1775027549872579200,4860657756100,HB,1175101,49439.0,1,-0.526,0.182,17.0,17.0,0.0,14.0,14.0,3.0,3.0,17.0,17.0,0,0,,HB tick=1175101 exp_id=188 t_ms=49439 run=1 spd=1 ts=20.000 as=17.000 ta=0.000 aa=-0.578 se=3.000 so=3.009 ae=0.578 ao=-0.094 pwm=14 pc=3 hd=0 y=-0.526 yr=0.182 L=3 R=3 OL=14 OR=14 el=17 er=17 ed=0 dl=17 dr=17 cl=0 cr=0 ok=3877 fail=0 vofa=firewater rx=780 txdrop=23908
1775027550.0604203,1775027550060420300,4860845597700,HB,1175290,49628.0,1,-0.536,0.101,17.0,16.0,1.0,14.0,14.0,3.0,3.0,17.0,16.0,0,0,,HB tick=1175290 exp_id=188 t_ms=49628 run=1 spd=1 ts=20.000 as=16.500 ta=0.000 aa=-0.570 se=3.500 so=3.066 ae=0.570 ao=-0.074 pwm=14 pc=3 hd=0 y=-0.536 yr=0.101 L=3 R=3 OL=14 OR=14 el=17 er=16 ed=1 dl=17 dr=16 cl=0 cr=0 ok=3878 fail=0 vofa=firewater rx=780 txdrop=23908
1775027550.3195817,1775027550319581600,4861104762900,HB,1175544,49882.0,1,-0.502,0.112,17.0,18.0,-1.0,14.0,14.0,3.0,3.0,17.0,18.0,0,0,,HB tick=1175544 exp_id=188 t_ms=49882 run=1 spd=1 ts=20.000 as=17.500 ta=0.000 aa=-0.580 se=2.500 so=2.975 ae=0.580 ao=-0.045 pwm=14 pc=3 hd=0 y=-0.502 yr=0.112 L=3 R=3 OL=14 OR=14 el=17 er=18 ed=-1 dl=17 dr=18 cl=0 cr=0 ok=3879 fail=0 vofa=firewater rx=780 txdrop=23908
1775027550.4771821,1775027550477182200,4861262359800,HB,1175700,50038.0,1,-0.494,0.09,18.0,17.0,1.0,14.0,14.0,3.0,3.0,18.0,17.0,0,0,,HB tick=1175700 exp_id=188 t_ms=50038 run=1 spd=1 ts=20.000 as=17.500 ta=0.000 aa=-0.546 se=2.500 so=2.980 ae=0.546 ao=-0.057 pwm=14 pc=3 hd=0 y=-0.494 yr=0.090 L=3 R=3 OL=14 OR=14 el=18 er=17 ed=1 dl=18 dr=17 cl=0 cr=0 ok=3880 fail=0 vofa=firewater rx=780 txdrop=23908
1775027550.7057436,1775027550705743500,4861490921600,HB,1175934,50272.0,1,-0.48,0.08,17.0,17.0,0.0,14.0,14.0,3.0,3.0,17.0,17.0,0,0,,HB tick=1175934 exp_id=188 t_ms=50272 run=1 spd=1 ts=20.000 as=17.000 ta=0.000 aa=-0.538 se=3.000 so=3.038 ae=0.538 ao=-0.051 pwm=14 pc=3 hd=0 y=-0.480 yr=0.080 L=3 R=3 OL=14 OR=14 el=17 er=17 ed=0 dl=17 dr=17 cl=0 cr=0 ok=3881 fail=0 vofa=firewater rx=780 txdrop=23908
1775027550.9796429,1775027550979642900,4861764820400,HB,1176095,50433.0,1,-0.467,0.081,17.0,17.0,0.0,14.0,14.0,3.0,3.0,17.0,17.0,0,0,,HB tick=1176095 exp_id=188 t_ms=50433 run=1 spd=1 ts=20.000 as=17.000 ta=0.000 aa=-0.524 se=3.000 so=3.044 ae=0.524 ao=-0.051 pwm=14 pc=3 hd=0 y=-0.467 yr=0.081 L=3 R=3 OL=14 OR=14 el=17 er=17 ed=0 dl=17 dr=17 cl=0 cr=0 ok=3882 fail=0 vofa=firewater rx=780 txdrop=23908
1775027551.0950017,1775027551095001500,4861880178800,HB,1176327,50665.0,1,-0.348,0.23,17.0,18.0,-1.0,13.0,15.0,2.0,4.0,17.0,18.0,0,0,,HB tick=1176327 exp_id=188 t_ms=50665 run=1 spd=1 ts=20.000 as=17.500 ta=0.000 aa=-0.510 se=2.500 so=3.001 ae=0.510 ao=-0.055 pwm=14 pc=3 hd=-1 y=-0.348 yr=0.230 L=2 R=4 OL=13 OR=15 el=17 er=18 ed=-1 dl=17 dr=18 cl=0 cr=0 ok=3883 fail=0 vofa=firewater rx=780 txdrop=23908
1775027551.3261266,1775027551326126500,4862111304300,HB,1176548,50886.0,1,-0.345,0.155,16.0,16.0,0.0,14.0,14.0,3.0,3.0,16.0,16.0,0,0,,HB tick=1176548 exp_id=188 t_ms=50886 run=1 spd=1 ts=20.000 as=16.000 ta=0.000 aa=-0.392 se=4.000 so=3.160 ae=0.392 ao=-0.132 pwm=14 pc=3 hd=0 y=-0.345 yr=0.155 L=3 R=3 OL=14 OR=14 el=16 er=16 ed=0 dl=16 dr=16 cl=0 cr=0 ok=3884 fail=0 vofa=firewater rx=780 txdrop=23908
1775027551.524426,1775027551524426100,4862309606400,HB,1176749,51087.0,1,-0.375,0.049,18.0,17.0,1.0,14.0,14.0,3.0,3.0,18.0,17.0,0,0,,HB tick=1176749 exp_id=188 t_ms=51087 run=1 spd=1 ts=20.000 as=17.500 ta=0.000 aa=-0.389 se=2.500 so=3.017 ae=0.389 ao=-0.108 pwm=14 pc=3 hd=0 y=-0.375 yr=0.049 L=3 R=3 OL=14 OR=14 el=18 er=17 ed=1 dl=18 dr=17 cl=0 cr=0 ok=3885 fail=0 vofa=firewater rx=780 txdrop=23908
1775027551.6830792,1775027551683079200,4862468256900,HB,1176910,51248.0,1,-0.35,0.087,17.0,18.0,-1.0,14.0,14.0,3.0,3.0,17.0,18.0,0,0,,HB tick=1176910 exp_id=188 t_ms=51248 run=1 spd=1 ts=20.000 as=17.500 ta=0.000 aa=-0.418 se=2.500 so=3.022 ae=0.418 ao=-0.067 pwm=14 pc=3 hd=0 y=-0.350 yr=0.087 L=3 R=3 OL=14 OR=14 el=17 er=18 ed=-1 dl=17 dr=18 cl=0 cr=0 ok=3886 fail=0 vofa=firewater rx=780 txdrop=23908
1775027551.9440129,1775027551944012900,4862729190400,HB,1177176,51514.0,1,-0.481,-0.117,17.0,16.0,1.0,14.0,14.0,3.0,3.0,17.0,16.0,0,0,,HB tick=1177176 exp_id=188 t_ms=51514 run=1 spd=1 ts=20.000 as=16.500 ta=0.000 aa=-0.393 se=3.500 so=3.132 ae=0.393 ao=-0.085 pwm=14 pc=3 hd=0 y=-0.481 yr=-0.117 L=3 R=3 OL=14 OR=14 el=17 er=16 ed=1 dl=17 dr=16 cl=0 cr=0 ok=3887 fail=0 vofa=firewater rx=780 txdrop=23908
1775027552.14167,1775027552141669800,4862926846800,HB,1177371,51709.0,1,-0.492,-0.096,18.0,17.0,1.0,14.0,14.0,3.0,3.0,18.0,17.0,0,0,,HB tick=1177371 exp_id=188 t_ms=51709 run=1 spd=1 ts=20.000 as=17.500 ta=0.000 aa=-0.525 se=2.500 so=3.039 ae=0.525 ao=0.013 pwm=14 pc=3 hd=0 y=-0.492 yr=-0.096 L=3 R=3 OL=14 OR=14 el=18 er=17 ed=1 dl=18 dr=17 cl=0 cr=0 ok=3888 fail=0 vofa=firewater rx=780 txdrop=23908
1775027552.3610733,1775027552361073200,4863146251900,HB,1177592,51930.0,1,-0.455,-0.003,17.0,16.0,1.0,14.0,14.0,3.0,3.0,17.0,16.0,0,0,,HB tick=1177592 exp_id=188 t_ms=51930 run=1 spd=1 ts=20.000 as=16.500 ta=0.000 aa=-0.536 se=3.500 so=3.146 ae=0.536 ao=0.010 pwm=14 pc=3 hd=0 y=-0.455 yr=-0.003 L=3 R=3 OL=14 OR=14 el=17 er=16 ed=1 dl=17 dr=16 cl=0 cr=0 ok=3889 fail=0 vofa=firewater rx=780 txdrop=23908
1775027552.5171542,1775027552517154200,4863302331600,HB,1177749,52087.0,1,-0.443,0.025,17.0,17.0,0.0,14.0,14.0,3.0,3.0,17.0,17.0,0,0,,HB tick=1177749 exp_id=188 t_ms=52087 run=1 spd=1 ts=20.000 as=17.000 ta=0.000 aa=-0.498 se=3.000 so=3.102 ae=0.498 ao=-0.029 pwm=14 pc=3 hd=0 y=-0.443 yr=0.025 L=3 R=3 OL=14 OR=14 el=17 er=17 ed=0 dl=17 dr=17 cl=0 cr=0 ok=3890 fail=0 vofa=firewater rx=780 txdrop=23908
1775027552.7702644,1775027552770264400,4863555441600,HB,1178002,52340.0,1,-1.636,-1.635,17.0,19.0,-2.0,14.0,14.0,3.0,3.0,17.0,19.0,0,0,,HB tick=1178002 exp_id=188 t_ms=52340 run=1 spd=1 ts=20.000 as=18.000 ta=0.000 aa=-0.486 se=2.000 so=3.012 ae=0.486 ao=-0.041 pwm=14 pc=3 hd=0 y=-1.636 yr=-1.635 L=3 R=3 OL=14 OR=14 el=17 er=19 ed=-2 dl=17 dr=19 cl=0 cr=0 ok=3891 fail=0 vofa=firewater rx=780 txdrop=23908
1775027552.967489,1775027552967489000,4863752667900,HB,1178197,52535.0,1,-1.681,-1.142,18.0,18.0,0.0,15.0,13.0,4.0,2.0,18.0,18.0,0,0,,HB tick=1178197 exp_id=188 t_ms=52535 run=1 spd=1 ts=20.000 as=18.000 ta=0.000 aa=-1.680 se=2.000 so=3.017 ae=1.680 ao=0.789 pwm=14 pc=3 hd=1 y=-1.681 yr=-1.142 L=4 R=2 OL=15 OR=13 el=18 er=18 ed=0 dl=18 dr=18 cl=0 cr=0 ok=3892 fail=0 vofa=firewater rx=780 txdrop=23908
1775027553.1776865,1775027553177686400,4863962864200,HB,1178402,52740.0,1,-1.391,-0.247,18.0,17.0,1.0,14.0,14.0,3.0,3.0,18.0,17.0,0,0,,HB tick=1178402 exp_id=188 t_ms=52740 run=1 spd=1 ts=20.000 as=17.500 ta=0.000 aa=-1.724 se=2.500 so=3.074 ae=1.724 ao=0.644 pwm=14 pc=3 hd=0 y=-1.391 yr=-0.247 L=3 R=3 OL=14 OR=14 el=18 er=17 ed=1 dl=18 dr=17 cl=0 cr=0 ok=3893 fail=0 vofa=firewater rx=780 txdrop=23908
1775027553.3866625,1775027553386662500,4864171841300,HB,1178611,52949.0,1,-0.666,1.052,18.0,17.0,1.0,14.0,14.0,3.0,3.0,18.0,17.0,0,0,,HB tick=1178611 exp_id=188 t_ms=52949 run=1 spd=1 ts=20.000 as=17.500 ta=0.000 aa=-1.434 se=2.500 so=3.080 ae=1.434 ao=0.285 pwm=14 pc=3 hd=0 y=-0.666 yr=1.052 L=3 R=3 OL=14 OR=14 el=18 er=17 ed=1 dl=18 dr=17 cl=0 cr=0 ok=3894 fail=0 vofa=firewater rx=780 txdrop=23908
1775027553.5844567,1775027553584456600,4864369634000,HB,1178817,53154.0,1,-0.118,1.619,17.0,17.0,0.0,14.0,14.0,3.0,3.0,17.0,17.0,0,0,,HB tick=1178817 exp_id=188 t_ms=53154 run=1 spd=1 ts=20.000 as=17.000 ta=0.000 aa=-0.710 se=3.000 so=3.136 ae=0.710 ao=-0.311 pwm=14 pc=3 hd=0 y=-0.118 yr=1.619 L=3 R=3 OL=14 OR=14 el=17 er=17 ed=0 dl=17 dr=17 cl=0 cr=0 ok=3895 fail=0 vofa=firewater rx=780 txdrop=23908
1775027553.8142185,1775027553814218400,4864599395500,HB,1179043,53381.0,1,0.261,1.637,17.0,18.0,-1.0,13.0,15.0,2.0,4.0,17.0,18.0,0,0,,HB tick=1179043 exp_id=188 t_ms=53381 run=1 spd=1 ts=20.000 as=17.500 ta=0.000 aa=-0.162 se=2.500 so=3.094 ae=0.162 ao=-0.629 pwm=14 pc=3 hd=-1 y=0.261 yr=1.637 L=2 R=4 OL=13 OR=15 el=17 er=18 ed=-1 dl=17 dr=18 cl=0 cr=0 ok=3896 fail=0 vofa=firewater rx=780 txdrop=23908
1775027553.97117,1775027553971170100,4864756347400,HB,1179199,53537.0,1,0.306,1.166,17.0,17.0,0.0,14.0,14.0,3.0,3.0,17.0,17.0,0,0,,HB tick=1179199 exp_id=188 t_ms=53537 run=1 spd=1 ts=20.000 as=17.000 ta=0.000 aa=0.217 se=3.000 so=3.148 ae=-0.217 ao=-0.730 pwm=14 pc=3 hd=0 y=0.306 yr=1.166 L=3 R=3 OL=14 OR=14 el=17 er=17 ed=0 dl=17 dr=17 cl=0 cr=0 ok=3897 fail=0 vofa=firewater rx=780 txdrop=23908
1775027554.2216842,1775027554221684100,4865006871600,HB,1179449,53787.0,1,-0.01,0.316,17.0,18.0,-1.0,14.0,14.0,3.0,3.0,17.0,18.0,0,0,,HB tick=1179449 exp_id=188 t_ms=53787 run=1 spd=1 ts=20.000 as=17.500 ta=0.000 aa=0.263 se=2.500 so=3.105 ae=-0.263 ao=-0.591 pwm=14 pc=3 hd=0 y=-0.010 yr=0.316 L=3 R=3 OL=14 OR=14 el=17 er=18 ed=-1 dl=17 dr=18 cl=0 cr=0 ok=3898 fail=0 vofa=firewater rx=780 txdrop=23908
1775027554.421031,1775027554421031000,4865206210500,HB,1179649,53987.0,1,-0.237,-0.192,17.0,17.0,0.0,14.0,14.0,3.0,3.0,17.0,17.0,0,0,,HB tick=1179649 exp_id=188 t_ms=53987 run=1 spd=1 ts=20.000 as=17.000 ta=0.000 aa=-0.053 se=3.000 so=3.162 ae=0.053 ao=-0.240 pwm=14 pc=3 hd=0 y=-0.237 yr=-0.192 L=3 R=3 OL=14 OR=14 el=17 er=17 ed=0 dl=17 dr=17 cl=0 cr=0 ok=3899 fail=0 vofa=firewater rx=780 txdrop=23908
1775027554.6395679,1775027554639567900,4865424748900,HB,1179855,54193.0,1,-0.425,-0.445,18.0,18.0,0.0,14.0,14.0,3.0,3.0,18.0,18.0,0,0,,HB tick=1179855 exp_id=188 t_ms=54193 run=1 spd=1 ts=20.000 as=18.000 ta=0.000 aa=-0.280 se=2.000 so=3.068 ae=0.280 ao=-0.020 pwm=14 pc=3 hd=0 y=-0.425 yr=-0.445 L=3 R=3 OL=14 OR=14 el=18 er=18 ed=0 dl=18 dr=18 cl=0 cr=0 ok=3900 fail=0 vofa=firewater rx=780 txdrop=23908
1775027554.8484862,1775027554848486100,4865633663300,HB,1180076,54414.0,1,-0.276,-0.054,17.0,17.0,0.0,14.0,14.0,3.0,3.0,17.0,17.0,0,0,,HB tick=1180076 exp_id=188 t_ms=54414 run=1 spd=1 ts=20.000 as=17.000 ta=0.000 aa=-0.469 se=3.000 so=3.174 ae=0.469 ao=0.108 pwm=14 pc=3 hd=0 y=-0.276 yr=-0.054 L=3 R=3 OL=14 OR=14 el=17 er=17 ed=0 dl=17 dr=17 cl=0 cr=0 ok=3901 fail=0 vofa=firewater rx=780 txdrop=23908
1775027555.066408,1775027555066407900,4865851585000,HB,1180292,54630.0,1,-0.184,0.115,18.0,17.0,1.0,13.0,15.0,2.0,4.0,18.0,17.0,0,0,,HB tick=1180292 exp_id=188 t_ms=54630 run=1 spd=1 ts=20.000 as=17.500 ta=0.000 aa=-0.320 se=2.500 so=3.132 ae=0.320 ao=-0.054 pwm=14 pc=3 hd=-1 y=-0.184 yr=0.115 L=2 R=4 OL=13 OR=15 el=18 er=17 ed=1 dl=18 dr=17 cl=0 cr=0 ok=3902 fail=0 vofa=firewater rx=780 txdrop=23908
1775027555.2223587,1775027555222358800,4866007536100,HB,1180448,54786.0,1,-0.113,0.235,18.0,17.0,1.0,14.0,14.0,3.0,3.0,18.0,17.0,0,0,,HB tick=1180448 exp_id=188 t_ms=54786 run=1 spd=1 ts=20.000 as=17.500 ta=0.000 aa=-0.228 se=2.500 so=3.136 ae=0.228 ao=-0.131 pwm=14 pc=3 hd=0 y=-0.113 yr=0.235 L=3 R=3 OL=14 OR=14 el=18 er=17 ed=1 dl=18 dr=17 cl=0 cr=0 ok=3903 fail=0 vofa=firewater rx=780 txdrop=23908
1775027555.4523249,1775027555452324900,4866237503100,HB,1180681,55019.0,1,0.031,0.368,17.0,17.0,0.0,14.0,14.0,3.0,3.0,17.0,17.0,0,0,,HB tick=1180681 exp_id=188 t_ms=55019 run=1 spd=1 ts=20.000 as=17.000 ta=0.000 aa=-0.156 se=3.000 so=3.193 ae=0.156 ao=-0.187 pwm=14 pc=3 hd=0 y=0.031 yr=0.368 L=3 R=3 OL=14 OR=14 el=17 er=17 ed=0 dl=17 dr=17 cl=0 cr=0 ok=3904 fail=0 vofa=firewater rx=780 txdrop=23908
1775027555.6815763,1775027555681576200,4866466756200,HB,1180907,55245.0,1,0.02,0.222,17.0,17.0,0.0,14.0,14.0,3.0,3.0,17.0,17.0,0,0,,HB tick=1180907 exp_id=188 t_ms=55245 run=1 spd=1 ts=20.000 as=17.000 ta=0.000 aa=-0.013 se=3.000 so=3.202 ae=0.013 ao=-0.266 pwm=14 pc=3 hd=0 y=0.020 yr=0.222 L=3 R=3 OL=14 OR=14 el=17 er=17 ed=0 dl=17 dr=17 cl=0 cr=0 ok=3905 fail=0 vofa=firewater rx=780 txdrop=23908
1775027555.8395486,1775027555839548600,4866624726400,HB,1181064,55402.0,1,0.048,0.207,17.0,18.0,-1.0,14.0,14.0,3.0,3.0,17.0,18.0,0,0,,HB tick=1181064 exp_id=188 t_ms=55402 run=1 spd=1 ts=20.000 as=17.500 ta=0.000 aa=0.004 se=2.500 so=3.157 ae=-0.004 ao=-0.222 pwm=14 pc=3 hd=0 y=0.048 yr=0.207 L=3 R=3 OL=14 OR=14 el=17 er=18 ed=-1 dl=17 dr=18 cl=0 cr=0 ok=3906 fail=0 vofa=firewater rx=780 txdrop=23908
1775027556.0679836,1775027556067983500,4866853161200,HB,1181297,55635.0,1,-0.025,0.026,16.0,16.0,0.0,14.0,14.0,3.0,3.0,16.0,16.0,0,0,,HB tick=1181297 exp_id=188 t_ms=55635 run=1 spd=1 ts=20.000 as=16.000 ta=0.000 aa=0.004 se=4.000 so=3.314 ae=-0.004 ao=-0.219 pwm=14 pc=3 hd=0 y=-0.025 yr=0.026 L=3 R=3 OL=14 OR=14 el=16 er=16 ed=0 dl=16 dr=16 cl=0 cr=0 ok=3907 fail=0 vofa=firewater rx=780 txdrop=23908
1775027556.2238965,1775027556223896500,4867009074200,HB,1181458,55796.0,1,-0.074,-0.091,17.0,17.0,0.0,14.0,14.0,3.0,3.0,17.0,17.0,0,0,,HB tick=1181458 exp_id=188 t_ms=55796 run=1 spd=1 ts=20.000 as=17.000 ta=0.000 aa=-0.068 se=3.000 so=3.221 ae=0.068 ao=-0.143 pwm=14 pc=3 hd=0 y=-0.074 yr=-0.091 L=3 R=3 OL=14 OR=14 el=17 er=17 ed=0 dl=17 dr=17 cl=0 cr=0 ok=3908 fail=0 vofa=firewater rx=780 txdrop=23908
1775027556.48503,1775027556485029900,4867270207200,HB,1181707,56045.0,1,-0.778,-1.048,17.0,18.0,-1.0,14.0,14.0,3.0,3.0,17.0,18.0,0,0,,HB tick=1181707 exp_id=188 t_ms=56045 run=1 spd=1 ts=20.000 as=17.500 ta=0.000 aa=-0.118 se=2.500 so=3.180 ae=0.118 ao=-0.093 pwm=14 pc=3 hd=0 y=-0.778 yr=-1.048 L=3 R=3 OL=14 OR=14 el=17 er=18 ed=-1 dl=17 dr=18 cl=0 cr=0 ok=3909 fail=0 vofa=firewater rx=780 txdrop=23908
1775027556.6825142,1775027556682514200,4867467691700,HB,1181908,56246.0,1,-0.838,-0.785,17.0,16.0,1.0,14.0,14.0,3.0,3.0,17.0,16.0,0,0,,HB tick=1181908 exp_id=188 t_ms=56246 run=1 spd=1 ts=20.000 as=16.500 ta=0.000 aa=-0.822 se=3.500 so=3.287 ae=0.822 ao=0.390 pwm=14 pc=3 hd=0 y=-0.838 yr=-0.785 L=3 R=3 OL=14 OR=14 el=17 er=16 ed=1 dl=17 dr=16 cl=0 cr=0 ok=3910 fail=0 vofa=firewater rx=780 txdrop=23908
1775027556.8916013,1775027556891601300,4867676778600,HB,1182113,56451.0,1,-0.942,-0.689,17.0,16.0,1.0,14.0,14.0,3.0,3.0,17.0,16.0,0,0,,HB tick=1182113 exp_id=188 t_ms=56451 run=1 spd=1 ts=20.000 as=16.500 ta=0.000 aa=-0.881 se=3.500 so=3.296 ae=0.881 ao=0.321 pwm=14 pc=3 hd=0 y=-0.942 yr=-0.689 L=3 R=3 OL=14 OR=14 el=17 er=16 ed=1 dl=17 dr=16 cl=0 cr=0 ok=3911 fail=0 vofa=firewater rx=780 txdrop=23908
1775027557.0900192,1775027557090019200,4867875196500,HB,1182318,56656.0,1,-1.033,-0.602,16.0,17.0,-1.0,15.0,13.0,4.0,2.0,16.0,17.0,0,0,,HB tick=1182318 exp_id=188 t_ms=56656 run=1 spd=1 ts=20.000 as=16.500 ta=0.000 aa=-0.986 se=3.500 so=3.305 ae=0.986 ao=0.317 pwm=14 pc=3 hd=1 y=-1.033 yr=-0.602 L=4 R=2 OL=15 OR=13 el=16 er=17 ed=-1 dl=16 dr=17 cl=0 cr=0 ok=3912 fail=0 vofa=firewater rx=780 txdrop=23908
1775027557.2991183,1775027557299118400,4868084295600,HB,1182523,56861.0,1,-0.598,0.351,16.0,17.0,-1.0,14.0,14.0,3.0,3.0,16.0,17.0,0,0,,HB tick=1182523 exp_id=188 t_ms=56861 run=1 spd=1 ts=20.000 as=16.500 ta=0.000 aa=-1.076 se=3.500 so=3.312 ae=1.076 ao=0.312 pwm=14 pc=3 hd=0 y=-0.598 yr=0.351 L=3 R=3 OL=14 OR=14 el=16 er=17 ed=-1 dl=16 dr=17 cl=0 cr=0 ok=3913 fail=0 vofa=firewater rx=780 txdrop=23908
1775027557.507487,1775027557507486900,4868292664100,HB,1182732,57070.0,1,-0.374,0.603,17.0,16.0,1.0,14.0,14.0,3.0,3.0,17.0,16.0,0,0,,HB tick=1182732 exp_id=188 t_ms=57070 run=1 spd=1 ts=20.000 as=16.500 ta=0.000 aa=-0.641 se=3.500 so=3.321 ae=0.641 ao=-0.101 pwm=14 pc=3 hd=0 y=-0.374 yr=0.603 L=3 R=3 OL=14 OR=14 el=17 er=16 ed=1 dl=17 dr=16 cl=0 cr=0 ok=3914 fail=0 vofa=firewater rx=780 txdrop=23908
1775027557.6631792,1775027557663179300,4868448357400,HB,1182893,57231.0,1,-0.322,0.504,17.0,18.0,-1.0,14.0,14.0,3.0,3.0,17.0,18.0,0,0,,HB tick=1182893 exp_id=188 t_ms=57231 run=1 spd=1 ts=20.000 as=17.500 ta=0.000 aa=-0.417 se=2.500 so=3.227 ae=0.417 ao=-0.238 pwm=14 pc=3 hd=0 y=-0.322 yr=0.504 L=3 R=3 OL=14 OR=14 el=17 er=18 ed=-1 dl=17 dr=18 cl=0 cr=0 ok=3915 fail=0 vofa=firewater rx=780 txdrop=23908
1775027557.913825,1775027557913825000,4868699002400,HB,1183141,57479.0,1,-0.481,0.103,17.0,18.0,-1.0,14.0,14.0,3.0,3.0,17.0,18.0,0,0,,HB tick=1183141 exp_id=188 t_ms=57479 run=1 spd=1 ts=20.000 as=17.500 ta=0.000 aa=-0.366 se=2.500 so=3.235 ae=0.366 ao=-0.218 pwm=14 pc=3 hd=0 y=-0.481 yr=0.103 L=3 R=3 OL=14 OR=14 el=17 er=18 ed=-1 dl=17 dr=18 cl=0 cr=0 ok=3916 fail=0 vofa=firewater rx=780 txdrop=23908
1775027558.0718374,1775027558071837400,4868857014700,HB,1183297,57635.0,1,-0.532,-0.047,17.0,16.0,1.0,14.0,14.0,3.0,3.0,17.0,16.0,0,0,,HB tick=1183297 exp_id=188 t_ms=57635 run=1 spd=1 ts=20.000 as=16.500 ta=0.000 aa=-0.525 se=3.500 so=3.341 ae=0.525 ao=-0.050 pwm=14 pc=3 hd=0 y=-0.532 yr=-0.047 L=3 R=3 OL=14 OR=14 el=17 er=16 ed=1 dl=17 dr=16 cl=0 cr=0 ok=3917 fail=0 vofa=firewater rx=780 txdrop=23908
1775027558.323596,1775027558323596000,4869108774000,HB,1183547,57885.0,1,-0.623,-0.157,18.0,17.0,1.0,14.0,14.0,3.0,3.0,18.0,17.0,0,0,,HB tick=1183547 exp_id=188 t_ms=57885 run=1 spd=1 ts=20.000 as=17.500 ta=0.000 aa=-0.576 se=2.500 so=3.250 ae=0.576 ao=0.011 pwm=14 pc=3 hd=0 y=-0.623 yr=-0.157 L=3 R=3 OL=14 OR=14 el=18 er=17 ed=1 dl=18 dr=17 cl=0 cr=0 ok=3918 fail=0 vofa=firewater rx=780 txdrop=23908
1775027558.4699545,1775027558469954500,4869255132400,HB,1183704,58042.0,1,-0.593,-0.035,17.0,17.0,0.0,14.0,14.0,3.0,3.0,17.0,17.0,0,0,,HB tick=1183704 exp_id=188 t_ms=58042 run=1 spd=1 ts=20.000 as=17.000 ta=0.000 aa=-0.636 se=3.000 so=3.305 ae=0.636 ao=0.052 pwm=14 pc=3 hd=0 y=-0.593 yr=-0.035 L=3 R=3 OL=14 OR=14 el=17 er=17 ed=0 dl=17 dr=17 cl=0 cr=0 ok=3919 fail=0 vofa=firewater rx=780 txdrop=23908
1775027558.7080753,1775027558708075200,4869493252800,HB,1183936,58274.0,1,-0.359,0.329,16.0,17.0,-1.0,14.0,14.0,3.0,3.0,16.0,17.0,0,0,,HB tick=1183936 exp_id=188 t_ms=58274 run=1 spd=1 ts=20.000 as=16.500 ta=0.000 aa=-0.636 se=3.500 so=3.363 ae=0.636 ao=0.023 pwm=14 pc=3 hd=0 y=-0.359 yr=0.329 L=3 R=3 OL=14 OR=14 el=16 er=17 ed=-1 dl=16 dr=17 cl=0 cr=0 ok=3920 fail=0 vofa=firewater rx=780 txdrop=23908
1775027558.9174356,1775027558917435600,4869702614300,HB,1184141,58479.0,1,-0.139,0.59,18.0,18.0,0.0,14.0,14.0,3.0,3.0,18.0,18.0,0,0,,HB tick=1184141 exp_id=188 t_ms=58479 run=1 spd=1 ts=20.000 as=18.000 ta=0.000 aa=-0.402 se=2.000 so=3.221 ae=0.402 ao=-0.152 pwm=14 pc=3 hd=0 y=-0.139 yr=0.590 L=3 R=3 OL=14 OR=14 el=18 er=18 ed=0 dl=18 dr=18 cl=0 cr=0 ok=3921 fail=0 vofa=firewater rx=780 txdrop=23908
1775027559.0737321,1775027559073732100,4869858909300,HB,1184306,58644.0,1,-0.005,0.666,17.0,17.0,0.0,14.0,14.0,3.0,3.0,17.0,17.0,0,0,,HB tick=1184306 exp_id=188 t_ms=58644 run=1 spd=1 ts=20.000 as=17.000 ta=0.000 aa=-0.182 se=3.000 so=3.326 ae=0.182 ao=-0.290 pwm=14 pc=3 hd=0 y=-0.005 yr=0.666 L=3 R=3 OL=14 OR=14 el=17 er=17 ed=0 dl=17 dr=17 cl=0 cr=0 ok=3922 fail=0 vofa=firewater rx=780 txdrop=23908
1775027559.3348908,1775027559334890800,4870120068600,HB,1184560,58898.0,1,0.17,0.674,17.0,16.0,1.0,14.0,14.0,3.0,3.0,17.0,16.0,0,0,,HB tick=1184560 exp_id=188 t_ms=58898 run=1 spd=1 ts=20.000 as=16.500 ta=0.000 aa=-0.049 se=3.500 so=3.385 ae=0.049 ao=-0.348 pwm=14 pc=3 hd=0 y=0.170 yr=0.674 L=3 R=3 OL=14 OR=14 el=17 er=16 ed=1 dl=17 dr=16 cl=0 cr=0 ok=3923 fail=0 vofa=firewater rx=780 txdrop=23908
1775027559.481846,1775027559481846100,4870267023600,HB,1184716,59054.0,1,0.144,0.381,17.0,17.0,0.0,13.0,15.0,2.0,4.0,17.0,17.0,0,0,,HB tick=1184716 exp_id=188 t_ms=59054 run=1 spd=1 ts=20.000 as=17.000 ta=0.000 aa=0.126 se=3.000 so=3.341 ae=-0.126 ao=-0.394 pwm=14 pc=3 hd=-1 y=0.144 yr=0.381 L=2 R=4 OL=13 OR=15 el=17 er=17 ed=0 dl=17 dr=17 cl=0 cr=0 ok=3924 fail=0 vofa=firewater rx=780 txdrop=23908
1775027559.7410963,1775027559741096300,4870526273500,HB,1184966,59304.0,1,-0.263,-0.322,17.0,18.0,-1.0,13.0,15.0,2.0,4.0,17.0,18.0,0,0,,HB tick=1184966 exp_id=188 t_ms=59304 run=1 spd=1 ts=20.000 as=17.500 ta=0.000 aa=0.101 se=2.500 so=3.299 ae=-0.101 ao=-0.294 pwm=14 pc=3 hd=-1 y=-0.263 yr=-0.322 L=2 R=4 OL=13 OR=15 el=17 er=18 ed=-1 dl=17 dr=18 cl=0 cr=0 ok=3925 fail=0 vofa=firewater rx=780 txdrop=23908
1775027559.9394293,1775027559939429400,4870724606700,HB,1185167,59505.0,1,-0.276,-0.233,17.0,16.0,1.0,14.0,14.0,3.0,3.0,17.0,16.0,0,0,,HB tick=1185167 exp_id=188 t_ms=59505 run=1 spd=1 ts=20.000 as=16.500 ta=0.000 aa=-0.306 se=3.500 so=3.406 ae=0.306 ao=0.032 pwm=14 pc=3 hd=0 y=-0.276 yr=-0.233 L=3 R=3 OL=14 OR=14 el=17 er=16 ed=1 dl=17 dr=16 cl=0 cr=0 ok=3926 fail=0 vofa=firewater rx=780 txdrop=23908
1775027560.1679327,1775027560167932600,4870953110100,HB,1185388,59726.0,1,-0.525,-0.545,17.0,17.0,0.0,14.0,14.0,3.0,3.0,17.0,17.0,0,0,,HB tick=1185388 exp_id=188 t_ms=59726 run=1 spd=1 ts=20.000 as=17.000 ta=0.000 aa=-0.320 se=3.000 so=3.365 ae=0.320 ao=0.008 pwm=14 pc=3 hd=0 y=-0.525 yr=-0.545 L=3 R=3 OL=14 OR=14 el=17 er=17 ed=0 dl=17 dr=17 cl=0 cr=0 ok=3927 fail=0 vofa=firewater rx=780 txdrop=23908
1775027560.355292,1775027560355292200,4871140469700,HB,1185588,59926.0,1,-0.598,-0.482,17.0,17.0,0.0,14.0,14.0,3.0,3.0,17.0,17.0,0,0,,HB tick=1185588 exp_id=188 t_ms=59926 run=1 spd=1 ts=20.000 as=17.000 ta=0.000 aa=-0.568 se=3.000 so=3.371 ae=0.568 ao=0.170 pwm=14 pc=3 hd=0 y=-0.598 yr=-0.482 L=3 R=3 OL=14 OR=14 el=17 er=17 ed=0 dl=17 dr=17 cl=0 cr=0 ok=3928 fail=0 vofa=firewater rx=780 txdrop=23908
1775027560.5839968,1775027560583996700,4871369174000,HB,1185810,60148.0,1,-0.466,-0.105,17.0,17.0,0.0,14.0,14.0,3.0,3.0,17.0,17.0,0,0,,HB tick=1185810 exp_id=188 t_ms=60148 run=1 spd=1 ts=20.000 as=17.000 ta=0.000 aa=-0.641 se=3.000 so=3.380 ae=0.641 ao=0.168 pwm=14 pc=3 hd=0 y=-0.466 yr=-0.105 L=3 R=3 OL=14 OR=14 el=17 er=17 ed=0 dl=17 dr=17 cl=0 cr=0 ok=3929 fail=0 vofa=firewater rx=780 txdrop=23908
