host_time_s,host_time_ns,host_monotonic_ns,source,tick,t_ms,run,yaw,yaw_rate,left_encoder,right_encoder,encoder_diff,left_output,right_output,left_core,right_core,raw_left_delta,raw_right_delta,left_clamped,right_clamped,anomaly_flags,raw_line
1775035201.4075189,1775035201407519000,12512192696900,HB,5561,0.0,0,0.007,0.007,0.0,0.0,0.0,0.0,0.0,0.0,0.0,0.0,0.0,0,0,,HB tick=5561 run=0 ts=0.000 as=0.000 ta=0.000 aa=0.000 se=0.000 so=0.000 ae=0.000 ao=0.000 pwm=0 pc=0 hd=0 y=0.007 yr=0.007 L=0 R=0 OL=0 OR=0 el=0 er=0 ed=0 dl=0 dr=0 cl=0 cr=0 ok=21 fail=0 vofa=firewater rx=0 txdrop=0
1775035201.4075189,1775035201407519001,12512192696901,HB,5764,0.0,0,0.006,0.004,0.0,0.0,0.0,0.0,0.0,0.0,0.0,0.0,0.0,0,0,,HB tick=5764 run=0 ts=0.000 as=0.000 ta=0.000 aa=0.000 se=0.000 so=0.000 ae=0.000 ao=0.000 pwm=0 pc=0 hd=0 y=0.006 yr=0.004 L=0 R=0 OL=0 OR=0 el=0 er=0 ed=0 dl=0 dr=0 cl=0 cr=0 ok=22 fail=0 vofa=firewater rx=0 txdrop=0
1775035201.4075189,1775035201407519003,12512192696903,HB,5968,0.0,0,0.006,0.002,0.0,0.0,0.0,0.0,0.0,0.0,0.0,0.0,0.0,0,0,,HB tick=5968 run=0 ts=0.000 as=0.000 ta=0.000 aa=0.000 se=0.000 so=0.000 ae=0.000 ao=0.000 pwm=0 pc=0 hd=0 y=0.006 yr=0.002 L=0 R=0 OL=0 OR=0 el=0 er=0 ed=0 dl=0 dr=0 cl=0 cr=0 ok=23 fail=0 vofa=firewater rx=0 txdrop=0
1775035201.4599788,1775035201459978700,12512245156300,HB,6314,0.0,0,0.007,0.002,0.0,0.0,0.0,0.0,0.0,0.0,0.0,0.0,0.0,0,0,,HB tick=6314 run=0 ts=0.000 as=0.000 ta=0.000 aa=0.000 se=0.000 so=0.000 ae=0.000 ao=0.000 pwm=0 pc=0 hd=0 y=0.007 yr=0.002 L=0 R=0 OL=0 OR=0 el=0 er=0 ed=0 dl=0 dr=0 cl=0 cr=0 ok=24 fail=0 vofa=firewater rx=0 txdrop=0
1775035201.6887777,1775035201688777600,12512473956000,HB,6544,0.0,0,0.007,0.001,0.0,0.0,0.0,0.0,0.0,0.0,0.0,0.0,0.0,0,0,,HB tick=6544 run=0 ts=0.000 as=0.000 ta=0.000 aa=0.000 se=0.000 so=0.000 ae=0.000 ao=0.000 pwm=0 pc=0 hd=0 y=0.007 yr=0.001 L=0 R=0 OL=0 OR=0 el=0 er=0 ed=0 dl=0 dr=0 cl=0 cr=0 ok=25 fail=0 vofa=firewater rx=0 txdrop=0
1775035202.0309548,1775035202030954700,12512816132000,HB,6888,0.0,0,0.007,0.001,0.0,0.0,0.0,0.0,0.0,0.0,0.0,0.0,0.0,0,0,,HB tick=6888 run=0 ts=0.000 as=0.000 ta=0.000 aa=0.000 se=0.000 so=0.000 ae=0.000 ao=0.000 pwm=0 pc=0 hd=0 y=0.007 yr=0.001 L=0 R=0 OL=0 OR=0 el=0 er=0 ed=0 dl=0 dr=0 cl=0 cr=0 ok=26 fail=0 vofa=firewater rx=0 txdrop=0
1775035202.1883159,1775035202188315800,12512973492900,STAT,7031,0.0,0,0.006692,0.000542,0.0,0.0,0.0,0.0,0.0,0.0,0.0,0.0,0.0,0,0,,STAT tick=7031 run=0 ts=0.000000 as=0.000000 ta=0.000000 aa=0.000000 se=0.000000 so=0.000000 ae=0.000000 ao=0.000000 pwm=0 pc=0 hd=0 y=0.006692 p=-0.468419 r=5.296416 yr=0.000542 ax=0 ay=0 az=0 gx=0 gy=0 gz=0 who=0x85 addr=0x4A icm_ok=35 icm_fail=0 L=0 R=0 OL=0 OR=0 el=0 er=0 ed=0 dl=0 dr=0 cl=0 cr=0 skp=0.100000 ski=0.012000 skd=0.000000 akp=0.240000 aki=0.002400 akd=0.050000 ok=27 fail=0 vofa=firewater rx=6 txdrop=0
1775035202.429174,1775035202429174100,12513214352800,HB,7264,0.0,0,0.007,0.0,0.0,0.0,0.0,0.0,0.0,0.0,0.0,0.0,0.0,0,0,,HB tick=7264 run=0 ts=0.000 as=0.000 ta=0.000 aa=0.000 se=0.000 so=0.000 ae=0.000 ao=0.000 pwm=0 pc=0 hd=0 y=0.007 yr=0.000 L=0 R=0 OL=0 OR=0 el=0 er=0 ed=0 dl=0 dr=0 cl=0 cr=0 ok=27 fail=0 vofa=firewater rx=6 txdrop=0
1775035202.6371999,1775035202637199800,12513422376900,HB,7495,0.0,0,0.007,0.0,0.0,0.0,0.0,0.0,0.0,0.0,0.0,0.0,0.0,0,0,,HB tick=7495 run=0 ts=0.000 as=0.000 ta=0.000 aa=0.000 se=0.000 so=0.000 ae=0.000 ao=0.000 pwm=0 pc=0 hd=0 y=0.007 yr=0.000 L=0 R=0 OL=0 OR=0 el=0 er=0 ed=0 dl=0 dr=0 cl=0 cr=0 ok=28 fail=0 vofa=firewater rx=6 txdrop=0
1775035202.979621,1775035202979620900,12513764801100,HB,7839,0.0,0,0.007,0.0,0.0,0.0,0.0,0.0,0.0,0.0,0.0,0.0,0.0,0,0,,HB tick=7839 run=0 ts=0.000 as=0.000 ta=0.000 aa=0.000 se=0.000 so=0.000 ae=0.000 ao=0.000 pwm=0 pc=0 hd=0 y=0.007 yr=0.000 L=0 R=0 OL=0 OR=0 el=0 er=0 ed=0 dl=0 dr=0 cl=0 cr=0 ok=29 fail=0 vofa=firewater rx=6 txdrop=0
1775035203.2096822,1775035203209682200,12513994859700,HB,8069,0.0,0,0.007,-0.0,0.0,0.0,0.0,0.0,0.0,0.0,0.0,0.0,0.0,0,0,,HB tick=8069 run=0 ts=0.000 as=0.000 ta=0.000 aa=0.000 se=0.000 so=0.000 ae=0.000 ao=0.000 pwm=0 pc=0 hd=0 y=0.007 yr=-0.000 L=0 R=0 OL=0 OR=0 el=0 er=0 ed=0 dl=0 dr=0 cl=0 cr=0 ok=30 fail=0 vofa=firewater rx=6 txdrop=0
1775035203.4397743,1775035203439774200,12514224951300,HB,8273,0.0,0,0.007,-0.0,0.0,0.0,0.0,0.0,0.0,0.0,0.0,0.0,0.0,0,0,,HB tick=8273 run=0 ts=0.000 as=0.000 ta=0.000 aa=0.000 se=0.000 so=0.000 ae=0.000 ao=0.000 pwm=0 pc=0 hd=0 y=0.007 yr=-0.000 L=0 R=0 OL=0 OR=0 el=0 er=0 ed=0 dl=0 dr=0 cl=0 cr=0 ok=31 fail=0 vofa=firewater rx=6 txdrop=0
1775035203.6281517,1775035203628151600,12514413330300,HB,8480,0.0,0,0.007,-0.0,0.0,0.0,0.0,0.0,0.0,0.0,0.0,0.0,0.0,0,0,,HB tick=8480 run=0 ts=0.000 as=0.000 ta=0.000 aa=0.000 se=0.000 so=0.000 ae=0.000 ao=0.000 pwm=0 pc=0 hd=0 y=0.007 yr=-0.000 L=0 R=0 OL=0 OR=0 el=0 er=0 ed=0 dl=0 dr=0 cl=0 cr=0 ok=32 fail=0 vofa=firewater rx=6 txdrop=0
1775035203.824133,1775035203824132900,12514609310300,HB,8684,0.0,0,-0.0,-0.012,0.0,0.0,0.0,0.0,0.0,0.0,0.0,0.0,0.0,0,0,,HB tick=8684 run=0 ts=0.000 as=0.000 ta=0.000 aa=0.000 se=0.000 so=0.000 ae=0.000 ao=0.000 pwm=0 pc=0 hd=0 y=-0.000 yr=-0.012 L=0 R=0 OL=0 OR=0 el=0 er=0 ed=0 dl=0 dr=0 cl=0 cr=0 ok=33 fail=0 vofa=firewater rx=6 txdrop=0
1775035204.033153,1775035204033153100,12514818330400,HB,8887,0.0,0,-0.0,-0.008,0.0,0.0,0.0,0.0,0.0,0.0,0.0,0.0,0.0,0,0,,HB tick=8887 run=0 ts=0.000 as=0.000 ta=0.000 aa=0.000 se=0.000 so=0.000 ae=0.000 ao=0.000 pwm=0 pc=0 hd=0 y=-0.000 yr=-0.008 L=0 R=0 OL=0 OR=0 el=0 er=0 ed=0 dl=0 dr=0 cl=0 cr=0 ok=34 fail=0 vofa=firewater rx=6 txdrop=0
1775035204.2312703,1775035204231270300,12515016447800,HB,9089,0.0,0,-0.0,-0.005,0.0,0.0,0.0,0.0,0.0,0.0,0.0,0.0,0.0,0,0,,HB tick=9089 run=0 ts=0.000 as=0.000 ta=0.000 aa=0.000 se=0.000 so=0.000 ae=0.000 ao=0.000 pwm=0 pc=0 hd=0 y=-0.000 yr=-0.005 L=0 R=0 OL=0 OR=0 el=0 er=0 ed=0 dl=0 dr=0 cl=0 cr=0 ok=35 fail=0 vofa=firewater rx=12 txdrop=0
1775035204.4607608,1775035204460760800,12515245938200,HB,9293,0.0,0,-0.0,-0.003,0.0,0.0,0.0,0.0,0.0,0.0,0.0,0.0,0.0,0,0,,HB tick=9293 run=0 ts=0.000 as=0.000 ta=0.000 aa=0.000 se=0.000 so=0.000 ae=0.000 ao=0.000 pwm=0 pc=0 hd=0 y=-0.000 yr=-0.003 L=0 R=0 OL=0 OR=0 el=0 er=0 ed=0 dl=0 dr=0 cl=0 cr=0 ok=36 fail=0 vofa=firewater rx=12 txdrop=0
1775035204.6382067,1775035204638206800,12515423384200,HB,9501,0.0,0,-0.0,-0.002,0.0,0.0,0.0,0.0,0.0,0.0,0.0,0.0,0.0,0,0,,HB tick=9501 run=0 ts=0.000 as=0.000 ta=0.000 aa=0.000 se=0.000 so=0.000 ae=0.000 ao=0.000 pwm=0 pc=0 hd=0 y=-0.000 yr=-0.002 L=0 R=0 OL=0 OR=0 el=0 er=0 ed=0 dl=0 dr=0 cl=0 cr=0 ok=37 fail=0 vofa=firewater rx=12 txdrop=0
1775035205.0873275,1775035205087327600,12515872505100,HB,9704,0.0,0,-0.0,-0.001,0.0,0.0,0.0,0.0,0.0,0.0,0.0,0.0,0.0,0,0,,HB tick=9704 run=0 ts=0.000 as=0.000 ta=0.000 aa=0.000 se=0.000 so=0.000 ae=0.000 ao=0.000 pwm=0 pc=0 hd=0 y=-0.000 yr=-0.001 L=0 R=0 OL=0 OR=0 el=0 er=0 ed=0 dl=0 dr=0 cl=0 cr=0 ok=38 fail=0 vofa=firewater rx=12 txdrop=0
1775035205.0873275,1775035205087327601,12515872505101,HB,9907,0.0,0,-0.0,-0.001,0.0,0.0,0.0,0.0,0.0,0.0,0.0,0.0,0.0,0,0,,HB tick=9907 run=0 ts=0.000 as=0.000 ta=0.000 aa=0.000 se=0.000 so=0.000 ae=0.000 ao=0.000 pwm=0 pc=0 hd=0 y=-0.000 yr=-0.001 L=0 R=0 OL=0 OR=0 el=0 er=0 ed=0 dl=0 dr=0 cl=0 cr=0 ok=39 fail=0 vofa=firewater rx=12 txdrop=0
1775035205.2532363,1775035205253236200,12516038413600,HB,10109,0.0,0,-0.0,-0.001,0.0,0.0,0.0,0.0,0.0,0.0,0.0,0.0,0.0,0,0,,HB tick=10109 run=0 ts=0.000 as=0.000 ta=0.000 aa=0.000 se=0.000 so=0.000 ae=0.000 ao=0.000 pwm=0 pc=0 hd=0 y=-0.000 yr=-0.001 L=0 R=0 OL=0 OR=0 el=0 er=0 ed=0 dl=0 dr=0 cl=0 cr=0 ok=40 fail=0 vofa=firewater rx=17 txdrop=0
1775035205.483006,1775035205483006000,12516268184600,HB,10318,0.0,0,-0.0,-0.001,0.0,0.0,0.0,0.0,0.0,0.0,0.0,0.0,0.0,0,0,,HB tick=10318 run=0 ts=0.000 as=0.000 ta=0.000 aa=0.000 se=0.000 so=0.000 ae=0.000 ao=0.000 pwm=0 pc=0 hd=0 y=-0.000 yr=-0.001 L=0 R=0 OL=0 OR=0 el=0 er=0 ed=0 dl=0 dr=0 cl=0 cr=0 ok=41 fail=0 vofa=firewater rx=17 txdrop=0
1775035205.66886,1775035205668859900,12516454037500,HB,10522,0.0,0,-0.0,-0.0,0.0,0.0,0.0,0.0,0.0,0.0,0.0,0.0,0.0,0,0,,HB tick=10522 run=0 ts=0.000 as=0.000 ta=0.000 aa=0.000 se=0.000 so=0.000 ae=0.000 ao=0.000 pwm=0 pc=0 hd=0 y=-0.000 yr=-0.000 L=0 R=0 OL=0 OR=0 el=0 er=0 ed=0 dl=0 dr=0 cl=0 cr=0 ok=42 fail=0 vofa=firewater rx=17 txdrop=0
1775035205.8662503,1775035205866250200,12516651427600,HB,10725,0.0,0,-0.0,-0.0,0.0,0.0,0.0,0.0,0.0,0.0,0.0,0.0,0.0,0,0,,HB tick=10725 run=0 ts=0.000 as=0.000 ta=0.000 aa=0.000 se=0.000 so=0.000 ae=0.000 ao=0.000 pwm=0 pc=0 hd=0 y=-0.000 yr=-0.000 L=0 R=0 OL=0 OR=0 el=0 er=0 ed=0 dl=0 dr=0 cl=0 cr=0 ok=43 fail=0 vofa=firewater rx=17 txdrop=0
1775035206.0742226,1775035206074222500,12516859401100,HB,10928,0.0,0,-0.0,-0.0,0.0,0.0,0.0,0.0,0.0,0.0,0.0,0.0,0.0,0,0,,HB tick=10928 run=0 ts=0.000 as=0.000 ta=0.000 aa=0.000 se=0.000 so=0.000 ae=0.000 ao=0.000 pwm=0 pc=0 hd=0 y=-0.000 yr=-0.000 L=0 R=0 OL=0 OR=0 el=0 er=0 ed=0 dl=0 dr=0 cl=0 cr=0 ok=44 fail=0 vofa=firewater rx=17 txdrop=0
1775035206.415332,1775035206415332100,12517200509400,HB,11272,0.0,0,-0.0,-0.0,0.0,0.0,0.0,0.0,0.0,0.0,0.0,0.0,0.0,0,0,,HB tick=11272 run=0 ts=0.000 as=0.000 ta=0.000 aa=0.000 se=0.000 so=0.000 ae=0.000 ao=0.000 pwm=0 pc=0 hd=0 y=-0.000 yr=-0.000 L=0 R=0 OL=0 OR=0 el=0 er=0 ed=0 dl=0 dr=0 cl=0 cr=0 ok=45 fail=0 vofa=firewater rx=22 txdrop=0
1775035206.6661446,1775035206666144600,12517451321900,HB,11504,0.0,0,0.007,0.01,0.0,0.0,0.0,0.0,0.0,0.0,0.0,0.0,0.0,0,0,,HB tick=11504 run=0 ts=0.000 as=0.000 ta=0.000 aa=0.000 se=0.000 so=0.000 ae=0.000 ao=0.000 pwm=0 pc=0 hd=0 y=0.007 yr=0.010 L=0 R=0 OL=0 OR=0 el=0 er=0 ed=0 dl=0 dr=0 cl=0 cr=0 ok=46 fail=0 vofa=firewater rx=22 txdrop=0
1775035206.8529937,1775035206852993900,12517638171500,HB,11707,0.0,0,0.007,0.007,0.0,0.0,0.0,0.0,0.0,0.0,0.0,0.0,0.0,0,0,,HB tick=11707 run=0 ts=0.000 as=0.000 ta=0.000 aa=0.000 se=0.000 so=0.000 ae=0.000 ao=0.000 pwm=0 pc=0 hd=0 y=0.007 yr=0.007 L=0 R=0 OL=0 OR=0 el=0 er=0 ed=0 dl=0 dr=0 cl=0 cr=0 ok=47 fail=0 vofa=firewater rx=22 txdrop=0
1775035207.1964433,1775035207196443400,12517981621100,HB,12052,0.0,0,0.007,0.003,0.0,0.0,0.0,0.0,0.0,0.0,0.0,0.0,0.0,0,0,,HB tick=12052 run=0 ts=0.000 as=0.000 ta=0.000 aa=0.000 se=0.000 so=0.000 ae=0.000 ao=0.000 pwm=0 pc=0 hd=0 y=0.007 yr=0.003 L=0 R=0 OL=0 OR=0 el=0 er=0 ed=0 dl=0 dr=0 cl=0 cr=0 ok=48 fail=0 vofa=firewater rx=22 txdrop=0
1775035207.4253154,1775035207425315300,12518210492600,HB,12282,0.0,0,-0.0,-0.009,0.0,0.0,0.0,0.0,0.0,0.0,0.0,0.0,0.0,0,0,,HB tick=12282 run=0 ts=0.000 as=0.000 ta=0.000 aa=0.000 se=0.000 so=0.000 ae=0.000 ao=0.000 pwm=0 pc=0 hd=0 y=-0.000 yr=-0.009 L=0 R=0 OL=0 OR=0 el=0 er=0 ed=0 dl=0 dr=0 cl=0 cr=0 ok=49 fail=0 vofa=firewater rx=22 txdrop=0
1775035207.6317997,1775035207631799900,12518416977300,HB,12485,0.0,0,-0.0,-0.006,0.0,0.0,0.0,0.0,0.0,0.0,0.0,0.0,0.0,0,0,,HB tick=12485 run=0 ts=0.000 as=0.000 ta=0.000 aa=0.000 se=0.000 so=0.000 ae=0.000 ao=0.000 pwm=0 pc=0 hd=0 y=-0.000 yr=-0.006 L=0 R=0 OL=0 OR=0 el=0 er=0 ed=0 dl=0 dr=0 cl=0 cr=0 ok=50 fail=0 vofa=firewater rx=22 txdrop=0
1775035207.84933,1775035207849329800,12518634507000,HB,12689,0.0,0,-0.0,-0.004,0.0,0.0,0.0,0.0,0.0,0.0,0.0,0.0,0.0,0,0,,HB tick=12689 run=0 ts=0.000 as=0.000 ta=0.000 aa=0.000 se=0.000 so=0.000 ae=0.000 ao=0.000 pwm=0 pc=0 hd=0 y=-0.000 yr=-0.004 L=0 R=0 OL=0 OR=0 el=0 er=0 ed=0 dl=0 dr=0 cl=0 cr=0 ok=51 fail=0 vofa=firewater rx=31 txdrop=0
1775035208.0358362,1775035208035836100,12518821013700,HB,12897,0.0,0,-0.0,-0.002,0.0,0.0,0.0,0.0,0.0,0.0,0.0,0.0,0.0,0,0,,HB tick=12897 run=0 ts=0.000 as=0.000 ta=0.000 aa=0.000 se=0.000 so=0.000 ae=0.000 ao=0.000 pwm=0 pc=0 hd=0 y=-0.000 yr=-0.002 L=0 R=0 OL=0 OR=0 el=0 er=0 ed=0 dl=0 dr=0 cl=0 cr=0 ok=52 fail=0 vofa=firewater rx=31 txdrop=0
1775035208.429969,1775035208429969100,12519215146300,HB,13286,0.0,0,-0.0,-0.001,0.0,0.0,0.0,0.0,0.0,0.0,0.0,0.0,0.0,0,0,,HB tick=13286 run=0 ts=0.000 as=0.000 ta=0.000 aa=0.000 se=0.000 so=0.000 ae=0.000 ao=0.000 pwm=0 pc=0 hd=0 y=-0.000 yr=-0.001 L=0 R=0 OL=0 OR=0 el=0 er=0 ed=0 dl=0 dr=0 cl=0 cr=0 ok=53 fail=0 vofa=firewater rx=40 txdrop=0
1775035208.773569,1775035208773569100,12519558748800,HB,13631,0.0,0,-0.0,-0.0,0.0,0.0,0.0,0.0,0.0,0.0,0.0,0.0,0.0,0,0,,HB tick=13631 run=0 ts=0.000 as=0.000 ta=0.000 aa=0.000 se=0.000 so=0.000 ae=0.000 ao=0.000 pwm=0 pc=0 hd=0 y=-0.000 yr=-0.000 L=0 R=0 OL=0 OR=0 el=0 er=0 ed=0 dl=0 dr=0 cl=0 cr=0 ok=54 fail=0 vofa=firewater rx=40 txdrop=0
1775035209.0222428,1775035209022242800,12519807422000,HB,13863,0.0,0,-0.0,-0.0,0.0,0.0,0.0,0.0,0.0,0.0,0.0,0.0,0.0,0,0,,HB tick=13863 run=0 ts=0.000 as=0.000 ta=0.000 aa=0.000 se=0.000 so=0.000 ae=0.000 ao=0.000 pwm=0 pc=0 hd=0 y=-0.000 yr=-0.000 L=0 R=0 OL=0 OR=0 el=0 er=0 ed=0 dl=0 dr=0 cl=0 cr=0 ok=55 fail=0 vofa=firewater rx=51 txdrop=0
1775035209.209926,1775035209209925800,12519995104700,HB,14067,0.0,0,-0.0,-0.0,0.0,0.0,0.0,0.0,0.0,0.0,0.0,0.0,0.0,0,0,,HB tick=14067 run=0 ts=0.000 as=0.000 ta=0.000 aa=0.000 se=0.000 so=0.000 ae=0.000 ao=0.000 pwm=0 pc=0 hd=0 y=-0.000 yr=-0.000 L=0 R=0 OL=0 OR=0 el=0 er=0 ed=0 dl=0 dr=0 cl=0 cr=0 ok=56 fail=0 vofa=firewater rx=51 txdrop=0
1775035209.7815309,1775035209781530900,12520566708800,HB,14641,0.0,0,-0.0,-0.0,0.0,0.0,0.0,0.0,0.0,0.0,0.0,0.0,0.0,0,0,,HB tick=14641 run=0 ts=0.000 as=0.000 ta=0.000 aa=0.000 se=0.000 so=0.000 ae=0.000 ao=0.000 pwm=0 pc=0 hd=0 y=-0.000 yr=-0.000 L=0 R=0 OL=0 OR=0 el=0 er=0 ed=0 dl=0 dr=0 cl=0 cr=0 ok=58 fail=0 vofa=firewater rx=60 txdrop=0
1775035209.9894712,1775035209989471200,12520774648800,HB,14844,0.0,0,-0.0,-0.0,0.0,0.0,0.0,0.0,0.0,0.0,0.0,0.0,0.0,0,0,,HB tick=14844 run=0 ts=0.000 as=0.000 ta=0.000 aa=0.000 se=0.000 so=0.000 ae=0.000 ao=0.000 pwm=0 pc=0 hd=0 y=-0.000 yr=-0.000 L=0 R=0 OL=0 OR=0 el=0 er=0 ed=0 dl=0 dr=0 cl=0 cr=0 ok=59 fail=0 vofa=firewater rx=60 txdrop=0
1775035210.2081583,1775035210208158200,12520993336500,HB,15048,0.0,0,-0.0,-0.0,0.0,0.0,0.0,0.0,0.0,0.0,0.0,0.0,0.0,0,0,,HB tick=15048 run=0 ts=0.000 as=0.000 ta=0.000 aa=0.000 se=0.000 so=0.000 ae=0.000 ao=0.000 pwm=0 pc=0 hd=0 y=-0.000 yr=-0.000 L=0 R=0 OL=0 OR=0 el=0 er=0 ed=0 dl=0 dr=0 cl=0 cr=0 ok=60 fail=0 vofa=firewater rx=60 txdrop=0
1775035210.3936162,1775035210393616200,12521178793600,HB,15256,0.0,0,-0.0,-0.0,0.0,0.0,0.0,0.0,0.0,0.0,0.0,0.0,0.0,0,0,,HB tick=15256 run=0 ts=0.000 as=0.000 ta=0.000 aa=0.000 se=0.000 so=0.000 ae=0.000 ao=0.000 pwm=0 pc=0 hd=0 y=-0.000 yr=-0.000 L=0 R=0 OL=0 OR=0 el=0 er=0 ed=0 dl=0 dr=0 cl=0 cr=0 ok=61 fail=0 vofa=firewater rx=69 txdrop=0
1775035210.7389379,1775035210738937800,12521524115200,HB,15601,0.0,0,-0.0,0.0,0.0,0.0,0.0,0.0,0.0,0.0,0.0,0.0,0.0,0,0,,HB tick=15601 run=0 ts=0.000 as=0.000 ta=0.000 aa=0.000 se=0.000 so=0.000 ae=0.000 ao=0.000 pwm=0 pc=0 hd=0 y=-0.000 yr=0.000 L=0 R=0 OL=0 OR=0 el=0 er=0 ed=0 dl=0 dr=0 cl=0 cr=0 ok=62 fail=0 vofa=firewater rx=69 txdrop=0
1775035210.9762106,1775035210976210600,12521761388000,HB,15831,0.0,0,-0.0,-0.0,0.0,0.0,0.0,0.0,0.0,0.0,0.0,0.0,0.0,0,0,,HB tick=15831 run=0 ts=0.000 as=0.000 ta=0.000 aa=0.000 se=0.000 so=0.000 ae=0.000 ao=0.000 pwm=0 pc=0 hd=0 y=-0.000 yr=-0.000 L=0 R=0 OL=0 OR=0 el=0 er=0 ed=0 dl=0 dr=0 cl=0 cr=0 ok=63 fail=0 vofa=firewater rx=69 txdrop=0
1775035211.1780949,1775035211178094900,12521963271900,HB,16035,0.0,0,-0.0,-0.0,0.0,0.0,0.0,0.0,0.0,0.0,0.0,0.0,0.0,0,0,,HB tick=16035 run=0 ts=0.000 as=0.000 ta=0.000 aa=0.000 se=0.000 so=0.000 ae=0.000 ao=0.000 pwm=0 pc=0 hd=0 y=-0.000 yr=-0.000 L=0 R=0 OL=0 OR=0 el=0 er=0 ed=0 dl=0 dr=0 cl=0 cr=0 ok=64 fail=0 vofa=firewater rx=81 txdrop=0
1775035211.5405295,1775035211540529400,12522325706600,HB,16380,0.0,0,-0.0,0.0,0.0,0.0,0.0,0.0,0.0,0.0,0.0,0.0,0.0,0,0,,HB tick=16380 run=0 ts=0.000 as=0.000 ta=0.000 aa=0.000 se=0.000 so=0.000 ae=0.000 ao=0.000 pwm=0 pc=0 hd=0 y=-0.000 yr=0.000 L=0 R=0 OL=0 OR=0 el=0 er=0 ed=0 dl=0 dr=0 cl=0 cr=0 ok=65 fail=0 vofa=firewater rx=81 txdrop=0
1775035211.7570834,1775035211757083300,12522542260600,HB,16611,0.0,0,-0.0,0.0,0.0,0.0,0.0,0.0,0.0,0.0,0.0,0.0,0.0,0,0,,HB tick=16611 run=0 ts=0.000 as=0.000 ta=0.000 aa=0.000 se=0.000 so=0.000 ae=0.000 ao=0.000 pwm=0 pc=0 hd=0 y=-0.000 yr=0.000 L=0 R=0 OL=0 OR=0 el=0 er=0 ed=0 dl=0 dr=0 cl=0 cr=0 ok=66 fail=0 vofa=firewater rx=91 txdrop=0
1775035211.9557164,1775035211955716300,12522740896500,HB,16814,0.0,0,-0.0,-0.0,0.0,0.0,0.0,0.0,0.0,0.0,0.0,0.0,0.0,0,0,,HB tick=16814 run=0 ts=0.000 as=0.000 ta=0.000 aa=0.000 se=0.000 so=0.000 ae=0.000 ao=0.000 pwm=0 pc=0 hd=0 y=-0.000 yr=-0.000 L=0 R=0 OL=0 OR=0 el=0 er=0 ed=0 dl=0 dr=0 cl=0 cr=0 ok=67 fail=0 vofa=firewater rx=91 txdrop=0
1775035212.3287845,1775035212328784400,12523113962800,HB,17159,0.0,0,-0.0,-0.0,0.0,0.0,0.0,0.0,0.0,0.0,0.0,0.0,0.0,0,0,,HB tick=17159 run=0 ts=0.000 as=0.000 ta=0.000 aa=0.000 se=0.000 so=0.000 ae=0.000 ao=0.000 pwm=0 pc=0 hd=0 y=-0.000 yr=-0.000 L=0 R=0 OL=0 OR=0 el=0 er=0 ed=0 dl=0 dr=0 cl=0 cr=0 ok=68 fail=0 vofa=firewater rx=91 txdrop=0
1775035212.4644923,1775035212464492300,12523249672900,STAT,17302,0.0,0,-0.000438,-1.7e-05,0.0,0.0,0.0,0.0,0.0,0.0,0.0,0.0,0.0,0,0,,STAT tick=17302 run=0 ts=0.000000 as=0.000000 ta=0.000000 aa=0.000000 se=0.000000 so=0.000000 ae=0.000000 ao=0.000000 pwm=0 pc=0 hd=0 y=-0.000438 p=-0.468096 r=5.331528 yr=-0.000017 ax=0 ay=0 az=0 gx=0 gy=0 gz=0 who=0x85 addr=0x4A icm_ok=87 icm_fail=0 L=0 R=0 OL=0 OR=0 el=0 er=0 ed=0 dl=0 dr=0 cl=0 cr=0 skp=0.100000 ski=0.012000 skd=0.000000 akp=8.000000 aki=0.002400 akd=0.320000 ok=69 fail=0 vofa=firewater rx=97 txdrop=0
1775035212.5612774,1775035212561277400,12523346455800,HB,17393,0.0,0,0.007,0.01,0.0,0.0,0.0,0.0,0.0,0.0,0.0,0.0,0.0,0,0,,HB tick=17393 run=0 ts=0.000 as=0.000 ta=0.000 aa=0.000 se=0.000 so=0.000 ae=0.000 ao=0.000 pwm=0 pc=0 hd=0 y=0.007 yr=0.010 L=0 R=0 OL=0 OR=0 el=0 er=0 ed=0 dl=0 dr=0 cl=0 cr=0 ok=69 fail=0 vofa=firewater rx=106 txdrop=0
1775035212.8845508,1775035212884551000,12523669736900,HB,17739,0.0,0,0.007,0.004,0.0,0.0,0.0,0.0,0.0,0.0,0.0,0.0,0.0,0,0,,HB tick=17739 run=0 ts=0.000 as=0.000 ta=0.000 aa=0.000 se=0.000 so=0.000 ae=0.000 ao=0.000 pwm=0 pc=0 hd=0 y=0.007 yr=0.004 L=0 R=0 OL=0 OR=0 el=0 er=0 ed=0 dl=0 dr=0 cl=0 cr=0 ok=70 fail=0 vofa=firewater rx=106 txdrop=0
1775035213.112368,1775035213112368000,12523897545300,HB,17969,0.0,0,-0.0,-0.008,0.0,0.0,0.0,0.0,0.0,0.0,0.0,0.0,0.0,0,0,,HB tick=17969 run=0 ts=0.000 as=0.000 ta=0.000 aa=0.000 se=0.000 so=0.000 ae=0.000 ao=0.000 pwm=0 pc=0 hd=0 y=-0.000 yr=-0.008 L=0 R=0 OL=0 OR=0 el=0 er=0 ed=0 dl=0 dr=0 cl=0 cr=0 ok=71 fail=0 vofa=firewater rx=115 txdrop=0
1775035213.3214722,1775035213321472200,12524106649700,HB,18176,0.0,0,-0.0,-0.005,0.0,0.0,0.0,0.0,0.0,0.0,0.0,0.0,0.0,0,0,,HB tick=18176 run=0 ts=0.000 as=0.000 ta=0.000 aa=0.000 se=0.000 so=0.000 ae=0.000 ao=0.000 pwm=0 pc=0 hd=0 y=-0.000 yr=-0.005 L=0 R=0 OL=0 OR=0 el=0 er=0 ed=0 dl=0 dr=0 cl=0 cr=0 ok=72 fail=0 vofa=firewater rx=115 txdrop=0
1775035213.520027,1775035213520026900,12524305204700,HB,18380,0.0,0,-0.0,-0.003,0.0,0.0,0.0,0.0,0.0,0.0,0.0,0.0,0.0,0,0,,HB tick=18380 run=0 ts=0.000 as=0.000 ta=0.000 aa=0.000 se=0.000 so=0.000 ae=0.000 ao=0.000 pwm=0 pc=0 hd=0 y=-0.000 yr=-0.003 L=0 R=0 OL=0 OR=0 el=0 er=0 ed=0 dl=0 dr=0 cl=0 cr=0 ok=73 fail=0 vofa=firewater rx=115 txdrop=0
1775035213.745231,1775035213745230800,12524530408100,HB,18583,0.0,0,-0.0,-0.002,0.0,0.0,0.0,0.0,0.0,0.0,0.0,0.0,0.0,0,0,,HB tick=18583 run=0 ts=0.000 as=0.000 ta=0.000 aa=0.000 se=0.000 so=0.000 ae=0.000 ao=0.000 pwm=0 pc=0 hd=0 y=-0.000 yr=-0.002 L=0 R=0 OL=0 OR=0 el=0 er=0 ed=0 dl=0 dr=0 cl=0 cr=0 ok=74 fail=0 vofa=firewater rx=115 txdrop=0
1775035213.8915615,1775035213891561600,12524676738600,STAT,18727,0.0,0,-0.000381,-0.002081,0.0,0.0,0.0,0.0,0.0,0.0,0.0,0.0,0.0,0,0,,STAT tick=18727 run=0 ts=0.000000 as=0.000000 ta=0.000000 aa=0.000000 se=0.000000 so=0.000000 ae=0.000000 ao=0.000000 pwm=0 pc=0 hd=0 y=-0.000381 p=-0.468096 r=5.317495 yr=-0.002081 ax=0 ay=0 az=0 gx=0 gy=0 gz=0 who=0x85 addr=0x4A icm_ok=94 icm_fail=0 L=0 R=0 OL=0 OR=0 el=0 er=0 ed=0 dl=0 dr=0 cl=0 cr=0 skp=0.100000 ski=0.012000 skd=0.000000 akp=8.000000 aki=0.002400 akd=0.320000 ok=75 fail=0 vofa=firewater rx=121 txdrop=0
1775035213.9331634,1775035213933163400,12524718340900,HB,18795,0.0,0,-0.0,-0.001,0.0,0.0,0.0,0.0,0.0,0.0,0.0,0.0,0.0,0,0,,HB tick=18795 run=0 ts=0.000 as=0.000 ta=0.000 aa=0.000 se=0.000 so=0.000 ae=0.000 ao=0.000 pwm=0 pc=0 hd=0 y=-0.000 yr=-0.001 L=0 R=0 OL=0 OR=0 el=0 er=0 ed=0 dl=0 dr=0 cl=0 cr=0 ok=75 fail=0 vofa=firewater rx=130 txdrop=0
1775035214.1399982,1775035214139998100,12524925175500,HB,18998,0.0,0,-0.0,-0.001,0.0,0.0,0.0,0.0,0.0,0.0,0.0,0.0,0.0,0,0,,HB tick=18998 run=0 ts=0.000 as=0.000 ta=0.000 aa=0.000 se=0.000 so=0.000 ae=0.000 ao=0.000 pwm=0 pc=0 hd=0 y=-0.000 yr=-0.001 L=0 R=0 OL=0 OR=0 el=0 er=0 ed=0 dl=0 dr=0 cl=0 cr=0 ok=76 fail=0 vofa=firewater rx=130 txdrop=0
1775035214.3381643,1775035214338164200,12525123341800,HB,19201,0.0,0,-0.0,-0.001,0.0,0.0,0.0,0.0,0.0,0.0,0.0,0.0,0.0,0,0,,HB tick=19201 run=0 ts=0.000 as=0.000 ta=0.000 aa=0.000 se=0.000 so=0.000 ae=0.000 ao=0.000 pwm=0 pc=0 hd=0 y=-0.000 yr=-0.001 L=0 R=0 OL=0 OR=0 el=0 er=0 ed=0 dl=0 dr=0 cl=0 cr=0 ok=77 fail=0 vofa=firewater rx=130 txdrop=0
1775035214.5452342,1775035214545234200,12525330411300,HB,19404,0.0,0,-0.0,-0.0,0.0,0.0,0.0,0.0,0.0,0.0,0.0,0.0,0.0,0,0,,HB tick=19404 run=0 ts=0.000 as=0.000 ta=0.000 aa=0.000 se=0.000 so=0.000 ae=0.000 ao=0.000 pwm=0 pc=0 hd=0 y=-0.000 yr=-0.000 L=0 R=0 OL=0 OR=0 el=0 er=0 ed=0 dl=0 dr=0 cl=0 cr=0 ok=78 fail=0 vofa=firewater rx=139 txdrop=0
1775035214.9108555,1775035214910855300,12525696033200,HB,19750,0.0,0,-0.0,-0.0,0.0,0.0,0.0,0.0,0.0,0.0,0.0,0.0,0.0,0,0,,HB tick=19750 run=0 ts=0.000 as=0.000 ta=0.000 aa=0.000 se=0.000 so=0.000 ae=0.000 ao=0.000 pwm=0 pc=0 hd=0 y=-0.000 yr=-0.000 L=0 R=0 OL=0 OR=0 el=0 er=0 ed=0 dl=0 dr=0 cl=0 cr=0 ok=79 fail=0 vofa=firewater rx=139 txdrop=0
1775035215.126382,1775035215126382100,12525911559600,HB,19981,0.0,0,-0.0,-0.0,0.0,0.0,0.0,0.0,0.0,0.0,0.0,0.0,0.0,0,0,,HB tick=19981 run=0 ts=0.000 as=0.000 ta=0.000 aa=0.000 se=0.000 so=0.000 ae=0.000 ao=0.000 pwm=0 pc=0 hd=0 y=-0.000 yr=-0.000 L=0 R=0 OL=0 OR=0 el=0 er=0 ed=0 dl=0 dr=0 cl=0 cr=0 ok=80 fail=0 vofa=firewater rx=139 txdrop=0
1775035215.2822685,1775035215282268400,12526067446600,STAT,20124,0.0,0,-0.000409,-0.000123,0.0,0.0,0.0,0.0,0.0,0.0,0.0,0.0,0.0,0,0,,STAT tick=20124 run=0 ts=0.000000 as=0.000000 ta=0.000000 aa=0.000000 se=0.000000 so=0.000000 ae=0.000000 ao=0.000000 pwm=0 pc=0 hd=0 y=-0.000409 p=-0.468096 r=5.324512 yr=-0.000123 ax=0 ay=0 az=0 gx=0 gy=0 gz=0 who=0x85 addr=0x4A icm_ok=101 icm_fail=0 L=0 R=0 OL=0 OR=0 el=0 er=0 ed=0 dl=0 dr=0 cl=0 cr=0 skp=0.100000 ski=0.012000 skd=0.000000 akp=8.000000 aki=0.002400 akd=0.320000 ok=81 fail=0 vofa=firewater rx=145 txdrop=0
1775035215.5121796,1775035215512179600,12526297357000,HB,20373,0.0,0,-0.0,-0.0,0.0,0.0,0.0,0.0,0.0,0.0,0.0,0.0,0.0,0,0,,HB tick=20373 run=0 ts=0.000 as=0.000 ta=0.000 aa=0.000 se=0.000 so=0.000 ae=0.000 ao=0.000 pwm=0 pc=0 hd=0 y=-0.000 yr=-0.000 L=0 R=0 OL=0 OR=0 el=0 er=0 ed=0 dl=0 dr=0 cl=0 cr=0 ok=81 fail=0 vofa=firewater rx=154 txdrop=0
1775035215.8844624,1775035215884462400,12526669640800,HB,20718,0.0,0,-0.0,-0.0,0.0,0.0,0.0,0.0,0.0,0.0,0.0,0.0,0.0,0,0,,HB tick=20718 run=0 ts=0.000 as=0.000 ta=0.000 aa=0.000 se=0.000 so=0.000 ae=0.000 ao=0.000 pwm=0 pc=0 hd=0 y=-0.000 yr=-0.000 L=0 R=0 OL=0 OR=0 el=0 er=0 ed=0 dl=0 dr=0 cl=0 cr=0 ok=82 fail=0 vofa=firewater rx=154 txdrop=0
1775035216.114198,1775035216114198000,12526899375800,HB,20950,0.0,0,0.007,0.011,0.0,0.0,0.0,0.0,0.0,0.0,0.0,0.0,0.0,0,0,,HB tick=20950 run=0 ts=0.000 as=0.000 ta=0.000 aa=0.000 se=0.000 so=0.000 ae=0.000 ao=0.000 pwm=0 pc=0 hd=0 y=0.007 yr=0.011 L=0 R=0 OL=0 OR=0 el=0 er=0 ed=0 dl=0 dr=0 cl=0 cr=0 ok=83 fail=0 vofa=firewater rx=163 txdrop=0
1775035216.2906015,1775035216290601400,12527075778700,HB,21153,0.0,0,-0.0,-0.005,0.0,0.0,0.0,0.0,0.0,0.0,0.0,0.0,0.0,0,0,,HB tick=21153 run=0 ts=0.000 as=0.000 ta=0.000 aa=0.000 se=0.000 so=0.000 ae=0.000 ao=0.000 pwm=0 pc=0 hd=0 y=-0.000 yr=-0.005 L=0 R=0 OL=0 OR=0 el=0 er=0 ed=0 dl=0 dr=0 cl=0 cr=0 ok=84 fail=0 vofa=firewater rx=163 txdrop=0
1775035216.6409562,1775035216640956100,12527426133800,HB,21498,0.0,0,-0.0,-0.002,0.0,0.0,0.0,0.0,0.0,0.0,0.0,0.0,0.0,0,0,,HB tick=21498 run=0 ts=0.000 as=0.000 ta=0.000 aa=0.000 se=0.000 so=0.000 ae=0.000 ao=0.000 pwm=0 pc=0 hd=0 y=-0.000 yr=-0.002 L=0 R=0 OL=0 OR=0 el=0 er=0 ed=0 dl=0 dr=0 cl=0 cr=0 ok=85 fail=0 vofa=firewater rx=163 txdrop=0
1775035216.8713603,1775035216871360200,12527656541000,HB,21729,0.0,0,-0.0,-0.001,0.0,0.0,0.0,0.0,0.0,0.0,0.0,0.0,0.0,0,0,,HB tick=21729 run=0 ts=0.000 as=0.000 ta=0.000 aa=0.000 se=0.000 so=0.000 ae=0.000 ao=0.000 pwm=0 pc=0 hd=0 y=-0.000 yr=-0.001 L=0 R=0 OL=0 OR=0 el=0 er=0 ed=0 dl=0 dr=0 cl=0 cr=0 ok=86 fail=0 vofa=firewater rx=163 txdrop=0
1775035217.319699,1775035217319698900,12528104878400,HB,22150,0.0,1,-0.0,-0.0,10.0,10.0,0.0,12.0,12.0,1.0,1.0,10.0,10.0,0,0,,HB tick=22150 run=1 ts=20.000 as=10.000 ta=0.000 aa=0.000 se=10.000 so=1.034 ae=0.000 ao=0.000 pwm=12 pc=1 hd=0 y=-0.000 yr=-0.000 L=1 R=1 OL=12 OR=12 el=10 er=10 ed=0 dl=10 dr=10 cl=0 cr=0 ok=87 fail=0 vofa=firewater rx=182 txdrop=0
1775035217.6431642,1775035217643164100,12528428341100,HB,22499,0.0,1,-0.272,-0.404,12.0,0.0,12.0,14.0,0.0,3.0,0.0,12.0,0.0,0,0,,HB tick=22499 run=1 ts=20.000 as=6.000 ta=0.000 aa=-0.221 se=14.000 so=1.474 ae=0.221 ao=1.871 pwm=7 pc=1 hd=2 y=-0.272 yr=-0.404 L=3 R=0 OL=14 OR=0 el=12 er=0 ed=12 dl=12 dr=0 cl=0 cr=0 ok=88 fail=0 vofa=firewater rx=182 txdrop=0
1775035217.893632,1775035217893632000,12528678809000,HB,22733,0.0,1,8.499,12.912,15.0,0.0,15.0,14.0,0.0,3.0,0.0,15.0,0.0,0,0,yaw_jump,HB tick=22733 run=1 ts=20.000 as=7.500 ta=0.000 aa=-0.272 se=12.500 so=1.361 ae=0.272 ao=2.303 pwm=7 pc=1 hd=2 y=8.499 yr=12.912 L=3 R=0 OL=14 OR=0 el=15 er=0 ed=15 dl=15 dr=0 cl=0 cr=0 ok=89 fail=0 vofa=firewater rx=182 txdrop=0
1775035218.0801234,1775035218080123500,12528865300700,HB,22939,0.0,1,29.149,43.308,0.0,11.0,-11.0,0.0,18.0,0.0,7.0,0.0,11.0,0,0,yaw_jump,HB tick=22939 run=1 ts=20.000 as=5.500 ta=0.000 aa=8.499 se=14.500 so=1.594 ae=-8.499 ao=-7.000 pwm=9 pc=2 hd=-5 y=29.149 yr=43.308 L=0 R=7 OL=0 OR=18 el=0 er=11 ed=-11 dl=0 dr=11 cl=0 cr=0 ok=90 fail=0 vofa=firewater rx=182 txdrop=0
1775035218.3107235,1775035218310723600,12529095900900,HB,23144,0.0,1,26.875,24.249,0.0,14.0,-14.0,0.0,17.0,0.0,6.0,0.0,14.0,0,0,,HB tick=23144 run=1 ts=20.000 as=7.000 ta=0.000 aa=26.875 se=13.000 so=1.479 ae=-26.875 ao=-7.000 pwm=8 pc=1 hd=-5 y=26.875 yr=24.249 L=0 R=6 OL=0 OR=17 el=0 er=14 ed=-14 dl=0 dr=14 cl=0 cr=0 ok=91 fail=0 vofa=firewater rx=182 txdrop=0
1775035218.4980173,1775035218498017300,12529283194800,HB,23355,1483.0,1,12.112,-8.61,0.0,20.0,-20.0,0.0,17.0,0.0,6.0,0.0,20.0,0,0,yaw_jump,HB tick=23355 exp_id=199 t_ms=1483 run=1 ts=20.000 as=10.000 ta=0.000 aa=26.875 se=10.000 so=1.206 ae=-26.875 ao=-7.000 pwm=8 pc=1 hd=-5 y=12.112 yr=-8.610 L=0 R=6 OL=0 OR=17 el=0 er=20 ed=-20 dl=0 dr=20 cl=0 cr=0 ok=92 fail=0 vofa=firewater rx=196 txdrop=0
1775035218.7075193,1775035218707519300,12529492702300,HB,23560,1688.0,1,-11.547,-45.99,0.0,20.0,-20.0,0.0,17.0,0.0,6.0,0.0,20.0,0,0,yaw_jump,HB tick=23560 exp_id=199 t_ms=1688 run=1 ts=20.000 as=10.000 ta=0.000 aa=12.112 se=10.000 so=1.232 ae=-12.112 ao=-7.000 pwm=8 pc=1 hd=-5 y=-11.547 yr=-45.990 L=0 R=6 OL=0 OR=17 el=0 er=20 ed=-20 dl=0 dr=20 cl=0 cr=0 ok=93 fail=0 vofa=firewater rx=196 txdrop=0
1775035218.874876,1775035218874875900,12529660053400,HB,23721,1849.0,1,-30.461,-71.01,10.0,0.0,10.0,18.0,0.0,7.0,0.0,10.0,0.0,0,0,yaw_jump,HB tick=23721 exp_id=199 t_ms=1849 run=1 ts=20.000 as=5.000 ta=0.000 aa=-11.547 se=15.000 so=1.756 ae=11.547 ao=7.000 pwm=9 pc=2 hd=5 y=-30.461 yr=-71.010 L=7 R=0 OL=18 OR=0 el=10 er=0 ed=10 dl=10 dr=0 cl=0 cr=0 ok=94 fail=0 vofa=firewater rx=196 txdrop=0
1775035219.1146543,1775035219114654300,12529899831800,HB,23970,2098.0,1,-24.903,-38.346,17.0,0.0,17.0,17.0,0.0,6.0,0.0,17.0,0.0,0,0,,HB tick=23970 exp_id=199 t_ms=2098 run=1 ts=20.000 as=8.500 ta=0.000 aa=-30.461 se=11.500 so=1.447 ae=30.461 ao=7.000 pwm=8 pc=1 hd=5 y=-24.903 yr=-38.346 L=6 R=0 OL=17 OR=0 el=17 er=0 ed=17 dl=17 dr=0 cl=0 cr=0 ok=95 fail=0 vofa=firewater rx=196 txdrop=0
1775035219.312379,1775035219312378900,12530097556400,HB,24171,2299.0,1,-19.026,-14.691,20.0,0.0,20.0,17.0,0.0,6.0,0.0,20.0,0.0,0,0,,HB tick=24171 exp_id=199 t_ms=2299 run=1 ts=20.000 as=10.000 ta=0.000 aa=-24.903 se=10.000 so=1.323 ae=24.903 ao=7.000 pwm=8 pc=1 hd=5 y=-19.026 yr=-14.691 L=6 R=0 OL=17 OR=0 el=20 er=0 ed=20 dl=20 dr=0 cl=0 cr=0 ok=96 fail=0 vofa=firewater rx=196 txdrop=0
1775035219.5185637,1775035219518563900,12530303741100,HB,24376,2504.0,1,3.653,29.172,20.0,0.0,20.0,17.0,0.0,6.0,0.0,20.0,0.0,0,0,yaw_jump,HB tick=24376 exp_id=199 t_ms=2504 run=1 ts=20.000 as=10.000 ta=0.000 aa=-19.026 se=10.000 so=1.347 ae=19.026 ao=7.000 pwm=8 pc=1 hd=5 y=3.653 yr=29.172 L=6 R=0 OL=17 OR=0 el=20 er=0 ed=20 dl=20 dr=0 cl=0 cr=0 ok=97 fail=0 vofa=firewater rx=196 txdrop=0
1775035219.724807,1775035219724806900,12530509985200,HB,24581,2709.0,1,27.51,59.694,0.0,11.0,-11.0,0.0,18.0,0.0,7.0,0.0,11.0,0,0,yaw_jump,HB tick=24581 exp_id=199 t_ms=2709 run=1 ts=20.000 as=5.500 ta=0.000 aa=3.653 se=14.500 so=1.829 ae=-3.653 ao=-7.000 pwm=9 pc=2 hd=-5 y=27.510 yr=59.694 L=0 R=7 OL=0 OR=18 el=0 er=11 ed=-11 dl=0 dr=11 cl=0 cr=0 ok=98 fail=0 vofa=firewater rx=210 txdrop=0
1775035219.932184,1775035219932184100,12530717361400,HB,24786,2914.0,1,28.072,39.759,0.0,19.0,-19.0,0.0,17.0,0.0,6.0,0.0,19.0,0,0,,HB tick=24786 exp_id=199 t_ms=2914 run=1 ts=20.000 as=9.500 ta=0.000 aa=27.510 se=10.500 so=1.459 ae=-27.510 ao=-7.000 pwm=8 pc=1 hd=-5 y=28.072 yr=39.759 L=0 R=6 OL=0 OR=17 el=0 er=19 ed=-19 dl=0 dr=19 cl=0 cr=0 ok=99 fail=0 vofa=firewater rx=210 txdrop=0
1775035220.0976696,1775035220097669600,12530882846900,HB,24951,3078.0,1,14.732,-2.626,0.0,20.0,-20.0,0.0,17.0,0.0,6.0,0.0,20.0,0,0,yaw_jump,HB tick=24951 exp_id=199 t_ms=3078 run=1 ts=20.000 as=10.000 ta=0.000 aa=28.072 se=10.000 so=1.429 ae=-28.072 ao=-7.000 pwm=8 pc=1 hd=-5 y=14.732 yr=-2.626 L=0 R=6 OL=0 OR=17 el=0 er=20 ed=-20 dl=0 dr=20 cl=0 cr=0 ok=100 fail=0 vofa=firewater rx=210 txdrop=0
1775035220.3264065,1775035220326406500,12531111583900,HB,25183,3311.0,1,-10.818,-40.086,0.0,19.0,-19.0,0.0,18.0,0.0,7.0,0.0,19.0,0,0,yaw_jump,HB tick=25183 exp_id=199 t_ms=3311 run=1 ts=20.000 as=9.500 ta=0.000 aa=14.732 se=10.500 so=1.507 ae=-14.732 ao=-7.000 pwm=9 pc=2 hd=-5 y=-10.818 yr=-40.086 L=0 R=7 OL=0 OR=18 el=0 er=19 ed=-19 dl=0 dr=19 cl=0 cr=0 ok=101 fail=0 vofa=firewater rx=210 txdrop=0
1775035220.55628,1775035220556279900,12531341457600,HB,25408,3536.0,1,-39.299,-70.36,13.0,1.0,12.0,18.0,0.0,7.0,0.0,13.0,1.0,0,0,yaw_jump,HB tick=25408 exp_id=199 t_ms=3536 run=1 ts=20.000 as=7.000 ta=0.000 aa=-10.818 se=13.000 so=1.791 ae=10.818 ao=7.000 pwm=9 pc=2 hd=5 y=-39.299 yr=-70.360 L=7 R=0 OL=18 OR=0 el=13 er=1 ed=12 dl=13 dr=1 cl=0 cr=0 ok=102 fail=0 vofa=firewater rx=210 txdrop=0
1775035220.7522256,1775035220752225500,12531537403000,HB,25609,3737.0,1,-35.138,-38.489,19.0,0.0,19.0,18.0,0.0,7.0,0.0,19.0,0.0,0,0,,HB tick=25609 exp_id=199 t_ms=3737 run=1 ts=20.000 as=9.500 ta=0.000 aa=-39.299 se=10.500 so=1.570 ae=39.299 ao=7.000 pwm=9 pc=2 hd=5 y=-35.138 yr=-38.489 L=7 R=0 OL=18 OR=0 el=19 er=0 ed=19 dl=19 dr=0 cl=0 cr=0 ok=103 fail=0 vofa=firewater rx=210 txdrop=0
1775035220.9174151,1775035220917415100,12531702593200,STAT,25754,3882.0,1,-35.138172,-38.488811,20.0,0.0,20.0,18.0,0.0,7.0,0.0,20.0,0.0,0,0,,STAT tick=25754 exp_id=199 t_ms=3882 run=1 ts=20.000000 as=10.000000 ta=0.000000 aa=-35.138172 se=10.000000 so=1.537599 ae=35.138172 ao=7.000000 pwm=9 pc=2 hd=5 y=-35.138172 p=-1.046883 r=5.733787 yr=-38.488811 ax=0 ay=0 az=0 gx=0 gy=0 gz=0 who=0x85 addr=0x4A icm_ok=131 icm_fail=0 L=7 R=0 OL=18 OR=0 el=20 er=0 ed=20 dl=20 dr=0 cl=0 cr=0 skp=0.100000 ski=0.012000 skd=0.000000 akp=8.000000 aki=0.002400 akd=0.320000 ok=104 fail=0 vofa=firewater rx=216 txdrop=0
1775035220.9595852,1775035220959585200,12531744763000,HB,25818,3946.0,1,-15.473,7.914,20.0,0.0,20.0,18.0,0.0,7.0,0.0,20.0,0.0,0,0,yaw_jump,HB tick=25818 exp_id=199 t_ms=3946 run=1 ts=20.000 as=10.000 ta=0.000 aa=-35.138 se=10.000 so=1.545 ae=35.138 ao=7.000 pwm=9 pc=2 hd=5 y=-15.473 yr=7.914 L=7 R=0 OL=18 OR=0 el=20 er=0 ed=20 dl=20 dr=0 cl=0 cr=0 ok=104 fail=0 vofa=firewater rx=216 txdrop=0
1775035221.1676114,1775035221167611400,12531952792500,HB,26022,4150.0,1,8.701,46.619,20.0,0.0,20.0,18.0,0.0,7.0,0.0,20.0,0.0,0,0,yaw_jump,HB tick=26022 exp_id=199 t_ms=4150 run=1 ts=20.000 as=10.000 ta=0.000 aa=-15.473 se=10.000 so=1.569 ae=15.473 ao=7.000 pwm=9 pc=2 hd=5 y=8.701 yr=46.619 L=7 R=0 OL=18 OR=0 el=20 er=0 ed=20 dl=20 dr=0 cl=0 cr=0 ok=105 fail=0 vofa=firewater rx=216 txdrop=0
1775035221.3767424,1775035221376742300,12532161919600,HB,26231,4359.0,1,33.317,71.525,0.0,13.0,-13.0,0.0,18.0,0.0,7.0,0.0,13.0,0,0,yaw_jump,HB tick=26231 exp_id=199 t_ms=4359 run=1 ts=20.000 as=6.500 ta=0.000 aa=8.701 se=13.500 so=1.948 ae=-8.701 ao=-7.000 pwm=9 pc=2 hd=-5 y=33.317 yr=71.525 L=0 R=7 OL=0 OR=18 el=0 er=13 ed=-13 dl=0 dr=13 cl=0 cr=0 ok=106 fail=0 vofa=firewater rx=216 txdrop=0
1775035221.5846777,1775035221584677600,12532369854800,HB,26437,4564.0,1,34.783,48.995,0.0,18.0,-18.0,0.0,18.0,0.0,7.0,0.0,18.0,0,0,,HB tick=26437 exp_id=199 t_ms=4564 run=1 ts=20.000 as=9.000 ta=0.000 aa=33.317 se=11.000 so=1.727 ae=-33.317 ao=-7.000 pwm=9 pc=2 hd=-5 y=34.783 yr=48.995 L=0 R=7 OL=0 OR=18 el=0 er=18 ed=-18 dl=0 dr=18 cl=0 cr=0 ok=107 fail=0 vofa=firewater rx=216 txdrop=0
1775035221.7817643,1775035221781764400,12532566941600,HB,26641,4769.0,1,15.923,-0.353,0.0,21.0,-21.0,0.0,18.0,0.0,7.0,0.0,21.0,0,0,yaw_jump,HB tick=26641 exp_id=199 t_ms=4769 run=1 ts=20.000 as=10.500 ta=0.000 aa=34.783 se=9.500 so=1.602 ae=-34.783 ao=-7.000 pwm=9 pc=2 hd=-5 y=15.923 yr=-0.353 L=0 R=7 OL=0 OR=18 el=0 er=21 ed=-21 dl=0 dr=21 cl=0 cr=0 ok=108 fail=0 vofa=firewater rx=216 txdrop=0
1775035221.9884365,1775035221988436400,12532773613500,HB,26845,4973.0,1,-7.766,-40.872,0.0,22.0,-22.0,0.0,18.0,0.0,7.0,0.0,22.0,0,0,yaw_jump,HB tick=26845 exp_id=199 t_ms=4973 run=1 ts=20.000 as=11.000 ta=0.000 aa=15.923 se=9.000 so=1.575 ae=-15.923 ao=-7.000 pwm=9 pc=2 hd=-5 y=-7.766 yr=-40.872 L=0 R=7 OL=0 OR=18 el=0 er=22 ed=-22 dl=0 dr=22 cl=0 cr=0 ok=109 fail=0 vofa=firewater rx=216 txdrop=0
1775035222.197127,1775035222197127200,12532982306000,HB,27054,5182.0,1,-35.895,-73.673,12.0,0.0,12.0,18.0,0.0,7.0,0.0,12.0,0.0,0,0,yaw_jump,HB tick=27054 exp_id=199 t_ms=5182 run=1 ts=20.000 as=6.000 ta=0.000 aa=-7.766 se=14.000 so=2.103 ae=7.766 ao=7.000 pwm=9 pc=2 hd=5 y=-35.895 yr=-73.673 L=7 R=0 OL=18 OR=0 el=12 er=0 ed=12 dl=12 dr=0 cl=0 cr=0 ok=110 fail=0 vofa=firewater rx=216 txdrop=0
1775035222.4048023,1775035222404802200,12533189979700,HB,27259,5387.0,1,-37.12,-49.978,16.0,0.0,16.0,18.0,0.0,7.0,0.0,16.0,0.0,0,0,,HB tick=27259 exp_id=199 t_ms=5387 run=1 ts=20.000 as=8.000 ta=0.000 aa=-35.895 se=12.000 so=1.935 ae=35.895 ao=7.000 pwm=9 pc=2 hd=5 y=-37.120 yr=-49.978 L=7 R=0 OL=18 OR=0 el=16 er=0 ed=16 dl=16 dr=0 cl=0 cr=0 ok=111 fail=0 vofa=firewater rx=216 txdrop=0
1775035222.561332,1775035222561332000,12533346509600,HB,27420,5548.0,1,-24.798,-5.701,20.0,0.0,20.0,18.0,0.0,7.0,0.0,20.0,0.0,0,0,yaw_jump,HB tick=27420 exp_id=199 t_ms=5548 run=1 ts=20.000 as=10.000 ta=0.000 aa=-37.120 se=10.000 so=1.757 ae=37.120 ao=7.000 pwm=9 pc=2 hd=5 y=-24.798 yr=-5.701 L=7 R=0 OL=18 OR=0 el=20 er=0 ed=20 dl=20 dr=0 cl=0 cr=0 ok=112 fail=0 vofa=firewater rx=216 txdrop=0
1775035222.7904773,1775035222790477400,12533575654600,HB,27652,5780.0,1,-3.311,28.852,21.0,0.0,21.0,18.0,0.0,7.0,0.0,21.0,0.0,0,0,yaw_jump,HB tick=27652 exp_id=199 t_ms=5780 run=1 ts=20.000 as=10.500 ta=0.000 aa=-24.798 se=9.500 so=1.733 ae=24.798 ao=7.000 pwm=9 pc=2 hd=5 y=-3.311 yr=28.852 L=7 R=0 OL=18 OR=0 el=21 er=0 ed=21 dl=21 dr=0 cl=0 cr=0 ok=113 fail=0 vofa=firewater rx=216 txdrop=0
1775035223.0010817,1775035223001081600,12533786258900,HB,27857,5985.0,1,26.864,70.021,21.0,0.0,21.0,18.0,0.0,7.0,0.0,21.0,0.0,0,0,yaw_jump,HB tick=27857 exp_id=199 t_ms=5985 run=1 ts=20.000 as=10.500 ta=0.000 aa=-3.311 se=9.500 so=1.756 ae=3.311 ao=7.000 pwm=9 pc=2 hd=5 y=26.864 yr=70.021 L=7 R=0 OL=18 OR=0 el=21 er=0 ed=21 dl=21 dr=0 cl=0 cr=0 ok=114 fail=0 vofa=firewater rx=216 txdrop=0
1775035223.2105336,1775035223210533700,12533995711900,HB,28061,6189.0,1,52.12,88.845,1.0,12.0,-11.0,0.0,18.0,0.0,7.0,1.0,12.0,0,0,yaw_jump,HB tick=28061 exp_id=199 t_ms=6189 run=1 ts=20.000 as=6.500 ta=0.000 aa=26.864 se=13.500 so=2.184 ae=-26.864 ao=-7.000 pwm=9 pc=2 hd=-5 y=52.120 yr=88.845 L=0 R=7 OL=0 OR=18 el=1 er=12 ed=-11 dl=1 dr=12 cl=0 cr=0 ok=115 fail=0 vofa=firewater rx=216 txdrop=0
1775035223.4185731,1775035223418573100,12534203750200,HB,28271,6399.0,1,55.638,63.613,0.0,18.0,-18.0,0.0,18.0,0.0,7.0,0.0,18.0,0,0,,HB tick=28271 exp_id=199 t_ms=6399 run=1 ts=20.000 as=9.000 ta=0.000 aa=52.120 se=11.000 so=1.967 ae=-52.120 ao=-7.000 pwm=9 pc=2 hd=-5 y=55.638 yr=63.613 L=0 R=7 OL=0 OR=18 el=0 er=18 ed=-18 dl=0 dr=18 cl=0 cr=0 ok=116 fail=0 vofa=firewater rx=216 txdrop=0
1775035223.5836143,1775035223583614500,12534368791900,HB,28432,6560.0,1,42.076,11.866,0.0,20.0,-20.0,0.0,18.0,0.0,7.0,0.0,20.0,0,0,yaw_jump,HB tick=28432 exp_id=199 t_ms=6560 run=1 ts=20.000 as=10.000 ta=0.000 aa=55.638 se=10.000 so=1.887 ae=-55.638 ao=-7.000 pwm=9 pc=2 hd=-5 y=42.076 yr=11.866 L=0 R=7 OL=0 OR=18 el=0 er=20 ed=-20 dl=0 dr=20 cl=0 cr=0 ok=117 fail=0 vofa=firewater rx=216 txdrop=0
1775035223.8126163,1775035223812616400,12534597793700,HB,28664,6792.0,1,19.07,-26.994,0.0,20.0,-20.0,0.0,18.0,0.0,7.0,0.0,20.0,0,0,yaw_jump,HB tick=28664 exp_id=199 t_ms=6792 run=1 ts=20.000 as=10.000 ta=0.000 aa=42.076 se=10.000 so=1.912 ae=-42.076 ao=-7.000 pwm=9 pc=2 hd=-5 y=19.070 yr=-26.994 L=0 R=7 OL=0 OR=18 el=0 er=20 ed=-20 dl=0 dr=20 cl=0 cr=0 ok=118 fail=0 vofa=firewater rx=216 txdrop=0
1775035223.968458,1775035223968458100,12534753635800,HB,28829,6957.0,1,-4.079,-66.65,0.0,21.0,-21.0,0.0,18.0,0.0,7.0,0.0,21.0,0,0,yaw_jump,HB tick=28829 exp_id=199 t_ms=6957 run=1 ts=20.000 as=10.500 ta=0.000 aa=19.070 se=9.500 so=1.881 ae=-19.070 ao=-7.000 pwm=9 pc=2 hd=-5 y=-4.079 yr=-66.650 L=0 R=7 OL=0 OR=18 el=0 er=21 ed=-21 dl=0 dr=21 cl=0 cr=0 ok=119 fail=0 vofa=firewater rx=216 txdrop=0
1775035224.2087471,1775035224208747200,12534993925600,HB,29061,7189.0,1,-31.726,-85.032,13.0,0.0,13.0,18.0,0.0,7.0,0.0,13.0,0.0,0,0,yaw_jump,HB tick=29061 exp_id=199 t_ms=7189 run=1 ts=20.000 as=6.500 ta=0.000 aa=-4.079 se=13.500 so=2.313 ae=4.079 ao=7.000 pwm=9 pc=2 hd=5 y=-31.726 yr=-85.032 L=7 R=0 OL=18 OR=0 el=13 er=0 ed=13 dl=13 dr=0 cl=0 cr=0 ok=120 fail=0 vofa=firewater rx=216 txdrop=0
1775035224.41672,1775035224416719900,12535201900000,HB,29270,7398.0,1,-32.646,-56.811,17.0,0.0,17.0,18.0,0.0,7.0,0.0,17.0,0.0,0,0,,HB tick=29270 exp_id=199 t_ms=7398 run=1 ts=20.000 as=8.500 ta=0.000 aa=-31.726 se=11.500 so=2.145 ae=31.726 ao=7.000 pwm=9 pc=2 hd=5 y=-32.646 yr=-56.811 L=7 R=0 OL=18 OR=0 el=17 er=0 ed=17 dl=17 dr=0 cl=0 cr=0 ok=121 fail=0 vofa=firewater rx=216 txdrop=0
1775035224.6140103,1775035224614010300,12535399187800,HB,29476,7604.0,1,-16.284,-9.127,19.0,0.0,19.0,18.0,0.0,7.0,0.0,19.0,0.0,0,0,yaw_jump,HB tick=29476 exp_id=199 t_ms=7604 run=1 ts=20.000 as=9.500 ta=0.000 aa=-32.646 se=10.500 so=2.071 ae=32.646 ao=7.000 pwm=9 pc=2 hd=5 y=-16.284 yr=-9.127 L=7 R=0 OL=18 OR=0 el=19 er=0 ed=19 dl=19 dr=0 cl=0 cr=0 ok=122 fail=0 vofa=firewater rx=216 txdrop=0
1775035224.7807996,1775035224780799800,12535565977000,HB,29636,7764.0,1,0.958,31.784,21.0,0.0,21.0,18.0,0.0,7.0,0.0,21.0,0.0,0,0,yaw_jump,HB tick=29636 exp_id=199 t_ms=7764 run=1 ts=20.000 as=10.500 ta=0.000 aa=-16.284 se=9.500 so=1.990 ae=16.284 ao=7.000 pwm=9 pc=2 hd=5 y=0.958 yr=31.784 L=7 R=0 OL=18 OR=0 el=21 er=0 ed=21 dl=21 dr=0 cl=0 cr=0 ok=123 fail=0 vofa=firewater rx=216 txdrop=0
1775035225.0092783,1775035225009278200,12535794455900,HB,29869,7997.0,1,24.953,56.703,0.0,13.0,-13.0,0.0,18.0,0.0,7.0,0.0,13.0,0,0,yaw_jump,HB tick=29869 exp_id=199 t_ms=7997 run=1 ts=20.000 as=6.500 ta=0.000 aa=0.958 se=13.500 so=2.422 ae=-0.958 ao=-7.000 pwm=9 pc=2 hd=-5 y=24.953 yr=56.703 L=0 R=7 OL=0 OR=18 el=0 er=13 ed=-13 dl=0 dr=13 cl=0 cr=0 ok=124 fail=0 vofa=firewater rx=216 txdrop=0
1775035225.2391222,1775035225239122300,12536024300100,HB,30090,8218.0,1,10.671,14.238,0.0,18.0,-18.0,0.0,18.0,0.0,7.0,0.0,18.0,0,0,yaw_jump,HB tick=30090 exp_id=199 t_ms=8218 run=1 ts=20.000 as=9.000 ta=0.000 aa=24.953 se=11.000 so=2.205 ae=-24.953 ao=-7.000 pwm=9 pc=2 hd=-5 y=10.671 yr=14.238 L=0 R=7 OL=0 OR=18 el=0 er=18 ed=-18 dl=0 dr=18 cl=0 cr=0 ok=125 fail=0 vofa=firewater rx=216 txdrop=0
1775035225.4366498,1775035225436649800,12536221827000,HB,30290,8418.0,1,4.416,-1.69,0.0,21.0,-21.0,0.0,18.0,0.0,7.0,0.0,21.0,0,0,,HB tick=30290 exp_id=199 t_ms=8418 run=1 ts=20.000 as=10.500 ta=0.000 aa=10.671 se=9.500 so=2.080 ae=-10.671 ao=-7.000 pwm=9 pc=2 hd=-5 y=4.416 yr=-1.690 L=0 R=7 OL=0 OR=18 el=0 er=21 ed=-21 dl=0 dr=21 cl=0 cr=0 ok=126 fail=0 vofa=firewater rx=216 txdrop=0
1775035225.6432328,1775035225643232800,12536428410700,HB,30495,8623.0,1,-18.803,-40.742,0.0,21.0,-21.0,0.0,18.0,0.0,7.0,0.0,21.0,0,0,yaw_jump,HB tick=30495 exp_id=199 t_ms=8623 run=1 ts=20.000 as=10.500 ta=0.000 aa=4.416 se=9.500 so=2.103 ae=-4.416 ao=-7.000 pwm=9 pc=2 hd=-5 y=-18.803 yr=-40.742 L=0 R=7 OL=0 OR=18 el=0 er=21 ed=-21 dl=0 dr=21 cl=0 cr=0 ok=127 fail=0 vofa=firewater rx=216 txdrop=0
1775035225.8404317,1775035225840431500,12536625609400,HB,30700,8828.0,1,-43.99,-69.483,13.0,0.0,13.0,20.0,0.0,9.0,0.0,13.0,0.0,0,0,yaw_jump,HB tick=30700 exp_id=199 t_ms=8828 run=1 ts=20.000 as=6.500 ta=0.000 aa=-18.803 se=13.500 so=2.533 ae=18.803 ao=7.000 pwm=10 pc=3 hd=6 y=-43.990 yr=-69.483 L=9 R=0 OL=20 OR=0 el=13 er=0 ed=13 dl=13 dr=0 cl=0 cr=0 ok=128 fail=0 vofa=firewater rx=216 txdrop=0
1775035226.0677953,1775035226067795100,12536852972100,HB,30925,9053.0,1,-28.913,-21.711,17.0,0.0,17.0,18.0,0.0,7.0,0.0,17.0,0.0,0,0,yaw_jump,HB tick=30925 exp_id=199 t_ms=9053 run=1 ts=20.000 as=8.500 ta=0.000 aa=-43.990 se=11.500 so=2.366 ae=43.990 ao=7.000 pwm=9 pc=2 hd=5 y=-28.913 yr=-21.711 L=7 R=0 OL=18 OR=0 el=17 er=0 ed=17 dl=17 dr=0 cl=0 cr=0 ok=129 fail=0 vofa=firewater rx=216 txdrop=0
1775035226.265875,1775035226265875100,12537051052600,HB,31125,9253.0,1,-23.012,-3.786,20.0,0.0,20.0,18.0,0.0,7.0,0.0,20.0,0.0,0,0,,HB tick=31125 exp_id=199 t_ms=9253 run=1 ts=20.000 as=10.000 ta=0.000 aa=-28.913 se=10.000 so=2.241 ae=28.913 ao=7.000 pwm=9 pc=2 hd=5 y=-23.012 yr=-3.786 L=7 R=0 OL=18 OR=0 el=20 er=0 ed=20 dl=20 dr=0 cl=0 cr=0 ok=130 fail=0 vofa=firewater rx=216 txdrop=0
1775035226.4767895,1775035226476789500,12537261967500,HB,31329,9457.0,1,0.173,37.318,20.0,0.0,20.0,18.0,0.0,7.0,0.0,20.0,0.0,0,0,yaw_jump,HB tick=31329 exp_id=199 t_ms=9457 run=1 ts=20.000 as=10.000 ta=0.000 aa=-23.012 se=10.000 so=2.264 ae=23.012 ao=7.000 pwm=9 pc=2 hd=5 y=0.173 yr=37.318 L=7 R=0 OL=18 OR=0 el=20 er=0 ed=20 dl=20 dr=0 cl=0 cr=0 ok=131 fail=0 vofa=firewater rx=216 txdrop=0
1775035226.6327794,1775035226632779200,12537417956700,HB,31491,9618.0,1,20.39,68.206,2.0,11.0,-9.0,0.0,20.0,0.0,9.0,2.0,11.0,0,0,yaw_jump,HB tick=31491 exp_id=199 t_ms=9618 run=1 ts=20.000 as=6.500 ta=0.000 aa=0.173 se=13.500 so=2.637 ae=-0.173 ao=-7.000 pwm=10 pc=3 hd=-6 y=20.390 yr=68.206 L=0 R=9 OL=0 OR=20 el=2 er=11 ed=-9 dl=2 dr=11 cl=0 cr=0 ok=132 fail=0 vofa=firewater rx=216 txdrop=0
1775035226.8609743,1775035226860974400,12537646151700,HB,31722,9850.0,1,29.118,57.5,0.0,20.0,-20.0,0.0,18.0,0.0,7.0,0.0,20.0,0,0,yaw_jump,HB tick=31722 exp_id=199 t_ms=9850 run=1 ts=20.000 as=10.000 ta=0.000 aa=20.390 se=10.000 so=2.320 ae=-20.390 ao=-7.000 pwm=9 pc=2 hd=-5 y=29.118 yr=57.500 L=0 R=7 OL=0 OR=18 el=0 er=20 ed=-20 dl=0 dr=20 cl=0 cr=0 ok=133 fail=0 vofa=firewater rx=216 txdrop=0
1775035227.0274346,1775035227027434400,12537812613200,HB,31887,10015.0,1,14.051,5.417,0.0,21.0,-21.0,0.0,18.0,0.0,7.0,0.0,21.0,0,0,yaw_jump,HB tick=31887 exp_id=199 t_ms=10015 run=1 ts=20.000 as=10.500 ta=0.000 aa=29.118 se=9.500 so=2.289 ae=-29.118 ao=-7.000 pwm=9 pc=2 hd=-5 y=14.051 yr=5.417 L=0 R=7 OL=0 OR=18 el=0 er=21 ed=-21 dl=0 dr=21 cl=0 cr=0 ok=134 fail=0 vofa=firewater rx=216 txdrop=0
1775035227.2673476,1775035227267347400,12538052524600,HB,32120,10248.0,1,-12.543,-36.428,0.0,19.0,-19.0,0.0,18.0,0.0,7.0,0.0,19.0,0,0,yaw_jump,HB tick=32120 exp_id=199 t_ms=10248 run=1 ts=20.000 as=9.500 ta=0.000 aa=14.051 se=10.500 so=2.417 ae=-14.051 ao=-7.000 pwm=9 pc=2 hd=-5 y=-12.543 yr=-36.428 L=0 R=7 OL=0 OR=18 el=0 er=19 ed=-19 dl=0 dr=19 cl=0 cr=0 ok=135 fail=0 vofa=firewater rx=216 txdrop=0
1775035227.4878073,1775035227487807300,12538272984900,HB,32345,10473.0,1,-44.21,-72.938,13.0,0.0,13.0,20.0,0.0,9.0,0.0,13.0,0.0,0,0,yaw_jump,HB tick=32345 exp_id=199 t_ms=10473 run=1 ts=20.000 as=6.500 ta=0.000 aa=-12.543 se=13.500 so=2.749 ae=12.543 ao=7.000 pwm=10 pc=3 hd=6 y=-44.210 yr=-72.938 L=9 R=0 OL=20 OR=0 el=13 er=0 ed=13 dl=13 dr=0 cl=0 cr=0 ok=136 fail=0 vofa=firewater rx=216 txdrop=0
1775035227.6873484,1775035227687348500,12538472526200,HB,32546,10674.0,1,-40.015,-40.104,20.0,0.0,20.0,18.0,0.0,7.0,0.0,20.0,0.0,0,0,,HB tick=32546 exp_id=199 t_ms=10674 run=1 ts=20.000 as=10.000 ta=0.000 aa=-44.210 se=10.000 so=2.425 ae=44.210 ao=7.000 pwm=9 pc=2 hd=5 y=-40.015 yr=-40.104 L=7 R=0 OL=18 OR=0 el=20 er=0 ed=20 dl=20 dr=0 cl=0 cr=0 ok=137 fail=0 vofa=firewater rx=216 txdrop=0
1775035227.8539712,1775035227853971100,12538639149000,HB,32707,10835.0,1,-23.735,9.324,22.0,0.0,22.0,18.0,0.0,7.0,0.0,22.0,0.0,0,0,yaw_jump,HB tick=32707 exp_id=199 t_ms=10835 run=1 ts=20.000 as=11.000 ta=0.000 aa=-40.015 se=9.000 so=2.344 ae=40.015 ao=7.000 pwm=9 pc=2 hd=5 y=-23.735 yr=9.324 L=7 R=0 OL=18 OR=0 el=22 er=0 ed=22 dl=22 dr=0 cl=0 cr=0 ok=138 fail=0 vofa=firewater rx=216 txdrop=0
1775035228.0826995,1775035228082699400,12538867883200,HB,32940,11068.0,1,1.224,43.552,21.0,0.0,21.0,18.0,0.0,7.0,0.0,21.0,0.0,0,0,yaw_jump,HB tick=32940 exp_id=199 t_ms=11068 run=1 ts=20.000 as=10.500 ta=0.000 aa=-23.735 se=9.500 so=2.421 ae=23.735 ao=7.000 pwm=9 pc=2 hd=5 y=1.224 yr=43.552 L=7 R=0 OL=18 OR=0 el=21 er=0 ed=21 dl=21 dr=0 cl=0 cr=0 ok=139 fail=0 vofa=firewater rx=216 txdrop=0
1775035228.290819,1775035228290818900,12539075996200,HB,33149,11277.0,1,31.45,78.926,0.0,15.0,-15.0,0.0,20.0,0.0,9.0,0.0,15.0,0,0,yaw_jump,HB tick=33149 exp_id=199 t_ms=11277 run=1 ts=20.000 as=7.500 ta=0.000 aa=1.224 se=12.500 so=2.748 ae=-1.224 ao=-7.000 pwm=10 pc=3 hd=-6 y=31.450 yr=78.926 L=0 R=9 OL=0 OR=20 el=0 er=15 ed=-15 dl=0 dr=15 cl=0 cr=0 ok=140 fail=0 vofa=firewater rx=216 txdrop=0
1775035228.4976423,1775035228497642200,12539282819700,HB,33354,11482.0,1,30.503,49.685,0.0,21.0,-21.0,0.0,18.0,0.0,7.0,0.0,21.0,0,0,,HB tick=33354 exp_id=199 t_ms=11482 run=1 ts=20.000 as=10.500 ta=0.000 aa=31.450 se=9.500 so=2.475 ae=-31.450 ao=-7.000 pwm=9 pc=2 hd=-5 y=30.503 yr=49.685 L=0 R=7 OL=0 OR=18 el=0 er=21 ed=-21 dl=0 dr=21 cl=0 cr=0 ok=141 fail=0 vofa=firewater rx=216 txdrop=0
1775035228.7042172,1775035228704217000,12539489394600,HB,33559,11687.0,1,8.864,-4.83,0.0,21.0,-21.0,0.0,18.0,0.0,7.0,0.0,21.0,0,0,yaw_jump,HB tick=33559 exp_id=199 t_ms=11687 run=1 ts=20.000 as=10.500 ta=0.000 aa=30.503 se=9.500 so=2.498 ae=-30.503 ao=-7.000 pwm=9 pc=2 hd=-5 y=8.864 yr=-4.830 L=0 R=7 OL=0 OR=18 el=0 er=21 ed=-21 dl=0 dr=21 cl=0 cr=0 ok=142 fail=0 vofa=firewater rx=216 txdrop=0
1775035228.9120188,1775035228912018600,12539697196200,HB,33768,11896.0,1,-16.362,-45.182,0.0,22.0,-22.0,0.0,18.0,0.0,7.0,0.0,22.0,0,0,yaw_jump,HB tick=33768 exp_id=199 t_ms=11896 run=1 ts=20.000 as=11.000 ta=0.000 aa=8.864 se=9.000 so=2.471 ae=-8.864 ao=-7.000 pwm=9 pc=2 hd=-5 y=-16.362 yr=-45.182 L=0 R=7 OL=0 OR=18 el=0 er=22 ed=-22 dl=0 dr=22 cl=0 cr=0 ok=143 fail=0 vofa=firewater rx=216 txdrop=0
1775035229.130205,1775035229130204900,12539915382100,HB,33990,12117.0,1,-49.226,-81.416,14.0,0.0,13.0,20.0,0.0,9.0,0.0,14.0,0.0,0,0,yaw_jump,HB tick=33990 exp_id=199 t_ms=12117 run=1 ts=20.000 as=7.000 ta=0.000 aa=-16.362 se=13.000 so=2.901 ae=16.362 ao=7.000 pwm=10 pc=3 hd=6 y=-49.226 yr=-81.416 L=9 R=0 OL=20 OR=0 el=14 er=0 ed=13 dl=14 dr=0 cl=0 cr=0 ok=144 fail=0 vofa=firewater rx=216 txdrop=0
1775035229.3382125,1775035229338212500,12540123391700,HB,34189,12317.0,1,-44.875,-45.307,20.0,0.0,20.0,20.0,0.0,9.0,0.0,20.0,0.0,0,0,,HB tick=34189 exp_id=199 t_ms=12317 run=1 ts=20.000 as=10.000 ta=0.000 aa=-49.226 se=10.000 so=2.627 ae=49.226 ao=7.000 pwm=10 pc=3 hd=6 y=-44.875 yr=-45.307 L=9 R=0 OL=20 OR=0 el=20 er=0 ed=20 dl=20 dr=0 cl=0 cr=0 ok=145 fail=0 vofa=firewater rx=216 txdrop=0
1775035229.537756,1775035229537756000,12540322934500,HB,34394,12522.0,1,-23.868,6.416,23.0,0.0,23.0,18.0,0.0,7.0,0.0,23.0,0.0,0,0,yaw_jump,HB tick=34394 exp_id=199 t_ms=12522 run=1 ts=20.000 as=11.500 ta=0.000 aa=-44.875 se=8.500 so=2.499 ae=44.875 ao=7.000 pwm=9 pc=2 hd=5 y=-23.868 yr=6.416 L=7 R=0 OL=18 OR=0 el=23 er=0 ed=23 dl=23 dr=0 cl=0 cr=0 ok=146 fail=0 vofa=firewater rx=216 txdrop=0
1775035229.7468646,1775035229746864600,12540532042400,HB,34599,12727.0,1,2.846,49.78,23.0,0.0,23.0,20.0,0.0,9.0,0.0,23.0,0.0,0,0,yaw_jump,HB tick=34599 exp_id=199 t_ms=12727 run=1 ts=20.000 as=11.500 ta=0.000 aa=-23.868 se=8.500 so=2.519 ae=23.868 ao=7.000 pwm=10 pc=3 hd=6 y=2.846 yr=49.780 L=9 R=0 OL=20 OR=0 el=23 er=0 ed=23 dl=23 dr=0 cl=0 cr=0 ok=147 fail=0 vofa=firewater rx=216 txdrop=0
1775035229.965251,1775035229965251000,12540750428200,HB,34824,12952.0,1,35.724,83.501,0.0,13.0,-13.0,0.0,20.0,0.0,9.0,0.0,13.0,0,0,yaw_jump,HB tick=34824 exp_id=199 t_ms=12952 run=1 ts=20.000 as=6.500 ta=0.000 aa=2.846 se=13.500 so=3.052 ae=-2.846 ao=-7.000 pwm=10 pc=3 hd=-6 y=35.724 yr=83.501 L=0 R=9 OL=0 OR=20 el=0 er=13 ed=-13 dl=0 dr=13 cl=0 cr=0 ok=148 fail=0 vofa=firewater rx=216 txdrop=0
1775035230.1632068,1775035230163206800,12540948384000,HB,35024,13152.0,1,33.477,50.343,0.0,25.0,-25.0,0.0,18.0,0.0,7.0,0.0,25.0,0,0,,HB tick=35024 exp_id=199 t_ms=13152 run=1 ts=20.000 as=12.500 ta=0.000 aa=35.724 se=7.500 so=2.475 ae=-35.724 ao=-7.000 pwm=9 pc=2 hd=-5 y=33.477 yr=50.343 L=0 R=7 OL=0 OR=18 el=0 er=25 ed=-25 dl=0 dr=25 cl=0 cr=0 ok=149 fail=0 vofa=firewater rx=216 txdrop=0
1775035230.3737226,1775035230373722500,12541158901100,HB,35229,13357.0,1,22.363,13.749,0.0,25.0,-25.0,0.0,18.0,0.0,7.0,0.0,25.0,0,0,yaw_jump,HB tick=35229 exp_id=199 t_ms=13357 run=1 ts=20.000 as=12.500 ta=0.000 aa=33.477 se=7.500 so=2.493 ae=-33.477 ao=-7.000 pwm=9 pc=2 hd=-5 y=22.363 yr=13.749 L=0 R=7 OL=0 OR=18 el=0 er=25 ed=-25 dl=0 dr=25 cl=0 cr=0 ok=150 fail=0 vofa=firewater rx=216 txdrop=0
1775035230.5809822,1775035230580982400,12541366159900,HB,35434,13562.0,1,3.571,-23.147,1.0,22.0,-21.0,0.0,20.0,0.0,9.0,1.0,22.0,0,0,yaw_jump,HB tick=35434 exp_id=199 t_ms=13562 run=1 ts=20.000 as=11.500 ta=0.000 aa=22.363 se=8.500 so=2.611 ae=-22.363 ao=-7.000 pwm=10 pc=3 hd=-6 y=3.571 yr=-23.147 L=0 R=9 OL=0 OR=20 el=1 er=22 ed=-21 dl=1 dr=22 cl=0 cr=0 ok=151 fail=0 vofa=firewater rx=216 txdrop=0
1775035230.7789207,1775035230778920700,12541564098500,HB,35638,13766.0,1,-3.168,-26.608,1.0,18.0,-17.0,0.0,20.0,0.0,9.0,1.0,18.0,0,0,,HB tick=35638 exp_id=199 t_ms=13766 run=1 ts=20.000 as=9.500 ta=0.000 aa=3.571 se=10.500 so=2.835 ae=-3.571 ao=-7.000 pwm=10 pc=3 hd=-6 y=-3.168 yr=-26.608 L=0 R=9 OL=0 OR=20 el=1 er=18 ed=-17 dl=1 dr=18 cl=0 cr=0 ok=152 fail=0 vofa=firewater rx=216 txdrop=0
1775035230.9869635,1775035230986963500,12541772140800,HB,35847,13975.0,1,-19.439,-44.544,15.0,0.0,15.0,20.0,0.0,9.0,0.0,15.0,0.0,0,0,yaw_jump,HB tick=35847 exp_id=199 t_ms=13975 run=1 ts=20.000 as=7.500 ta=0.000 aa=-3.168 se=12.500 so=3.062 ae=3.168 ao=7.000 pwm=10 pc=3 hd=6 y=-19.439 yr=-44.544 L=9 R=0 OL=20 OR=0 el=15 er=0 ed=15 dl=15 dr=0 cl=0 cr=0 ok=153 fail=0 vofa=firewater rx=216 txdrop=0
1775035231.15469,1775035231154690000,12541939867400,HB,36008,14136.0,1,-18.181,-26.219,22.0,0.0,22.0,20.0,0.0,9.0,0.0,22.0,0.0,0,0,,HB tick=36008 exp_id=199 t_ms=14136 run=1 ts=20.000 as=11.000 ta=0.000 aa=-19.439 se=9.000 so=2.732 ae=19.439 ao=7.000 pwm=10 pc=3 hd=6 y=-18.181 yr=-26.219 L=9 R=0 OL=20 OR=0 el=22 er=0 ed=22 dl=22 dr=0 cl=0 cr=0 ok=154 fail=0 vofa=firewater rx=216 txdrop=0
1775035231.3842964,1775035231384296500,12542169473600,HB,36241,14369.0,1,3.211,15.092,24.0,0.0,24.0,20.0,0.0,9.0,0.0,24.0,0.0,0,0,yaw_jump,HB tick=36241 exp_id=199 t_ms=14369 run=1 ts=20.000 as=12.000 ta=0.000 aa=-18.181 se=8.000 so=2.656 ae=18.181 ao=7.000 pwm=10 pc=3 hd=6 y=3.211 yr=15.092 L=9 R=0 OL=20 OR=0 el=24 er=0 ed=24 dl=24 dr=0 cl=0 cr=0 ok=155 fail=0 vofa=firewater rx=216 txdrop=0
1775035231.54992,1775035231549920100,12542335097300,HB,36405,14533.0,1,28.076,62.877,2.0,14.0,-12.0,0.0,20.0,0.0,9.0,2.0,14.0,0,0,yaw_jump,HB tick=36405 exp_id=199 t_ms=14533 run=1 ts=20.000 as=8.000 ta=0.000 aa=3.211 se=12.000 so=3.075 ae=-3.211 ao=-7.000 pwm=10 pc=3 hd=-6 y=28.076 yr=62.877 L=0 R=9 OL=0 OR=20 el=2 er=14 ed=-12 dl=2 dr=14 cl=0 cr=0 ok=156 fail=0 vofa=firewater rx=216 txdrop=0
1775035231.7784834,1775035231778483400,12542563662100,HB,36638,14766.0,1,41.042,60.347,0.0,20.0,-20.0,0.0,20.0,0.0,9.0,0.0,20.0,0,0,yaw_jump,HB tick=36638 exp_id=199 t_ms=14766 run=1 ts=20.000 as=10.000 ta=0.000 aa=28.076 se=10.000 so=2.908 ae=-28.076 ao=-7.000 pwm=10 pc=3 hd=-6 y=41.042 yr=60.347 L=0 R=9 OL=0 OR=20 el=0 er=20 ed=-20 dl=0 dr=20 cl=0 cr=0 ok=157 fail=0 vofa=firewater rx=216 txdrop=0
1775035231.985909,1775035231985909100,12542771086900,HB,36847,14975.0,1,18.835,2.036,0.0,24.0,-24.0,0.0,20.0,0.0,9.0,0.0,24.0,0,0,yaw_jump,HB tick=36847 exp_id=199 t_ms=14975 run=1 ts=20.000 as=12.000 ta=0.000 aa=41.042 se=8.000 so=2.729 ae=-41.042 ao=-7.000 pwm=10 pc=3 hd=-6 y=18.835 yr=2.036 L=0 R=9 OL=0 OR=20 el=0 er=24 ed=-24 dl=0 dr=24 cl=0 cr=0 ok=158 fail=0 vofa=firewater rx=216 txdrop=0
1775035232.193709,1775035232193708900,12542978886200,HB,37052,15180.0,1,-8.703,-45.692,0.0,24.0,-24.0,0.0,20.0,0.0,9.0,0.0,24.0,0,0,yaw_jump,HB tick=37052 exp_id=199 t_ms=15180 run=1 ts=20.000 as=12.000 ta=0.000 aa=18.835 se=8.000 so=2.750 ae=-18.835 ao=-7.000 pwm=10 pc=3 hd=-6 y=-8.703 yr=-45.692 L=0 R=9 OL=0 OR=20 el=0 er=24 ed=-24 dl=0 dr=24 cl=0 cr=0 ok=159 fail=0 vofa=firewater rx=216 txdrop=0
1775035232.3515198,1775035232351519700,12543136697000,HB,37213,15341.0,1,-31.683,-79.656,15.0,2.0,13.0,20.0,0.0,9.0,0.0,15.0,2.0,0,0,yaw_jump,HB tick=37213 exp_id=199 t_ms=15341 run=1 ts=20.000 as=8.500 ta=0.000 aa=-8.703 se=11.500 so=3.117 ae=8.703 ao=7.000 pwm=10 pc=3 hd=6 y=-31.683 yr=-79.656 L=9 R=0 OL=20 OR=0 el=15 er=2 ed=13 dl=15 dr=2 cl=0 cr=0 ok=160 fail=0 vofa=firewater rx=216 txdrop=0
1775035232.5900674,1775035232590067500,12543375244700,HB,37446,15574.0,1,-43.954,-70.211,21.0,0.0,21.0,20.0,0.0,9.0,0.0,21.0,0.0,0,0,yaw_jump,HB tick=37446 exp_id=199 t_ms=15574 run=1 ts=20.000 as=10.500 ta=0.000 aa=-31.683 se=9.500 so=2.949 ae=31.683 ao=7.000 pwm=10 pc=3 hd=6 y=-43.954 yr=-70.211 L=9 R=0 OL=20 OR=0 el=21 er=0 ed=21 dl=21 dr=0 cl=0 cr=0 ok=161 fail=0 vofa=firewater rx=216 txdrop=0
1775035232.798944,1775035232798944000,12543584121300,HB,37650,15778.0,1,-20.947,-6.163,24.0,0.0,24.0,20.0,0.0,9.0,0.0,24.0,0.0,0,0,yaw_jump,HB tick=37650 exp_id=199 t_ms=15778 run=1 ts=20.000 as=12.000 ta=0.000 aa=-43.954 se=8.000 so=2.821 ae=43.954 ao=7.000 pwm=10 pc=3 hd=6 y=-20.947 yr=-6.163 L=9 R=0 OL=20 OR=0 el=24 er=0 ed=24 dl=24 dr=0 cl=0 cr=0 ok=162 fail=0 vofa=firewater rx=216 txdrop=0
1775035232.954329,1775035232954329000,12543739506300,HB,37811,15939.0,1,0.413,42.429,25.0,0.0,25.0,20.0,0.0,9.0,0.0,25.0,0.0,0,0,yaw_jump,HB tick=37811 exp_id=199 t_ms=15939 run=1 ts=20.000 as=12.500 ta=0.000 aa=-20.947 se=7.500 so=2.786 ae=20.947 ao=7.000 pwm=10 pc=3 hd=6 y=0.413 yr=42.429 L=9 R=0 OL=20 OR=0 el=25 er=0 ed=25 dl=25 dr=0 cl=0 cr=0 ok=163 fail=0 vofa=firewater rx=216 txdrop=0
1775035233.1841352,1775035233184135100,12543969312200,HB,38043,16171.0,1,29.793,71.902,0.0,17.0,-17.0,0.0,20.0,0.0,9.0,0.0,17.0,0,0,yaw_jump,HB tick=38043 exp_id=199 t_ms=16171 run=1 ts=20.000 as=8.500 ta=0.000 aa=0.413 se=11.500 so=3.211 ae=-0.413 ao=-7.000 pwm=10 pc=3 hd=-6 y=29.793 yr=71.902 L=0 R=9 OL=0 OR=20 el=0 er=17 ed=-17 dl=0 dr=17 cl=0 cr=0 ok=164 fail=0 vofa=firewater rx=216 txdrop=0
1775035233.4142687,1775035233414268700,12544199446000,HB,38264,16392.0,1,17.575,27.386,0.0,18.0,-18.0,0.0,20.0,0.0,9.0,0.0,18.0,0,0,yaw_jump,HB tick=38264 exp_id=199 t_ms=16392 run=1 ts=20.000 as=9.000 ta=0.000 aa=29.793 se=11.000 so=3.190 ae=-29.793 ao=-7.000 pwm=10 pc=3 hd=-6 y=17.575 yr=27.386 L=0 R=9 OL=0 OR=20 el=0 er=18 ed=-18 dl=0 dr=18 cl=0 cr=0 ok=165 fail=0 vofa=firewater rx=216 txdrop=0
1775035233.5604262,1775035233560426300,12544345603800,HB,38420,16548.0,1,13.118,7.801,0.0,24.0,-24.0,0.0,20.0,0.0,9.0,0.0,24.0,0,0,,HB tick=38420 exp_id=199 t_ms=16548 run=1 ts=20.000 as=12.000 ta=0.000 aa=17.575 se=8.000 so=2.908 ae=-17.575 ao=-7.000 pwm=10 pc=3 hd=-6 y=13.118 yr=7.801 L=0 R=9 OL=0 OR=20 el=0 er=24 ed=-24 dl=0 dr=24 cl=0 cr=0 ok=166 fail=0 vofa=firewater rx=216 txdrop=0
1775035233.7990413,1775035233799041200,12544584219000,HB,38652,16780.0,1,-10.086,-29.935,0.0,25.0,-25.0,0.0,20.0,0.0,9.0,0.0,25.0,0,0,yaw_jump,HB tick=38652 exp_id=199 t_ms=16780 run=1 ts=20.000 as=12.500 ta=0.000 aa=13.118 se=7.500 so=2.879 ae=-13.118 ao=-7.000 pwm=10 pc=3 hd=-6 y=-10.086 yr=-29.935 L=0 R=9 OL=0 OR=20 el=0 er=25 ed=-25 dl=0 dr=25 cl=0 cr=0 ok=167 fail=0 vofa=firewater rx=216 txdrop=0
1775035234.0265827,1775035234026582900,12544811760000,HB,38878,17006.0,1,-48.623,-79.138,13.0,0.0,13.0,21.0,0.0,10.0,0.0,13.0,0.0,0,0,yaw_jump,HB tick=38878 exp_id=199 t_ms=17006 run=1 ts=20.000 as=6.500 ta=0.000 aa=-10.086 se=13.500 so=3.508 ae=10.086 ao=7.000 pwm=10 pc=4 hd=6 y=-48.623 yr=-79.138 L=10 R=0 OL=21 OR=0 el=13 er=0 ed=13 dl=13 dr=0 cl=0 cr=0 ok=168 fail=0 vofa=firewater rx=216 txdrop=0
1775035234.1774633,1775035234177463200,12544962640800,HB,39034,17162.0,1,-44.544,-42.29,20.0,0.0,20.0,20.0,0.0,9.0,0.0,20.0,0.0,0,0,,HB tick=39034 exp_id=199 t_ms=17162 run=1 ts=20.000 as=10.000 ta=0.000 aa=-48.623 se=10.000 so=3.180 ae=48.623 ao=7.000 pwm=10 pc=3 hd=6 y=-44.544 yr=-42.290 L=9 R=0 OL=20 OR=0 el=20 er=0 ed=20 dl=20 dr=0 cl=0 cr=0 ok=169 fail=0 vofa=firewater rx=216 txdrop=0
1775035234.4287763,1775035234428776100,12545213953300,HB,39283,17411.0,1,-1.872,32.492,24.0,0.0,24.0,20.0,0.0,9.0,0.0,24.0,0.0,0,0,yaw_jump,HB tick=39283 exp_id=199 t_ms=17411 run=1 ts=20.000 as=12.000 ta=0.000 aa=-44.544 se=8.000 so=3.006 ae=44.544 ao=7.000 pwm=10 pc=3 hd=6 y=-1.872 yr=32.492 L=9 R=0 OL=20 OR=0 el=24 er=0 ed=24 dl=24 dr=0 cl=0 cr=0 ok=170 fail=0 vofa=firewater rx=216 txdrop=0
1775035234.6267219,1775035234626721900,12545411899400,HB,39484,17612.0,1,6.864,36.333,25.0,0.0,25.0,20.0,0.0,9.0,0.0,25.0,0.0,0,0,yaw_jump,HB tick=39484 exp_id=199 t_ms=17612 run=1 ts=20.000 as=12.500 ta=0.000 aa=-1.872 se=7.500 so=2.974 ae=1.872 ao=7.000 pwm=10 pc=3 hd=6 y=6.864 yr=36.333 L=9 R=0 OL=20 OR=0 el=25 er=0 ed=25 dl=25 dr=0 cl=0 cr=0 ok=171 fail=0 vofa=firewater rx=216 txdrop=0
1775035234.7844517,1775035234784451800,12545569629100,HB,39645,17773.0,1,30.452,74.894,4.0,15.0,-11.0,0.0,20.0,0.0,9.0,4.0,15.0,0,0,yaw_jump,HB tick=39645 exp_id=199 t_ms=17773 run=1 ts=20.000 as=9.500 ta=0.000 aa=6.864 se=10.500 so=3.292 ae=-6.864 ao=-7.000 pwm=10 pc=3 hd=-6 y=30.452 yr=74.894 L=0 R=9 OL=0 OR=20 el=4 er=15 ed=-11 dl=4 dr=15 cl=0 cr=0 ok=172 fail=0 vofa=firewater rx=216 txdrop=0
1775035234.9813676,1775035234981367600,12545766544900,HB,39834,17962.0,1,36.548,59.97,0.0,20.0,-20.0,0.0,20.0,0.0,9.0,0.0,20.0,0,0,,HB tick=39834 exp_id=199 t_ms=17962 run=1 ts=20.000 as=10.000 ta=0.000 aa=30.452 se=10.000 so=3.267 ae=-30.452 ao=-7.000 pwm=10 pc=3 hd=-6 y=36.548 yr=59.970 L=0 R=9 OL=0 OR=20 el=0 er=20 ed=-20 dl=0 dr=20 cl=0 cr=0 ok=173 fail=0 vofa=firewater rx=216 txdrop=0
1775035235.2112696,1775035235211269700,12545996448200,HB,40066,18194.0,1,26.354,23.602,0.0,23.0,-23.0,0.0,20.0,0.0,9.0,0.0,23.0,0,0,yaw_jump,HB tick=40066 exp_id=199 t_ms=18194 run=1 ts=20.000 as=11.500 ta=0.000 aa=36.548 se=8.500 so=3.141 ae=-36.548 ao=-7.000 pwm=10 pc=3 hd=-6 y=26.354 yr=23.602 L=0 R=9 OL=0 OR=20 el=0 er=23 ed=-23 dl=0 dr=23 cl=0 cr=0 ok=174 fail=0 vofa=firewater rx=216 txdrop=0
1775035235.3681178,1775035235368117800,12546153295000,HB,40227,18355.0,1,-0.695,-43.463,0.0,25.0,-25.0,0.0,20.0,0.0,9.0,0.0,25.0,0,0,yaw_jump,HB tick=40227 exp_id=199 t_ms=18355 run=1 ts=20.000 as=12.500 ta=0.000 aa=26.354 se=7.500 so=3.057 ae=-26.354 ao=-7.000 pwm=10 pc=3 hd=-6 y=-0.695 yr=-43.463 L=0 R=9 OL=0 OR=20 el=0 er=25 ed=-25 dl=0 dr=25 cl=0 cr=0 ok=175 fail=0 vofa=firewater rx=216 txdrop=0
1775035235.5977755,1775035235597775300,12546382956900,HB,40459,18587.0,1,-29.865,-72.257,15.0,1.0,14.0,21.0,0.0,10.0,0.0,15.0,1.0,0,0,yaw_jump,HB tick=40459 exp_id=199 t_ms=18587 run=1 ts=20.000 as=8.000 ta=0.000 aa=-0.695 se=12.000 so=3.535 ae=0.695 ao=7.000 pwm=10 pc=4 hd=6 y=-29.865 yr=-72.257 L=10 R=0 OL=21 OR=0 el=15 er=1 ed=14 dl=15 dr=1 cl=0 cr=0 ok=176 fail=0 vofa=firewater rx=216 txdrop=0
1775035235.7652595,1775035235765259500,12546550436600,HB,40624,18752.0,1,-34.447,-56.686,21.0,0.0,21.0,20.0,0.0,9.0,0.0,21.0,0.0,0,0,,HB tick=40624 exp_id=199 t_ms=18752 run=1 ts=20.000 as=10.500 ta=0.000 aa=-29.865 se=9.500 so=3.307 ae=29.865 ao=7.000 pwm=10 pc=3 hd=6 y=-34.447 yr=-56.686 L=9 R=0 OL=20 OR=0 el=21 er=0 ed=21 dl=21 dr=0 cl=0 cr=0 ok=177 fail=0 vofa=firewater rx=216 txdrop=0
1775035235.9941733,1775035235994173300,12546779350600,HB,40856,18984.0,1,-12.367,-3.536,25.0,0.0,25.0,20.0,0.0,9.0,0.0,25.0,0.0,0,0,yaw_jump,HB tick=40856 exp_id=199 t_ms=18984 run=1 ts=20.000 as=12.500 ta=0.000 aa=-34.447 se=7.500 so=3.130 ae=34.447 ao=7.000 pwm=10 pc=3 hd=6 y=-12.367 yr=-3.536 L=9 R=0 OL=20 OR=0 el=25 er=0 ed=25 dl=25 dr=0 cl=0 cr=0 ok=178 fail=0 vofa=firewater rx=216 txdrop=0
1775035236.2020926,1775035236202092600,12546987269600,HB,41065,19193.0,1,21.217,53.943,25.0,0.0,25.0,20.0,0.0,9.0,0.0,25.0,0.0,0,0,yaw_jump,HB tick=41065 exp_id=199 t_ms=19193 run=1 ts=20.000 as=12.500 ta=0.000 aa=-12.367 se=7.500 so=3.149 ae=12.367 ao=7.000 pwm=10 pc=3 hd=6 y=21.217 yr=53.943 L=9 R=0 OL=20 OR=0 el=25 er=0 ed=25 dl=25 dr=0 cl=0 cr=0 ok=179 fail=0 vofa=firewater rx=216 txdrop=0
1775035236.3680327,1775035236368032800,12547153209900,HB,41226,19354.0,1,45.116,87.017,3.0,15.0,-12.0,0.0,21.0,0.0,10.0,3.0,15.0,0,0,yaw_jump,HB tick=41226 exp_id=199 t_ms=19354 run=1 ts=20.000 as=9.000 ta=0.000 aa=21.217 se=11.000 so=3.516 ae=-21.217 ao=-7.000 pwm=10 pc=4 hd=-6 y=45.116 yr=87.017 L=0 R=10 OL=0 OR=21 el=3 er=15 ed=-12 dl=3 dr=15 cl=0 cr=0 ok=180 fail=0 vofa=firewater rx=216 txdrop=0
1775035236.5558214,1775035236555821300,12547340998700,HB,41415,19542.0,1,51.276,68.029,0.0,18.0,-18.0,0.0,21.0,0.0,10.0,0.0,18.0,0,0,,HB tick=41415 exp_id=199 t_ms=19542 run=1 ts=20.000 as=9.000 ta=0.000 aa=45.116 se=11.000 so=3.543 ae=-45.116 ao=-7.000 pwm=10 pc=4 hd=-6 y=51.276 yr=68.029 L=0 R=10 OL=0 OR=21 el=0 er=18 ed=-18 dl=0 dr=18 cl=0 cr=0 ok=181 fail=0 vofa=firewater rx=216 txdrop=0
1775035236.7428446,1775035236742844700,12547528023500,HB,41603,19731.0,1,57.578,55.891,0.0,23.0,-23.0,0.0,20.0,0.0,9.0,0.0,23.0,0,0,,HB tick=41603 exp_id=199 t_ms=19731 run=1 ts=20.000 as=11.500 ta=0.000 aa=51.276 se=8.500 so=3.314 ae=-51.276 ao=-7.000 pwm=10 pc=3 hd=-6 y=57.578 yr=55.891 L=0 R=9 OL=0 OR=20 el=0 er=23 ed=-23 dl=0 dr=23 cl=0 cr=0 ok=182 fail=0 vofa=firewater rx=216 txdrop=0
1775035236.9816067,1775035236981606600,12547766784100,HB,41836,19964.0,1,16.893,-24.786,0.0,24.0,-24.0,0.0,20.0,0.0,9.0,0.0,24.0,0,0,yaw_jump,HB tick=41836 exp_id=199 t_ms=19964 run=1 ts=20.000 as=12.000 ta=0.000 aa=57.578 se=8.000 so=3.286 ae=-57.578 ao=-7.000 pwm=10 pc=3 hd=-6 y=16.893 yr=-24.786 L=0 R=9 OL=0 OR=20 el=0 er=24 ed=-24 dl=0 dr=24 cl=0 cr=0 ok=183 fail=0 vofa=firewater rx=216 txdrop=0
1775035237.1470633,1775035237147063200,12547932240400,HB,42001,20129.0,1,-8.834,-70.684,0.0,24.0,-24.0,0.0,20.0,0.0,9.0,0.0,24.0,0,0,yaw_jump,HB tick=42001 exp_id=199 t_ms=20129 run=1 ts=20.000 as=12.000 ta=0.000 aa=16.893 se=8.000 so=3.303 ae=-16.893 ao=-7.000 pwm=10 pc=3 hd=-6 y=-8.834 yr=-70.684 L=0 R=9 OL=0 OR=20 el=0 er=24 ed=-24 dl=0 dr=24 cl=0 cr=0 ok=184 fail=0 vofa=firewater rx=216 txdrop=0
1775035237.374375,1775035237374375100,12548159552800,HB,42233,20361.0,1,-40.58,-93.837,16.0,0.0,16.0,21.0,0.0,10.0,0.0,16.0,0.0,0,0,yaw_jump,HB tick=42233 exp_id=199 t_ms=20361 run=1 ts=20.000 as=8.000 ta=0.000 aa=-8.834 se=12.000 so=3.732 ae=8.834 ao=7.000 pwm=10 pc=4 hd=6 y=-40.580 yr=-93.837 L=10 R=0 OL=21 OR=0 el=16 er=0 ed=16 dl=16 dr=0 cl=0 cr=0 ok=185 fail=0 vofa=firewater rx=216 txdrop=0
1775035237.5820622,1775035237582062300,12548367239900,HB,42438,20566.0,1,-39.389,-58.961,23.0,0.0,23.0,20.0,0.0,9.0,0.0,23.0,0.0,0,0,,HB tick=42438 exp_id=199 t_ms=20566 run=1 ts=20.000 as=11.500 ta=0.000 aa=-40.580 se=8.500 so=3.405 ae=40.580 ao=7.000 pwm=10 pc=3 hd=6 y=-39.389 yr=-58.961 L=9 R=0 OL=20 OR=0 el=23 er=0 ed=23 dl=23 dr=0 cl=0 cr=0 ok=186 fail=0 vofa=firewater rx=216 txdrop=0
1775035237.7496557,1775035237749655900,12548534833900,HB,42603,20731.0,1,-20.92,0.853,24.0,0.0,24.0,20.0,0.0,9.0,0.0,24.0,0.0,0,0,yaw_jump,HB tick=42603 exp_id=199 t_ms=20731 run=1 ts=20.000 as=12.000 ta=0.000 aa=-39.389 se=8.000 so=3.372 ae=39.389 ao=7.000 pwm=10 pc=3 hd=6 y=-20.920 yr=0.853 L=9 R=0 OL=20 OR=0 el=24 er=0 ed=24 dl=24 dr=0 cl=0 cr=0 ok=187 fail=0 vofa=firewater rx=216 txdrop=0
1775035237.9782374,1775035237978237400,12548763414500,HB,42835,20963.0,1,9.719,46.776,24.0,0.0,24.0,20.0,0.0,9.0,0.0,24.0,0.0,0,0,yaw_jump,HB tick=42835 exp_id=199 t_ms=20963 run=1 ts=20.000 as=12.000 ta=0.000 aa=-20.920 se=8.000 so=3.394 ae=20.920 ao=7.000 pwm=10 pc=3 hd=6 y=9.719 yr=46.776 L=9 R=0 OL=20 OR=0 el=24 er=0 ed=24 dl=24 dr=0 cl=0 cr=0 ok=188 fail=0 vofa=firewater rx=216 txdrop=0
1775035238.1461494,1775035238146149300,12548931326600,HB,43001,21129.0,1,35.979,85.773,2.0,18.0,-16.0,0.0,21.0,0.0,10.0,2.0,18.0,0,0,yaw_jump,HB tick=43001 exp_id=199 t_ms=21129 run=1 ts=20.000 as=10.000 ta=0.000 aa=9.719 se=10.000 so=3.611 ae=-9.719 ao=-7.000 pwm=10 pc=4 hd=-6 y=35.979 yr=85.773 L=0 R=10 OL=0 OR=21 el=2 er=18 ed=-16 dl=2 dr=18 cl=0 cr=0 ok=189 fail=0 vofa=firewater rx=216 txdrop=0
1775035238.375076,1775035238375076200,12549160253800,HB,43233,21361.0,1,49.296,75.843,0.0,19.0,-19.0,0.0,21.0,0.0,10.0,0.0,19.0,0,0,yaw_jump,HB tick=43233 exp_id=199 t_ms=21361 run=1 ts=20.000 as=9.500 ta=0.000 aa=35.979 se=10.500 so=3.692 ae=-35.979 ao=-7.000 pwm=10 pc=4 hd=-6 y=49.296 yr=75.843 L=0 R=10 OL=0 OR=21 el=0 er=19 ed=-19 dl=0 dr=19 cl=0 cr=0 ok=190 fail=0 vofa=firewater rx=216 txdrop=0
1775035238.531914,1775035238531914000,12549317091400,HB,43393,21521.0,1,34.374,16.654,0.0,24.0,-24.0,0.0,20.0,0.0,9.0,0.0,24.0,0,0,yaw_jump,HB tick=43393 exp_id=199 t_ms=21521 run=1 ts=20.000 as=12.000 ta=0.000 aa=49.296 se=8.000 so=3.459 ae=-49.296 ao=-7.000 pwm=10 pc=3 hd=-6 y=34.374 yr=16.654 L=0 R=9 OL=0 OR=20 el=0 er=24 ed=-24 dl=0 dr=24 cl=0 cr=0 ok=191 fail=0 vofa=firewater rx=216 txdrop=0
1775035238.7708492,1775035238770849200,12549556027000,HB,43626,21754.0,1,9.072,-27.345,0.0,24.0,-24.0,0.0,20.0,0.0,9.0,0.0,24.0,0,0,yaw_jump,HB tick=43626 exp_id=199 t_ms=21754 run=1 ts=20.000 as=12.000 ta=0.000 aa=34.374 se=8.000 so=3.481 ae=-34.374 ao=-7.000 pwm=10 pc=3 hd=-6 y=9.072 yr=-27.345 L=0 R=9 OL=0 OR=20 el=0 er=24 ed=-24 dl=0 dr=24 cl=0 cr=0 ok=192 fail=0 vofa=firewater rx=216 txdrop=0
1775035238.976893,1775035238976892800,12549762069700,HB,43830,21958.0,1,-25.282,-76.427,0.0,24.0,-24.0,0.0,20.0,0.0,9.0,0.0,24.0,0,0,yaw_jump,HB tick=43830 exp_id=199 t_ms=21958 run=1 ts=20.000 as=12.000 ta=0.000 aa=9.072 se=8.000 so=3.502 ae=-9.072 ao=-7.000 pwm=10 pc=3 hd=-6 y=-25.282 yr=-76.427 L=0 R=9 OL=0 OR=20 el=0 er=24 ed=-24 dl=0 dr=24 cl=0 cr=0 ok=193 fail=0 vofa=firewater rx=216 txdrop=0
1775035239.1749206,1775035239174920500,12549960098300,HB,44035,22163.0,1,-53.919,-98.571,14.0,1.0,13.0,21.0,0.0,10.0,0.0,14.0,1.0,0,0,yaw_jump,HB tick=44035 exp_id=199 t_ms=22163 run=1 ts=20.000 as=7.500 ta=0.000 aa=-25.282 se=12.500 so=3.978 ae=25.282 ao=7.000 pwm=10 pc=4 hd=6 y=-53.919 yr=-98.571 L=10 R=0 OL=21 OR=0 el=14 er=1 ed=13 dl=14 dr=1 cl=0 cr=0 ok=194 fail=0 vofa=firewater rx=216 txdrop=0
1775035239.3836293,1775035239383629200,12550168806800,HB,44239,22367.0,1,-54.973,-65.878,22.0,0.0,22.0,21.0,0.0,10.0,0.0,22.0,0.0,0,0,,HB tick=44239 exp_id=199 t_ms=22367 run=1 ts=20.000 as=11.000 ta=0.000 aa=-53.919 se=9.000 so=3.652 ae=53.919 ao=7.000 pwm=10 pc=4 hd=6 y=-54.973 yr=-65.878 L=10 R=0 OL=21 OR=0 el=22 er=0 ed=22 dl=22 dr=0 cl=0 cr=0 ok=195 fail=0 vofa=firewater rx=216 txdrop=0
1775035239.5917726,1775035239591772800,12550376951700,HB,44449,22577.0,1,-31.525,-3.741,25.0,0.0,25.0,21.0,0.0,10.0,0.0,25.0,0.0,0,0,yaw_jump,HB tick=44449 exp_id=199 t_ms=22577 run=1 ts=20.000 as=12.500 ta=0.000 aa=-54.973 se=7.500 so=3.522 ae=54.973 ao=7.000 pwm=10 pc=4 hd=6 y=-31.525 yr=-3.741 L=10 R=0 OL=21 OR=0 el=25 er=0 ed=25 dl=25 dr=0 cl=0 cr=0 ok=196 fail=0 vofa=firewater rx=216 txdrop=0
1775035239.8000891,1775035239800089200,12550585266700,HB,44653,22781.0,1,-1.84,48.497,25.0,0.0,25.0,21.0,0.0,10.0,0.0,25.0,0.0,0,0,yaw_jump,HB tick=44653 exp_id=199 t_ms=22781 run=1 ts=20.000 as=12.500 ta=0.000 aa=-31.525 se=7.500 so=3.540 ae=31.525 ao=7.000 pwm=10 pc=4 hd=6 y=-1.840 yr=48.497 L=10 R=0 OL=21 OR=0 el=25 er=0 ed=25 dl=25 dr=0 cl=0 cr=0 ok=197 fail=0 vofa=firewater rx=216 txdrop=0
1775035239.9968522,1775035239996852100,12550782029400,HB,44858,22985.0,1,28.433,83.462,25.0,0.0,25.0,21.0,0.0,10.0,0.0,25.0,0.0,0,0,yaw_jump,HB tick=44858 exp_id=199 t_ms=22985 run=1 ts=20.000 as=12.500 ta=0.000 aa=-1.840 se=7.500 so=3.558 ae=1.840 ao=6.759 pwm=10 pc=4 hd=6 y=28.433 yr=83.462 L=10 R=0 OL=21 OR=0 el=25 er=0 ed=25 dl=25 dr=0 cl=0 cr=0 ok=198 fail=0 vofa=firewater rx=216 txdrop=0
1775035240.1735845,1775035240173584300,12550958762700,HB,45022,23150.0,1,52.79,105.917,3.0,15.0,-12.0,0.0,21.0,0.0,10.0,3.0,15.0,0,0,yaw_jump,HB tick=45022 exp_id=199 t_ms=23150 run=1 ts=20.000 as=9.000 ta=0.000 aa=28.433 se=11.000 so=3.926 ae=-28.433 ao=-7.000 pwm=10 pc=4 hd=-6 y=52.790 yr=105.917 L=0 R=10 OL=0 OR=21 el=3 er=15 ed=-12 dl=3 dr=15 cl=0 cr=0 ok=199 fail=0 vofa=firewater rx=216 txdrop=0
1775035240.3976302,1775035240397630200,12551182810500,HB,45255,23383.0,1,65.576,88.053,0.0,21.0,-21.0,0.0,21.0,0.0,10.0,0.0,21.0,0,0,yaw_jump,HB tick=45255 exp_id=199 t_ms=23383 run=1 ts=20.000 as=10.500 ta=0.000 aa=52.790 se=9.500 so=3.807 ae=-52.790 ao=-7.000 pwm=10 pc=4 hd=-6 y=65.576 yr=88.053 L=0 R=10 OL=0 OR=21 el=0 er=21 ed=-21 dl=0 dr=21 cl=0 cr=0 ok=200 fail=0 vofa=firewater rx=216 txdrop=0
1775035240.5647335,1775035240564733500,12551349910900,HB,45420,23548.0,1,48.597,21.217,0.0,24.0,-24.0,0.0,21.0,0.0,10.0,0.0,24.0,0,0,yaw_jump,HB tick=45420 exp_id=199 t_ms=23548 run=1 ts=20.000 as=12.000 ta=0.000 aa=65.576 se=8.000 so=3.675 ae=-65.576 ao=-7.000 pwm=10 pc=4 hd=-6 y=48.597 yr=21.217 L=0 R=10 OL=0 OR=21 el=0 er=24 ed=-24 dl=0 dr=24 cl=0 cr=0 ok=201 fail=0 vofa=firewater rx=216 txdrop=0
1775035240.794219,1775035240794219000,12551579396400,HB,45653,23781.0,1,18.952,-30.739,0.0,26.0,-26.0,0.0,21.0,0.0,10.0,0.0,26.0,0,0,yaw_jump,HB tick=45653 exp_id=199 t_ms=23781 run=1 ts=20.000 as=13.000 ta=0.000 aa=48.597 se=7.000 so=3.595 ae=-48.597 ao=-7.000 pwm=10 pc=4 hd=-6 y=18.952 yr=-30.739 L=0 R=10 OL=0 OR=21 el=0 er=26 ed=-26 dl=0 dr=26 cl=0 cr=0 ok=202 fail=0 vofa=firewater rx=216 txdrop=0
1775035241.0034523,1775035241003452300,12551788630500,HB,45857,23985.0,1,-16.029,-79.998,0.0,26.0,-26.0,0.0,21.0,0.0,10.0,0.0,26.0,0,0,yaw_jump,HB tick=45857 exp_id=199 t_ms=23985 run=1 ts=20.000 as=13.000 ta=0.000 aa=18.952 se=7.000 so=3.612 ae=-18.952 ao=-7.000 pwm=10 pc=4 hd=-6 y=-16.029 yr=-79.998 L=0 R=10 OL=0 OR=21 el=0 er=26 ed=-26 dl=0 dr=26 cl=0 cr=0 ok=203 fail=0 vofa=firewater rx=216 txdrop=0
1775035241.2015767,1775035241201576700,12551986754000,HB,46062,24190.0,1,-47.176,-105.176,15.0,1.0,14.0,21.0,0.0,10.0,0.0,15.0,1.0,0,0,yaw_jump,HB tick=46062 exp_id=199 t_ms=24190 run=1 ts=20.000 as=8.000 ta=0.000 aa=-16.029 se=12.000 so=4.137 ae=16.029 ao=7.000 pwm=10 pc=4 hd=6 y=-47.176 yr=-105.176 L=10 R=0 OL=21 OR=0 el=15 er=1 ed=14 dl=15 dr=1 cl=0 cr=0 ok=204 fail=0 vofa=firewater rx=216 txdrop=0
1775035241.408349,1775035241408349000,12552193526400,HB,46267,24395.0,1,-50.642,-74.283,23.0,0.0,23.0,21.0,0.0,10.0,0.0,23.0,0.0,0,0,,HB tick=46267 exp_id=199 t_ms=24395 run=1 ts=20.000 as=11.500 ta=0.000 aa=-47.176 se=8.500 so=3.811 ae=47.176 ao=7.000 pwm=10 pc=4 hd=6 y=-50.642 yr=-74.283 L=10 R=0 OL=21 OR=0 el=23 er=0 ed=23 dl=23 dr=0 cl=0 cr=0 ok=205 fail=0 vofa=firewater rx=216 txdrop=0
1775035241.5759256,1775035241575925400,12552361102900,HB,46432,24560.0,1,-33.327,-11.555,24.0,0.0,24.0,21.0,0.0,10.0,0.0,24.0,0.0,0,0,yaw_jump,HB tick=46432 exp_id=199 t_ms=24560 run=1 ts=20.000 as=12.000 ta=0.000 aa=-50.642 se=8.000 so=3.777 ae=50.642 ao=7.000 pwm=10 pc=4 hd=6 y=-33.327 yr=-11.555 L=10 R=0 OL=21 OR=0 el=24 er=0 ed=24 dl=24 dr=0 cl=0 cr=0 ok=206 fail=0 vofa=firewater rx=216 txdrop=0
1775035241.8070123,1775035241807012300,12552592189800,HB,46663,24791.0,1,-1.694,40.419,26.0,0.0,26.0,21.0,0.0,10.0,0.0,26.0,0.0,0,0,yaw_jump,HB tick=46663 exp_id=199 t_ms=24791 run=1 ts=20.000 as=13.000 ta=0.000 aa=-33.327 se=7.000 so=3.696 ae=33.327 ao=7.000 pwm=10 pc=4 hd=6 y=-1.694 yr=40.419 L=10 R=0 OL=21 OR=0 el=26 er=0 ed=26 dl=26 dr=0 cl=0 cr=0 ok=207 fail=0 vofa=firewater rx=216 txdrop=0
1775035242.0161107,1775035242016110600,12552801287700,HB,46873,25000.0,1,35.926,89.273,27.0,0.0,27.0,21.0,0.0,10.0,0.0,27.0,0.0,0,0,yaw_jump,HB tick=46873 exp_id=199 t_ms=25000 run=1 ts=20.000 as=13.500 ta=0.000 aa=-1.694 se=6.500 so=3.663 ae=1.694 ao=5.552 pwm=10 pc=4 hd=6 y=35.926 yr=89.273 L=10 R=0 OL=21 OR=0 el=27 er=0 ed=27 dl=27 dr=0 cl=0 cr=0 ok=208 fail=0 vofa=firewater rx=216 txdrop=0
1775035242.214575,1775035242214575200,12552999752500,HB,47078,25206.0,1,68.378,113.164,1.0,18.0,-17.0,0.0,21.0,0.0,10.0,1.0,18.0,0,0,yaw_jump,HB tick=47078 exp_id=199 t_ms=25206 run=1 ts=20.000 as=9.500 ta=0.000 aa=35.926 se=10.500 so=4.083 ae=-35.926 ao=-7.000 pwm=10 pc=4 hd=-6 y=68.378 yr=113.164 L=0 R=10 OL=0 OR=21 el=1 er=18 ed=-17 dl=1 dr=18 cl=0 cr=0 ok=209 fail=0 vofa=firewater rx=216 txdrop=0
1775035242.4237895,1775035242423789500,12553208966800,HB,47283,25411.0,1,74.896,84.739,0.0,19.0,-19.0,0.0,21.0,0.0,10.0,0.0,19.0,0,0,,HB tick=47283 exp_id=199 t_ms=25411 run=1 ts=20.000 as=9.500 ta=0.000 aa=68.378 se=10.500 so=4.112 ae=-68.378 ao=-7.000 pwm=10 pc=4 hd=-6 y=74.896 yr=84.739 L=0 R=10 OL=0 OR=21 el=0 er=19 ed=-19 dl=0 dr=19 cl=0 cr=0 ok=210 fail=0 vofa=firewater rx=216 txdrop=0
1775035242.6518915,1775035242651891400,12553437074100,HB,47508,25636.0,1,34.424,-7.597,0.0,24.0,-24.0,0.0,21.0,0.0,10.0,0.0,24.0,0,0,yaw_jump,HB tick=47508 exp_id=199 t_ms=25636 run=1 ts=20.000 as=12.000 ta=0.000 aa=74.896 se=8.000 so=3.884 ae=-74.896 ao=-7.000 pwm=10 pc=4 hd=-6 y=34.424 yr=-7.597 L=0 R=10 OL=0 OR=21 el=0 er=24 ed=-24 dl=0 dr=24 cl=0 cr=0 ok=211 fail=0 vofa=firewater rx=216 txdrop=0
1775035242.8086364,1775035242808636500,12553593813900,HB,47664,25792.0,1,28.433,-18.381,0.0,26.0,-26.0,0.0,21.0,0.0,10.0,0.0,26.0,0,0,,HB tick=47664 exp_id=199 t_ms=25792 run=1 ts=20.000 as=13.000 ta=0.000 aa=34.424 se=7.000 so=3.798 ae=-34.424 ao=-7.000 pwm=10 pc=4 hd=-6 y=28.433 yr=-18.381 L=0 R=10 OL=0 OR=21 el=0 er=26 ed=-26 dl=0 dr=26 cl=0 cr=0 ok=212 fail=0 vofa=firewater rx=216 txdrop=0
1775035243.0373359,1775035243037335900,12553822513000,HB,47896,26024.0,1,3.733,-49.21,0.0,26.0,-26.0,0.0,21.0,0.0,10.0,0.0,26.0,0,0,yaw_jump,HB tick=47896 exp_id=199 t_ms=26024 run=1 ts=20.000 as=13.000 ta=0.000 aa=28.433 se=7.000 so=3.817 ae=-28.433 ao=-7.000 pwm=10 pc=4 hd=-6 y=3.733 yr=-49.210 L=0 R=10 OL=0 OR=21 el=0 er=26 ed=-26 dl=0 dr=26 cl=0 cr=0 ok=213 fail=0 vofa=firewater rx=216 txdrop=0
1775035243.2451832,1775035243245183200,12554030360400,HB,48101,26229.0,1,-33.167,-94.986,0.0,25.0,-25.0,0.0,21.0,0.0,10.0,0.0,25.0,0,0,yaw_jump,HB tick=48101 exp_id=199 t_ms=26229 run=1 ts=20.000 as=12.500 ta=0.000 aa=3.733 se=7.500 so=3.885 ae=-3.733 ao=-7.000 pwm=10 pc=4 hd=-6 y=-33.167 yr=-94.986 L=0 R=10 OL=0 OR=21 el=0 er=25 ed=-25 dl=0 dr=25 cl=0 cr=0 ok=214 fail=0 vofa=firewater rx=216 txdrop=0
1775035243.452235,1775035243452234900,12554237413800,HB,48306,26434.0,1,-66.699,-118.991,16.0,1.0,15.0,21.0,0.0,10.0,0.0,16.0,1.0,0,0,yaw_jump,HB tick=48306 exp_id=199 t_ms=26434 run=1 ts=20.000 as=8.500 ta=0.000 aa=-33.167 se=11.500 so=4.307 ae=33.167 ao=7.000 pwm=10 pc=4 hd=6 y=-66.699 yr=-118.991 L=10 R=0 OL=21 OR=0 el=16 er=1 ed=15 dl=16 dr=1 cl=0 cr=0 ok=215 fail=0 vofa=firewater rx=216 txdrop=0
1775035243.6081934,1775035243608193300,12554393370400,HB,48471,26598.0,1,-74.382,-93.74,22.0,0.0,22.0,21.0,0.0,10.0,0.0,22.0,0.0,0,0,,HB tick=48471 exp_id=199 t_ms=26598 run=1 ts=20.000 as=11.000 ta=0.000 aa=-66.699 se=9.000 so=4.078 ae=66.699 ao=7.000 pwm=10 pc=4 hd=6 y=-74.382 yr=-93.740 L=10 R=0 OL=21 OR=0 el=22 er=0 ed=22 dl=22 dr=0 cl=0 cr=0 ok=216 fail=0 vofa=firewater rx=216 txdrop=0
1775035243.8678255,1775035243867825400,12554653002700,HB,48723,26851.0,1,-29.382,1.322,26.0,0.0,26.0,21.0,0.0,10.0,0.0,26.0,0.0,0,0,yaw_jump,HB tick=48723 exp_id=199 t_ms=26851 run=1 ts=20.000 as=13.000 ta=0.000 aa=-74.382 se=7.000 so=3.901 ae=74.382 ao=7.000 pwm=10 pc=4 hd=6 y=-29.382 yr=1.322 L=10 R=0 OL=21 OR=0 el=26 er=0 ed=26 dl=26 dr=0 cl=0 cr=0 ok=217 fail=0 vofa=firewater rx=216 txdrop=0
1775035244.0656748,1775035244065674700,12554850851900,HB,48918,27046.0,1,-14.307,27.916,27.0,0.0,27.0,21.0,0.0,10.0,0.0,27.0,0.0,0,0,yaw_jump,HB tick=48918 exp_id=199 t_ms=27046 run=1 ts=20.000 as=13.500 ta=0.000 aa=-29.382 se=6.500 so=3.866 ae=29.382 ao=7.000 pwm=10 pc=4 hd=6 y=-14.307 yr=27.916 L=10 R=0 OL=21 OR=0 el=27 er=0 ed=27 dl=27 dr=0 cl=0 cr=0 ok=218 fail=0 vofa=firewater rx=216 txdrop=0
1775035244.2631867,1775035244263186800,12555048364200,HB,49123,27251.0,1,14.569,67.447,27.0,0.0,27.0,21.0,0.0,10.0,0.0,27.0,0.0,0,0,yaw_jump,HB tick=49123 exp_id=199 t_ms=27251 run=1 ts=20.000 as=13.500 ta=0.000 aa=-14.307 se=6.500 so=3.883 ae=14.307 ao=7.000 pwm=10 pc=4 hd=6 y=14.569 yr=67.447 L=10 R=0 OL=21 OR=0 el=27 er=0 ed=27 dl=27 dr=0 cl=0 cr=0 ok=219 fail=0 vofa=firewater rx=216 txdrop=0
1775035244.492627,1775035244492626900,12555277805100,HB,49348,27476.0,1,55.069,106.84,0.0,19.0,-19.0,0.0,21.0,0.0,10.0,0.0,19.0,0,0,yaw_jump,HB tick=49348 exp_id=199 t_ms=27476 run=1 ts=20.000 as=9.500 ta=0.000 aa=14.569 se=10.500 so=4.305 ae=-14.569 ao=-7.000 pwm=10 pc=4 hd=-6 y=55.069 yr=106.840 L=0 R=10 OL=0 OR=21 el=0 er=19 ed=-19 dl=0 dr=19 cl=0 cr=0 ok=220 fail=0 vofa=firewater rx=216 txdrop=0
1775035244.7113707,1775035244711370800,12555496548500,HB,49565,27693.0,1,35.432,37.773,0.0,20.0,-20.0,0.0,21.0,0.0,10.0,0.0,20.0,0,0,yaw_jump,HB tick=49565 exp_id=199 t_ms=27693 run=1 ts=20.000 as=10.000 ta=0.000 aa=55.069 se=10.000 so=4.283 ae=-55.069 ao=-7.000 pwm=10 pc=4 hd=-6 y=35.432 yr=37.773 L=0 R=10 OL=0 OR=21 el=0 er=20 ed=-20 dl=0 dr=20 cl=0 cr=0 ok=221 fail=0 vofa=firewater rx=216 txdrop=0
1775035244.857159,1775035244857159000,12555642336300,HB,49720,27848.0,1,30.544,13.514,0.0,24.0,-24.0,0.0,21.0,0.0,10.0,0.0,24.0,0,0,,HB tick=49720 exp_id=199 t_ms=27848 run=1 ts=20.000 as=12.000 ta=0.000 aa=35.432 se=8.000 so=4.100 ae=-35.432 ao=-7.000 pwm=10 pc=4 hd=-6 y=30.544 yr=13.514 L=0 R=10 OL=0 OR=21 el=0 er=24 ed=-24 dl=0 dr=24 cl=0 cr=0 ok=222 fail=0 vofa=firewater rx=216 txdrop=0
1775035245.095099,1775035245095098800,12555880275900,HB,49953,28081.0,1,9.293,-23.137,0.0,25.0,-25.0,0.0,21.0,0.0,10.0,0.0,25.0,0,0,yaw_jump,HB tick=49953 exp_id=199 t_ms=28081 run=1 ts=20.000 as=12.500 ta=0.000 aa=30.544 se=7.500 so=4.071 ae=-30.544 ao=-7.000 pwm=10 pc=4 hd=-6 y=9.293 yr=-23.137 L=0 R=10 OL=0 OR=21 el=0 er=25 ed=-25 dl=0 dr=25 cl=0 cr=0 ok=223 fail=0 vofa=firewater rx=216 txdrop=0
1775035245.303042,1775035245303042000,12556088219200,HB,50158,28286.0,1,-26.699,-76.489,0.0,25.0,-25.0,0.0,21.0,0.0,10.0,0.0,25.0,0,0,yaw_jump,HB tick=50158 exp_id=199 t_ms=28286 run=1 ts=20.000 as=12.500 ta=0.000 aa=9.293 se=7.500 so=4.088 ae=-9.293 ao=-7.000 pwm=10 pc=4 hd=-6 y=-26.699 yr=-76.489 L=0 R=10 OL=0 OR=21 el=0 er=25 ed=-25 dl=0 dr=25 cl=0 cr=0 ok=224 fail=0 vofa=firewater rx=216 txdrop=0
1775035245.501061,1775035245501060800,12556286240000,HB,50363,28491.0,1,-57.036,-101.513,15.0,1.0,14.0,23.0,0.0,12.0,0.0,15.0,1.0,0,0,yaw_jump,HB tick=50363 exp_id=199 t_ms=28491 run=1 ts=20.000 as=8.000 ta=0.000 aa=-26.699 se=12.000 so=4.562 ae=26.699 ao=7.000 pwm=11 pc=5 hd=7 y=-57.036 yr=-101.513 L=12 R=0 OL=23 OR=0 el=15 er=1 ed=14 dl=15 dr=1 cl=0 cr=0 ok=225 fail=0 vofa=firewater rx=216 txdrop=0
1775035245.72909,1775035245729090100,12556514267200,HB,50588,28716.0,1,-41.2,-41.35,24.0,0.0,24.0,21.0,0.0,10.0,0.0,24.0,0.0,0,0,yaw_jump,HB tick=50588 exp_id=199 t_ms=28716 run=1 ts=20.000 as=12.000 ta=0.000 aa=-57.036 se=8.000 so=4.188 ae=57.036 ao=7.000 pwm=10 pc=4 hd=6 y=-41.200 yr=-41.350 L=10 R=0 OL=21 OR=0 el=24 er=0 ed=24 dl=24 dr=0 cl=0 cr=0 ok=226 fail=0 vofa=firewater rx=216 txdrop=0
1775035245.9267235,1775035245926723700,12556711900900,HB,50788,28916.0,1,-32.689,-11.984,26.0,0.0,26.0,21.0,0.0,10.0,0.0,26.0,0.0,0,0,yaw_jump,HB tick=50788 exp_id=199 t_ms=28916 run=1 ts=20.000 as=13.000 ta=0.000 aa=-41.200 se=7.000 so=4.106 ae=41.200 ao=7.000 pwm=10 pc=4 hd=6 y=-32.689 yr=-11.984 L=10 R=0 OL=21 OR=0 el=26 er=0 ed=26 dl=26 dr=0 cl=0 cr=0 ok=227 fail=0 vofa=firewater rx=216 txdrop=0
1775035246.0937212,1775035246093721000,12556878898800,HB,50949,29077.0,1,-8.583,44.614,26.0,0.0,26.0,21.0,0.0,10.0,0.0,26.0,0.0,0,0,yaw_jump,HB tick=50949 exp_id=199 t_ms=29077 run=1 ts=20.000 as=13.000 ta=0.000 aa=-32.689 se=7.000 so=4.120 ae=32.689 ao=7.000 pwm=10 pc=4 hd=6 y=-8.583 yr=44.614 L=10 R=0 OL=21 OR=0 el=26 er=0 ed=26 dl=26 dr=0 cl=0 cr=0 ok=228 fail=0 vofa=firewater rx=216 txdrop=0
1775035246.322359,1775035246322359000,12557107536700,HB,51181,29309.0,1,22.383,75.715,26.0,0.0,26.0,21.0,0.0,10.0,0.0,26.0,0.0,0,0,yaw_jump,HB tick=51181 exp_id=199 t_ms=29309 run=1 ts=20.000 as=13.000 ta=0.000 aa=-8.583 se=7.000 so=4.140 ae=8.583 ao=7.000 pwm=10 pc=4 hd=6 y=22.383 yr=75.715 L=10 R=0 OL=21 OR=0 el=26 er=0 ed=26 dl=26 dr=0 cl=0 cr=0 ok=229 fail=0 vofa=firewater rx=216 txdrop=0
1775035246.530266,1775035246530266000,12557315446800,HB,51391,29518.0,1,57.158,107.452,0.0,19.0,-19.0,0.0,23.0,0.0,12.0,0.0,19.0,0,0,yaw_jump,HB tick=51391 exp_id=199 t_ms=29518 run=1 ts=20.000 as=9.500 ta=0.000 aa=22.383 se=10.500 so=4.512 ae=-22.383 ao=-7.000 pwm=11 pc=5 hd=-7 y=57.158 yr=107.452 L=0 R=12 OL=0 OR=23 el=0 er=19 ed=-19 dl=0 dr=19 cl=0 cr=0 ok=230 fail=0 vofa=firewater rx=216 txdrop=0
1775035246.7491589,1775035246749158800,12557534340300,HB,51612,29740.0,1,47.839,55.152,0.0,22.0,-22.0,0.0,21.0,0.0,10.0,0.0,22.0,0,0,yaw_jump,HB tick=51612 exp_id=199 t_ms=29740 run=1 ts=20.000 as=11.000 ta=0.000 aa=57.158 se=9.000 so=4.389 ae=-57.158 ao=-7.000 pwm=10 pc=4 hd=-6 y=47.839 yr=55.152 L=0 R=10 OL=0 OR=21 el=0 er=22 ed=-22 dl=0 dr=22 cl=0 cr=0 ok=231 fail=0 vofa=firewater rx=216 txdrop=0
1775035246.956992,1775035246956992100,12557742169400,HB,51811,29939.0,1,40.101,22.239,0.0,24.0,-24.0,0.0,21.0,0.0,10.0,0.0,24.0,0,0,,HB tick=51811 exp_id=199 t_ms=29939 run=1 ts=20.000 as=12.000 ta=0.000 aa=47.839 se=8.000 so=4.308 ae=-47.839 ao=-7.000 pwm=10 pc=4 hd=-6 y=40.101 yr=22.239 L=0 R=10 OL=0 OR=21 el=0 er=24 ed=-24 dl=0 dr=24 cl=0 cr=0 ok=232 fail=0 vofa=firewater rx=216 txdrop=0
1775035247.1535988,1775035247153598800,12557938775900,HB,52016,30144.0,1,11.434,-34.489,0.0,24.0,-24.0,0.0,21.0,0.0,10.0,0.0,24.0,0,0,yaw_jump,HB tick=52016 exp_id=199 t_ms=30144 run=1 ts=20.000 as=12.000 ta=0.000 aa=40.101 se=8.000 so=4.327 ae=-40.101 ao=-7.000 pwm=10 pc=4 hd=-6 y=11.434 yr=-34.489 L=0 R=10 OL=0 OR=21 el=0 er=24 ed=-24 dl=0 dr=24 cl=0 cr=0 ok=233 fail=0 vofa=firewater rx=216 txdrop=0
1775035247.362332,1775035247362332200,12558147510400,HB,52221,30349.0,1,-18.4,-73.353,0.0,26.0,-26.0,0.0,21.0,0.0,10.0,0.0,26.0,0,0,yaw_jump,HB tick=52221 exp_id=199 t_ms=30349 run=1 ts=20.000 as=13.000 ta=0.000 aa=11.434 se=7.000 so=4.245 ae=-11.434 ao=-7.000 pwm=10 pc=4 hd=-6 y=-18.400 yr=-73.353 L=0 R=10 OL=0 OR=21 el=0 er=26 ed=-26 dl=0 dr=26 cl=0 cr=0 ok=234 fail=0 vofa=firewater rx=216 txdrop=0
1775035247.5895503,1775035247589550300,12558374727900,HB,52447,30575.0,1,-54.083,-102.941,18.0,0.0,18.0,23.0,0.0,12.0,0.0,18.0,0.0,0,0,yaw_jump,HB tick=52447 exp_id=199 t_ms=30575 run=1 ts=20.000 as=9.000 ta=0.000 aa=-18.400 se=11.000 so=4.671 ae=18.400 ao=7.000 pwm=11 pc=5 hd=7 y=-54.083 yr=-102.941 L=12 R=0 OL=23 OR=0 el=18 er=0 ed=18 dl=18 dr=0 cl=0 cr=0 ok=235 fail=0 vofa=firewater rx=216 txdrop=0
1775035247.7880147,1775035247788014700,12558573192600,HB,52647,30775.0,1,-48.361,-56.899,24.0,0.0,24.0,21.0,0.0,10.0,0.0,24.0,0.0,0,0,,HB tick=52647 exp_id=199 t_ms=30775 run=1 ts=20.000 as=12.000 ta=0.000 aa=-54.083 se=8.000 so=4.392 ae=54.083 ao=7.000 pwm=10 pc=4 hd=6 y=-48.361 yr=-56.899 L=10 R=0 OL=21 OR=0 el=24 er=0 ed=24 dl=24 dr=0 cl=0 cr=0 ok=236 fail=0 vofa=firewater rx=216 txdrop=0
1775035247.9881372,1775035247988137200,12558773314600,HB,52851,30979.0,1,-21.187,9.639,25.0,0.0,25.0,21.0,0.0,10.0,0.0,25.0,0.0,0,0,yaw_jump,HB tick=52851 exp_id=199 t_ms=30979 run=1 ts=20.000 as=12.500 ta=0.000 aa=-48.361 se=7.500 so=4.361 ae=48.361 ao=7.000 pwm=10 pc=4 hd=6 y=-21.187 yr=9.639 L=10 R=0 OL=21 OR=0 el=25 er=0 ed=25 dl=25 dr=0 cl=0 cr=0 ok=237 fail=0 vofa=firewater rx=216 txdrop=0
1775035248.1550329,1775035248155032800,12558940214800,HB,53012,31140.0,1,2.92,58.671,27.0,0.0,27.0,21.0,0.0,10.0,0.0,27.0,0.0,0,0,yaw_jump,HB tick=53012 exp_id=199 t_ms=31140 run=1 ts=20.000 as=13.500 ta=0.000 aa=-21.187 se=6.500 so=4.275 ae=21.187 ao=7.000 pwm=10 pc=4 hd=6 y=2.920 yr=58.671 L=10 R=0 OL=21 OR=0 el=27 er=0 ed=27 dl=27 dr=0 cl=0 cr=0 ok=238 fail=0 vofa=firewater rx=216 txdrop=0
1775035248.3850095,1775035248385009300,12559170188200,HB,53244,31372.0,1,33.908,84.885,0.0,16.0,-16.0,0.0,23.0,0.0,12.0,0.0,16.0,0,0,yaw_jump,HB tick=53244 exp_id=199 t_ms=31372 run=1 ts=20.000 as=8.000 ta=0.000 aa=2.920 se=12.000 so=4.851 ae=-2.920 ao=-7.000 pwm=11 pc=5 hd=-7 y=33.908 yr=84.885 L=0 R=12 OL=0 OR=23 el=0 er=16 ed=-16 dl=0 dr=16 cl=0 cr=0 ok=239 fail=0 vofa=firewater rx=216 txdrop=0
1775035248.5532153,1775035248553215300,12559338392500,HB,53409,31537.0,1,40.184,68.488,0.0,24.0,-24.0,0.0,21.0,0.0,10.0,0.0,24.0,0,0,,HB tick=53409 exp_id=199 t_ms=31537 run=1 ts=20.000 as=12.000 ta=0.000 aa=33.908 se=8.000 so=4.471 ae=-33.908 ao=-7.000 pwm=10 pc=4 hd=-6 y=40.184 yr=68.488 L=0 R=10 OL=0 OR=21 el=0 er=24 ed=-24 dl=0 dr=24 cl=0 cr=0 ok=240 fail=0 vofa=firewater rx=216 txdrop=0
1775035248.7815206,1775035248781520600,12559566698500,HB,53641,31769.0,1,16.272,8.444,0.0,25.0,-25.0,0.0,21.0,0.0,10.0,0.0,25.0,0,0,yaw_jump,HB tick=53641 exp_id=199 t_ms=31769 run=1 ts=20.000 as=12.500 ta=0.000 aa=40.184 se=7.500 so=4.443 ae=-40.184 ao=-7.000 pwm=10 pc=4 hd=-6 y=16.272 yr=8.444 L=0 R=10 OL=0 OR=21 el=0 er=25 ed=-25 dl=0 dr=25 cl=0 cr=0 ok=241 fail=0 vofa=firewater rx=216 txdrop=0
1775035248.9480627,1775035248948062600,12559733239900,HB,53807,31934.0,1,-10.571,-51.452,0.0,27.0,-27.0,0.0,21.0,0.0,10.0,0.0,27.0,0,0,yaw_jump,HB tick=53807 exp_id=199 t_ms=31934 run=1 ts=20.000 as=13.500 ta=0.000 aa=16.272 se=6.500 so=4.357 ae=-16.272 ao=-7.000 pwm=10 pc=4 hd=-6 y=-10.571 yr=-51.452 L=0 R=10 OL=0 OR=21 el=0 er=27 ed=-27 dl=0 dr=27 cl=0 cr=0 ok=242 fail=0 vofa=firewater rx=216 txdrop=0
1775035249.1775541,1775035249177554100,12559962731500,HB,54039,32167.0,1,-43.989,-83.643,18.0,0.0,18.0,23.0,0.0,12.0,0.0,18.0,0.0,0,0,yaw_jump,HB tick=54039 exp_id=199 t_ms=32167 run=1 ts=20.000 as=9.000 ta=0.000 aa=-10.571 se=11.000 so=4.833 ae=10.571 ao=7.000 pwm=11 pc=5 hd=7 y=-43.989 yr=-83.643 L=12 R=0 OL=23 OR=0 el=18 er=0 ed=18 dl=18 dr=0 cl=0 cr=0 ok=243 fail=0 vofa=firewater rx=216 txdrop=0
1775035249.3862927,1775035249386292800,12560171469800,HB,54249,32377.0,1,-42.182,-51.356,25.0,0.0,25.0,23.0,0.0,12.0,0.0,25.0,0.0,0,0,,HB tick=54249 exp_id=199 t_ms=32377 run=1 ts=20.000 as=12.500 ta=0.000 aa=-43.989 se=7.500 so=4.505 ae=43.989 ao=7.000 pwm=11 pc=5 hd=7 y=-42.182 yr=-51.356 L=12 R=0 OL=23 OR=0 el=25 er=0 ed=25 dl=25 dr=0 cl=0 cr=0 ok=244 fail=0 vofa=firewater rx=216 txdrop=0
1775035249.59355,1775035249593550200,12560378727900,HB,54453,32581.0,1,-12.789,17.049,26.0,0.0,26.0,21.0,0.0,10.0,0.0,26.0,0.0,0,0,yaw_jump,HB tick=54453 exp_id=199 t_ms=32581 run=1 ts=20.000 as=13.000 ta=0.000 aa=-42.182 se=7.000 so=4.472 ae=42.182 ao=7.000 pwm=10 pc=4 hd=6 y=-12.789 yr=17.049 L=10 R=0 OL=21 OR=0 el=26 er=0 ed=26 dl=26 dr=0 cl=0 cr=0 ok=245 fail=0 vofa=firewater rx=216 txdrop=0
1775035249.7502377,1775035249750237700,12560535415500,HB,54613,32741.0,1,12.708,66.855,26.0,0.0,26.0,21.0,0.0,10.0,0.0,26.0,0.0,0,0,yaw_jump,HB tick=54613 exp_id=199 t_ms=32741 run=1 ts=20.000 as=13.000 ta=0.000 aa=-12.789 se=7.000 so=4.485 ae=12.789 ao=7.000 pwm=10 pc=4 hd=6 y=12.708 yr=66.855 L=10 R=0 OL=21 OR=0 el=26 er=0 ed=26 dl=26 dr=0 cl=0 cr=0 ok=246 fail=0 vofa=firewater rx=216 txdrop=0
1775035249.9921222,1775035249992122100,12560777299200,HB,54846,32974.0,1,44.637,91.418,1.0,16.0,-15.0,0.0,23.0,0.0,12.0,1.0,16.0,0,0,yaw_jump,HB tick=54846 exp_id=199 t_ms=32974 run=1 ts=20.000 as=8.500 ta=0.000 aa=12.708 se=11.500 so=4.960 ae=-12.708 ao=-7.000 pwm=11 pc=5 hd=-7 y=44.637 yr=91.418 L=0 R=12 OL=0 OR=23 el=1 er=16 ed=-15 dl=1 dr=16 cl=0 cr=0 ok=247 fail=0 vofa=firewater rx=216 txdrop=0
1775035250.1904051,1775035250190405000,12560975582700,HB,55050,33178.0,1,44.489,59.169,0.0,25.0,-25.0,0.0,23.0,0.0,12.0,0.0,25.0,0,0,,HB tick=55050 exp_id=199 t_ms=33178 run=1 ts=20.000 as=12.500 ta=0.000 aa=44.637 se=7.500 so=4.583 ae=-44.637 ao=-7.000 pwm=11 pc=5 hd=-7 y=44.489 yr=59.169 L=0 R=12 OL=0 OR=23 el=0 er=25 ed=-25 dl=0 dr=25 cl=0 cr=0 ok=248 fail=0 vofa=firewater rx=216 txdrop=0
1775035250.397863,1775035250397863000,12561183040600,HB,55255,33383.0,1,18.694,-5.581,0.0,27.0,-27.0,0.0,21.0,0.0,10.0,0.0,27.0,0,0,yaw_jump,HB tick=55255 exp_id=199 t_ms=33383 run=1 ts=20.000 as=13.500 ta=0.000 aa=44.489 se=6.500 so=4.499 ae=-44.489 ao=-7.000 pwm=10 pc=4 hd=-6 y=18.694 yr=-5.581 L=0 R=10 OL=0 OR=21 el=0 er=27 ed=-27 dl=0 dr=27 cl=0 cr=0 ok=249 fail=0 vofa=firewater rx=216 txdrop=0
1775035250.553427,1775035250553426900,12561338604300,HB,55415,33543.0,1,-6.964,-59.754,0.0,27.0,-27.0,0.0,23.0,0.0,12.0,0.0,27.0,0,0,yaw_jump,HB tick=55415 exp_id=199 t_ms=33543 run=1 ts=20.000 as=13.500 ta=0.000 aa=18.694 se=6.500 so=4.512 ae=-18.694 ao=-7.000 pwm=11 pc=5 hd=-7 y=-6.964 yr=-59.754 L=0 R=12 OL=0 OR=23 el=0 er=27 ed=-27 dl=0 dr=27 cl=0 cr=0 ok=250 fail=0 vofa=firewater rx=216 txdrop=0
1775035250.7935553,1775035250793555100,12561578732400,HB,55648,33776.0,1,-39.941,-88.377,18.0,1.0,17.0,23.0,0.0,12.0,0.0,18.0,1.0,0,0,yaw_jump,HB tick=55648 exp_id=199 t_ms=33776 run=1 ts=20.000 as=9.500 ta=0.000 aa=-6.964 se=10.500 so=4.936 ae=6.964 ao=7.000 pwm=11 pc=5 hd=7 y=-39.941 yr=-88.377 L=12 R=0 OL=23 OR=0 el=18 er=1 ed=17 dl=18 dr=1 cl=0 cr=0 ok=251 fail=0 vofa=firewater rx=216 txdrop=0
1775035250.9937868,1775035250993786900,12561778967600,HB,55853,33981.0,1,-39.739,-57.101,27.0,0.0,27.0,23.0,0.0,12.0,0.0,27.0,0.0,0,0,,HB tick=55853 exp_id=199 t_ms=33981 run=1 ts=20.000 as=13.500 ta=0.000 aa=-39.941 se=6.500 so=4.556 ae=39.941 ao=7.000 pwm=11 pc=5 hd=7 y=-39.739 yr=-57.101 L=12 R=0 OL=23 OR=0 el=27 er=0 ed=27 dl=27 dr=0 cl=0 cr=0 ok=252 fail=0 vofa=firewater rx=216 txdrop=0
1775035251.2022078,1775035251202207800,12561987385400,HB,56057,34185.0,1,-11.82,10.785,28.0,0.0,28.0,23.0,0.0,12.0,0.0,28.0,0.0,0,0,yaw_jump,HB tick=56057 exp_id=199 t_ms=34185 run=1 ts=20.000 as=14.000 ta=0.000 aa=-39.739 se=6.000 so=4.521 ae=39.739 ao=7.000 pwm=11 pc=5 hd=7 y=-11.820 yr=10.785 L=12 R=0 OL=23 OR=0 el=28 er=0 ed=28 dl=28 dr=0 cl=0 cr=0 ok=253 fail=0 vofa=firewater rx=216 txdrop=0
1775035251.399224,1775035251399224000,12562184401900,HB,56262,34390.0,1,21.917,64.61,28.0,0.0,28.0,21.0,0.0,10.0,0.0,28.0,0.0,0,0,yaw_jump,HB tick=56262 exp_id=199 t_ms=34390 run=1 ts=20.000 as=14.000 ta=0.000 aa=-11.820 se=6.000 so=4.536 ae=11.820 ao=7.000 pwm=10 pc=4 hd=6 y=21.917 yr=64.610 L=10 R=0 OL=21 OR=0 el=28 er=0 ed=28 dl=28 dr=0 cl=0 cr=0 ok=254 fail=0 vofa=firewater rx=216 txdrop=0
1775035251.5673466,1775035251567346800,12562352524000,HB,56427,34555.0,1,49.304,100.09,3.0,21.0,-18.0,0.0,23.0,0.0,12.0,3.0,21.0,0,0,yaw_jump,HB tick=56427 exp_id=199 t_ms=34555 run=1 ts=20.000 as=12.000 ta=0.000 aa=21.917 se=8.000 so=4.749 ae=-21.917 ao=-7.000 pwm=11 pc=5 hd=-7 y=49.304 yr=100.090 L=0 R=12 OL=0 OR=23 el=3 er=21 ed=-18 dl=3 dr=21 cl=0 cr=0 ok=255 fail=0 vofa=firewater rx=216 txdrop=0
1775035251.8050718,1775035251805071900,12562590249400,HB,56660,34788.0,1,65.255,89.019,0.0,22.0,-22.0,0.0,23.0,0.0,12.0,0.0,22.0,0,0,yaw_jump,HB tick=56660 exp_id=199 t_ms=34788 run=1 ts=20.000 as=11.000 ta=0.000 aa=49.304 se=9.000 so=4.877 ae=-49.304 ao=-7.000 pwm=11 pc=5 hd=-7 y=65.255 yr=89.019 L=0 R=12 OL=0 OR=23 el=0 er=22 ed=-22 dl=0 dr=22 cl=0 cr=0 ok=256 fail=0 vofa=firewater rx=216 txdrop=0
1775035252.0117729,1775035252011772800,12562796950200,HB,56869,34997.0,1,40.721,16.778,0.0,28.0,-28.0,0.0,23.0,0.0,12.0,0.0,28.0,0,0,yaw_jump,HB tick=56869 exp_id=199 t_ms=34997 run=1 ts=20.000 as=14.000 ta=0.000 aa=65.255 se=6.000 so=4.594 ae=-65.255 ao=-7.000 pwm=11 pc=5 hd=-7 y=40.721 yr=16.778 L=0 R=12 OL=0 OR=23 el=0 er=28 ed=-28 dl=0 dr=28 cl=0 cr=0 ok=257 fail=0 vofa=firewater rx=216 txdrop=0
1775035252.209665,1775035252209664900,12562994842400,HB,57073,35201.0,1,9.293,-43.015,0.0,28.0,-28.0,0.0,23.0,0.0,12.0,0.0,28.0,0,0,yaw_jump,HB tick=57073 exp_id=199 t_ms=35201 run=1 ts=20.000 as=14.000 ta=0.000 aa=40.721 se=6.000 so=4.609 ae=-40.721 ao=-7.000 pwm=11 pc=5 hd=-7 y=9.293 yr=-43.015 L=0 R=12 OL=0 OR=23 el=0 er=28 ed=-28 dl=0 dr=28 cl=0 cr=0 ok=258 fail=0 vofa=firewater rx=216 txdrop=0
1775035252.4171462,1775035252417146200,12563202323300,HB,57278,35406.0,1,-24.883,-86.31,0.0,29.0,-29.0,0.0,23.0,0.0,12.0,0.0,29.0,0,0,yaw_jump,HB tick=57278 exp_id=199 t_ms=35406 run=1 ts=20.000 as=14.500 ta=0.000 aa=9.293 se=5.500 so=4.572 ae=-9.293 ao=-7.000 pwm=11 pc=5 hd=-7 y=-24.883 yr=-86.310 L=0 R=12 OL=0 OR=23 el=0 er=29 ed=-29 dl=0 dr=29 cl=0 cr=0 ok=259 fail=0 vofa=firewater rx=216 txdrop=0
1775035252.6443794,1775035252644379400,12563429556500,HB,57504,35632.0,1,-65.563,-119.102,17.0,1.0,16.0,23.0,0.0,12.0,0.0,17.0,1.0,0,0,yaw_jump,HB tick=57504 exp_id=199 t_ms=35632 run=1 ts=20.000 as=9.000 ta=0.000 aa=-24.883 se=11.000 so=5.145 ae=24.883 ao=7.000 pwm=11 pc=5 hd=7 y=-65.563 yr=-119.102 L=12 R=0 OL=23 OR=0 el=17 er=1 ed=16 dl=17 dr=1 cl=0 cr=0 ok=260 fail=0 vofa=firewater rx=216 txdrop=0
1775035252.8624334,1775035252862433600,12563647611800,HB,57721,35849.0,1,-41.615,-38.791,26.0,0.0,26.0,23.0,0.0,12.0,0.0,26.0,0.0,0,0,yaw_jump,HB tick=57721 exp_id=199 t_ms=35849 run=1 ts=20.000 as=13.000 ta=0.000 aa=-65.563 se=7.000 so=4.768 ae=65.563 ao=7.000 pwm=11 pc=5 hd=7 y=-41.615 yr=-38.791 L=12 R=0 OL=23 OR=0 el=26 er=0 ed=26 dl=26 dr=0 cl=0 cr=0 ok=261 fail=0 vofa=firewater rx=216 txdrop=0
1775035253.0184505,1775035253018450400,12563803627600,HB,57877,36005.0,1,-35.492,-11.476,29.0,0.0,29.0,23.0,0.0,12.0,0.0,29.0,0.0,0,0,,HB tick=57877 exp_id=199 t_ms=36005 run=1 ts=20.000 as=14.500 ta=0.000 aa=-41.615 se=5.500 so=4.629 ae=41.615 ao=7.000 pwm=11 pc=5 hd=7 y=-35.492 yr=-11.476 L=12 R=0 OL=23 OR=0 el=29 er=0 ed=29 dl=29 dr=0 cl=0 cr=0 ok=262 fail=0 vofa=firewater rx=216 txdrop=0
1775035253.2699509,1775035253269951000,12564055130800,HB,58125,36253.0,1,9.148,55.541,29.0,0.0,29.0,23.0,0.0,12.0,0.0,29.0,0.0,0,0,yaw_jump,HB tick=58125 exp_id=199 t_ms=36253 run=1 ts=20.000 as=14.500 ta=0.000 aa=-35.492 se=5.500 so=4.646 ae=35.492 ao=7.000 pwm=11 pc=5 hd=7 y=9.148 yr=55.541 L=12 R=0 OL=23 OR=0 el=29 er=0 ed=29 dl=29 dr=0 cl=0 cr=0 ok=263 fail=0 vofa=firewater rx=216 txdrop=0
1775035253.4681382,1775035253468138200,12564253316200,HB,58326,36454.0,1,36.182,83.176,1.0,15.0,-14.0,0.0,23.0,0.0,12.0,1.0,15.0,0,0,yaw_jump,HB tick=58326 exp_id=199 t_ms=36454 run=1 ts=20.000 as=8.000 ta=0.000 aa=9.148 se=12.000 so=5.316 ae=-9.148 ao=-7.000 pwm=11 pc=5 hd=-7 y=36.182 yr=83.176 L=0 R=12 OL=0 OR=23 el=1 er=15 ed=-14 dl=1 dr=15 cl=0 cr=0 ok=264 fail=0 vofa=firewater rx=216 txdrop=0
1775035253.675306,1775035253675306000,12564460483900,HB,58531,36659.0,1,39.29,59.371,0.0,25.0,-25.0,0.0,23.0,0.0,12.0,0.0,25.0,0,0,,HB tick=58531 exp_id=199 t_ms=36659 run=1 ts=20.000 as=12.500 ta=0.000 aa=36.182 se=7.500 so=4.890 ae=-36.182 ao=-7.000 pwm=11 pc=5 hd=-7 y=39.290 yr=59.371 L=0 R=12 OL=0 OR=23 el=0 er=25 ed=-25 dl=0 dr=25 cl=0 cr=0 ok=265 fail=0 vofa=firewater rx=216 txdrop=0
1775035253.830985,1775035253830985000,12564616163000,HB,58691,36819.0,1,20.067,-3.46,0.0,28.0,-28.0,0.0,23.0,0.0,12.0,0.0,28.0,0,0,yaw_jump,HB tick=58691 exp_id=199 t_ms=36819 run=1 ts=20.000 as=14.000 ta=0.000 aa=39.290 se=6.000 so=4.753 ae=-39.290 ao=-7.000 pwm=11 pc=5 hd=-7 y=20.067 yr=-3.460 L=0 R=12 OL=0 OR=23 el=0 er=28 ed=-28 dl=0 dr=28 cl=0 cr=0 ok=266 fail=0 vofa=firewater rx=216 txdrop=0
1775035254.0698738,1775035254069873900,12564855051600,HB,58923,37051.0,1,-11.949,-50.549,0.0,29.0,-29.0,0.0,23.0,0.0,12.0,0.0,29.0,0,0,yaw_jump,HB tick=58923 exp_id=199 t_ms=37051 run=1 ts=20.000 as=14.500 ta=0.000 aa=20.067 se=5.500 so=4.720 ae=-20.067 ao=-7.000 pwm=11 pc=5 hd=-7 y=-11.949 yr=-50.549 L=0 R=12 OL=0 OR=23 el=0 er=29 ed=-29 dl=0 dr=29 cl=0 cr=0 ok=267 fail=0 vofa=firewater rx=216 txdrop=0
1775035254.2265375,1775035254226537500,12565011715100,HB,59084,37212.0,1,-40.93,-95.857,16.0,4.0,12.0,23.0,0.0,12.0,0.0,16.0,4.0,0,0,yaw_jump,HB tick=59084 exp_id=199 t_ms=37212 run=1 ts=20.000 as=10.000 ta=0.000 aa=-11.949 se=10.000 so=5.186 ae=11.949 ao=7.000 pwm=11 pc=5 hd=7 y=-40.930 yr=-95.857 L=12 R=0 OL=23 OR=0 el=16 er=4 ed=12 dl=16 dr=4 cl=0 cr=0 ok=268 fail=0 vofa=firewater rx=216 txdrop=0
1775035254.4563396,1775035254456339700,12565241516900,HB,59317,37445.0,1,-56.361,-85.488,24.0,0.0,24.0,23.0,0.0,12.0,0.0,24.0,0.0,0,0,yaw_jump,HB tick=59317 exp_id=199 t_ms=37445 run=1 ts=20.000 as=12.000 ta=0.000 aa=-40.930 se=8.000 so=5.012 ae=40.930 ao=7.000 pwm=11 pc=5 hd=7 y=-56.361 yr=-85.488 L=12 R=0 OL=23 OR=0 el=24 er=0 ed=24 dl=24 dr=0 cl=0 cr=0 ok=269 fail=0 vofa=firewater rx=216 txdrop=0
1775035254.6655698,1775035254665569900,12565450747600,HB,59526,37654.0,1,-30.519,-12.291,28.0,0.0,28.0,23.0,0.0,12.0,0.0,28.0,0.0,0,0,yaw_jump,HB tick=59526 exp_id=199 t_ms=37654 run=1 ts=20.000 as=14.000 ta=0.000 aa=-56.361 se=6.000 so=4.828 ae=56.361 ao=7.000 pwm=11 pc=5 hd=7 y=-30.519 yr=-12.291 L=12 R=0 OL=23 OR=0 el=28 er=0 ed=28 dl=28 dr=0 cl=0 cr=0 ok=270 fail=0 vofa=firewater rx=216 txdrop=0
1775035254.8731585,1775035254873158500,12565658335800,HB,59731,37859.0,1,5.588,53.657,29.0,0.0,29.0,23.0,0.0,12.0,0.0,29.0,0.0,0,0,yaw_jump,HB tick=59731 exp_id=199 t_ms=37859 run=1 ts=20.000 as=14.500 ta=0.000 aa=-30.519 se=5.500 so=4.793 ae=30.519 ao=7.000 pwm=11 pc=5 hd=7 y=5.588 yr=53.657 L=12 R=0 OL=23 OR=0 el=29 er=0 ed=29 dl=29 dr=0 cl=0 cr=0 ok=271 fail=0 vofa=firewater rx=216 txdrop=0
1775035255.0720258,1775035255072025900,12565857203100,HB,59935,38063.0,1,40.1,94.09,2.0,17.0,-15.0,0.0,23.0,0.0,12.0,2.0,17.0,0,0,yaw_jump,HB tick=59935 exp_id=199 t_ms=38063 run=1 ts=20.000 as=9.500 ta=0.000 aa=5.588 se=10.500 so=5.310 ae=-5.588 ao=-7.000 pwm=11 pc=5 hd=-7 y=40.100 yr=94.090 L=0 R=12 OL=0 OR=23 el=2 er=17 ed=-15 dl=2 dr=17 cl=0 cr=0 ok=272 fail=0 vofa=firewater rx=216 txdrop=0
1775035255.2382712,1775035255238271300,12566023449200,HB,60096,38224.0,1,49.086,80.692,0.0,22.0,-22.0,0.0,23.0,0.0,12.0,0.0,22.0,0,0,yaw_jump,HB tick=60096 exp_id=199 t_ms=38224 run=1 ts=20.000 as=11.000 ta=0.000 aa=40.100 se=9.000 so=5.180 ae=-40.100 ao=-7.000 pwm=11 pc=5 hd=-7 y=49.086 yr=80.692 L=0 R=12 OL=0 OR=23 el=0 er=22 ed=-22 dl=0 dr=22 cl=0 cr=0 ok=273 fail=0 vofa=firewater rx=216 txdrop=0
1775035255.4255116,1775035255425511700,12566210689100,HB,60285,38413.0,1,46.917,48.433,0.0,29.0,-29.0,0.0,23.0,0.0,12.0,0.0,29.0,0,0,,HB tick=60285 exp_id=199 t_ms=38413 run=1 ts=20.000 as=14.500 ta=0.000 aa=49.086 se=5.500 so=4.846 ae=-49.086 ao=-7.000 pwm=11 pc=5 hd=-7 y=46.917 yr=48.433 L=0 R=12 OL=0 OR=23 el=0 er=29 ed=-29 dl=0 dr=29 cl=0 cr=0 ok=274 fail=0 vofa=firewater rx=216 txdrop=0
1775035255.6644905,1775035255664490600,12566449668100,HB,60518,38646.0,1,5.157,-31.519,0.0,28.0,-28.0,0.0,23.0,0.0,12.0,0.0,28.0,0,0,yaw_jump,HB tick=60518 exp_id=199 t_ms=38646 run=1 ts=20.000 as=14.000 ta=0.000 aa=46.917 se=6.000 so=4.913 ae=-46.917 ao=-7.000 pwm=11 pc=5 hd=-7 y=5.157 yr=-31.519 L=0 R=12 OL=0 OR=23 el=0 er=28 ed=-28 dl=0 dr=28 cl=0 cr=0 ok=275 fail=0 vofa=firewater rx=216 txdrop=0
1775035255.8709846,1775035255870984500,12566656161700,HB,60727,38855.0,1,-32.643,-83.487,0.0,29.0,-29.0,0.0,23.0,0.0,12.0,0.0,29.0,0,0,yaw_jump,HB tick=60727 exp_id=199 t_ms=38855 run=1 ts=20.000 as=14.500 ta=0.000 aa=5.157 se=5.500 so=4.877 ae=-5.157 ao=-7.000 pwm=11 pc=5 hd=-7 y=-32.643 yr=-83.487 L=0 R=12 OL=0 OR=23 el=0 er=29 ed=-29 dl=0 dr=29 cl=0 cr=0 ok=276 fail=0 vofa=firewater rx=216 txdrop=0
1775035256.0681632,1775035256068163000,12566853340700,HB,60932,39060.0,1,-69.543,-117.267,17.0,1.0,16.0,23.0,0.0,12.0,0.0,17.0,1.0,0,0,yaw_jump,HB tick=60932 exp_id=199 t_ms=39060 run=1 ts=20.000 as=9.000 ta=0.000 aa=-32.643 se=11.000 so=5.449 ae=32.643 ao=7.000 pwm=11 pc=5 hd=7 y=-69.543 yr=-117.267 L=12 R=0 OL=23 OR=0 el=17 er=1 ed=16 dl=17 dr=1 cl=0 cr=0 ok=277 fail=0 vofa=firewater rx=216 txdrop=0
1775035256.2745445,1775035256274544500,12567059722200,HB,61137,39265.0,1,-79.394,-93.042,0.0,0.0,0.0,24.0,0.0,13.0,0.0,0.0,0.0,0,0,left_output_without_encoder|yaw_jump,HB tick=61137 exp_id=199 t_ms=39265 run=1 ts=20.000 as=0.000 ta=0.000 aa=-69.543 se=20.000 so=6.388 ae=69.543 ao=7.000 pwm=12 pc=6 hd=7 y=-79.394 yr=-93.042 L=13 R=0 OL=24 OR=0 el=0 er=0 ed=0 dl=0 dr=0 cl=0 cr=0 ok=278 fail=0 vofa=firewater rx=216 txdrop=0
1775035256.4422648,1775035256442264800,12567227441900,HB,61302,39430.0,1,-69.034,-38.502,0.0,0.0,0.0,24.0,0.0,13.0,0.0,0.0,0.0,0,0,left_output_without_encoder|yaw_jump,HB tick=61302 exp_id=199 t_ms=39430 run=1 ts=20.000 as=0.000 ta=0.000 aa=-79.394 se=20.000 so=6.429 ae=79.394 ao=7.000 pwm=12 pc=6 hd=7 y=-69.034 yr=-38.502 L=13 R=0 OL=24 OR=0 el=0 er=0 ed=0 dl=0 dr=0 cl=0 cr=0 ok=279 fail=0 vofa=firewater rx=216 txdrop=0
1775035256.6705194,1775035256670519300,12567455697400,HB,61535,39663.0,1,-68.757,-24.609,0.0,0.0,0.0,24.0,0.0,13.0,0.0,0.0,0.0,0,0,left_output_without_encoder,HB tick=61535 exp_id=199 t_ms=39663 run=1 ts=20.000 as=0.000 ta=0.000 aa=-69.034 se=20.000 so=6.484 ae=69.034 ao=7.000 pwm=12 pc=6 hd=7 y=-68.757 yr=-24.609 L=13 R=0 OL=24 OR=0 el=0 er=0 ed=0 dl=0 dr=0 cl=0 cr=0 ok=280 fail=0 vofa=firewater rx=216 txdrop=0
1775035256.838998,1775035256838998100,12567624175700,HB,61695,39823.0,1,-68.757,-15.997,0.0,0.0,0.0,25.0,0.0,14.0,0.0,0.0,0.0,0,0,left_output_without_encoder,HB tick=61695 exp_id=199 t_ms=39823 run=1 ts=20.000 as=0.000 ta=0.000 aa=-68.757 se=20.000 so=6.523 ae=68.757 ao=7.000 pwm=12 pc=7 hd=7 y=-68.757 yr=-15.997 L=14 R=0 OL=25 OR=0 el=0 er=0 ed=0 dl=0 dr=0 cl=0 cr=0 ok=281 fail=0 vofa=firewater rx=216 txdrop=0
1775035257.068416,1775035257068415900,12567853593300,HB,61928,40055.0,1,-68.744,-10.378,0.0,0.0,0.0,25.0,0.0,14.0,0.0,0.0,0.0,0,0,left_output_without_encoder,HB tick=61928 exp_id=199 t_ms=40055 run=1 ts=20.000 as=0.000 ta=0.000 aa=-68.757 se=20.000 so=6.578 ae=68.757 ao=7.000 pwm=12 pc=7 hd=7 y=-68.744 yr=-10.378 L=14 R=0 OL=25 OR=0 el=0 er=0 ed=0 dl=0 dr=0 cl=0 cr=0 ok=282 fail=0 vofa=firewater rx=216 txdrop=0
1775035257.2671525,1775035257267152600,12568052329800,HB,62132,40260.0,1,-68.737,-6.733,0.0,0.0,0.0,25.0,0.0,14.0,0.0,0.0,0.0,0,0,left_output_without_encoder,HB tick=62132 exp_id=199 t_ms=40260 run=1 ts=20.000 as=0.000 ta=0.000 aa=-68.744 se=20.000 so=6.628 ae=68.744 ao=7.000 pwm=12 pc=7 hd=7 y=-68.737 yr=-6.733 L=14 R=0 OL=25 OR=0 el=0 er=0 ed=0 dl=0 dr=0 cl=0 cr=0 ok=283 fail=0 vofa=firewater rx=216 txdrop=0
1775035257.4767368,1775035257476736800,12568261914000,HB,62337,40465.0,1,-68.735,-4.374,0.0,0.0,0.0,25.0,0.0,14.0,0.0,0.0,0.0,0,0,left_output_without_encoder,HB tick=62337 exp_id=199 t_ms=40465 run=1 ts=20.000 as=0.000 ta=0.000 aa=-68.737 se=20.000 so=6.676 ae=68.737 ao=7.000 pwm=12 pc=7 hd=7 y=-68.735 yr=-4.374 L=14 R=0 OL=25 OR=0 el=0 er=0 ed=0 dl=0 dr=0 cl=0 cr=0 ok=284 fail=0 vofa=firewater rx=216 txdrop=0
1775035257.6845925,1775035257684592400,12568469769500,HB,62546,40674.0,1,-68.736,-2.845,0.0,0.0,0.0,25.0,0.0,14.0,0.0,0.0,0.0,0,0,left_output_without_encoder,HB tick=62546 exp_id=199 t_ms=40674 run=1 ts=20.000 as=0.000 ta=0.000 aa=-68.735 se=20.000 so=6.727 ae=68.735 ao=7.000 pwm=12 pc=7 hd=7 y=-68.736 yr=-2.845 L=14 R=0 OL=25 OR=0 el=0 er=0 ed=0 dl=0 dr=0 cl=0 cr=0 ok=285 fail=0 vofa=firewater rx=216 txdrop=0
1775035257.8924265,1775035257892426500,12568677603800,HB,62751,40879.0,1,-68.739,-1.855,0.0,0.0,0.0,25.0,0.0,14.0,0.0,0.0,0.0,0,0,left_output_without_encoder,HB tick=62751 exp_id=199 t_ms=40879 run=1 ts=20.000 as=0.000 ta=0.000 aa=-68.736 se=20.000 so=6.777 ae=68.736 ao=7.000 pwm=12 pc=7 hd=7 y=-68.739 yr=-1.855 L=14 R=0 OL=25 OR=0 el=0 er=0 ed=0 dl=0 dr=0 cl=0 cr=0 ok=286 fail=0 vofa=firewater rx=216 txdrop=0
1775035258.1004963,1775035258100496400,12568885674200,HB,62956,41084.0,1,-68.734,-1.197,0.0,0.0,0.0,25.0,0.0,14.0,0.0,0.0,0.0,0,0,left_output_without_encoder,HB tick=62956 exp_id=199 t_ms=41084 run=1 ts=20.000 as=0.000 ta=0.000 aa=-68.739 se=20.000 so=6.800 ae=68.739 ao=7.000 pwm=12 pc=7 hd=7 y=-68.734 yr=-1.197 L=14 R=0 OL=25 OR=0 el=0 er=0 ed=0 dl=0 dr=0 cl=0 cr=0 ok=287 fail=0 vofa=firewater rx=216 txdrop=0
1775035258.3203137,1775035258320313600,12569105491300,HB,63182,41310.0,1,-68.738,-0.783,0.0,0.0,0.0,25.0,0.0,14.0,0.0,0.0,0.0,0,0,left_output_without_encoder,HB tick=63182 exp_id=199 t_ms=41310 run=1 ts=20.000 as=0.000 ta=0.000 aa=-68.734 se=20.000 so=6.800 ae=68.734 ao=7.000 pwm=12 pc=7 hd=7 y=-68.738 yr=-0.783 L=14 R=0 OL=25 OR=0 el=0 er=0 ed=0 dl=0 dr=0 cl=0 cr=0 ok=288 fail=0 vofa=firewater rx=216 txdrop=0
1775035258.5189316,1775035258518931600,12569304109000,HB,63382,41510.0,1,-68.736,-0.507,0.0,0.0,0.0,25.0,0.0,14.0,0.0,0.0,0.0,0,0,left_output_without_encoder,HB tick=63382 exp_id=199 t_ms=41510 run=1 ts=20.000 as=0.000 ta=0.000 aa=-68.738 se=20.000 so=6.800 ae=68.738 ao=7.000 pwm=12 pc=7 hd=7 y=-68.736 yr=-0.507 L=14 R=0 OL=25 OR=0 el=0 er=0 ed=0 dl=0 dr=0 cl=0 cr=0 ok=289 fail=0 vofa=firewater rx=216 txdrop=0
1775035258.6856904,1775035258685690300,12569470867600,HB,63543,41671.0,1,-68.735,-0.326,0.0,0.0,0.0,25.0,0.0,14.0,0.0,0.0,0.0,0,0,left_output_without_encoder,HB tick=63543 exp_id=199 t_ms=41671 run=1 ts=20.000 as=0.000 ta=0.000 aa=-68.736 se=20.000 so=6.800 ae=68.736 ao=7.000 pwm=12 pc=7 hd=7 y=-68.735 yr=-0.326 L=14 R=0 OL=25 OR=0 el=0 er=0 ed=0 dl=0 dr=0 cl=0 cr=0 ok=290 fail=0 vofa=firewater rx=216 txdrop=0
1775035258.9141,1775035258914100000,12569699277400,HB,63775,41903.0,1,-68.732,-0.207,0.0,0.0,0.0,25.0,0.0,14.0,0.0,0.0,0.0,0,0,left_output_without_encoder,HB tick=63775 exp_id=199 t_ms=41903 run=1 ts=20.000 as=0.000 ta=0.000 aa=-68.735 se=20.000 so=6.800 ae=68.735 ao=7.000 pwm=12 pc=7 hd=7 y=-68.732 yr=-0.207 L=14 R=0 OL=25 OR=0 el=0 er=0 ed=0 dl=0 dr=0 cl=0 cr=0 ok=291 fail=0 vofa=firewater rx=216 txdrop=0
1775035259.1208885,1775035259120888600,12569906065900,HB,63985,42113.0,1,-68.73,-0.132,0.0,0.0,0.0,25.0,0.0,14.0,0.0,0.0,0.0,0,0,left_output_without_encoder,HB tick=63985 exp_id=199 t_ms=42113 run=1 ts=20.000 as=0.000 ta=0.000 aa=-68.732 se=20.000 so=6.800 ae=68.732 ao=7.000 pwm=12 pc=7 hd=7 y=-68.730 yr=-0.132 L=14 R=0 OL=25 OR=0 el=0 er=0 ed=0 dl=0 dr=0 cl=0 cr=0 ok=292 fail=0 vofa=firewater rx=216 txdrop=0
1775035259.3284078,1775035259328407700,12570113584800,HB,64190,42318.0,1,-68.73,-0.085,0.0,0.0,0.0,25.0,0.0,14.0,0.0,0.0,0.0,0,0,left_output_without_encoder,HB tick=64190 exp_id=199 t_ms=42318 run=1 ts=20.000 as=0.000 ta=0.000 aa=-68.730 se=20.000 so=6.800 ae=68.730 ao=7.000 pwm=12 pc=7 hd=7 y=-68.730 yr=-0.085 L=14 R=0 OL=25 OR=0 el=0 er=0 ed=0 dl=0 dr=0 cl=0 cr=0 ok=293 fail=0 vofa=firewater rx=216 txdrop=0
1775035259.4849057,1775035259484905700,12570270082800,HB,64351,42479.0,1,-68.729,-0.054,0.0,0.0,0.0,25.0,0.0,14.0,0.0,0.0,0.0,0,0,left_output_without_encoder,HB tick=64351 exp_id=199 t_ms=42479 run=1 ts=20.000 as=0.000 ta=0.000 aa=-68.730 se=20.000 so=6.800 ae=68.730 ao=7.000 pwm=12 pc=7 hd=7 y=-68.729 yr=-0.054 L=14 R=0 OL=25 OR=0 el=0 er=0 ed=0 dl=0 dr=0 cl=0 cr=0 ok=294 fail=0 vofa=firewater rx=216 txdrop=0
1775035259.723536,1775035259723536100,12570508713900,HB,64583,42711.0,1,-68.729,-0.035,0.0,0.0,0.0,25.0,0.0,14.0,0.0,0.0,0.0,0,0,left_output_without_encoder,HB tick=64583 exp_id=199 t_ms=42711 run=1 ts=20.000 as=0.000 ta=0.000 aa=-68.729 se=20.000 so=6.800 ae=68.729 ao=7.000 pwm=12 pc=7 hd=7 y=-68.729 yr=-0.035 L=14 R=0 OL=25 OR=0 el=0 er=0 ed=0 dl=0 dr=0 cl=0 cr=0 ok=295 fail=0 vofa=firewater rx=216 txdrop=0
1775035259.8795953,1775035259879595200,12570664772400,HB,64744,42872.0,1,-68.737,-0.04,0.0,0.0,0.0,25.0,0.0,14.0,0.0,0.0,0.0,0,0,left_output_without_encoder,HB tick=64744 exp_id=199 t_ms=42872 run=1 ts=20.000 as=0.000 ta=0.000 aa=-68.729 se=20.000 so=6.800 ae=68.729 ao=7.000 pwm=12 pc=7 hd=7 y=-68.737 yr=-0.040 L=14 R=0 OL=25 OR=0 el=0 er=0 ed=0 dl=0 dr=0 cl=0 cr=0 ok=296 fail=0 vofa=firewater rx=216 txdrop=0
1775035260.1185586,1775035260118558600,12570903736600,HB,64976,43104.0,1,-68.736,-0.025,0.0,0.0,0.0,25.0,0.0,14.0,0.0,0.0,0.0,0,0,left_output_without_encoder,HB tick=64976 exp_id=199 t_ms=43104 run=1 ts=20.000 as=0.000 ta=0.000 aa=-68.737 se=20.000 so=6.800 ae=68.737 ao=7.000 pwm=12 pc=7 hd=7 y=-68.736 yr=-0.025 L=14 R=0 OL=25 OR=0 el=0 er=0 ed=0 dl=0 dr=0 cl=0 cr=0 ok=297 fail=0 vofa=firewater rx=216 txdrop=0
1775035260.3266168,1775035260326616800,12571111794200,HB,65185,43313.0,1,-68.736,-0.015,0.0,0.0,0.0,25.0,0.0,14.0,0.0,0.0,0.0,0,0,left_output_without_encoder,HB tick=65185 exp_id=199 t_ms=43313 run=1 ts=20.000 as=0.000 ta=0.000 aa=-68.736 se=20.000 so=6.800 ae=68.736 ao=7.000 pwm=12 pc=7 hd=7 y=-68.736 yr=-0.015 L=14 R=0 OL=25 OR=0 el=0 er=0 ed=0 dl=0 dr=0 cl=0 cr=0 ok=298 fail=0 vofa=firewater rx=216 txdrop=0
1775035260.525,1775035260525000300,12571310178300,HB,65390,43518.0,1,-68.736,-0.01,0.0,0.0,0.0,25.0,0.0,14.0,0.0,0.0,0.0,0,0,left_output_without_encoder,HB tick=65390 exp_id=199 t_ms=43518 run=1 ts=20.000 as=0.000 ta=0.000 aa=-68.736 se=20.000 so=6.800 ae=68.736 ao=7.000 pwm=12 pc=7 hd=7 y=-68.736 yr=-0.010 L=14 R=0 OL=25 OR=0 el=0 er=0 ed=0 dl=0 dr=0 cl=0 cr=0 ok=299 fail=0 vofa=firewater rx=216 txdrop=0
1775035260.7347372,1775035260734737200,12571519914200,HB,65594,43722.0,1,-68.736,-0.007,0.0,0.0,0.0,25.0,0.0,14.0,0.0,0.0,0.0,0,0,left_output_without_encoder,HB tick=65594 exp_id=199 t_ms=43722 run=1 ts=20.000 as=0.000 ta=0.000 aa=-68.736 se=20.000 so=6.800 ae=68.736 ao=7.000 pwm=12 pc=7 hd=7 y=-68.736 yr=-0.007 L=14 R=0 OL=25 OR=0 el=0 er=0 ed=0 dl=0 dr=0 cl=0 cr=0 ok=300 fail=0 vofa=firewater rx=216 txdrop=0
1775035260.943076,1775035260943075800,12571728253300,HB,65804,43932.0,1,-68.77,-0.062,0.0,0.0,0.0,25.0,0.0,14.0,0.0,0.0,0.0,0,0,left_output_without_encoder,HB tick=65804 exp_id=199 t_ms=43932 run=1 ts=20.000 as=0.000 ta=0.000 aa=-68.736 se=20.000 so=6.800 ae=68.736 ao=7.000 pwm=12 pc=7 hd=7 y=-68.770 yr=-0.062 L=14 R=0 OL=25 OR=0 el=0 er=0 ed=0 dl=0 dr=0 cl=0 cr=0 ok=301 fail=0 vofa=firewater rx=216 txdrop=0
1775035261.1522386,1775035261152238500,12571937415500,HB,66009,44137.0,1,-68.718,0.049,0.0,0.0,0.0,25.0,0.0,14.0,0.0,0.0,0.0,0,0,left_output_without_encoder,HB tick=66009 exp_id=199 t_ms=44137 run=1 ts=20.000 as=0.000 ta=0.000 aa=-68.770 se=20.000 so=6.800 ae=68.770 ao=7.000 pwm=12 pc=7 hd=7 y=-68.718 yr=0.049 L=14 R=0 OL=25 OR=0 el=0 er=0 ed=0 dl=0 dr=0 cl=0 cr=0 ok=302 fail=0 vofa=firewater rx=216 txdrop=0
1775035261.3495,1775035261349499800,12572134677200,HB,66213,44341.0,1,-68.724,0.022,29.0,0.0,29.0,23.0,0.0,12.0,0.0,29.0,0.0,0,0,,HB tick=66213 exp_id=199 t_ms=44341 run=1 ts=20.000 as=14.500 ta=0.000 aa=-68.718 se=5.500 so=5.350 ae=68.718 ao=7.000 pwm=11 pc=5 hd=7 y=-68.724 yr=0.022 L=12 R=0 OL=23 OR=0 el=29 er=0 ed=29 dl=29 dr=0 cl=0 cr=0 ok=303 fail=0 vofa=firewater rx=216 txdrop=0
1775035261.5583594,1775035261558359300,12572343536900,HB,66418,44546.0,1,-54.987,23.468,33.0,0.0,33.0,23.0,0.0,12.0,0.0,33.0,0.0,0,0,yaw_jump,HB tick=66418 exp_id=199 t_ms=44546 run=1 ts=20.000 as=16.500 ta=0.000 aa=-68.724 se=3.500 so=5.150 ae=68.724 ao=7.000 pwm=11 pc=5 hd=7 y=-54.987 yr=23.468 L=12 R=0 OL=23 OR=0 el=33 er=0 ed=33 dl=33 dr=0 cl=0 cr=0 ok=304 fail=0 vofa=firewater rx=216 txdrop=0
1775035261.7246268,1775035261724626600,12572509806400,HB,66583,44711.0,1,-29.748,68.791,31.0,-1.0,32.0,23.0,0.0,12.0,0.0,31.0,-1.0,0,0,yaw_jump,HB tick=66583 exp_id=199 t_ms=44711 run=1 ts=20.000 as=15.000 ta=0.000 aa=-54.987 se=5.000 so=5.300 ae=54.987 ao=7.000 pwm=11 pc=5 hd=7 y=-29.748 yr=68.791 L=12 R=0 OL=23 OR=0 el=31 er=-1 ed=32 dl=31 dr=-1 cl=0 cr=0 ok=305 fail=0 vofa=firewater rx=216 txdrop=0
1775035261.9539611,1775035261953961300,12572739138800,HB,66815,44943.0,1,0.395,90.189,28.0,0.0,28.0,23.0,0.0,12.0,0.0,28.0,0.0,0,0,yaw_jump,HB tick=66815 exp_id=199 t_ms=44943 run=1 ts=20.000 as=14.000 ta=0.000 aa=-29.748 se=6.000 so=5.400 ae=29.748 ao=7.000 pwm=11 pc=5 hd=7 y=0.395 yr=90.189 L=12 R=0 OL=23 OR=0 el=28 er=0 ed=28 dl=28 dr=0 cl=0 cr=0 ok=306 fail=0 vofa=firewater rx=216 txdrop=0
1775035262.1826699,1775035262182669700,12572967847800,HB,67041,45169.0,1,7.816,70.115,3.0,19.0,-16.0,0.0,24.0,0.0,13.0,3.0,19.0,0,0,,HB tick=67041 exp_id=199 t_ms=45169 run=1 ts=20.000 as=11.000 ta=0.000 aa=0.395 se=9.000 so=5.700 ae=-0.395 ao=-7.000 pwm=12 pc=6 hd=-7 y=7.816 yr=70.115 L=0 R=13 OL=0 OR=24 el=3 er=19 ed=-16 dl=3 dr=19 cl=0 cr=0 ok=307 fail=0 vofa=firewater rx=216 txdrop=0
1775035262.3805962,1775035262380596200,12573165774200,HB,67241,45369.0,1,3.286,37.647,1.0,19.0,-18.0,0.0,24.0,0.0,13.0,1.0,19.0,0,0,,HB tick=67241 exp_id=199 t_ms=45369 run=1 ts=20.000 as=10.000 ta=0.000 aa=7.816 se=10.000 so=5.800 ae=-7.816 ao=-7.000 pwm=12 pc=6 hd=-7 y=3.286 yr=37.647 L=0 R=13 OL=0 OR=24 el=1 er=19 ed=-18 dl=1 dr=19 cl=0 cr=0 ok=308 fail=0 vofa=firewater rx=216 txdrop=0
1775035262.5460434,1775035262546043400,12573331221000,HB,67402,45530.0,1,-3.911,8.825,0.0,25.0,-25.0,0.0,24.0,0.0,13.0,0.0,25.0,0,0,,HB tick=67402 exp_id=199 t_ms=45530 run=1 ts=20.000 as=12.500 ta=0.000 aa=3.286 se=7.500 so=5.550 ae=-3.286 ao=-7.000 pwm=12 pc=6 hd=-7 y=-3.911 yr=8.825 L=0 R=13 OL=0 OR=24 el=0 er=25 ed=-25 dl=0 dr=25 cl=0 cr=0 ok=309 fail=0 vofa=firewater rx=216 txdrop=0
1775035262.774393,1775035262774393000,12573559570500,HB,67635,45763.0,1,-28.245,-30.817,19.0,1.0,18.0,24.0,0.0,13.0,0.0,19.0,1.0,0,0,yaw_jump,HB tick=67635 exp_id=199 t_ms=45763 run=1 ts=20.000 as=10.000 ta=0.000 aa=-3.911 se=10.000 so=5.800 ae=3.911 ao=7.000 pwm=12 pc=6 hd=7 y=-28.245 yr=-30.817 L=13 R=0 OL=24 OR=0 el=19 er=1 ed=18 dl=19 dr=1 cl=0 cr=0 ok=310 fail=0 vofa=firewater rx=216 txdrop=0
1775035262.98512,1775035262985119900,12573770297100,HB,67844,45972.0,1,-26.71,-17.46,27.0,0.0,27.0,23.0,0.0,12.0,0.0,27.0,0.0,0,0,,HB tick=67844 exp_id=199 t_ms=45972 run=1 ts=20.000 as=13.500 ta=0.000 aa=-28.245 se=6.500 so=5.450 ae=28.245 ao=7.000 pwm=11 pc=5 hd=7 y=-26.710 yr=-17.460 L=12 R=0 OL=23 OR=0 el=27 er=0 ed=27 dl=27 dr=0 cl=0 cr=0 ok=311 fail=0 vofa=firewater rx=216 txdrop=0
1775035263.2032592,1775035263203259200,12573988438200,HB,68064,46192.0,1,12.89,51.651,29.0,0.0,29.0,23.0,0.0,12.0,0.0,29.0,0.0,0,0,yaw_jump,HB tick=68064 exp_id=199 t_ms=46192 run=1 ts=20.000 as=14.500 ta=0.000 aa=-26.710 se=5.500 so=5.350 ae=26.710 ao=7.000 pwm=11 pc=5 hd=7 y=12.890 yr=51.651 L=12 R=0 OL=23 OR=0 el=29 er=0 ed=29 dl=29 dr=0 cl=0 cr=0 ok=312 fail=0 vofa=firewater rx=216 txdrop=0
1775035263.4088216,1775035263408821600,12574194000600,HB,68264,46392.0,1,38.656,78.663,1.0,22.0,-21.0,0.0,24.0,0.0,13.0,1.0,22.0,0,0,yaw_jump,HB tick=68264 exp_id=199 t_ms=46392 run=1 ts=20.000 as=11.500 ta=0.000 aa=12.890 se=8.500 so=5.650 ae=-12.890 ao=-7.000 pwm=12 pc=6 hd=-7 y=38.656 yr=78.663 L=0 R=13 OL=0 OR=24 el=1 er=22 ed=-21 dl=1 dr=22 cl=0 cr=0 ok=313 fail=0 vofa=firewater rx=216 txdrop=0
1775035263.6073298,1775035263607329900,12574392507400,HB,68469,46597.0,1,45.429,62.695,0.0,23.0,-23.0,0.0,24.0,0.0,13.0,0.0,23.0,0,0,,HB tick=68469 exp_id=199 t_ms=46597 run=1 ts=20.000 as=11.500 ta=0.000 aa=38.656 se=8.500 so=5.650 ae=-38.656 ao=-7.000 pwm=12 pc=6 hd=-7 y=45.429 yr=62.695 L=0 R=13 OL=0 OR=24 el=0 er=23 ed=-23 dl=0 dr=23 cl=0 cr=0 ok=314 fail=0 vofa=firewater rx=216 txdrop=0
1775035263.8151565,1775035263815156600,12574600335300,HB,68673,46801.0,1,24.162,4.265,0.0,28.0,-28.0,0.0,23.0,0.0,12.0,0.0,28.0,0,0,yaw_jump,HB tick=68673 exp_id=199 t_ms=46801 run=1 ts=20.000 as=14.000 ta=0.000 aa=45.429 se=6.000 so=5.400 ae=-45.429 ao=-7.000 pwm=11 pc=5 hd=-7 y=24.162 yr=4.265 L=0 R=12 OL=0 OR=23 el=0 er=28 ed=-28 dl=0 dr=28 cl=0 cr=0 ok=315 fail=0 vofa=firewater rx=216 txdrop=0
1775035264.0333385,1775035264033338500,12574818518900,HB,68883,47011.0,1,-7.389,-49.814,0.0,28.0,-28.0,0.0,23.0,0.0,12.0,0.0,28.0,0,0,yaw_jump,HB tick=68883 exp_id=199 t_ms=47011 run=1 ts=20.000 as=14.000 ta=0.000 aa=24.162 se=6.000 so=5.400 ae=-24.162 ao=-7.000 pwm=11 pc=5 hd=-7 y=-7.389 yr=-49.814 L=0 R=12 OL=0 OR=23 el=0 er=28 ed=-28 dl=0 dr=28 cl=0 cr=0 ok=316 fail=0 vofa=firewater rx=216 txdrop=0
1775035264.2317348,1775035264231734700,12575016911900,HB,69089,47216.0,1,-44.289,-95.379,18.0,1.0,17.0,24.0,0.0,13.0,0.0,18.0,1.0,0,0,yaw_jump,HB tick=69089 exp_id=199 t_ms=47216 run=1 ts=20.000 as=9.500 ta=0.000 aa=-7.389 se=10.500 so=5.850 ae=7.389 ao=7.000 pwm=12 pc=6 hd=7 y=-44.289 yr=-95.379 L=13 R=0 OL=24 OR=0 el=18 er=1 ed=17 dl=18 dr=1 cl=0 cr=0 ok=317 fail=0 vofa=firewater rx=216 txdrop=0
1775035264.4497797,1775035264449779700,12575234957300,HB,69309,47437.0,1,-24.547,-30.73,27.0,0.0,27.0,23.0,0.0,12.0,0.0,27.0,0.0,0,0,yaw_jump,HB tick=69309 exp_id=199 t_ms=47437 run=1 ts=20.000 as=13.500 ta=0.000 aa=-44.289 se=6.500 so=5.450 ae=44.289 ao=7.000 pwm=11 pc=5 hd=7 y=-24.547 yr=-30.730 L=12 R=0 OL=23 OR=0 el=27 er=0 ed=27 dl=27 dr=0 cl=0 cr=0 ok=318 fail=0 vofa=firewater rx=216 txdrop=0
1775035264.645892,1775035264645891900,12575431072100,HB,69509,47637.0,1,-14.807,-2.929,29.0,0.0,29.0,23.0,0.0,12.0,0.0,29.0,0.0,0,0,yaw_jump,HB tick=69509 exp_id=199 t_ms=47637 run=1 ts=20.000 as=14.500 ta=0.000 aa=-24.547 se=5.500 so=5.350 ae=24.547 ao=7.000 pwm=11 pc=5 hd=7 y=-14.807 yr=-2.929 L=12 R=0 OL=23 OR=0 el=29 er=0 ed=29 dl=29 dr=0 cl=0 cr=0 ok=319 fail=0 vofa=firewater rx=216 txdrop=0
1775035264.8536363,1775035264853636300,12575638813600,HB,69713,47841.0,1,19.469,56.902,28.0,0.0,28.0,23.0,0.0,12.0,0.0,28.0,0.0,0,0,yaw_jump,HB tick=69713 exp_id=199 t_ms=47841 run=1 ts=20.000 as=14.000 ta=0.000 aa=-14.807 se=6.000 so=5.400 ae=14.807 ao=7.000 pwm=11 pc=5 hd=7 y=19.469 yr=56.902 L=12 R=0 OL=23 OR=0 el=28 er=0 ed=28 dl=28 dr=0 cl=0 cr=0 ok=320 fail=0 vofa=firewater rx=216 txdrop=0
1775035265.082677,1775035265082677100,12575867855300,HB,69939,48067.0,1,60.149,99.986,0.0,23.0,-23.0,0.0,24.0,0.0,13.0,0.0,23.0,0,0,yaw_jump,HB tick=69939 exp_id=199 t_ms=48067 run=1 ts=20.000 as=11.500 ta=0.000 aa=19.469 se=8.500 so=5.650 ae=-19.469 ao=-7.000 pwm=12 pc=6 hd=-7 y=60.149 yr=99.986 L=0 R=13 OL=0 OR=24 el=0 er=23 ed=-23 dl=0 dr=23 cl=0 cr=0 ok=321 fail=0 vofa=firewater rx=216 txdrop=0
1775035265.2819831,1775035265281983200,12576067166000,HB,70138,48266.0,1,58.856,62.717,0.0,23.0,-23.0,0.0,24.0,0.0,13.0,0.0,23.0,0,0,,HB tick=70138 exp_id=199 t_ms=48266 run=1 ts=20.000 as=11.500 ta=0.000 aa=60.149 se=8.500 so=5.650 ae=-60.149 ao=-7.000 pwm=12 pc=6 hd=-7 y=58.856 yr=62.717 L=0 R=13 OL=0 OR=24 el=0 er=23 ed=-23 dl=0 dr=23 cl=0 cr=0 ok=322 fail=0 vofa=firewater rx=216 txdrop=0
1775035265.5011573,1775035265501157500,12576286334500,HB,70359,48487.0,1,19.076,-22.234,0.0,27.0,-27.0,0.0,23.0,0.0,12.0,0.0,27.0,0,0,yaw_jump,HB tick=70359 exp_id=199 t_ms=48487 run=1 ts=20.000 as=13.500 ta=0.000 aa=58.856 se=6.500 so=5.450 ae=-58.856 ao=-7.000 pwm=11 pc=5 hd=-7 y=19.076 yr=-22.234 L=0 R=12 OL=0 OR=23 el=0 er=27 ed=-27 dl=0 dr=27 cl=0 cr=0 ok=323 fail=0 vofa=firewater rx=216 txdrop=0
1775035265.6991324,1775035265699132500,12576484309900,HB,70559,48687.0,1,0.143,-47.584,0.0,27.0,-27.0,0.0,23.0,0.0,12.0,0.0,27.0,0,0,yaw_jump,HB tick=70559 exp_id=199 t_ms=48687 run=1 ts=20.000 as=13.500 ta=0.000 aa=19.076 se=6.500 so=5.450 ae=-19.076 ao=-7.000 pwm=11 pc=5 hd=-7 y=0.143 yr=-47.584 L=0 R=12 OL=0 OR=23 el=0 er=27 ed=-27 dl=0 dr=27 cl=0 cr=0 ok=324 fail=0 vofa=firewater rx=216 txdrop=0
1775035265.8546453,1775035265854645300,12576639822600,HB,70721,48848.0,1,-26.284,-88.38,20.0,2.0,18.0,24.0,0.0,13.0,0.0,20.0,2.0,0,0,yaw_jump,HB tick=70721 exp_id=199 t_ms=48848 run=1 ts=20.000 as=11.000 ta=0.000 aa=0.143 se=9.000 so=5.700 ae=-0.143 ao=7.000 pwm=12 pc=6 hd=7 y=-26.284 yr=-88.380 L=13 R=0 OL=24 OR=0 el=20 er=2 ed=18 dl=20 dr=2 cl=0 cr=0 ok=325 fail=0 vofa=firewater rx=216 txdrop=0
1775035266.093008,1775035266093008200,12576878185300,HB,70952,49080.0,1,-37.308,-74.078,23.0,0.0,23.0,24.0,0.0,13.0,0.0,23.0,0.0,0,0,yaw_jump,HB tick=70952 exp_id=199 t_ms=49080 run=1 ts=20.000 as=11.500 ta=0.000 aa=-26.284 se=8.500 so=5.650 ae=26.284 ao=7.000 pwm=12 pc=6 hd=7 y=-37.308 yr=-74.078 L=13 R=0 OL=24 OR=0 el=23 er=0 ed=23 dl=23 dr=0 cl=0 cr=0 ok=326 fail=0 vofa=firewater rx=216 txdrop=0
1775035266.3008165,1775035266300816700,12577085994300,HB,71162,49290.0,1,-13.779,-8.935,27.0,0.0,27.0,23.0,0.0,12.0,0.0,27.0,0.0,0,0,yaw_jump,HB tick=71162 exp_id=199 t_ms=49290 run=1 ts=20.000 as=13.500 ta=0.000 aa=-37.308 se=6.500 so=5.450 ae=37.308 ao=7.000 pwm=11 pc=5 hd=7 y=-13.779 yr=-8.935 L=12 R=0 OL=23 OR=0 el=27 er=0 ed=27 dl=27 dr=0 cl=0 cr=0 ok=327 fail=0 vofa=firewater rx=216 txdrop=0
1775035266.4570315,1775035266457031500,12577242215000,HB,71322,49450.0,1,14.445,55.932,28.0,0.0,28.0,23.0,0.0,12.0,0.0,28.0,0.0,0,0,yaw_jump,HB tick=71322 exp_id=199 t_ms=49450 run=1 ts=20.000 as=14.000 ta=0.000 aa=-13.779 se=6.000 so=5.400 ae=13.779 ao=7.000 pwm=11 pc=5 hd=7 y=14.445 yr=55.932 L=12 R=0 OL=23 OR=0 el=28 er=0 ed=28 dl=28 dr=0 cl=0 cr=0 ok=328 fail=0 vofa=firewater rx=216 txdrop=0
1775035266.654486,1775035266654485900,12577439663100,HB,71511,49639.0,1,21.189,48.844,0.0,20.0,-20.0,0.0,24.0,0.0,13.0,0.0,20.0,0,0,,HB tick=71511 exp_id=199 t_ms=49639 run=1 ts=20.000 as=10.000 ta=0.000 aa=14.445 se=10.000 so=5.800 ae=-14.445 ao=-7.000 pwm=12 pc=6 hd=-7 y=21.189 yr=48.844 L=0 R=13 OL=0 OR=24 el=0 er=20 ed=-20 dl=0 dr=20 cl=0 cr=0 ok=329 fail=0 vofa=firewater rx=216 txdrop=0
1775035266.8830154,1775035266883015300,12577668194000,HB,71743,49871.0,1,52.967,79.69,0.0,26.0,-26.0,0.0,24.0,0.0,13.0,0.0,26.0,0,0,yaw_jump,HB tick=71743 exp_id=199 t_ms=49871 run=1 ts=20.000 as=13.000 ta=0.000 aa=21.189 se=7.000 so=5.500 ae=-21.189 ao=-7.000 pwm=12 pc=6 hd=-7 y=52.967 yr=79.690 L=0 R=13 OL=0 OR=24 el=0 er=26 ed=-26 dl=0 dr=26 cl=0 cr=0 ok=330 fail=0 vofa=firewater rx=216 txdrop=0
1775035267.0909154,1775035267090915300,12577876092400,HB,71948,50076.0,1,18.671,-6.755,0.0,27.0,-27.0,0.0,23.0,0.0,12.0,0.0,27.0,0,0,yaw_jump,HB tick=71948 exp_id=199 t_ms=50076 run=1 ts=20.000 as=13.500 ta=0.000 aa=52.967 se=6.500 so=5.450 ae=-52.967 ao=-7.000 pwm=11 pc=5 hd=-7 y=18.671 yr=-6.755 L=0 R=12 OL=0 OR=23 el=0 er=27 ed=-27 dl=0 dr=27 cl=0 cr=0 ok=331 fail=0 vofa=firewater rx=216 txdrop=0
1775035267.3087473,1775035267308747200,12578093924400,HB,72173,50301.0,1,-21.829,-67.391,0.0,28.0,-28.0,0.0,23.0,0.0,12.0,0.0,28.0,0,0,yaw_jump,HB tick=72173 exp_id=199 t_ms=50301 run=1 ts=20.000 as=14.000 ta=0.000 aa=18.671 se=6.000 so=5.400 ae=-18.671 ao=-7.000 pwm=11 pc=5 hd=-7 y=-21.829 yr=-67.391 L=0 R=12 OL=0 OR=23 el=0 er=28 ed=-28 dl=0 dr=28 cl=0 cr=0 ok=332 fail=0 vofa=firewater rx=216 txdrop=0
1775035267.507273,1775035267507272900,12578292450900,HB,72368,50496.0,1,-52.406,-98.687,24.0,2.0,22.0,24.0,0.0,13.0,0.0,24.0,2.0,0,0,yaw_jump,HB tick=72368 exp_id=199 t_ms=50496 run=1 ts=20.000 as=13.000 ta=0.000 aa=-21.829 se=7.000 so=5.500 ae=21.829 ao=7.000 pwm=12 pc=6 hd=7 y=-52.406 yr=-98.687 L=13 R=0 OL=24 OR=0 el=24 er=2 ed=22 dl=24 dr=2 cl=0 cr=0 ok=333 fail=0 vofa=firewater rx=216 txdrop=0
1775035267.7165782,1775035267716578400,12578501755700,HB,72573,50701.0,1,-59.116,-75.601,24.0,0.0,24.0,24.0,0.0,13.0,0.0,24.0,0.0,0,0,,HB tick=72573 exp_id=199 t_ms=50701 run=1 ts=20.000 as=12.000 ta=0.000 aa=-52.406 se=8.000 so=5.600 ae=52.406 ao=7.000 pwm=12 pc=6 hd=7 y=-59.116 yr=-75.601 L=13 R=0 OL=24 OR=0 el=24 er=0 ed=24 dl=24 dr=0 cl=0 cr=0 ok=334 fail=0 vofa=firewater rx=216 txdrop=0
1775035267.9262838,1775035267926283800,12578711463000,HB,72782,50910.0,1,-38.091,-13.932,28.0,0.0,28.0,23.0,0.0,12.0,0.0,28.0,0.0,0,0,yaw_jump,HB tick=72782 exp_id=199 t_ms=50910 run=1 ts=20.000 as=14.000 ta=0.000 aa=-59.116 se=6.000 so=5.400 ae=59.116 ao=7.000 pwm=11 pc=5 hd=7 y=-38.091 yr=-13.932 L=12 R=0 OL=23 OR=0 el=28 er=0 ed=28 dl=28 dr=0 cl=0 cr=0 ok=335 fail=0 vofa=firewater rx=216 txdrop=0
1775035268.0822809,1775035268082280900,12578867458400,HB,72943,51071.0,1,-14.177,42.93,28.0,0.0,28.0,23.0,0.0,12.0,0.0,28.0,0.0,0,0,yaw_jump,HB tick=72943 exp_id=199 t_ms=51071 run=1 ts=20.000 as=14.000 ta=0.000 aa=-38.091 se=6.000 so=5.400 ae=38.091 ao=7.000 pwm=11 pc=5 hd=7 y=-14.177 yr=42.930 L=12 R=0 OL=23 OR=0 el=28 er=0 ed=28 dl=28 dr=0 cl=0 cr=0 ok=336 fail=0 vofa=firewater rx=216 txdrop=0
1775035268.3113158,1775035268311315800,12579096493200,HB,73175,51303.0,1,19.97,79.419,30.0,0.0,30.0,23.0,0.0,12.0,0.0,30.0,0.0,0,0,yaw_jump,HB tick=73175 exp_id=199 t_ms=51303 run=1 ts=20.000 as=15.000 ta=0.000 aa=-14.177 se=5.000 so=5.300 ae=14.177 ao=7.000 pwm=11 pc=5 hd=7 y=19.970 yr=79.419 L=12 R=0 OL=23 OR=0 el=30 er=0 ed=30 dl=30 dr=0 cl=0 cr=0 ok=337 fail=0 vofa=firewater rx=216 txdrop=0
1775035268.4778926,1775035268477892500,12579263070000,HB,73340,51468.0,1,49.67,114.623,4.0,24.0,-20.0,0.0,23.0,0.0,12.0,4.0,24.0,0,0,yaw_jump,HB tick=73340 exp_id=199 t_ms=51468 run=1 ts=20.000 as=14.000 ta=0.000 aa=19.970 se=6.000 so=5.400 ae=-19.970 ao=-7.000 pwm=11 pc=5 hd=-7 y=49.670 yr=114.623 L=0 R=12 OL=0 OR=23 el=4 er=24 ed=-20 dl=4 dr=24 cl=0 cr=0 ok=338 fail=0 vofa=firewater rx=216 txdrop=0
1775035268.7170465,1775035268717046500,12579502223600,HB,73572,51700.0,1,73.834,110.959,0.0,22.0,-22.0,0.0,24.0,0.0,13.0,0.0,22.0,0,0,yaw_jump,HB tick=73572 exp_id=199 t_ms=51700 run=1 ts=20.000 as=11.000 ta=0.000 aa=49.670 se=9.000 so=5.700 ae=-49.670 ao=-7.000 pwm=12 pc=6 hd=-7 y=73.834 yr=110.959 L=0 R=13 OL=0 OR=24 el=0 er=22 ed=-22 dl=0 dr=22 cl=0 cr=0 ok=339 fail=0 vofa=firewater rx=216 txdrop=0
1775035268.9363482,1775035268936348100,12579721529000,HB,73798,51926.0,1,42.226,23.173,0.0,27.0,-27.0,0.0,23.0,0.0,12.0,0.0,27.0,0,0,yaw_jump,HB tick=73798 exp_id=199 t_ms=51926 run=1 ts=20.000 as=13.500 ta=0.000 aa=73.834 se=6.500 so=5.450 ae=-73.834 ao=-7.000 pwm=11 pc=5 hd=-7 y=42.226 yr=23.173 L=0 R=12 OL=0 OR=23 el=0 er=27 ed=-27 dl=0 dr=27 cl=0 cr=0 ok=340 fail=0 vofa=firewater rx=216 txdrop=0
1775035269.0917969,1775035269091796900,12579876974200,HB,73954,52082.0,1,35.895,0.858,0.0,28.0,-28.0,0.0,23.0,0.0,12.0,0.0,28.0,0,0,,HB tick=73954 exp_id=199 t_ms=52082 run=1 ts=20.000 as=14.000 ta=0.000 aa=42.226 se=6.000 so=5.400 ae=-42.226 ao=-7.000 pwm=11 pc=5 hd=-7 y=35.895 yr=0.858 L=0 R=12 OL=0 OR=23 el=0 er=28 ed=-28 dl=0 dr=28 cl=0 cr=0 ok=341 fail=0 vofa=firewater rx=216 txdrop=0
1775035269.3212461,1775035269321246300,12580106423800,HB,74186,52314.0,1,5.45,-45.372,0.0,30.0,-30.0,0.0,23.0,0.0,12.0,0.0,30.0,0,0,yaw_jump,HB tick=74186 exp_id=199 t_ms=52314 run=1 ts=20.000 as=15.000 ta=0.000 aa=35.895 se=5.000 so=5.300 ae=-35.895 ao=-7.000 pwm=11 pc=5 hd=-7 y=5.450 yr=-45.372 L=0 R=12 OL=0 OR=23 el=0 er=30 ed=-30 dl=0 dr=30 cl=0 cr=0 ok=342 fail=0 vofa=firewater rx=216 txdrop=0
1775035269.5507712,1775035269550771300,12580335948800,HB,74407,52535.0,1,-34.33,-92.492,0.0,29.0,-29.0,0.0,23.0,0.0,12.0,0.0,29.0,0,0,yaw_jump,HB tick=74407 exp_id=199 t_ms=52535 run=1 ts=20.000 as=14.500 ta=0.000 aa=5.450 se=5.500 so=5.350 ae=-5.450 ao=-7.000 pwm=11 pc=5 hd=-7 y=-34.330 yr=-92.492 L=0 R=12 OL=0 OR=23 el=0 er=29 ed=-29 dl=0 dr=29 cl=0 cr=0 ok=343 fail=0 vofa=firewater rx=216 txdrop=0
1775035269.7483716,1775035269748371600,12580533551800,HB,74607,52735.0,1,-70.33,-123.12,19.0,2.0,17.0,24.0,0.0,13.0,0.0,19.0,2.0,0,0,yaw_jump,HB tick=74607 exp_id=199 t_ms=52735 run=1 ts=20.000 as=10.500 ta=0.000 aa=-34.330 se=9.500 so=5.750 ae=34.330 ao=7.000 pwm=12 pc=6 hd=7 y=-70.330 yr=-123.120 L=13 R=0 OL=24 OR=0 el=19 er=2 ed=17 dl=19 dr=2 cl=0 cr=0 ok=344 fail=0 vofa=firewater rx=216 txdrop=0
1775035269.9473042,1775035269947304200,12580732481400,HB,74812,52940.0,1,-78.786,-94.464,27.0,0.0,27.0,24.0,0.0,13.0,0.0,27.0,0.0,0,0,yaw_jump,HB tick=74812 exp_id=199 t_ms=52940 run=1 ts=20.000 as=13.500 ta=0.000 aa=-70.330 se=6.500 so=5.450 ae=70.330 ao=7.000 pwm=12 pc=6 hd=7 y=-78.786 yr=-94.464 L=13 R=0 OL=24 OR=0 el=27 er=0 ed=27 dl=27 dr=0 cl=0 cr=0 ok=345 fail=0 vofa=firewater rx=216 txdrop=0
1775035270.1547165,1775035270154716500,12580939894700,HB,75021,53149.0,1,-50.247,-13.609,29.0,0.0,29.0,23.0,0.0,12.0,0.0,29.0,0.0,0,0,yaw_jump,HB tick=75021 exp_id=199 t_ms=53149 run=1 ts=20.000 as=14.500 ta=0.000 aa=-78.786 se=5.500 so=5.350 ae=78.786 ao=7.000 pwm=11 pc=5 hd=7 y=-50.247 yr=-13.609 L=12 R=0 OL=23 OR=0 el=29 er=0 ed=29 dl=29 dr=0 cl=0 cr=0 ok=346 fail=0 vofa=firewater rx=216 txdrop=0
1775035270.3631098,1775035270363110000,12581148287400,HB,75226,53353.0,1,-16.236,49.507,30.0,0.0,30.0,23.0,0.0,12.0,0.0,30.0,0.0,0,0,yaw_jump,HB tick=75226 exp_id=199 t_ms=53353 run=1 ts=20.000 as=15.000 ta=0.000 aa=-50.247 se=5.000 so=5.300 ae=50.247 ao=7.000 pwm=11 pc=5 hd=7 y=-16.236 yr=49.507 L=12 R=0 OL=23 OR=0 el=30 er=0 ed=30 dl=30 dr=0 cl=0 cr=0 ok=347 fail=0 vofa=firewater rx=216 txdrop=0
1775035270.5721078,1775035270572107900,12581357286600,HB,75430,53558.0,1,19.984,94.017,30.0,0.0,30.0,23.0,0.0,12.0,0.0,30.0,0.0,0,0,yaw_jump,HB tick=75430 exp_id=199 t_ms=53558 run=1 ts=20.000 as=15.000 ta=0.000 aa=-16.236 se=5.000 so=5.300 ae=16.236 ao=7.000 pwm=11 pc=5 hd=7 y=19.984 yr=94.017 L=12 R=0 OL=23 OR=0 el=30 er=0 ed=30 dl=30 dr=0 cl=0 cr=0 ok=348 fail=0 vofa=firewater rx=216 txdrop=0
1775035270.7949476,1775035270794947500,12581580125100,HB,75656,53784.0,1,60.664,124.111,0.0,22.0,-22.0,0.0,24.0,0.0,13.0,0.0,22.0,0,0,yaw_jump,HB tick=75656 exp_id=199 t_ms=53784 run=1 ts=20.000 as=11.000 ta=0.000 aa=19.984 se=9.000 so=5.700 ae=-19.984 ao=-7.000 pwm=12 pc=6 hd=-7 y=60.664 yr=124.111 L=0 R=13 OL=0 OR=24 el=0 er=22 ed=-22 dl=0 dr=22 cl=0 cr=0 ok=349 fail=0 vofa=firewater rx=216 txdrop=0
1775035271.0149486,1775035271014948700,12581800130000,HB,75872,54000.0,1,45.989,56.894,0.0,25.0,-25.0,0.0,24.0,0.0,13.0,0.0,25.0,0,0,yaw_jump,HB tick=75872 exp_id=199 t_ms=54000 run=1 ts=20.000 as=12.500 ta=0.000 aa=60.664 se=7.500 so=5.550 ae=-60.664 ao=-7.000 pwm=12 pc=6 hd=-7 y=45.989 yr=56.894 L=0 R=13 OL=0 OR=24 el=0 er=25 ed=-25 dl=0 dr=25 cl=0 cr=0 ok=350 fail=0 vofa=firewater rx=216 txdrop=0
1775035271.1614742,1775035271161474200,12581946651700,HB,76028,54156.0,1,39.993,23.529,0.0,28.0,-28.0,0.0,23.0,0.0,12.0,0.0,28.0,0,0,,HB tick=76028 exp_id=199 t_ms=54156 run=1 ts=20.000 as=14.000 ta=0.000 aa=45.989 se=6.000 so=5.400 ae=-45.989 ao=-7.000 pwm=11 pc=5 hd=-7 y=39.993 yr=23.529 L=0 R=12 OL=0 OR=23 el=0 er=28 ed=-28 dl=0 dr=28 cl=0 cr=0 ok=351 fail=0 vofa=firewater rx=216 txdrop=0
1775035271.402396,1775035271402395900,12582187574400,HB,76261,54389.0,1,14.317,-23.275,0.0,27.0,-27.0,0.0,23.0,0.0,12.0,0.0,27.0,0,0,yaw_jump,HB tick=76261 exp_id=199 t_ms=54389 run=1 ts=20.000 as=13.500 ta=0.000 aa=39.993 se=6.500 so=5.450 ae=-39.993 ao=-7.000 pwm=11 pc=5 hd=-7 y=14.317 yr=-23.275 L=0 R=12 OL=0 OR=23 el=0 er=27 ed=-27 dl=0 dr=27 cl=0 cr=0 ok=352 fail=0 vofa=firewater rx=216 txdrop=0
1775035271.6098547,1775035271609854800,12582395032000,HB,76466,54594.0,1,-22.583,-78.129,0.0,28.0,-28.0,0.0,23.0,0.0,12.0,0.0,28.0,0,0,yaw_jump,HB tick=76466 exp_id=199 t_ms=54594 run=1 ts=20.000 as=14.000 ta=0.000 aa=14.317 se=6.000 so=5.400 ae=-14.317 ao=-7.000 pwm=11 pc=5 hd=-7 y=-22.583 yr=-78.129 L=0 R=12 OL=0 OR=23 el=0 er=28 ed=-28 dl=0 dr=28 cl=0 cr=0 ok=353 fail=0 vofa=firewater rx=216 txdrop=0
1775035271.8064313,1775035271806431300,12582591608400,HB,76670,54798.0,1,-59.303,-113.784,18.0,2.0,16.0,24.0,0.0,13.0,0.0,18.0,2.0,0,0,yaw_jump,HB tick=76670 exp_id=199 t_ms=54798 run=1 ts=20.000 as=10.000 ta=0.000 aa=-22.583 se=10.000 so=5.800 ae=22.583 ao=7.000 pwm=12 pc=6 hd=7 y=-59.303 yr=-113.784 L=13 R=0 OL=24 OR=0 el=18 er=2 ed=16 dl=18 dr=2 cl=0 cr=0 ok=354 fail=0 vofa=firewater rx=216 txdrop=0
1775035272.0358136,1775035272035813700,12582820991000,HB,76896,55024.0,1,-40.563,-44.938,27.0,0.0,27.0,23.0,0.0,12.0,0.0,27.0,0.0,0,0,yaw_jump,HB tick=76896 exp_id=199 t_ms=55024 run=1 ts=20.000 as=13.500 ta=0.000 aa=-59.303 se=6.500 so=5.450 ae=59.303 ao=7.000 pwm=11 pc=5 hd=7 y=-40.563 yr=-44.938 L=12 R=0 OL=23 OR=0 el=27 er=0 ed=27 dl=27 dr=0 cl=0 cr=0 ok=355 fail=0 vofa=firewater rx=216 txdrop=0
1775035272.2342248,1775035272234224900,12583019402200,HB,77096,55224.0,1,-30.663,-11.885,30.0,0.0,30.0,23.0,0.0,12.0,0.0,30.0,0.0,0,0,yaw_jump,HB tick=77096 exp_id=199 t_ms=55224 run=1 ts=20.000 as=15.000 ta=0.000 aa=-40.563 se=5.000 so=5.300 ae=40.563 ao=7.000 pwm=11 pc=5 hd=7 y=-30.663 yr=-11.885 L=12 R=0 OL=23 OR=0 el=30 er=0 ed=30 dl=30 dr=0 cl=0 cr=0 ok=356 fail=0 vofa=firewater rx=216 txdrop=0
1775035272.4423883,1775035272442388100,12583227565300,HB,77300,55428.0,1,3.95,51.66,29.0,0.0,29.0,23.0,0.0,12.0,0.0,29.0,0.0,0,0,yaw_jump,HB tick=77300 exp_id=199 t_ms=55428 run=1 ts=20.000 as=14.500 ta=0.000 aa=-30.663 se=5.500 so=5.350 ae=30.663 ao=7.000 pwm=11 pc=5 hd=7 y=3.950 yr=51.660 L=12 R=0 OL=23 OR=0 el=29 er=0 ed=29 dl=29 dr=0 cl=0 cr=0 ok=357 fail=0 vofa=firewater rx=216 txdrop=0
1775035272.6390564,1775035272639056500,12583424235800,HB,77505,55633.0,1,39.134,93.65,2.0,17.0,-15.0,0.0,24.0,0.0,13.0,2.0,17.0,0,0,yaw_jump,HB tick=77505 exp_id=199 t_ms=55633 run=1 ts=20.000 as=9.500 ta=0.000 aa=3.950 se=10.500 so=5.850 ae=-3.950 ao=-7.000 pwm=12 pc=6 hd=-7 y=39.134 yr=93.650 L=0 R=13 OL=0 OR=24 el=2 er=17 ed=-15 dl=2 dr=17 cl=0 cr=0 ok=358 fail=0 vofa=firewater rx=216 txdrop=0
1775035272.8051224,1775035272805122400,12583590300700,HB,77666,55794.0,1,46.919,77.795,0.0,25.0,-25.0,0.0,24.0,0.0,13.0,0.0,25.0,0,0,,HB tick=77666 exp_id=199 t_ms=55794 run=1 ts=20.000 as=12.500 ta=0.000 aa=39.134 se=7.500 so=5.550 ae=-39.134 ao=-7.000 pwm=12 pc=6 hd=-7 y=46.919 yr=77.795 L=0 R=13 OL=0 OR=24 el=0 er=25 ed=-25 dl=0 dr=25 cl=0 cr=0 ok=359 fail=0 vofa=firewater rx=216 txdrop=0
1775035273.0444942,1775035273044494200,12583829672600,HB,77899,56027.0,1,25.212,17.961,0.0,28.0,-28.0,0.0,23.0,0.0,12.0,0.0,28.0,0,0,yaw_jump,HB tick=77899 exp_id=199 t_ms=56027 run=1 ts=20.000 as=14.000 ta=0.000 aa=46.919 se=6.000 so=5.400 ae=-46.919 ao=-7.000 pwm=11 pc=5 hd=-7 y=25.212 yr=17.961 L=0 R=12 OL=0 OR=23 el=0 er=28 ed=-28 dl=0 dr=28 cl=0 cr=0 ok=360 fail=0 vofa=firewater rx=216 txdrop=0
1775035273.2429507,1775035273242950700,12584028128000,HB,78103,56231.0,1,-11.508,-51.325,0.0,30.0,-30.0,0.0,23.0,0.0,12.0,0.0,30.0,0,0,yaw_jump,HB tick=78103 exp_id=199 t_ms=56231 run=1 ts=20.000 as=15.000 ta=0.000 aa=25.212 se=5.000 so=5.300 ae=-25.212 ao=-7.000 pwm=11 pc=5 hd=-7 y=-11.508 yr=-51.325 L=0 R=12 OL=0 OR=23 el=0 er=30 ed=-30 dl=0 dr=30 cl=0 cr=0 ok=361 fail=0 vofa=firewater rx=216 txdrop=0
1775035273.4517844,1775035273451784400,12584236962300,HB,78307,56435.0,1,-48.228,-96.361,18.0,2.0,16.0,24.0,0.0,13.0,0.0,18.0,2.0,0,0,yaw_jump,HB tick=78307 exp_id=199 t_ms=56435 run=1 ts=20.000 as=10.000 ta=0.000 aa=-11.508 se=10.000 so=5.800 ae=11.508 ao=7.000 pwm=12 pc=6 hd=7 y=-48.228 yr=-96.361 L=13 R=0 OL=24 OR=0 el=18 er=2 ed=16 dl=18 dr=2 cl=0 cr=0 ok=362 fail=0 vofa=firewater rx=216 txdrop=0
1775035273.6075115,1775035273607511600,12584392688900,HB,78468,56596.0,1,-56.074,-79.692,25.0,0.0,25.0,24.0,0.0,13.0,0.0,25.0,0.0,0,0,,HB tick=78468 exp_id=199 t_ms=56596 run=1 ts=20.000 as=12.500 ta=0.000 aa=-48.228 se=7.500 so=5.550 ae=48.228 ao=7.000 pwm=12 pc=6 hd=7 y=-56.074 yr=-79.692 L=13 R=0 OL=24 OR=0 el=25 er=0 ed=25 dl=25 dr=0 cl=0 cr=0 ok=363 fail=0 vofa=firewater rx=216 txdrop=0
1775035273.7941077,1775035273794107700,12584579286400,HB,78657,56785.0,1,-52.742,-45.63,29.0,0.0,29.0,23.0,0.0,12.0,0.0,29.0,0.0,0,0,,HB tick=78657 exp_id=199 t_ms=56785 run=1 ts=20.000 as=14.500 ta=0.000 aa=-56.074 se=5.500 so=5.350 ae=56.074 ao=7.000 pwm=11 pc=5 hd=7 y=-52.742 yr=-45.630 L=12 R=0 OL=23 OR=0 el=29 er=0 ed=29 dl=29 dr=0 cl=0 cr=0 ok=364 fail=0 vofa=firewater rx=216 txdrop=0
1775035274.0319774,1775035274031977500,12584817154800,HB,78889,57017.0,1,-10.982,33.34,29.0,0.0,29.0,23.0,0.0,12.0,0.0,29.0,0.0,0,0,yaw_jump,HB tick=78889 exp_id=199 t_ms=57017 run=1 ts=20.000 as=14.500 ta=0.000 aa=-52.742 se=5.500 so=5.350 ae=52.742 ao=7.000 pwm=11 pc=5 hd=7 y=-10.982 yr=33.340 L=12 R=0 OL=23 OR=0 el=29 er=0 ed=29 dl=29 dr=0 cl=0 cr=0 ok=365 fail=0 vofa=firewater rx=216 txdrop=0
1775035274.2388914,1775035274238891200,12585024070400,HB,79099,57226.0,1,26.638,84.671,30.0,0.0,30.0,0.0,23.0,0.0,12.0,30.0,0.0,0,0,right_output_without_encoder|yaw_jump,HB tick=79099 exp_id=199 t_ms=57226 run=1 ts=20.000 as=15.000 ta=0.000 aa=26.638 se=5.000 so=5.300 ae=-26.638 ao=-7.000 pwm=11 pc=5 hd=-7 y=26.638 yr=84.671 L=0 R=12 OL=0 OR=23 el=30 er=0 ed=30 dl=30 dr=0 cl=0 cr=0 ok=366 fail=0 vofa=firewater rx=216 txdrop=0
1775035274.445202,1775035274445202200,12585230381900,HB,79304,57432.0,1,63.718,118.036,1.0,21.0,-20.0,0.0,24.0,0.0,13.0,1.0,21.0,0,0,yaw_jump,HB tick=79304 exp_id=199 t_ms=57432 run=1 ts=20.000 as=11.000 ta=0.000 aa=26.638 se=9.000 so=5.700 ae=-26.638 ao=-7.000 pwm=12 pc=6 hd=-7 y=63.718 yr=118.036 L=0 R=13 OL=0 OR=24 el=1 er=21 ed=-20 dl=1 dr=21 cl=0 cr=0 ok=367 fail=0 vofa=firewater rx=216 txdrop=0
1775035274.6438963,1775035274643896400,12585429073800,HB,79509,57637.0,1,86.154,115.029,0.0,24.0,-24.0,0.0,24.0,0.0,13.0,0.0,24.0,0,0,yaw_jump,HB tick=79509 exp_id=199 t_ms=57637 run=1 ts=20.000 as=12.000 ta=0.000 aa=63.718 se=8.000 so=5.600 ae=-63.718 ao=-7.000 pwm=12 pc=6 hd=-7 y=86.154 yr=115.029 L=0 R=13 OL=0 OR=24 el=0 er=24 ed=-24 dl=0 dr=24 cl=0 cr=0 ok=368 fail=0 vofa=firewater rx=216 txdrop=0
1775035274.8526094,1775035274852609200,12585637786900,HB,79713,57841.0,1,65.013,38.498,0.0,27.0,-27.0,0.0,23.0,0.0,12.0,0.0,27.0,0,0,yaw_jump,HB tick=79713 exp_id=199 t_ms=57841 run=1 ts=20.000 as=13.500 ta=0.000 aa=86.154 se=6.500 so=5.450 ae=-86.154 ao=-7.000 pwm=11 pc=5 hd=-7 y=65.013 yr=38.498 L=0 R=12 OL=0 OR=23 el=0 er=27 ed=-27 dl=0 dr=27 cl=0 cr=0 ok=369 fail=0 vofa=firewater rx=216 txdrop=0
1775035275.0597422,1775035275059742100,12585844919400,HB,79922,58050.0,1,30.138,-33.38,0.0,29.0,-29.0,0.0,23.0,0.0,12.0,0.0,29.0,0,0,yaw_jump,HB tick=79922 exp_id=199 t_ms=58050 run=1 ts=20.000 as=14.500 ta=0.000 aa=65.013 se=5.500 so=5.350 ae=-65.013 ao=-7.000 pwm=11 pc=5 hd=-7 y=30.138 yr=-33.380 L=0 R=12 OL=0 OR=23 el=0 er=29 ed=-29 dl=0 dr=29 cl=0 cr=0 ok=370 fail=0 vofa=firewater rx=216 txdrop=0
1775035275.216221,1775035275216221100,12586001398800,HB,80082,58210.0,1,2.618,-81.897,0.0,28.0,-28.0,0.0,23.0,0.0,12.0,0.0,28.0,0,0,yaw_jump,HB tick=80082 exp_id=199 t_ms=58210 run=1 ts=20.000 as=14.000 ta=0.000 aa=30.138 se=6.000 so=5.400 ae=-30.138 ao=-7.000 pwm=11 pc=5 hd=-7 y=2.618 yr=-81.897 L=0 R=12 OL=0 OR=23 el=0 er=28 ed=-28 dl=0 dr=28 cl=0 cr=0 ok=371 fail=0 vofa=firewater rx=216 txdrop=0
1775035275.4552732,1775035275455273300,12586240450300,HB,80314,58442.0,1,-32.565,-106.31,0.0,29.0,-29.0,0.0,23.0,0.0,12.0,0.0,29.0,0,0,yaw_jump,HB tick=80314 exp_id=199 t_ms=58442 run=1 ts=20.000 as=14.500 ta=0.000 aa=2.618 se=5.500 so=5.350 ae=-2.618 ao=-7.000 pwm=11 pc=5 hd=-7 y=-32.565 yr=-106.310 L=0 R=12 OL=0 OR=23 el=0 er=29 ed=-29 dl=0 dr=29 cl=0 cr=0 ok=372 fail=0 vofa=firewater rx=216 txdrop=0
1775035275.6530914,1775035275653091200,12586438268700,HB,80519,58647.0,1,-69.465,-132.102,18.0,2.0,16.0,24.0,0.0,13.0,0.0,18.0,2.0,0,0,yaw_jump,HB tick=80519 exp_id=199 t_ms=58647 run=1 ts=20.000 as=10.000 ta=0.000 aa=-32.565 se=10.000 so=5.800 ae=32.565 ao=7.000 pwm=12 pc=6 hd=7 y=-69.465 yr=-132.102 L=13 R=0 OL=24 OR=0 el=18 er=2 ed=16 dl=18 dr=2 cl=0 cr=0 ok=373 fail=0 vofa=firewater rx=216 txdrop=0
1775035275.8202186,1775035275820218700,12586605396400,HB,80680,58808.0,1,-80.811,-110.532,25.0,0.0,25.0,24.0,0.0,13.0,0.0,25.0,0.0,0,0,yaw_jump,HB tick=80680 exp_id=199 t_ms=58808 run=1 ts=20.000 as=12.500 ta=0.000 aa=-69.465 se=7.500 so=5.550 ae=69.465 ao=7.000 pwm=12 pc=6 hd=7 y=-80.811 yr=-110.532 L=13 R=0 OL=24 OR=0 el=25 er=0 ed=25 dl=25 dr=0 cl=0 cr=0 ok=374 fail=0 vofa=firewater rx=216 txdrop=0
1775035276.049613,1775035276049613000,12586834790400,HB,80911,59039.0,1,-57.548,-36.598,28.0,0.0,28.0,23.0,0.0,12.0,0.0,28.0,0.0,0,0,yaw_jump,HB tick=80911 exp_id=199 t_ms=59039 run=1 ts=20.000 as=14.000 ta=0.000 aa=-80.811 se=6.000 so=5.400 ae=80.811 ao=7.000 pwm=11 pc=5 hd=7 y=-57.548 yr=-36.598 L=12 R=0 OL=23 OR=0 el=28 er=0 ed=28 dl=28 dr=0 cl=0 cr=0 ok=375 fail=0 vofa=firewater rx=216 txdrop=0
1775035276.217148,1775035276217148100,12587002325600,HB,81076,59204.0,1,-28.161,38.547,29.0,0.0,29.0,23.0,0.0,12.0,0.0,29.0,0.0,0,0,yaw_jump,HB tick=81076 exp_id=199 t_ms=59204 run=1 ts=20.000 as=14.500 ta=0.000 aa=-57.548 se=5.500 so=5.350 ae=57.548 ao=7.000 pwm=11 pc=5 hd=7 y=-28.161 yr=38.547 L=12 R=0 OL=23 OR=0 el=29 er=0 ed=29 dl=29 dr=0 cl=0 cr=0 ok=376 fail=0 vofa=firewater rx=216 txdrop=0
1775035276.4465284,1775035276446528400,12587231705700,HB,81308,59436.0,1,10.588,83.512,29.0,0.0,29.0,23.0,0.0,12.0,0.0,29.0,0.0,0,0,yaw_jump,HB tick=81308 exp_id=199 t_ms=59436 run=1 ts=20.000 as=14.500 ta=0.000 aa=-28.161 se=5.500 so=5.350 ae=28.161 ao=7.000 pwm=11 pc=5 hd=7 y=10.588 yr=83.512 L=12 R=0 OL=23 OR=0 el=29 er=0 ed=29 dl=29 dr=0 cl=0 cr=0 ok=377 fail=0 vofa=firewater rx=216 txdrop=0
1775035276.683315,1775035276683314900,12587468492800,HB,81545,59673.0,1,53.248,117.283,1.0,19.0,-18.0,0.0,24.0,0.0,13.0,1.0,19.0,0,0,yaw_jump,HB tick=81545 exp_id=199 t_ms=59673 run=1 ts=20.000 as=10.000 ta=0.000 aa=10.588 se=10.000 so=5.800 ae=-10.588 ao=-7.000 pwm=12 pc=6 hd=-7 y=53.248 yr=117.283 L=0 R=13 OL=0 OR=24 el=1 er=19 ed=-18 dl=1 dr=19 cl=0 cr=0 ok=378 fail=0 vofa=firewater rx=216 txdrop=0
1775035276.881106,1775035276881105800,12587666284200,HB,81741,59869.0,1,52.53,74.953,0.0,26.0,-26.0,0.0,23.0,0.0,12.0,0.0,26.0,0,0,,HB tick=81741 exp_id=199 t_ms=59869 run=1 ts=20.000 as=13.000 ta=0.000 aa=53.248 se=7.000 so=5.500 ae=-53.248 ao=-7.000 pwm=11 pc=5 hd=-7 y=52.530 yr=74.953 L=0 R=12 OL=0 OR=23 el=0 er=26 ed=-26 dl=0 dr=26 cl=0 cr=0 ok=379 fail=0 vofa=firewater rx=216 txdrop=0
1775035277.09,1775035277089999900,12587875177200,HB,81946,60074.0,1,28.703,8.038,0.0,28.0,-28.0,0.0,23.0,0.0,12.0,0.0,28.0,0,0,yaw_jump,HB tick=81946 exp_id=199 t_ms=60074 run=1 ts=20.000 as=14.000 ta=0.000 aa=52.530 se=6.000 so=5.400 ae=-52.530 ao=-7.000 pwm=11 pc=5 hd=-7 y=28.703 yr=8.038 L=0 R=12 OL=0 OR=23 el=0 er=28 ed=-28 dl=0 dr=28 cl=0 cr=0 ok=380 fail=0 vofa=firewater rx=216 txdrop=0
1775035288.563897,1775035288563896800,12599349073900,HB,93273,0.0,0,-35.486,-0.001,0.0,0.0,0.0,0.0,0.0,0.0,0.0,0.0,0.0,0,0,,HB tick=93273 run=0 ts=0.000 as=0.000 ta=0.000 aa=0.000 se=0.000 so=0.000 ae=0.000 ao=0.000 pwm=0 pc=0 hd=0 y=-35.486 yr=-0.001 L=0 R=0 OL=0 OR=0 el=0 er=0 ed=0 dl=0 dr=0 cl=0 cr=0 ok=381 fail=0 vofa=firewater rx=272 txdrop=12800
1775035288.647839,1775035288647839000,12599433021100,HB,93508,0.0,0,-35.486,-0.0,0.0,0.0,0.0,0.0,0.0,0.0,0.0,0.0,0.0,0,0,,HB tick=93508 run=0 ts=0.000 as=0.000 ta=0.000 aa=0.000 se=0.000 so=0.000 ae=0.000 ao=0.000 pwm=0 pc=0 hd=0 y=-35.486 yr=-0.000 L=0 R=0 OL=0 OR=0 el=0 er=0 ed=0 dl=0 dr=0 cl=0 cr=0 ok=382 fail=0 vofa=firewater rx=272 txdrop=12800
1775035288.8454118,1775035288845411900,12599630590700,HB,93711,0.0,0,-35.486,-0.0,0.0,0.0,0.0,0.0,0.0,0.0,0.0,0.0,0.0,0,0,,HB tick=93711 run=0 ts=0.000 as=0.000 ta=0.000 aa=0.000 se=0.000 so=0.000 ae=0.000 ao=0.000 pwm=0 pc=0 hd=0 y=-35.486 yr=-0.000 L=0 R=0 OL=0 OR=0 el=0 er=0 ed=0 dl=0 dr=0 cl=0 cr=0 ok=383 fail=0 vofa=firewater rx=272 txdrop=12800
1775035289.1880772,1775035289188077400,12599973254600,HB,94055,0.0,0,-35.486,-0.0,0.0,0.0,0.0,0.0,0.0,0.0,0.0,0.0,0.0,0,0,,HB tick=94055 run=0 ts=0.000 as=0.000 ta=0.000 aa=0.000 se=0.000 so=0.000 ae=0.000 ao=0.000 pwm=0 pc=0 hd=0 y=-35.486 yr=-0.000 L=0 R=0 OL=0 OR=0 el=0 er=0 ed=0 dl=0 dr=0 cl=0 cr=0 ok=384 fail=0 vofa=firewater rx=272 txdrop=12800
1775035289.4373872,1775035289437387200,12600222564600,HB,94286,0.0,0,-35.486,-0.0,0.0,0.0,0.0,0.0,0.0,0.0,0.0,0.0,0.0,0,0,,HB tick=94286 run=0 ts=0.000 as=0.000 ta=0.000 aa=0.000 se=0.000 so=0.000 ae=0.000 ao=0.000 pwm=0 pc=0 hd=0 y=-35.486 yr=-0.000 L=0 R=0 OL=0 OR=0 el=0 er=0 ed=0 dl=0 dr=0 cl=0 cr=0 ok=385 fail=0 vofa=firewater rx=272 txdrop=12800
1775035289.7703204,1775035289770320400,12600555497800,HB,94635,0.0,0,-35.486,-0.0,0.0,0.0,0.0,0.0,0.0,0.0,0.0,0.0,0.0,0,0,,HB tick=94635 run=0 ts=0.000 as=0.000 ta=0.000 aa=0.000 se=0.000 so=0.000 ae=0.000 ao=0.000 pwm=0 pc=0 hd=0 y=-35.486 yr=-0.000 L=0 R=0 OL=0 OR=0 el=0 er=0 ed=0 dl=0 dr=0 cl=0 cr=0 ok=386 fail=0 vofa=firewater rx=272 txdrop=12800
1775035289.9984772,1775035289998477200,12600783655100,HB,94866,0.0,0,-35.485,0.002,0.0,0.0,0.0,0.0,0.0,0.0,0.0,0.0,0.0,0,0,,HB tick=94866 run=0 ts=0.000 as=0.000 ta=0.000 aa=0.000 se=0.000 so=0.000 ae=0.000 ao=0.000 pwm=0 pc=0 hd=0 y=-35.485 yr=0.002 L=0 R=0 OL=0 OR=0 el=0 er=0 ed=0 dl=0 dr=0 cl=0 cr=0 ok=387 fail=0 vofa=firewater rx=272 txdrop=12800
1775035290.2067447,1775035290206744500,12600991921900,HB,95073,0.0,0,-35.485,0.001,0.0,0.0,0.0,0.0,0.0,0.0,0.0,0.0,0.0,0,0,,HB tick=95073 run=0 ts=0.000 as=0.000 ta=0.000 aa=0.000 se=0.000 so=0.000 ae=0.000 ao=0.000 pwm=0 pc=0 hd=0 y=-35.485 yr=0.001 L=0 R=0 OL=0 OR=0 el=0 er=0 ed=0 dl=0 dr=0 cl=0 cr=0 ok=388 fail=0 vofa=firewater rx=272 txdrop=12800
1775035290.4044442,1775035290404444100,12601189621500,HB,95276,0.0,0,-35.485,0.001,0.0,0.0,0.0,0.0,0.0,0.0,0.0,0.0,0.0,0,0,,HB tick=95276 run=0 ts=0.000 as=0.000 ta=0.000 aa=0.000 se=0.000 so=0.000 ae=0.000 ao=0.000 pwm=0 pc=0 hd=0 y=-35.485 yr=0.001 L=0 R=0 OL=0 OR=0 el=0 er=0 ed=0 dl=0 dr=0 cl=0 cr=0 ok=389 fail=0 vofa=firewater rx=272 txdrop=12800
1775035290.6327307,1775035290632730600,12601417908800,HB,95480,0.0,0,-35.486,-0.002,0.0,0.0,0.0,0.0,0.0,0.0,0.0,0.0,0.0,0,0,,HB tick=95480 run=0 ts=0.000 as=0.000 ta=0.000 aa=0.000 se=0.000 so=0.000 ae=0.000 ao=0.000 pwm=0 pc=0 hd=0 y=-35.486 yr=-0.002 L=0 R=0 OL=0 OR=0 el=0 er=0 ed=0 dl=0 dr=0 cl=0 cr=0 ok=390 fail=0 vofa=firewater rx=272 txdrop=12800
1775035290.8200521,1775035290820052200,12601605229600,HB,95684,0.0,0,-35.493,-0.013,0.0,0.0,0.0,0.0,0.0,0.0,0.0,0.0,0.0,0,0,,HB tick=95684 run=0 ts=0.000 as=0.000 ta=0.000 aa=0.000 se=0.000 so=0.000 ae=0.000 ao=0.000 pwm=0 pc=0 hd=0 y=-35.493 yr=-0.013 L=0 R=0 OL=0 OR=0 el=0 er=0 ed=0 dl=0 dr=0 cl=0 cr=0 ok=391 fail=0 vofa=firewater rx=272 txdrop=12800
1775035291.0287478,1775035291028747800,12601813924900,HB,95891,0.0,0,-35.494,-0.01,0.0,0.0,0.0,0.0,0.0,0.0,0.0,0.0,0.0,0,0,,HB tick=95891 run=0 ts=0.000 as=0.000 ta=0.000 aa=0.000 se=0.000 so=0.000 ae=0.000 ao=0.000 pwm=0 pc=0 hd=0 y=-35.494 yr=-0.010 L=0 R=0 OL=0 OR=0 el=0 er=0 ed=0 dl=0 dr=0 cl=0 cr=0 ok=392 fail=0 vofa=firewater rx=272 txdrop=12800
