host_time_s,host_time_ns,host_monotonic_ns,source,tick,t_ms,run,yaw,yaw_rate,left_encoder,right_encoder,encoder_diff,left_output,right_output,left_core,right_core,raw_left_delta,raw_right_delta,left_clamped,right_clamped,anomaly_flags,raw_line
1775028288.8775861,1775028288877586300,5599662764000,HB,11131,0.0,0,-1.272,-0.344,0.0,0.0,0.0,0.0,0.0,0.0,0.0,0.0,0.0,0,0,,HB tick=11131 run=0 spd=1 ts=0.000 as=0.000 ta=0.000 aa=0.000 se=0.000 so=0.000 ae=0.000 ao=0.000 pwm=0 pc=0 hd=0 y=-1.272 yr=-0.344 L=0 R=0 OL=0 OR=0 el=0 er=0 ed=0 dl=0 dr=0 cl=0 cr=0 ok=44 fail=0 vofa=firewater rx=0 txdrop=0
1775028288.8775861,1775028288877586302,5599662764002,HB,11363,0.0,0,-1.265,-0.213,0.0,0.0,0.0,0.0,0.0,0.0,0.0,0.0,0.0,0,0,,HB tick=11363 run=0 spd=1 ts=0.000 as=0.000 ta=0.000 aa=0.000 se=0.000 so=0.000 ae=0.000 ao=0.000 pwm=0 pc=0 hd=0 y=-1.265 yr=-0.213 L=0 R=0 OL=0 OR=0 el=0 er=0 ed=0 dl=0 dr=0 cl=0 cr=0 ok=45 fail=0 vofa=firewater rx=0 txdrop=0
1775028288.8775861,1775028288877586303,5599662764003,HB,11566,0.0,0,-1.286,-0.174,0.0,0.0,0.0,0.0,0.0,0.0,0.0,0.0,0.0,0,0,,HB tick=11566 run=0 spd=1 ts=0.000 as=0.000 ta=0.000 aa=0.000 se=0.000 so=0.000 ae=0.000 ao=0.000 pwm=0 pc=0 hd=0 y=-1.286 yr=-0.174 L=0 R=0 OL=0 OR=0 el=0 er=0 ed=0 dl=0 dr=0 cl=0 cr=0 ok=46 fail=0 vofa=firewater rx=0 txdrop=0
1775028288.8775864,1775028288877586304,5599662764004,HB,11955,0.0,0,-1.047,0.306,0.0,0.0,0.0,0.0,0.0,0.0,0.0,0.0,0.0,0,0,,HB tick=11955 run=0 spd=1 ts=0.000 as=0.000 ta=0.000 aa=0.000 se=0.000 so=0.000 ae=0.000 ao=0.000 pwm=0 pc=0 hd=0 y=-1.047 yr=0.306 L=0 R=0 OL=0 OR=0 el=0 er=0 ed=0 dl=0 dr=0 cl=0 cr=0 ok=47 fail=0 vofa=firewater rx=0 txdrop=0
1775028289.0323799,1775028289032379900,5599817557100,HB,12158,0.0,0,-1.227,-0.111,0.0,0.0,0.0,0.0,0.0,0.0,0.0,0.0,0.0,0,0,,HB tick=12158 run=0 spd=1 ts=0.000 as=0.000 ta=0.000 aa=0.000 se=0.000 so=0.000 ae=0.000 ao=0.000 pwm=0 pc=0 hd=0 y=-1.227 yr=-0.111 L=0 R=0 OL=0 OR=0 el=0 er=0 ed=0 dl=0 dr=0 cl=0 cr=0 ok=48 fail=0 vofa=firewater rx=0 txdrop=0
1775028289.239438,1775028289239438100,5600024615100,HB,12361,0.0,0,6.671,13.544,0.0,0.0,0.0,0.0,0.0,0.0,0.0,0.0,0.0,0,0,,HB tick=12361 run=0 spd=1 ts=0.000 as=0.000 ta=0.000 aa=0.000 se=0.000 so=0.000 ae=0.000 ao=0.000 pwm=0 pc=0 hd=0 y=6.671 yr=13.544 L=0 R=0 OL=0 OR=0 el=0 er=0 ed=0 dl=0 dr=0 cl=0 cr=0 ok=49 fail=0 vofa=firewater rx=0 txdrop=0
1775028289.3964567,1775028289396456800,5600181634000,STAT,12504,0.0,0,6.671042,13.544461,0.0,0.0,0.0,0.0,0.0,0.0,0.0,0.0,0.0,0,0,,STAT tick=12504 run=0 spd=1 ts=0.000000 as=0.000000 ta=0.000000 aa=0.000000 se=0.000000 so=0.000000 ae=0.000000 ao=0.000000 pwm=0 pc=0 hd=0 y=6.671042 p=7.694674 r=1.040216 yr=13.544461 ax=0 ay=0 az=0 gx=0 gy=0 gz=0 who=0x85 addr=0x4A icm_ok=62 icm_fail=0 L=0 R=0 OL=0 OR=0 el=0 er=0 ed=0 dl=0 dr=0 cl=0 cr=0 skp=0.100000 ski=0.012000 skd=0.000000 akp=0.240000 aki=0.002400 akd=0.050000 ok=50 fail=0 vofa=firewater rx=6 txdrop=0
1775028289.4591706,1775028289459170500,5600244347500,HB,12567,0.0,0,17.016,26.466,0.0,0.0,0.0,0.0,0.0,0.0,0.0,0.0,0.0,0,0,yaw_jump,HB tick=12567 run=0 spd=1 ts=0.000 as=0.000 ta=0.000 aa=0.000 se=0.000 so=0.000 ae=0.000 ao=0.000 pwm=0 pc=0 hd=0 y=17.016 yr=26.466 L=0 R=0 OL=0 OR=0 el=0 er=0 ed=0 dl=0 dr=0 cl=0 cr=0 ok=50 fail=0 vofa=firewater rx=6 txdrop=0
1775028289.6563342,1775028289656334100,5600441511200,HB,12771,0.0,0,27.723,35.483,0.0,0.0,0.0,0.0,0.0,0.0,0.0,0.0,0.0,0,0,yaw_jump,HB tick=12771 run=0 spd=1 ts=0.000 as=0.000 ta=0.000 aa=0.000 se=0.000 so=0.000 ae=0.000 ao=0.000 pwm=0 pc=0 hd=0 y=27.723 yr=35.483 L=0 R=0 OL=0 OR=0 el=0 er=0 ed=0 dl=0 dr=0 cl=0 cr=0 ok=51 fail=0 vofa=firewater rx=6 txdrop=0
1775028289.8536665,1775028289853666500,5600638843900,HB,12978,0.0,0,32.829,31.698,0.0,0.0,0.0,0.0,0.0,0.0,0.0,0.0,0.0,0,0,,HB tick=12978 run=0 spd=1 ts=0.000 as=0.000 ta=0.000 aa=0.000 se=0.000 so=0.000 ae=0.000 ao=0.000 pwm=0 pc=0 hd=0 y=32.829 yr=31.698 L=0 R=0 OL=0 OR=0 el=0 er=0 ed=0 dl=0 dr=0 cl=0 cr=0 ok=52 fail=0 vofa=firewater rx=6 txdrop=0
1775028290.061701,1775028290061701000,5600846878100,HB,13182,0.0,0,33.299,21.41,0.0,0.0,0.0,0.0,0.0,0.0,0.0,0.0,0.0,0,0,,HB tick=13182 run=0 spd=1 ts=0.000 as=0.000 ta=0.000 aa=0.000 se=0.000 so=0.000 ae=0.000 ao=0.000 pwm=0 pc=0 hd=0 y=33.299 yr=21.410 L=0 R=0 OL=0 OR=0 el=0 er=0 ed=0 dl=0 dr=0 cl=0 cr=0 ok=53 fail=0 vofa=firewater rx=6 txdrop=0
1775028290.2613828,1775028290261382900,5601046560100,HB,13384,0.0,0,35.734,18.136,0.0,0.0,0.0,0.0,0.0,0.0,0.0,0.0,0.0,0,0,,HB tick=13384 run=0 spd=1 ts=0.000 as=0.000 ta=0.000 aa=0.000 se=0.000 so=0.000 ae=0.000 ao=0.000 pwm=0 pc=0 hd=0 y=35.734 yr=18.136 L=0 R=0 OL=0 OR=0 el=0 er=0 ed=0 dl=0 dr=0 cl=0 cr=0 ok=54 fail=0 vofa=firewater rx=6 txdrop=0
1775028290.4798574,1775028290479857300,5601265034800,HB,13588,0.0,0,38.18,16.004,0.0,0.0,0.0,0.0,0.0,0.0,0.0,0.0,0.0,0,0,,HB tick=13588 run=0 spd=1 ts=0.000 as=0.000 ta=0.000 aa=0.000 se=0.000 so=0.000 ae=0.000 ao=0.000 pwm=0 pc=0 hd=0 y=38.180 yr=16.004 L=0 R=0 OL=0 OR=0 el=0 er=0 ed=0 dl=0 dr=0 cl=0 cr=0 ok=55 fail=0 vofa=firewater rx=6 txdrop=0
1775028290.6893382,1775028290689338200,5601474515600,HB,13813,0.0,0,30.18,-1.986,0.0,0.0,0.0,0.0,0.0,0.0,0.0,0.0,0.0,0,0,yaw_jump,HB tick=13813 run=0 spd=1 ts=0.000 as=0.000 ta=0.000 aa=0.000 se=0.000 so=0.000 ae=0.000 ao=0.000 pwm=0 pc=0 hd=0 y=30.180 yr=-1.986 L=0 R=0 OL=0 OR=0 el=0 er=0 ed=0 dl=0 dr=0 cl=0 cr=0 ok=56 fail=0 vofa=firewater rx=6 txdrop=0
1775028291.4148054,1775028291414805500,5602199982700,HB,14540,0.0,0,15.21,-20.926,0.0,0.0,0.0,0.0,0.0,0.0,0.0,0.0,0.0,0,0,yaw_jump,HB tick=14540 run=0 spd=1 ts=0.000 as=0.000 ta=0.000 aa=0.000 se=0.000 so=0.000 ae=0.000 ao=0.000 pwm=0 pc=0 hd=0 y=15.210 yr=-20.926 L=0 R=0 OL=0 OR=0 el=0 er=0 ed=0 dl=0 dr=0 cl=0 cr=0 ok=58 fail=0 vofa=firewater rx=6 txdrop=0
1775028291.6677036,1775028291667703500,5602452882900,HB,14772,0.0,0,3.872,-30.781,0.0,0.0,0.0,0.0,0.0,0.0,0.0,0.0,0.0,0,0,yaw_jump,HB tick=14772 run=0 spd=1 ts=0.000 as=0.000 ta=0.000 aa=0.000 se=0.000 so=0.000 ae=0.000 ao=0.000 pwm=0 pc=0 hd=0 y=3.872 yr=-30.781 L=0 R=0 OL=0 OR=0 el=0 er=0 ed=0 dl=0 dr=0 cl=0 cr=0 ok=59 fail=0 vofa=firewater rx=12 txdrop=0
1775028291.854244,1775028291854244200,5602639421300,HB,14976,0.0,0,3.336,-20.922,0.0,0.0,0.0,0.0,0.0,0.0,0.0,0.0,0.0,0,0,,HB tick=14976 run=0 spd=1 ts=0.000 as=0.000 ta=0.000 aa=0.000 se=0.000 so=0.000 ae=0.000 ao=0.000 pwm=0 pc=0 hd=0 y=3.336 yr=-20.922 L=0 R=0 OL=0 OR=0 el=0 er=0 ed=0 dl=0 dr=0 cl=0 cr=0 ok=60 fail=0 vofa=firewater rx=12 txdrop=0
1775028292.1967144,1775028292196714600,5602981891600,HB,15321,0.0,0,1.384,-11.8,0.0,0.0,0.0,0.0,0.0,0.0,0.0,0.0,0.0,0,0,,HB tick=15321 run=0 spd=1 ts=0.000 as=0.000 ta=0.000 aa=0.000 se=0.000 so=0.000 ae=0.000 ao=0.000 pwm=0 pc=0 hd=0 y=1.384 yr=-11.800 L=0 R=0 OL=0 OR=0 el=0 er=0 ed=0 dl=0 dr=0 cl=0 cr=0 ok=61 fail=0 vofa=firewater rx=12 txdrop=0
1775028292.4686296,1775028292468629400,5603253806800,HB,15551,0.0,0,-3.165,-14.592,0.0,0.0,0.0,0.0,0.0,0.0,0.0,0.0,0.0,0,0,,HB tick=15551 run=0 spd=1 ts=0.000 as=0.000 ta=0.000 aa=0.000 se=0.000 so=0.000 ae=0.000 ao=0.000 pwm=0 pc=0 hd=0 y=-3.165 yr=-14.592 L=0 R=0 OL=0 OR=0 el=0 er=0 ed=0 dl=0 dr=0 cl=0 cr=0 ok=62 fail=0 vofa=firewater rx=12 txdrop=0
1775028292.6239698,1775028292623969700,5603409146800,HB,15755,0.0,0,-10.22,-21.59,2.0,0.0,2.0,0.0,0.0,0.0,0.0,2.0,0.0,0,0,,HB tick=15755 run=0 spd=1 ts=0.000 as=0.000 ta=0.000 aa=0.000 se=0.000 so=0.000 ae=0.000 ao=0.000 pwm=0 pc=0 hd=0 y=-10.220 yr=-21.590 L=0 R=0 OL=0 OR=0 el=2 er=0 ed=2 dl=2 dr=0 cl=0 cr=0 ok=63 fail=0 vofa=firewater rx=17 txdrop=0
1775028292.995519,1775028292995519100,5603780696100,HB,16100,0.0,0,-8.752,-6.793,1.0,2.0,-1.0,0.0,0.0,0.0,0.0,1.0,2.0,0,0,,HB tick=16100 run=0 spd=1 ts=0.000 as=0.000 ta=0.000 aa=0.000 se=0.000 so=0.000 ae=0.000 ao=0.000 pwm=0 pc=0 hd=0 y=-8.752 yr=-6.793 L=0 R=0 OL=0 OR=0 el=1 er=2 ed=-1 dl=1 dr=2 cl=0 cr=0 ok=64 fail=0 vofa=firewater rx=17 txdrop=0
1775028293.2040622,1775028293204062200,5603989240000,HB,16331,0.0,0,-6.146,-0.485,5.0,4.0,1.0,0.0,0.0,0.0,0.0,5.0,4.0,0,0,,HB tick=16331 run=0 spd=1 ts=0.000 as=0.000 ta=0.000 aa=0.000 se=0.000 so=0.000 ae=0.000 ao=0.000 pwm=0 pc=0 hd=0 y=-6.146 yr=-0.485 L=0 R=0 OL=0 OR=0 el=5 er=4 ed=1 dl=5 dr=4 cl=0 cr=0 ok=65 fail=0 vofa=firewater rx=17 txdrop=0
1775028293.588858,1775028293588857900,5604374035200,HB,16719,0.0,0,-5.629,0.629,2.0,1.0,1.0,0.0,0.0,0.0,0.0,2.0,1.0,0,0,,HB tick=16719 run=0 spd=1 ts=0.000 as=0.000 ta=0.000 aa=0.000 se=0.000 so=0.000 ae=0.000 ao=0.000 pwm=0 pc=0 hd=0 y=-5.629 yr=0.629 L=0 R=0 OL=0 OR=0 el=2 er=1 ed=1 dl=2 dr=1 cl=0 cr=0 ok=66 fail=0 vofa=firewater rx=17 txdrop=0
1775028293.7951713,1775028293795171300,5604580348300,HB,16922,0.0,0,-6.287,-0.725,1.0,1.0,0.0,0.0,0.0,0.0,0.0,1.0,1.0,0,0,,HB tick=16922 run=0 spd=1 ts=0.000 as=0.000 ta=0.000 aa=0.000 se=0.000 so=0.000 ae=0.000 ao=0.000 pwm=0 pc=0 hd=0 y=-6.287 yr=-0.725 L=0 R=0 OL=0 OR=0 el=1 er=1 ed=0 dl=1 dr=1 cl=0 cr=0 ok=67 fail=0 vofa=firewater rx=22 txdrop=0
1775028294.024494,1775028294024493700,5604809670700,HB,17126,0.0,0,-5.434,1.0,1.0,0.0,1.0,0.0,0.0,0.0,0.0,1.0,0.0,0,0,,HB tick=17126 run=0 spd=1 ts=0.000 as=0.000 ta=0.000 aa=0.000 se=0.000 so=0.000 ae=0.000 ao=0.000 pwm=0 pc=0 hd=0 y=-5.434 yr=1.000 L=0 R=0 OL=0 OR=0 el=1 er=0 ed=1 dl=1 dr=0 cl=0 cr=0 ok=68 fail=0 vofa=firewater rx=22 txdrop=0
1775028294.2105634,1775028294210563300,5604995740400,HB,17334,0.0,0,-4.866,1.6,1.0,1.0,0.0,0.0,0.0,0.0,0.0,1.0,1.0,0,0,,HB tick=17334 run=0 spd=1 ts=0.000 as=0.000 ta=0.000 aa=0.000 se=0.000 so=0.000 ae=0.000 ao=0.000 pwm=0 pc=0 hd=0 y=-4.866 yr=1.600 L=0 R=0 OL=0 OR=0 el=1 er=1 ed=0 dl=1 dr=1 cl=0 cr=0 ok=69 fail=0 vofa=firewater rx=22 txdrop=0
1775028294.5549102,1775028294554910200,5605340087500,HB,17679,0.0,0,-3.917,2.046,0.0,0.0,0.0,0.0,0.0,0.0,0.0,0.0,0.0,0,0,,HB tick=17679 run=0 spd=1 ts=0.000 as=0.000 ta=0.000 aa=0.000 se=0.000 so=0.000 ae=0.000 ao=0.000 pwm=0 pc=0 hd=0 y=-3.917 yr=2.046 L=0 R=0 OL=0 OR=0 el=0 er=0 ed=0 dl=0 dr=0 cl=0 cr=0 ok=70 fail=0 vofa=firewater rx=22 txdrop=0
1775028294.7821348,1775028294782134800,5605567312100,HB,17909,0.0,0,-3.898,1.359,0.0,0.0,0.0,0.0,0.0,0.0,0.0,0.0,0.0,0,0,,HB tick=17909 run=0 spd=1 ts=0.000 as=0.000 ta=0.000 aa=0.000 se=0.000 so=0.000 ae=0.000 ao=0.000 pwm=0 pc=0 hd=0 y=-3.898 yr=1.359 L=0 R=0 OL=0 OR=0 el=0 er=0 ed=0 dl=0 dr=0 cl=0 cr=0 ok=71 fail=0 vofa=firewater rx=22 txdrop=0
1775028294.9888172,1775028294988817100,5605773994200,HB,18112,0.0,0,-3.889,0.898,0.0,0.0,0.0,0.0,0.0,0.0,0.0,0.0,0.0,0,0,,HB tick=18112 run=0 spd=1 ts=0.000 as=0.000 ta=0.000 aa=0.000 se=0.000 so=0.000 ae=0.000 ao=0.000 pwm=0 pc=0 hd=0 y=-3.889 yr=0.898 L=0 R=0 OL=0 OR=0 el=0 er=0 ed=0 dl=0 dr=0 cl=0 cr=0 ok=72 fail=0 vofa=firewater rx=22 txdrop=0
1775028295.2069616,1775028295206961600,5605992138800,HB,18317,0.0,0,-3.896,0.573,0.0,0.0,0.0,0.0,0.0,0.0,0.0,0.0,0.0,0,0,,HB tick=18317 run=0 spd=1 ts=0.000 as=0.000 ta=0.000 aa=0.000 se=0.000 so=0.000 ae=0.000 ao=0.000 pwm=0 pc=0 hd=0 y=-3.896 yr=0.573 L=0 R=0 OL=0 OR=0 el=0 er=0 ed=0 dl=0 dr=0 cl=0 cr=0 ok=73 fail=0 vofa=firewater rx=29 txdrop=0
1775028295.3952062,1775028295395206200,5606180383700,HB,18521,0.0,0,-3.895,0.373,0.0,0.0,0.0,0.0,0.0,0.0,0.0,0.0,0.0,0,0,,HB tick=18521 run=0 spd=1 ts=0.000 as=0.000 ta=0.000 aa=0.000 se=0.000 so=0.000 ae=0.000 ao=0.000 pwm=0 pc=0 hd=0 y=-3.895 yr=0.373 L=0 R=0 OL=0 OR=0 el=0 er=0 ed=0 dl=0 dr=0 cl=0 cr=0 ok=74 fail=0 vofa=firewater rx=29 txdrop=0
1775028295.6522121,1775028295652212300,5606437389700,HB,18739,0.0,0,-3.903,0.23,0.0,0.0,0.0,0.0,0.0,0.0,0.0,0.0,0.0,0,0,,HB tick=18739 run=0 spd=1 ts=0.000 as=0.000 ta=0.000 aa=0.000 se=0.000 so=0.000 ae=0.000 ao=0.000 pwm=0 pc=0 hd=0 y=-3.903 yr=0.230 L=0 R=0 OL=0 OR=0 el=0 er=0 ed=0 dl=0 dr=0 cl=0 cr=0 ok=75 fail=0 vofa=firewater rx=29 txdrop=0
1775028295.9526875,1775028295952687600,5606737865200,HB,19079,0.0,0,-3.903,0.097,0.0,0.0,0.0,0.0,0.0,0.0,0.0,0.0,0.0,0,0,,HB tick=19079 run=0 spd=1 ts=0.000 as=0.000 ta=0.000 aa=0.000 se=0.000 so=0.000 ae=0.000 ao=0.000 pwm=0 pc=0 hd=0 y=-3.903 yr=0.097 L=0 R=0 OL=0 OR=0 el=0 er=0 ed=0 dl=0 dr=0 cl=0 cr=0 ok=76 fail=0 vofa=firewater rx=38 txdrop=0
1775028296.180318,1775028296180318100,5606965495100,HB,19308,0.0,0,-3.896,0.074,0.0,0.0,0.0,0.0,0.0,0.0,0.0,0.0,0.0,0,0,,HB tick=19308 run=0 spd=1 ts=0.000 as=0.000 ta=0.000 aa=0.000 se=0.000 so=0.000 ae=0.000 ao=0.000 pwm=0 pc=0 hd=0 y=-3.896 yr=0.074 L=0 R=0 OL=0 OR=0 el=0 er=0 ed=0 dl=0 dr=0 cl=0 cr=0 ok=77 fail=0 vofa=firewater rx=38 txdrop=0
1775028296.4074597,1775028296407459800,5607192637100,HB,19512,0.0,0,-3.889,0.06,0.0,0.0,0.0,0.0,0.0,0.0,0.0,0.0,0.0,0,0,,HB tick=19512 run=0 spd=1 ts=0.000 as=0.000 ta=0.000 aa=0.000 se=0.000 so=0.000 ae=0.000 ao=0.000 pwm=0 pc=0 hd=0 y=-3.889 yr=0.060 L=0 R=0 OL=0 OR=0 el=0 er=0 ed=0 dl=0 dr=0 cl=0 cr=0 ok=78 fail=0 vofa=firewater rx=49 txdrop=0
1775028296.7277086,1775028296727708700,5607512885800,HB,19858,0.0,0,-3.889,0.025,0.0,0.0,0.0,0.0,0.0,0.0,0.0,0.0,0.0,0,0,,HB tick=19858 run=0 spd=1 ts=0.000 as=0.000 ta=0.000 aa=0.000 se=0.000 so=0.000 ae=0.000 ao=0.000 pwm=0 pc=0 hd=0 y=-3.889 yr=0.025 L=0 R=0 OL=0 OR=0 el=0 er=0 ed=0 dl=0 dr=0 cl=0 cr=0 ok=79 fail=0 vofa=firewater rx=49 txdrop=0
1775028296.9967935,1775028296996793700,5607781970800,HB,20089,0.0,0,-3.89,0.016,0.0,0.0,0.0,0.0,0.0,0.0,0.0,0.0,0.0,0,0,,HB tick=20089 run=0 spd=1 ts=0.000 as=0.000 ta=0.000 aa=0.000 se=0.000 so=0.000 ae=0.000 ao=0.000 pwm=0 pc=0 hd=0 y=-3.890 yr=0.016 L=0 R=0 OL=0 OR=0 el=0 er=0 ed=0 dl=0 dr=0 cl=0 cr=0 ok=80 fail=0 vofa=firewater rx=49 txdrop=0
1775028297.162812,1775028297162811900,5607947989600,HB,20292,0.0,0,-3.889,0.011,0.0,0.0,0.0,0.0,0.0,0.0,0.0,0.0,0.0,0,0,,HB tick=20292 run=0 spd=1 ts=0.000 as=0.000 ta=0.000 aa=0.000 se=0.000 so=0.000 ae=0.000 ao=0.000 pwm=0 pc=0 hd=0 y=-3.889 yr=0.011 L=0 R=0 OL=0 OR=0 el=0 er=0 ed=0 dl=0 dr=0 cl=0 cr=0 ok=81 fail=0 vofa=firewater rx=58 txdrop=0
1775028297.3709435,1775028297370943500,5608156121100,HB,20495,0.0,0,-3.889,0.007,0.0,0.0,0.0,0.0,0.0,0.0,0.0,0.0,0.0,0,0,,HB tick=20495 run=0 spd=1 ts=0.000 as=0.000 ta=0.000 aa=0.000 se=0.000 so=0.000 ae=0.000 ao=0.000 pwm=0 pc=0 hd=0 y=-3.889 yr=0.007 L=0 R=0 OL=0 OR=0 el=0 er=0 ed=0 dl=0 dr=0 cl=0 cr=0 ok=82 fail=0 vofa=firewater rx=58 txdrop=0
1775028297.588366,1775028297588366000,5608373543100,HB,20699,0.0,0,-3.889,0.005,0.0,0.0,0.0,0.0,0.0,0.0,0.0,0.0,0.0,0,0,,HB tick=20699 run=0 spd=1 ts=0.000 as=0.000 ta=0.000 aa=0.000 se=0.000 so=0.000 ae=0.000 ao=0.000 pwm=0 pc=0 hd=0 y=-3.889 yr=0.005 L=0 R=0 OL=0 OR=0 el=0 er=0 ed=0 dl=0 dr=0 cl=0 cr=0 ok=83 fail=0 vofa=firewater rx=58 txdrop=0
1775028297.7735796,1775028297773579600,5608558756700,HB,20903,0.0,0,-3.896,-0.008,0.0,0.0,0.0,0.0,0.0,0.0,0.0,0.0,0.0,0,0,,HB tick=20903 run=0 spd=1 ts=0.000 as=0.000 ta=0.000 aa=0.000 se=0.000 so=0.000 ae=0.000 ao=0.000 pwm=0 pc=0 hd=0 y=-3.896 yr=-0.008 L=0 R=0 OL=0 OR=0 el=0 er=0 ed=0 dl=0 dr=0 cl=0 cr=0 ok=84 fail=0 vofa=firewater rx=67 txdrop=0
1775028297.980786,1775028297980786300,5608765964200,HB,21106,0.0,0,-3.889,0.007,0.0,0.0,0.0,0.0,0.0,0.0,0.0,0.0,0.0,0,0,,HB tick=21106 run=0 spd=1 ts=0.000 as=0.000 ta=0.000 aa=0.000 se=0.000 so=0.000 ae=0.000 ao=0.000 pwm=0 pc=0 hd=0 y=-3.889 yr=0.007 L=0 R=0 OL=0 OR=0 el=0 er=0 ed=0 dl=0 dr=0 cl=0 cr=0 ok=85 fail=0 vofa=firewater rx=67 txdrop=0
1775028298.3831565,1775028298383156500,5609168333600,HB,21507,0.0,0,-3.889,0.005,0.0,0.0,0.0,0.0,0.0,0.0,0.0,0.0,0.0,0,0,,HB tick=21507 run=0 spd=1 ts=0.000 as=0.000 ta=0.000 aa=0.000 se=0.000 so=0.000 ae=0.000 ao=0.000 pwm=0 pc=0 hd=0 y=-3.889 yr=0.005 L=0 R=0 OL=0 OR=0 el=0 er=0 ed=0 dl=0 dr=0 cl=0 cr=0 ok=86 fail=0 vofa=firewater rx=79 txdrop=0
1775028298.610721,1775028298610720900,5609395898300,HB,21715,0.0,0,-3.889,0.003,0.0,0.0,0.0,0.0,0.0,0.0,0.0,0.0,0.0,0,0,,HB tick=21715 run=0 spd=1 ts=0.000 as=0.000 ta=0.000 aa=0.000 se=0.000 so=0.000 ae=0.000 ao=0.000 pwm=0 pc=0 hd=0 y=-3.889 yr=0.003 L=0 R=0 OL=0 OR=0 el=0 er=0 ed=0 dl=0 dr=0 cl=0 cr=0 ok=87 fail=0 vofa=firewater rx=79 txdrop=0
1775028298.7876723,1775028298787672200,5609572849300,HB,21919,0.0,0,-3.889,0.001,0.0,0.0,0.0,0.0,0.0,0.0,0.0,0.0,0.0,0,0,,HB tick=21919 run=0 spd=1 ts=0.000 as=0.000 ta=0.000 aa=0.000 se=0.000 so=0.000 ae=0.000 ao=0.000 pwm=0 pc=0 hd=0 y=-3.889 yr=0.001 L=0 R=0 OL=0 OR=0 el=0 er=0 ed=0 dl=0 dr=0 cl=0 cr=0 ok=88 fail=0 vofa=firewater rx=79 txdrop=0
1775028299.0145206,1775028299014520700,5609799697900,HB,22122,0.0,0,-3.882,0.013,0.0,0.0,0.0,0.0,0.0,0.0,0.0,0.0,0.0,0,0,,HB tick=22122 run=0 spd=1 ts=0.000 as=0.000 ta=0.000 aa=0.000 se=0.000 so=0.000 ae=0.000 ao=0.000 pwm=0 pc=0 hd=0 y=-3.882 yr=0.013 L=0 R=0 OL=0 OR=0 el=0 er=0 ed=0 dl=0 dr=0 cl=0 cr=0 ok=89 fail=0 vofa=firewater rx=79 txdrop=0
1775028299.2009296,1775028299200929600,5609986106900,HB,22326,0.0,0,-3.882,0.008,0.0,0.0,0.0,0.0,0.0,0.0,0.0,0.0,0.0,0,0,,HB tick=22326 run=0 spd=1 ts=0.000 as=0.000 ta=0.000 aa=0.000 se=0.000 so=0.000 ae=0.000 ao=0.000 pwm=0 pc=0 hd=0 y=-3.882 yr=0.008 L=0 R=0 OL=0 OR=0 el=0 er=0 ed=0 dl=0 dr=0 cl=0 cr=0 ok=90 fail=0 vofa=firewater rx=89 txdrop=0
1775028299.4096594,1775028299409659300,5610194836300,HB,22533,0.0,0,-3.882,0.005,0.0,0.0,0.0,0.0,0.0,0.0,0.0,0.0,0.0,0,0,,HB tick=22533 run=0 spd=1 ts=0.000 as=0.000 ta=0.000 aa=0.000 se=0.000 so=0.000 ae=0.000 ao=0.000 pwm=0 pc=0 hd=0 y=-3.882 yr=0.005 L=0 R=0 OL=0 OR=0 el=0 er=0 ed=0 dl=0 dr=0 cl=0 cr=0 ok=91 fail=0 vofa=firewater rx=89 txdrop=0
1775028299.6879084,1775028299687908401,5610473085801,HB,22737,0.0,0,-3.882,0.004,0.0,0.0,0.0,0.0,0.0,0.0,0.0,0.0,0.0,0,0,,HB tick=22737 run=0 spd=1 ts=0.000 as=0.000 ta=0.000 aa=0.000 se=0.000 so=0.000 ae=0.000 ao=0.000 pwm=0 pc=0 hd=0 y=-3.882 yr=0.004 L=0 R=0 OL=0 OR=0 el=0 er=0 ed=0 dl=0 dr=0 cl=0 cr=0 ok=92 fail=0 vofa=firewater rx=89 txdrop=0
1775028299.7715776,1775028299771577700,5610556754800,STAT,22881,0.0,0,-3.88222,0.003569,0.0,0.0,0.0,0.0,0.0,0.0,0.0,0.0,0.0,0,0,,STAT tick=22881 run=0 spd=1 ts=0.000000 as=0.000000 ta=0.000000 aa=0.000000 se=0.000000 so=0.000000 ae=0.000000 ao=0.000000 pwm=0 pc=0 hd=0 y=-3.882220 p=-0.932395 r=4.827606 yr=0.003569 ax=0 ay=0 az=0 gx=0 gy=0 gz=0 who=0x85 addr=0x4A icm_ok=114 icm_fail=0 L=0 R=0 OL=0 OR=0 el=0 er=0 ed=0 dl=0 dr=0 cl=0 cr=0 skp=0.100000 ski=0.012000 skd=0.000000 akp=0.500000 aki=0.002400 akd=0.320000 ok=93 fail=0 vofa=firewater rx=95 txdrop=0
1775028299.8141892,1775028299814189400,5610599367000,HB,22943,0.0,0,-3.882,0.002,0.0,0.0,0.0,0.0,0.0,0.0,0.0,0.0,0.0,0,0,,HB tick=22943 run=0 spd=1 ts=0.000 as=0.000 ta=0.000 aa=0.000 se=0.000 so=0.000 ae=0.000 ao=0.000 pwm=0 pc=0 hd=0 y=-3.882 yr=0.002 L=0 R=0 OL=0 OR=0 el=0 er=0 ed=0 dl=0 dr=0 cl=0 cr=0 ok=93 fail=0 vofa=firewater rx=95 txdrop=0
1775028300.470475,1775028300470475000,5611255652100,HB,23576,0.0,1,1.367,2.175,13.0,10.0,3.0,12.0,12.0,1.0,1.0,13.0,10.0,0,0,,HB tick=23576 run=1 spd=1 ts=20.000 as=11.500 ta=0.000 aa=0.000 se=8.500 so=0.883 ae=0.000 ao=0.000 pwm=12 pc=1 hd=0 y=1.367 yr=2.175 L=1 R=1 OL=12 OR=12 el=13 er=10 ed=3 dl=13 dr=10 cl=0 cr=0 ok=95 fail=0 vofa=firewater rx=114 txdrop=0
1775028300.6724777,1775028300672477800,5611457654900,HB,23794,0.0,1,4.394,6.251,14.0,13.0,1.0,11.0,13.0,0.0,2.0,14.0,13.0,0,0,,HB tick=23794 run=1 spd=1 ts=20.000 as=13.500 ta=0.000 aa=1.367 se=6.500 so=0.703 ae=-1.367 ao=-1.063 pwm=12 pc=1 hd=-1 y=4.394 yr=6.251 L=0 R=2 OL=11 OR=13 el=14 er=13 ed=1 dl=14 dr=13 cl=0 cr=0 ok=96 fail=0 vofa=firewater rx=114 txdrop=0
1775028301.035448,1775028301035448000,5611820625200,HB,24138,0.0,1,4.721,3.153,14.0,14.0,0.0,11.0,13.0,0.0,2.0,14.0,14.0,0,0,,HB tick=24138 run=1 spd=1 ts=20.000 as=14.000 ta=0.000 aa=4.637 se=6.000 so=0.678 ae=-4.637 ao=-3.761 pwm=12 pc=1 hd=-1 y=4.721 yr=3.153 L=0 R=2 OL=11 OR=13 el=14 er=14 ed=0 dl=14 dr=14 cl=0 cr=0 ok=97 fail=0 vofa=firewater rx=114 txdrop=0
1775028301.243273,1775028301243273000,5612028450300,HB,24371,0.0,1,5.636,3.417,14.0,13.0,1.0,11.0,13.0,0.0,2.0,14.0,13.0,0,0,,HB tick=24371 run=1 spd=1 ts=20.000 as=13.500 ta=0.000 aa=4.721 se=6.500 so=0.746 ae=-4.721 ao=-3.377 pwm=12 pc=1 hd=-1 y=5.636 yr=3.417 L=0 R=2 OL=11 OR=13 el=14 er=13 ed=1 dl=14 dr=13 cl=0 cr=0 ok=98 fail=0 vofa=firewater rx=114 txdrop=0
1775028301.619374,1775028301619374000,5612404555300,HB,24740,1451.0,1,5.414,0.806,13.0,15.0,-2.0,11.0,13.0,0.0,2.0,13.0,15.0,0,0,,HB tick=24740 exp_id=191 t_ms=1451 run=1 spd=1 ts=20.000 as=14.000 ta=0.000 aa=5.791 se=6.000 so=0.723 ae=-5.791 ao=-3.703 pwm=12 pc=1 hd=-1 y=5.414 yr=0.806 L=0 R=2 OL=11 OR=13 el=13 er=15 ed=-2 dl=13 dr=15 cl=0 cr=0 ok=100 fail=0 vofa=firewater rx=128 txdrop=0
1775028301.869287,1775028301869286800,5612654464100,HB,24989,1700.0,1,2.249,-3.925,12.0,14.0,-2.0,11.0,13.0,0.0,2.0,12.0,14.0,0,0,,HB tick=24989 exp_id=191 t_ms=1700 run=1 spd=1 ts=20.000 as=13.000 ta=0.000 aa=5.414 se=7.000 so=0.840 ae=-5.414 ao=-2.980 pwm=12 pc=1 hd=-1 y=2.249 yr=-3.925 L=0 R=2 OL=11 OR=13 el=12 er=14 ed=-2 dl=12 dr=14 cl=0 cr=0 ok=101 fail=0 vofa=firewater rx=128 txdrop=0
1775028302.0255857,1775028302025585700,5612810762700,HB,25146,1857.0,1,1.882,-3.369,13.0,13.0,0.0,12.0,12.0,1.0,1.0,13.0,13.0,0,0,,HB tick=25146 exp_id=191 t_ms=1857 run=1 spd=1 ts=20.000 as=13.000 ta=0.000 aa=2.249 se=7.000 so=0.852 ae=-2.249 ao=0.115 pwm=12 pc=1 hd=0 y=1.882 yr=-3.369 L=1 R=1 OL=12 OR=12 el=13 er=13 ed=0 dl=13 dr=13 cl=0 cr=0 ok=102 fail=0 vofa=firewater rx=128 txdrop=0
1775028302.2535415,1775028302253541400,5613038719400,HB,25379,2090.0,1,0.882,-3.692,13.0,14.0,-1.0,12.0,12.0,1.0,1.0,13.0,14.0,0,0,,HB tick=25379 exp_id=191 t_ms=2090 run=1 spd=1 ts=20.000 as=13.500 ta=0.000 aa=1.882 se=6.500 so=0.818 ae=-1.882 ao=0.120 pwm=12 pc=1 hd=0 y=0.882 yr=-3.692 L=1 R=1 OL=12 OR=12 el=13 er=14 ed=-1 dl=13 dr=14 cl=0 cr=0 ok=103 fail=0 vofa=firewater rx=128 txdrop=0
1775028302.4200544,1775028302420054500,5613205231600,HB,25540,2251.0,1,0.02,-4.274,14.0,15.0,-1.0,13.0,11.0,2.0,0.0,14.0,15.0,0,0,,HB tick=25540 exp_id=191 t_ms=2251 run=1 spd=1 ts=20.000 as=14.500 ta=0.000 aa=0.882 se=5.500 so=0.730 ae=-0.882 ao=0.723 pwm=12 pc=1 hd=1 y=0.020 yr=-4.274 L=2 R=0 OL=13 OR=11 el=14 er=15 ed=-1 dl=14 dr=15 cl=0 cr=0 ok=104 fail=0 vofa=firewater rx=128 txdrop=0
1775028302.6684117,1775028302668411600,5613453588800,HB,25789,2500.0,1,-0.316,-3.25,15.0,14.0,1.0,13.0,11.0,2.0,0.0,15.0,14.0,0,0,,HB tick=25789 exp_id=191 t_ms=2500 run=1 spd=1 ts=20.000 as=14.500 ta=0.000 aa=0.020 se=5.500 so=0.748 ae=-0.020 ao=1.340 pwm=12 pc=1 hd=1 y=-0.316 yr=-3.250 L=2 R=0 OL=13 OR=11 el=15 er=14 ed=1 dl=15 dr=14 cl=0 cr=0 ok=105 fail=0 vofa=firewater rx=128 txdrop=0
1775028303.414342,1775028303414342000,5614199519500,HB,25990,2701.0,1,0.077,-1.429,15.0,13.0,2.0,13.0,11.0,2.0,0.0,15.0,13.0,0,0,,HB tick=25990 exp_id=191 t_ms=2701 run=1 spd=1 ts=20.000 as=14.000 ta=0.000 aa=-0.316 se=6.000 so=0.813 ae=0.316 ao=1.180 pwm=12 pc=1 hd=1 y=0.077 yr=-1.429 L=2 R=0 OL=13 OR=11 el=15 er=13 ed=2 dl=15 dr=13 cl=0 cr=0 ok=106 fail=0 vofa=firewater rx=142 txdrop=0
1775028303.414342,1775028303414342001,5614199519501,HB,26195,2906.0,1,1.757,1.94,14.0,13.0,1.0,13.0,11.0,2.0,0.0,14.0,13.0,0,0,,HB tick=26195 exp_id=191 t_ms=2906 run=1 spd=1 ts=20.000 as=13.500 ta=0.000 aa=0.077 se=6.500 so=0.877 ae=-0.077 ao=0.401 pwm=12 pc=1 hd=1 y=1.757 yr=1.940 L=2 R=0 OL=13 OR=11 el=14 er=13 ed=1 dl=14 dr=13 cl=0 cr=0 ok=107 fail=0 vofa=firewater rx=142 txdrop=0
1775028303.414342,1775028303414342002,5614199519502,HB,26356,3067.0,1,2.578,3.046,15.0,14.0,1.0,11.0,13.0,0.0,2.0,15.0,14.0,0,0,,HB tick=26356 exp_id=191 t_ms=3067 run=1 spd=1 ts=20.000 as=14.500 ta=0.000 aa=1.757 se=5.500 so=0.788 ae=-1.757 ao=-1.517 pwm=12 pc=1 hd=-1 y=2.578 yr=3.046 L=0 R=2 OL=11 OR=13 el=15 er=14 ed=1 dl=15 dr=14 cl=0 cr=0 ok=108 fail=0 vofa=firewater rx=142 txdrop=0
1775028303.4659624,1775028303465962600,5614251139700,HB,26589,3300.0,1,3.143,2.828,14.0,15.0,-1.0,11.0,13.0,0.0,2.0,14.0,15.0,0,0,,HB tick=26589 exp_id=191 t_ms=3300 run=1 spd=1 ts=20.000 as=14.500 ta=0.000 aa=2.578 se=5.500 so=0.804 ae=-2.578 ao=-2.283 pwm=12 pc=1 hd=-1 y=3.143 yr=2.828 L=0 R=2 OL=11 OR=13 el=14 er=15 ed=-1 dl=14 dr=15 cl=0 cr=0 ok=109 fail=0 vofa=firewater rx=142 txdrop=0
1775028303.6208355,1775028303620835700,5614406012800,HB,26750,3461.0,1,3.09,1.724,14.0,15.0,-1.0,11.0,13.0,0.0,2.0,14.0,15.0,0,0,,HB tick=26750 exp_id=191 t_ms=3461 run=1 spd=1 ts=20.000 as=14.500 ta=0.000 aa=3.143 se=5.500 so=0.816 ae=-3.143 ao=-2.497 pwm=12 pc=1 hd=-1 y=3.090 yr=1.724 L=0 R=2 OL=11 OR=13 el=14 er=15 ed=-1 dl=14 dr=15 cl=0 cr=0 ok=110 fail=0 vofa=firewater rx=142 txdrop=0
1775028303.8185039,1775028303818504000,5614603681100,HB,26939,3650.0,1,3.052,1.051,14.0,15.0,-1.0,11.0,13.0,0.0,2.0,14.0,15.0,0,0,,HB tick=26939 exp_id=191 t_ms=3650 run=1 spd=1 ts=20.000 as=14.500 ta=0.000 aa=3.090 se=5.500 so=0.829 ae=-3.090 ao=-2.119 pwm=12 pc=1 hd=-1 y=3.052 yr=1.051 L=0 R=2 OL=11 OR=13 el=14 er=15 ed=-1 dl=14 dr=15 cl=0 cr=0 ok=111 fail=0 vofa=firewater rx=142 txdrop=0
1775028304.0672758,1775028304067275800,5614852453000,HB,27187,3898.0,1,-1.001,-5.038,13.0,15.0,-2.0,11.0,13.0,0.0,2.0,13.0,15.0,0,0,,HB tick=27187 exp_id=191 t_ms=3898 run=1 spd=1 ts=20.000 as=14.000 ta=0.000 aa=3.052 se=6.000 so=0.896 ae=-3.052 ao=-1.886 pwm=12 pc=1 hd=-1 y=-1.001 yr=-5.038 L=0 R=2 OL=11 OR=13 el=13 er=15 ed=-2 dl=13 dr=15 cl=0 cr=0 ok=112 fail=0 vofa=firewater rx=148 txdrop=0
1775028304.2224274,1775028304222427300,5615007604900,STAT,27332,4043.0,1,-1.001487,-5.038211,14.0,14.0,0.0,13.0,11.0,2.0,0.0,14.0,14.0,0,0,,STAT tick=27332 exp_id=191 t_ms=4043 run=1 spd=1 ts=20.000000 as=14.000000 ta=0.000000 aa=-1.001487 se=6.000000 so=0.907080 ae=1.001487 ao=2.088801 pwm=12 pc=1 hd=1 y=-1.001487 p=-0.951206 r=4.719084 yr=-5.038211 ax=0 ay=0 az=0 gx=0 gy=0 gz=0 who=0x85 addr=0x4A icm_ok=137 icm_fail=0 L=2 R=0 OL=13 OR=11 el=14 er=14 ed=0 dl=14 dr=14 cl=0 cr=0 skp=0.100000 ski=0.012000 skd=0.000000 akp=0.500000 aki=0.002400 akd=0.320000 ok=113 fail=0 vofa=firewater rx=148 txdrop=0
1775028304.2635977,1775028304263597700,5615048774800,HB,27391,4102.0,1,-1.539,-4.198,14.0,14.0,0.0,13.0,11.0,2.0,0.0,14.0,14.0,0,0,,HB tick=27391 exp_id=191 t_ms=4102 run=1 spd=1 ts=20.000 as=14.000 ta=0.000 aa=-1.001 se=6.000 so=0.911 ae=1.001 ao=2.089 pwm=12 pc=1 hd=1 y=-1.539 yr=-4.198 L=2 R=0 OL=13 OR=11 el=14 er=14 ed=0 dl=14 dr=14 cl=0 cr=0 ok=113 fail=0 vofa=firewater rx=148 txdrop=0
1775028304.4290996,1775028304429099400,5615214277000,HB,27552,4263.0,1,-1.764,-3.217,15.0,14.0,1.0,13.0,11.0,2.0,0.0,15.0,14.0,0,0,,HB tick=27552 exp_id=191 t_ms=4263 run=1 spd=1 ts=20.000 as=14.500 ta=0.000 aa=-1.539 se=5.500 so=0.872 ae=1.539 ao=2.090 pwm=12 pc=1 hd=1 y=-1.764 yr=-3.217 L=2 R=0 OL=13 OR=11 el=15 er=14 ed=1 dl=15 dr=14 cl=0 cr=0 ok=114 fail=0 vofa=firewater rx=148 txdrop=0
1775028304.6584342,1775028304658434100,5615443611200,HB,27784,4495.0,1,-1.298,-1.387,15.0,13.0,2.0,13.0,11.0,2.0,0.0,15.0,13.0,0,0,,HB tick=27784 exp_id=191 t_ms=4495 run=1 spd=1 ts=20.000 as=14.000 ta=0.000 aa=-1.764 se=6.000 so=0.938 ae=1.764 ao=1.890 pwm=12 pc=1 hd=1 y=-1.298 yr=-1.387 L=2 R=0 OL=13 OR=11 el=15 er=13 ed=2 dl=15 dr=13 cl=0 cr=0 ok=115 fail=0 vofa=firewater rx=148 txdrop=0
1775028304.8909357,1775028304890935600,5615676112600,HB,28010,4721.0,1,0.356,1.659,14.0,13.0,1.0,13.0,11.0,2.0,0.0,14.0,13.0,0,0,,HB tick=28010 exp_id=191 t_ms=4721 run=1 spd=1 ts=20.000 as=13.500 ta=0.000 aa=-1.298 se=6.500 so=1.004 ae=1.298 ao=1.071 pwm=12 pc=1 hd=1 y=0.356 yr=1.659 L=2 R=0 OL=13 OR=11 el=14 er=13 ed=1 dl=14 dr=13 cl=0 cr=0 ok=116 fail=0 vofa=firewater rx=148 txdrop=0
1775028305.0373468,1775028305037346800,5615822524400,HB,28167,4878.0,1,0.681,1.803,14.0,13.0,1.0,11.0,13.0,0.0,2.0,14.0,13.0,0,0,,HB tick=28167 exp_id=191 t_ms=4878 run=1 spd=1 ts=20.000 as=13.500 ta=0.000 aa=0.356 se=6.500 so=1.015 ae=-0.356 ao=-0.730 pwm=12 pc=1 hd=-1 y=0.681 yr=1.803 L=0 R=2 OL=11 OR=13 el=14 er=13 ed=1 dl=14 dr=13 cl=0 cr=0 ok=117 fail=0 vofa=firewater rx=148 txdrop=0
1775028305.2863064,1775028305286306200,5616071483200,HB,28416,5127.0,1,1.218,1.927,13.0,14.0,-1.0,11.0,13.0,0.0,2.0,13.0,14.0,0,0,,HB tick=28416 exp_id=191 t_ms=5127 run=1 spd=1 ts=20.000 as=13.500 ta=0.000 aa=0.681 se=6.500 so=1.032 ae=-0.681 ao=-0.939 pwm=12 pc=1 hd=-1 y=1.218 yr=1.927 L=0 R=2 OL=11 OR=13 el=13 er=14 ed=-1 dl=13 dr=14 cl=0 cr=0 ok=118 fail=0 vofa=firewater rx=148 txdrop=0
1775028305.4529173,1775028305452917300,5616238094200,HB,28572,5283.0,1,1.003,0.769,14.0,15.0,-1.0,11.0,13.0,0.0,2.0,14.0,15.0,0,0,,HB tick=28572 exp_id=191 t_ms=5283 run=1 spd=1 ts=20.000 as=14.500 ta=0.000 aa=1.218 se=5.500 so=0.943 ae=-1.218 ao=-1.248 pwm=12 pc=1 hd=-1 y=1.003 yr=0.769 L=0 R=2 OL=11 OR=13 el=14 er=15 ed=-1 dl=14 dr=15 cl=0 cr=0 ok=119 fail=0 vofa=firewater rx=148 txdrop=0
1775028305.7021668,1775028305702166900,5616487344100,HB,28821,5532.0,1,-1.701,-3.301,13.0,15.0,-2.0,11.0,13.0,0.0,2.0,13.0,15.0,0,0,,HB tick=28821 exp_id=191 t_ms=5532 run=1 spd=1 ts=20.000 as=14.000 ta=0.000 aa=1.003 se=6.000 so=1.011 ae=-1.003 ao=-0.770 pwm=12 pc=1 hd=-1 y=-1.701 yr=-3.301 L=0 R=2 OL=11 OR=13 el=13 er=15 ed=-2 dl=13 dr=15 cl=0 cr=0 ok=120 fail=0 vofa=firewater rx=148 txdrop=0
1775028305.8899822,1775028305889982100,5616675159900,HB,29017,5727.0,1,-2.044,-2.761,14.0,14.0,0.0,13.0,11.0,2.0,0.0,14.0,14.0,0,0,,HB tick=29017 exp_id=191 t_ms=5727 run=1 spd=1 ts=20.000 as=14.000 ta=0.000 aa=-1.701 se=6.000 so=1.024 ae=1.701 ao=1.885 pwm=12 pc=1 hd=1 y=-2.044 yr=-2.761 L=2 R=0 OL=13 OR=11 el=14 er=14 ed=0 dl=14 dr=14 cl=0 cr=0 ok=121 fail=0 vofa=firewater rx=148 txdrop=0
1775028306.0559406,1775028306055940600,5616841118100,HB,29177,5888.0,1,-2.167,-2.061,14.0,14.0,0.0,13.0,11.0,2.0,0.0,14.0,14.0,0,0,,HB tick=29177 exp_id=191 t_ms=5888 run=1 spd=1 ts=20.000 as=14.000 ta=0.000 aa=-2.044 se=6.000 so=1.035 ae=2.044 ao=1.884 pwm=12 pc=1 hd=1 y=-2.167 yr=-2.061 L=2 R=0 OL=13 OR=11 el=14 er=14 ed=0 dl=14 dr=14 cl=0 cr=0 ok=122 fail=0 vofa=firewater rx=148 txdrop=0
1775028306.3053079,1775028306305307900,5617090485900,HB,29426,6137.0,1,-1.271,-0.081,15.0,13.0,2.0,13.0,11.0,2.0,0.0,15.0,13.0,0,0,,HB tick=29426 exp_id=191 t_ms=6137 run=1 spd=1 ts=20.000 as=14.000 ta=0.000 aa=-2.167 se=6.000 so=1.053 ae=2.167 ao=1.723 pwm=12 pc=1 hd=1 y=-1.271 yr=-0.081 L=2 R=0 OL=13 OR=11 el=15 er=13 ed=2 dl=15 dr=13 cl=0 cr=0 ok=123 fail=0 vofa=firewater rx=148 txdrop=0
1775028306.4609852,1775028306460985100,5617246162400,HB,29583,6294.0,1,-1.019,0.51,14.0,13.0,1.0,13.0,11.0,2.0,0.0,14.0,13.0,0,0,,HB tick=29583 exp_id=191 t_ms=6294 run=1 spd=1 ts=20.000 as=13.500 ta=0.000 aa=-1.271 se=6.500 so=1.114 ae=1.271 ao=0.642 pwm=12 pc=1 hd=1 y=-1.019 yr=0.510 L=2 R=0 OL=13 OR=11 el=14 er=13 ed=1 dl=14 dr=13 cl=0 cr=0 ok=124 fail=0 vofa=firewater rx=148 txdrop=0
1775028306.689358,1775028306689358100,5617474535300,HB,29815,6526.0,1,0.37,2.426,15.0,14.0,1.0,12.0,12.0,1.0,1.0,15.0,14.0,0,0,,HB tick=29815 exp_id=191 t_ms=6526 run=1 spd=1 ts=20.000 as=14.500 ta=0.000 aa=-1.019 se=5.500 so=1.030 ae=1.019 ao=0.327 pwm=12 pc=1 hd=0 y=0.370 yr=2.426 L=1 R=1 OL=12 OR=12 el=15 er=14 ed=1 dl=15 dr=14 cl=0 cr=0 ok=125 fail=0 vofa=firewater rx=148 txdrop=0
1775028306.9178815,1775028306917881600,5617703058700,HB,30036,6747.0,1,1.805,3.85,14.0,14.0,0.0,11.0,13.0,0.0,2.0,14.0,14.0,0,0,,HB tick=30036 exp_id=191 t_ms=6747 run=1 spd=1 ts=20.000 as=14.000 ta=0.000 aa=0.370 se=6.000 so=1.096 ae=-0.370 ao=-0.980 pwm=12 pc=1 hd=-1 y=1.805 yr=3.850 L=0 R=2 OL=11 OR=13 el=14 er=14 ed=0 dl=14 dr=14 cl=0 cr=0 ok=126 fail=0 vofa=firewater rx=148 txdrop=0
1775028307.1251247,1775028307125124700,5617910302300,HB,30253,6964.0,1,1.208,1.539,14.0,14.0,0.0,11.0,13.0,0.0,2.0,14.0,14.0,0,0,,HB tick=30253 exp_id=191 t_ms=6964 run=1 spd=1 ts=20.000 as=14.000 ta=0.000 aa=1.805 se=6.000 so=1.112 ae=-1.805 ao=-2.155 pwm=12 pc=1 hd=-1 y=1.208 yr=1.539 L=0 R=2 OL=11 OR=13 el=14 er=14 ed=0 dl=14 dr=14 cl=0 cr=0 ok=127 fail=0 vofa=firewater rx=148 txdrop=0
1775028307.2812436,1775028307281243700,5618066421000,HB,30408,7119.0,1,1.082,0.716,13.0,14.0,-1.0,11.0,13.0,0.0,2.0,13.0,14.0,0,0,,HB tick=30408 exp_id=191 t_ms=7119 run=1 spd=1 ts=20.000 as=13.500 ta=0.000 aa=1.208 se=6.500 so=1.173 ae=-1.208 ao=-1.117 pwm=12 pc=1 hd=-1 y=1.082 yr=0.716 L=0 R=2 OL=11 OR=13 el=13 er=14 ed=-1 dl=13 dr=14 cl=0 cr=0 ok=128 fail=0 vofa=firewater rx=148 txdrop=0
1775028307.4684513,1775028307468451400,5618253628700,HB,30597,7308.0,1,1.02,0.352,13.0,15.0,-2.0,12.0,12.0,1.0,1.0,13.0,15.0,0,0,,HB tick=30597 exp_id=191 t_ms=7308 run=1 spd=1 ts=20.000 as=14.000 ta=0.000 aa=1.082 se=6.000 so=1.136 ae=-1.082 ao=-0.791 pwm=12 pc=1 hd=0 y=1.020 yr=0.352 L=1 R=1 OL=12 OR=12 el=13 er=15 ed=-2 dl=13 dr=15 cl=0 cr=0 ok=129 fail=0 vofa=firewater rx=148 txdrop=0
1775028307.7069967,1775028307706996800,5618492180600,HB,30830,7541.0,1,-0.581,-2.177,14.0,15.0,-1.0,11.0,13.0,0.0,2.0,14.0,15.0,0,0,,HB tick=30830 exp_id=191 t_ms=7541 run=1 spd=1 ts=20.000 as=14.500 ta=0.000 aa=1.020 se=5.500 so=1.104 ae=-1.020 ao=-0.644 pwm=12 pc=1 hd=-1 y=-0.581 yr=-2.177 L=0 R=2 OL=11 OR=13 el=14 er=15 ed=-1 dl=14 dr=15 cl=0 cr=0 ok=130 fail=0 vofa=firewater rx=148 txdrop=0
1775028307.8644485,1775028307864448600,5618649625700,HB,30991,7702.0,1,-1.992,-4.482,14.0,14.0,0.0,13.0,11.0,2.0,0.0,14.0,14.0,0,0,,HB tick=30991 exp_id=191 t_ms=7702 run=1 spd=1 ts=20.000 as=14.000 ta=0.000 aa=-0.581 se=6.000 so=1.165 ae=0.581 ao=0.966 pwm=12 pc=1 hd=1 y=-1.992 yr=-4.482 L=2 R=0 OL=13 OR=11 el=14 er=14 ed=0 dl=14 dr=14 cl=0 cr=0 ok=131 fail=0 vofa=firewater rx=148 txdrop=0
1775028308.1029603,1775028308102960500,5618888137900,HB,31223,7934.0,1,-2.645,-3.898,14.0,14.0,0.0,13.0,11.0,2.0,0.0,14.0,14.0,0,0,,HB tick=31223 exp_id=191 t_ms=7934 run=1 spd=1 ts=20.000 as=14.000 ta=0.000 aa=-1.992 se=6.000 so=1.182 ae=1.992 ao=2.410 pwm=12 pc=1 hd=1 y=-2.645 yr=-3.898 L=2 R=0 OL=13 OR=11 el=14 er=14 ed=0 dl=14 dr=14 cl=0 cr=0 ok=132 fail=0 vofa=firewater rx=148 txdrop=0
1775028308.2581844,1775028308258184500,5619043361600,HB,31388,8099.0,1,-1.96,-1.082,14.0,15.0,-1.0,13.0,11.0,2.0,0.0,14.0,15.0,0,0,,HB tick=31388 exp_id=191 t_ms=8099 run=1 spd=1 ts=20.000 as=14.500 ta=0.000 aa=-2.645 se=5.500 so=1.143 ae=2.645 ao=2.550 pwm=12 pc=1 hd=1 y=-1.960 yr=-1.082 L=2 R=0 OL=13 OR=11 el=14 er=15 ed=-1 dl=14 dr=15 cl=0 cr=0 ok=133 fail=0 vofa=firewater rx=148 txdrop=0
1775028308.456309,1775028308456309000,5619241486300,HB,31577,8288.0,1,-1.737,-0.29,15.0,14.0,1.0,13.0,11.0,2.0,0.0,15.0,14.0,0,0,,HB tick=31577 exp_id=191 t_ms=8288 run=1 spd=1 ts=20.000 as=14.500 ta=0.000 aa=-1.960 se=5.500 so=1.157 ae=1.960 ao=1.308 pwm=12 pc=1 hd=1 y=-1.737 yr=-0.290 L=2 R=0 OL=13 OR=11 el=15 er=14 ed=1 dl=15 dr=14 cl=0 cr=0 ok=134 fail=0 vofa=firewater rx=148 txdrop=0
1775028308.7059724,1775028308705972500,5619491150300,HB,31826,8537.0,1,0.876,3.484,15.0,13.0,2.0,13.0,11.0,2.0,0.0,15.0,13.0,0,0,,HB tick=31826 exp_id=191 t_ms=8537 run=1 spd=1 ts=20.000 as=14.000 ta=0.000 aa=-1.737 se=6.000 so=1.225 ae=1.737 ao=0.944 pwm=12 pc=1 hd=1 y=0.876 yr=3.484 L=2 R=0 OL=13 OR=11 el=15 er=13 ed=2 dl=15 dr=13 cl=0 cr=0 ok=135 fail=0 vofa=firewater rx=148 txdrop=0
1775028308.8617795,1775028308861779400,5619646956500,HB,31983,8694.0,1,1.221,3.034,14.0,14.0,0.0,11.0,13.0,0.0,2.0,14.0,14.0,0,0,,HB tick=31983 exp_id=191 t_ms=8694 run=1 spd=1 ts=20.000 as=14.000 ta=0.000 aa=0.876 se=6.000 so=1.237 ae=-0.876 ao=-1.570 pwm=12 pc=1 hd=-1 y=1.221 yr=3.034 L=0 R=2 OL=11 OR=13 el=14 er=14 ed=0 dl=14 dr=14 cl=0 cr=0 ok=136 fail=0 vofa=firewater rx=148 txdrop=0
1775028309.1119075,1775028309111907500,5619897084500,HB,32232,8943.0,1,0.463,0.907,0.0,11.0,-11.0,12.0,14.0,1.0,3.0,0.0,11.0,0,0,left_output_without_encoder,HB tick=32232 exp_id=191 t_ms=8943 run=1 spd=1 ts=20.000 as=5.500 ta=0.000 aa=1.221 se=14.500 so=2.113 ae=-1.221 ao=-1.599 pwm=13 pc=2 hd=-1 y=0.463 yr=0.907 L=1 R=3 OL=12 OR=14 el=0 er=11 ed=-11 dl=0 dr=11 cl=0 cr=0 ok=137 fail=0 vofa=firewater rx=148 txdrop=0
1775028309.2676907,1775028309267690800,5620052868100,HB,32387,9098.0,1,-2.149,-5.309,0.0,10.0,-10.0,13.0,13.0,2.0,2.0,0.0,10.0,0,0,left_output_without_encoder,HB tick=32387 exp_id=191 t_ms=9098 run=1 spd=1 ts=20.000 as=5.000 ta=0.000 aa=0.463 se=15.000 so=2.190 ae=-0.463 ao=-0.541 pwm=13 pc=2 hd=0 y=-2.149 yr=-5.309 L=2 R=2 OL=13 OR=13 el=0 er=10 ed=-10 dl=0 dr=10 cl=0 cr=0 ok=138 fail=0 vofa=firewater rx=148 txdrop=0
1775028309.4553595,1775028309455359400,5620240536600,HB,32576,9287.0,1,-3.33,-5.638,0.0,9.0,-9.0,14.0,12.0,3.0,1.0,0.0,9.0,0,0,left_output_without_encoder,HB tick=32576 exp_id=191 t_ms=9287 run=1 spd=1 ts=20.000 as=4.500 ta=0.000 aa=-2.149 se=15.500 so=2.274 ae=2.149 ao=2.756 pwm=13 pc=2 hd=1 y=-3.330 yr=-5.638 L=3 R=1 OL=14 OR=12 el=0 er=9 ed=-9 dl=0 dr=9 cl=0 cr=0 ok=139 fail=0 vofa=firewater rx=148 txdrop=0
1775028309.683723,1775028309683722900,5620468900300,HB,32808,9519.0,1,-22.102,-31.984,0.0,9.0,-9.0,14.0,12.0,3.0,1.0,0.0,9.0,0,0,left_output_without_encoder|yaw_jump,HB tick=32808 exp_id=191 t_ms=9519 run=1 spd=1 ts=20.000 as=4.500 ta=0.000 aa=-3.330 se=15.500 so=2.317 ae=3.330 ao=3.453 pwm=13 pc=2 hd=1 y=-22.102 yr=-31.984 L=3 R=1 OL=14 OR=12 el=0 er=9 ed=-9 dl=0 dr=9 cl=0 cr=0 ok=140 fail=0 vofa=firewater rx=148 txdrop=0
1775028309.8914623,1775028309891462400,5620676639400,HB,33013,9724.0,1,-33.836,-40.825,0.0,8.0,-8.0,14.0,12.0,3.0,1.0,0.0,8.0,0,0,left_output_without_encoder|yaw_jump,HB tick=33013 exp_id=191 t_ms=9724 run=1 spd=1 ts=20.000 as=4.000 ta=0.000 aa=-22.102 se=16.000 so=2.407 ae=22.102 ao=7.000 pwm=13 pc=2 hd=1 y=-33.836 yr=-40.825 L=3 R=1 OL=14 OR=12 el=0 er=8 ed=-8 dl=0 dr=8 cl=0 cr=0 ok=141 fail=0 vofa=firewater rx=148 txdrop=0
1775028310.1090686,1775028310109068600,5620894246600,HB,33234,9945.0,1,-51.246,-54.107,0.0,11.0,-11.0,14.0,12.0,3.0,1.0,0.0,11.0,0,0,left_output_without_encoder|yaw_jump,HB tick=33234 exp_id=191 t_ms=9945 run=1 spd=1 ts=20.000 as=5.500 ta=0.000 aa=-33.836 se=14.500 so=2.298 ae=33.836 ao=7.000 pwm=13 pc=2 hd=1 y=-51.246 yr=-54.107 L=3 R=1 OL=14 OR=12 el=0 er=11 ed=-11 dl=0 dr=11 cl=0 cr=0 ok=142 fail=0 vofa=firewater rx=148 txdrop=0
1775028310.3262315,1775028310326231500,5621111409000,HB,33451,10162.0,1,-65.557,-58.252,0.0,12.0,-12.0,14.0,12.0,3.0,1.0,0.0,12.0,0,0,left_output_without_encoder|yaw_jump,HB tick=33451 exp_id=191 t_ms=10162 run=1 spd=1 ts=20.000 as=6.000 ta=0.000 aa=-51.246 se=14.000 so=2.285 ae=51.246 ao=7.000 pwm=13 pc=2 hd=1 y=-65.557 yr=-58.252 L=3 R=1 OL=14 OR=12 el=0 er=12 ed=-12 dl=0 dr=12 cl=0 cr=0 ok=143 fail=0 vofa=firewater rx=148 txdrop=0
1775028310.4818864,1775028310481886400,5621267063600,HB,33607,10318.0,1,-68.373,-44.183,0.0,11.0,-11.0,14.0,12.0,3.0,1.0,0.0,11.0,0,0,left_output_without_encoder,HB tick=33607 exp_id=191 t_ms=10318 run=1 spd=1 ts=20.000 as=5.500 ta=0.000 aa=-65.557 se=14.500 so=2.361 ae=65.557 ao=7.000 pwm=13 pc=2 hd=1 y=-68.373 yr=-44.183 L=3 R=1 OL=14 OR=12 el=0 er=11 ed=-11 dl=0 dr=11 cl=0 cr=0 ok=144 fail=0 vofa=firewater rx=148 txdrop=0
1775028310.6683483,1775028310668348400,5621453525600,HB,33796,10507.0,1,-69.775,-31.314,0.0,9.0,-9.0,14.0,12.0,3.0,1.0,0.0,9.0,0,0,left_output_without_encoder,HB tick=33796 exp_id=191 t_ms=10507 run=1 spd=1 ts=20.000 as=4.500 ta=0.000 aa=-68.373 se=15.500 so=2.495 ae=68.373 ao=7.000 pwm=13 pc=2 hd=1 y=-69.775 yr=-31.314 L=3 R=1 OL=14 OR=12 el=0 er=9 ed=-9 dl=0 dr=9 cl=0 cr=0 ok=145 fail=0 vofa=firewater rx=148 txdrop=0
1775028310.9170315,1775028310917031500,5621702208800,HB,34045,10756.0,1,-102.377,-66.181,0.0,8.0,-8.0,15.0,13.0,4.0,2.0,0.0,8.0,0,0,left_output_without_encoder|yaw_jump,HB tick=34045 exp_id=191 t_ms=10756 run=1 spd=1 ts=20.000 as=4.000 ta=0.000 aa=-69.775 se=16.000 so=2.592 ae=69.775 ao=7.000 pwm=14 pc=3 hd=1 y=-102.377 yr=-66.181 L=4 R=2 OL=15 OR=13 el=0 er=8 ed=-8 dl=0 dr=8 cl=0 cr=0 ok=146 fail=0 vofa=firewater rx=148 txdrop=0
1775028311.125937,1775028311125936900,5621911125000,HB,34246,10957.0,1,-105.409,-48.296,3.0,8.0,-5.0,14.0,12.0,3.0,1.0,3.0,8.0,0,0,,HB tick=34246 exp_id=191 t_ms=10957 run=1 spd=1 ts=20.000 as=5.500 ta=0.000 aa=-102.377 se=14.500 so=2.478 ae=102.377 ao=7.000 pwm=13 pc=2 hd=1 y=-105.409 yr=-48.296 L=3 R=1 OL=14 OR=12 el=3 er=8 ed=-5 dl=3 dr=8 cl=0 cr=0 ok=147 fail=0 vofa=firewater rx=148 txdrop=0
1775028311.2819476,1775028311281947700,5622067124800,HB,34407,11118.0,1,-114.452,-51.052,13.0,8.0,5.0,14.0,12.0,3.0,1.0,13.0,8.0,0,0,yaw_jump,HB tick=34407 exp_id=191 t_ms=11118 run=1 spd=1 ts=20.000 as=10.500 ta=0.000 aa=-105.409 se=9.500 so=2.001 ae=105.409 ao=7.000 pwm=13 pc=2 hd=1 y=-114.452 yr=-51.052 L=3 R=1 OL=14 OR=12 el=13 er=8 ed=5 dl=13 dr=8 cl=0 cr=0 ok=148 fail=0 vofa=firewater rx=148 txdrop=0
1775028311.469675,1775028311469674900,5622254851900,HB,34596,11307.0,1,-116.895,-37.708,9.0,1.0,8.0,15.0,13.0,4.0,2.0,9.0,1.0,0,0,,HB tick=34596 exp_id=191 t_ms=11307 run=1 spd=1 ts=20.000 as=5.000 ta=0.000 aa=-114.452 se=15.000 so=2.579 ae=114.452 ao=7.000 pwm=14 pc=3 hd=1 y=-116.895 yr=-37.708 L=4 R=2 OL=15 OR=13 el=9 er=1 ed=8 dl=9 dr=1 cl=0 cr=0 ok=149 fail=0 vofa=firewater rx=148 txdrop=0
1775028311.7069788,1775028311706978800,5622492155900,HB,34828,11539.0,1,-130.9,-45.639,0.0,0.0,0.0,15.0,13.0,4.0,2.0,0.0,0.0,0,0,left_output_without_encoder|right_output_without_encoder|yaw_jump,HB tick=34828 exp_id=191 t_ms=11539 run=1 spd=1 ts=20.000 as=0.000 ta=0.000 aa=-116.895 se=20.000 so=3.130 ae=116.895 ao=7.000 pwm=14 pc=3 hd=1 y=-130.900 yr=-45.639 L=4 R=2 OL=15 OR=13 el=0 er=0 ed=0 dl=0 dr=0 cl=0 cr=0 ok=150 fail=0 vofa=firewater rx=148 txdrop=0
1775028311.8629992,1775028311862999300,5622648176600,HB,34989,11700.0,1,-130.886,-29.634,0.0,0.0,0.0,15.0,13.0,4.0,2.0,0.0,0.0,0,0,left_output_without_encoder|right_output_without_encoder,HB tick=34989 exp_id=191 t_ms=11700 run=1 spd=1 ts=20.000 as=0.000 ta=0.000 aa=-130.900 se=20.000 so=3.168 ae=130.900 ao=7.000 pwm=14 pc=3 hd=1 y=-130.886 yr=-29.634 L=4 R=2 OL=15 OR=13 el=0 er=0 ed=0 dl=0 dr=0 cl=0 cr=0 ok=151 fail=0 vofa=firewater rx=148 txdrop=0
1775028312.1217744,1775028312121774300,5622906951500,HB,35243,11954.0,1,-130.869,-19.238,0.0,0.0,0.0,15.0,13.0,4.0,2.0,0.0,0.0,0,0,left_output_without_encoder|right_output_without_encoder,HB tick=35243 exp_id=191 t_ms=11954 run=1 spd=1 ts=20.000 as=0.000 ta=0.000 aa=-130.886 se=20.000 so=3.230 ae=130.886 ao=7.000 pwm=14 pc=3 hd=1 y=-130.869 yr=-19.238 L=4 R=2 OL=15 OR=13 el=0 er=0 ed=0 dl=0 dr=0 cl=0 cr=0 ok=152 fail=0 vofa=firewater rx=148 txdrop=0
1775028312.329823,1775028312329822900,5623115000300,HB,35459,12170.0,1,-130.877,-12.518,0.0,0.0,0.0,15.0,13.0,4.0,2.0,0.0,0.0,0,0,left_output_without_encoder|right_output_without_encoder,HB tick=35459 exp_id=191 t_ms=12170 run=1 spd=1 ts=20.000 as=0.000 ta=0.000 aa=-130.869 se=20.000 so=3.281 ae=130.869 ao=7.000 pwm=14 pc=3 hd=1 y=-130.877 yr=-12.518 L=4 R=2 OL=15 OR=13 el=0 er=0 ed=0 dl=0 dr=0 cl=0 cr=0 ok=153 fail=0 vofa=firewater rx=148 txdrop=0
1775028312.4875598,1775028312487559600,5623272739500,HB,35615,12326.0,1,-130.875,-8.131,0.0,0.0,0.0,15.0,13.0,4.0,2.0,0.0,0.0,0,0,left_output_without_encoder|right_output_without_encoder,HB tick=35615 exp_id=191 t_ms=12326 run=1 spd=1 ts=20.000 as=0.000 ta=0.000 aa=-130.877 se=20.000 so=3.319 ae=130.877 ao=7.000 pwm=14 pc=3 hd=1 y=-130.875 yr=-8.131 L=4 R=2 OL=15 OR=13 el=0 er=0 ed=0 dl=0 dr=0 cl=0 cr=0 ok=154 fail=0 vofa=firewater rx=148 txdrop=0
1775028312.7373216,1775028312737321800,5623522499000,HB,35865,12576.0,1,-130.868,-5.276,0.0,0.0,0.0,15.0,13.0,4.0,2.0,0.0,0.0,0,0,left_output_without_encoder|right_output_without_encoder,HB tick=35865 exp_id=191 t_ms=12576 run=1 spd=1 ts=20.000 as=0.000 ta=0.000 aa=-130.875 se=20.000 so=3.379 ae=130.875 ao=7.000 pwm=14 pc=3 hd=1 y=-130.868 yr=-5.276 L=4 R=2 OL=15 OR=13 el=0 er=0 ed=0 dl=0 dr=0 cl=0 cr=0 ok=155 fail=0 vofa=firewater rx=148 txdrop=0
1775028312.8934066,1775028312893406700,5623678583900,HB,36021,12732.0,1,-130.867,-3.428,0.0,0.0,0.0,15.0,13.0,4.0,2.0,0.0,0.0,0,0,left_output_without_encoder|right_output_without_encoder,HB tick=36021 exp_id=191 t_ms=12732 run=1 spd=1 ts=20.000 as=0.000 ta=0.000 aa=-130.868 se=20.000 so=3.418 ae=130.868 ao=7.000 pwm=14 pc=3 hd=1 y=-130.867 yr=-3.428 L=4 R=2 OL=15 OR=13 el=0 er=0 ed=0 dl=0 dr=0 cl=0 cr=0 ok=156 fail=0 vofa=firewater rx=148 txdrop=0
1775028313.1329896,1775028313132989700,5623918166800,HB,36254,12965.0,1,-130.875,-2.239,0.0,0.0,0.0,15.0,13.0,4.0,2.0,0.0,0.0,0,0,left_output_without_encoder|right_output_without_encoder,HB tick=36254 exp_id=191 t_ms=12965 run=1 spd=1 ts=20.000 as=0.000 ta=0.000 aa=-130.867 se=20.000 so=3.473 ae=130.867 ao=7.000 pwm=14 pc=3 hd=1 y=-130.875 yr=-2.239 L=4 R=2 OL=15 OR=13 el=0 er=0 ed=0 dl=0 dr=0 cl=0 cr=0 ok=157 fail=0 vofa=firewater rx=148 txdrop=0
1775028313.2897243,1775028313289724500,5624074902000,HB,36415,13126.0,1,-130.872,-1.449,0.0,0.0,0.0,17.0,13.0,6.0,2.0,0.0,0.0,0,0,left_output_without_encoder|right_output_without_encoder,HB tick=36415 exp_id=191 t_ms=13126 run=1 spd=1 ts=20.000 as=0.000 ta=0.000 aa=-130.875 se=20.000 so=3.511 ae=130.875 ao=7.000 pwm=15 pc=4 hd=2 y=-130.872 yr=-1.449 L=6 R=2 OL=17 OR=13 el=0 er=0 ed=0 dl=0 dr=0 cl=0 cr=0 ok=158 fail=0 vofa=firewater rx=148 txdrop=0
1775028313.5400093,1775028313540009300,5624325186600,HB,36664,13375.0,1,-130.877,-0.95,0.0,0.0,0.0,17.0,13.0,6.0,2.0,0.0,0.0,0,0,left_output_without_encoder|right_output_without_encoder,HB tick=36664 exp_id=191 t_ms=13375 run=1 spd=1 ts=20.000 as=0.000 ta=0.000 aa=-130.872 se=20.000 so=3.571 ae=130.872 ao=7.000 pwm=15 pc=4 hd=2 y=-130.877 yr=-0.950 L=6 R=2 OL=17 OR=13 el=0 er=0 ed=0 dl=0 dr=0 cl=0 cr=0 ok=159 fail=0 vofa=firewater rx=148 txdrop=0
1775028313.7364569,1775028313736457000,5624521634200,HB,36865,13576.0,1,-130.876,-0.616,0.0,0.0,0.0,17.0,13.0,6.0,2.0,0.0,0.0,0,0,left_output_without_encoder|right_output_without_encoder,HB tick=36865 exp_id=191 t_ms=13576 run=1 spd=1 ts=20.000 as=0.000 ta=0.000 aa=-130.877 se=20.000 so=3.619 ae=130.877 ao=7.000 pwm=15 pc=4 hd=2 y=-130.876 yr=-0.616 L=6 R=2 OL=17 OR=13 el=0 er=0 ed=0 dl=0 dr=0 cl=0 cr=0 ok=160 fail=0 vofa=firewater rx=148 txdrop=0
1775028313.945302,1775028313945301900,5624730479300,HB,37070,13781.0,1,-130.874,-0.397,0.0,0.0,0.0,17.0,13.0,6.0,2.0,0.0,0.0,0,0,left_output_without_encoder|right_output_without_encoder,HB tick=37070 exp_id=191 t_ms=13781 run=1 spd=1 ts=20.000 as=0.000 ta=0.000 aa=-130.876 se=20.000 so=3.669 ae=130.876 ao=7.000 pwm=15 pc=4 hd=2 y=-130.874 yr=-0.397 L=6 R=2 OL=17 OR=13 el=0 er=0 ed=0 dl=0 dr=0 cl=0 cr=0 ok=161 fail=0 vofa=firewater rx=148 txdrop=0
1775028314.15329,1775028314153289900,5624938467300,HB,37275,13986.0,1,-130.884,-0.275,0.0,0.0,0.0,17.0,13.0,6.0,2.0,0.0,0.0,0,0,left_output_without_encoder|right_output_without_encoder,HB tick=37275 exp_id=191 t_ms=13986 run=1 spd=1 ts=20.000 as=0.000 ta=0.000 aa=-130.874 se=20.000 so=3.717 ae=130.874 ao=7.000 pwm=15 pc=4 hd=2 y=-130.884 yr=-0.275 L=6 R=2 OL=17 OR=13 el=0 er=0 ed=0 dl=0 dr=0 cl=0 cr=0 ok=162 fail=0 vofa=firewater rx=148 txdrop=0
1775028314.3704562,1775028314370456200,5625155633200,HB,37501,14212.0,1,-130.878,-0.169,0.0,0.0,0.0,17.0,13.0,6.0,2.0,0.0,0.0,0,0,left_output_without_encoder|right_output_without_encoder,HB tick=37501 exp_id=191 t_ms=14212 run=1 spd=1 ts=20.000 as=0.000 ta=0.000 aa=-130.884 se=20.000 so=3.773 ae=130.884 ao=7.000 pwm=15 pc=4 hd=2 y=-130.878 yr=-0.169 L=6 R=2 OL=17 OR=13 el=0 er=0 ed=0 dl=0 dr=0 cl=0 cr=0 ok=163 fail=0 vofa=firewater rx=148 txdrop=0
1775028314.5980115,1775028314598011500,5625383188800,HB,37717,14428.0,1,-130.882,-0.116,0.0,0.0,0.0,17.0,13.0,6.0,2.0,0.0,0.0,0,0,left_output_without_encoder|right_output_without_encoder,HB tick=37717 exp_id=191 t_ms=14428 run=1 spd=1 ts=20.000 as=0.000 ta=0.000 aa=-130.878 se=20.000 so=3.823 ae=130.878 ao=7.000 pwm=15 pc=4 hd=2 y=-130.882 yr=-0.116 L=6 R=2 OL=17 OR=13 el=0 er=0 ed=0 dl=0 dr=0 cl=0 cr=0 ok=164 fail=0 vofa=firewater rx=148 txdrop=0
1775028314.7857533,1775028314785753400,5625570930800,HB,37913,14624.0,1,-130.882,-0.076,0.0,0.0,0.0,17.0,13.0,6.0,2.0,0.0,0.0,0,0,left_output_without_encoder|right_output_without_encoder,HB tick=37913 exp_id=191 t_ms=14624 run=1 spd=1 ts=20.000 as=0.000 ta=0.000 aa=-130.882 se=20.000 so=3.871 ae=130.882 ao=7.000 pwm=15 pc=4 hd=2 y=-130.882 yr=-0.076 L=6 R=2 OL=17 OR=13 el=0 er=0 ed=0 dl=0 dr=0 cl=0 cr=0 ok=165 fail=0 vofa=firewater rx=148 txdrop=0
1775028315.0144205,1775028315014420600,5625799597800,HB,38138,14849.0,1,-130.881,-0.047,0.0,0.0,0.0,17.0,13.0,6.0,2.0,0.0,0.0,0,0,left_output_without_encoder|right_output_without_encoder,HB tick=38138 exp_id=191 t_ms=14849 run=1 spd=1 ts=20.000 as=0.000 ta=0.000 aa=-130.882 se=20.000 so=3.924 ae=130.882 ao=7.000 pwm=15 pc=4 hd=2 y=-130.881 yr=-0.047 L=6 R=2 OL=17 OR=13 el=0 er=0 ed=0 dl=0 dr=0 cl=0 cr=0 ok=166 fail=0 vofa=firewater rx=148 txdrop=0
1775028315.1707757,1775028315170775500,5625955953500,HB,38294,15005.0,1,-130.881,-0.031,0.0,0.0,0.0,17.0,13.0,6.0,2.0,0.0,0.0,0,0,left_output_without_encoder|right_output_without_encoder,HB tick=38294 exp_id=191 t_ms=15005 run=1 spd=1 ts=20.000 as=0.000 ta=0.000 aa=-130.881 se=20.000 so=3.962 ae=130.881 ao=7.000 pwm=15 pc=4 hd=2 y=-130.881 yr=-0.031 L=6 R=2 OL=17 OR=13 el=0 er=0 ed=0 dl=0 dr=0 cl=0 cr=0 ok=167 fail=0 vofa=firewater rx=148 txdrop=0
1775028315.4215994,1775028315421599500,5626206777100,HB,38544,15255.0,1,-130.881,-0.02,0.0,0.0,0.0,17.0,13.0,6.0,2.0,0.0,0.0,0,0,left_output_without_encoder|right_output_without_encoder,HB tick=38544 exp_id=191 t_ms=15255 run=1 spd=1 ts=20.000 as=0.000 ta=0.000 aa=-130.881 se=20.000 so=4.022 ae=130.881 ao=7.000 pwm=15 pc=4 hd=2 y=-130.881 yr=-0.020 L=6 R=2 OL=17 OR=13 el=0 er=0 ed=0 dl=0 dr=0 cl=0 cr=0 ok=168 fail=0 vofa=firewater rx=148 txdrop=0
1775028315.6189005,1775028315618900500,5626404077700,HB,38745,15456.0,1,-130.881,-0.013,0.0,0.0,0.0,17.0,13.0,6.0,2.0,0.0,0.0,0,0,left_output_without_encoder|right_output_without_encoder,HB tick=38745 exp_id=191 t_ms=15456 run=1 spd=1 ts=20.000 as=0.000 ta=0.000 aa=-130.881 se=20.000 so=4.070 ae=130.881 ao=7.000 pwm=15 pc=4 hd=2 y=-130.881 yr=-0.013 L=6 R=2 OL=17 OR=13 el=0 er=0 ed=0 dl=0 dr=0 cl=0 cr=0 ok=169 fail=0 vofa=firewater rx=148 txdrop=0
1775028315.8456447,1775028315845644700,5626630822700,HB,38966,15677.0,1,-130.88,-0.008,0.0,0.0,0.0,17.0,13.0,6.0,2.0,0.0,0.0,0,0,left_output_without_encoder|right_output_without_encoder,HB tick=38966 exp_id=191 t_ms=15677 run=1 spd=1 ts=20.000 as=0.000 ta=0.000 aa=-130.881 se=20.000 so=4.123 ae=130.881 ao=7.000 pwm=15 pc=4 hd=2 y=-130.880 yr=-0.008 L=6 R=2 OL=17 OR=13 el=0 er=0 ed=0 dl=0 dr=0 cl=0 cr=0 ok=170 fail=0 vofa=firewater rx=148 txdrop=0
1775028316.0014892,1775028316001489200,5626786666600,HB,39122,15833.0,1,-130.88,-0.005,0.0,0.0,0.0,17.0,13.0,6.0,2.0,0.0,0.0,0,0,left_output_without_encoder|right_output_without_encoder,HB tick=39122 exp_id=191 t_ms=15833 run=1 spd=1 ts=20.000 as=0.000 ta=0.000 aa=-130.880 se=20.000 so=4.161 ae=130.880 ao=7.000 pwm=15 pc=4 hd=2 y=-130.880 yr=-0.005 L=6 R=2 OL=17 OR=13 el=0 er=0 ed=0 dl=0 dr=0 cl=0 cr=0 ok=171 fail=0 vofa=firewater rx=148 txdrop=0
1775028316.2511551,1775028316251155300,5627036332800,HB,39371,16082.0,1,-130.88,-0.003,0.0,0.0,0.0,17.0,13.0,6.0,2.0,0.0,0.0,0,0,left_output_without_encoder|right_output_without_encoder,HB tick=39371 exp_id=191 t_ms=16082 run=1 spd=1 ts=20.000 as=0.000 ta=0.000 aa=-130.880 se=20.000 so=4.221 ae=130.880 ao=7.000 pwm=15 pc=4 hd=2 y=-130.880 yr=-0.003 L=6 R=2 OL=17 OR=13 el=0 er=0 ed=0 dl=0 dr=0 cl=0 cr=0 ok=172 fail=0 vofa=firewater rx=148 txdrop=0
1775028316.4595177,1775028316459517800,5627244695000,HB,39588,16299.0,1,-130.881,-0.003,0.0,0.0,0.0,17.0,13.0,6.0,2.0,0.0,0.0,0,0,left_output_without_encoder|right_output_without_encoder,HB tick=39588 exp_id=191 t_ms=16299 run=1 spd=1 ts=20.000 as=0.000 ta=0.000 aa=-130.880 se=20.000 so=4.272 ae=130.880 ao=7.000 pwm=15 pc=4 hd=2 y=-130.881 yr=-0.003 L=6 R=2 OL=17 OR=13 el=0 er=0 ed=0 dl=0 dr=0 cl=0 cr=0 ok=173 fail=0 vofa=firewater rx=148 txdrop=0
1775028316.6149783,1775028316614978400,5627400155300,HB,39744,16455.0,1,-130.881,-0.002,0.0,0.0,0.0,17.0,13.0,6.0,2.0,0.0,0.0,0,0,left_output_without_encoder|right_output_without_encoder,HB tick=39744 exp_id=191 t_ms=16455 run=1 spd=1 ts=20.000 as=0.000 ta=0.000 aa=-130.881 se=20.000 so=4.310 ae=130.881 ao=7.000 pwm=15 pc=4 hd=2 y=-130.881 yr=-0.002 L=6 R=2 OL=17 OR=13 el=0 er=0 ed=0 dl=0 dr=0 cl=0 cr=0 ok=174 fail=0 vofa=firewater rx=148 txdrop=0
1775028316.8023307,1775028316802330600,5627587507900,HB,39933,16644.0,1,-130.881,-0.002,0.0,0.0,0.0,17.0,13.0,6.0,2.0,0.0,0.0,0,0,left_output_without_encoder|right_output_without_encoder,HB tick=39933 exp_id=191 t_ms=16644 run=1 spd=1 ts=20.000 as=0.000 ta=0.000 aa=-130.881 se=20.000 so=4.356 ae=130.881 ao=7.000 pwm=15 pc=4 hd=2 y=-130.881 yr=-0.002 L=6 R=2 OL=17 OR=13 el=0 er=0 ed=0 dl=0 dr=0 cl=0 cr=0 ok=175 fail=0 vofa=firewater rx=148 txdrop=0
1775028317.0611029,1775028317061102900,5627846280000,HB,40182,16893.0,1,-130.881,-0.001,0.0,0.0,0.0,17.0,13.0,6.0,2.0,0.0,0.0,0,0,left_output_without_encoder|right_output_without_encoder,HB tick=40182 exp_id=191 t_ms=16893 run=1 spd=1 ts=20.000 as=0.000 ta=0.000 aa=-130.881 se=20.000 so=4.416 ae=130.881 ao=7.000 pwm=15 pc=4 hd=2 y=-130.881 yr=-0.001 L=6 R=2 OL=17 OR=13 el=0 er=0 ed=0 dl=0 dr=0 cl=0 cr=0 ok=176 fail=0 vofa=firewater rx=148 txdrop=0
1775028317.2592878,1775028317259287900,5628044465100,HB,40383,17094.0,1,-130.881,-0.001,0.0,0.0,0.0,17.0,13.0,6.0,2.0,0.0,0.0,0,0,left_output_without_encoder|right_output_without_encoder,HB tick=40383 exp_id=191 t_ms=17094 run=1 spd=1 ts=20.000 as=0.000 ta=0.000 aa=-130.881 se=20.000 so=4.464 ae=130.881 ao=7.000 pwm=15 pc=4 hd=2 y=-130.881 yr=-0.001 L=6 R=2 OL=17 OR=13 el=0 er=0 ed=0 dl=0 dr=0 cl=0 cr=0 ok=177 fail=0 vofa=firewater rx=148 txdrop=0
1775028317.4150043,1775028317415004200,5628200181300,HB,40544,17255.0,1,-130.881,-0.001,0.0,0.0,0.0,18.0,14.0,7.0,3.0,0.0,0.0,0,0,left_output_without_encoder|right_output_without_encoder,HB tick=40544 exp_id=191 t_ms=17255 run=1 spd=1 ts=20.000 as=0.000 ta=0.000 aa=-130.881 se=20.000 so=4.502 ae=130.881 ao=7.000 pwm=16 pc=5 hd=2 y=-130.881 yr=-0.001 L=7 R=3 OL=18 OR=14 el=0 er=0 ed=0 dl=0 dr=0 cl=0 cr=0 ok=178 fail=0 vofa=firewater rx=148 txdrop=0
1775028317.6126342,1775028317612634200,5628397811500,HB,40733,17444.0,1,-130.881,-0.001,0.0,0.0,0.0,18.0,14.0,7.0,3.0,0.0,0.0,0,0,left_output_without_encoder|right_output_without_encoder,HB tick=40733 exp_id=191 t_ms=17444 run=1 spd=1 ts=20.000 as=0.000 ta=0.000 aa=-130.881 se=20.000 so=4.548 ae=130.881 ao=7.000 pwm=16 pc=5 hd=2 y=-130.881 yr=-0.001 L=7 R=3 OL=18 OR=14 el=0 er=0 ed=0 dl=0 dr=0 cl=0 cr=0 ok=179 fail=0 vofa=firewater rx=148 txdrop=0
1775028317.8415005,1775028317841500300,5628626677400,HB,40966,17677.0,1,-130.881,-0.0,1.0,0.0,1.0,18.0,14.0,7.0,3.0,1.0,0.0,0,0,right_output_without_encoder,HB tick=40966 exp_id=191 t_ms=17677 run=1 spd=1 ts=20.000 as=0.500 ta=0.000 aa=-130.881 se=19.500 so=4.553 ae=130.881 ao=7.000 pwm=16 pc=5 hd=2 y=-130.881 yr=-0.000 L=7 R=3 OL=18 OR=14 el=1 er=0 ed=1 dl=1 dr=0 cl=0 cr=0 ok=180 fail=0 vofa=firewater rx=148 txdrop=0
1775028317.9976037,1775028317997603500,5628782780800,HB,41126,17837.0,1,-130.881,0.001,3.0,0.0,3.0,17.0,13.0,6.0,2.0,3.0,0.0,0,0,right_output_without_encoder,HB tick=41126 exp_id=191 t_ms=17837 run=1 spd=1 ts=20.000 as=1.500 ta=0.000 aa=-130.881 se=18.500 so=4.490 ae=130.881 ao=7.000 pwm=15 pc=4 hd=2 y=-130.881 yr=0.001 L=6 R=2 OL=17 OR=13 el=3 er=0 ed=3 dl=3 dr=0 cl=0 cr=0 ok=181 fail=0 vofa=firewater rx=148 txdrop=0
1775028318.2583764,1775028318258376400,5629043553400,HB,41379,18090.0,1,-130.879,0.003,11.0,0.0,11.0,17.0,13.0,6.0,2.0,11.0,0.0,0,0,right_output_without_encoder,HB tick=41379 exp_id=191 t_ms=18090 run=1 spd=1 ts=20.000 as=5.500 ta=0.000 aa=-130.881 se=14.500 so=4.133 ae=130.881 ao=7.000 pwm=15 pc=4 hd=2 y=-130.879 yr=0.003 L=6 R=2 OL=17 OR=13 el=11 er=0 ed=11 dl=11 dr=0 cl=0 cr=0 ok=182 fail=0 vofa=firewater rx=148 txdrop=0
1775028318.4546232,1775028318454623300,5629239800800,HB,41580,18291.0,1,-130.864,0.028,6.0,0.0,6.0,17.0,13.0,6.0,2.0,6.0,0.0,0,0,right_output_without_encoder,HB tick=41580 exp_id=191 t_ms=18291 run=1 spd=1 ts=20.000 as=3.000 ta=0.000 aa=-130.879 se=17.000 so=4.423 ae=130.879 ao=7.000 pwm=15 pc=4 hd=2 y=-130.864 yr=0.028 L=6 R=2 OL=17 OR=13 el=6 er=0 ed=6 dl=6 dr=0 cl=0 cr=0 ok=183 fail=0 vofa=firewater rx=148 txdrop=0
1775028318.6723244,1775028318672324400,5629457501800,HB,41802,18513.0,1,-130.859,0.027,0.0,0.0,0.0,18.0,14.0,7.0,3.0,0.0,0.0,0,0,left_output_without_encoder|right_output_without_encoder,HB tick=41802 exp_id=191 t_ms=18513 run=1 spd=1 ts=20.000 as=0.000 ta=0.000 aa=-130.864 se=20.000 so=4.775 ae=130.864 ao=7.000 pwm=16 pc=5 hd=2 y=-130.859 yr=0.027 L=7 R=3 OL=18 OR=14 el=0 er=0 ed=0 dl=0 dr=0 cl=0 cr=0 ok=184 fail=0 vofa=firewater rx=148 txdrop=0
1775028318.8802907,1775028318880290800,5629665467800,HB,42002,18713.0,1,-130.858,0.019,0.0,0.0,0.0,18.0,14.0,7.0,3.0,0.0,0.0,0,0,left_output_without_encoder|right_output_without_encoder,HB tick=42002 exp_id=191 t_ms=18713 run=1 spd=1 ts=20.000 as=0.000 ta=0.000 aa=-130.859 se=20.000 so=4.823 ae=130.859 ao=7.000 pwm=16 pc=5 hd=2 y=-130.858 yr=0.019 L=7 R=3 OL=18 OR=14 el=0 er=0 ed=0 dl=0 dr=0 cl=0 cr=0 ok=185 fail=0 vofa=firewater rx=148 txdrop=0
1775028319.0980535,1775028319098053400,5629883230500,HB,42224,18935.0,1,-130.856,0.014,0.0,0.0,0.0,18.0,14.0,7.0,3.0,0.0,0.0,0,0,left_output_without_encoder|right_output_without_encoder,HB tick=42224 exp_id=191 t_ms=18935 run=1 spd=1 ts=20.000 as=0.000 ta=0.000 aa=-130.858 se=20.000 so=4.876 ae=130.858 ao=7.000 pwm=16 pc=5 hd=2 y=-130.856 yr=0.014 L=7 R=3 OL=18 OR=14 el=0 er=0 ed=0 dl=0 dr=0 cl=0 cr=0 ok=186 fail=0 vofa=firewater rx=148 txdrop=0
1775028319.3168511,1775028319316851200,5630102028400,HB,42441,19151.0,1,-130.851,0.018,0.0,0.0,0.0,18.0,14.0,7.0,3.0,0.0,0.0,0,0,left_output_without_encoder|right_output_without_encoder,HB tick=42441 exp_id=191 t_ms=19151 run=1 spd=1 ts=20.000 as=0.000 ta=0.000 aa=-130.856 se=20.000 so=4.928 ae=130.856 ao=7.000 pwm=16 pc=5 hd=2 y=-130.851 yr=0.018 L=7 R=3 OL=18 OR=14 el=0 er=0 ed=0 dl=0 dr=0 cl=0 cr=0 ok=187 fail=0 vofa=firewater rx=148 txdrop=0
1775028319.5272248,1775028319527224800,5630312403400,HB,42657,19368.0,1,-130.856,0.004,0.0,0.0,0.0,18.0,14.0,7.0,3.0,0.0,0.0,0,0,left_output_without_encoder|right_output_without_encoder,HB tick=42657 exp_id=191 t_ms=19368 run=1 spd=1 ts=20.000 as=0.000 ta=0.000 aa=-130.851 se=20.000 so=4.979 ae=130.851 ao=7.000 pwm=16 pc=5 hd=2 y=-130.856 yr=0.004 L=7 R=3 OL=18 OR=14 el=0 er=0 ed=0 dl=0 dr=0 cl=0 cr=0 ok=188 fail=0 vofa=firewater rx=148 txdrop=0
1775028319.682432,1775028319682432000,5630467609300,HB,42813,19524.0,1,-130.856,0.003,0.0,0.0,0.0,18.0,14.0,7.0,3.0,0.0,0.0,0,0,left_output_without_encoder|right_output_without_encoder,HB tick=42813 exp_id=191 t_ms=19524 run=1 spd=1 ts=20.000 as=0.000 ta=0.000 aa=-130.856 se=20.000 so=5.017 ae=130.856 ao=7.000 pwm=16 pc=5 hd=2 y=-130.856 yr=0.003 L=7 R=3 OL=18 OR=14 el=0 er=0 ed=0 dl=0 dr=0 cl=0 cr=0 ok=189 fail=0 vofa=firewater rx=148 txdrop=0
1775028319.941996,1775028319941996000,5630727173200,HB,43063,19774.0,1,-130.857,0.0,0.0,0.0,0.0,18.0,14.0,7.0,3.0,0.0,0.0,0,0,left_output_without_encoder|right_output_without_encoder,HB tick=43063 exp_id=191 t_ms=19774 run=1 spd=1 ts=20.000 as=0.000 ta=0.000 aa=-130.856 se=20.000 so=5.077 ae=130.856 ao=7.000 pwm=16 pc=5 hd=2 y=-130.857 yr=0.000 L=7 R=3 OL=18 OR=14 el=0 er=0 ed=0 dl=0 dr=0 cl=0 cr=0 ok=190 fail=0 vofa=firewater rx=148 txdrop=0
1775028320.1500442,1775028320150044200,5630935221700,HB,43279,19990.0,1,-130.858,-0.001,0.0,0.0,0.0,18.0,14.0,7.0,3.0,0.0,0.0,0,0,left_output_without_encoder|right_output_without_encoder,HB tick=43279 exp_id=191 t_ms=19990 run=1 spd=1 ts=20.000 as=0.000 ta=0.000 aa=-130.857 se=20.000 so=5.128 ae=130.857 ao=7.000 pwm=16 pc=5 hd=2 y=-130.858 yr=-0.001 L=7 R=3 OL=18 OR=14 el=0 er=0 ed=0 dl=0 dr=0 cl=0 cr=0 ok=191 fail=0 vofa=firewater rx=148 txdrop=0
1775028320.3053644,1775028320305364600,5631090542200,HB,43435,20146.0,1,-130.857,0.0,0.0,0.0,0.0,18.0,14.0,7.0,3.0,0.0,0.0,0,0,left_output_without_encoder|right_output_without_encoder,HB tick=43435 exp_id=191 t_ms=20146 run=1 spd=1 ts=20.000 as=0.000 ta=0.000 aa=-130.858 se=20.000 so=5.166 ae=130.858 ao=7.000 pwm=16 pc=5 hd=2 y=-130.857 yr=0.000 L=7 R=3 OL=18 OR=14 el=0 er=0 ed=0 dl=0 dr=0 cl=0 cr=0 ok=192 fail=0 vofa=firewater rx=148 txdrop=0
1775028320.5438612,1775028320543861300,5631329038600,HB,43668,20379.0,1,-130.858,-0.001,0.0,0.0,0.0,18.0,14.0,7.0,3.0,0.0,0.0,0,0,left_output_without_encoder|right_output_without_encoder,HB tick=43668 exp_id=191 t_ms=20379 run=1 spd=1 ts=20.000 as=0.000 ta=0.000 aa=-130.857 se=20.000 so=5.221 ae=130.857 ao=7.000 pwm=16 pc=5 hd=2 y=-130.858 yr=-0.001 L=7 R=3 OL=18 OR=14 el=0 er=0 ed=0 dl=0 dr=0 cl=0 cr=0 ok=193 fail=0 vofa=firewater rx=148 txdrop=0
1775028320.7626755,1775028320762675400,5631547852700,HB,43889,20600.0,1,-130.858,-0.0,0.0,0.0,0.0,18.0,14.0,7.0,3.0,0.0,0.0,0,0,left_output_without_encoder|right_output_without_encoder,HB tick=43889 exp_id=191 t_ms=20600 run=1 spd=1 ts=20.000 as=0.000 ta=0.000 aa=-130.858 se=20.000 so=5.274 ae=130.858 ao=7.000 pwm=16 pc=5 hd=2 y=-130.858 yr=-0.000 L=7 R=3 OL=18 OR=14 el=0 er=0 ed=0 dl=0 dr=0 cl=0 cr=0 ok=194 fail=0 vofa=firewater rx=148 txdrop=0
1775028320.981135,1775028320981134900,5631766312000,HB,44106,20817.0,1,-130.858,-0.001,0.0,0.0,0.0,18.0,14.0,7.0,3.0,0.0,0.0,0,0,left_output_without_encoder|right_output_without_encoder,HB tick=44106 exp_id=191 t_ms=20817 run=1 spd=1 ts=20.000 as=0.000 ta=0.000 aa=-130.858 se=20.000 so=5.327 ae=130.858 ao=7.000 pwm=16 pc=5 hd=2 y=-130.858 yr=-0.001 L=7 R=3 OL=18 OR=14 el=0 er=0 ed=0 dl=0 dr=0 cl=0 cr=0 ok=195 fail=0 vofa=firewater rx=148 txdrop=0
1775028321.1384013,1775028321138401200,5631923579100,HB,44262,20973.0,1,-130.858,-0.0,0.0,0.0,0.0,18.0,14.0,7.0,3.0,0.0,0.0,0,0,left_output_without_encoder|right_output_without_encoder,HB tick=44262 exp_id=191 t_ms=20973 run=1 spd=1 ts=20.000 as=0.000 ta=0.000 aa=-130.858 se=20.000 so=5.365 ae=130.858 ao=7.000 pwm=16 pc=5 hd=2 y=-130.858 yr=-0.000 L=7 R=3 OL=18 OR=14 el=0 er=0 ed=0 dl=0 dr=0 cl=0 cr=0 ok=196 fail=0 vofa=firewater rx=148 txdrop=0
1775028321.3688083,1775028321368808200,5632153985500,HB,44494,21205.0,1,-130.859,-0.001,0.0,0.0,0.0,18.0,14.0,7.0,3.0,0.0,0.0,0,0,left_output_without_encoder|right_output_without_encoder,HB tick=44494 exp_id=191 t_ms=21205 run=1 spd=1 ts=20.000 as=0.000 ta=0.000 aa=-130.858 se=20.000 so=5.420 ae=130.858 ao=7.000 pwm=16 pc=5 hd=2 y=-130.859 yr=-0.001 L=7 R=3 OL=18 OR=14 el=0 er=0 ed=0 dl=0 dr=0 cl=0 cr=0 ok=197 fail=0 vofa=firewater rx=148 txdrop=0
1775028321.607282,1775028321607281800,5632392459900,HB,44720,21431.0,1,-130.852,0.009,0.0,0.0,0.0,18.0,14.0,7.0,3.0,0.0,0.0,0,0,left_output_without_encoder|right_output_without_encoder,HB tick=44720 exp_id=191 t_ms=21431 run=1 spd=1 ts=20.000 as=0.000 ta=0.000 aa=-130.859 se=20.000 so=5.476 ae=130.859 ao=7.000 pwm=16 pc=5 hd=2 y=-130.852 yr=0.009 L=7 R=3 OL=18 OR=14 el=0 er=0 ed=0 dl=0 dr=0 cl=0 cr=0 ok=198 fail=0 vofa=firewater rx=148 txdrop=0
1775028321.794279,1775028321794279200,5632579456600,HB,44921,21632.0,1,-130.852,0.006,0.0,0.0,0.0,20.0,14.0,9.0,3.0,0.0,0.0,0,0,left_output_without_encoder|right_output_without_encoder,HB tick=44921 exp_id=191 t_ms=21632 run=1 spd=1 ts=20.000 as=0.000 ta=0.000 aa=-130.852 se=20.000 so=5.524 ae=130.852 ao=7.000 pwm=17 pc=6 hd=3 y=-130.852 yr=0.006 L=9 R=3 OL=20 OR=14 el=0 er=0 ed=0 dl=0 dr=0 cl=0 cr=0 ok=199 fail=0 vofa=firewater rx=148 txdrop=0
1775028322.0123775,1775028322012377600,5632797554500,HB,45142,21853.0,1,-130.853,0.003,0.0,0.0,0.0,20.0,14.0,9.0,3.0,0.0,0.0,0,0,left_output_without_encoder|right_output_without_encoder,HB tick=45142 exp_id=191 t_ms=21853 run=1 spd=1 ts=20.000 as=0.000 ta=0.000 aa=-130.852 se=20.000 so=5.576 ae=130.852 ao=7.000 pwm=17 pc=6 hd=3 y=-130.853 yr=0.003 L=9 R=3 OL=20 OR=14 el=0 er=0 ed=0 dl=0 dr=0 cl=0 cr=0 ok=200 fail=0 vofa=firewater rx=148 txdrop=0
1775028322.1680202,1775028322168020300,5632953197900,HB,45299,22010.0,1,-130.853,0.002,6.0,14.0,-8.0,18.0,14.0,7.0,3.0,6.0,14.0,0,0,,HB tick=45299 exp_id=191 t_ms=22010 run=1 spd=1 ts=20.000 as=10.000 ta=0.000 aa=-130.853 se=10.000 so=4.602 ae=130.853 ao=7.000 pwm=16 pc=5 hd=2 y=-130.853 yr=0.002 L=7 R=3 OL=18 OR=14 el=6 er=14 ed=-8 dl=6 dr=14 cl=0 cr=0 ok=201 fail=0 vofa=firewater rx=148 txdrop=0
1775028322.4080215,1775028322408021400,5633193198700,HB,45531,22242.0,1,-142.467,-17.52,13.0,8.0,5.0,18.0,14.0,7.0,3.0,13.0,8.0,0,0,yaw_jump,HB tick=45531 exp_id=191 t_ms=22242 run=1 spd=1 ts=20.000 as=10.500 ta=0.000 aa=-130.853 se=9.500 so=4.584 ae=130.853 ao=7.000 pwm=16 pc=5 hd=2 y=-142.467 yr=-17.520 L=7 R=3 OL=18 OR=14 el=13 er=8 ed=5 dl=13 dr=8 cl=0 cr=0 ok=202 fail=0 vofa=firewater rx=148 txdrop=0
1775028322.6261063,1775028322626106400,5633411283400,HB,45752,22463.0,1,-143.669,-13.292,16.0,13.0,3.0,17.0,13.0,6.0,2.0,16.0,13.0,0,0,,HB tick=45752 exp_id=191 t_ms=22463 run=1 spd=1 ts=20.000 as=14.500 ta=0.000 aa=-142.467 se=5.500 so=4.203 ae=142.467 ao=7.000 pwm=15 pc=4 hd=2 y=-143.669 yr=-13.292 L=6 R=2 OL=17 OR=13 el=16 er=13 ed=3 dl=16 dr=13 cl=0 cr=0 ok=203 fail=0 vofa=firewater rx=148 txdrop=0
1775028322.8445685,1775028322844568500,5633629745800,HB,45969,22680.0,1,-139.228,-1.477,19.0,15.0,4.0,17.0,13.0,6.0,2.0,19.0,15.0,0,0,,HB tick=45969 exp_id=191 t_ms=22680 run=1 spd=1 ts=20.000 as=17.000 ta=0.000 aa=-143.669 se=3.000 so=3.965 ae=143.669 ao=7.000 pwm=15 pc=4 hd=2 y=-139.228 yr=-1.477 L=6 R=2 OL=17 OR=13 el=19 er=15 ed=4 dl=19 dr=15 cl=0 cr=0 ok=204 fail=0 vofa=firewater rx=148 txdrop=0
1775028323.0420468,1775028323042046800,5633827224100,HB,46169,22880.0,1,-138.178,0.878,20.0,16.0,4.0,17.0,13.0,6.0,2.0,20.0,16.0,0,0,,HB tick=46169 exp_id=191 t_ms=22880 run=1 spd=1 ts=20.000 as=18.000 ta=0.000 aa=-139.228 se=2.000 so=3.870 ae=139.228 ao=7.000 pwm=15 pc=4 hd=2 y=-138.178 yr=0.878 L=6 R=2 OL=17 OR=13 el=20 er=16 ed=4 dl=20 dr=16 cl=0 cr=0 ok=205 fail=0 vofa=firewater rx=148 txdrop=0
1775028323.2084022,1775028323208402100,5633993579200,HB,46330,23041.0,1,-135.139,7.178,20.0,17.0,3.0,17.0,13.0,6.0,2.0,20.0,17.0,0,0,,HB tick=46330 exp_id=191 t_ms=23041 run=1 spd=1 ts=20.000 as=18.500 ta=0.000 aa=-138.178 se=1.500 so=3.823 ae=138.178 ao=7.000 pwm=15 pc=4 hd=2 y=-135.139 yr=7.178 L=6 R=2 OL=17 OR=13 el=20 er=17 ed=3 dl=20 dr=17 cl=0 cr=0 ok=206 fail=0 vofa=firewater rx=148 txdrop=0
1775028323.467045,1775028323467045000,5634252222000,HB,46591,23302.0,1,-123.814,19.852,21.0,16.0,5.0,17.0,13.0,6.0,2.0,21.0,16.0,0,0,yaw_jump,HB tick=46591 exp_id=191 t_ms=23302 run=1 spd=1 ts=20.000 as=18.500 ta=0.000 aa=-135.139 se=1.500 so=3.829 ae=135.139 ao=7.000 pwm=15 pc=4 hd=2 y=-123.814 yr=19.852 L=6 R=2 OL=17 OR=13 el=21 er=16 ed=5 dl=21 dr=16 cl=0 cr=0 ok=207 fail=0 vofa=firewater rx=148 txdrop=0
1775028323.6647978,1775028323664797600,5634449975600,HB,46787,23498.0,1,-122.65,14.981,21.0,16.0,5.0,17.0,13.0,6.0,2.0,21.0,16.0,0,0,,HB tick=46787 exp_id=191 t_ms=23498 run=1 spd=1 ts=20.000 as=18.500 ta=0.000 aa=-123.814 se=1.500 so=3.832 ae=123.814 ao=7.000 pwm=15 pc=4 hd=2 y=-122.650 yr=14.981 L=6 R=2 OL=17 OR=13 el=21 er=16 ed=5 dl=21 dr=16 cl=0 cr=0 ok=208 fail=0 vofa=firewater rx=148 txdrop=0
1775028323.822459,1775028323822458800,5634607639800,HB,46948,23659.0,1,-118.641,18.453,22.0,16.0,6.0,17.0,13.0,6.0,2.0,22.0,16.0,0,0,,HB tick=46948 exp_id=191 t_ms=23659 run=1 spd=1 ts=20.000 as=19.000 ta=0.000 aa=-122.650 se=1.000 so=3.785 ae=122.650 ao=7.000 pwm=15 pc=4 hd=2 y=-118.641 yr=18.453 L=6 R=2 OL=17 OR=13 el=22 er=16 ed=6 dl=22 dr=16 cl=0 cr=0 ok=209 fail=0 vofa=firewater rx=148 txdrop=0
1775028324.0608652,1775028324060865400,5634846042500,HB,47180,23891.0,1,-112.466,21.311,23.0,17.0,6.0,17.0,13.0,6.0,2.0,23.0,17.0,0,0,,HB tick=47180 exp_id=191 t_ms=23891 run=1 spd=1 ts=20.000 as=20.000 ta=0.000 aa=-118.641 se=0.000 so=3.688 ae=118.641 ao=7.000 pwm=15 pc=4 hd=2 y=-112.466 yr=21.311 L=6 R=2 OL=17 OR=13 el=23 er=17 ed=6 dl=23 dr=17 cl=0 cr=0 ok=210 fail=0 vofa=firewater rx=148 txdrop=0
1775028324.2795806,1775028324279580600,5635064757700,HB,47402,24113.0,1,-92.46,45.393,26.0,17.0,9.0,17.0,13.0,6.0,2.0,26.0,17.0,0,0,yaw_jump,HB tick=47402 exp_id=191 t_ms=24113 run=1 spd=1 ts=20.000 as=21.500 ta=0.000 aa=-112.466 se=-1.500 so=3.536 ae=112.466 ao=7.000 pwm=15 pc=4 hd=2 y=-92.460 yr=45.393 L=6 R=2 OL=17 OR=13 el=26 er=17 ed=9 dl=26 dr=17 cl=0 cr=0 ok=211 fail=0 vofa=firewater rx=148 txdrop=0
1775028324.4882958,1775028324488295700,5635273472800,HB,47618,24329.0,1,-53.58,92.506,24.0,18.0,6.0,17.0,13.0,6.0,2.0,24.0,18.0,0,0,yaw_jump,HB tick=47618 exp_id=191 t_ms=24329 run=1 spd=1 ts=20.000 as=21.000 ta=0.000 aa=-92.460 se=-1.000 so=3.583 ae=92.460 ao=7.000 pwm=15 pc=4 hd=2 y=-53.580 yr=92.506 L=6 R=2 OL=17 OR=13 el=24 er=18 ed=6 dl=24 dr=18 cl=0 cr=0 ok=212 fail=0 vofa=firewater rx=148 txdrop=0
1775028324.6962776,1775028324696277500,5635481454600,HB,47819,24530.0,1,-33.45,95.181,24.0,17.0,7.0,17.0,13.0,6.0,2.0,24.0,17.0,0,0,yaw_jump,HB tick=47819 exp_id=191 t_ms=24530 run=1 spd=1 ts=20.000 as=20.500 ta=0.000 aa=-53.580 se=-0.500 so=3.632 ae=53.580 ao=7.000 pwm=15 pc=4 hd=2 y=-33.450 yr=95.181 L=6 R=2 OL=17 OR=13 el=24 er=17 ed=7 dl=24 dr=17 cl=0 cr=0 ok=213 fail=0 vofa=firewater rx=148 txdrop=0
1775028324.851726,1775028324851726100,5635636903600,HB,47980,24691.0,1,-15.872,100.08,24.0,18.0,6.0,17.0,13.0,6.0,2.0,24.0,18.0,0,0,yaw_jump,HB tick=47980 exp_id=191 t_ms=24691 run=1 spd=1 ts=20.000 as=21.000 ta=0.000 aa=-33.450 se=-1.000 so=3.580 ae=33.450 ao=7.000 pwm=15 pc=4 hd=2 y=-15.872 yr=100.080 L=6 R=2 OL=17 OR=13 el=24 er=18 ed=6 dl=24 dr=18 cl=0 cr=0 ok=214 fail=0 vofa=firewater rx=148 txdrop=0
1775028325.0382698,1775028325038269800,5635823447300,HB,48169,24880.0,1,-13.049,70.281,21.0,20.0,1.0,16.0,14.0,5.0,3.0,21.0,20.0,0,0,,HB tick=48169 exp_id=191 t_ms=24880 run=1 spd=1 ts=20.000 as=20.500 ta=0.000 aa=-15.872 se=-0.500 so=3.629 ae=15.872 ao=0.416 pwm=15 pc=4 hd=1 y=-13.049 yr=70.281 L=5 R=3 OL=16 OR=14 el=21 er=20 ed=1 dl=21 dr=20 cl=0 cr=0 ok=215 fail=0 vofa=firewater rx=148 txdrop=0
1775028325.2877324,1775028325287732500,5636072909700,HB,48418,25129.0,1,-0.389,63.477,14.0,22.0,-8.0,14.0,16.0,3.0,5.0,14.0,22.0,0,0,yaw_jump,HB tick=48418 exp_id=191 t_ms=25129 run=1 spd=1 ts=20.000 as=18.000 ta=0.000 aa=-13.049 se=2.000 so=3.880 ae=13.049 ao=-0.996 pwm=15 pc=4 hd=-1 y=-0.389 yr=63.477 L=3 R=5 OL=14 OR=16 el=14 er=22 ed=-8 dl=14 dr=22 cl=0 cr=0 ok=216 fail=0 vofa=firewater rx=148 txdrop=0
1775028325.4963796,1775028325496379700,5636281557200,HB,48619,25330.0,1,-2.219,38.074,13.0,21.0,-8.0,13.0,17.0,2.0,6.0,13.0,21.0,0,0,,HB tick=48619 exp_id=191 t_ms=25330 run=1 spd=1 ts=20.000 as=17.000 ta=0.000 aa=-0.389 se=3.000 so=3.988 ae=0.389 ao=-7.000 pwm=15 pc=4 hd=-2 y=-2.219 yr=38.074 L=2 R=6 OL=13 OR=17 el=13 er=21 ed=-8 dl=13 dr=21 cl=0 cr=0 ok=217 fail=0 vofa=firewater rx=148 txdrop=0
1775028325.651664,1775028325651664100,5636436841200,HB,48780,25491.0,1,-9.208,9.555,14.0,21.0,-7.0,13.0,17.0,2.0,6.0,14.0,21.0,0,0,,HB tick=48780 exp_id=191 t_ms=25491 run=1 spd=1 ts=20.000 as=17.500 ta=0.000 aa=-2.219 se=2.500 so=3.944 ae=2.219 ao=-6.411 pwm=15 pc=4 hd=-2 y=-9.208 yr=9.555 L=2 R=6 OL=13 OR=17 el=14 er=21 ed=-7 dl=14 dr=21 cl=0 cr=0 ok=218 fail=0 vofa=firewater rx=148 txdrop=0
1775028325.8482633,1775028325848263100,5636633440300,HB,48969,25680.0,1,-11.301,2.334,18.0,19.0,-1.0,17.0,13.0,6.0,2.0,18.0,19.0,0,0,,HB tick=48969 exp_id=191 t_ms=25680 run=1 spd=1 ts=20.000 as=18.500 ta=0.000 aa=-9.208 se=1.500 so=3.849 ae=9.208 ao=2.026 pwm=15 pc=4 hd=2 y=-11.301 yr=2.334 L=6 R=2 OL=17 OR=13 el=18 er=19 ed=-1 dl=18 dr=19 cl=0 cr=0 ok=219 fail=0 vofa=firewater rx=148 txdrop=0
1775028326.0874262,1775028326087426200,5636872603700,HB,49219,25929.0,1,-22.63,-14.406,19.0,18.0,1.0,17.0,13.0,6.0,2.0,19.0,18.0,0,0,yaw_jump,HB tick=49219 exp_id=191 t_ms=25929 run=1 spd=1 ts=20.000 as=18.500 ta=0.000 aa=-11.301 se=1.500 so=3.854 ae=11.301 ao=5.384 pwm=15 pc=4 hd=2 y=-22.630 yr=-14.406 L=6 R=2 OL=17 OR=13 el=19 er=18 ed=1 dl=19 dr=18 cl=0 cr=0 ok=220 fail=0 vofa=firewater rx=148 txdrop=0
1775028326.2955503,1775028326295550500,5637080728100,HB,49419,26130.0,1,-22.049,-8.353,20.0,17.0,3.0,17.0,13.0,6.0,2.0,20.0,17.0,0,0,,HB tick=49419 exp_id=191 t_ms=26130 run=1 spd=1 ts=20.000 as=18.500 ta=0.000 aa=-22.630 se=1.500 so=3.858 ae=22.630 ao=7.000 pwm=15 pc=4 hd=2 y=-22.049 yr=-8.353 L=6 R=2 OL=17 OR=13 el=20 er=17 ed=3 dl=20 dr=17 cl=0 cr=0 ok=221 fail=0 vofa=firewater rx=148 txdrop=0
1775028326.5148938,1775028326514893800,5637300070900,HB,49641,26352.0,1,-16.243,3.725,21.0,17.0,4.0,17.0,13.0,6.0,2.0,21.0,17.0,0,0,,HB tick=49641 exp_id=191 t_ms=26352 run=1 spd=1 ts=20.000 as=19.000 ta=0.000 aa=-22.049 se=1.000 so=3.812 ae=22.049 ao=7.000 pwm=15 pc=4 hd=2 y=-16.243 yr=3.725 L=6 R=2 OL=17 OR=13 el=21 er=17 ed=4 dl=21 dr=17 cl=0 cr=0 ok=222 fail=0 vofa=firewater rx=148 txdrop=0
1775028326.7347782,1775028326734778200,5637519955900,HB,49857,26568.0,1,-11.77,9.668,20.0,17.0,3.0,17.0,13.0,6.0,2.0,20.0,17.0,0,0,,HB tick=49857 exp_id=191 t_ms=26568 run=1 spd=1 ts=20.000 as=18.500 ta=0.000 aa=-16.243 se=1.500 so=3.865 ae=16.243 ao=7.000 pwm=15 pc=4 hd=2 y=-11.770 yr=9.668 L=6 R=2 OL=17 OR=13 el=20 er=17 ed=3 dl=20 dr=17 cl=0 cr=0 ok=223 fail=0 vofa=firewater rx=148 txdrop=0
1775028326.89054,1775028326890539800,5637675717000,HB,50014,26725.0,1,-10.95,8.113,20.0,16.0,4.0,17.0,13.0,6.0,2.0,20.0,16.0,0,0,,HB tick=50014 exp_id=191 t_ms=26725 run=1 spd=1 ts=20.000 as=18.000 ta=0.000 aa=-11.770 se=2.000 so=3.918 ae=11.770 ao=3.272 pwm=15 pc=4 hd=2 y=-10.950 yr=8.113 L=6 R=2 OL=17 OR=13 el=20 er=16 ed=4 dl=20 dr=16 cl=0 cr=0 ok=224 fail=0 vofa=firewater rx=148 txdrop=0
1775028327.1403522,1775028327140352200,5637925529300,HB,50262,26973.0,1,-2.224,17.588,20.0,17.0,3.0,17.0,13.0,6.0,2.0,20.0,17.0,0,0,yaw_jump,HB tick=50262 exp_id=191 t_ms=26973 run=1 spd=1 ts=20.000 as=18.500 ta=0.000 aa=-10.950 se=1.500 so=3.872 ae=10.950 ao=3.359 pwm=15 pc=4 hd=2 y=-2.224 yr=17.588 L=6 R=2 OL=17 OR=13 el=20 er=17 ed=3 dl=20 dr=17 cl=0 cr=0 ok=225 fail=0 vofa=firewater rx=148 txdrop=0
1775028327.2959962,1775028327295996200,5638081173600,HB,50419,27130.0,1,-1.198,13.72,18.0,19.0,-1.0,13.0,17.0,2.0,6.0,18.0,19.0,0,0,,HB tick=50419 exp_id=191 t_ms=27130 run=1 spd=1 ts=20.000 as=18.500 ta=0.000 aa=-2.224 se=1.500 so=3.875 ae=2.224 ao=-4.036 pwm=15 pc=4 hd=-2 y=-1.198 yr=13.720 L=2 R=6 OL=13 OR=17 el=18 er=19 ed=-1 dl=18 dr=19 cl=0 cr=0 ok=226 fail=0 vofa=firewater rx=148 txdrop=0
1775028327.5454955,1775028327545495500,5638330672700,HB,50672,27383.0,1,-0.565,9.794,17.0,19.0,-2.0,13.0,17.0,2.0,6.0,17.0,19.0,0,0,,HB tick=50672 exp_id=191 t_ms=27383 run=1 spd=1 ts=20.000 as=18.000 ta=0.000 aa=-1.198 se=2.000 so=3.930 ae=1.198 ao=-3.311 pwm=15 pc=4 hd=-2 y=-0.565 yr=9.794 L=2 R=6 OL=13 OR=17 el=17 er=19 ed=-2 dl=17 dr=19 cl=0 cr=0 ok=227 fail=0 vofa=firewater rx=148 txdrop=0
1775028327.7018518,1775028327701851800,5638487029100,HB,50829,27540.0,1,-1.24,4.862,17.0,19.0,-2.0,13.0,17.0,2.0,6.0,17.0,19.0,0,0,,HB tick=50829 exp_id=191 t_ms=27540 run=1 spd=1 ts=20.000 as=18.000 ta=0.000 aa=-0.565 se=2.000 so=3.933 ae=0.565 ao=-2.372 pwm=15 pc=4 hd=-2 y=-1.240 yr=4.862 L=2 R=6 OL=13 OR=17 el=17 er=19 ed=-2 dl=17 dr=19 cl=0 cr=0 ok=228 fail=0 vofa=firewater rx=148 txdrop=0
1775028327.9303772,1775028327930377200,5638715554200,HB,51062,27773.0,1,-3.897,-0.831,17.0,18.0,-1.0,14.0,16.0,3.0,5.0,17.0,18.0,0,0,,HB tick=51062 exp_id=191 t_ms=27773 run=1 spd=1 ts=20.000 as=17.500 ta=0.000 aa=-1.240 se=2.500 so=3.988 ae=1.240 ao=-0.456 pwm=15 pc=4 hd=-1 y=-3.897 yr=-0.831 L=3 R=5 OL=14 OR=16 el=17 er=18 ed=-1 dl=17 dr=18 cl=0 cr=0 ok=229 fail=0 vofa=firewater rx=148 txdrop=0
1775028328.1399238,1775028328139923700,5638925100700,HB,51267,27978.0,1,-7.882,-7.344,19.0,17.0,2.0,17.0,13.0,6.0,2.0,19.0,17.0,0,0,,HB tick=51267 exp_id=191 t_ms=27978 run=1 spd=1 ts=20.000 as=18.000 ta=0.000 aa=-3.897 se=2.000 so=3.944 ae=3.897 ao=2.694 pwm=15 pc=4 hd=2 y=-7.882 yr=-7.344 L=6 R=2 OL=17 OR=13 el=19 er=17 ed=2 dl=19 dr=17 cl=0 cr=0 ok=230 fail=0 vofa=firewater rx=148 txdrop=0
1775028328.296112,1775028328296112000,5639081289200,HB,51428,28139.0,1,-7.1,-3.075,20.0,17.0,3.0,17.0,13.0,6.0,2.0,20.0,17.0,0,0,,HB tick=51428 exp_id=191 t_ms=28139 run=1 spd=1 ts=20.000 as=18.500 ta=0.000 aa=-7.882 se=1.500 so=3.896 ae=7.882 ao=6.771 pwm=15 pc=4 hd=2 y=-7.100 yr=-3.075 L=6 R=2 OL=17 OR=13 el=20 er=17 ed=3 dl=20 dr=17 cl=0 cr=0 ok=231 fail=0 vofa=firewater rx=148 txdrop=0
1775028328.5462477,1775028328546247700,5639331425000,HB,51677,28388.0,1,-0.804,6.852,20.0,16.0,4.0,17.0,13.0,6.0,2.0,20.0,16.0,0,0,,HB tick=51677 exp_id=191 t_ms=28388 run=1 spd=1 ts=20.000 as=18.000 ta=0.000 aa=-7.100 se=2.000 so=3.952 ae=7.100 ao=5.014 pwm=15 pc=4 hd=2 y=-0.804 yr=6.852 L=6 R=2 OL=17 OR=13 el=20 er=16 ed=4 dl=20 dr=16 cl=0 cr=0 ok=232 fail=0 vofa=firewater rx=148 txdrop=0
1775028328.711398,1775028328711397800,5639496575000,HB,51834,28545.0,1,-0.063,6.105,18.0,17.0,1.0,13.0,17.0,2.0,6.0,18.0,17.0,0,0,,HB tick=51834 exp_id=191 t_ms=28545 run=1 spd=1 ts=20.000 as=17.500 ta=0.000 aa=-0.804 se=2.500 so=4.006 ae=0.804 ao=-1.311 pwm=15 pc=4 hd=-2 y=-0.063 yr=6.105 L=2 R=6 OL=13 OR=17 el=18 er=17 ed=1 dl=18 dr=17 cl=0 cr=0 ok=233 fail=0 vofa=firewater rx=148 txdrop=0
1775028328.9387984,1775028328938798300,5639723975600,HB,52067,28778.0,1,2.575,7.931,17.0,19.0,-2.0,14.0,16.0,3.0,5.0,17.0,19.0,0,0,,HB tick=52067 exp_id=191 t_ms=28778 run=1 spd=1 ts=20.000 as=18.000 ta=0.000 aa=-0.063 se=2.000 so=3.962 ae=0.063 ao=-1.442 pwm=15 pc=4 hd=-1 y=2.575 yr=7.931 L=3 R=5 OL=14 OR=16 el=17 er=19 ed=-2 dl=17 dr=19 cl=0 cr=0 ok=234 fail=0 vofa=firewater rx=148 txdrop=0
1775028329.1048408,1775028329104840800,5639890018100,HB,52228,28939.0,1,2.324,4.61,17.0,20.0,-3.0,13.0,17.0,2.0,6.0,17.0,20.0,0,0,,HB tick=52228 exp_id=191 t_ms=28939 run=1 spd=1 ts=20.000 as=18.500 ta=0.000 aa=2.575 se=1.500 so=3.916 ae=-2.575 ao=-3.346 pwm=15 pc=4 hd=-2 y=2.324 yr=4.610 L=2 R=6 OL=13 OR=17 el=17 er=20 ed=-3 dl=17 dr=20 cl=0 cr=0 ok=235 fail=0 vofa=firewater rx=148 txdrop=0
1775028329.3548965,1775028329354896600,5640140074200,HB,52477,29188.0,1,-4.715,-6.898,16.0,20.0,-4.0,13.0,17.0,2.0,6.0,16.0,20.0,0,0,,HB tick=52477 exp_id=191 t_ms=29188 run=1 spd=1 ts=20.000 as=18.000 ta=0.000 aa=2.324 se=2.000 so=3.972 ae=-2.324 ao=-2.160 pwm=15 pc=4 hd=-2 y=-4.715 yr=-6.898 L=2 R=6 OL=13 OR=17 el=16 er=20 ed=-4 dl=16 dr=20 cl=0 cr=0 ok=236 fail=0 vofa=firewater rx=148 txdrop=0
1775028329.5023465,1775028329502346500,5640287524400,HB,52633,29344.0,1,-5.615,-6.502,18.0,18.0,0.0,17.0,13.0,6.0,2.0,18.0,18.0,0,0,,HB tick=52633 exp_id=191 t_ms=29344 run=1 spd=1 ts=20.000 as=18.000 ta=0.000 aa=-4.715 se=2.000 so=3.976 ae=4.715 ao=5.044 pwm=15 pc=4 hd=2 y=-5.615 yr=-6.502 L=6 R=2 OL=17 OR=13 el=18 er=18 ed=0 dl=18 dr=18 cl=0 cr=0 ok=237 fail=0 vofa=firewater rx=148 txdrop=0
1775028329.7513626,1775028329751362600,5640536539900,HB,52882,29593.0,1,-6.43,-5.373,20.0,17.0,3.0,17.0,13.0,6.0,2.0,20.0,17.0,0,0,,HB tick=52882 exp_id=191 t_ms=29593 run=1 spd=1 ts=20.000 as=18.500 ta=0.000 aa=-5.615 se=1.500 so=3.932 ae=5.615 ao=5.368 pwm=15 pc=4 hd=2 y=-6.430 yr=-5.373 L=6 R=2 OL=17 OR=13 el=20 er=17 ed=3 dl=20 dr=17 cl=0 cr=0 ok=238 fail=0 vofa=firewater rx=148 txdrop=0
1775028329.918092,1775028329918092000,5640703269300,HB,53038,29749.0,1,-5.97,-2.459,19.0,18.0,1.0,17.0,13.0,6.0,2.0,19.0,18.0,0,0,,HB tick=53038 exp_id=191 t_ms=29749 run=1 spd=1 ts=20.000 as=18.500 ta=0.000 aa=-6.430 se=1.500 so=3.935 ae=6.430 ao=5.415 pwm=15 pc=4 hd=2 y=-5.970 yr=-2.459 L=6 R=2 OL=17 OR=13 el=19 er=18 ed=1 dl=19 dr=18 cl=0 cr=0 ok=239 fail=0 vofa=firewater rx=148 txdrop=0
1775028330.1041448,1775028330104144900,5640889322400,HB,53227,29938.0,1,-5.741,-1.174,20.0,17.0,3.0,17.0,13.0,6.0,2.0,20.0,17.0,0,0,,HB tick=53227 exp_id=191 t_ms=29938 run=1 spd=1 ts=20.000 as=18.500 ta=0.000 aa=-5.970 se=1.500 so=3.938 ae=5.970 ao=4.252 pwm=15 pc=4 hd=2 y=-5.741 yr=-1.174 L=6 R=2 OL=17 OR=13 el=20 er=17 ed=3 dl=20 dr=17 cl=0 cr=0 ok=240 fail=0 vofa=firewater rx=148 txdrop=0
1775028330.332064,1775028330332064000,5641117241700,HB,53460,30171.0,1,-0.654,6.878,20.0,18.0,2.0,17.0,13.0,6.0,2.0,20.0,18.0,0,0,,HB tick=53460 exp_id=191 t_ms=30171 run=1 spd=1 ts=20.000 as=19.000 ta=0.000 aa=-5.741 se=1.000 so=3.892 ae=5.741 ao=3.726 pwm=15 pc=4 hd=2 y=-0.654 yr=6.878 L=6 R=2 OL=17 OR=13 el=20 er=18 ed=2 dl=20 dr=18 cl=0 cr=0 ok=241 fail=0 vofa=firewater rx=148 txdrop=0
1775028330.539979,1775028330539979100,5641325156100,HB,53665,30376.0,1,3.321,11.257,18.0,18.0,0.0,14.0,16.0,3.0,5.0,18.0,18.0,0,0,,HB tick=53665 exp_id=191 t_ms=30376 run=1 spd=1 ts=20.000 as=18.000 ta=0.000 aa=-0.654 se=2.000 so=3.996 ae=0.654 ao=-1.394 pwm=15 pc=4 hd=-1 y=3.321 yr=11.257 L=3 R=5 OL=14 OR=16 el=18 er=18 ed=0 dl=18 dr=18 cl=0 cr=0 ok=242 fail=0 vofa=firewater rx=148 txdrop=0
1775028330.767974,1775028330767973800,5641553151000,HB,53891,30602.0,1,3.346,7.355,17.0,20.0,-3.0,13.0,17.0,2.0,6.0,17.0,20.0,0,0,,HB tick=53891 exp_id=191 t_ms=30602 run=1 spd=1 ts=20.000 as=18.500 ta=0.000 aa=3.321 se=1.500 so=3.950 ae=-3.321 ao=-4.784 pwm=15 pc=4 hd=-2 y=3.346 yr=7.355 L=2 R=6 OL=13 OR=17 el=17 er=20 ed=-3 dl=17 dr=20 cl=0 cr=0 ok=243 fail=0 vofa=firewater rx=148 txdrop=0
1775028330.9252195,1775028330925219600,5641710406800,HB,54047,30758.0,1,2.287,2.407,17.0,20.0,-3.0,13.0,17.0,2.0,6.0,17.0,20.0,0,0,,HB tick=54047 exp_id=191 t_ms=30758 run=1 spd=1 ts=20.000 as=18.500 ta=0.000 aa=3.346 se=1.500 so=3.953 ae=-3.346 ao=-3.550 pwm=15 pc=4 hd=-2 y=2.287 yr=2.407 L=2 R=6 OL=13 OR=17 el=17 er=20 ed=-3 dl=17 dr=20 cl=0 cr=0 ok=244 fail=0 vofa=firewater rx=148 txdrop=0
1775028331.1032739,1775028331103273900,5641888451300,HB,54231,30942.0,1,1.937,0.898,17.0,21.0,-4.0,14.0,16.0,3.0,5.0,17.0,21.0,0,0,,HB tick=54231 exp_id=191 t_ms=30942 run=1 spd=1 ts=20.000 as=19.000 ta=0.000 aa=2.287 se=1.000 so=3.906 ae=-2.287 ao=-1.438 pwm=15 pc=4 hd=-1 y=1.937 yr=0.898 L=3 R=5 OL=14 OR=16 el=17 er=21 ed=-4 dl=17 dr=21 cl=0 cr=0 ok=245 fail=0 vofa=firewater rx=148 txdrop=0
1775028331.3320513,1775028331332051200,5642117228300,HB,54463,31174.0,1,-4.486,-9.107,17.0,20.0,-3.0,15.0,15.0,4.0,4.0,17.0,20.0,0,0,,HB tick=54463 exp_id=191 t_ms=31174 run=1 spd=1 ts=20.000 as=18.500 ta=0.000 aa=1.937 se=1.500 so=3.960 ae=-1.937 ao=-0.781 pwm=15 pc=4 hd=0 y=-4.486 yr=-9.107 L=4 R=4 OL=15 OR=15 el=17 er=20 ed=-3 dl=17 dr=20 cl=0 cr=0 ok=246 fail=0 vofa=firewater rx=148 txdrop=0
1775028331.5394473,1775028331539447300,5642324624500,HB,54668,31379.0,1,-8.718,-13.145,19.0,17.0,2.0,17.0,13.0,6.0,2.0,19.0,17.0,0,0,,HB tick=54668 exp_id=191 t_ms=31379 run=1 spd=1 ts=20.000 as=18.000 ta=0.000 aa=-4.486 se=2.000 so=4.014 ae=4.486 ao=5.634 pwm=15 pc=4 hd=2 y=-8.718 yr=-13.145 L=6 R=2 OL=17 OR=13 el=19 er=17 ed=2 dl=19 dr=17 cl=0 cr=0 ok=247 fail=0 vofa=firewater rx=148 txdrop=0
1775028331.7679005,1775028331767900300,5642553078000,HB,54894,31605.0,1,-6.639,-5.323,20.0,18.0,2.0,17.0,13.0,6.0,2.0,20.0,18.0,0,0,,HB tick=54894 exp_id=191 t_ms=31605 run=1 spd=1 ts=20.000 as=19.000 ta=0.000 aa=-8.718 se=1.000 so=3.917 ae=8.718 ao=7.000 pwm=15 pc=4 hd=2 y=-6.639 yr=-5.323 L=6 R=2 OL=17 OR=13 el=20 er=18 ed=2 dl=20 dr=18 cl=0 cr=0 ok=248 fail=0 vofa=firewater rx=148 txdrop=0
1775028331.9863813,1775028331986381200,5642771558700,HB,55110,31821.0,1,-3.274,1.991,21.0,18.0,3.0,17.0,13.0,6.0,2.0,21.0,18.0,0,0,,HB tick=55110 exp_id=191 t_ms=31821 run=1 spd=1 ts=20.000 as=19.500 ta=0.000 aa=-6.639 se=0.500 so=3.870 ae=6.639 ao=5.503 pwm=15 pc=4 hd=2 y=-3.274 yr=1.991 L=6 R=2 OL=17 OR=13 el=21 er=18 ed=3 dl=21 dr=18 cl=0 cr=0 ok=249 fail=0 vofa=firewater rx=148 txdrop=0
1775028332.1426578,1775028332142657700,5642927834600,HB,55266,31977.0,1,-2.648,2.7,20.0,18.0,2.0,16.0,14.0,5.0,3.0,20.0,18.0,0,0,,HB tick=55266 exp_id=191 t_ms=31977 run=1 spd=1 ts=20.000 as=19.000 ta=0.000 aa=-3.274 se=1.000 so=3.923 ae=3.274 ao=1.480 pwm=15 pc=4 hd=1 y=-2.648 yr=2.700 L=5 R=3 OL=16 OR=14 el=20 er=18 ed=2 dl=20 dr=18 cl=0 cr=0 ok=250 fail=0 vofa=firewater rx=148 txdrop=0
1775028332.3928788,1775028332392878800,5643178056300,HB,55516,32227.0,1,-2.914,1.382,12.0,22.0,-10.0,16.0,14.0,5.0,3.0,12.0,22.0,0,0,,HB tick=55516 exp_id=191 t_ms=32227 run=1 spd=1 ts=20.000 as=17.000 ta=0.000 aa=-2.648 se=3.000 so=4.128 ae=2.648 ao=0.940 pwm=15 pc=4 hd=1 y=-2.914 yr=1.382 L=5 R=3 OL=16 OR=14 el=12 er=22 ed=-10 dl=12 dr=22 cl=0 cr=0 ok=251 fail=0 vofa=firewater rx=148 txdrop=0
1775028332.5486755,1775028332548675500,5643333853000,HB,55673,32384.0,1,-5.365,-4.566,8.0,22.0,-14.0,17.0,13.0,6.0,2.0,8.0,22.0,0,0,,HB tick=55673 exp_id=191 t_ms=32384 run=1 spd=1 ts=20.000 as=15.000 ta=0.000 aa=-2.914 se=5.000 so=4.335 ae=2.914 ao=1.495 pwm=15 pc=4 hd=2 y=-5.365 yr=-4.566 L=6 R=2 OL=17 OR=13 el=8 er=22 ed=-14 dl=8 dr=22 cl=0 cr=0 ok=252 fail=0 vofa=firewater rx=148 txdrop=0
1775028332.7965963,1775028332796596200,5643581773600,HB,55921,32632.0,1,-30.481,-38.414,17.0,18.0,-1.0,17.0,13.0,6.0,2.0,17.0,18.0,0,0,yaw_jump,HB tick=55921 exp_id=191 t_ms=32632 run=1 spd=1 ts=20.000 as=17.500 ta=0.000 aa=-5.365 se=2.500 so=4.097 ae=5.365 ao=4.624 pwm=15 pc=4 hd=2 y=-30.481 yr=-38.414 L=6 R=2 OL=17 OR=13 el=17 er=18 ed=-1 dl=17 dr=18 cl=0 cr=0 ok=253 fail=0 vofa=firewater rx=148 txdrop=0
1775028333.0138628,1775028333013863000,5643799040500,HB,56138,32849.0,1,-31.296,-26.29,20.0,18.0,2.0,17.0,13.0,6.0,2.0,20.0,18.0,0,0,,HB tick=56138 exp_id=191 t_ms=32849 run=1 spd=1 ts=20.000 as=19.000 ta=0.000 aa=-30.481 se=1.000 so=3.951 ae=30.481 ao=7.000 pwm=15 pc=4 hd=2 y=-31.296 yr=-26.290 L=6 R=2 OL=17 OR=13 el=20 er=18 ed=2 dl=20 dr=18 cl=0 cr=0 ok=254 fail=0 vofa=firewater rx=148 txdrop=0
1775028333.1702328,1775028333170232800,5643955410000,HB,56294,33005.0,1,-31.076,-16.597,19.0,17.0,2.0,17.0,13.0,6.0,2.0,19.0,17.0,0,0,,HB tick=56294 exp_id=191 t_ms=33005 run=1 spd=1 ts=20.000 as=18.000 ta=0.000 aa=-31.296 se=2.000 so=4.053 ae=31.296 ao=7.000 pwm=15 pc=4 hd=2 y=-31.076 yr=-16.597 L=6 R=2 OL=17 OR=13 el=19 er=17 ed=2 dl=19 dr=17 cl=0 cr=0 ok=255 fail=0 vofa=firewater rx=148 txdrop=0
1775028333.3973706,1775028333397370500,5644182547600,HB,56527,33238.0,1,-28.816,-7.393,20.0,18.0,2.0,17.0,13.0,6.0,2.0,20.0,18.0,0,0,,HB tick=56527 exp_id=191 t_ms=33238 run=1 spd=1 ts=20.000 as=19.000 ta=0.000 aa=-31.076 se=1.000 so=3.958 ae=31.076 ao=7.000 pwm=15 pc=4 hd=2 y=-28.816 yr=-7.393 L=6 R=2 OL=17 OR=13 el=20 er=18 ed=2 dl=20 dr=18 cl=0 cr=0 ok=256 fail=0 vofa=firewater rx=148 txdrop=0
1775028333.6045642,1775028333604564100,5644389741300,HB,56737,33448.0,1,-25.136,1.328,21.0,18.0,3.0,17.0,13.0,6.0,2.0,21.0,18.0,0,0,,HB tick=56737 exp_id=191 t_ms=33448 run=1 spd=1 ts=20.000 as=19.500 ta=0.000 aa=-28.816 se=0.500 so=3.910 ae=28.816 ao=7.000 pwm=15 pc=4 hd=2 y=-25.136 yr=1.328 L=6 R=2 OL=17 OR=13 el=21 er=18 ed=3 dl=21 dr=18 cl=0 cr=0 ok=257 fail=0 vofa=firewater rx=148 txdrop=0
1775028333.8138766,1775028333813876700,5644599062100,HB,56942,33653.0,1,-20.617,8.578,20.0,16.0,4.0,17.0,13.0,6.0,2.0,20.0,16.0,0,0,,HB tick=56942 exp_id=191 t_ms=33653 run=1 spd=1 ts=20.000 as=18.000 ta=0.000 aa=-25.136 se=2.000 so=4.064 ae=25.136 ao=7.000 pwm=15 pc=4 hd=2 y=-20.617 yr=8.578 L=6 R=2 OL=17 OR=13 el=20 er=16 ed=4 dl=20 dr=16 cl=0 cr=0 ok=258 fail=0 vofa=firewater rx=148 txdrop=0
1775028334.022599,1775028334022598900,5644807776400,HB,57146,33857.0,1,-16.172,13.202,21.0,17.0,4.0,17.0,13.0,6.0,2.0,21.0,17.0,0,0,,HB tick=57146 exp_id=191 t_ms=33857 run=1 spd=1 ts=20.000 as=19.000 ta=0.000 aa=-20.617 se=1.000 so=3.967 ae=20.617 ao=7.000 pwm=15 pc=4 hd=2 y=-16.172 yr=13.202 L=6 R=2 OL=17 OR=13 el=21 er=17 ed=4 dl=21 dr=17 cl=0 cr=0 ok=259 fail=0 vofa=firewater rx=148 txdrop=0
1775028334.2192721,1775028334219272100,5645004449400,HB,57351,34062.0,1,-11.249,16.987,21.0,17.0,4.0,17.0,13.0,6.0,2.0,21.0,17.0,0,0,,HB tick=57351 exp_id=191 t_ms=34062 run=1 spd=1 ts=20.000 as=19.000 ta=0.000 aa=-16.172 se=1.000 so=3.969 ae=16.172 ao=4.341 pwm=15 pc=4 hd=2 y=-11.249 yr=16.987 L=6 R=2 OL=17 OR=13 el=21 er=17 ed=4 dl=21 dr=17 cl=0 cr=0 ok=260 fail=0 vofa=firewater rx=148 txdrop=0
1775028334.4371612,1775028334437161300,5645222338400,HB,57560,34271.0,1,-5.736,20.273,20.0,18.0,2.0,15.0,15.0,4.0,4.0,20.0,18.0,0,0,,HB tick=57560 exp_id=191 t_ms=34271 run=1 spd=1 ts=20.000 as=19.000 ta=0.000 aa=-11.249 se=1.000 so=3.972 ae=11.249 ao=0.669 pwm=15 pc=4 hd=0 y=-5.736 yr=20.273 L=4 R=4 OL=15 OR=15 el=20 er=18 ed=2 dl=20 dr=18 cl=0 cr=0 ok=261 fail=0 vofa=firewater rx=148 txdrop=0
1775028334.5924027,1775028334592402800,5645377580100,HB,57721,34432.0,1,-2.144,20.986,18.0,19.0,-1.0,13.0,17.0,2.0,6.0,18.0,19.0,0,0,,HB tick=57721 exp_id=191 t_ms=34432 run=1 spd=1 ts=20.000 as=18.500 ta=0.000 aa=-5.736 se=1.500 so=4.025 ae=5.736 ao=-3.139 pwm=15 pc=4 hd=-2 y=-2.144 yr=20.986 L=2 R=6 OL=13 OR=17 el=18 er=19 ed=-1 dl=18 dr=19 cl=0 cr=0 ok=262 fail=0 vofa=firewater rx=148 txdrop=0
1775028334.8409753,1775028334840975300,5645626152400,HB,57969,34680.0,1,-3.101,12.29,17.0,20.0,-3.0,13.0,17.0,2.0,6.0,17.0,20.0,0,0,,HB tick=57969 exp_id=191 t_ms=34680 run=1 spd=1 ts=20.000 as=18.500 ta=0.000 aa=-2.144 se=1.500 so=4.029 ae=2.144 ao=-5.163 pwm=15 pc=4 hd=-2 y=-3.101 yr=12.290 L=2 R=6 OL=13 OR=17 el=17 er=20 ed=-3 dl=17 dr=20 cl=0 cr=0 ok=263 fail=0 vofa=firewater rx=148 txdrop=0
1775028334.99587,1775028334995870200,5645781047400,HB,58126,34837.0,1,-4.039,5.899,17.0,20.0,-3.0,14.0,16.0,3.0,5.0,17.0,20.0,0,0,,HB tick=58126 exp_id=191 t_ms=34837 run=1 spd=1 ts=20.000 as=18.500 ta=0.000 aa=-3.101 se=1.500 so=4.031 ae=3.101 ao=-1.903 pwm=15 pc=4 hd=-1 y=-4.039 yr=5.899 L=3 R=5 OL=14 OR=16 el=17 er=20 ed=-3 dl=17 dr=20 cl=0 cr=0 ok=264 fail=0 vofa=firewater rx=148 txdrop=0
1775028335.2345147,1775028335234514800,5646019692700,HB,58359,35070.0,1,-7.335,-1.117,18.0,20.0,-2.0,16.0,14.0,5.0,3.0,18.0,20.0,0,0,,HB tick=58359 exp_id=191 t_ms=35070 run=1 spd=1 ts=20.000 as=19.000 ta=0.000 aa=-4.039 se=1.000 so=3.985 ae=4.039 ao=0.612 pwm=15 pc=4 hd=1 y=-7.335 yr=-1.117 L=5 R=3 OL=16 OR=14 el=18 er=20 ed=-2 dl=18 dr=20 cl=0 cr=0 ok=265 fail=0 vofa=firewater rx=148 txdrop=0
1775028335.454083,1775028335454083000,5646239260500,HB,58580,35291.0,1,-11.447,-7.238,19.0,18.0,1.0,17.0,13.0,6.0,2.0,19.0,18.0,0,0,,HB tick=58580 exp_id=191 t_ms=35291 run=1 spd=1 ts=20.000 as=18.500 ta=0.000 aa=-7.335 se=1.500 so=4.039 ae=7.335 ao=4.505 pwm=15 pc=4 hd=2 y=-11.447 yr=-7.238 L=6 R=2 OL=17 OR=13 el=19 er=18 ed=1 dl=19 dr=18 cl=0 cr=0 ok=266 fail=0 vofa=firewater rx=148 txdrop=0
1775028335.626271,1775028335626271000,5646411448400,HB,58736,35447.0,1,-11.243,-4.248,20.0,17.0,3.0,17.0,13.0,6.0,2.0,20.0,17.0,0,0,,HB tick=58736 exp_id=191 t_ms=35447 run=1 spd=1 ts=20.000 as=18.500 ta=0.000 aa=-11.447 se=1.500 so=4.042 ae=11.447 ao=7.000 pwm=15 pc=4 hd=2 y=-11.243 yr=-4.248 L=6 R=2 OL=17 OR=13 el=20 er=17 ed=3 dl=20 dr=17 cl=0 cr=0 ok=267 fail=0 vofa=firewater rx=148 txdrop=0
1775028335.792483,1775028335792483000,5646577660500,HB,58925,35636.0,1,-11.074,-2.446,20.0,17.0,3.0,17.0,13.0,6.0,2.0,20.0,17.0,0,0,,HB tick=58925 exp_id=191 t_ms=35636 run=1 spd=1 ts=20.000 as=18.500 ta=0.000 aa=-11.074 se=1.500 so=4.046 ae=11.074 ao=7.000 pwm=15 pc=4 hd=2 y=-11.074 yr=-2.446 L=6 R=2 OL=17 OR=13 el=20 er=17 ed=3 dl=20 dr=17 cl=0 cr=0 ok=268 fail=0 vofa=firewater rx=148 txdrop=0
1775028336.0318785,1775028336031878300,5646817055300,HB,59157,35868.0,1,-5.566,6.684,21.0,16.0,5.0,17.0,13.0,6.0,2.0,21.0,16.0,0,0,,HB tick=59157 exp_id=191 t_ms=35868 run=1 spd=1 ts=20.000 as=18.500 ta=0.000 aa=-11.074 se=1.500 so=4.050 ae=11.074 ao=6.800 pwm=15 pc=4 hd=2 y=-5.566 yr=6.684 L=6 R=2 OL=17 OR=13 el=21 er=16 ed=5 dl=21 dr=16 cl=0 cr=0 ok=269 fail=0 vofa=firewater rx=148 txdrop=0
1775028336.1876655,1775028336187665300,5646972842400,HB,59318,36029.0,1,-1.495,13.194,20.0,16.0,4.0,16.0,14.0,5.0,3.0,20.0,16.0,0,0,,HB tick=59318 exp_id=191 t_ms=36029 run=1 spd=1 ts=20.000 as=18.000 ta=0.000 aa=-5.566 se=2.000 so=4.103 ae=5.566 ao=1.124 pwm=15 pc=4 hd=1 y=-1.495 yr=13.194 L=5 R=3 OL=16 OR=14 el=20 er=16 ed=4 dl=20 dr=16 cl=0 cr=0 ok=270 fail=0 vofa=firewater rx=148 txdrop=0
1775028336.4271133,1775028336427113200,5647212290600,HB,59550,36261.0,1,3.148,15.581,17.0,18.0,-1.0,13.0,17.0,2.0,6.0,17.0,18.0,0,0,,HB tick=59550 exp_id=191 t_ms=36261 run=1 spd=1 ts=20.000 as=17.500 ta=0.000 aa=-1.495 se=2.500 so=4.162 ae=1.495 ao=-2.994 pwm=15 pc=4 hd=-2 y=3.148 yr=15.581 L=2 R=6 OL=13 OR=17 el=17 er=18 ed=-1 dl=17 dr=18 cl=0 cr=0 ok=271 fail=0 vofa=firewater rx=148 txdrop=0
1775028336.6341977,1775028336634197700,5647419374800,HB,59759,36470.0,1,4.612,12.579,17.0,19.0,-2.0,13.0,17.0,2.0,6.0,17.0,19.0,0,0,,HB tick=59759 exp_id=191 t_ms=36470 run=1 spd=1 ts=20.000 as=18.000 ta=0.000 aa=3.148 se=2.000 so=4.118 ae=-3.148 ao=-6.082 pwm=15 pc=4 hd=-2 y=4.612 yr=12.579 L=2 R=6 OL=13 OR=17 el=17 er=19 ed=-2 dl=17 dr=19 cl=0 cr=0 ok=272 fail=0 vofa=firewater rx=148 txdrop=0
1775028336.8419318,1775028336841931900,5647627109000,HB,59964,36675.0,1,2.625,4.785,17.0,20.0,-3.0,13.0,17.0,2.0,6.0,17.0,20.0,0,0,,HB tick=59964 exp_id=191 t_ms=36675 run=1 spd=1 ts=20.000 as=18.500 ta=0.000 aa=4.612 se=1.500 so=4.073 ae=-4.612 ao=-5.855 pwm=15 pc=4 hd=-2 y=2.625 yr=4.785 L=2 R=6 OL=13 OR=17 el=17 er=20 ed=-3 dl=17 dr=20 cl=0 cr=0 ok=273 fail=0 vofa=firewater rx=148 txdrop=0
1775028337.0596125,1775028337059612400,5647844789700,HB,60190,36901.0,1,-3.359,-6.158,16.0,21.0,-5.0,13.0,17.0,2.0,6.0,16.0,21.0,0,0,,HB tick=60190 exp_id=191 t_ms=36901 run=1 spd=1 ts=20.000 as=18.500 ta=0.000 aa=2.625 se=1.500 so=4.077 ae=-2.625 ao=-2.369 pwm=15 pc=4 hd=-2 y=-3.359 yr=-6.158 L=2 R=6 OL=13 OR=17 el=16 er=21 ed=-5 dl=16 dr=21 cl=0 cr=0 ok=274 fail=0 vofa=firewater rx=148 txdrop=0
1775028337.215322,1775028337215322200,5648000499300,HB,60347,37058.0,1,-4.764,-7.136,18.0,18.0,0.0,17.0,13.0,6.0,2.0,18.0,18.0,0,0,,HB tick=60347 exp_id=191 t_ms=37058 run=1 spd=1 ts=20.000 as=18.000 ta=0.000 aa=-3.359 se=2.000 so=4.131 ae=3.359 ao=4.125 pwm=15 pc=4 hd=2 y=-4.764 yr=-7.136 L=6 R=2 OL=17 OR=13 el=18 er=18 ed=0 dl=18 dr=18 cl=0 cr=0 ok=275 fail=0 vofa=firewater rx=148 txdrop=0
1775028337.4770412,1775028337477041100,5648262218500,HB,60596,37307.0,1,-5.117,-5.133,20.0,17.0,3.0,17.0,13.0,6.0,2.0,20.0,17.0,0,0,,HB tick=60596 exp_id=191 t_ms=37307 run=1 spd=1 ts=20.000 as=18.500 ta=0.000 aa=-4.764 se=1.500 so=4.084 ae=4.764 ao=5.145 pwm=15 pc=4 hd=2 y=-5.117 yr=-5.133 L=6 R=2 OL=17 OR=13 el=20 er=17 ed=3 dl=20 dr=17 cl=0 cr=0 ok=276 fail=0 vofa=firewater rx=148 txdrop=0
1775028337.621505,1775028337621504900,5648406683000,HB,60752,37463.0,1,-4.665,-2.323,21.0,18.0,3.0,17.0,13.0,6.0,2.0,21.0,18.0,0,0,,HB tick=60752 exp_id=191 t_ms=37463 run=1 spd=1 ts=20.000 as=19.500 ta=0.000 aa=-5.117 se=0.500 so=3.986 ae=5.117 ao=4.681 pwm=15 pc=4 hd=2 y=-4.665 yr=-2.323 L=6 R=2 OL=17 OR=13 el=21 er=18 ed=3 dl=21 dr=18 cl=0 cr=0 ok=277 fail=0 vofa=firewater rx=148 txdrop=0
1775028337.873816,1775028337873816100,5648658993200,HB,61001,37712.0,1,0.052,5.12,21.0,18.0,3.0,17.0,13.0,6.0,2.0,21.0,18.0,0,0,,HB tick=61001 exp_id=191 t_ms=37712 run=1 spd=1 ts=20.000 as=19.500 ta=0.000 aa=-4.665 se=0.500 so=3.988 ae=4.665 ao=3.556 pwm=15 pc=4 hd=2 y=0.052 yr=5.120 L=6 R=2 OL=17 OR=13 el=21 er=18 ed=3 dl=21 dr=18 cl=0 cr=0 ok=278 fail=0 vofa=firewater rx=148 txdrop=0
1775028338.069727,1775028338069727100,5648854904300,HB,61202,37912.0,1,1.06,5.092,19.0,19.0,0.0,14.0,16.0,3.0,5.0,19.0,19.0,0,0,,HB tick=61202 exp_id=191 t_ms=37912 run=1 spd=1 ts=20.000 as=19.000 ta=0.000 aa=0.052 se=1.000 so=4.040 ae=-0.052 ao=-1.185 pwm=15 pc=4 hd=-1 y=1.060 yr=5.092 L=3 R=5 OL=14 OR=16 el=19 er=19 ed=0 dl=19 dr=19 cl=0 cr=0 ok=279 fail=0 vofa=firewater rx=148 txdrop=0
1775028338.2976708,1775028338297670800,5649082856500,HB,61427,38138.0,1,1.829,4.501,17.0,21.0,-4.0,14.0,16.0,3.0,5.0,17.0,21.0,0,0,,HB tick=61427 exp_id=191 t_ms=38138 run=1 spd=1 ts=20.000 as=19.000 ta=0.000 aa=1.060 se=1.000 so=4.043 ae=-1.060 ao=-1.680 pwm=15 pc=4 hd=-1 y=1.829 yr=4.501 L=3 R=5 OL=14 OR=16 el=17 er=21 ed=-4 dl=17 dr=21 cl=0 cr=0 ok=280 fail=0 vofa=firewater rx=148 txdrop=0
1775028338.4533837,1775028338453383700,5649238561500,HB,61583,38294.0,1,1.119,1.331,18.0,20.0,-2.0,13.0,17.0,2.0,6.0,18.0,20.0,0,0,,HB tick=61583 exp_id=191 t_ms=38294 run=1 spd=1 ts=20.000 as=19.000 ta=0.000 aa=1.829 se=1.000 so=4.045 ae=-1.829 ao=-1.876 pwm=15 pc=4 hd=-2 y=1.119 yr=1.331 L=2 R=6 OL=13 OR=17 el=18 er=20 ed=-2 dl=18 dr=20 cl=0 cr=0 ok=281 fail=0 vofa=firewater rx=148 txdrop=0
1775028338.69184,1775028338691840100,5649477017500,HB,61816,38527.0,1,-1.352,-2.846,17.0,20.0,-3.0,14.0,16.0,3.0,5.0,17.0,20.0,0,0,,HB tick=61816 exp_id=191 t_ms=38527 run=1 spd=1 ts=20.000 as=18.500 ta=0.000 aa=1.119 se=1.500 so=4.098 ae=-1.119 ao=-0.507 pwm=15 pc=4 hd=-1 y=-1.352 yr=-2.846 L=3 R=5 OL=14 OR=16 el=17 er=20 ed=-3 dl=17 dr=20 cl=0 cr=0 ok=282 fail=0 vofa=firewater rx=148 txdrop=0
1775028338.8893917,1775028338889391700,5649674569100,HB,62022,38733.0,1,-5.063,-8.155,19.0,18.0,1.0,17.0,13.0,6.0,2.0,19.0,18.0,0,0,,HB tick=62022 exp_id=191 t_ms=38733 run=1 spd=1 ts=20.000 as=18.500 ta=0.000 aa=-1.352 se=1.500 so=4.102 ae=1.352 ao=2.065 pwm=15 pc=4 hd=2 y=-5.063 yr=-8.155 L=6 R=2 OL=17 OR=13 el=19 er=18 ed=1 dl=19 dr=18 cl=0 cr=0 ok=283 fail=0 vofa=firewater rx=148 txdrop=0
1775028339.056579,1775028339056579000,5649841757000,HB,62183,38894.0,1,-6.248,-7.876,20.0,16.0,4.0,17.0,13.0,6.0,2.0,20.0,16.0,0,0,,HB tick=62183 exp_id=191 t_ms=38894 run=1 spd=1 ts=20.000 as=18.000 ta=0.000 aa=-5.063 se=2.000 so=4.155 ae=5.063 ao=5.621 pwm=15 pc=4 hd=2 y=-6.248 yr=-7.876 L=6 R=2 OL=17 OR=13 el=20 er=16 ed=4 dl=20 dr=16 cl=0 cr=0 ok=284 fail=0 vofa=firewater rx=148 txdrop=0
1775028339.3091204,1775028339309120600,5650094297700,HB,62433,39143.0,1,-1.256,1.896,20.0,17.0,3.0,17.0,13.0,6.0,2.0,20.0,17.0,0,0,,HB tick=62433 exp_id=191 t_ms=39143 run=1 spd=1 ts=20.000 as=18.500 ta=0.000 aa=-6.248 se=1.500 so=4.110 ae=6.248 ao=6.124 pwm=15 pc=4 hd=2 y=-1.256 yr=1.896 L=6 R=2 OL=17 OR=13 el=20 er=17 ed=3 dl=20 dr=17 cl=0 cr=0 ok=285 fail=0 vofa=firewater rx=148 txdrop=0
1775028339.5063736,1775028339506373600,5650291550800,HB,62633,39344.0,1,-0.219,3.039,20.0,17.0,3.0,15.0,15.0,4.0,4.0,20.0,17.0,0,0,,HB tick=62633 exp_id=191 t_ms=39344 run=1 spd=1 ts=20.000 as=18.500 ta=0.000 aa=-1.256 se=1.500 so=4.114 ae=1.256 ao=0.501 pwm=15 pc=4 hd=0 y=-0.219 yr=3.039 L=4 R=4 OL=15 OR=15 el=20 er=17 ed=3 dl=20 dr=17 cl=0 cr=0 ok=286 fail=0 vofa=firewater rx=148 txdrop=0
1775028339.7137346,1775028339713734700,5650498912100,HB,62838,39549.0,1,3.103,7.647,19.0,16.0,3.0,15.0,15.0,4.0,4.0,19.0,16.0,0,0,,HB tick=62838 exp_id=191 t_ms=39549 run=1 spd=1 ts=20.000 as=17.500 ta=0.000 aa=-0.219 se=2.500 so=4.219 ae=0.219 ao=-0.383 pwm=15 pc=4 hd=0 y=3.103 yr=7.647 L=4 R=4 OL=15 OR=15 el=19 er=16 ed=3 dl=19 dr=16 cl=0 cr=0 ok=287 fail=0 vofa=firewater rx=148 txdrop=0
1775028339.872022,1775028339872022100,5650657200500,HB,62999,39710.0,1,5.409,10.014,17.0,18.0,-1.0,13.0,17.0,2.0,6.0,17.0,18.0,0,0,,HB tick=62999 exp_id=191 t_ms=39710 run=1 spd=1 ts=20.000 as=17.500 ta=0.000 aa=3.103 se=2.500 so=4.223 ae=-3.103 ao=-3.520 pwm=15 pc=4 hd=-2 y=5.409 yr=10.014 L=2 R=6 OL=13 OR=17 el=17 er=18 ed=-1 dl=17 dr=18 cl=0 cr=0 ok=288 fail=0 vofa=firewater rx=148 txdrop=0
1775028340.100884,1775028340100883900,5650886062000,HB,63231,39942.0,1,6.083,7.523,16.0,19.0,-3.0,13.0,17.0,2.0,6.0,16.0,19.0,0,0,,HB tick=63231 exp_id=191 t_ms=39942 run=1 spd=1 ts=20.000 as=17.500 ta=0.000 aa=5.409 se=2.500 so=4.229 ae=-5.409 ao=-5.433 pwm=15 pc=4 hd=-2 y=6.083 yr=7.523 L=2 R=6 OL=13 OR=17 el=16 er=19 ed=-3 dl=16 dr=19 cl=0 cr=0 ok=289 fail=0 vofa=firewater rx=148 txdrop=0
1775028340.3088284,1775028340308828400,5651094006900,HB,63436,40147.0,1,3.445,0.385,14.0,14.0,0.0,14.0,18.0,3.0,7.0,14.0,14.0,0,0,,HB tick=63436 exp_id=191 t_ms=40147 run=1 spd=1 ts=20.000 as=14.000 ta=0.000 aa=6.083 se=6.000 so=4.590 ae=-6.083 ao=-4.976 pwm=16 pc=5 hd=-2 y=3.445 yr=0.385 L=3 R=7 OL=14 OR=18 el=14 er=14 ed=0 dl=14 dr=14 cl=0 cr=0 ok=290 fail=0 vofa=firewater rx=148 txdrop=0
1775028340.4643815,1775028340464381500,5651249558700,HB,63597,40308.0,1,1.633,-3.689,18.0,22.0,-4.0,13.0,17.0,2.0,6.0,18.0,22.0,0,0,,HB tick=63597 exp_id=191 t_ms=40308 run=1 spd=1 ts=20.000 as=20.000 ta=0.000 aa=3.445 se=0.000 so=3.993 ae=-3.445 ao=-1.374 pwm=15 pc=4 hd=-2 y=1.633 yr=-3.689 L=2 R=6 OL=13 OR=17 el=18 er=22 ed=-4 dl=18 dr=22 cl=0 cr=0 ok=291 fail=0 vofa=firewater rx=148 txdrop=0
1775028340.7142048,1775028340714204800,5651499382800,HB,63846,40557.0,1,-3.01,-8.924,23.0,20.0,3.0,16.0,14.0,5.0,3.0,23.0,20.0,0,0,,HB tick=63846 exp_id=191 t_ms=40557 run=1 spd=1 ts=20.000 as=21.500 ta=0.000 aa=1.633 se=-1.500 so=3.841 ae=-1.633 ao=0.835 pwm=15 pc=4 hd=1 y=-3.010 yr=-8.924 L=5 R=3 OL=16 OR=14 el=23 er=20 ed=3 dl=23 dr=20 cl=0 cr=0 ok=292 fail=0 vofa=firewater rx=148 txdrop=0
1775028340.8692546,1775028340869254600,5651654432100,HB,64002,40713.0,1,-3.874,-7.738,24.0,18.0,6.0,17.0,13.0,6.0,2.0,24.0,18.0,0,0,,HB tick=64002 exp_id=191 t_ms=40713 run=1 spd=1 ts=20.000 as=21.000 ta=0.000 aa=-3.010 se=-1.000 so=3.889 ae=3.010 ao=4.832 pwm=15 pc=4 hd=2 y=-3.874 yr=-7.738 L=6 R=2 OL=17 OR=13 el=24 er=18 ed=6 dl=24 dr=18 cl=0 cr=0 ok=293 fail=0 vofa=firewater rx=148 txdrop=0
1775028341.107781,1775028341107780900,5651892959100,HB,64235,40946.0,1,-6.434,-8.876,24.0,17.0,7.0,17.0,13.0,6.0,2.0,24.0,17.0,0,0,,HB tick=64235 exp_id=191 t_ms=40946 run=1 spd=1 ts=20.000 as=20.500 ta=0.000 aa=-3.874 se=-0.500 so=3.936 ae=3.874 ao=4.887 pwm=15 pc=4 hd=2 y=-6.434 yr=-8.876 L=6 R=2 OL=17 OR=13 el=24 er=17 ed=7 dl=24 dr=17 cl=0 cr=0 ok=294 fail=0 vofa=firewater rx=148 txdrop=0
1775028341.3159873,1775028341315987500,5652101164600,HB,64440,41151.0,1,-5.407,-4.016,24.0,18.0,6.0,17.0,13.0,6.0,2.0,24.0,18.0,0,0,,HB tick=64440 exp_id=191 t_ms=41151 run=1 spd=1 ts=20.000 as=21.000 ta=0.000 aa=-6.434 se=-1.000 so=3.883 ae=6.434 ao=6.535 pwm=15 pc=4 hd=2 y=-5.407 yr=-4.016 L=6 R=2 OL=17 OR=13 el=24 er=18 ed=6 dl=24 dr=18 cl=0 cr=0 ok=295 fail=0 vofa=firewater rx=148 txdrop=0
1775028341.4738724,1775028341473872400,5652259049600,HB,64601,41312.0,1,-5.078,-1.896,24.0,17.0,7.0,17.0,13.0,6.0,2.0,24.0,17.0,0,0,,HB tick=64601 exp_id=191 t_ms=41312 run=1 spd=1 ts=20.000 as=20.500 ta=0.000 aa=-5.407 se=-0.500 so=3.931 ae=5.407 ao=4.468 pwm=15 pc=4 hd=2 y=-5.078 yr=-1.896 L=6 R=2 OL=17 OR=13 el=24 er=17 ed=7 dl=24 dr=17 cl=0 cr=0 ok=296 fail=0 vofa=firewater rx=148 txdrop=0
1775028341.7224035,1775028341722403500,5652507580800,HB,64850,41561.0,1,-5.406,-1.693,18.0,12.0,6.0,17.0,13.0,6.0,2.0,18.0,12.0,0,0,,HB tick=64850 exp_id=191 t_ms=41561 run=1 spd=1 ts=20.000 as=15.000 ta=0.000 aa=-5.078 se=5.000 so=4.480 ae=5.078 ao=3.626 pwm=15 pc=4 hd=2 y=-5.406 yr=-1.693 L=6 R=2 OL=17 OR=13 el=18 er=12 ed=6 dl=18 dr=12 cl=0 cr=0 ok=297 fail=0 vofa=firewater rx=148 txdrop=0
1775028341.8790758,1775028341879075900,5652664253000,HB,65007,41718.0,1,-4.399,1.145,18.0,12.0,6.0,17.0,13.0,6.0,2.0,18.0,12.0,0,0,,HB tick=65007 exp_id=191 t_ms=41718 run=1 spd=1 ts=20.000 as=15.000 ta=0.000 aa=-5.406 se=5.000 so=4.486 ae=5.406 ao=3.725 pwm=15 pc=4 hd=2 y=-4.399 yr=1.145 L=6 R=2 OL=17 OR=13 el=18 er=12 ed=6 dl=18 dr=12 cl=0 cr=0 ok=298 fail=0 vofa=firewater rx=148 txdrop=0
1775028342.1063309,1775028342106330800,5652891507900,HB,65239,41950.0,1,-3.221,2.522,18.0,17.0,1.0,17.0,13.0,6.0,2.0,18.0,17.0,0,0,,HB tick=65239 exp_id=191 t_ms=41950 run=1 spd=1 ts=20.000 as=17.500 ta=0.000 aa=-4.399 se=2.500 so=4.250 ae=4.399 ao=2.313 pwm=15 pc=4 hd=2 y=-3.221 yr=2.522 L=6 R=2 OL=17 OR=13 el=18 er=17 ed=1 dl=18 dr=17 cl=0 cr=0 ok=299 fail=0 vofa=firewater rx=148 txdrop=0
1775028342.3359058,1775028342335905900,5653121082900,HB,65460,42171.0,1,1.906,9.758,21.0,19.0,2.0,16.0,14.0,5.0,3.0,21.0,19.0,0,0,,HB tick=65460 exp_id=191 t_ms=42171 run=1 spd=1 ts=20.000 as=20.000 ta=0.000 aa=-3.221 se=0.000 so=4.003 ae=3.221 ao=1.283 pwm=15 pc=4 hd=1 y=1.906 yr=9.758 L=5 R=3 OL=16 OR=14 el=21 er=19 ed=2 dl=21 dr=19 cl=0 cr=0 ok=300 fail=0 vofa=firewater rx=148 txdrop=0
1775028342.5331776,1775028342533177600,5653318354800,HB,65660,42371.0,1,2.822,7.947,19.0,19.0,0.0,13.0,17.0,2.0,6.0,19.0,19.0,0,0,,HB tick=65660 exp_id=191 t_ms=42371 run=1 spd=1 ts=20.000 as=19.000 ta=0.000 aa=1.906 se=1.000 so=4.106 ae=-1.906 ao=-3.596 pwm=15 pc=4 hd=-2 y=2.822 yr=7.947 L=2 R=6 OL=13 OR=17 el=19 er=19 ed=0 dl=19 dr=19 cl=0 cr=0 ok=301 fail=0 vofa=firewater rx=148 txdrop=0
1775028342.6889966,1775028342688996500,5653474173800,HB,65821,42532.0,1,3.041,5.642,17.0,20.0,-3.0,13.0,17.0,2.0,6.0,17.0,20.0,0,0,,HB tick=65821 exp_id=191 t_ms=42532 run=1 spd=1 ts=20.000 as=18.500 ta=0.000 aa=2.822 se=1.500 so=4.158 ae=-2.822 ao=-3.476 pwm=15 pc=4 hd=-2 y=3.041 yr=5.642 L=2 R=6 OL=13 OR=17 el=17 er=20 ed=-3 dl=17 dr=20 cl=0 cr=0 ok=302 fail=0 vofa=firewater rx=148 txdrop=0
1775028342.9395933,1775028342939593100,5653724770100,HB,66071,42782.0,1,-3.129,-4.972,17.0,21.0,-4.0,13.0,17.0,2.0,6.0,17.0,21.0,0,0,,HB tick=66071 exp_id=191 t_ms=42782 run=1 spd=1 ts=20.000 as=19.000 ta=0.000 aa=3.041 se=1.000 so=4.112 ae=-3.041 ao=-2.850 pwm=15 pc=4 hd=-2 y=-3.129 yr=-4.972 L=2 R=6 OL=13 OR=17 el=17 er=21 ed=-4 dl=17 dr=21 cl=0 cr=0 ok=303 fail=0 vofa=firewater rx=148 txdrop=0
1775028343.106317,1775028343106317100,5653891494200,HB,66227,42938.0,1,-4.034,-5.261,18.0,18.0,0.0,17.0,13.0,6.0,2.0,18.0,18.0,0,0,,HB tick=66227 exp_id=191 t_ms=42938 run=1 spd=1 ts=20.000 as=18.000 ta=0.000 aa=-3.129 se=2.000 so=4.215 ae=3.129 ao=3.632 pwm=15 pc=4 hd=2 y=-4.034 yr=-5.261 L=6 R=2 OL=17 OR=13 el=18 er=18 ed=0 dl=18 dr=18 cl=0 cr=0 ok=304 fail=0 vofa=firewater rx=148 txdrop=0
1775028343.3337514,1775028343333751500,5654118928600,HB,66460,43171.0,1,-5.94,-6.283,20.0,18.0,2.0,17.0,13.0,6.0,2.0,20.0,18.0,0,0,,HB tick=66460 exp_id=191 t_ms=43171 run=1 spd=1 ts=20.000 as=19.000 ta=0.000 aa=-4.034 se=1.000 so=4.120 ae=4.034 ao=4.180 pwm=15 pc=4 hd=2 y=-5.940 yr=-6.283 L=6 R=2 OL=17 OR=13 el=20 er=18 ed=2 dl=20 dr=18 cl=0 cr=0 ok=305 fail=0 vofa=firewater rx=148 txdrop=0
1775028343.4887657,1775028343488765700,5654273943400,HB,66621,43332.0,1,-4.285,-0.487,22.0,18.0,4.0,17.0,13.0,6.0,2.0,22.0,18.0,0,0,,HB tick=66621 exp_id=191 t_ms=43332 run=1 spd=1 ts=20.000 as=20.000 ta=0.000 aa=-5.940 se=0.000 so=4.022 ae=5.940 ao=5.460 pwm=15 pc=4 hd=2 y=-4.285 yr=-0.487 L=6 R=2 OL=17 OR=13 el=22 er=18 ed=4 dl=22 dr=18 cl=0 cr=0 ok=306 fail=0 vofa=firewater rx=148 txdrop=0
1775028343.7274706,1775028343727470500,5654512647800,HB,66854,43565.0,1,-1.21,4.303,20.0,16.0,4.0,17.0,13.0,6.0,2.0,20.0,16.0,0,0,,HB tick=66854 exp_id=191 t_ms=43565 run=1 spd=1 ts=20.000 as=18.000 ta=0.000 aa=-4.285 se=2.000 so=4.226 ae=4.285 ao=2.779 pwm=15 pc=4 hd=2 y=-1.210 yr=4.303 L=6 R=2 OL=17 OR=13 el=20 er=16 ed=4 dl=20 dr=16 cl=0 cr=0 ok=307 fail=0 vofa=firewater rx=148 txdrop=0
1775028343.9454353,1775028343945435300,5654730612300,HB,67075,43786.0,1,5.063,12.732,20.0,16.0,4.0,15.0,15.0,4.0,4.0,20.0,16.0,0,0,,HB tick=67075 exp_id=191 t_ms=43786 run=1 spd=1 ts=20.000 as=18.000 ta=0.000 aa=-1.210 se=2.000 so=4.232 ae=1.210 ao=-0.292 pwm=15 pc=4 hd=0 y=5.063 yr=12.732 L=4 R=4 OL=15 OR=15 el=20 er=16 ed=4 dl=20 dr=16 cl=0 cr=0 ok=308 fail=0 vofa=firewater rx=148 txdrop=0
1775028344.14374,1775028344143739900,5654928921300,HB,67275,43986.0,1,5.85,9.653,17.0,19.0,-2.0,13.0,17.0,2.0,6.0,17.0,19.0,0,0,,HB tick=67275 exp_id=191 t_ms=43986 run=1 spd=1 ts=20.000 as=18.000 ta=0.000 aa=5.063 se=2.000 so=4.236 ae=-5.063 ao=-6.128 pwm=15 pc=4 hd=-2 y=5.850 yr=9.653 L=2 R=6 OL=13 OR=17 el=17 er=19 ed=-2 dl=17 dr=19 cl=0 cr=0 ok=309 fail=0 vofa=firewater rx=148 txdrop=0
1775028344.3534153,1775028344353415200,5655138592400,HB,67480,44191.0,1,5.712,6.038,18.0,19.0,-1.0,13.0,17.0,2.0,6.0,18.0,19.0,0,0,,HB tick=67480 exp_id=191 t_ms=44191 run=1 spd=1 ts=20.000 as=18.500 ta=0.000 aa=5.850 se=1.500 so=4.191 ae=-5.850 ao=-5.539 pwm=15 pc=4 hd=-2 y=5.712 yr=6.038 L=2 R=6 OL=13 OR=17 el=18 er=19 ed=-1 dl=18 dr=19 cl=0 cr=0 ok=310 fail=0 vofa=firewater rx=148 txdrop=0
1775028344.5086129,1775028344508612900,5655293790000,HB,67641,44352.0,1,3.763,-0.312,20.0,13.0,7.0,13.0,17.0,2.0,6.0,20.0,13.0,0,0,,HB tick=67641 exp_id=191 t_ms=44352 run=1 spd=1 ts=20.000 as=16.500 ta=0.000 aa=5.712 se=3.500 so=4.396 ae=-5.712 ao=-4.316 pwm=15 pc=4 hd=-2 y=3.763 yr=-0.312 L=2 R=6 OL=13 OR=17 el=20 er=13 ed=7 dl=20 dr=13 cl=0 cr=0 ok=311 fail=0 vofa=firewater rx=148 txdrop=0
1775028344.7067554,1775028344706755300,5655491932500,HB,67830,44541.0,1,3.493,-0.702,17.0,9.0,8.0,15.0,17.0,4.0,6.0,17.0,9.0,0,0,,HB tick=67830 exp_id=191 t_ms=44541 run=1 spd=1 ts=20.000 as=13.000 ta=0.000 aa=3.763 se=7.000 so=4.758 ae=-3.763 ao=-1.311 pwm=16 pc=5 hd=-1 y=3.493 yr=-0.702 L=4 R=6 OL=15 OR=17 el=17 er=9 ed=8 dl=17 dr=9 cl=0 cr=0 ok=312 fail=0 vofa=firewater rx=148 txdrop=0
1775028344.9577956,1775028344957795500,5655742972800,HB,68084,44795.0,1,26.161,30.779,19.0,17.0,2.0,14.0,16.0,3.0,5.0,19.0,17.0,0,0,yaw_jump,HB tick=68084 exp_id=191 t_ms=44795 run=1 spd=1 ts=20.000 as=18.000 ta=0.000 aa=3.493 se=2.000 so=4.269 ae=-3.493 ao=-1.053 pwm=15 pc=4 hd=-1 y=26.161 yr=30.779 L=3 R=5 OL=14 OR=16 el=19 er=17 ed=2 dl=19 dr=17 cl=0 cr=0 ok=313 fail=0 vofa=firewater rx=148 txdrop=0
1775028345.113784,1775028345113784000,5655898961100,HB,68241,44952.0,1,27.184,22.286,19.0,18.0,1.0,13.0,17.0,2.0,6.0,19.0,18.0,0,0,,HB tick=68241 exp_id=191 t_ms=44952 run=1 spd=1 ts=20.000 as=18.500 ta=0.000 aa=26.161 se=1.500 so=4.223 ae=-26.161 ao=-7.000 pwm=15 pc=4 hd=-2 y=27.184 yr=22.286 L=2 R=6 OL=13 OR=17 el=19 er=18 ed=1 dl=19 dr=18 cl=0 cr=0 ok=314 fail=0 vofa=firewater rx=148 txdrop=0
1775028345.3628285,1775028345362828500,5656148005700,HB,68491,45202.0,1,28.121,15.798,17.0,20.0,-3.0,13.0,17.0,2.0,6.0,17.0,20.0,0,0,,HB tick=68491 exp_id=191 t_ms=45202 run=1 spd=1 ts=20.000 as=18.500 ta=0.000 aa=27.184 se=1.500 so=4.229 ae=-27.184 ao=-7.000 pwm=15 pc=4 hd=-2 y=28.121 yr=15.798 L=2 R=6 OL=13 OR=17 el=17 er=20 ed=-3 dl=17 dr=20 cl=0 cr=0 ok=315 fail=0 vofa=firewater rx=148 txdrop=0
1775028345.5612721,1775028345561272100,5656346449300,HB,68691,45402.0,1,27.388,8.986,18.0,20.0,-2.0,13.0,17.0,2.0,6.0,18.0,20.0,0,0,,HB tick=68691 exp_id=191 t_ms=45402 run=1 spd=1 ts=20.000 as=19.000 ta=0.000 aa=28.121 se=1.000 so=4.182 ae=-28.121 ao=-7.000 pwm=15 pc=4 hd=-2 y=27.388 yr=8.986 L=2 R=6 OL=13 OR=17 el=18 er=20 ed=-2 dl=18 dr=20 cl=0 cr=0 ok=316 fail=0 vofa=firewater rx=148 txdrop=0
1775028345.7803383,1775028345780338100,5656565515600,HB,68913,45624.0,1,21.807,-2.958,18.0,21.0,-3.0,13.0,17.0,2.0,6.0,18.0,21.0,0,0,,HB tick=68913 exp_id=191 t_ms=45624 run=1 spd=1 ts=20.000 as=19.500 ta=0.000 aa=27.388 se=0.500 so=4.136 ae=-27.388 ao=-7.000 pwm=15 pc=4 hd=-2 y=21.807 yr=-2.958 L=2 R=6 OL=13 OR=17 el=18 er=21 ed=-3 dl=18 dr=21 cl=0 cr=0 ok=317 fail=0 vofa=firewater rx=148 txdrop=0
1775028345.997095,1775028345997095100,5656782272400,HB,69129,45840.0,1,17.288,-9.245,17.0,21.0,-4.0,13.0,17.0,2.0,6.0,17.0,21.0,0,0,,HB tick=69129 exp_id=191 t_ms=45840 run=1 spd=1 ts=20.000 as=19.000 ta=0.000 aa=21.807 se=1.000 so=4.189 ae=-21.807 ao=-7.000 pwm=15 pc=4 hd=-2 y=17.288 yr=-9.245 L=2 R=6 OL=13 OR=17 el=17 er=21 ed=-4 dl=17 dr=21 cl=0 cr=0 ok=318 fail=0 vofa=firewater rx=148 txdrop=0
1775028346.2059915,1775028346205991500,5656991168600,HB,69330,46041.0,1,15.836,-8.537,16.0,21.0,-5.0,13.0,17.0,2.0,6.0,16.0,21.0,0,0,,HB tick=69330 exp_id=191 t_ms=46041 run=1 spd=1 ts=20.000 as=18.500 ta=0.000 aa=17.288 se=1.500 so=4.242 ae=-17.288 ao=-5.291 pwm=15 pc=4 hd=-2 y=15.836 yr=-8.537 L=2 R=6 OL=13 OR=17 el=16 er=21 ed=-5 dl=16 dr=21 cl=0 cr=0 ok=319 fail=0 vofa=firewater rx=148 txdrop=0
1775028346.428071,1775028346428070800,5657213248200,HB,69552,46263.0,1,7.338,-18.947,17.0,21.0,-4.0,13.0,17.0,2.0,6.0,17.0,21.0,0,0,yaw_jump,HB tick=69552 exp_id=191 t_ms=46263 run=1 spd=1 ts=20.000 as=19.000 ta=0.000 aa=15.836 se=1.000 so=4.195 ae=-15.836 ao=-4.800 pwm=15 pc=4 hd=-2 y=7.338 yr=-18.947 L=2 R=6 OL=13 OR=17 el=17 er=21 ed=-4 dl=17 dr=21 cl=0 cr=0 ok=320 fail=0 vofa=firewater rx=148 txdrop=0
1775028346.5827885,1775028346582788400,5657367965400,HB,69708,46419.0,1,6.378,-14.469,18.0,19.0,-1.0,17.0,13.0,6.0,2.0,18.0,19.0,0,0,,HB tick=69708 exp_id=191 t_ms=46419 run=1 spd=1 ts=20.000 as=18.500 ta=0.000 aa=7.338 se=1.500 so=4.247 ae=-7.338 ao=2.777 pwm=15 pc=4 hd=2 y=6.378 yr=-14.469 L=6 R=2 OL=17 OR=13 el=18 er=19 ed=-1 dl=18 dr=19 cl=0 cr=0 ok=321 fail=0 vofa=firewater rx=148 txdrop=0
1775028346.8308802,1775028346830880300,5657616057600,HB,69957,46668.0,1,5.062,-11.255,22.0,20.0,2.0,17.0,13.0,6.0,2.0,22.0,20.0,0,0,,HB tick=69957 exp_id=191 t_ms=46668 run=1 spd=1 ts=20.000 as=21.000 ta=0.000 aa=6.378 se=-1.000 so=3.999 ae=-6.378 ao=1.821 pwm=15 pc=4 hd=2 y=5.062 yr=-11.255 L=6 R=2 OL=17 OR=13 el=22 er=20 ed=2 dl=22 dr=20 cl=0 cr=0 ok=322 fail=0 vofa=firewater rx=148 txdrop=0
1775028346.9860497,1775028346986049500,5657771226900,HB,70113,46824.0,1,5.398,-6.562,17.0,12.0,5.0,17.0,15.0,6.0,4.0,17.0,12.0,0,0,,HB tick=70113 exp_id=191 t_ms=46824 run=1 spd=1 ts=20.000 as=14.500 ta=0.000 aa=5.062 se=5.500 so=4.653 ae=-5.062 ao=1.449 pwm=16 pc=5 hd=1 y=5.398 yr=-6.562 L=6 R=4 OL=17 OR=15 el=17 er=12 ed=5 dl=17 dr=12 cl=0 cr=0 ok=323 fail=0 vofa=firewater rx=148 txdrop=0
1775028347.2151644,1775028347215164400,5658000341800,HB,70346,47057.0,1,5.541,-4.05,21.0,21.0,0.0,15.0,15.0,4.0,4.0,21.0,21.0,0,0,,HB tick=70346 exp_id=191 t_ms=47057 run=1 spd=1 ts=20.000 as=21.000 ta=0.000 aa=5.398 se=-1.000 so=4.007 ae=-5.398 ao=-0.224 pwm=15 pc=4 hd=0 y=5.541 yr=-4.050 L=4 R=4 OL=15 OR=15 el=21 er=21 ed=0 dl=21 dr=21 cl=0 cr=0 ok=324 fail=0 vofa=firewater rx=148 txdrop=0
1775028347.4241571,1775028347424157300,5658209334700,HB,70550,47261.0,1,-13.17,-34.734,19.0,23.0,-4.0,14.0,16.0,3.0,5.0,19.0,23.0,0,0,yaw_jump,HB tick=70550 exp_id=191 t_ms=47261 run=1 spd=1 ts=20.000 as=21.000 ta=0.000 aa=5.541 se=-1.000 so=4.004 ae=-5.541 ao=-1.102 pwm=15 pc=4 hd=-1 y=-13.170 yr=-34.734 L=3 R=5 OL=14 OR=16 el=19 er=23 ed=-4 dl=19 dr=23 cl=0 cr=0 ok=325 fail=0 vofa=firewater rx=148 txdrop=0
1775028347.622339,1775028347622339000,5658407516300,HB,70755,47466.0,1,-15.906,-27.25,24.0,18.0,6.0,17.0,13.0,6.0,2.0,24.0,18.0,0,0,,HB tick=70755 exp_id=191 t_ms=47466 run=1 spd=1 ts=20.000 as=21.000 ta=0.000 aa=-13.170 se=-1.000 so=4.002 ae=13.170 ao=7.000 pwm=15 pc=4 hd=2 y=-15.906 yr=-27.250 L=6 R=2 OL=17 OR=13 el=24 er=18 ed=6 dl=24 dr=18 cl=0 cr=0 ok=326 fail=0 vofa=firewater rx=148 txdrop=0
1775028347.830093,1775028347830092700,5658615269900,HB,70960,47671.0,1,-17.732,-20.83,24.0,18.0,6.0,17.0,13.0,6.0,2.0,24.0,18.0,0,0,,HB tick=70960 exp_id=191 t_ms=47671 run=1 spd=1 ts=20.000 as=21.000 ta=0.000 aa=-15.906 se=-1.000 so=3.999 ae=15.906 ao=7.000 pwm=15 pc=4 hd=2 y=-17.732 yr=-20.830 L=6 R=2 OL=17 OR=13 el=24 er=18 ed=6 dl=24 dr=18 cl=0 cr=0 ok=327 fail=0 vofa=firewater rx=148 txdrop=0
1775028348.0383122,1775028348038312200,5658823489500,HB,71165,47876.0,1,-12.986,-5.436,24.0,18.0,6.0,17.0,13.0,6.0,2.0,24.0,18.0,0,0,,HB tick=71165 exp_id=191 t_ms=47876 run=1 spd=1 ts=20.000 as=21.000 ta=0.000 aa=-17.732 se=-1.000 so=3.997 ae=17.732 ao=7.000 pwm=15 pc=4 hd=2 y=-12.986 yr=-5.436 L=6 R=2 OL=17 OR=13 el=24 er=18 ed=6 dl=24 dr=18 cl=0 cr=0 ok=328 fail=0 vofa=firewater rx=148 txdrop=0
1775028348.2453163,1775028348245316400,5659030493800,HB,71374,48085.0,1,-6.947,6.58,24.0,18.0,6.0,17.0,13.0,6.0,2.0,24.0,18.0,0,0,,HB tick=71374 exp_id=191 t_ms=48085 run=1 spd=1 ts=20.000 as=21.000 ta=0.000 aa=-12.986 se=-1.000 so=3.994 ae=12.986 ao=7.000 pwm=15 pc=4 hd=2 y=-6.947 yr=6.580 L=6 R=2 OL=17 OR=13 el=24 er=18 ed=6 dl=24 dr=18 cl=0 cr=0 ok=329 fail=0 vofa=firewater rx=148 txdrop=0
1775028348.4539428,1775028348453942700,5659239119700,HB,71579,48290.0,1,-1.38,13.781,23.0,18.0,5.0,16.0,14.0,5.0,3.0,23.0,18.0,0,0,,HB tick=71579 exp_id=191 t_ms=48290 run=1 spd=1 ts=20.000 as=20.500 ta=0.000 aa=-6.947 se=-0.500 so=4.042 ae=6.947 ao=1.773 pwm=15 pc=4 hd=1 y=-1.380 yr=13.781 L=5 R=3 OL=16 OR=14 el=23 er=18 ed=5 dl=23 dr=18 cl=0 cr=0 ok=330 fail=0 vofa=firewater rx=148 txdrop=0
1775028348.6103578,1775028348610357700,5659395535000,HB,71740,48451.0,1,2.567,17.538,18.0,25.0,-7.0,13.0,17.0,2.0,6.0,18.0,25.0,0,0,,HB tick=71740 exp_id=191 t_ms=48451 run=1 spd=1 ts=20.000 as=21.500 ta=0.000 aa=-1.380 se=-1.500 so=3.940 ae=1.380 ao=-3.314 pwm=15 pc=4 hd=-2 y=2.567 yr=17.538 L=2 R=6 OL=13 OR=17 el=18 er=25 ed=-7 dl=18 dr=25 cl=0 cr=0 ok=331 fail=0 vofa=firewater rx=148 txdrop=0
1775028348.7989187,1775028348798918600,5659584096000,HB,71929,48640.0,1,4.633,15.225,18.0,24.0,-6.0,13.0,17.0,2.0,6.0,18.0,24.0,0,0,,HB tick=71929 exp_id=191 t_ms=48640 run=1 spd=1 ts=20.000 as=21.000 ta=0.000 aa=2.567 se=-1.000 so=3.987 ae=-2.567 ao=-6.491 pwm=15 pc=4 hd=-2 y=4.633 yr=15.225 L=2 R=6 OL=13 OR=17 el=18 er=24 ed=-6 dl=18 dr=24 cl=0 cr=0 ok=332 fail=0 vofa=firewater rx=148 txdrop=0
1775028351.8135972,1775028351813597201,5662598774501,HB,205,0.0,0,-0.862,0.0,0.0,0.0,0.0,0.0,0.0,0.0,0.0,0.0,0.0,0,0,,HB tick=205 run=0 spd=1 ts=0.000 as=0.000 ta=0.000 aa=0.000 se=0.000 so=0.000 ae=0.000 ao=0.000 pwm=0 pc=0 hd=0 y=-0.862 yr=0.000 L=0 R=0 OL=0 OR=0 el=0 er=0 ed=0 dl=0 dr=0 cl=0 cr=0 ok=0 fail=0 vofa=firewater rx=0 txdrop=0
1775028351.9902916,1775028351990291600,5662775468900,HB,436,0.0,0,-8.948,-12.198,0.0,0.0,0.0,0.0,0.0,0.0,0.0,0.0,0.0,0,0,yaw_jump,HB tick=436 run=0 spd=1 ts=0.000 as=0.000 ta=0.000 aa=0.000 se=0.000 so=0.000 ae=0.000 ao=0.000 pwm=0 pc=0 hd=0 y=-8.948 yr=-12.198 L=0 R=0 OL=0 OR=0 el=0 er=0 ed=0 dl=0 dr=0 cl=0 cr=0 ok=1 fail=0 vofa=firewater rx=0 txdrop=0
1775028352.1973372,1775028352197337000,5662982514200,HB,640,0.0,0,-22.107,-30.505,0.0,0.0,0.0,0.0,0.0,0.0,0.0,0.0,0.0,0,0,yaw_jump,HB tick=640 run=0 spd=1 ts=0.000 as=0.000 ta=0.000 aa=0.000 se=0.000 so=0.000 ae=0.000 ao=0.000 pwm=0 pc=0 hd=0 y=-22.107 yr=-30.505 L=0 R=0 OL=0 OR=0 el=0 er=0 ed=0 dl=0 dr=0 cl=0 cr=0 ok=2 fail=0 vofa=firewater rx=0 txdrop=0
1775028352.4050884,1775028352405088600,5663190265700,HB,842,0.0,0,-32.456,-37.76,0.0,0.0,0.0,0.0,0.0,0.0,0.0,0.0,0.0,0,0,yaw_jump,HB tick=842 run=0 spd=1 ts=0.000 as=0.000 ta=0.000 aa=0.000 se=0.000 so=0.000 ae=0.000 ao=0.000 pwm=0 pc=0 hd=0 y=-32.456 yr=-37.760 L=0 R=0 OL=0 OR=0 el=0 er=0 ed=0 dl=0 dr=0 cl=0 cr=0 ok=3 fail=0 vofa=firewater rx=0 txdrop=0
1775028352.6024244,1775028352602424200,5663387601500,HB,1045,0.0,0,-33.393,-26.159,0.0,0.0,0.0,0.0,0.0,0.0,0.0,0.0,0.0,0,0,,HB tick=1045 run=0 spd=1 ts=0.000 as=0.000 ta=0.000 aa=0.000 se=0.000 so=0.000 ae=0.000 ao=0.000 pwm=0 pc=0 hd=0 y=-33.393 yr=-26.159 L=0 R=0 OL=0 OR=0 el=0 er=0 ed=0 dl=0 dr=0 cl=0 cr=0 ok=4 fail=0 vofa=firewater rx=0 txdrop=0
1775028352.830197,1775028352830197000,5663615374000,HB,1250,0.0,0,-38.225,-25.293,0.0,0.0,0.0,0.0,0.0,0.0,0.0,0.0,0.0,0,0,,HB tick=1250 run=0 spd=1 ts=0.000 as=0.000 ta=0.000 aa=0.000 se=0.000 so=0.000 ae=0.000 ao=0.000 pwm=0 pc=0 hd=0 y=-38.225 yr=-25.293 L=0 R=0 OL=0 OR=0 el=0 er=0 ed=0 dl=0 dr=0 cl=0 cr=0 ok=5 fail=0 vofa=firewater rx=0 txdrop=0
1775028353.0077372,1775028353007737000,5663792920300,HB,1453,0.0,0,-38.334,-16.628,0.0,0.0,0.0,0.0,0.0,0.0,0.0,0.0,0.0,0,0,,HB tick=1453 run=0 spd=1 ts=0.000 as=0.000 ta=0.000 aa=0.000 se=0.000 so=0.000 ae=0.000 ao=0.000 pwm=0 pc=0 hd=0 y=-38.334 yr=-16.628 L=0 R=0 OL=0 OR=0 el=0 er=0 ed=0 dl=0 dr=0 cl=0 cr=0 ok=6 fail=0 vofa=firewater rx=0 txdrop=0
1775028353.40215,1775028353402149800,5664187326900,HB,1842,0.0,0,-53.033,-28.755,0.0,0.0,0.0,0.0,0.0,0.0,0.0,0.0,0.0,0,0,yaw_jump,HB tick=1842 run=0 spd=1 ts=0.000 as=0.000 ta=0.000 aa=0.000 se=0.000 so=0.000 ae=0.000 ao=0.000 pwm=0 pc=0 hd=0 y=-53.033 yr=-28.755 L=0 R=0 OL=0 OR=0 el=0 er=0 ed=0 dl=0 dr=0 cl=0 cr=0 ok=7 fail=0 vofa=firewater rx=0 txdrop=0
1775028353.5992482,1775028353599248100,5664384425600,HB,2045,0.0,0,-56.596,-24.835,0.0,0.0,0.0,0.0,0.0,0.0,0.0,0.0,0.0,0,0,,HB tick=2045 run=0 spd=1 ts=0.000 as=0.000 ta=0.000 aa=0.000 se=0.000 so=0.000 ae=0.000 ao=0.000 pwm=0 pc=0 hd=0 y=-56.596 yr=-24.835 L=0 R=0 OL=0 OR=0 el=0 er=0 ed=0 dl=0 dr=0 cl=0 cr=0 ok=8 fail=0 vofa=firewater rx=0 txdrop=0
1775028353.806992,1775028353806992200,5664592169200,HB,2248,0.0,0,-56.531,-16.031,0.0,0.0,0.0,0.0,0.0,0.0,0.0,0.0,0.0,0,0,,HB tick=2248 run=0 spd=1 ts=0.000 as=0.000 ta=0.000 aa=0.000 se=0.000 so=0.000 ae=0.000 ao=0.000 pwm=0 pc=0 hd=0 y=-56.531 yr=-16.031 L=0 R=0 OL=0 OR=0 el=0 er=0 ed=0 dl=0 dr=0 cl=0 cr=0 ok=9 fail=0 vofa=firewater rx=0 txdrop=0
1775028354.0253189,1775028354025319000,5664810496200,HB,2452,0.0,0,-56.548,-10.449,0.0,0.0,0.0,0.0,0.0,0.0,0.0,0.0,0.0,0,0,,HB tick=2452 run=0 spd=1 ts=0.000 as=0.000 ta=0.000 aa=0.000 se=0.000 so=0.000 ae=0.000 ao=0.000 pwm=0 pc=0 hd=0 y=-56.548 yr=-10.449 L=0 R=0 OL=0 OR=0 el=0 er=0 ed=0 dl=0 dr=0 cl=0 cr=0 ok=10 fail=0 vofa=firewater rx=0 txdrop=0
1775028354.3997488,1775028354399748800,5665184930700,HB,2841,0.0,0,-56.554,-4.423,0.0,0.0,0.0,0.0,0.0,0.0,0.0,0.0,0.0,0,0,,HB tick=2841 run=0 spd=1 ts=0.000 as=0.000 ta=0.000 aa=0.000 se=0.000 so=0.000 ae=0.000 ao=0.000 pwm=0 pc=0 hd=0 y=-56.554 yr=-4.423 L=0 R=0 OL=0 OR=0 el=0 er=0 ed=0 dl=0 dr=0 cl=0 cr=0 ok=11 fail=0 vofa=firewater rx=0 txdrop=0
1775028354.6070194,1775028354607019400,5665392196700,HB,3044,0.0,0,-56.565,-2.894,0.0,0.0,0.0,0.0,0.0,0.0,0.0,0.0,0.0,0,0,,HB tick=3044 run=0 spd=1 ts=0.000 as=0.000 ta=0.000 aa=0.000 se=0.000 so=0.000 ae=0.000 ao=0.000 pwm=0 pc=0 hd=0 y=-56.565 yr=-2.894 L=0 R=0 OL=0 OR=0 el=0 er=0 ed=0 dl=0 dr=0 cl=0 cr=0 ok=12 fail=0 vofa=firewater rx=0 txdrop=0
1775028354.8026154,1775028354802615300,5665587792400,HB,3248,0.0,0,-56.568,-1.886,0.0,0.0,0.0,0.0,0.0,0.0,0.0,0.0,0.0,0,0,,HB tick=3248 run=0 spd=1 ts=0.000 as=0.000 ta=0.000 aa=0.000 se=0.000 so=0.000 ae=0.000 ao=0.000 pwm=0 pc=0 hd=0 y=-56.568 yr=-1.886 L=0 R=0 OL=0 OR=0 el=0 er=0 ed=0 dl=0 dr=0 cl=0 cr=0 ok=13 fail=0 vofa=firewater rx=0 txdrop=0
1775028355.0321977,1775028355032197700,5665817375100,HB,3452,0.0,0,-56.569,-1.227,0.0,0.0,0.0,0.0,0.0,0.0,0.0,0.0,0.0,0,0,,HB tick=3452 run=0 spd=1 ts=0.000 as=0.000 ta=0.000 aa=0.000 se=0.000 so=0.000 ae=0.000 ao=0.000 pwm=0 pc=0 hd=0 y=-56.569 yr=-1.227 L=0 R=0 OL=0 OR=0 el=0 er=0 ed=0 dl=0 dr=0 cl=0 cr=0 ok=14 fail=0 vofa=firewater rx=0 txdrop=0
1775028355.3938076,1775028355393807500,5666178984600,HB,3841,0.0,0,-56.571,-0.521,0.0,0.0,0.0,0.0,0.0,0.0,0.0,0.0,0.0,0,0,,HB tick=3841 run=0 spd=1 ts=0.000 as=0.000 ta=0.000 aa=0.000 se=0.000 so=0.000 ae=0.000 ao=0.000 pwm=0 pc=0 hd=0 y=-56.571 yr=-0.521 L=0 R=0 OL=0 OR=0 el=0 er=0 ed=0 dl=0 dr=0 cl=0 cr=0 ok=15 fail=0 vofa=firewater rx=0 txdrop=0
1775028355.7882438,1775028355788243600,5666573420700,HB,4229,0.0,0,-56.571,-0.221,0.0,0.0,0.0,0.0,0.0,0.0,0.0,0.0,0.0,0,0,,HB tick=4229 run=0 spd=1 ts=0.000 as=0.000 ta=0.000 aa=0.000 se=0.000 so=0.000 ae=0.000 ao=0.000 pwm=0 pc=0 hd=0 y=-56.571 yr=-0.221 L=0 R=0 OL=0 OR=0 el=0 er=0 ed=0 dl=0 dr=0 cl=0 cr=0 ok=16 fail=0 vofa=firewater rx=0 txdrop=0
1775028355.9859927,1775028355985992800,5666771170400,HB,4432,0.0,0,-56.571,-0.143,0.0,0.0,0.0,0.0,0.0,0.0,0.0,0.0,0.0,0,0,,HB tick=4432 run=0 spd=1 ts=0.000 as=0.000 ta=0.000 aa=0.000 se=0.000 so=0.000 ae=0.000 ao=0.000 pwm=0 pc=0 hd=0 y=-56.571 yr=-0.143 L=0 R=0 OL=0 OR=0 el=0 er=0 ed=0 dl=0 dr=0 cl=0 cr=0 ok=17 fail=0 vofa=firewater rx=0 txdrop=0
1775028356.2147987,1775028356214798500,5666999984500,HB,4636,0.0,0,-56.571,-0.093,0.0,0.0,0.0,0.0,0.0,0.0,0.0,0.0,0.0,0,0,,HB tick=4636 run=0 spd=1 ts=0.000 as=0.000 ta=0.000 aa=0.000 se=0.000 so=0.000 ae=0.000 ao=0.000 pwm=0 pc=0 hd=0 y=-56.571 yr=-0.093 L=0 R=0 OL=0 OR=0 el=0 er=0 ed=0 dl=0 dr=0 cl=0 cr=0 ok=18 fail=0 vofa=firewater rx=0 txdrop=0
1775028356.4030218,1775028356403021800,5667188198800,HB,4844,0.0,0,-56.571,-0.061,0.0,0.0,0.0,0.0,0.0,0.0,0.0,0.0,0.0,0,0,,HB tick=4844 run=0 spd=1 ts=0.000 as=0.000 ta=0.000 aa=0.000 se=0.000 so=0.000 ae=0.000 ao=0.000 pwm=0 pc=0 hd=0 y=-56.571 yr=-0.061 L=0 R=0 OL=0 OR=0 el=0 er=0 ed=0 dl=0 dr=0 cl=0 cr=0 ok=19 fail=0 vofa=firewater rx=0 txdrop=0
1775028356.6016576,1775028356601657500,5667386834500,HB,5047,0.0,0,-56.571,-0.04,0.0,0.0,0.0,0.0,0.0,0.0,0.0,0.0,0.0,0,0,,HB tick=5047 run=0 spd=1 ts=0.000 as=0.000 ta=0.000 aa=0.000 se=0.000 so=0.000 ae=0.000 ao=0.000 pwm=0 pc=0 hd=0 y=-56.571 yr=-0.040 L=0 R=0 OL=0 OR=0 el=0 er=0 ed=0 dl=0 dr=0 cl=0 cr=0 ok=20 fail=0 vofa=firewater rx=0 txdrop=0
1775028356.8092775,1775028356809277400,5667594454600,HB,5250,0.0,0,-56.573,-0.028,0.0,0.0,0.0,0.0,0.0,0.0,0.0,0.0,0.0,0,0,,HB tick=5250 run=0 spd=1 ts=0.000 as=0.000 ta=0.000 aa=0.000 se=0.000 so=0.000 ae=0.000 ao=0.000 pwm=0 pc=0 hd=0 y=-56.573 yr=-0.028 L=0 R=0 OL=0 OR=0 el=0 er=0 ed=0 dl=0 dr=0 cl=0 cr=0 ok=21 fail=0 vofa=firewater rx=0 txdrop=0
1775028357.0061853,1775028357006185300,5667791362400,HB,5453,0.0,0,-56.573,-0.019,0.0,0.0,0.0,0.0,0.0,0.0,0.0,0.0,0.0,0,0,,HB tick=5453 run=0 spd=1 ts=0.000 as=0.000 ta=0.000 aa=0.000 se=0.000 so=0.000 ae=0.000 ao=0.000 pwm=0 pc=0 hd=0 y=-56.573 yr=-0.019 L=0 R=0 OL=0 OR=0 el=0 er=0 ed=0 dl=0 dr=0 cl=0 cr=0 ok=22 fail=0 vofa=firewater rx=0 txdrop=0
1775028357.2348866,1775028357234886600,5668020064300,HB,5657,0.0,0,-56.574,-0.013,0.0,0.0,0.0,0.0,0.0,0.0,0.0,0.0,0.0,0,0,,HB tick=5657 run=0 spd=1 ts=0.000 as=0.000 ta=0.000 aa=0.000 se=0.000 so=0.000 ae=0.000 ao=0.000 pwm=0 pc=0 hd=0 y=-56.574 yr=-0.013 L=0 R=0 OL=0 OR=0 el=0 er=0 ed=0 dl=0 dr=0 cl=0 cr=0 ok=23 fail=0 vofa=firewater rx=0 txdrop=0
1775028357.558546,1775028357558546100,5668343723300,HB,6006,0.0,0,-56.574,-0.006,0.0,0.0,0.0,0.0,0.0,0.0,0.0,0.0,0.0,0,0,,HB tick=6006 run=0 spd=1 ts=0.000 as=0.000 ta=0.000 aa=0.000 se=0.000 so=0.000 ae=0.000 ao=0.000 pwm=0 pc=0 hd=0 y=-56.574 yr=-0.006 L=0 R=0 OL=0 OR=0 el=0 er=0 ed=0 dl=0 dr=0 cl=0 cr=0 ok=24 fail=0 vofa=firewater rx=0 txdrop=0
