host_time_s,host_time_ns,host_monotonic_ns,source,tick,t_ms,run,yaw,yaw_rate,left_encoder,right_encoder,encoder_diff,left_output,right_output,left_core,right_core,raw_left_delta,raw_right_delta,left_clamped,right_clamped,anomaly_flags,raw_line
1775026843.779802,1775026843779802200,4154564980200,HB,468295,0.0,0,-3.98,-0.0,0.0,0.0,0.0,0.0,0.0,0.0,0.0,0.0,0.0,0,0,,HB tick=468065 run=0 spd=1 ts=0.000 as=0.000 ta=0.000 aa=0.000 se=0.000 so=0.000 ae=0.000 ao=0.000 pwm=0 pc=0 hd=0 y=-3.980 yr=-0.000 L=0 R=0 OL=0 OR=0 el=0 er=0 ed=0 dl=0 dr=0 cl=0 crBNO tick=468295 run=0 y=-3.980 yr=-0.000 q0=0.99841 q1=0.04272 q2=0.00964 q3=0.03467 who=0x85 addr=0x4A paddr=0x4A st=6 pwho=0xF8 sfa=0x00 sla=0x00 shc=0 ch=3 rid=0x08 len=101 txch=2 txlen=21 wfail=0 scl=1 sda=1 rst=1 int=0 iok=2359 if=0 rx=205 txd=11851
1775026843.779802,1775026843779802201,4154564980201,HB,468296,0.0,0,-3.98,-0.0,0.0,0.0,0.0,0.0,0.0,0.0,0.0,0.0,0.0,0,0,,HB tick=468296 run=0 spd=1 ts=0.000 as=0.000 ta=0.000 aa=0.000 se=0.000 so=0.000 ae=0.000 ao=0.000 pwm=0 pc=0 hd=0 y=-3.980 yr=-0.000 L=0 R=0 OL=0 OR=0 el=0 er=0 ed=0 dl=0 dr=0 cl=0 cr=0 ok=1872 fail=0 vofa=firewater rx=205 txdrop=11851
1775026843.779802,1775026843779802202,4154564980202,HB,468504,0.0,0,-3.98,-0.0,0.0,0.0,0.0,0.0,0.0,0.0,0.0,0.0,0.0,0,0,,HB tick=468504 run=0 spd=1 ts=0.000 as=0.000 ta=0.000 aa=0.000 se=0.000 so=0.000 ae=0.000 ao=0.000 pwm=0 pc=0 hd=0 y=-3.980 yr=-0.000 L=0 R=0 OL=0 OR=0 el=0 er=0 ed=0 dl=0 dr=0 cl=0 cr=0 ok=1873 fail=0 vofa=firewater rx=205 txdrop=11851
1775026843.779802,1775026843779802203,4154564980203,HB,468707,0.0,0,-3.966,0.024,3.0,3.0,0.0,0.0,0.0,0.0,0.0,3.0,3.0,0,0,,HB tick=468707 run=0 spd=1 ts=0.000 as=0.000 ta=0.000 aa=0.000 se=0.000 so=0.000 ae=0.000 ao=0.000 pwm=0 pc=0 hd=0 y=-3.966 yr=0.024 L=0 R=0 OL=0 OR=0 el=3 er=3 ed=0 dl=3 dr=3 cl=0 cr=0 ok=1874 fail=0 vofa=firewater rx=205 txdrop=11851
1775026843.779802,1775026843779802204,4154564980204,HB,468910,0.0,0,-4.417,-0.763,4.0,3.0,1.0,0.0,0.0,0.0,0.0,4.0,3.0,0,0,,HB tick=468910 run=0 spd=1 ts=0.000 as=0.000 ta=0.000 aa=0.000 se=0.000 so=0.000 ae=0.000 ao=0.000 pwm=0 pc=0 hd=0 y=-4.417 yr=-0.763 L=0 R=0 OL=0 OR=0 el=4 er=3 ed=1 dl=4 dr=3 cl=0 cr=0 ok=1875 fail=0 vofa=firewater rx=205 txdrop=11851
1775026844.1655653,1775026844165565100,4154950742700,HB,469299,0.0,0,-2.39,2.568,0.0,0.0,0.0,0.0,0.0,0.0,0.0,0.0,0.0,0,0,,HB tick=469299 run=0 spd=1 ts=0.000 as=0.000 ta=0.000 aa=0.000 se=0.000 so=0.000 ae=0.000 ao=0.000 pwm=0 pc=0 hd=0 y=-2.390 yr=2.568 L=0 R=0 OL=0 OR=0 el=0 er=0 ed=0 dl=0 dr=0 cl=0 cr=0 ok=1876 fail=0 vofa=firewater rx=205 txdrop=11851
1775026844.301847,1775026844301847100,4155087024500,STAT,469443,0.0,0,-2.39046,2.568465,0.0,0.0,0.0,0.0,0.0,0.0,0.0,0.0,0.0,0,0,,STAT tick=469443 run=0 spd=1 ts=0.000000 as=0.000000 ta=0.000000 aa=0.000000 se=0.000000 so=0.000000 ae=0.000000 ao=0.000000 pwm=0 pc=0 hd=0 y=-2.390460 p=-0.907264 r=5.100006 yr=2.568465 ax=0 ay=0 az=0 gx=0 gy=0 gz=0 who=0x85 addr=0x4A icm_ok=2364 icm_fail=0 L=0 R=0 OL=0 OR=0 el=0 er=0 ed=0 dl=0 dr=0 cl=0 cr=0 skp=0.100000 ski=0.012000 skd=0.000000 akp=0.240000 aki=0.002400 akd=0.320000 ok=1877 fail=0 vofa=firewater rx=211 txdrop=11851
1775026844.3540738,1775026844354073900,4155139250900,HB,469506,0.0,0,-2.122,2.121,0.0,0.0,0.0,0.0,0.0,0.0,0.0,0.0,0.0,0,0,,HB tick=469506 run=0 spd=1 ts=0.000 as=0.000 ta=0.000 aa=0.000 se=0.000 so=0.000 ae=0.000 ao=0.000 pwm=0 pc=0 hd=0 y=-2.122 yr=2.121 L=0 R=0 OL=0 OR=0 el=0 er=0 ed=0 dl=0 dr=0 cl=0 cr=0 ok=1877 fail=0 vofa=firewater rx=211 txdrop=11851
1775026844.5533128,1775026844553312700,4155338495500,HB,469709,0.0,0,-2.143,1.343,0.0,0.0,0.0,0.0,0.0,0.0,0.0,0.0,0.0,0,0,,HB tick=469709 run=0 spd=1 ts=0.000 as=0.000 ta=0.000 aa=0.000 se=0.000 so=0.000 ae=0.000 ao=0.000 pwm=0 pc=0 hd=0 y=-2.143 yr=1.343 L=0 R=0 OL=0 OR=0 el=0 er=0 ed=0 dl=0 dr=0 cl=0 cr=0 ok=1878 fail=0 vofa=firewater rx=211 txdrop=11851
1775026844.753262,1775026844753262000,4155538439400,HB,469912,0.0,0,-2.155,0.852,0.0,0.0,0.0,0.0,0.0,0.0,0.0,0.0,0.0,0,0,,HB tick=469912 run=0 spd=1 ts=0.000 as=0.000 ta=0.000 aa=0.000 se=0.000 so=0.000 ae=0.000 ao=0.000 pwm=0 pc=0 hd=0 y=-2.155 yr=0.852 L=0 R=0 OL=0 OR=0 el=0 er=0 ed=0 dl=0 dr=0 cl=0 cr=0 ok=1879 fail=0 vofa=firewater rx=211 txdrop=11851
1775026844.9625888,1775026844962588800,4155747766300,HB,470119,0.0,0,-2.153,0.557,0.0,0.0,0.0,0.0,0.0,0.0,0.0,0.0,0.0,0,0,,HB tick=470119 run=0 spd=1 ts=0.000 as=0.000 ta=0.000 aa=0.000 se=0.000 so=0.000 ae=0.000 ao=0.000 pwm=0 pc=0 hd=0 y=-2.153 yr=0.557 L=0 R=0 OL=0 OR=0 el=0 er=0 ed=0 dl=0 dr=0 cl=0 cr=0 ok=1880 fail=0 vofa=firewater rx=211 txdrop=11851
1775026845.370032,1775026845370032200,4156155209800,HB,470509,0.0,0,-2.153,0.236,0.0,0.0,0.0,0.0,0.0,0.0,0.0,0.0,0.0,0,0,,HB tick=470509 run=0 spd=1 ts=0.000 as=0.000 ta=0.000 aa=0.000 se=0.000 so=0.000 ae=0.000 ao=0.000 pwm=0 pc=0 hd=0 y=-2.153 yr=0.236 L=0 R=0 OL=0 OR=0 el=0 er=0 ed=0 dl=0 dr=0 cl=0 cr=0 ok=1881 fail=0 vofa=firewater rx=211 txdrop=11851
1775026845.7461946,1775026845746194800,4156531372500,HB,470898,0.0,0,-2.153,0.1,0.0,0.0,0.0,0.0,0.0,0.0,0.0,0.0,0.0,0,0,,HB tick=470898 run=0 spd=1 ts=0.000 as=0.000 ta=0.000 aa=0.000 se=0.000 so=0.000 ae=0.000 ao=0.000 pwm=0 pc=0 hd=0 y=-2.153 yr=0.100 L=0 R=0 OL=0 OR=0 el=0 er=0 ed=0 dl=0 dr=0 cl=0 cr=0 ok=1882 fail=0 vofa=firewater rx=211 txdrop=11851
1775026845.9446573,1775026845944657300,4156729834800,HB,471101,0.0,0,-2.153,0.064,0.0,0.0,0.0,0.0,0.0,0.0,0.0,0.0,0.0,0,0,,HB tick=471101 run=0 spd=1 ts=0.000 as=0.000 ta=0.000 aa=0.000 se=0.000 so=0.000 ae=0.000 ao=0.000 pwm=0 pc=0 hd=0 y=-2.153 yr=0.064 L=0 R=0 OL=0 OR=0 el=0 er=0 ed=0 dl=0 dr=0 cl=0 cr=0 ok=1883 fail=0 vofa=firewater rx=211 txdrop=11851
1775026846.1521523,1775026846152152200,4156937334200,HB,471305,0.0,0,-2.153,0.042,0.0,0.0,0.0,0.0,0.0,0.0,0.0,0.0,0.0,0,0,,HB tick=471305 run=0 spd=1 ts=0.000 as=0.000 ta=0.000 aa=0.000 se=0.000 so=0.000 ae=0.000 ao=0.000 pwm=0 pc=0 hd=0 y=-2.153 yr=0.042 L=0 R=0 OL=0 OR=0 el=0 er=0 ed=0 dl=0 dr=0 cl=0 cr=0 ok=1884 fail=0 vofa=firewater rx=211 txdrop=11851
1775026846.3512118,1775026846351211800,4157136391800,HB,471507,0.0,0,-2.153,0.027,0.0,0.0,0.0,0.0,0.0,0.0,0.0,0.0,0.0,0,0,,HB tick=471507 run=0 spd=1 ts=0.000 as=0.000 ta=0.000 aa=0.000 se=0.000 so=0.000 ae=0.000 ao=0.000 pwm=0 pc=0 hd=0 y=-2.153 yr=0.027 L=0 R=0 OL=0 OR=0 el=0 er=0 ed=0 dl=0 dr=0 cl=0 cr=0 ok=1885 fail=0 vofa=firewater rx=217 txdrop=11851
1775026846.601576,1775026846601576300,4157386754000,HB,471732,0.0,0,-2.153,0.018,0.0,0.0,0.0,0.0,0.0,0.0,0.0,0.0,0.0,0,0,,HB tick=471732 run=0 spd=1 ts=0.000 as=0.000 ta=0.000 aa=0.000 se=0.000 so=0.000 ae=0.000 ao=0.000 pwm=0 pc=0 hd=0 y=-2.153 yr=0.018 L=0 R=0 OL=0 OR=0 el=0 er=0 ed=0 dl=0 dr=0 cl=0 cr=0 ok=1886 fail=0 vofa=firewater rx=217 txdrop=11851
1775026847.206869,1775026847206868901,4157992047201,HB,472322,0.0,0,-2.146,0.016,0.0,0.0,0.0,0.0,0.0,0.0,0.0,0.0,0.0,0,0,,HB tick=472322 run=0 spd=1 ts=0.000 as=0.000 ta=0.000 aa=0.000 se=0.000 so=0.000 ae=0.000 ao=0.000 pwm=0 pc=0 hd=0 y=-2.146 yr=0.016 L=0 R=0 OL=0 OR=0 el=0 er=0 ed=0 dl=0 dr=0 cl=0 cr=0 ok=1888 fail=0 vofa=firewater rx=217 txdrop=11851
1775026847.5099473,1775026847509947400,4158295125200,HB,472667,0.0,0,-2.146,0.007,0.0,0.0,0.0,0.0,0.0,0.0,0.0,0.0,0.0,0,0,,HB tick=472667 run=0 spd=1 ts=0.000 as=0.000 ta=0.000 aa=0.000 se=0.000 so=0.000 ae=0.000 ao=0.000 pwm=0 pc=0 hd=0 y=-2.146 yr=0.007 L=0 R=0 OL=0 OR=0 el=0 er=0 ed=0 dl=0 dr=0 cl=0 cr=0 ok=1889 fail=0 vofa=firewater rx=222 txdrop=11851
1775026847.7608054,1775026847760805400,4158545982500,HB,472899,0.0,0,-2.147,0.004,0.0,0.0,0.0,0.0,0.0,0.0,0.0,0.0,0.0,0,0,,HB tick=472899 run=0 spd=1 ts=0.000 as=0.000 ta=0.000 aa=0.000 se=0.000 so=0.000 ae=0.000 ao=0.000 pwm=0 pc=0 hd=0 y=-2.147 yr=0.004 L=0 R=0 OL=0 OR=0 el=0 er=0 ed=0 dl=0 dr=0 cl=0 cr=0 ok=1890 fail=0 vofa=firewater rx=222 txdrop=11851
1775026847.947809,1775026847947809000,4158732986300,HB,473103,0.0,0,-2.146,0.003,0.0,0.0,0.0,0.0,0.0,0.0,0.0,0.0,0.0,0,0,,HB tick=473103 run=0 spd=1 ts=0.000 as=0.000 ta=0.000 aa=0.000 se=0.000 so=0.000 ae=0.000 ao=0.000 pwm=0 pc=0 hd=0 y=-2.146 yr=0.003 L=0 R=0 OL=0 OR=0 el=0 er=0 ed=0 dl=0 dr=0 cl=0 cr=0 ok=1891 fail=0 vofa=firewater rx=222 txdrop=11851
1775026848.2918665,1775026848291866700,4159077044200,HB,473447,0.0,0,-2.146,0.001,0.0,0.0,0.0,0.0,0.0,0.0,0.0,0.0,0.0,0,0,,HB tick=473447 run=0 spd=1 ts=0.000 as=0.000 ta=0.000 aa=0.000 se=0.000 so=0.000 ae=0.000 ao=0.000 pwm=0 pc=0 hd=0 y=-2.146 yr=0.001 L=0 R=0 OL=0 OR=0 el=0 er=0 ed=0 dl=0 dr=0 cl=0 cr=0 ok=1892 fail=0 vofa=firewater rx=222 txdrop=11851
1775026848.519356,1775026848519355800,4159304533300,HB,473678,0.0,0,-2.147,0.0,0.0,0.0,0.0,0.0,0.0,0.0,0.0,0.0,0.0,0,0,,HB tick=473678 run=0 spd=1 ts=0.000 as=0.000 ta=0.000 aa=0.000 se=0.000 so=0.000 ae=0.000 ao=0.000 pwm=0 pc=0 hd=0 y=-2.147 yr=0.000 L=0 R=0 OL=0 OR=0 el=0 er=0 ed=0 dl=0 dr=0 cl=0 cr=0 ok=1893 fail=0 vofa=firewater rx=227 txdrop=11851
1775026848.7271821,1775026848727182200,4159512361200,HB,473882,0.0,0,-2.146,0.001,0.0,0.0,0.0,0.0,0.0,0.0,0.0,0.0,0.0,0,0,,HB tick=473882 run=0 spd=1 ts=0.000 as=0.000 ta=0.000 aa=0.000 se=0.000 so=0.000 ae=0.000 ao=0.000 pwm=0 pc=0 hd=0 y=-2.146 yr=0.001 L=0 R=0 OL=0 OR=0 el=0 er=0 ed=0 dl=0 dr=0 cl=0 cr=0 ok=1894 fail=0 vofa=firewater rx=227 txdrop=11851
1775026848.9467695,1775026848946769300,4159731946600,HB,474086,0.0,0,-2.153,-0.011,0.0,0.0,0.0,0.0,0.0,0.0,0.0,0.0,0.0,0,0,,HB tick=474086 run=0 spd=1 ts=0.000 as=0.000 ta=0.000 aa=0.000 se=0.000 so=0.000 ae=0.000 ao=0.000 pwm=0 pc=0 hd=0 y=-2.153 yr=-0.011 L=0 R=0 OL=0 OR=0 el=0 er=0 ed=0 dl=0 dr=0 cl=0 cr=0 ok=1895 fail=0 vofa=firewater rx=227 txdrop=11851
1775026849.1341202,1775026849134120100,4159919297400,HB,474289,0.0,0,-2.153,-0.008,0.0,0.0,0.0,0.0,0.0,0.0,0.0,0.0,0.0,0,0,,HB tick=474289 run=0 spd=1 ts=0.000 as=0.000 ta=0.000 aa=0.000 se=0.000 so=0.000 ae=0.000 ao=0.000 pwm=0 pc=0 hd=0 y=-2.153 yr=-0.008 L=0 R=0 OL=0 OR=0 el=0 er=0 ed=0 dl=0 dr=0 cl=0 cr=0 ok=1896 fail=0 vofa=firewater rx=227 txdrop=11851
1775026849.5237632,1775026849523763100,4160308940800,HB,474682,0.0,0,-2.146,0.007,0.0,0.0,0.0,0.0,0.0,0.0,0.0,0.0,0.0,0,0,,HB tick=474682 run=0 spd=1 ts=0.000 as=0.000 ta=0.000 aa=0.000 se=0.000 so=0.000 ae=0.000 ao=0.000 pwm=0 pc=0 hd=0 y=-2.146 yr=0.007 L=0 R=0 OL=0 OR=0 el=0 er=0 ed=0 dl=0 dr=0 cl=0 cr=0 ok=1897 fail=0 vofa=firewater rx=227 txdrop=11851
1775026849.7321477,1775026849732147800,4160517325000,HB,474885,0.0,0,-2.146,0.005,0.0,0.0,0.0,0.0,0.0,0.0,0.0,0.0,0.0,0,0,,HB tick=474885 run=0 spd=1 ts=0.000 as=0.000 ta=0.000 aa=0.000 se=0.000 so=0.000 ae=0.000 ao=0.000 pwm=0 pc=0 hd=0 y=-2.146 yr=0.005 L=0 R=0 OL=0 OR=0 el=0 er=0 ed=0 dl=0 dr=0 cl=0 cr=0 ok=1898 fail=0 vofa=firewater rx=227 txdrop=11851
1775026849.9508438,1775026849950844000,4160736022000,HB,475089,0.0,0,-2.146,0.003,0.0,0.0,0.0,0.0,0.0,0.0,0.0,0.0,0.0,0,0,,HB tick=475089 run=0 spd=1 ts=0.000 as=0.000 ta=0.000 aa=0.000 se=0.000 so=0.000 ae=0.000 ao=0.000 pwm=0 pc=0 hd=0 y=-2.146 yr=0.003 L=0 R=0 OL=0 OR=0 el=0 er=0 ed=0 dl=0 dr=0 cl=0 cr=0 ok=1899 fail=0 vofa=firewater rx=234 txdrop=11851
1775026850.1380727,1775026850138072800,4160923250300,HB,475298,0.0,0,-2.146,0.002,0.0,0.0,0.0,0.0,0.0,0.0,0.0,0.0,0.0,0,0,,HB tick=475298 run=0 spd=1 ts=0.000 as=0.000 ta=0.000 aa=0.000 se=0.000 so=0.000 ae=0.000 ao=0.000 pwm=0 pc=0 hd=0 y=-2.146 yr=0.002 L=0 R=0 OL=0 OR=0 el=0 er=0 ed=0 dl=0 dr=0 cl=0 cr=0 ok=1900 fail=0 vofa=firewater rx=234 txdrop=11851
1775026850.3951488,1775026850395148700,4161180325700,HB,475501,0.0,0,-2.146,0.001,0.0,0.0,0.0,0.0,0.0,0.0,0.0,0.0,0.0,0,0,,HB tick=475501 run=0 spd=1 ts=0.000 as=0.000 ta=0.000 aa=0.000 se=0.000 so=0.000 ae=0.000 ao=0.000 pwm=0 pc=0 hd=0 y=-2.146 yr=0.001 L=0 R=0 OL=0 OR=0 el=0 er=0 ed=0 dl=0 dr=0 cl=0 cr=0 ok=1901 fail=0 vofa=firewater rx=234 txdrop=11851
1775026850.5521183,1775026850552118200,4161337295300,HB,475705,0.0,0,-2.146,0.001,0.0,0.0,0.0,0.0,0.0,0.0,0.0,0.0,0.0,0,0,,HB tick=475705 run=0 spd=1 ts=0.000 as=0.000 ta=0.000 aa=0.000 se=0.000 so=0.000 ae=0.000 ao=0.000 pwm=0 pc=0 hd=0 y=-2.146 yr=0.001 L=0 R=0 OL=0 OR=0 el=0 er=0 ed=0 dl=0 dr=0 cl=0 cr=0 ok=1902 fail=0 vofa=firewater rx=243 txdrop=11851
1775026850.7500577,1775026850750057700,4161535235700,HB,475908,0.0,0,-2.146,0.001,0.0,0.0,0.0,0.0,0.0,0.0,0.0,0.0,0.0,0,0,,HB tick=475908 run=0 spd=1 ts=0.000 as=0.000 ta=0.000 aa=0.000 se=0.000 so=0.000 ae=0.000 ao=0.000 pwm=0 pc=0 hd=0 y=-2.146 yr=0.001 L=0 R=0 OL=0 OR=0 el=0 er=0 ed=0 dl=0 dr=0 cl=0 cr=0 ok=1903 fail=0 vofa=firewater rx=243 txdrop=11851
1775026850.9802322,1775026850980232300,4161765409600,HB,476112,0.0,0,-2.146,0.0,0.0,0.0,0.0,0.0,0.0,0.0,0.0,0.0,0.0,0,0,,HB tick=476112 run=0 spd=1 ts=0.000 as=0.000 ta=0.000 aa=0.000 se=0.000 so=0.000 ae=0.000 ao=0.000 pwm=0 pc=0 hd=0 y=-2.146 yr=0.000 L=0 R=0 OL=0 OR=0 el=0 er=0 ed=0 dl=0 dr=0 cl=0 cr=0 ok=1904 fail=0 vofa=firewater rx=243 txdrop=11851
1775026851.3448262,1775026851344826100,4162130003600,HB,476505,0.0,0,-2.146,0.0,0.0,0.0,0.0,0.0,0.0,0.0,0.0,0.0,0.0,0,0,,HB tick=476505 run=0 spd=1 ts=0.000 as=0.000 ta=0.000 aa=0.000 se=0.000 so=0.000 ae=0.000 ao=0.000 pwm=0 pc=0 hd=0 y=-2.146 yr=0.000 L=0 R=0 OL=0 OR=0 el=0 er=0 ed=0 dl=0 dr=0 cl=0 cr=0 ok=1905 fail=0 vofa=firewater rx=254 txdrop=11851
1775026851.5529995,1775026851552999400,4162338176900,HB,476708,0.0,0,-2.146,0.0,0.0,0.0,0.0,0.0,0.0,0.0,0.0,0.0,0.0,0,0,,HB tick=476708 run=0 spd=1 ts=0.000 as=0.000 ta=0.000 aa=0.000 se=0.000 so=0.000 ae=0.000 ao=0.000 pwm=0 pc=0 hd=0 y=-2.146 yr=0.000 L=0 R=0 OL=0 OR=0 el=0 er=0 ed=0 dl=0 dr=0 cl=0 cr=0 ok=1906 fail=0 vofa=firewater rx=254 txdrop=11851
1775026851.7593908,1775026851759390800,4162544567800,HB,476916,0.0,0,-2.146,-0.001,0.0,0.0,0.0,0.0,0.0,0.0,0.0,0.0,0.0,0,0,,HB tick=476916 run=0 spd=1 ts=0.000 as=0.000 ta=0.000 aa=0.000 se=0.000 so=0.000 ae=0.000 ao=0.000 pwm=0 pc=0 hd=0 y=-2.146 yr=-0.001 L=0 R=0 OL=0 OR=0 el=0 er=0 ed=0 dl=0 dr=0 cl=0 cr=0 ok=1907 fail=0 vofa=firewater rx=254 txdrop=11851
1775026852.1679318,1775026852167932000,4162953109800,HB,477306,0.0,0,-2.146,0.0,0.0,0.0,0.0,0.0,0.0,0.0,0.0,0.0,0.0,0,0,,HB tick=477306 run=0 spd=1 ts=0.000 as=0.000 ta=0.000 aa=0.000 se=0.000 so=0.000 ae=0.000 ao=0.000 pwm=0 pc=0 hd=0 y=-2.146 yr=0.000 L=0 R=0 OL=0 OR=0 el=0 er=0 ed=0 dl=0 dr=0 cl=0 cr=0 ok=1908 fail=0 vofa=firewater rx=263 txdrop=11851
1775026852.5400388,1775026852540038900,4163325217500,HB,477695,0.0,0,-2.145,0.001,0.0,0.0,0.0,0.0,0.0,0.0,0.0,0.0,0.0,0,0,,HB tick=477695 run=0 spd=1 ts=0.000 as=0.000 ta=0.000 aa=0.000 se=0.000 so=0.000 ae=0.000 ao=0.000 pwm=0 pc=0 hd=0 y=-2.145 yr=0.001 L=0 R=0 OL=0 OR=0 el=0 er=0 ed=0 dl=0 dr=0 cl=0 cr=0 ok=1909 fail=0 vofa=firewater rx=273 txdrop=11851
1775026852.8833294,1775026852883329400,4163668507000,HB,478040,0.0,0,-2.145,0.0,0.0,0.0,0.0,0.0,0.0,0.0,0.0,0.0,0.0,0,0,,HB tick=478040 run=0 spd=1 ts=0.000 as=0.000 ta=0.000 aa=0.000 se=0.000 so=0.000 ae=0.000 ao=0.000 pwm=0 pc=0 hd=0 y=-2.145 yr=0.000 L=0 R=0 OL=0 OR=0 el=0 er=0 ed=0 dl=0 dr=0 cl=0 cr=0 ok=1910 fail=0 vofa=firewater rx=273 txdrop=11851
1775026853.11082,1775026853110820100,4163895997600,HB,478270,0.0,0,-2.146,-0.001,0.0,0.0,0.0,0.0,0.0,0.0,0.0,0.0,0.0,0,0,,HB tick=478270 run=0 spd=1 ts=0.000 as=0.000 ta=0.000 aa=0.000 se=0.000 so=0.000 ae=0.000 ao=0.000 pwm=0 pc=0 hd=0 y=-2.146 yr=-0.001 L=0 R=0 OL=0 OR=0 el=0 er=0 ed=0 dl=0 dr=0 cl=0 cr=0 ok=1911 fail=0 vofa=firewater rx=273 txdrop=11851
1775026853.3404162,1775026853340416200,4164125593600,HB,478479,0.0,0,-2.146,-0.0,0.0,0.0,0.0,0.0,0.0,0.0,0.0,0.0,0.0,0,0,,HB tick=478479 run=0 spd=1 ts=0.000 as=0.000 ta=0.000 aa=0.000 se=0.000 so=0.000 ae=0.000 ao=0.000 pwm=0 pc=0 hd=0 y=-2.146 yr=-0.000 L=0 R=0 OL=0 OR=0 el=0 er=0 ed=0 dl=0 dr=0 cl=0 cr=0 ok=1912 fail=0 vofa=firewater rx=285 txdrop=11851
1775026853.531395,1775026853531395200,4164316572300,HB,478683,0.0,0,-2.146,-0.001,0.0,0.0,0.0,0.0,0.0,0.0,0.0,0.0,0.0,0,0,,HB tick=478683 run=0 spd=1 ts=0.000 as=0.000 ta=0.000 aa=0.000 se=0.000 so=0.000 ae=0.000 ao=0.000 pwm=0 pc=0 hd=0 y=-2.146 yr=-0.001 L=0 R=0 OL=0 OR=0 el=0 er=0 ed=0 dl=0 dr=0 cl=0 cr=0 ok=1913 fail=0 vofa=firewater rx=285 txdrop=11851
1775026853.7786138,1775026853778613800,4164563791200,HB,478885,0.0,0,-2.146,-0.001,0.0,0.0,0.0,0.0,0.0,0.0,0.0,0.0,0.0,0,0,,HB tick=478885 run=0 spd=1 ts=0.000 as=0.000 ta=0.000 aa=0.000 se=0.000 so=0.000 ae=0.000 ao=0.000 pwm=0 pc=0 hd=0 y=-2.146 yr=-0.001 L=0 R=0 OL=0 OR=0 el=0 er=0 ed=0 dl=0 dr=0 cl=0 cr=0 ok=1914 fail=0 vofa=firewater rx=285 txdrop=11851
1775026854.0700622,1775026854070062100,4164855239500,HB,479230,0.0,0,-2.146,-0.0,0.0,0.0,0.0,0.0,0.0,0.0,0.0,0.0,0.0,0,0,,HB tick=479230 run=0 spd=1 ts=0.000 as=0.000 ta=0.000 aa=0.000 se=0.000 so=0.000 ae=0.000 ao=0.000 pwm=0 pc=0 hd=0 y=-2.146 yr=-0.000 L=0 R=0 OL=0 OR=0 el=0 er=0 ed=0 dl=0 dr=0 cl=0 cr=0 ok=1915 fail=0 vofa=firewater rx=295 txdrop=11851
1775026854.3085961,1775026854308596300,4165093775700,HB,479461,0.0,0,-2.146,-0.0,0.0,0.0,0.0,0.0,0.0,0.0,0.0,0.0,0.0,0,0,,HB tick=479461 run=0 spd=1 ts=0.000 as=0.000 ta=0.000 aa=0.000 se=0.000 so=0.000 ae=0.000 ao=0.000 pwm=0 pc=0 hd=0 y=-2.146 yr=-0.000 L=0 R=0 OL=0 OR=0 el=0 er=0 ed=0 dl=0 dr=0 cl=0 cr=0 ok=1916 fail=0 vofa=firewater rx=295 txdrop=11851
1775026854.5281856,1775026854528185600,4165313362800,HB,479665,0.0,0,-2.146,-0.0,0.0,0.0,0.0,0.0,0.0,0.0,0.0,0.0,0.0,0,0,,HB tick=479665 run=0 spd=1 ts=0.000 as=0.000 ta=0.000 aa=0.000 se=0.000 so=0.000 ae=0.000 ao=0.000 pwm=0 pc=0 hd=0 y=-2.146 yr=-0.000 L=0 R=0 OL=0 OR=0 el=0 er=0 ed=0 dl=0 dr=0 cl=0 cr=0 ok=1917 fail=0 vofa=firewater rx=301 txdrop=11851
1775026854.6738815,1775026854673881700,4165459058900,STAT,479808,0.0,0,-2.146282,-5.8e-05,0.0,0.0,0.0,0.0,0.0,0.0,0.0,0.0,0.0,0,0,,STAT tick=479808 run=0 spd=1 ts=0.000000 as=0.000000 ta=0.000000 aa=0.000000 se=0.000000 so=0.000000 ae=0.000000 ao=0.000000 pwm=0 pc=0 hd=0 y=-2.146282 p=-0.833571 r=4.753354 yr=-0.000058 ax=0 ay=0 az=0 gx=0 gy=0 gz=0 who=0x85 addr=0x4A icm_ok=2416 icm_fail=0 L=0 R=0 OL=0 OR=0 el=0 er=0 ed=0 dl=0 dr=0 cl=0 cr=0 skp=0.100000 ski=0.012000 skd=0.000000 akp=0.240000 aki=0.002400 akd=0.320000 ok=1918 fail=0 vofa=firewater rx=301 txdrop=11851
1775026854.7161324,1775026854716132300,4165501310000,HB,479876,0.0,0,-2.146,-0.0,0.0,0.0,0.0,0.0,0.0,0.0,0.0,0.0,0.0,0,0,,HB tick=479876 run=0 spd=1 ts=0.000 as=0.000 ta=0.000 aa=0.000 se=0.000 so=0.000 ae=0.000 ao=0.000 pwm=0 pc=0 hd=0 y=-2.146 yr=-0.000 L=0 R=0 OL=0 OR=0 el=0 er=0 ed=0 dl=0 dr=0 cl=0 cr=0 ok=1918 fail=0 vofa=firewater rx=301 txdrop=11851
1775026855.5713365,1775026855571336400,4166356514000,HB,480702,0.0,1,-0.698,-0.989,13.0,13.0,0.0,12.0,12.0,1.0,1.0,13.0,13.0,0,0,,HB tick=480702 run=1 spd=1 ts=20.000 as=13.000 ta=0.000 aa=0.000 se=7.000 so=0.750 ae=0.000 ao=0.000 pwm=12 pc=1 hd=0 y=-0.698 yr=-0.989 L=1 R=1 OL=12 OR=12 el=13 er=13 ed=0 dl=13 dr=13 cl=0 cr=0 ok=1920 fail=0 vofa=firewater rx=320 txdrop=11851
1775026855.748773,1775026855748773100,4166533950900,HB,480904,0.0,1,-0.779,-0.782,14.0,14.0,0.0,13.0,11.0,2.0,0.0,14.0,14.0,0,0,,HB tick=480904 run=1 spd=1 ts=20.000 as=14.000 ta=0.000 aa=-0.698 se=6.000 so=0.665 ae=0.698 ao=0.407 pwm=12 pc=1 hd=1 y=-0.779 yr=-0.782 L=2 R=0 OL=13 OR=11 el=14 er=14 ed=0 dl=14 dr=14 cl=0 cr=0 ok=1921 fail=0 vofa=firewater rx=320 txdrop=11851
1775026855.978647,1775026855978647000,4166763824100,HB,481110,0.0,1,-0.567,-0.147,14.0,14.0,0.0,13.0,11.0,2.0,0.0,14.0,14.0,0,0,,HB tick=481110 run=1 spd=1 ts=20.000 as=14.000 ta=0.000 aa=-0.779 se=6.000 so=0.681 ae=0.779 ao=0.438 pwm=12 pc=1 hd=1 y=-0.567 yr=-0.147 L=2 R=0 OL=13 OR=11 el=14 er=14 ed=0 dl=14 dr=14 cl=0 cr=0 ok=1922 fail=0 vofa=firewater rx=320 txdrop=11851
1775026856.5003452,1775026856500345400,4167285523100,HB,481653,1430.0,1,-0.375,0.164,15.0,14.0,1.0,12.0,12.0,1.0,1.0,15.0,14.0,0,0,,HB tick=481653 exp_id=185 t_ms=1430 run=1 spd=1 ts=20.000 as=14.500 ta=0.000 aa=-0.410 se=5.500 so=0.670 ae=0.410 ao=0.051 pwm=12 pc=1 hd=0 y=-0.375 yr=0.164 L=1 R=1 OL=12 OR=12 el=15 er=14 ed=1 dl=15 dr=14 cl=0 cr=0 ok=1924 fail=0 vofa=firewater rx=334 txdrop=11851
1775026856.7511048,1775026856751104800,4167536285900,HB,481906,1683.0,1,-0.008,0.616,14.0,14.0,0.0,12.0,12.0,1.0,1.0,14.0,14.0,0,0,,HB tick=481906 exp_id=185 t_ms=1683 run=1 spd=1 ts=20.000 as=14.000 ta=0.000 aa=-0.375 se=6.000 so=0.738 ae=0.375 ao=0.039 pwm=12 pc=1 hd=0 y=-0.008 yr=0.616 L=1 R=1 OL=12 OR=12 el=14 er=14 ed=0 dl=14 dr=14 cl=0 cr=0 ok=1925 fail=0 vofa=firewater rx=334 txdrop=11851
1775026856.9494524,1775026856949452300,4167734629400,HB,482101,1878.0,1,-0.049,0.326,14.0,15.0,-1.0,11.0,13.0,0.0,2.0,14.0,15.0,0,0,,HB tick=482101 exp_id=185 t_ms=1878 run=1 spd=1 ts=20.000 as=14.500 ta=0.000 aa=-0.008 se=5.500 so=0.703 ae=0.008 ao=-0.194 pwm=12 pc=1 hd=-1 y=-0.049 yr=0.326 L=0 R=2 OL=11 OR=13 el=14 er=15 ed=-1 dl=14 dr=15 cl=0 cr=0 ok=1926 fail=0 vofa=firewater rx=334 txdrop=11851
1775026857.1049058,1775026857104905800,4167890083400,HB,482262,2039.0,1,-0.182,-0.078,14.0,15.0,-1.0,12.0,12.0,1.0,1.0,14.0,15.0,0,0,,HB tick=482262 exp_id=185 t_ms=2039 run=1 spd=1 ts=20.000 as=14.500 ta=0.000 aa=-0.049 se=5.500 so=0.714 ae=0.049 ao=-0.091 pwm=12 pc=1 hd=0 y=-0.182 yr=-0.078 L=1 R=1 OL=12 OR=12 el=14 er=15 ed=-1 dl=14 dr=15 cl=0 cr=0 ok=1927 fail=0 vofa=firewater rx=334 txdrop=11851
1775026857.3546684,1775026857354668400,4168139846200,HB,482511,2288.0,1,-0.134,0.018,14.0,14.0,0.0,12.0,12.0,1.0,1.0,14.0,14.0,0,0,,HB tick=482511 exp_id=185 t_ms=2288 run=1 spd=1 ts=20.000 as=14.000 ta=0.000 aa=-0.182 se=6.000 so=0.782 ae=0.182 ao=0.071 pwm=12 pc=1 hd=0 y=-0.134 yr=0.018 L=1 R=1 OL=12 OR=12 el=14 er=14 ed=0 dl=14 dr=14 cl=0 cr=0 ok=1928 fail=0 vofa=firewater rx=334 txdrop=11851
1775026857.5635774,1775026857563577400,4168348756800,HB,482712,2489.0,1,-0.063,0.134,14.0,13.0,1.0,13.0,11.0,2.0,0.0,14.0,13.0,0,0,,HB tick=482712 exp_id=185 t_ms=2489 run=1 spd=1 ts=20.000 as=13.500 ta=0.000 aa=-0.134 se=6.500 so=0.846 ae=0.134 ao=0.028 pwm=12 pc=1 hd=1 y=-0.063 yr=0.134 L=2 R=0 OL=13 OR=11 el=14 er=13 ed=1 dl=14 dr=13 cl=0 cr=0 ok=1929 fail=0 vofa=firewater rx=334 txdrop=11851
1775026857.7188776,1775026857718877400,4168504054800,HB,482874,2651.0,1,-0.287,-0.397,15.0,15.0,0.0,12.0,12.0,1.0,1.0,15.0,15.0,0,0,,HB tick=482874 exp_id=185 t_ms=2651 run=1 spd=1 ts=20.000 as=15.000 ta=0.000 aa=-0.063 se=5.000 so=0.707 ae=0.063 ao=-0.026 pwm=12 pc=1 hd=0 y=-0.287 yr=-0.397 L=1 R=1 OL=12 OR=12 el=15 er=15 ed=0 dl=15 dr=15 cl=0 cr=0 ok=1930 fail=0 vofa=firewater rx=348 txdrop=11851
1775026857.9173312,1775026857917331200,4168702508700,HB,483063,2840.0,1,-0.365,-0.402,15.0,14.0,1.0,13.0,11.0,2.0,0.0,15.0,14.0,0,0,,HB tick=483063 exp_id=185 t_ms=2840 run=1 spd=1 ts=20.000 as=14.500 ta=0.000 aa=-0.287 se=5.500 so=0.770 ae=0.287 ao=0.198 pwm=12 pc=1 hd=1 y=-0.365 yr=-0.402 L=2 R=0 OL=13 OR=11 el=15 er=14 ed=1 dl=15 dr=14 cl=0 cr=0 ok=1931 fail=0 vofa=firewater rx=348 txdrop=11851
1775026858.1563463,1775026858156346400,4168941523700,HB,483312,3089.0,1,-0.85,-0.941,14.0,13.0,1.0,12.0,12.0,1.0,1.0,14.0,13.0,0,0,,HB tick=483312 exp_id=185 t_ms=3089 run=1 spd=1 ts=20.000 as=13.500 ta=0.000 aa=-0.365 se=6.500 so=0.887 ae=0.365 ao=0.218 pwm=12 pc=1 hd=0 y=-0.850 yr=-0.941 L=1 R=1 OL=12 OR=12 el=14 er=13 ed=1 dl=14 dr=13 cl=0 cr=0 ok=1932 fail=0 vofa=firewater rx=348 txdrop=11851
1775026858.3132184,1775026858313218400,4169098396600,HB,483468,3245.0,1,-0.897,-0.717,14.0,14.0,0.0,13.0,11.0,2.0,0.0,14.0,14.0,0,0,,HB tick=483468 exp_id=185 t_ms=3245 run=1 spd=1 ts=20.000 as=14.000 ta=0.000 aa=-0.850 se=6.000 so=0.848 ae=0.850 ao=0.507 pwm=12 pc=1 hd=1 y=-0.897 yr=-0.717 L=2 R=0 OL=13 OR=11 el=14 er=14 ed=0 dl=14 dr=14 cl=0 cr=0 ok=1933 fail=0 vofa=firewater rx=348 txdrop=11851
1775026858.4998283,1775026858499828200,4169285005900,HB,483657,3434.0,1,-0.913,-0.495,15.0,14.0,1.0,13.0,11.0,2.0,0.0,15.0,14.0,0,0,,HB tick=483657 exp_id=185 t_ms=3434 run=1 spd=1 ts=20.000 as=14.500 ta=0.000 aa=-0.897 se=5.500 so=0.811 ae=0.897 ao=0.448 pwm=12 pc=1 hd=1 y=-0.913 yr=-0.495 L=2 R=0 OL=13 OR=11 el=15 er=14 ed=1 dl=15 dr=14 cl=0 cr=0 ok=1934 fail=0 vofa=firewater rx=348 txdrop=11851
1775026858.6875913,1775026858687591400,4169472768600,HB,483845,3622.0,1,-1.074,-0.622,14.0,15.0,-1.0,13.0,11.0,2.0,0.0,14.0,15.0,0,0,,HB tick=483845 exp_id=185 t_ms=3622 run=1 spd=1 ts=20.000 as=14.500 ta=0.000 aa=-0.913 se=5.500 so=0.824 ae=0.913 ao=0.381 pwm=12 pc=1 hd=1 y=-1.074 yr=-0.622 L=2 R=0 OL=13 OR=11 el=14 er=15 ed=-1 dl=14 dr=15 cl=0 cr=0 ok=1935 fail=0 vofa=firewater rx=348 txdrop=11851
1775026858.9272275,1775026858927227300,4169712405300,HB,484078,3855.0,1,-0.807,-0.001,14.0,14.0,0.0,13.0,11.0,2.0,0.0,14.0,14.0,0,0,,HB tick=484078 exp_id=185 t_ms=3855 run=1 spd=1 ts=20.000 as=14.000 ta=0.000 aa=-1.074 se=6.000 so=0.890 ae=1.074 ao=0.461 pwm=12 pc=1 hd=1 y=-0.807 yr=-0.001 L=2 R=0 OL=13 OR=11 el=14 er=14 ed=0 dl=14 dr=14 cl=0 cr=0 ok=1936 fail=0 vofa=firewater rx=348 txdrop=11851
1775026859.085678,1775026859085678100,4169870855500,STAT,484222,3999.0,1,-0.806745,-0.001154,14.0,14.0,0.0,12.0,12.0,1.0,1.0,14.0,14.0,0,0,,STAT tick=484222 exp_id=185 t_ms=3999 run=1 spd=1 ts=20.000000 as=14.000000 ta=0.000000 aa=-0.806687 se=6.000000 so=0.901260 ae=0.806687 ao=0.198156 pwm=12 pc=1 hd=0 y=-0.806745 p=-0.867623 r=4.851686 yr=-0.001154 ax=0 ay=0 az=0 gx=0 gy=0 gz=0 who=0x85 addr=0x4A icm_ok=2439 icm_fail=0 L=1 R=1 OL=12 OR=12 el=14 er=14 ed=0 dl=14 dr=14 cl=0 cr=0 skp=0.100000 ski=0.012000 skd=0.000000 akp=0.240000 aki=0.002400 akd=0.320000 ok=1937 fail=0 vofa=firewater rx=354 txdrop=11851
1775026859.1278796,1775026859127879700,4169913060000,HB,484285,4062.0,1,-0.302,0.848,14.0,13.0,1.0,13.0,11.0,2.0,0.0,14.0,13.0,0,0,,HB tick=484285 exp_id=185 t_ms=4062 run=1 spd=1 ts=20.000 as=13.500 ta=0.000 aa=-0.807 se=6.500 so=0.956 ae=0.807 ao=0.198 pwm=12 pc=1 hd=1 y=-0.302 yr=0.848 L=2 R=0 OL=13 OR=11 el=14 er=13 ed=1 dl=14 dr=13 cl=0 cr=0 ok=1937 fail=0 vofa=firewater rx=354 txdrop=11851
1775026859.2947187,1775026859294718600,4170079895900,HB,484451,4228.0,1,-0.351,0.449,14.0,15.0,-1.0,12.0,12.0,1.0,1.0,14.0,15.0,0,0,,HB tick=484451 exp_id=185 t_ms=4228 run=1 spd=1 ts=20.000 as=14.500 ta=0.000 aa=-0.302 se=5.500 so=0.867 ae=0.302 ao=-0.195 pwm=12 pc=1 hd=0 y=-0.351 yr=0.449 L=1 R=1 OL=12 OR=12 el=14 er=15 ed=-1 dl=14 dr=15 cl=0 cr=0 ok=1938 fail=0 vofa=firewater rx=354 txdrop=11851
1775026859.5538676,1775026859553867400,4170339045200,HB,484700,4477.0,1,-0.251,0.433,14.0,14.0,0.0,12.0,12.0,1.0,1.0,14.0,14.0,0,0,,HB tick=484700 exp_id=185 t_ms=4477 run=1 spd=1 ts=20.000 as=14.000 ta=0.000 aa=-0.351 se=6.000 so=0.934 ae=0.351 ao=-0.055 pwm=12 pc=1 hd=0 y=-0.251 yr=0.433 L=1 R=1 OL=12 OR=12 el=14 er=14 ed=0 dl=14 dr=14 cl=0 cr=0 ok=1939 fail=0 vofa=firewater rx=354 txdrop=11851
1775026859.699189,1775026859699189100,4170484366500,HB,484856,4633.0,1,-0.216,0.359,14.0,14.0,0.0,12.0,12.0,1.0,1.0,14.0,14.0,0,0,,HB tick=484856 exp_id=185 t_ms=4633 run=1 spd=1 ts=20.000 as=14.000 ta=0.000 aa=-0.251 se=6.000 so=0.945 ae=0.251 ao=-0.074 pwm=12 pc=1 hd=0 y=-0.216 yr=0.359 L=1 R=1 OL=12 OR=12 el=14 er=14 ed=0 dl=14 dr=14 cl=0 cr=0 ok=1940 fail=0 vofa=firewater rx=354 txdrop=11851
1775026859.9491582,1775026859949158200,4170734335300,HB,485105,4882.0,1,-0.56,-0.25,14.0,14.0,0.0,12.0,12.0,1.0,1.0,14.0,14.0,0,0,,HB tick=485105 exp_id=185 t_ms=4882 run=1 spd=1 ts=20.000 as=14.000 ta=0.000 aa=-0.216 se=6.000 so=0.963 ae=0.216 ao=-0.058 pwm=12 pc=1 hd=0 y=-0.560 yr=-0.250 L=1 R=1 OL=12 OR=12 el=14 er=14 ed=0 dl=14 dr=14 cl=0 cr=0 ok=1941 fail=0 vofa=firewater rx=354 txdrop=11851
1775026860.1041996,1775026860104199800,4170889377600,HB,485261,5038.0,1,-0.58,-0.209,14.0,14.0,0.0,12.0,12.0,1.0,1.0,14.0,14.0,0,0,,HB tick=485261 exp_id=185 t_ms=5038 run=1 spd=1 ts=20.000 as=14.000 ta=0.000 aa=-0.560 se=6.000 so=0.974 ae=0.560 ao=0.219 pwm=12 pc=1 hd=0 y=-0.580 yr=-0.209 L=1 R=1 OL=12 OR=12 el=14 er=14 ed=0 dl=14 dr=14 cl=0 cr=0 ok=1942 fail=0 vofa=firewater rx=354 txdrop=11851
1775026860.3545973,1775026860354597300,4171139774600,HB,485511,5288.0,1,-0.506,-0.032,14.0,13.0,1.0,12.0,12.0,1.0,1.0,14.0,13.0,0,0,,HB tick=485511 exp_id=185 t_ms=5288 run=1 spd=1 ts=20.000 as=13.500 ta=0.000 aa=-0.580 se=6.500 so=1.042 ae=0.580 ao=0.211 pwm=12 pc=1 hd=0 y=-0.506 yr=-0.032 L=1 R=1 OL=12 OR=12 el=14 er=13 ed=1 dl=14 dr=13 cl=0 cr=0 ok=1943 fail=0 vofa=firewater rx=354 txdrop=11851
1775026860.5121615,1775026860512161600,4171297339300,HB,485667,5444.0,1,-0.428,0.155,14.0,14.0,0.0,12.0,12.0,1.0,1.0,14.0,14.0,0,0,,HB tick=485667 exp_id=185 t_ms=5444 run=1 spd=1 ts=20.000 as=14.000 ta=0.000 aa=-0.506 se=6.000 so=1.003 ae=0.506 ao=0.137 pwm=12 pc=1 hd=0 y=-0.428 yr=0.155 L=1 R=1 OL=12 OR=12 el=14 er=14 ed=0 dl=14 dr=14 cl=0 cr=0 ok=1944 fail=0 vofa=firewater rx=354 txdrop=11851
1775026860.7622008,1775026860762200900,4171547378200,HB,485916,5693.0,1,-0.542,-0.06,14.0,14.0,0.0,12.0,12.0,1.0,1.0,14.0,14.0,0,0,,HB tick=485916 exp_id=185 t_ms=5693 run=1 spd=1 ts=20.000 as=14.000 ta=0.000 aa=-0.428 se=6.000 so=1.020 ae=0.428 ao=0.059 pwm=12 pc=1 hd=0 y=-0.542 yr=-0.060 L=1 R=1 OL=12 OR=12 el=14 er=14 ed=0 dl=14 dr=14 cl=0 cr=0 ok=1945 fail=0 vofa=firewater rx=354 txdrop=11851
1775026860.9179661,1775026860917966200,4171703143800,HB,486072,5849.0,1,-0.527,-0.005,15.0,15.0,0.0,12.0,12.0,1.0,1.0,15.0,15.0,0,0,,HB tick=486072 exp_id=185 t_ms=5849 run=1 spd=1 ts=20.000 as=15.000 ta=0.000 aa=-0.542 se=5.000 so=0.931 ae=0.542 ao=0.155 pwm=12 pc=1 hd=0 y=-0.527 yr=-0.005 L=1 R=1 OL=12 OR=12 el=15 er=15 ed=0 dl=15 dr=15 cl=0 cr=0 ok=1946 fail=0 vofa=firewater rx=354 txdrop=11851
1775026861.1063309,1775026861106330900,4171891508500,HB,486261,6038.0,1,-0.514,0.021,14.0,13.0,1.0,13.0,11.0,2.0,0.0,14.0,13.0,0,0,,HB tick=486261 exp_id=185 t_ms=6038 run=1 spd=1 ts=20.000 as=13.500 ta=0.000 aa=-0.527 se=6.500 so=1.094 ae=0.527 ao=0.134 pwm=12 pc=1 hd=1 y=-0.514 yr=0.021 L=2 R=0 OL=13 OR=11 el=14 er=13 ed=1 dl=14 dr=13 cl=0 cr=0 ok=1947 fail=0 vofa=firewater rx=354 txdrop=11851
1775026861.3558679,1775026861355867900,4172141045100,HB,486510,6287.0,1,-0.255,0.378,14.0,14.0,0.0,12.0,12.0,1.0,1.0,14.0,14.0,0,0,,HB tick=486510 exp_id=185 t_ms=6287 run=1 spd=1 ts=20.000 as=14.000 ta=0.000 aa=-0.514 se=6.000 so=1.063 ae=0.514 ao=0.123 pwm=12 pc=1 hd=0 y=-0.255 yr=0.378 L=1 R=1 OL=12 OR=12 el=14 er=14 ed=0 dl=14 dr=14 cl=0 cr=0 ok=1948 fail=0 vofa=firewater rx=354 txdrop=11851
1775026861.5549722,1775026861554972200,4172340149800,HB,486711,6488.0,1,-0.523,-0.221,14.0,14.0,0.0,12.0,12.0,1.0,1.0,14.0,14.0,0,0,,HB tick=486711 exp_id=185 t_ms=6488 run=1 spd=1 ts=20.000 as=14.000 ta=0.000 aa=-0.255 se=6.000 so=1.076 ae=0.255 ao=-0.053 pwm=12 pc=1 hd=0 y=-0.523 yr=-0.221 L=1 R=1 OL=12 OR=12 el=14 er=14 ed=0 dl=14 dr=14 cl=0 cr=0 ok=1949 fail=0 vofa=firewater rx=354 txdrop=11851
1775026861.7655792,1775026861765579300,4172550758300,HB,486916,6693.0,1,-1.068,-1.074,14.0,14.0,0.0,12.0,12.0,1.0,1.0,14.0,14.0,0,0,,HB tick=486916 exp_id=185 t_ms=6693 run=1 spd=1 ts=20.000 as=14.000 ta=0.000 aa=-0.523 se=6.000 so=1.090 ae=0.523 ao=0.203 pwm=12 pc=1 hd=0 y=-1.068 yr=-1.074 L=1 R=1 OL=12 OR=12 el=14 er=14 ed=0 dl=14 dr=14 cl=0 cr=0 ok=1950 fail=0 vofa=firewater rx=354 txdrop=11851
1775026861.9627194,1775026861962719400,4172747896900,HB,487121,6898.0,1,-1.269,-1.042,14.0,14.0,0.0,13.0,11.0,2.0,0.0,14.0,14.0,0,0,,HB tick=487121 exp_id=185 t_ms=6898 run=1 spd=1 ts=20.000 as=14.000 ta=0.000 aa=-1.068 se=6.000 so=1.105 ae=1.068 ao=0.607 pwm=12 pc=1 hd=1 y=-1.269 yr=-1.042 L=2 R=0 OL=13 OR=11 el=14 er=14 ed=0 dl=14 dr=14 cl=0 cr=0 ok=1951 fail=0 vofa=firewater rx=354 txdrop=11851
1775026862.192507,1775026862192507200,4172977684200,HB,487347,7124.0,1,-1.039,-0.321,14.0,14.0,0.0,13.0,11.0,2.0,0.0,14.0,14.0,0,0,,HB tick=487347 exp_id=185 t_ms=7124 run=1 spd=1 ts=20.000 as=14.000 ta=0.000 aa=-1.269 se=6.000 so=1.122 ae=1.269 ao=0.646 pwm=12 pc=1 hd=1 y=-1.039 yr=-0.321 L=2 R=0 OL=13 OR=11 el=14 er=14 ed=0 dl=14 dr=14 cl=0 cr=0 ok=1952 fail=0 vofa=firewater rx=354 txdrop=11851
1775026862.3893323,1775026862389332200,4173174509600,HB,487547,7324.0,1,-0.993,-0.128,15.0,15.0,0.0,12.0,12.0,1.0,1.0,15.0,15.0,0,0,,HB tick=487547 exp_id=185 t_ms=7324 run=1 spd=1 ts=20.000 as=15.000 ta=0.000 aa=-1.039 se=5.000 so=1.035 ae=1.039 ao=0.361 pwm=12 pc=1 hd=0 y=-0.993 yr=-0.128 L=1 R=1 OL=12 OR=12 el=15 er=15 ed=0 dl=15 dr=15 cl=0 cr=0 ok=1953 fail=0 vofa=firewater rx=354 txdrop=11851
1775026862.613857,1775026862613857100,4173399034600,HB,487768,7545.0,1,-0.303,1.01,14.0,14.0,0.0,12.0,12.0,1.0,1.0,14.0,14.0,0,0,,HB tick=487768 exp_id=185 t_ms=7545 run=1 spd=1 ts=20.000 as=14.000 ta=0.000 aa=-0.993 se=6.000 so=1.151 ae=0.993 ao=0.289 pwm=12 pc=1 hd=0 y=-0.303 yr=1.010 L=1 R=1 OL=12 OR=12 el=14 er=14 ed=0 dl=14 dr=14 cl=0 cr=0 ok=1954 fail=0 vofa=firewater rx=354 txdrop=11851
1775026862.770094,1775026862770093700,4173555271400,HB,487924,7701.0,1,-0.213,0.858,14.0,14.0,0.0,11.0,13.0,0.0,2.0,14.0,14.0,0,0,,HB tick=487924 exp_id=185 t_ms=7701 run=1 spd=1 ts=20.000 as=14.000 ta=0.000 aa=-0.303 se=6.000 so=1.163 ae=0.303 ao=-0.241 pwm=12 pc=1 hd=-1 y=-0.213 yr=0.858 L=0 R=2 OL=11 OR=13 el=14 er=14 ed=0 dl=14 dr=14 cl=0 cr=0 ok=1955 fail=0 vofa=firewater rx=354 txdrop=11851
1775026863.0182118,1775026863018211800,4173803389100,HB,488173,7950.0,1,-0.212,0.56,15.0,15.0,0.0,12.0,12.0,1.0,1.0,15.0,15.0,0,0,,HB tick=488173 exp_id=185 t_ms=7950 run=1 spd=1 ts=20.000 as=15.000 ta=0.000 aa=-0.213 se=5.000 so=1.081 ae=0.213 ao=-0.214 pwm=12 pc=1 hd=0 y=-0.212 yr=0.560 L=1 R=1 OL=12 OR=12 el=15 er=15 ed=0 dl=15 dr=15 cl=0 cr=0 ok=1956 fail=0 vofa=firewater rx=354 txdrop=11851
1775026863.1738005,1775026863173800400,4173958977800,HB,488329,8106.0,1,-0.226,0.331,14.0,14.0,0.0,12.0,12.0,1.0,1.0,14.0,14.0,0,0,,HB tick=488329 exp_id=185 t_ms=8106 run=1 spd=1 ts=20.000 as=14.000 ta=0.000 aa=-0.212 se=6.000 so=1.191 ae=0.212 ao=-0.119 pwm=12 pc=1 hd=0 y=-0.226 yr=0.331 L=1 R=1 OL=12 OR=12 el=14 er=14 ed=0 dl=14 dr=14 cl=0 cr=0 ok=1957 fail=0 vofa=firewater rx=354 txdrop=11851
1775026863.423809,1775026863423809100,4174208988600,HB,488578,8355.0,1,0.215,0.836,14.0,13.0,1.0,12.0,12.0,1.0,1.0,14.0,13.0,0,0,,HB tick=488578 exp_id=185 t_ms=8355 run=1 spd=1 ts=20.000 as=13.500 ta=0.000 aa=-0.226 se=6.500 so=1.259 ae=0.226 ao=-0.042 pwm=12 pc=1 hd=0 y=0.215 yr=0.836 L=1 R=1 OL=12 OR=12 el=14 er=13 ed=1 dl=14 dr=13 cl=0 cr=0 ok=1958 fail=0 vofa=firewater rx=354 txdrop=11851
1775026863.5801802,1775026863580180100,4174365358700,HB,488734,8511.0,1,0.236,0.589,13.0,14.0,-1.0,12.0,12.0,1.0,1.0,13.0,14.0,0,0,,HB tick=488734 exp_id=185 t_ms=8511 run=1 spd=1 ts=20.000 as=13.500 ta=0.000 aa=0.215 se=6.500 so=1.272 ae=-0.215 ao=-0.310 pwm=12 pc=1 hd=0 y=0.236 yr=0.589 L=1 R=1 OL=12 OR=12 el=13 er=14 ed=-1 dl=13 dr=14 cl=0 cr=0 ok=1959 fail=0 vofa=firewater rx=354 txdrop=11851
1775026863.8300402,1775026863830040200,4174615220600,HB,488983,8760.0,1,-0.158,-0.171,14.0,14.0,0.0,12.0,12.0,1.0,1.0,14.0,14.0,0,0,,HB tick=488983 exp_id=185 t_ms=8760 run=1 spd=1 ts=20.000 as=14.000 ta=0.000 aa=0.236 se=6.000 so=1.239 ae=-0.236 ao=-0.236 pwm=12 pc=1 hd=0 y=-0.158 yr=-0.171 L=1 R=1 OL=12 OR=12 el=14 er=14 ed=0 dl=14 dr=14 cl=0 cr=0 ok=1960 fail=0 vofa=firewater rx=354 txdrop=11851
1775026863.987417,1775026863987417100,4174772595900,HB,489139,8916.0,1,-0.236,-0.286,14.0,13.0,1.0,13.0,11.0,2.0,0.0,14.0,13.0,0,0,,HB tick=489139 exp_id=185 t_ms=8916 run=1 spd=1 ts=20.000 as=13.500 ta=0.000 aa=-0.158 se=6.500 so=1.300 ae=0.158 ao=0.102 pwm=12 pc=1 hd=1 y=-0.236 yr=-0.286 L=2 R=0 OL=13 OR=11 el=14 er=13 ed=1 dl=14 dr=13 cl=0 cr=0 ok=1961 fail=0 vofa=firewater rx=354 txdrop=11851
1775026864.2379327,1775026864237932900,4175023110400,HB,489389,9166.0,1,-0.092,0.015,13.0,13.0,0.0,12.0,12.0,1.0,1.0,13.0,13.0,0,0,,HB tick=489389 exp_id=185 t_ms=9166 run=1 spd=1 ts=20.000 as=13.000 ta=0.000 aa=-0.236 se=7.000 so=1.369 ae=0.236 ao=0.158 pwm=12 pc=1 hd=0 y=-0.092 yr=0.015 L=1 R=1 OL=12 OR=12 el=13 er=13 ed=0 dl=13 dr=13 cl=0 cr=0 ok=1962 fail=0 vofa=firewater rx=354 txdrop=11851
1775026864.4364288,1775026864436428900,4175221606000,HB,489590,9367.0,1,-0.14,-0.072,14.0,13.0,1.0,12.0,12.0,1.0,1.0,14.0,13.0,0,0,,HB tick=489590 exp_id=185 t_ms=9367 run=1 spd=1 ts=20.000 as=13.500 ta=0.000 aa=-0.092 se=6.500 so=1.335 ae=0.092 ao=0.027 pwm=12 pc=1 hd=0 y=-0.140 yr=-0.072 L=1 R=1 OL=12 OR=12 el=14 er=13 ed=1 dl=14 dr=13 cl=0 cr=0 ok=1963 fail=0 vofa=firewater rx=354 txdrop=11851
1775026864.6351695,1775026864635169600,4175420347000,HB,489795,9572.0,1,-0.233,-0.207,13.0,15.0,-2.0,12.0,12.0,1.0,1.0,13.0,15.0,0,0,,HB tick=489795 exp_id=185 t_ms=9572 run=1 spd=1 ts=20.000 as=14.000 ta=0.000 aa=-0.140 se=6.000 so=1.299 ae=0.140 ao=0.066 pwm=12 pc=1 hd=0 y=-0.233 yr=-0.207 L=1 R=1 OL=12 OR=12 el=13 er=15 ed=-2 dl=13 dr=15 cl=0 cr=0 ok=1964 fail=0 vofa=firewater rx=354 txdrop=11851
1775026864.8426723,1775026864842672500,4175627849800,HB,490000,9777.0,1,-0.246,-0.156,14.0,13.0,1.0,12.0,12.0,1.0,1.0,14.0,13.0,0,0,,HB tick=490000 exp_id=185 t_ms=9777 run=1 spd=1 ts=20.000 as=13.500 ta=0.000 aa=-0.233 se=6.500 so=1.364 ae=0.233 ao=0.132 pwm=12 pc=1 hd=0 y=-0.246 yr=-0.156 L=1 R=1 OL=12 OR=12 el=14 er=13 ed=1 dl=14 dr=13 cl=0 cr=0 ok=1965 fail=0 vofa=firewater rx=354 txdrop=11851
1775026865.0726614,1775026865072661400,4175857840700,HB,490226,10003.0,1,0.162,0.53,13.0,14.0,-1.0,12.0,12.0,1.0,1.0,13.0,14.0,0,0,,HB tick=490226 exp_id=185 t_ms=10003 run=1 spd=1 ts=20.000 as=13.500 ta=0.000 aa=-0.246 se=6.500 so=1.382 ae=0.246 ao=0.119 pwm=12 pc=1 hd=0 y=0.162 yr=0.530 L=1 R=1 OL=12 OR=12 el=13 er=14 ed=-1 dl=13 dr=14 cl=0 cr=0 ok=1966 fail=0 vofa=firewater rx=354 txdrop=11851
1775026865.2300587,1775026865230058800,4176015237200,HB,490382,10159.0,1,0.09,0.184,14.0,13.0,1.0,12.0,12.0,1.0,1.0,14.0,13.0,0,0,,HB tick=490382 exp_id=185 t_ms=10159 run=1 spd=1 ts=20.000 as=13.500 ta=0.000 aa=0.162 se=6.500 so=1.394 ae=-0.162 ao=-0.198 pwm=12 pc=1 hd=0 y=0.090 yr=0.184 L=1 R=1 OL=12 OR=12 el=14 er=13 ed=1 dl=14 dr=13 cl=0 cr=0 ok=1967 fail=0 vofa=firewater rx=354 txdrop=11851
1775026865.4819658,1775026865481965700,4176267143000,HB,490631,10408.0,1,-0.107,-0.158,14.0,14.0,0.0,12.0,12.0,1.0,1.0,14.0,14.0,0,0,,HB tick=490631 exp_id=185 t_ms=10408 run=1 spd=1 ts=20.000 as=14.000 ta=0.000 aa=0.090 se=6.000 so=1.363 ae=-0.090 ao=-0.071 pwm=12 pc=1 hd=0 y=-0.107 yr=-0.158 L=1 R=1 OL=12 OR=12 el=14 er=14 ed=0 dl=14 dr=14 cl=0 cr=0 ok=1968 fail=0 vofa=firewater rx=354 txdrop=11851
1775026865.6997607,1775026865699760700,4176484938100,HB,490848,10625.0,1,0.132,0.284,13.0,13.0,0.0,12.0,12.0,1.0,1.0,13.0,13.0,0,0,,HB tick=490848 exp_id=185 t_ms=10625 run=1 spd=1 ts=20.000 as=13.000 ta=0.000 aa=-0.107 se=7.000 so=1.479 ae=0.107 ao=0.086 pwm=12 pc=1 hd=0 y=0.132 yr=0.284 L=1 R=1 OL=12 OR=12 el=13 er=13 ed=0 dl=13 dr=13 cl=0 cr=0 ok=1969 fail=0 vofa=firewater rx=354 txdrop=11851
1775026865.8980365,1775026865898036500,4176683214200,HB,491049,10826.0,1,0.219,0.335,14.0,14.0,0.0,12.0,12.0,1.0,1.0,14.0,14.0,0,0,,HB tick=491049 exp_id=185 t_ms=10826 run=1 spd=1 ts=20.000 as=14.000 ta=0.000 aa=0.133 se=6.000 so=1.395 ae=-0.133 ao=-0.113 pwm=12 pc=1 hd=0 y=0.219 yr=0.335 L=1 R=1 OL=12 OR=12 el=14 er=14 ed=0 dl=14 dr=14 cl=0 cr=0 ok=1970 fail=0 vofa=firewater rx=354 txdrop=11851
1775026866.0549192,1775026866054919200,4176840096600,HB,491210,10987.0,1,-0.096,-0.466,14.0,14.0,0.0,12.0,12.0,1.0,1.0,14.0,14.0,0,0,,HB tick=491210 exp_id=185 t_ms=10987 run=1 spd=1 ts=20.000 as=14.000 ta=0.000 aa=0.219 se=6.000 so=1.408 ae=-0.219 ao=-0.150 pwm=12 pc=1 hd=0 y=-0.096 yr=-0.466 L=1 R=1 OL=12 OR=12 el=14 er=14 ed=0 dl=14 dr=14 cl=0 cr=0 ok=1971 fail=0 vofa=firewater rx=354 txdrop=11851
1775026866.24276,1775026866242759900,4177027937400,HB,491399,11176.0,1,-0.18,-0.46,14.0,14.0,0.0,12.0,12.0,1.0,1.0,14.0,14.0,0,0,,HB tick=491399 exp_id=185 t_ms=11176 run=1 spd=1 ts=20.000 as=14.000 ta=0.000 aa=-0.096 se=6.000 so=1.421 ae=0.096 ao=0.182 pwm=12 pc=1 hd=0 y=-0.180 yr=-0.460 L=1 R=1 OL=12 OR=12 el=14 er=14 ed=0 dl=14 dr=14 cl=0 cr=0 ok=1972 fail=0 vofa=firewater rx=354 txdrop=11851
1775026866.4726725,1775026866472672500,4177257850300,HB,491632,11408.0,1,-0.563,-0.876,14.0,13.0,1.0,12.0,12.0,1.0,1.0,14.0,13.0,0,0,,HB tick=491632 exp_id=185 t_ms=11408 run=1 spd=1 ts=20.000 as=13.500 ta=0.000 aa=-0.180 se=6.500 so=1.489 ae=0.180 ao=0.200 pwm=12 pc=1 hd=0 y=-0.563 yr=-0.876 L=1 R=1 OL=12 OR=12 el=14 er=13 ed=1 dl=14 dr=13 cl=0 cr=0 ok=1973 fail=0 vofa=firewater rx=354 txdrop=11851
1775026866.6394422,1775026866639442300,4177424619400,HB,491792,11569.0,1,-0.356,-0.119,14.0,14.0,0.0,14.0,12.0,3.0,1.0,14.0,14.0,0,0,,HB tick=491792 exp_id=185 t_ms=11569 run=1 spd=1 ts=20.000 as=14.000 ta=0.000 aa=-0.563 se=6.000 so=1.451 ae=0.563 ao=0.426 pwm=13 pc=2 hd=1 y=-0.356 yr=-0.119 L=3 R=1 OL=14 OR=12 el=14 er=14 ed=0 dl=14 dr=14 cl=0 cr=0 ok=1974 fail=0 vofa=firewater rx=354 txdrop=11851
1775026866.8911092,1775026866891109200,4177676287700,HB,492042,11819.0,1,-0.258,0.06,14.0,14.0,0.0,12.0,12.0,1.0,1.0,14.0,14.0,0,0,,HB tick=492042 exp_id=185 t_ms=11819 run=1 spd=1 ts=20.000 as=14.000 ta=0.000 aa=-0.356 se=6.000 so=1.469 ae=0.356 ao=0.134 pwm=12 pc=1 hd=0 y=-0.258 yr=0.060 L=1 R=1 OL=12 OR=12 el=14 er=14 ed=0 dl=14 dr=14 cl=0 cr=0 ok=1975 fail=0 vofa=firewater rx=354 txdrop=11851
1775026867.0477686,1775026867047768700,4177832948600,HB,492198,11975.0,1,-0.2,0.168,14.0,14.0,0.0,12.0,12.0,1.0,1.0,14.0,14.0,0,0,,HB tick=492198 exp_id=185 t_ms=11975 run=1 spd=1 ts=20.000 as=14.000 ta=0.000 aa=-0.258 se=6.000 so=1.479 ae=0.258 ao=0.053 pwm=12 pc=1 hd=0 y=-0.200 yr=0.168 L=1 R=1 OL=12 OR=12 el=14 er=14 ed=0 dl=14 dr=14 cl=0 cr=0 ok=1976 fail=0 vofa=firewater rx=354 txdrop=11851
1775026867.2770216,1775026867277021800,4178062200100,HB,492431,12208.0,1,-0.126,0.221,14.0,14.0,0.0,12.0,12.0,1.0,1.0,14.0,14.0,0,0,,HB tick=492431 exp_id=185 t_ms=12208 run=1 spd=1 ts=20.000 as=14.000 ta=0.000 aa=-0.200 se=6.000 so=1.497 ae=0.200 ao=0.005 pwm=12 pc=1 hd=0 y=-0.126 yr=0.221 L=1 R=1 OL=12 OR=12 el=14 er=14 ed=0 dl=14 dr=14 cl=0 cr=0 ok=1977 fail=0 vofa=firewater rx=354 txdrop=11851
1775026867.4960983,1775026867496098300,4178281277600,HB,492652,12429.0,1,-0.164,0.083,14.0,14.0,0.0,12.0,12.0,1.0,1.0,14.0,14.0,0,0,,HB tick=492652 exp_id=185 t_ms=12429 run=1 spd=1 ts=20.000 as=14.000 ta=0.000 aa=-0.126 se=6.000 so=1.512 ae=0.126 ao=-0.030 pwm=12 pc=1 hd=0 y=-0.164 yr=0.083 L=1 R=1 OL=12 OR=12 el=14 er=14 ed=0 dl=14 dr=14 cl=0 cr=0 ok=1978 fail=0 vofa=firewater rx=354 txdrop=11851
1775026867.6526499,1775026867652650000,4178437827200,HB,492808,12585.0,1,-0.228,-0.089,14.0,15.0,-1.0,12.0,12.0,1.0,1.0,14.0,15.0,0,0,,HB tick=492808 exp_id=185 t_ms=12585 run=1 spd=1 ts=20.000 as=14.500 ta=0.000 aa=-0.164 se=5.500 so=1.472 ae=0.164 ao=0.023 pwm=12 pc=1 hd=0 y=-0.228 yr=-0.089 L=1 R=1 OL=12 OR=12 el=14 er=15 ed=-1 dl=14 dr=15 cl=0 cr=0 ok=1979 fail=0 vofa=firewater rx=354 txdrop=11851
1775026867.902846,1775026867902846100,4178688024900,HB,493062,12839.0,1,-0.253,-0.093,14.0,14.0,0.0,12.0,12.0,1.0,1.0,14.0,14.0,0,0,,HB tick=493062 exp_id=185 t_ms=12839 run=1 spd=1 ts=20.000 as=14.000 ta=0.000 aa=-0.228 se=6.000 so=1.539 ae=0.228 ao=0.094 pwm=12 pc=1 hd=0 y=-0.253 yr=-0.093 L=1 R=1 OL=12 OR=12 el=14 er=14 ed=0 dl=14 dr=14 cl=0 cr=0 ok=1980 fail=0 vofa=firewater rx=354 txdrop=11851
1775026868.0590582,1775026868059058200,4178844235700,HB,493218,12995.0,1,-0.221,0.013,14.0,14.0,0.0,13.0,13.0,2.0,2.0,14.0,14.0,0,0,,HB tick=493218 exp_id=185 t_ms=12995 run=1 spd=1 ts=20.000 as=14.000 ta=0.000 aa=-0.253 se=6.000 so=1.550 ae=0.253 ao=0.101 pwm=13 pc=2 hd=0 y=-0.221 yr=0.013 L=2 R=2 OL=13 OR=13 el=14 er=14 ed=0 dl=14 dr=14 cl=0 cr=0 ok=1981 fail=0 vofa=firewater rx=354 txdrop=11851
1775026868.249766,1775026868249766200,4179034945500,HB,493402,13179.0,1,-0.214,0.02,15.0,15.0,0.0,12.0,12.0,1.0,1.0,15.0,15.0,0,0,,HB tick=493402 exp_id=185 t_ms=13179 run=1 spd=1 ts=20.000 as=15.000 ta=0.000 aa=-0.220 se=5.000 so=1.462 ae=0.220 ao=0.060 pwm=12 pc=1 hd=0 y=-0.214 yr=0.020 L=1 R=1 OL=12 OR=12 el=15 er=15 ed=0 dl=15 dr=15 cl=0 cr=0 ok=1982 fail=0 vofa=firewater rx=354 txdrop=11851
1775026868.479068,1775026868479068200,4179264245700,HB,493635,13411.0,1,-1.376,-1.739,14.0,16.0,-2.0,12.0,12.0,1.0,1.0,14.0,16.0,0,0,,HB tick=493635 exp_id=185 t_ms=13411 run=1 spd=1 ts=20.000 as=15.000 ta=0.000 aa=-0.214 se=5.000 so=1.476 ae=0.214 ao=0.056 pwm=12 pc=1 hd=0 y=-1.376 yr=-1.739 L=1 R=1 OL=12 OR=12 el=14 er=16 ed=-2 dl=14 dr=16 cl=0 cr=0 ok=1983 fail=0 vofa=firewater rx=354 txdrop=11851
1775026868.6361744,1775026868636174300,4179421352100,HB,493795,13572.0,1,-2.01,-2.509,14.0,14.0,0.0,14.0,12.0,3.0,1.0,14.0,14.0,0,0,,HB tick=493795 exp_id=185 t_ms=13572 run=1 spd=1 ts=20.000 as=14.000 ta=0.000 aa=-1.376 se=6.000 so=1.586 ae=1.376 ao=0.898 pwm=13 pc=2 hd=1 y=-2.010 yr=-2.509 L=3 R=1 OL=14 OR=12 el=14 er=14 ed=0 dl=14 dr=14 cl=0 cr=0 ok=1984 fail=0 vofa=firewater rx=354 txdrop=11851
1775026868.8760161,1775026868876016100,4179661193400,HB,494028,13805.0,1,-2.339,-2.125,14.0,14.0,0.0,14.0,12.0,3.0,1.0,14.0,14.0,0,0,,HB tick=494028 exp_id=185 t_ms=13805 run=1 spd=1 ts=20.000 as=14.000 ta=0.000 aa=-2.010 se=6.000 so=1.601 ae=2.010 ao=1.298 pwm=13 pc=2 hd=1 y=-2.339 yr=-2.125 L=3 R=1 OL=14 OR=12 el=14 er=14 ed=0 dl=14 dr=14 cl=0 cr=0 ok=1985 fail=0 vofa=firewater rx=354 txdrop=11851
1775026869.073759,1775026869073759100,4179858936400,HB,494233,14010.0,1,-1.778,-0.424,16.0,15.0,1.0,14.0,12.0,3.0,1.0,16.0,15.0,0,0,,HB tick=494233 exp_id=185 t_ms=14010 run=1 spd=1 ts=20.000 as=15.500 ta=0.000 aa=-2.339 se=4.500 so=1.464 ae=2.339 ao=1.255 pwm=13 pc=2 hd=1 y=-1.778 yr=-0.424 L=3 R=1 OL=14 OR=12 el=16 er=15 ed=1 dl=16 dr=15 cl=0 cr=0 ok=1986 fail=0 vofa=firewater rx=354 txdrop=11851
1775026869.2828956,1775026869282895700,4180068073300,HB,494438,14215.0,1,-1.529,0.15,15.0,15.0,0.0,13.0,13.0,2.0,2.0,15.0,15.0,0,0,,HB tick=494438 exp_id=185 t_ms=14215 run=1 spd=1 ts=20.000 as=15.000 ta=0.000 aa=-1.778 se=5.000 so=1.526 ae=1.778 ao=0.577 pwm=13 pc=2 hd=0 y=-1.529 yr=0.150 L=2 R=2 OL=13 OR=13 el=15 er=15 ed=0 dl=15 dr=15 cl=0 cr=0 ok=1987 fail=0 vofa=firewater rx=354 txdrop=11851
1775026869.5126667,1775026869512666600,4180297844000,HB,494664,14441.0,1,-0.294,2.011,15.0,14.0,1.0,13.0,13.0,2.0,2.0,15.0,14.0,0,0,,HB tick=494664 exp_id=185 t_ms=14441 run=1 spd=1 ts=20.000 as=14.500 ta=0.000 aa=-1.529 se=5.500 so=1.590 ae=1.529 ao=0.335 pwm=13 pc=2 hd=0 y=-0.294 yr=2.011 L=2 R=2 OL=13 OR=13 el=15 er=14 ed=1 dl=15 dr=14 cl=0 cr=0 ok=1988 fail=0 vofa=firewater rx=354 txdrop=11851
1775026869.7111402,1775026869711140100,4180496317400,HB,494865,14642.0,1,-0.048,1.738,15.0,15.0,0.0,13.0,13.0,2.0,2.0,15.0,15.0,0,0,,HB tick=494865 exp_id=185 t_ms=14642 run=1 spd=1 ts=20.000 as=15.000 ta=0.000 aa=-0.294 se=5.000 so=1.552 ae=0.294 ao=-0.557 pwm=13 pc=2 hd=0 y=-0.048 yr=1.738 L=2 R=2 OL=13 OR=13 el=15 er=15 ed=0 dl=15 dr=15 cl=0 cr=0 ok=1989 fail=0 vofa=firewater rx=354 txdrop=11851
1775026869.8678114,1775026869867811400,4180652988600,HB,495025,14802.0,1,-0.337,0.5,15.0,16.0,-1.0,13.0,13.0,2.0,2.0,15.0,16.0,0,0,,HB tick=495025 exp_id=185 t_ms=14802 run=1 spd=1 ts=20.000 as=15.500 ta=0.000 aa=-0.048 se=4.500 so=1.511 ae=0.048 ao=-0.529 pwm=13 pc=2 hd=0 y=-0.337 yr=0.500 L=2 R=2 OL=13 OR=13 el=15 er=16 ed=-1 dl=15 dr=16 cl=0 cr=0 ok=1990 fail=0 vofa=firewater rx=354 txdrop=11851
1775026870.1184623,1775026870118462200,4180903639700,HB,495275,15052.0,1,-1.547,-1.369,15.0,16.0,-1.0,13.0,13.0,2.0,2.0,15.0,16.0,0,0,,HB tick=495275 exp_id=185 t_ms=15052 run=1 spd=1 ts=20.000 as=15.500 ta=0.000 aa=-0.337 se=4.500 so=1.526 ae=0.337 ao=-0.063 pwm=13 pc=2 hd=0 y=-1.547 yr=-1.369 L=2 R=2 OL=13 OR=13 el=15 er=16 ed=-1 dl=15 dr=16 cl=0 cr=0 ok=1991 fail=0 vofa=firewater rx=354 txdrop=11851
1775026870.275019,1775026870275018900,4181060196400,HB,495431,15208.0,1,-1.698,-1.228,14.0,15.0,-1.0,14.0,12.0,3.0,1.0,14.0,15.0,0,0,,HB tick=495431 exp_id=185 t_ms=15208 run=1 spd=1 ts=20.000 as=14.500 ta=0.000 aa=-1.547 se=5.500 so=1.636 ae=1.547 ao=0.826 pwm=13 pc=2 hd=1 y=-1.698 yr=-1.228 L=3 R=1 OL=14 OR=12 el=14 er=15 ed=-1 dl=14 dr=15 cl=0 cr=0 ok=1992 fail=0 vofa=firewater rx=354 txdrop=11851
1775026870.5052607,1775026870505260700,4181290437900,HB,495663,15440.0,1,-2.162,-1.499,15.0,15.0,0.0,14.0,12.0,3.0,1.0,15.0,15.0,0,0,,HB tick=495663 exp_id=185 t_ms=15440 run=1 spd=1 ts=20.000 as=15.000 ta=0.000 aa=-1.698 se=5.000 so=1.600 ae=1.698 ao=0.818 pwm=13 pc=2 hd=1 y=-2.162 yr=-1.499 L=3 R=1 OL=14 OR=12 el=15 er=15 ed=0 dl=15 dr=15 cl=0 cr=0 ok=1993 fail=0 vofa=firewater rx=354 txdrop=11851
1775026870.7240086,1775026870724008400,4181509185800,HB,495884,15661.0,1,-2.103,-0.881,16.0,15.0,1.0,14.0,12.0,3.0,1.0,16.0,15.0,0,0,,HB tick=495884 exp_id=185 t_ms=15661 run=1 spd=1 ts=20.000 as=15.500 ta=0.000 aa=-2.162 se=4.500 so=1.563 ae=2.162 ao=1.017 pwm=13 pc=2 hd=1 y=-2.103 yr=-0.881 L=3 R=1 OL=14 OR=12 el=16 er=15 ed=1 dl=16 dr=15 cl=0 cr=0 ok=1994 fail=0 vofa=firewater rx=354 txdrop=11851
1775026870.942889,1775026870942889000,4181728066100,HB,496101,15878.0,1,-1.142,0.978,15.0,14.0,1.0,14.0,12.0,3.0,1.0,15.0,14.0,0,0,,HB tick=496101 exp_id=185 t_ms=15878 run=1 spd=1 ts=20.000 as=14.500 ta=0.000 aa=-2.103 se=5.500 so=1.677 ae=2.103 ao=0.806 pwm=13 pc=2 hd=1 y=-1.142 yr=0.978 L=3 R=1 OL=14 OR=12 el=15 er=14 ed=1 dl=15 dr=14 cl=0 cr=0 ok=1995 fail=0 vofa=firewater rx=354 txdrop=11851
1775026871.0991898,1775026871099189700,4181884366800,HB,496257,16034.0,1,-0.986,0.985,16.0,15.0,1.0,13.0,13.0,2.0,2.0,16.0,15.0,0,0,,HB tick=496257 exp_id=185 t_ms=16034 run=1 spd=1 ts=20.000 as=15.500 ta=0.000 aa=-1.142 se=4.500 so=1.586 ae=1.142 ao=-0.018 pwm=13 pc=2 hd=0 y=-0.986 yr=0.985 L=2 R=2 OL=13 OR=13 el=16 er=15 ed=1 dl=16 dr=15 cl=0 cr=0 ok=1996 fail=0 vofa=firewater rx=354 txdrop=11851
1775026871.3385017,1775026871338501600,4182123680400,HB,496490,16267.0,1,-0.385,1.543,16.0,14.0,2.0,13.0,13.0,2.0,2.0,16.0,14.0,0,0,,HB tick=496490 exp_id=185 t_ms=16267 run=1 spd=1 ts=20.000 as=15.000 ta=0.000 aa=-0.986 se=5.000 so=1.649 ae=0.986 ao=-0.058 pwm=13 pc=2 hd=0 y=-0.385 yr=1.543 L=2 R=2 OL=13 OR=13 el=16 er=14 ed=2 dl=16 dr=14 cl=0 cr=0 ok=1997 fail=0 vofa=firewater rx=354 txdrop=11851
1775026871.4951048,1775026871495104800,4182280282100,HB,496651,16428.0,1,0.223,2.325,15.0,15.0,0.0,12.0,14.0,1.0,3.0,15.0,15.0,0,0,,HB tick=496651 exp_id=185 t_ms=16428 run=1 spd=1 ts=20.000 as=15.000 ta=0.000 aa=-0.385 se=5.000 so=1.659 ae=0.385 ao=-0.380 pwm=13 pc=2 hd=-1 y=0.223 yr=2.325 L=1 R=3 OL=12 OR=14 el=15 er=15 ed=0 dl=15 dr=15 cl=0 cr=0 ok=1998 fail=0 vofa=firewater rx=354 txdrop=11851
1775026871.7445204,1775026871744520400,4182529698400,HB,496900,16677.0,1,1.051,2.676,15.0,16.0,-1.0,12.0,14.0,1.0,3.0,15.0,16.0,0,0,,HB tick=496900 exp_id=185 t_ms=16677 run=1 spd=1 ts=20.000 as=15.500 ta=0.000 aa=0.223 se=4.500 so=1.624 ae=-0.223 ao=-0.777 pwm=13 pc=2 hd=-1 y=1.051 yr=2.676 L=1 R=3 OL=12 OR=14 el=15 er=16 ed=-1 dl=15 dr=16 cl=0 cr=0 ok=1999 fail=0 vofa=firewater rx=354 txdrop=11851
1775026871.9016464,1775026871901646300,4182686823500,HB,497056,16833.0,1,0.982,1.583,15.0,15.0,0.0,12.0,14.0,1.0,3.0,15.0,15.0,0,0,,HB tick=497056 exp_id=185 t_ms=16833 run=1 spd=1 ts=20.000 as=15.000 ta=0.000 aa=1.051 se=5.000 so=1.683 ae=-1.051 ao=-1.088 pwm=13 pc=2 hd=-1 y=0.982 yr=1.583 L=1 R=3 OL=12 OR=14 el=15 er=15 ed=0 dl=15 dr=15 cl=0 cr=0 ok=2000 fail=0 vofa=firewater rx=354 txdrop=11851
1775026872.0888038,1775026872088803900,4182873981200,HB,497240,17017.0,1,0.927,0.924,15.0,15.0,0.0,12.0,14.0,1.0,3.0,15.0,15.0,0,0,,HB tick=497240 exp_id=185 t_ms=17017 run=1 spd=1 ts=20.000 as=15.000 ta=0.000 aa=0.982 se=5.000 so=1.693 ae=-0.982 ao=-0.722 pwm=13 pc=2 hd=-1 y=0.927 yr=0.924 L=1 R=3 OL=12 OR=14 el=15 er=15 ed=0 dl=15 dr=15 cl=0 cr=0 ok=2001 fail=0 vofa=firewater rx=354 txdrop=11851
1775026872.3184395,1775026872318439300,4183103616900,HB,497473,17250.0,1,0.081,-0.669,14.0,15.0,-1.0,13.0,13.0,2.0,2.0,14.0,15.0,0,0,,HB tick=497473 exp_id=185 t_ms=17250 run=1 spd=1 ts=20.000 as=14.500 ta=0.000 aa=0.927 se=5.500 so=1.757 ae=-0.927 ao=-0.499 pwm=13 pc=2 hd=0 y=0.081 yr=-0.669 L=2 R=2 OL=13 OR=13 el=14 er=15 ed=-1 dl=14 dr=15 cl=0 cr=0 ok=2002 fail=0 vofa=firewater rx=354 txdrop=11851
1775026872.5171936,1775026872517193400,4183302371500,HB,497677,17454.0,1,-0.5,-1.432,15.0,15.0,0.0,13.0,13.0,2.0,2.0,15.0,15.0,0,0,,HB tick=497677 exp_id=185 t_ms=17454 run=1 spd=1 ts=20.000 as=15.000 ta=0.000 aa=0.081 se=5.000 so=1.718 ae=-0.081 ao=0.214 pwm=13 pc=2 hd=0 y=-0.500 yr=-1.432 L=2 R=2 OL=13 OR=13 el=15 er=15 ed=0 dl=15 dr=15 cl=0 cr=0 ok=2003 fail=0 vofa=firewater rx=354 txdrop=11851
1775026872.7468202,1775026872746820000,4183531997300,HB,497904,17681.0,1,-1.375,-2.28,16.0,16.0,0.0,14.0,12.0,3.0,1.0,16.0,16.0,0,0,,HB tick=497904 exp_id=185 t_ms=17681 run=1 spd=1 ts=20.000 as=16.000 ta=0.000 aa=-0.500 se=4.000 so=1.630 ae=0.500 ao=0.598 pwm=13 pc=2 hd=1 y=-1.375 yr=-2.280 L=3 R=1 OL=14 OR=12 el=16 er=16 ed=0 dl=16 dr=16 cl=0 cr=0 ok=2004 fail=0 vofa=firewater rx=354 txdrop=11851
1775026872.9453104,1775026872945310400,4183730490700,HB,498105,17882.0,1,-1.421,-1.562,16.0,15.0,1.0,14.0,12.0,3.0,1.0,16.0,15.0,0,0,,HB tick=498105 exp_id=185 t_ms=17882 run=1 spd=1 ts=20.000 as=15.500 ta=0.000 aa=-1.375 se=4.500 so=1.691 ae=1.375 ao=1.080 pwm=13 pc=2 hd=1 y=-1.421 yr=-1.562 L=3 R=1 OL=14 OR=12 el=16 er=15 ed=1 dl=16 dr=15 cl=0 cr=0 ok=2005 fail=0 vofa=firewater rx=354 txdrop=11851
1775026873.1122916,1775026873112291500,4183897469300,HB,498266,18043.0,1,-0.982,-0.062,16.0,15.0,1.0,14.0,12.0,3.0,1.0,16.0,15.0,0,0,,HB tick=498266 exp_id=185 t_ms=18043 run=1 spd=1 ts=20.000 as=15.500 ta=0.000 aa=-1.421 se=4.500 so=1.701 ae=1.421 ao=0.862 pwm=13 pc=2 hd=1 y=-0.982 yr=-0.062 L=3 R=1 OL=14 OR=12 el=16 er=15 ed=1 dl=16 dr=15 cl=0 cr=0 ok=2006 fail=0 vofa=firewater rx=354 txdrop=11851
1775026873.2998395,1775026873299839400,4184085016600,HB,498455,18232.0,1,-0.823,0.255,16.0,15.0,1.0,13.0,13.0,2.0,2.0,16.0,15.0,0,0,,HB tick=498455 exp_id=185 t_ms=18232 run=1 spd=1 ts=20.000 as=15.500 ta=0.000 aa=-0.982 se=4.500 so=1.711 ae=0.982 ao=0.277 pwm=13 pc=2 hd=0 y=-0.823 yr=0.255 L=2 R=2 OL=13 OR=13 el=16 er=15 ed=1 dl=16 dr=15 cl=0 cr=0 ok=2007 fail=0 vofa=firewater rx=354 txdrop=11851
1775026873.5508068,1775026873550806900,4184335986300,HB,498704,18481.0,1,0.196,1.599,16.0,15.0,1.0,13.0,13.0,2.0,2.0,16.0,15.0,0,0,,HB tick=498704 exp_id=185 t_ms=18481 run=1 spd=1 ts=20.000 as=15.500 ta=0.000 aa=-0.823 se=4.500 so=1.724 ae=0.823 ao=0.138 pwm=13 pc=2 hd=0 y=0.196 yr=1.599 L=2 R=2 OL=13 OR=13 el=16 er=15 ed=1 dl=16 dr=15 cl=0 cr=0 ok=2008 fail=0 vofa=firewater rx=354 txdrop=11851
1775026873.706951,1775026873706951000,4184492128900,HB,498861,18638.0,1,0.317,1.307,15.0,16.0,-1.0,12.0,14.0,1.0,3.0,15.0,16.0,0,0,,HB tick=498861 exp_id=185 t_ms=18638 run=1 spd=1 ts=20.000 as=15.500 ta=0.000 aa=0.197 se=4.500 so=1.734 ae=-0.197 ao=-0.537 pwm=13 pc=2 hd=-1 y=0.317 yr=1.307 L=1 R=3 OL=12 OR=14 el=15 er=16 ed=-1 dl=15 dr=16 cl=0 cr=0 ok=2009 fail=0 vofa=firewater rx=354 txdrop=11851
1775026873.956129,1775026873956128900,4184741306200,HB,499110,18887.0,1,-0.074,0.301,15.0,16.0,-1.0,12.0,14.0,1.0,3.0,15.0,16.0,0,0,,HB tick=499110 exp_id=185 t_ms=18887 run=1 spd=1 ts=20.000 as=15.500 ta=0.000 aa=0.317 se=4.500 so=1.748 ae=-0.317 ao=-0.473 pwm=13 pc=2 hd=-1 y=-0.074 yr=0.301 L=1 R=3 OL=12 OR=14 el=15 er=16 ed=-1 dl=15 dr=16 cl=0 cr=0 ok=2010 fail=0 vofa=firewater rx=354 txdrop=11851
1775026874.1125858,1775026874112585800,4184897763400,HB,499266,19043.0,1,-0.249,-0.198,15.0,17.0,-2.0,13.0,13.0,2.0,2.0,15.0,17.0,0,0,,HB tick=499266 exp_id=185 t_ms=19043 run=1 spd=1 ts=20.000 as=16.000 ta=0.000 aa=-0.074 se=4.000 so=1.706 ae=0.074 ao=-0.057 pwm=13 pc=2 hd=0 y=-0.249 yr=-0.198 L=2 R=2 OL=13 OR=13 el=15 er=17 ed=-2 dl=15 dr=17 cl=0 cr=0 ok=2011 fail=0 vofa=firewater rx=354 txdrop=11851
1775026874.299717,1775026874299716900,4185084898000,HB,499455,19232.0,1,-0.312,-0.245,15.0,15.0,0.0,13.0,13.0,2.0,2.0,15.0,15.0,0,0,,HB tick=499455 exp_id=185 t_ms=19232 run=1 spd=1 ts=20.000 as=15.000 ta=0.000 aa=-0.249 se=5.000 so=1.816 ae=0.249 ao=0.145 pwm=13 pc=2 hd=0 y=-0.312 yr=-0.245 L=2 R=2 OL=13 OR=13 el=15 er=15 ed=0 dl=15 dr=15 cl=0 cr=0 ok=2012 fail=0 vofa=firewater rx=354 txdrop=11851
1775026874.5295942,1775026874529594000,4185314771300,HB,499688,19465.0,1,-0.749,-0.815,22.0,8.0,14.0,13.0,13.0,2.0,2.0,22.0,8.0,0,0,,HB tick=499688 exp_id=185 t_ms=19465 run=1 spd=1 ts=20.000 as=15.000 ta=0.000 aa=-0.312 se=5.000 so=1.829 ae=0.312 ao=0.175 pwm=13 pc=2 hd=0 y=-0.749 yr=-0.815 L=2 R=2 OL=13 OR=13 el=22 er=8 ed=14 dl=22 dr=8 cl=0 cr=0 ok=2013 fail=0 vofa=firewater rx=354 txdrop=11851
1775026874.696869,1775026874696868800,4185482046800,HB,499848,19625.0,1,5.747,13.68,21.0,9.0,12.0,14.0,12.0,3.0,1.0,21.0,9.0,0,0,,HB tick=499848 exp_id=185 t_ms=19625 run=1 spd=1 ts=20.000 as=15.000 ta=0.000 aa=-0.749 se=5.000 so=1.839 ae=0.749 ao=0.463 pwm=13 pc=2 hd=1 y=5.747 yr=13.680 L=3 R=1 OL=14 OR=12 el=21 er=9 ed=12 dl=21 dr=9 cl=0 cr=0 ok=2014 fail=0 vofa=firewater rx=354 txdrop=11851
1775026874.927073,1775026874927073000,4185712251500,HB,500082,19859.0,1,32.116,48.502,17.0,12.0,5.0,12.0,14.0,1.0,3.0,17.0,12.0,0,0,yaw_jump,HB tick=500082 exp_id=185 t_ms=19859 run=1 spd=1 ts=20.000 as=14.500 ta=0.000 aa=5.747 se=5.500 so=1.907 ae=-5.747 ao=-5.738 pwm=13 pc=2 hd=-1 y=32.116 yr=48.502 L=1 R=3 OL=12 OR=14 el=17 er=12 ed=5 dl=17 dr=12 cl=0 cr=0 ok=2015 fail=0 vofa=firewater rx=354 txdrop=11851
1775026875.150545,1775026875150545000,4185935724200,HB,500302,20079.0,1,50.594,60.789,16.0,13.0,3.0,12.0,14.0,1.0,3.0,16.0,13.0,0,0,yaw_jump,HB tick=500302 exp_id=185 t_ms=20079 run=1 spd=1 ts=20.000 as=14.500 ta=0.000 aa=32.116 se=5.500 so=1.923 ae=-32.116 ao=-7.000 pwm=13 pc=2 hd=-1 y=50.594 yr=60.789 L=1 R=3 OL=12 OR=14 el=16 er=13 ed=3 dl=16 dr=13 cl=0 cr=0 ok=2016 fail=0 vofa=firewater rx=354 txdrop=11851
1775026875.4396515,1775026875439651700,4186224828800,HB,500503,20280.0,1,52.005,41.971,16.0,13.0,3.0,12.0,14.0,1.0,3.0,16.0,13.0,0,0,,HB tick=500503 exp_id=185 t_ms=20280 run=1 spd=1 ts=20.000 as=14.500 ta=0.000 aa=50.594 se=5.500 so=1.935 ae=-50.594 ao=-7.000 pwm=13 pc=2 hd=-1 y=52.005 yr=41.971 L=1 R=3 OL=12 OR=14 el=16 er=13 ed=3 dl=16 dr=13 cl=0 cr=0 ok=2017 fail=0 vofa=firewater rx=354 txdrop=11851
1775026875.5136678,1775026875513667900,4186298845000,HB,500665,20442.0,1,55.243,34.277,17.0,15.0,2.0,12.0,14.0,1.0,3.0,17.0,15.0,0,0,,HB tick=500665 exp_id=185 t_ms=20442 run=1 spd=1 ts=20.000 as=16.000 ta=0.000 aa=52.005 se=4.000 so=1.794 ae=-52.005 ao=-7.000 pwm=13 pc=2 hd=-1 y=55.243 yr=34.277 L=1 R=3 OL=12 OR=14 el=17 er=15 ed=2 dl=17 dr=15 cl=0 cr=0 ok=2018 fail=0 vofa=firewater rx=354 txdrop=11851
1775026875.7639954,1775026875763995300,4186549174200,HB,500918,20695.0,1,57.792,25.805,15.0,15.0,0.0,12.0,14.0,1.0,3.0,15.0,15.0,0,0,,HB tick=500918 exp_id=185 t_ms=20695 run=1 spd=1 ts=20.000 as=15.000 ta=0.000 aa=55.243 se=5.000 so=1.909 ae=-55.243 ao=-7.000 pwm=13 pc=2 hd=-1 y=57.792 yr=25.805 L=1 R=3 OL=12 OR=14 el=15 er=15 ed=0 dl=15 dr=15 cl=0 cr=0 ok=2019 fail=0 vofa=firewater rx=354 txdrop=11851
1775026875.9201076,1775026875920107600,4186705285800,HB,501075,20852.0,1,57.819,16.835,16.0,16.0,0.0,12.0,14.0,1.0,3.0,16.0,16.0,0,0,,HB tick=501075 exp_id=185 t_ms=20852 run=1 spd=1 ts=20.000 as=16.000 ta=0.000 aa=57.792 se=4.000 so=1.817 ae=-57.792 ao=-7.000 pwm=13 pc=2 hd=-1 y=57.819 yr=16.835 L=1 R=3 OL=12 OR=14 el=16 er=16 ed=0 dl=16 dr=16 cl=0 cr=0 ok=2020 fail=0 vofa=firewater rx=354 txdrop=11851
1775026876.1815739,1775026876181573800,4186966753800,HB,501336,21113.0,1,57.749,10.849,16.0,15.0,1.0,12.0,14.0,1.0,3.0,16.0,15.0,0,0,,HB tick=501336 exp_id=185 t_ms=21113 run=1 spd=1 ts=20.000 as=15.500 ta=0.000 aa=57.819 se=4.500 so=1.881 ae=-57.819 ao=-7.000 pwm=13 pc=2 hd=-1 y=57.749 yr=10.849 L=1 R=3 OL=12 OR=14 el=16 er=15 ed=1 dl=16 dr=15 cl=0 cr=0 ok=2021 fail=0 vofa=firewater rx=354 txdrop=11851
1775026876.3382118,1775026876338211800,4187123389700,HB,501492,21269.0,1,57.734,7.018,15.0,16.0,-1.0,12.0,14.0,1.0,3.0,15.0,16.0,0,0,,HB tick=501492 exp_id=185 t_ms=21269 run=1 spd=1 ts=20.000 as=15.500 ta=0.000 aa=57.749 se=4.500 so=1.890 ae=-57.749 ao=-7.000 pwm=13 pc=2 hd=-1 y=57.734 yr=7.018 L=1 R=3 OL=12 OR=14 el=15 er=16 ed=-1 dl=15 dr=16 cl=0 cr=0 ok=2022 fail=0 vofa=firewater rx=354 txdrop=11851
1775026876.5681667,1775026876568166600,4187353343900,HB,501725,21502.0,1,56.46,2.647,15.0,16.0,-1.0,12.0,14.0,1.0,3.0,15.0,16.0,0,0,,HB tick=501725 exp_id=185 t_ms=21502 run=1 spd=1 ts=20.000 as=15.500 ta=0.000 aa=57.735 se=4.500 so=1.903 ae=-57.735 ao=-7.000 pwm=13 pc=2 hd=-1 y=56.460 yr=2.647 L=1 R=3 OL=12 OR=14 el=15 er=16 ed=-1 dl=15 dr=16 cl=0 cr=0 ok=2023 fail=0 vofa=firewater rx=354 txdrop=11851
1775026876.7876906,1775026876787690700,4187572871200,HB,501946,21723.0,1,53.507,-2.955,15.0,17.0,-2.0,12.0,14.0,1.0,3.0,15.0,17.0,0,0,,HB tick=501946 exp_id=185 t_ms=21723 run=1 spd=1 ts=20.000 as=16.000 ta=0.000 aa=56.460 se=4.000 so=1.864 ae=-56.460 ao=-7.000 pwm=13 pc=2 hd=-1 y=53.507 yr=-2.955 L=1 R=3 OL=12 OR=14 el=15 er=17 ed=-2 dl=15 dr=17 cl=0 cr=0 ok=2024 fail=0 vofa=firewater rx=354 txdrop=11851
1775026877.0081336,1775026877008133700,4187793311200,HB,502163,21940.0,1,51.834,-4.62,14.0,16.0,-2.0,12.0,14.0,1.0,3.0,14.0,16.0,0,0,,HB tick=502163 exp_id=185 t_ms=21940 run=1 spd=1 ts=20.000 as=15.000 ta=0.000 aa=53.507 se=5.000 so=1.976 ae=-53.507 ao=-7.000 pwm=13 pc=2 hd=-1 y=51.834 yr=-4.620 L=1 R=3 OL=12 OR=14 el=14 er=16 ed=-2 dl=14 dr=16 cl=0 cr=0 ok=2025 fail=0 vofa=firewater rx=354 txdrop=11851
1775026877.204763,1775026877204762900,4187989941000,HB,502364,22141.0,1,51.07,-4.333,15.0,16.0,-1.0,12.0,14.0,1.0,3.0,15.0,16.0,0,0,,HB tick=502364 exp_id=185 t_ms=22141 run=1 spd=1 ts=20.000 as=15.500 ta=0.000 aa=51.834 se=4.500 so=1.937 ae=-51.834 ao=-7.000 pwm=13 pc=2 hd=-1 y=51.070 yr=-4.333 L=1 R=3 OL=12 OR=14 el=15 er=16 ed=-1 dl=15 dr=16 cl=0 cr=0 ok=2026 fail=0 vofa=firewater rx=354 txdrop=11851
1775026877.4445088,1775026877444508700,4188229685600,HB,502597,22374.0,1,47.285,-8.502,16.0,16.0,0.0,12.0,14.0,1.0,3.0,16.0,16.0,0,0,,HB tick=502597 exp_id=185 t_ms=22374 run=1 spd=1 ts=20.000 as=16.000 ta=0.000 aa=51.070 se=4.000 so=1.899 ae=-51.070 ao=-7.000 pwm=13 pc=2 hd=-1 y=47.285 yr=-8.502 L=1 R=3 OL=12 OR=14 el=16 er=16 ed=0 dl=16 dr=16 cl=0 cr=0 ok=2027 fail=0 vofa=firewater rx=354 txdrop=11851
1775026877.600676,1775026877600676200,4188385853400,HB,502753,22530.0,1,47.049,-6.056,15.0,17.0,-2.0,12.0,14.0,1.0,3.0,15.0,17.0,0,0,,HB tick=502753 exp_id=185 t_ms=22530 run=1 spd=1 ts=20.000 as=16.000 ta=0.000 aa=47.285 se=4.000 so=1.907 ae=-47.285 ao=-7.000 pwm=13 pc=2 hd=-1 y=47.049 yr=-6.056 L=1 R=3 OL=12 OR=14 el=15 er=17 ed=-2 dl=15 dr=17 cl=0 cr=0 ok=2028 fail=0 vofa=firewater rx=354 txdrop=11851
1775026877.8510203,1775026877851020200,4188636197300,HB,503003,22780.0,1,42.558,-10.224,13.0,15.0,-2.0,12.0,14.0,1.0,3.0,13.0,15.0,0,0,,HB tick=503003 exp_id=185 t_ms=22780 run=1 spd=1 ts=20.000 as=14.000 ta=0.000 aa=47.049 se=6.000 so=2.120 ae=-47.049 ao=-7.000 pwm=13 pc=2 hd=-1 y=42.558 yr=-10.224 L=1 R=3 OL=12 OR=14 el=13 er=15 ed=-2 dl=13 dr=15 cl=0 cr=0 ok=2029 fail=0 vofa=firewater rx=354 txdrop=11851
1775026878.049446,1775026878049446200,4188834624100,HB,503204,22981.0,1,42.081,-7.477,10.0,18.0,-8.0,12.0,14.0,1.0,3.0,10.0,18.0,0,0,,HB tick=503204 exp_id=185 t_ms=22981 run=1 spd=1 ts=20.000 as=14.000 ta=0.000 aa=42.558 se=6.000 so=2.134 ae=-42.558 ao=-7.000 pwm=13 pc=2 hd=-1 y=42.081 yr=-7.477 L=1 R=3 OL=12 OR=14 el=10 er=18 ed=-8 dl=10 dr=18 cl=0 cr=0 ok=2030 fail=0 vofa=firewater rx=354 txdrop=11851
1775026878.2579424,1775026878257942400,4189043119800,HB,503409,23186.0,1,36.861,-13.773,12.0,14.0,-2.0,12.0,14.0,1.0,3.0,12.0,14.0,0,0,,HB tick=503409 exp_id=185 t_ms=23186 run=1 spd=1 ts=20.000 as=13.000 ta=0.000 aa=42.081 se=7.000 so=2.256 ae=-42.081 ao=-7.000 pwm=13 pc=2 hd=-1 y=36.861 yr=-13.773 L=1 R=3 OL=12 OR=14 el=12 er=14 ed=-2 dl=12 dr=14 cl=0 cr=0 ok=2031 fail=0 vofa=firewater rx=354 txdrop=11851
1775026878.4140835,1775026878414083600,4189199261400,HB,503570,23347.0,1,34.399,-14.336,16.0,16.0,0.0,12.0,14.0,1.0,3.0,16.0,16.0,0,0,,HB tick=503570 exp_id=185 t_ms=23347 run=1 spd=1 ts=20.000 as=16.000 ta=0.000 aa=36.861 se=4.000 so=1.965 ae=-36.861 ao=-4.841 pwm=13 pc=2 hd=-1 y=34.399 yr=-14.336 L=1 R=3 OL=12 OR=14 el=16 er=16 ed=0 dl=16 dr=16 cl=0 cr=0 ok=2032 fail=0 vofa=firewater rx=354 txdrop=11851
1775026878.6647627,1775026878664762700,4189449940200,HB,503818,23595.0,1,-1.021,-59.106,16.0,18.0,-2.0,12.0,14.0,1.0,3.0,16.0,18.0,0,0,yaw_jump,HB tick=503818 exp_id=185 t_ms=23595 run=1 spd=1 ts=20.000 as=17.000 ta=0.000 aa=34.399 se=3.000 so=1.875 ae=-34.399 ao=-4.090 pwm=13 pc=2 hd=-1 y=-1.021 yr=-59.106 L=1 R=3 OL=12 OR=14 el=16 er=18 ed=-2 dl=16 dr=18 cl=0 cr=0 ok=2033 fail=0 vofa=firewater rx=354 txdrop=11851
1775026878.8847077,1775026878884707500,4189669885600,HB,504035,23812.0,1,-9.193,-51.599,9.0,7.0,2.0,15.0,13.0,4.0,2.0,9.0,7.0,0,0,yaw_jump,HB tick=504035 exp_id=185 t_ms=23812 run=1 spd=1 ts=20.000 as=8.000 ta=0.000 aa=-1.021 se=12.000 so=2.790 ae=1.021 ao=7.000 pwm=14 pc=3 hd=1 y=-9.193 yr=-51.599 L=4 R=2 OL=15 OR=13 el=9 er=7 ed=2 dl=9 dr=7 cl=0 cr=0 ok=2034 fail=0 vofa=firewater rx=354 txdrop=11851
1775026879.0922606,1775026879092260700,4189877438000,HB,504247,24024.0,1,-7.894,-31.396,15.0,14.0,1.0,14.0,12.0,3.0,1.0,15.0,14.0,0,0,,HB tick=504247 exp_id=185 t_ms=24024 run=1 spd=1 ts=20.000 as=14.500 ta=0.000 aa=-9.193 se=5.500 so=2.163 ae=9.193 ao=7.000 pwm=13 pc=2 hd=1 y=-7.894 yr=-31.396 L=3 R=1 OL=14 OR=12 el=15 er=14 ed=1 dl=15 dr=14 cl=0 cr=0 ok=2035 fail=0 vofa=firewater rx=354 txdrop=11851
1775026879.2486248,1775026879248624800,4190033801900,HB,504403,24180.0,1,-7.9,-20.419,15.0,15.0,0.0,14.0,12.0,3.0,1.0,15.0,15.0,0,0,,HB tick=504403 exp_id=185 t_ms=24180 run=1 spd=1 ts=20.000 as=15.000 ta=0.000 aa=-7.894 se=5.000 so=2.123 ae=7.894 ao=7.000 pwm=13 pc=2 hd=1 y=-7.900 yr=-20.419 L=3 R=1 OL=14 OR=12 el=15 er=15 ed=0 dl=15 dr=15 cl=0 cr=0 ok=2036 fail=0 vofa=firewater rx=354 txdrop=11851
1775026879.4356253,1775026879435625200,4190220804400,HB,504592,24369.0,1,-7.9,-13.273,15.0,14.0,1.0,14.0,12.0,3.0,1.0,15.0,14.0,0,0,,HB tick=504592 exp_id=185 t_ms=24369 run=1 spd=1 ts=20.000 as=14.500 ta=0.000 aa=-7.900 se=5.500 so=2.184 ae=7.900 ao=7.000 pwm=13 pc=2 hd=1 y=-7.900 yr=-13.273 L=3 R=1 OL=14 OR=12 el=15 er=14 ed=1 dl=15 dr=14 cl=0 cr=0 ok=2037 fail=0 vofa=firewater rx=354 txdrop=11851
1775026879.6858792,1775026879685879400,4190471058000,HB,504842,24618.0,1,-6.08,-6.069,17.0,15.0,2.0,14.0,12.0,3.0,1.0,17.0,15.0,0,0,,HB tick=504842 exp_id=185 t_ms=24618 run=1 spd=1 ts=20.000 as=16.000 ta=0.000 aa=-7.900 se=4.000 so=2.048 ae=7.900 ao=5.738 pwm=13 pc=2 hd=1 y=-6.080 yr=-6.069 L=3 R=1 OL=14 OR=12 el=17 er=15 ed=2 dl=17 dr=15 cl=0 cr=0 ok=2038 fail=0 vofa=firewater rx=354 txdrop=11851
1775026879.839093,1775026879839093000,4190624270100,HB,504998,24775.0,1,-5.774,-3.263,17.0,15.0,2.0,14.0,12.0,3.0,1.0,17.0,15.0,0,0,,HB tick=504998 exp_id=185 t_ms=24775 run=1 spd=1 ts=20.000 as=16.000 ta=0.000 aa=-6.080 se=4.000 so=2.055 ae=6.080 ao=2.999 pwm=13 pc=2 hd=1 y=-5.774 yr=-3.263 L=3 R=1 OL=14 OR=12 el=17 er=15 ed=2 dl=17 dr=15 cl=0 cr=0 ok=2039 fail=0 vofa=firewater rx=354 txdrop=11851
1775026880.0266185,1775026880026618400,4190811795600,HB,505186,24963.0,1,-5.629,-1.85,17.0,14.0,3.0,14.0,12.0,3.0,1.0,17.0,14.0,0,0,,HB tick=505186 exp_id=185 t_ms=24963 run=1 spd=1 ts=20.000 as=15.500 ta=0.000 aa=-5.774 se=4.500 so=2.115 ae=5.774 ao=2.030 pwm=13 pc=2 hd=1 y=-5.629 yr=-1.850 L=3 R=1 OL=14 OR=12 el=17 er=14 ed=3 dl=17 dr=14 cl=0 cr=0 ok=2040 fail=0 vofa=firewater rx=354 txdrop=11851
1775026880.2649214,1775026880264921300,4191050098700,HB,505419,25196.0,1,-2.631,3.301,20.0,15.0,5.0,14.0,12.0,3.0,1.0,20.0,15.0,0,0,,HB tick=505419 exp_id=185 t_ms=25196 run=1 spd=1 ts=20.000 as=17.500 ta=0.000 aa=-5.629 se=2.500 so=1.926 ae=5.629 ao=1.546 pwm=13 pc=2 hd=1 y=-2.631 yr=3.301 L=3 R=1 OL=14 OR=12 el=20 er=15 ed=5 dl=20 dr=15 cl=0 cr=0 ok=2041 fail=0 vofa=firewater rx=354 txdrop=11851
1775026880.4213514,1775026880421351500,4191206528700,HB,505580,25357.0,1,2.078,12.381,4.0,18.0,-14.0,14.0,14.0,3.0,3.0,4.0,18.0,0,0,,HB tick=505580 exp_id=185 t_ms=25357 run=1 spd=1 ts=20.000 as=11.000 ta=0.000 aa=-2.631 se=9.000 so=2.588 ae=2.631 ao=-0.821 pwm=14 pc=3 hd=0 y=2.078 yr=12.381 L=3 R=3 OL=14 OR=14 el=4 er=18 ed=-14 dl=4 dr=18 cl=0 cr=0 ok=2042 fail=0 vofa=firewater rx=354 txdrop=11851
1775026880.6509604,1775026880650960400,4191436138200,HB,505813,25590.0,1,-5.089,-2.718,8.0,17.0,-9.0,12.0,14.0,1.0,3.0,8.0,17.0,0,0,,HB tick=505813 exp_id=185 t_ms=25590 run=1 spd=1 ts=20.000 as=12.500 ta=0.000 aa=2.078 se=7.500 so=2.462 ae=-2.078 ao=-4.858 pwm=13 pc=2 hd=-1 y=-5.089 yr=-2.718 L=1 R=3 OL=12 OR=14 el=8 er=17 ed=-9 dl=8 dr=17 cl=0 cr=0 ok=2043 fail=0 vofa=firewater rx=354 txdrop=11851
1775026880.8597877,1775026880859787800,4191644967200,HB,506018,25795.0,1,-25.957,-37.394,12.0,15.0,-3.0,14.0,12.0,3.0,1.0,12.0,15.0,0,0,yaw_jump,HB tick=506018 exp_id=185 t_ms=25795 run=1 spd=1 ts=20.000 as=13.500 ta=0.000 aa=-5.089 se=6.500 so=2.379 ae=5.089 ao=1.697 pwm=13 pc=2 hd=1 y=-25.957 yr=-37.394 L=3 R=1 OL=14 OR=12 el=12 er=15 ed=-3 dl=12 dr=15 cl=0 cr=0 ok=2044 fail=0 vofa=firewater rx=354 txdrop=11851
1775026881.067644,1775026881067644000,4191852821300,HB,506227,26004.0,1,-34.249,-38.192,13.0,15.0,-2.0,14.0,12.0,3.0,1.0,13.0,15.0,0,0,yaw_jump,HB tick=506227 exp_id=185 t_ms=26004 run=1 spd=1 ts=20.000 as=14.000 ta=0.000 aa=-25.957 se=6.000 so=2.345 ae=25.957 ao=7.000 pwm=13 pc=2 hd=1 y=-34.249 yr=-38.192 L=3 R=1 OL=14 OR=12 el=13 er=15 ed=-2 dl=13 dr=15 cl=0 cr=0 ok=2045 fail=0 vofa=firewater rx=354 txdrop=11851
1775026881.2762852,1775026881276285100,4192061462400,HB,506432,26209.0,1,-38.717,-32.454,14.0,15.0,-1.0,14.0,12.0,3.0,1.0,14.0,15.0,0,0,,HB tick=506432 exp_id=185 t_ms=26209 run=1 spd=1 ts=20.000 as=14.500 ta=0.000 aa=-34.248 se=5.500 so=2.308 ae=34.248 ao=7.000 pwm=13 pc=2 hd=1 y=-38.717 yr=-32.454 L=3 R=1 OL=14 OR=12 el=14 er=15 ed=-1 dl=14 dr=15 cl=0 cr=0 ok=2046 fail=0 vofa=firewater rx=354 txdrop=11851
1775026881.4838016,1775026881483801700,4192268979600,HB,506637,26414.0,1,-41.114,-25.188,15.0,14.0,1.0,14.0,12.0,3.0,1.0,15.0,14.0,0,0,,HB tick=506637 exp_id=185 t_ms=26414 run=1 spd=1 ts=20.000 as=14.500 ta=0.000 aa=-38.717 se=5.500 so=2.320 ae=38.717 ao=7.000 pwm=13 pc=2 hd=1 y=-41.114 yr=-25.188 L=3 R=1 OL=14 OR=12 el=15 er=14 ed=1 dl=15 dr=14 cl=0 cr=0 ok=2047 fail=0 vofa=firewater rx=354 txdrop=11851
1775026881.6418183,1775026881641818300,4192426998400,HB,506802,26579.0,1,-41.396,-16.969,15.0,15.0,0.0,14.0,12.0,3.0,1.0,15.0,15.0,0,0,,HB tick=506802 exp_id=185 t_ms=26579 run=1 spd=1 ts=20.000 as=15.000 ta=0.000 aa=-41.114 se=5.000 so=2.281 ae=41.114 ao=7.000 pwm=13 pc=2 hd=1 y=-41.396 yr=-16.969 L=3 R=1 OL=14 OR=12 el=15 er=15 ed=0 dl=15 dr=15 cl=0 cr=0 ok=2048 fail=0 vofa=firewater rx=354 txdrop=11851
1775026881.88209,1775026881882090000,4192667267500,HB,507035,26811.0,1,-41.22,-10.764,15.0,15.0,0.0,14.0,12.0,3.0,1.0,15.0,15.0,0,0,,HB tick=507035 exp_id=185 t_ms=26811 run=1 spd=1 ts=20.000 as=15.000 ta=0.000 aa=-41.396 se=5.000 so=2.295 ae=41.396 ao=7.000 pwm=13 pc=2 hd=1 y=-41.220 yr=-10.764 L=3 R=1 OL=14 OR=12 el=15 er=15 ed=0 dl=15 dr=15 cl=0 cr=0 ok=2049 fail=0 vofa=firewater rx=354 txdrop=11851
1775026882.1017268,1775026882101726800,4192886904100,HB,507261,27037.0,1,-39.824,-4.836,16.0,14.0,2.0,14.0,12.0,3.0,1.0,16.0,14.0,0,0,,HB tick=507261 exp_id=185 t_ms=27037 run=1 spd=1 ts=20.000 as=15.000 ta=0.000 aa=-41.220 se=5.000 so=2.308 ae=41.220 ao=7.000 pwm=13 pc=2 hd=1 y=-39.824 yr=-4.836 L=3 R=1 OL=14 OR=12 el=16 er=14 ed=2 dl=16 dr=14 cl=0 cr=0 ok=2050 fail=0 vofa=firewater rx=354 txdrop=11851
1775026882.258398,1775026882258398000,4193043575400,HB,507417,27194.0,1,-39.402,-2.202,15.0,13.0,2.0,14.0,12.0,3.0,1.0,15.0,13.0,0,0,,HB tick=507417 exp_id=185 t_ms=27194 run=1 spd=1 ts=20.000 as=14.000 ta=0.000 aa=-39.824 se=6.000 so=2.417 ae=39.824 ao=7.000 pwm=13 pc=2 hd=1 y=-39.402 yr=-2.202 L=3 R=1 OL=14 OR=12 el=15 er=13 ed=2 dl=15 dr=13 cl=0 cr=0 ok=2051 fail=0 vofa=firewater rx=354 txdrop=11851
1775026882.4984982,1775026882498498400,4193283675600,HB,507649,27426.0,1,-38.065,0.586,16.0,14.0,2.0,14.0,12.0,3.0,1.0,16.0,14.0,0,0,,HB tick=507649 exp_id=185 t_ms=27426 run=1 spd=1 ts=20.000 as=15.000 ta=0.000 aa=-39.402 se=5.000 so=2.331 ae=39.402 ao=7.000 pwm=13 pc=2 hd=1 y=-38.065 yr=0.586 L=3 R=1 OL=14 OR=12 el=16 er=14 ed=2 dl=16 dr=14 cl=0 cr=0 ok=2052 fail=0 vofa=firewater rx=354 txdrop=11851
1775026882.7193663,1775026882719366400,4193504543600,HB,507875,27652.0,1,-35.072,5.015,16.0,14.0,2.0,14.0,12.0,3.0,1.0,16.0,14.0,0,0,,HB tick=507875 exp_id=185 t_ms=27652 run=1 spd=1 ts=20.000 as=15.000 ta=0.000 aa=-38.065 se=5.000 so=2.343 ae=38.065 ao=7.000 pwm=13 pc=2 hd=1 y=-35.072 yr=5.015 L=3 R=1 OL=14 OR=12 el=16 er=14 ed=2 dl=16 dr=14 cl=0 cr=0 ok=2053 fail=0 vofa=firewater rx=354 txdrop=11851
1775026882.8746233,1775026882874623300,4193659800700,HB,508031,27808.0,1,-34.509,4.523,16.0,15.0,1.0,14.0,12.0,3.0,1.0,16.0,15.0,0,0,,HB tick=508031 exp_id=185 t_ms=27808 run=1 spd=1 ts=20.000 as=15.500 ta=0.000 aa=-35.072 se=4.500 so=2.302 ae=35.072 ao=6.600 pwm=13 pc=2 hd=1 y=-34.509 yr=4.523 L=3 R=1 OL=14 OR=12 el=16 er=15 ed=1 dl=16 dr=15 cl=0 cr=0 ok=2054 fail=0 vofa=firewater rx=354 txdrop=11851
1775026883.1252172,1775026883125217200,4193910394600,HB,508281,28058.0,1,-31.578,7.044,16.0,15.0,1.0,14.0,12.0,3.0,1.0,16.0,15.0,0,0,,HB tick=508281 exp_id=185 t_ms=28058 run=1 spd=1 ts=20.000 as=15.500 ta=0.000 aa=-34.509 se=4.500 so=2.316 ae=34.509 ao=6.643 pwm=13 pc=2 hd=1 y=-31.578 yr=7.044 L=3 R=1 OL=14 OR=12 el=16 er=15 ed=1 dl=16 dr=15 cl=0 cr=0 ok=2055 fail=0 vofa=firewater rx=354 txdrop=11851
1775026883.3230877,1775026883323087500,4194108265000,HB,508482,28259.0,1,-31.038,5.519,17.0,16.0,1.0,14.0,12.0,3.0,1.0,17.0,16.0,0,0,,HB tick=508482 exp_id=185 t_ms=28259 run=1 spd=1 ts=20.000 as=16.500 ta=0.000 aa=-31.578 se=3.500 so=2.226 ae=31.578 ao=5.148 pwm=13 pc=2 hd=1 y=-31.038 yr=5.519 L=3 R=1 OL=14 OR=12 el=17 er=16 ed=1 dl=17 dr=16 cl=0 cr=0 ok=2056 fail=0 vofa=firewater rx=354 txdrop=11851
1775026883.542469,1775026883542469000,4194327646000,HB,508703,28480.0,1,-27.712,8.855,17.0,15.0,2.0,14.0,12.0,3.0,1.0,17.0,15.0,0,0,,HB tick=508703 exp_id=185 t_ms=28480 run=1 spd=1 ts=20.000 as=16.000 ta=0.000 aa=-31.038 se=4.000 so=2.287 ae=31.038 ao=5.522 pwm=13 pc=2 hd=1 y=-27.712 yr=8.855 L=3 R=1 OL=14 OR=12 el=17 er=15 ed=2 dl=17 dr=15 cl=0 cr=0 ok=2057 fail=0 vofa=firewater rx=354 txdrop=11851
1775026883.7604601,1775026883760460000,4194545637200,HB,508920,28697.0,1,-25.794,8.849,16.0,14.0,2.0,14.0,12.0,3.0,1.0,16.0,14.0,0,0,,HB tick=508920 exp_id=185 t_ms=28697 run=1 spd=1 ts=20.000 as=15.000 ta=0.000 aa=-27.711 se=5.000 so=2.399 ae=27.711 ao=3.671 pwm=13 pc=2 hd=1 y=-25.794 yr=8.849 L=3 R=1 OL=14 OR=12 el=16 er=14 ed=2 dl=16 dr=14 cl=0 cr=0 ok=2058 fail=0 vofa=firewater rx=354 txdrop=11851
1775026883.9689353,1775026883968935100,4194754114300,HB,509121,28898.0,1,-25.202,6.782,17.0,15.0,2.0,14.0,12.0,3.0,1.0,17.0,15.0,0,0,,HB tick=509121 exp_id=185 t_ms=28898 run=1 spd=1 ts=20.000 as=16.000 ta=0.000 aa=-25.794 se=4.000 so=2.309 ae=25.794 ao=3.225 pwm=13 pc=2 hd=1 y=-25.202 yr=6.782 L=3 R=1 OL=14 OR=12 el=17 er=15 ed=2 dl=17 dr=15 cl=0 cr=0 ok=2059 fail=0 vofa=firewater rx=354 txdrop=11851
1775026884.189818,1775026884189817900,4194974995100,HB,509343,29120.0,1,-21.636,10.031,17.0,16.0,1.0,14.0,12.0,3.0,1.0,17.0,16.0,0,0,,HB tick=509343 exp_id=185 t_ms=29120 run=1 spd=1 ts=20.000 as=16.500 ta=0.000 aa=-25.202 se=3.500 so=2.269 ae=25.202 ao=3.758 pwm=13 pc=2 hd=1 y=-21.636 yr=10.031 L=3 R=1 OL=14 OR=12 el=17 er=16 ed=1 dl=17 dr=16 cl=0 cr=0 ok=2060 fail=0 vofa=firewater rx=354 txdrop=11851
1775026884.3989975,1775026884398997500,4195184175500,HB,509560,29336.0,1,-19.483,10.009,16.0,14.0,2.0,14.0,12.0,3.0,1.0,16.0,14.0,0,0,,HB tick=509560 exp_id=185 t_ms=29336 run=1 spd=1 ts=20.000 as=15.000 ta=0.000 aa=-21.636 se=5.000 so=2.431 ae=21.636 ao=1.874 pwm=13 pc=2 hd=1 y=-19.483 yr=10.009 L=3 R=1 OL=14 OR=12 el=16 er=14 ed=2 dl=16 dr=14 cl=0 cr=0 ok=2061 fail=0 vofa=firewater rx=354 txdrop=11851
1775026884.5556111,1775026884555611100,4195340788400,HB,509716,29493.0,1,-19.075,7.415,18.0,14.0,4.0,14.0,12.0,3.0,1.0,18.0,14.0,0,0,,HB tick=509716 exp_id=185 t_ms=29493 run=1 spd=1 ts=20.000 as=16.000 ta=0.000 aa=-19.483 se=4.000 so=2.338 ae=19.483 ao=1.371 pwm=13 pc=2 hd=1 y=-19.075 yr=7.415 L=3 R=1 OL=14 OR=12 el=18 er=14 ed=4 dl=18 dr=14 cl=0 cr=0 ok=2062 fail=0 vofa=firewater rx=354 txdrop=11851
1775026884.805502,1775026884805501900,4195590681100,HB,509965,29742.0,1,-13.647,12.45,17.0,15.0,2.0,14.0,12.0,3.0,1.0,17.0,15.0,0,0,,HB tick=509965 exp_id=185 t_ms=29742 run=1 spd=1 ts=20.000 as=16.000 ta=0.000 aa=-19.075 se=4.000 so=2.350 ae=19.075 ao=2.115 pwm=13 pc=2 hd=1 y=-13.647 yr=12.450 L=3 R=1 OL=14 OR=12 el=17 er=15 ed=2 dl=17 dr=15 cl=0 cr=0 ok=2063 fail=0 vofa=firewater rx=354 txdrop=11851
1775026884.9629061,1775026884962906200,4195748085400,HB,510121,29898.0,1,-13.001,9.54,16.0,14.0,2.0,13.0,13.0,2.0,2.0,16.0,14.0,0,0,,HB tick=510121 exp_id=185 t_ms=29898 run=1 spd=1 ts=20.000 as=15.000 ta=0.000 aa=-13.647 se=5.000 so=2.459 ae=13.647 ao=-0.794 pwm=13 pc=2 hd=0 y=-13.001 yr=9.540 L=2 R=2 OL=13 OR=13 el=16 er=14 ed=2 dl=16 dr=14 cl=0 cr=0 ok=2064 fail=0 vofa=firewater rx=354 txdrop=11851
1775026885.152837,1775026885152837000,4195938014900,HB,510310,30087.0,1,-12.719,6.723,17.0,15.0,2.0,14.0,14.0,3.0,3.0,17.0,15.0,0,0,,HB tick=510310 exp_id=185 t_ms=30087 run=1 spd=1 ts=20.000 as=16.000 ta=0.000 aa=-13.001 se=4.000 so=2.370 ae=13.001 ao=-0.012 pwm=14 pc=3 hd=0 y=-12.719 yr=6.723 L=3 R=3 OL=14 OR=14 el=17 er=15 ed=2 dl=17 dr=15 cl=0 cr=0 ok=2065 fail=0 vofa=firewater rx=354 txdrop=11851
1775026885.382043,1775026885382042800,4196167219900,HB,510543,30320.0,1,-9.731,8.878,17.0,15.0,2.0,14.0,12.0,3.0,1.0,17.0,15.0,0,0,,HB tick=510543 exp_id=185 t_ms=30320 run=1 spd=1 ts=20.000 as=16.000 ta=0.000 aa=-12.719 se=4.000 so=2.381 ae=12.719 ao=0.829 pwm=13 pc=2 hd=1 y=-9.731 yr=8.878 L=3 R=1 OL=14 OR=12 el=17 er=15 ed=2 dl=17 dr=15 cl=0 cr=0 ok=2066 fail=0 vofa=firewater rx=354 txdrop=11851
1775026885.6106179,1775026885610617800,4196395795200,HB,510764,30541.0,1,-6.307,11.169,16.0,15.0,1.0,13.0,13.0,2.0,2.0,16.0,15.0,0,0,,HB tick=510764 exp_id=185 t_ms=30541 run=1 spd=1 ts=20.000 as=15.500 ta=0.000 aa=-9.731 se=4.500 so=2.444 ae=9.731 ao=-0.573 pwm=13 pc=2 hd=0 y=-6.307 yr=11.169 L=2 R=2 OL=13 OR=13 el=16 er=15 ed=1 dl=16 dr=15 cl=0 cr=0 ok=2067 fail=0 vofa=firewater rx=354 txdrop=11851
1775026885.7670555,1775026885767055500,4196552232700,HB,510920,30697.0,1,-6.117,7.686,16.0,15.0,1.0,13.0,15.0,2.0,4.0,16.0,15.0,0,0,,HB tick=510920 exp_id=185 t_ms=30697 run=1 spd=1 ts=20.000 as=15.500 ta=0.000 aa=-6.307 se=4.500 so=2.453 ae=6.307 ao=-2.125 pwm=14 pc=3 hd=-1 y=-6.117 yr=7.686 L=2 R=4 OL=13 OR=15 el=16 er=15 ed=1 dl=16 dr=15 cl=0 cr=0 ok=2068 fail=0 vofa=firewater rx=354 txdrop=11851
1775026886.018035,1775026886018035000,4196803212200,HB,511174,30951.0,1,-4.279,7.529,15.0,16.0,-1.0,12.0,14.0,1.0,3.0,15.0,16.0,0,0,,HB tick=511174 exp_id=185 t_ms=30951 run=1 spd=1 ts=20.000 as=15.500 ta=0.000 aa=-6.117 se=4.500 so=2.467 ae=6.117 ao=-1.052 pwm=13 pc=2 hd=-1 y=-4.279 yr=7.529 L=1 R=3 OL=12 OR=14 el=15 er=16 ed=-1 dl=15 dr=16 cl=0 cr=0 ok=2069 fail=0 vofa=firewater rx=354 txdrop=11851
1775026886.184172,1775026886184172000,4196969349300,HB,511330,31107.0,1,-4.214,5.038,15.0,15.0,0.0,12.0,14.0,1.0,3.0,15.0,15.0,0,0,,HB tick=511330 exp_id=185 t_ms=31107 run=1 spd=1 ts=20.000 as=15.000 ta=0.000 aa=-4.279 se=5.000 so=2.525 ae=4.279 ao=-1.442 pwm=13 pc=2 hd=-1 y=-4.214 yr=5.038 L=1 R=3 OL=12 OR=14 el=15 er=15 ed=0 dl=15 dr=15 cl=0 cr=0 ok=2070 fail=0 vofa=firewater rx=354 txdrop=11851
1775026886.4050434,1775026886405043500,4197190221000,HB,511563,31340.0,1,-4.235,3.245,15.0,15.0,0.0,12.0,14.0,1.0,3.0,15.0,15.0,0,0,,HB tick=511563 exp_id=185 t_ms=31340 run=1 spd=1 ts=20.000 as=15.000 ta=0.000 aa=-4.214 se=5.000 so=2.538 ae=4.214 ao=-0.658 pwm=13 pc=2 hd=-1 y=-4.235 yr=3.245 L=1 R=3 OL=12 OR=14 el=15 er=15 ed=0 dl=15 dr=15 cl=0 cr=0 ok=2071 fail=0 vofa=firewater rx=354 txdrop=11851
1775026886.5657094,1775026886565709300,4197350887500,HB,511724,31501.0,1,-5.079,0.272,16.0,16.0,0.0,13.0,13.0,2.0,2.0,16.0,16.0,0,0,,HB tick=511724 exp_id=185 t_ms=31501 run=1 spd=1 ts=20.000 as=16.000 ta=0.000 aa=-4.235 se=4.000 so=2.447 ae=4.235 ao=-0.077 pwm=13 pc=2 hd=0 y=-5.079 yr=0.272 L=2 R=2 OL=13 OR=13 el=16 er=16 ed=0 dl=16 dr=16 cl=0 cr=0 ok=2072 fail=0 vofa=firewater rx=354 txdrop=11851
1775026886.795274,1775026886795273900,4197580451900,HB,511956,31733.0,1,-5.13,0.1,17.0,16.0,1.0,14.0,12.0,3.0,1.0,17.0,16.0,0,0,,HB tick=511956 exp_id=185 t_ms=31733 run=1 spd=1 ts=20.000 as=16.500 ta=0.000 aa=-5.079 se=3.500 so=2.408 ae=5.079 ao=1.079 pwm=13 pc=2 hd=1 y=-5.130 yr=0.100 L=3 R=1 OL=14 OR=12 el=17 er=16 ed=1 dl=17 dr=16 cl=0 cr=0 ok=2073 fail=0 vofa=firewater rx=354 txdrop=11851
1775026886.9637108,1775026886963710600,4197748888100,HB,512117,31894.0,1,-4.42,1.609,16.0,14.0,2.0,15.0,13.0,4.0,2.0,16.0,14.0,0,0,,HB tick=512117 exp_id=185 t_ms=31894 run=1 spd=1 ts=20.000 as=15.000 ta=0.000 aa=-5.130 se=5.000 so=2.567 ae=5.130 ao=1.149 pwm=14 pc=3 hd=1 y=-4.420 yr=1.609 L=4 R=2 OL=15 OR=13 el=16 er=14 ed=2 dl=16 dr=14 cl=0 cr=0 ok=2074 fail=0 vofa=firewater rx=354 txdrop=11851
1775026887.1942003,1775026887194200400,4197979378600,HB,512350,32127.0,1,-3.369,2.625,16.0,15.0,1.0,13.0,13.0,2.0,2.0,16.0,15.0,0,0,,HB tick=512350 exp_id=185 t_ms=32127 run=1 spd=1 ts=20.000 as=15.500 ta=0.000 aa=-4.420 se=4.500 so=2.529 ae=4.420 ao=0.498 pwm=13 pc=2 hd=0 y=-3.369 yr=2.625 L=2 R=2 OL=13 OR=13 el=16 er=15 ed=1 dl=16 dr=15 cl=0 cr=0 ok=2075 fail=0 vofa=firewater rx=354 txdrop=11851
1775026887.3522475,1775026887352247600,4198137425600,HB,512511,32288.0,1,-2.069,4.531,17.0,15.0,2.0,13.0,13.0,2.0,2.0,17.0,15.0,0,0,,HB tick=512511 exp_id=185 t_ms=32288 run=1 spd=1 ts=20.000 as=16.000 ta=0.000 aa=-3.369 se=4.000 so=2.487 ae=3.369 ao=-0.078 pwm=13 pc=2 hd=0 y=-2.069 yr=4.531 L=2 R=2 OL=13 OR=13 el=17 er=15 ed=2 dl=17 dr=15 cl=0 cr=0 ok=2076 fail=0 vofa=firewater rx=354 txdrop=11851
1775026887.5836365,1775026887583636500,4198368815900,HB,512744,32521.0,1,-0.001,6.053,16.0,16.0,0.0,12.0,14.0,1.0,3.0,16.0,16.0,0,0,,HB tick=512744 exp_id=185 t_ms=32521 run=1 spd=1 ts=20.000 as=16.000 ta=0.000 aa=-2.069 se=4.000 so=2.498 ae=2.069 ao=-0.999 pwm=13 pc=2 hd=-1 y=-0.001 yr=6.053 L=1 R=3 OL=12 OR=14 el=16 er=16 ed=0 dl=16 dr=16 cl=0 cr=0 ok=2077 fail=0 vofa=firewater rx=354 txdrop=11851
1775026887.7999265,1775026887799926600,4198585107300,HB,512904,32681.0,1,0.54,5.117,16.0,16.0,0.0,13.0,15.0,2.0,4.0,16.0,16.0,0,0,,HB tick=512904 exp_id=185 t_ms=32681 run=1 spd=1 ts=20.000 as=16.000 ta=0.000 aa=-0.001 se=4.000 so=2.506 ae=0.001 ao=-1.982 pwm=14 pc=3 hd=-1 y=0.540 yr=5.117 L=2 R=4 OL=13 OR=15 el=16 er=16 ed=0 dl=16 dr=16 cl=0 cr=0 ok=2078 fail=0 vofa=firewater rx=354 txdrop=11851
1775026887.9777339,1775026887977733900,4198762911800,HB,513137,32914.0,1,0.626,3.455,21.0,9.0,12.0,13.0,15.0,2.0,4.0,21.0,9.0,0,0,,HB tick=513137 exp_id=185 t_ms=32914 run=1 spd=1 ts=20.000 as=15.000 ta=0.000 aa=0.540 se=5.000 so=2.618 ae=-0.540 ao=-1.813 pwm=14 pc=3 hd=-1 y=0.626 yr=3.455 L=2 R=4 OL=13 OR=15 el=21 er=9 ed=12 dl=21 dr=9 cl=0 cr=0 ok=2079 fail=0 vofa=firewater rx=354 txdrop=11851
1775026888.143491,1775026888143491000,4198928668200,HB,513298,33075.0,1,5.862,13.629,18.0,13.0,5.0,13.0,15.0,2.0,4.0,18.0,13.0,0,0,,HB tick=513298 exp_id=185 t_ms=33075 run=1 spd=1 ts=20.000 as=15.500 ta=0.000 aa=0.626 se=4.500 so=2.577 ae=-0.626 ao=-1.302 pwm=14 pc=3 hd=-1 y=5.862 yr=13.629 L=2 R=4 OL=13 OR=15 el=18 er=13 ed=5 dl=18 dr=13 cl=0 cr=0 ok=2080 fail=0 vofa=firewater rx=354 txdrop=11851
1775026888.3953843,1775026888395384300,4199180561900,HB,513552,33329.0,1,23.225,32.784,17.0,15.0,2.0,12.0,14.0,1.0,3.0,17.0,15.0,0,0,yaw_jump,HB tick=513552 exp_id=185 t_ms=33329 run=1 spd=1 ts=20.000 as=16.000 ta=0.000 aa=5.862 se=4.000 so=2.539 ae=-5.862 ao=-5.818 pwm=13 pc=2 hd=-1 y=23.225 yr=32.784 L=1 R=3 OL=12 OR=14 el=17 er=15 ed=2 dl=17 dr=15 cl=0 cr=0 ok=2081 fail=0 vofa=firewater rx=354 txdrop=11851
1775026888.5526242,1775026888552624200,4199337801900,HB,513708,33485.0,1,24.398,23.943,17.0,15.0,2.0,13.0,15.0,2.0,4.0,17.0,15.0,0,0,,HB tick=513708 exp_id=185 t_ms=33485 run=1 spd=1 ts=20.000 as=16.000 ta=0.000 aa=23.225 se=4.000 so=2.546 ae=-23.225 ao=-7.000 pwm=14 pc=3 hd=-1 y=24.398 yr=23.943 L=2 R=4 OL=13 OR=15 el=17 er=15 ed=2 dl=17 dr=15 cl=0 cr=0 ok=2082 fail=0 vofa=firewater rx=354 txdrop=11851
1775026888.8026268,1775026888802626900,4199587804200,HB,513958,33735.0,1,28.254,20.961,16.0,16.0,0.0,13.0,15.0,2.0,4.0,16.0,16.0,0,0,,HB tick=513958 exp_id=185 t_ms=33735 run=1 spd=1 ts=20.000 as=16.000 ta=0.000 aa=24.398 se=4.000 so=2.558 ae=-24.398 ao=-7.000 pwm=14 pc=3 hd=-1 y=28.254 yr=20.961 L=2 R=4 OL=13 OR=15 el=16 er=16 ed=0 dl=16 dr=16 cl=0 cr=0 ok=2083 fail=0 vofa=firewater rx=354 txdrop=11851
1775026888.959204,1775026888959203800,4199744386300,HB,514115,33892.0,1,28.238,13.588,17.0,17.0,0.0,12.0,14.0,1.0,3.0,17.0,17.0,0,0,,HB tick=514115 exp_id=185 t_ms=33892 run=1 spd=1 ts=20.000 as=17.000 ta=0.000 aa=28.254 se=3.000 so=2.464 ae=-28.254 ao=-7.000 pwm=13 pc=2 hd=-1 y=28.238 yr=13.588 L=1 R=3 OL=12 OR=14 el=17 er=17 ed=0 dl=17 dr=17 cl=0 cr=0 ok=2084 fail=0 vofa=firewater rx=354 txdrop=11851
1775026889.1885717,1775026889188571600,4199973749700,HB,514348,34124.0,1,27.64,7.931,17.0,17.0,0.0,12.0,14.0,1.0,3.0,17.0,17.0,0,0,,HB tick=514348 exp_id=185 t_ms=34124 run=1 spd=1 ts=20.000 as=17.000 ta=0.000 aa=28.238 se=3.000 so=2.473 ae=-28.238 ao=-7.000 pwm=13 pc=2 hd=-1 y=27.640 yr=7.931 L=1 R=3 OL=12 OR=14 el=17 er=17 ed=0 dl=17 dr=17 cl=0 cr=0 ok=2085 fail=0 vofa=firewater rx=354 txdrop=11851
1775026889.3566759,1775026889356675900,4200141855200,HB,514509,34286.0,1,27.459,4.763,15.0,16.0,-1.0,13.0,15.0,2.0,4.0,15.0,16.0,0,0,,HB tick=514509 exp_id=185 t_ms=34286 run=1 spd=1 ts=20.000 as=15.500 ta=0.000 aa=27.640 se=4.500 so=2.630 ae=-27.640 ao=-7.000 pwm=14 pc=3 hd=-1 y=27.459 yr=4.763 L=2 R=4 OL=13 OR=15 el=15 er=16 ed=-1 dl=15 dr=16 cl=0 cr=0 ok=2086 fail=0 vofa=firewater rx=354 txdrop=11851
1775026889.5463855,1775026889546385400,4200331565000,HB,514698,34475.0,1,27.329,2.856,16.0,18.0,-2.0,12.0,14.0,1.0,3.0,16.0,18.0,0,0,,HB tick=514698 exp_id=185 t_ms=34475 run=1 spd=1 ts=20.000 as=17.000 ta=0.000 aa=27.459 se=3.000 so=2.488 ae=-27.459 ao=-7.000 pwm=13 pc=2 hd=-1 y=27.329 yr=2.856 L=1 R=3 OL=12 OR=14 el=16 er=18 ed=-2 dl=16 dr=18 cl=0 cr=0 ok=2087 fail=0 vofa=firewater rx=354 txdrop=11851
1775026889.796317,1775026889796317100,4200581494800,HB,514952,34729.0,1,24.368,-2.224,16.0,18.0,-2.0,13.0,15.0,2.0,4.0,16.0,18.0,0,0,,HB tick=514952 exp_id=185 t_ms=34729 run=1 spd=1 ts=20.000 as=17.000 ta=0.000 aa=27.329 se=3.000 so=2.498 ae=-27.329 ao=-7.000 pwm=14 pc=3 hd=-1 y=24.368 yr=-2.224 L=2 R=4 OL=13 OR=15 el=16 er=18 ed=-2 dl=16 dr=18 cl=0 cr=0 ok=2088 fail=0 vofa=firewater rx=354 txdrop=11851
1775026889.9526656,1775026889952665500,4200737842800,HB,515108,34885.0,1,23.993,-2.287,16.0,17.0,-1.0,13.0,15.0,2.0,4.0,16.0,17.0,0,0,,HB tick=515108 exp_id=185 t_ms=34885 run=1 spd=1 ts=20.000 as=16.500 ta=0.000 aa=24.368 se=3.500 so=2.554 ae=-24.368 ao=-5.285 pwm=14 pc=3 hd=-1 y=23.993 yr=-2.287 L=2 R=4 OL=13 OR=15 el=16 er=17 ed=-1 dl=16 dr=17 cl=0 cr=0 ok=2089 fail=0 vofa=firewater rx=354 txdrop=11851
1775026890.183438,1775026890183438200,4200968615500,HB,515341,35118.0,1,22.591,-3.592,17.0,17.0,0.0,13.0,15.0,2.0,4.0,17.0,17.0,0,0,,HB tick=515341 exp_id=185 t_ms=35118 run=1 spd=1 ts=20.000 as=17.000 ta=0.000 aa=23.993 se=3.000 so=2.513 ae=-23.993 ao=-5.188 pwm=14 pc=3 hd=-1 y=22.591 yr=-3.592 L=2 R=4 OL=13 OR=15 el=17 er=17 ed=0 dl=17 dr=17 cl=0 cr=0 ok=2090 fail=0 vofa=firewater rx=354 txdrop=11851
1775026890.4923136,1775026890492313500,4201277490800,HB,515502,35279.0,1,20.692,-6.465,16.0,17.0,-1.0,13.0,15.0,2.0,4.0,16.0,17.0,0,0,,HB tick=515502 exp_id=185 t_ms=35279 run=1 spd=1 ts=20.000 as=16.500 ta=0.000 aa=22.591 se=3.500 so=2.569 ae=-22.591 ao=-4.443 pwm=14 pc=3 hd=-1 y=20.692 yr=-6.465 L=2 R=4 OL=13 OR=15 el=16 er=17 ed=-1 dl=16 dr=17 cl=0 cr=0 ok=2091 fail=0 vofa=firewater rx=354 txdrop=11851
1775026890.575443,1775026890575443000,4201360621700,HB,515734,35511.0,1,18.385,-7.682,15.0,17.0,-2.0,13.0,15.0,2.0,4.0,15.0,17.0,0,0,,HB tick=515734 exp_id=185 t_ms=35511 run=1 spd=1 ts=20.000 as=16.000 ta=0.000 aa=20.692 se=4.000 so=2.627 ae=-20.692 ao=-3.079 pwm=14 pc=3 hd=-1 y=18.385 yr=-7.682 L=2 R=4 OL=13 OR=15 el=15 er=17 ed=-2 dl=15 dr=17 cl=0 cr=0 ok=2092 fail=0 vofa=firewater rx=354 txdrop=11851
1775026890.7430997,1775026890743099600,4201528276900,HB,515895,35672.0,1,16.176,-9.797,16.0,19.0,-3.0,12.0,14.0,1.0,3.0,16.0,19.0,0,0,,HB tick=515895 exp_id=185 t_ms=35672 run=1 spd=1 ts=20.000 as=17.500 ta=0.000 aa=18.385 se=2.500 so=2.483 ae=-18.385 ao=-2.144 pwm=13 pc=2 hd=-1 y=16.176 yr=-9.797 L=1 R=3 OL=12 OR=14 el=16 er=19 ed=-3 dl=16 dr=19 cl=0 cr=0 ok=2093 fail=0 vofa=firewater rx=354 txdrop=11851
1775026890.9727378,1775026890972737800,4201757915000,HB,516128,35905.0,1,13.801,-9.935,15.0,17.0,-2.0,13.0,15.0,2.0,4.0,15.0,17.0,0,0,,HB tick=516128 exp_id=185 t_ms=35905 run=1 spd=1 ts=20.000 as=16.000 ta=0.000 aa=16.176 se=4.000 so=2.642 ae=-16.176 ao=-0.945 pwm=14 pc=3 hd=-1 y=13.801 yr=-9.935 L=2 R=4 OL=13 OR=15 el=15 er=17 ed=-2 dl=15 dr=17 cl=0 cr=0 ok=2094 fail=0 vofa=firewater rx=354 txdrop=11851
1775026891.1708872,1775026891170887200,4201956064400,HB,516333,36110.0,1,10.961,-11.307,16.0,18.0,-2.0,14.0,14.0,3.0,3.0,16.0,18.0,0,0,,HB tick=516333 exp_id=185 t_ms=36110 run=1 spd=1 ts=20.000 as=17.000 ta=0.000 aa=13.801 se=3.000 so=2.550 ae=-13.801 ao=-0.338 pwm=14 pc=3 hd=0 y=10.961 yr=-11.307 L=3 R=3 OL=14 OR=14 el=16 er=18 ed=-2 dl=16 dr=18 cl=0 cr=0 ok=2095 fail=0 vofa=firewater rx=354 txdrop=11851
1775026891.3798592,1775026891379859200,4202165036500,HB,516542,36319.0,1,8.996,-10.64,17.0,17.0,0.0,15.0,13.0,4.0,2.0,17.0,17.0,0,0,,HB tick=516542 exp_id=185 t_ms=36319 run=1 spd=1 ts=20.000 as=17.000 ta=0.000 aa=10.961 se=3.000 so=2.557 ae=-10.961 ao=0.777 pwm=14 pc=3 hd=1 y=8.996 yr=-10.640 L=4 R=2 OL=15 OR=13 el=17 er=17 ed=0 dl=17 dr=17 cl=0 cr=0 ok=2096 fail=0 vofa=firewater rx=354 txdrop=11851
1775026891.5885437,1775026891588543800,4202373721000,HB,516747,36524.0,1,8.261,-8.171,18.0,16.0,2.0,15.0,13.0,4.0,2.0,18.0,16.0,0,0,,HB tick=516747 exp_id=185 t_ms=36524 run=1 spd=1 ts=20.000 as=17.000 ta=0.000 aa=8.996 se=3.000 so=2.564 ae=-8.996 ao=1.031 pwm=14 pc=3 hd=1 y=8.261 yr=-8.171 L=4 R=2 OL=15 OR=13 el=18 er=16 ed=2 dl=18 dr=16 cl=0 cr=0 ok=2097 fail=0 vofa=firewater rx=354 txdrop=11851
1775026891.9070213,1775026891907021200,4202692198400,HB,516952,36729.0,1,8.44,-5.005,17.0,16.0,1.0,14.0,14.0,3.0,3.0,17.0,16.0,0,0,,HB tick=516952 exp_id=185 t_ms=36729 run=1 spd=1 ts=20.000 as=16.500 ta=0.000 aa=8.261 se=3.500 so=2.622 ae=-8.261 ao=0.413 pwm=14 pc=3 hd=0 y=8.440 yr=-5.005 L=3 R=3 OL=14 OR=14 el=17 er=16 ed=1 dl=17 dr=16 cl=0 cr=0 ok=2098 fail=0 vofa=firewater rx=354 txdrop=11851
1775026892.0224812,1775026892022481100,4202807658700,HB,517178,36955.0,1,9.598,-1.46,16.0,18.0,-2.0,13.0,15.0,2.0,4.0,16.0,18.0,0,0,,HB tick=517178 exp_id=185 t_ms=36955 run=1 spd=1 ts=20.000 as=17.000 ta=0.000 aa=8.440 se=3.000 so=2.579 ae=-8.440 ao=-0.647 pwm=14 pc=3 hd=-1 y=9.598 yr=-1.460 L=2 R=4 OL=13 OR=15 el=16 er=18 ed=-2 dl=16 dr=18 cl=0 cr=0 ok=2099 fail=0 vofa=firewater rx=354 txdrop=11851
1775026892.179206,1775026892179205900,4202964383400,HB,517335,37112.0,1,9.571,-1.008,17.0,17.0,0.0,13.0,15.0,2.0,4.0,17.0,17.0,0,0,,HB tick=517335 exp_id=185 t_ms=37112 run=1 spd=1 ts=20.000 as=17.000 ta=0.000 aa=9.598 se=3.000 so=2.586 ae=-9.598 ao=-2.064 pwm=14 pc=3 hd=-1 y=9.571 yr=-1.008 L=2 R=4 OL=13 OR=15 el=17 er=17 ed=0 dl=17 dr=17 cl=0 cr=0 ok=2100 fail=0 vofa=firewater rx=354 txdrop=11851
1775026892.4291115,1775026892429111600,4203214289400,HB,517584,37361.0,1,7.672,-3.325,16.0,19.0,-3.0,13.0,15.0,2.0,4.0,16.0,19.0,0,0,,HB tick=517584 exp_id=185 t_ms=37361 run=1 spd=1 ts=20.000 as=17.500 ta=0.000 aa=9.571 se=2.500 so=2.548 ae=-9.571 ao=-2.208 pwm=14 pc=3 hd=-1 y=7.672 yr=-3.325 L=2 R=4 OL=13 OR=15 el=16 er=19 ed=-3 dl=16 dr=19 cl=0 cr=0 ok=2101 fail=0 vofa=firewater rx=354 txdrop=11851
1775026892.5847564,1775026892584756500,4203369933600,HB,517740,37517.0,1,6.256,-5.34,17.0,20.0,-3.0,12.0,14.0,1.0,3.0,17.0,20.0,0,0,,HB tick=517740 exp_id=185 t_ms=37517 run=1 spd=1 ts=20.000 as=18.500 ta=0.000 aa=7.672 se=1.500 so=2.451 ae=-7.672 ao=-1.013 pwm=13 pc=2 hd=-1 y=6.256 yr=-5.340 L=1 R=3 OL=12 OR=14 el=17 er=20 ed=-3 dl=17 dr=20 cl=0 cr=0 ok=2102 fail=0 vofa=firewater rx=354 txdrop=11851
1775026892.8366063,1775026892836606300,4203621784300,HB,517989,37766.0,1,-3.684,-17.442,18.0,19.0,-1.0,13.0,13.0,2.0,2.0,18.0,19.0,0,0,yaw_jump,HB tick=517989 exp_id=185 t_ms=37766 run=1 spd=1 ts=20.000 as=18.500 ta=0.000 aa=6.256 se=1.500 so=2.456 ae=-6.256 ao=-0.032 pwm=13 pc=2 hd=0 y=-3.684 yr=-17.442 L=2 R=2 OL=13 OR=13 el=18 er=19 ed=-1 dl=18 dr=19 cl=0 cr=0 ok=2103 fail=0 vofa=firewater rx=354 txdrop=11851
1775026892.9828463,1775026892982846200,4203768024300,HB,518145,37922.0,1,-4.974,-14.231,20.0,17.0,3.0,14.0,12.0,3.0,1.0,20.0,17.0,0,0,,HB tick=518145 exp_id=185 t_ms=37922 run=1 spd=1 ts=20.000 as=18.500 ta=0.000 aa=-3.684 se=1.500 so=2.459 ae=3.684 ao=6.227 pwm=13 pc=2 hd=1 y=-4.974 yr=-14.231 L=3 R=1 OL=14 OR=12 el=20 er=17 ed=3 dl=20 dr=17 cl=0 cr=0 ok=2104 fail=0 vofa=firewater rx=354 txdrop=11851
1775026893.2374346,1775026893237434700,4204022612300,HB,518395,38172.0,1,-13.132,-20.672,19.0,17.0,2.0,15.0,13.0,4.0,2.0,19.0,17.0,0,0,yaw_jump,HB tick=518395 exp_id=185 t_ms=38172 run=1 spd=1 ts=20.000 as=18.000 ta=0.000 aa=-4.974 se=2.000 so=2.514 ae=4.974 ao=5.512 pwm=14 pc=3 hd=1 y=-13.132 yr=-20.672 L=4 R=2 OL=15 OR=13 el=19 er=17 ed=2 dl=19 dr=17 cl=0 cr=0 ok=2105 fail=0 vofa=firewater rx=354 txdrop=11851
1775026893.394127,1775026893394126900,4204179304900,HB,518552,38329.0,1,-12.818,-12.735,20.0,18.0,2.0,14.0,12.0,3.0,1.0,20.0,18.0,0,0,,HB tick=518552 exp_id=185 t_ms=38329 run=1 spd=1 ts=20.000 as=19.000 ta=0.000 aa=-13.132 se=1.000 so=2.417 ae=13.132 ao=7.000 pwm=13 pc=2 hd=1 y=-12.818 yr=-12.735 L=3 R=1 OL=14 OR=12 el=20 er=18 ed=2 dl=20 dr=18 cl=0 cr=0 ok=2106 fail=0 vofa=firewater rx=354 txdrop=11851
1775026893.6440673,1775026893644067200,4204429245100,HB,518801,38578.0,1,-4.618,3.248,19.0,17.0,2.0,15.0,13.0,4.0,2.0,19.0,17.0,0,0,yaw_jump,HB tick=518801 exp_id=185 t_ms=38578 run=1 spd=1 ts=20.000 as=18.000 ta=0.000 aa=-12.818 se=2.000 so=2.522 ae=12.818 ao=6.929 pwm=14 pc=3 hd=1 y=-4.618 yr=3.248 L=4 R=2 OL=15 OR=13 el=19 er=17 ed=2 dl=19 dr=17 cl=0 cr=0 ok=2107 fail=0 vofa=firewater rx=354 txdrop=11851
1775026893.8000557,1775026893800055900,4204585233100,HB,518957,38734.0,1,-3.972,3.559,18.0,19.0,-1.0,13.0,13.0,2.0,2.0,18.0,19.0,0,0,,HB tick=518957 exp_id=185 t_ms=38734 run=1 spd=1 ts=20.000 as=18.500 ta=0.000 aa=-4.617 se=1.500 so=2.475 ae=4.617 ao=-0.152 pwm=13 pc=2 hd=0 y=-3.972 yr=3.559 L=2 R=2 OL=13 OR=13 el=18 er=19 ed=-1 dl=18 dr=19 cl=0 cr=0 ok=2108 fail=0 vofa=firewater rx=354 txdrop=11851
1775026894.474427,1775026894474427000,4205259605000,HB,519596,39373.0,0,-3.644,2.493,0.0,0.0,0.0,0.0,0.0,0.0,0.0,0.0,0.0,0,0,,HB tick=519596 exp_id=185 t_ms=39373 run=0 spd=1 ts=0.000 as=0.000 ta=0.000 aa=0.000 se=0.000 so=0.000 ae=0.000 ao=0.000 pwm=0 pc=0 hd=0 y=-3.644 yr=2.493 L=0 R=0 OL=0 OR=0 el=0 er=0 ed=0 dl=0 dr=0 cl=0 cr=0 ok=2109 fail=0 vofa=firewater rx=354 txdrop=11851
1775026894.6731634,1775026894673163400,4205458340500,HB,519827,39604.0,0,7.164,17.996,0.0,0.0,0.0,0.0,0.0,0.0,0.0,0.0,0.0,0,0,yaw_jump,HB tick=519827 exp_id=185 t_ms=39604 run=0 spd=1 ts=0.000 as=0.000 ta=0.000 aa=0.000 se=0.000 so=0.000 ae=0.000 ao=0.000 pwm=0 pc=0 hd=0 y=7.164 yr=17.996 L=0 R=0 OL=0 OR=0 el=0 er=0 ed=0 dl=0 dr=0 cl=0 cr=0 ok=2110 fail=0 vofa=firewater rx=354 txdrop=11851
1775026894.8290198,1775026894829019800,4205614197400,HB,519986,39763.0,0,13.203,24.991,0.0,0.0,0.0,0.0,0.0,0.0,0.0,0.0,0.0,0,0,,HB tick=519986 exp_id=185 t_ms=39763 run=0 spd=1 ts=0.000 as=0.000 ta=0.000 aa=0.000 se=0.000 so=0.000 ae=0.000 ao=0.000 pwm=0 pc=0 hd=0 y=13.203 yr=24.991 L=0 R=0 OL=0 OR=0 el=0 er=0 ed=0 dl=0 dr=0 cl=0 cr=0 ok=2111 fail=0 vofa=firewater rx=354 txdrop=11851
1775026895.0690982,1775026895069098200,4205854275900,HB,520233,40010.0,0,35.584,47.958,0.0,0.0,0.0,0.0,0.0,0.0,0.0,0.0,0.0,0,0,yaw_jump,HB tick=520233 exp_id=185 t_ms=40010 run=0 spd=1 ts=0.000 as=0.000 ta=0.000 aa=0.000 se=0.000 so=0.000 ae=0.000 ao=0.000 pwm=0 pc=0 hd=0 y=35.584 yr=47.958 L=0 R=0 OL=0 OR=0 el=0 er=0 ed=0 dl=0 dr=0 cl=0 cr=0 ok=2112 fail=0 vofa=firewater rx=354 txdrop=11851
1775026895.277157,1775026895277157100,4206062335100,HB,520432,40208.0,0,39.104,37.394,0.0,0.0,0.0,0.0,0.0,0.0,0.0,0.0,0.0,0,0,,HB tick=520432 exp_id=185 t_ms=40208 run=0 spd=1 ts=0.000 as=0.000 ta=0.000 aa=0.000 se=0.000 so=0.000 ae=0.000 ao=0.000 pwm=0 pc=0 hd=0 y=39.104 yr=37.394 L=0 R=0 OL=0 OR=0 el=0 er=0 ed=0 dl=0 dr=0 cl=0 cr=0 ok=2113 fail=0 vofa=firewater rx=354 txdrop=11851
1775026895.4760106,1775026895476010500,4206261187700,HB,520634,40411.0,0,47.436,38.673,0.0,0.0,0.0,0.0,0.0,0.0,0.0,0.0,0.0,0,0,yaw_jump,HB tick=520634 exp_id=185 t_ms=40411 run=0 spd=1 ts=0.000 as=0.000 ta=0.000 aa=0.000 se=0.000 so=0.000 ae=0.000 ao=0.000 pwm=0 pc=0 hd=0 y=47.436 yr=38.673 L=0 R=0 OL=0 OR=0 el=0 er=0 ed=0 dl=0 dr=0 cl=0 cr=0 ok=2114 fail=0 vofa=firewater rx=354 txdrop=11851
1775026895.6834037,1775026895683403800,4206468581600,HB,520838,40615.0,0,45.707,22.17,0.0,0.0,0.0,0.0,0.0,0.0,0.0,0.0,0.0,0,0,,HB tick=520838 exp_id=185 t_ms=40615 run=0 spd=1 ts=0.000 as=0.000 ta=0.000 aa=0.000 se=0.000 so=0.000 ae=0.000 ao=0.000 pwm=0 pc=0 hd=0 y=45.707 yr=22.170 L=0 R=0 OL=0 OR=0 el=0 er=0 ed=0 dl=0 dr=0 cl=0 cr=0 ok=2115 fail=0 vofa=firewater rx=354 txdrop=11851
1775026895.882102,1775026895882102000,4206667279300,HB,521042,40819.0,0,41.279,6.814,0.0,0.0,0.0,0.0,0.0,0.0,0.0,0.0,0.0,0,0,,HB tick=521042 exp_id=185 t_ms=40819 run=0 spd=1 ts=0.000 as=0.000 ta=0.000 aa=0.000 se=0.000 so=0.000 ae=0.000 ao=0.000 pwm=0 pc=0 hd=0 y=41.279 yr=6.814 L=0 R=0 OL=0 OR=0 el=0 er=0 ed=0 dl=0 dr=0 cl=0 cr=0 ok=2116 fail=0 vofa=firewater rx=354 txdrop=11851
1775026896.0382068,1775026896038206700,4206823383800,HB,521201,40978.0,0,41.61,5.158,0.0,0.0,0.0,0.0,0.0,0.0,0.0,0.0,0.0,0,0,,HB tick=521201 exp_id=185 t_ms=40978 run=0 spd=1 ts=0.000 as=0.000 ta=0.000 aa=0.000 se=0.000 so=0.000 ae=0.000 ao=0.000 pwm=0 pc=0 hd=0 y=41.610 yr=5.158 L=0 R=0 OL=0 OR=0 el=0 er=0 ed=0 dl=0 dr=0 cl=0 cr=0 ok=2117 fail=0 vofa=firewater rx=354 txdrop=11851
1775026896.2666965,1775026896266696500,4207051873800,HB,521430,41207.0,0,46.635,11.033,0.0,0.0,0.0,0.0,0.0,0.0,0.0,0.0,0.0,0,0,,HB tick=521430 exp_id=185 t_ms=41207 run=0 spd=1 ts=0.000 as=0.000 ta=0.000 aa=0.000 se=0.000 so=0.000 ae=0.000 ao=0.000 pwm=0 pc=0 hd=0 y=46.635 yr=11.033 L=0 R=0 OL=0 OR=0 el=0 er=0 ed=0 dl=0 dr=0 cl=0 cr=0 ok=2118 fail=0 vofa=firewater rx=354 txdrop=11851
1775026896.4341643,1775026896434164300,4207219342000,HB,521594,41371.0,0,46.171,6.182,0.0,0.0,0.0,0.0,0.0,0.0,0.0,0.0,0.0,0,0,,HB tick=521594 exp_id=185 t_ms=41371 run=0 spd=1 ts=0.000 as=0.000 ta=0.000 aa=0.000 se=0.000 so=0.000 ae=0.000 ao=0.000 pwm=0 pc=0 hd=0 y=46.171 yr=6.182 L=0 R=0 OL=0 OR=0 el=0 er=0 ed=0 dl=0 dr=0 cl=0 cr=0 ok=2119 fail=0 vofa=firewater rx=354 txdrop=11851
1775026896.6634793,1775026896663479400,4207448656700,HB,521825,41602.0,0,36.888,-10.047,0.0,0.0,0.0,0.0,0.0,0.0,0.0,0.0,0.0,0,0,yaw_jump,HB tick=521825 exp_id=185 t_ms=41602 run=0 spd=1 ts=0.000 as=0.000 ta=0.000 aa=0.000 se=0.000 so=0.000 ae=0.000 ao=0.000 pwm=0 pc=0 hd=0 y=36.888 yr=-10.047 L=0 R=0 OL=0 OR=0 el=0 er=0 ed=0 dl=0 dr=0 cl=0 cr=0 ok=2120 fail=0 vofa=firewater rx=354 txdrop=11851
1775026896.8293278,1775026896829327900,4207614505200,HB,521985,41762.0,0,32.474,-16.187,0.0,0.0,0.0,0.0,0.0,0.0,0.0,0.0,0.0,0,0,,HB tick=521985 exp_id=185 t_ms=41762 run=0 spd=1 ts=0.000 as=0.000 ta=0.000 aa=0.000 se=0.000 so=0.000 ae=0.000 ao=0.000 pwm=0 pc=0 hd=0 y=32.474 yr=-16.187 L=0 R=0 OL=0 OR=0 el=0 er=0 ed=0 dl=0 dr=0 cl=0 cr=0 ok=2121 fail=0 vofa=firewater rx=354 txdrop=11851
1775026897.0582595,1775026897058259500,4207843436700,HB,522216,41993.0,0,32.648,-10.258,0.0,0.0,0.0,0.0,0.0,0.0,0.0,0.0,0.0,0,0,,HB tick=522216 exp_id=185 t_ms=41993 run=0 spd=1 ts=0.000 as=0.000 ta=0.000 aa=0.000 se=0.000 so=0.000 ae=0.000 ao=0.000 pwm=0 pc=0 hd=0 y=32.648 yr=-10.258 L=0 R=0 OL=0 OR=0 el=0 er=0 ed=0 dl=0 dr=0 cl=0 cr=0 ok=2122 fail=0 vofa=firewater rx=354 txdrop=11851
1775026897.2565103,1775026897256510200,4208041687600,HB,522419,42196.0,0,35.815,-1.206,0.0,0.0,0.0,0.0,0.0,0.0,0.0,0.0,0.0,0,0,,HB tick=522419 exp_id=185 t_ms=42196 run=0 spd=1 ts=0.000 as=0.000 ta=0.000 aa=0.000 se=0.000 so=0.000 ae=0.000 ao=0.000 pwm=0 pc=0 hd=0 y=35.815 yr=-1.206 L=0 R=0 OL=0 OR=0 el=0 er=0 ed=0 dl=0 dr=0 cl=0 cr=0 ok=2123 fail=0 vofa=firewater rx=354 txdrop=11851
1775026897.4217398,1775026897421739700,4208206918200,HB,522579,42356.0,0,31.449,-10.395,0.0,0.0,0.0,0.0,0.0,0.0,0.0,0.0,0.0,0,0,,HB tick=522579 exp_id=185 t_ms=42356 run=0 spd=1 ts=0.000 as=0.000 ta=0.000 aa=0.000 se=0.000 so=0.000 ae=0.000 ao=0.000 pwm=0 pc=0 hd=0 y=31.449 yr=-10.395 L=0 R=0 OL=0 OR=0 el=0 er=0 ed=0 dl=0 dr=0 cl=0 cr=0 ok=2124 fail=0 vofa=firewater rx=354 txdrop=11851
1775026897.650174,1775026897650173900,4208435351200,HB,522809,42586.0,0,22.631,-20.117,0.0,0.0,0.0,0.0,0.0,0.0,0.0,0.0,0.0,0,0,yaw_jump,HB tick=522809 exp_id=185 t_ms=42586 run=0 spd=1 ts=0.000 as=0.000 ta=0.000 aa=0.000 se=0.000 so=0.000 ae=0.000 ao=0.000 pwm=0 pc=0 hd=0 y=22.631 yr=-20.117 L=0 R=0 OL=0 OR=0 el=0 er=0 ed=0 dl=0 dr=0 cl=0 cr=0 ok=2125 fail=0 vofa=firewater rx=354 txdrop=11851
1775026897.8572817,1775026897857281800,4208642459000,HB,523016,42793.0,0,20.213,-17.165,0.0,0.0,0.0,0.0,0.0,0.0,0.0,0.0,0.0,0,0,,HB tick=523016 exp_id=185 t_ms=42793 run=0 spd=1 ts=0.000 as=0.000 ta=0.000 aa=0.000 se=0.000 so=0.000 ae=0.000 ao=0.000 pwm=0 pc=0 hd=0 y=20.213 yr=-17.165 L=0 R=0 OL=0 OR=0 el=0 er=0 ed=0 dl=0 dr=0 cl=0 cr=0 ok=2126 fail=0 vofa=firewater rx=354 txdrop=11851
1775026898.065576,1775026898065576100,4208850753800,HB,523220,42997.0,0,17.467,-15.869,0.0,0.0,0.0,0.0,0.0,0.0,0.0,0.0,0.0,0,0,,HB tick=523220 exp_id=185 t_ms=42997 run=0 spd=1 ts=0.000 as=0.000 ta=0.000 aa=0.000 se=0.000 so=0.000 ae=0.000 ao=0.000 pwm=0 pc=0 hd=0 y=17.467 yr=-15.869 L=0 R=0 OL=0 OR=0 el=0 er=0 ed=0 dl=0 dr=0 cl=0 cr=0 ok=2127 fail=0 vofa=firewater rx=354 txdrop=11851
1775026898.2211654,1775026898221165400,4209006343200,HB,523379,43156.0,0,11.272,-23.951,0.0,0.0,0.0,0.0,0.0,0.0,0.0,0.0,0.0,0,0,,HB tick=523379 exp_id=185 t_ms=43156 run=0 spd=1 ts=0.000 as=0.000 ta=0.000 aa=0.000 se=0.000 so=0.000 ae=0.000 ao=0.000 pwm=0 pc=0 hd=0 y=11.272 yr=-23.951 L=0 R=0 OL=0 OR=0 el=0 er=0 ed=0 dl=0 dr=0 cl=0 cr=0 ok=2128 fail=0 vofa=firewater rx=354 txdrop=11851
1775026898.4504986,1775026898450498600,4209235675800,HB,523610,43387.0,0,8.602,-19.614,0.0,0.0,0.0,0.0,0.0,0.0,0.0,0.0,0.0,0,0,,HB tick=523610 exp_id=185 t_ms=43387 run=0 spd=1 ts=0.000 as=0.000 ta=0.000 aa=0.000 se=0.000 so=0.000 ae=0.000 ao=0.000 pwm=0 pc=0 hd=0 y=8.602 yr=-19.614 L=0 R=0 OL=0 OR=0 el=0 er=0 ed=0 dl=0 dr=0 cl=0 cr=0 ok=2129 fail=0 vofa=firewater rx=354 txdrop=11851
1775026898.6586297,1775026898658629700,4209443806700,HB,523813,43590.0,0,5.476,-18.139,0.0,0.0,0.0,0.0,0.0,0.0,0.0,0.0,0.0,0,0,,HB tick=523813 exp_id=185 t_ms=43590 run=0 spd=1 ts=0.000 as=0.000 ta=0.000 aa=0.000 se=0.000 so=0.000 ae=0.000 ao=0.000 pwm=0 pc=0 hd=0 y=5.476 yr=-18.139 L=0 R=0 OL=0 OR=0 el=0 er=0 ed=0 dl=0 dr=0 cl=0 cr=0 ok=2130 fail=0 vofa=firewater rx=354 txdrop=11851
1775026898.8159919,1775026898815991700,4209601169000,HB,523973,43750.0,0,5.858,-10.954,0.0,0.0,0.0,0.0,0.0,0.0,0.0,0.0,0.0,0,0,,HB tick=523973 exp_id=185 t_ms=43750 run=0 spd=1 ts=0.000 as=0.000 ta=0.000 aa=0.000 se=0.000 so=0.000 ae=0.000 ao=0.000 pwm=0 pc=0 hd=0 y=5.858 yr=-10.954 L=0 R=0 OL=0 OR=0 el=0 er=0 ed=0 dl=0 dr=0 cl=0 cr=0 ok=2131 fail=0 vofa=firewater rx=354 txdrop=11851
1775026899.0447168,1775026899044716900,4209829894000,HB,524204,43981.0,0,6.228,-6.56,0.0,0.0,0.0,0.0,0.0,0.0,0.0,0.0,0.0,0,0,,HB tick=524204 exp_id=185 t_ms=43981 run=0 spd=1 ts=0.000 as=0.000 ta=0.000 aa=0.000 se=0.000 so=0.000 ae=0.000 ao=0.000 pwm=0 pc=0 hd=0 y=6.228 yr=-6.560 L=0 R=0 OL=0 OR=0 el=0 er=0 ed=0 dl=0 dr=0 cl=0 cr=0 ok=2132 fail=0 vofa=firewater rx=354 txdrop=11851
1775026899.201471,1775026899201470900,4209986648200,HB,524364,44141.0,0,3.549,-10.125,2.0,1.0,1.0,0.0,0.0,0.0,0.0,2.0,1.0,0,0,,HB tick=524364 exp_id=185 t_ms=44141 run=0 spd=1 ts=0.000 as=0.000 ta=0.000 aa=0.000 se=0.000 so=0.000 ae=0.000 ao=0.000 pwm=0 pc=0 hd=0 y=3.549 yr=-10.125 L=0 R=0 OL=0 OR=0 el=2 er=1 ed=1 dl=2 dr=1 cl=0 cr=0 ok=2133 fail=0 vofa=firewater rx=354 txdrop=11851
1775026899.437521,1775026899437520900,4210222698400,HB,524594,44371.0,0,-0.136,-12.188,0.0,0.0,0.0,0.0,0.0,0.0,0.0,0.0,0.0,0,0,,HB tick=524594 exp_id=185 t_ms=44371 run=0 spd=1 ts=0.000 as=0.000 ta=0.000 aa=0.000 se=0.000 so=0.000 ae=0.000 ao=0.000 pwm=0 pc=0 hd=0 y=-0.136 yr=-12.188 L=0 R=0 OL=0 OR=0 el=0 er=0 ed=0 dl=0 dr=0 cl=0 cr=0 ok=2134 fail=0 vofa=firewater rx=354 txdrop=11851
1775026899.5942442,1775026899594244400,4210379422600,HB,524754,44531.0,0,-0.009,-7.645,0.0,0.0,0.0,0.0,0.0,0.0,0.0,0.0,0.0,0,0,,HB tick=524754 exp_id=185 t_ms=44531 run=0 spd=1 ts=0.000 as=0.000 ta=0.000 aa=0.000 se=0.000 so=0.000 ae=0.000 ao=0.000 pwm=0 pc=0 hd=0 y=-0.009 yr=-7.645 L=0 R=0 OL=0 OR=0 el=0 er=0 ed=0 dl=0 dr=0 cl=0 cr=0 ok=2135 fail=0 vofa=firewater rx=354 txdrop=11851
1775026899.8231502,1775026899823150200,4210608327600,HB,524985,44762.0,0,-0.073,-5.066,0.0,0.0,0.0,0.0,0.0,0.0,0.0,0.0,0.0,0,0,,HB tick=524985 exp_id=185 t_ms=44762 run=0 spd=1 ts=0.000 as=0.000 ta=0.000 aa=0.000 se=0.000 so=0.000 ae=0.000 ao=0.000 pwm=0 pc=0 hd=0 y=-0.073 yr=-5.066 L=0 R=0 OL=0 OR=0 el=0 er=0 ed=0 dl=0 dr=0 cl=0 cr=0 ok=2136 fail=0 vofa=firewater rx=354 txdrop=11851
1775026900.0324585,1775026900032458400,4210817636100,HB,525188,44965.0,0,-0.079,-3.303,0.0,0.0,0.0,0.0,0.0,0.0,0.0,0.0,0.0,0,0,,HB tick=525188 exp_id=185 t_ms=44965 run=0 spd=1 ts=0.000 as=0.000 ta=0.000 aa=0.000 se=0.000 so=0.000 ae=0.000 ao=0.000 pwm=0 pc=0 hd=0 y=-0.079 yr=-3.303 L=0 R=0 OL=0 OR=0 el=0 er=0 ed=0 dl=0 dr=0 cl=0 cr=0 ok=2137 fail=0 vofa=firewater rx=354 txdrop=11851
1775026900.2403064,1775026900240306500,4211025483700,HB,525395,45172.0,0,-0.081,-2.151,0.0,0.0,0.0,0.0,0.0,0.0,0.0,0.0,0.0,0,0,,HB tick=525395 exp_id=185 t_ms=45172 run=0 spd=1 ts=0.000 as=0.000 ta=0.000 aa=0.000 se=0.000 so=0.000 ae=0.000 ao=0.000 pwm=0 pc=0 hd=0 y=-0.081 yr=-2.151 L=0 R=0 OL=0 OR=0 el=0 er=0 ed=0 dl=0 dr=0 cl=0 cr=0 ok=2138 fail=0 vofa=firewater rx=354 txdrop=11851
1775026900.437239,1775026900437239100,4211222416300,HB,525599,45376.0,0,-0.078,-1.393,0.0,0.0,0.0,0.0,0.0,0.0,0.0,0.0,0.0,0,0,,HB tick=525599 exp_id=185 t_ms=45376 run=0 spd=1 ts=0.000 as=0.000 ta=0.000 aa=0.000 se=0.000 so=0.000 ae=0.000 ao=0.000 pwm=0 pc=0 hd=0 y=-0.078 yr=-1.393 L=0 R=0 OL=0 OR=0 el=0 er=0 ed=0 dl=0 dr=0 cl=0 cr=0 ok=2139 fail=0 vofa=firewater rx=354 txdrop=11851
1775026900.646038,1775026900646038100,4211431215200,HB,525802,45579.0,0,-0.076,-0.901,0.0,0.0,0.0,0.0,0.0,0.0,0.0,0.0,0.0,0,0,,HB tick=525802 exp_id=185 t_ms=45579 run=0 spd=1 ts=0.000 as=0.000 ta=0.000 aa=0.000 se=0.000 so=0.000 ae=0.000 ao=0.000 pwm=0 pc=0 hd=0 y=-0.076 yr=-0.901 L=0 R=0 OL=0 OR=0 el=0 er=0 ed=0 dl=0 dr=0 cl=0 cr=0 ok=2140 fail=0 vofa=firewater rx=354 txdrop=11851
1775026900.8426695,1775026900842669500,4211627846500,HB,526005,45782.0,0,-0.081,-0.595,0.0,0.0,0.0,0.0,0.0,0.0,0.0,0.0,0.0,0,0,,HB tick=526005 exp_id=185 t_ms=45782 run=0 spd=1 ts=0.000 as=0.000 ta=0.000 aa=0.000 se=0.000 so=0.000 ae=0.000 ao=0.000 pwm=0 pc=0 hd=0 y=-0.081 yr=-0.595 L=0 R=0 OL=0 OR=0 el=0 er=0 ed=0 dl=0 dr=0 cl=0 cr=0 ok=2141 fail=0 vofa=firewater rx=354 txdrop=11851
1775026901.0516288,1775026901051628800,4211836806200,HB,526213,45990.0,0,-0.08,-0.385,0.0,0.0,0.0,0.0,0.0,0.0,0.0,0.0,0.0,0,0,,HB tick=526213 exp_id=185 t_ms=45990 run=0 spd=1 ts=0.000 as=0.000 ta=0.000 aa=0.000 se=0.000 so=0.000 ae=0.000 ao=0.000 pwm=0 pc=0 hd=0 y=-0.080 yr=-0.385 L=0 R=0 OL=0 OR=0 el=0 er=0 ed=0 dl=0 dr=0 cl=0 cr=0 ok=2142 fail=0 vofa=firewater rx=354 txdrop=11851
1775026901.2082558,1775026901208255700,4211993434000,HB,526373,46150.0,0,-0.092,-0.278,0.0,0.0,0.0,0.0,0.0,0.0,0.0,0.0,0.0,0,0,,HB tick=526373 exp_id=185 t_ms=46150 run=0 spd=1 ts=0.000 as=0.000 ta=0.000 aa=0.000 se=0.000 so=0.000 ae=0.000 ao=0.000 pwm=0 pc=0 hd=0 y=-0.092 yr=-0.278 L=0 R=0 OL=0 OR=0 el=0 er=0 ed=0 dl=0 dr=0 cl=0 cr=0 ok=2143 fail=0 vofa=firewater rx=354 txdrop=11851
1775026901.448855,1775026901448855000,4212234032700,HB,526603,46380.0,0,-0.084,-0.168,0.0,0.0,0.0,0.0,0.0,0.0,0.0,0.0,0.0,0,0,,HB tick=526603 exp_id=185 t_ms=46380 run=0 spd=1 ts=0.000 as=0.000 ta=0.000 aa=0.000 se=0.000 so=0.000 ae=0.000 ao=0.000 pwm=0 pc=0 hd=0 y=-0.084 yr=-0.168 L=0 R=0 OL=0 OR=0 el=0 er=0 ed=0 dl=0 dr=0 cl=0 cr=0 ok=2144 fail=0 vofa=firewater rx=354 txdrop=11851
1775026901.6452446,1775026901645244700,4212430422000,HB,526807,46584.0,0,-0.091,-0.12,0.0,0.0,0.0,0.0,0.0,0.0,0.0,0.0,0.0,0,0,,HB tick=526807 exp_id=185 t_ms=46584 run=0 spd=1 ts=0.000 as=0.000 ta=0.000 aa=0.000 se=0.000 so=0.000 ae=0.000 ao=0.000 pwm=0 pc=0 hd=0 y=-0.091 yr=-0.120 L=0 R=0 OL=0 OR=0 el=0 er=0 ed=0 dl=0 dr=0 cl=0 cr=0 ok=2145 fail=0 vofa=firewater rx=354 txdrop=11851
1775026901.850873,1775026901850873200,4212636050400,HB,527014,46791.0,0,-0.09,-0.077,0.0,0.0,0.0,0.0,0.0,0.0,0.0,0.0,0.0,0,0,,HB tick=527014 exp_id=185 t_ms=46791 run=0 spd=1 ts=0.000 as=0.000 ta=0.000 aa=0.000 se=0.000 so=0.000 ae=0.000 ao=0.000 pwm=0 pc=0 hd=0 y=-0.090 yr=-0.077 L=0 R=0 OL=0 OR=0 el=0 er=0 ed=0 dl=0 dr=0 cl=0 cr=0 ok=2146 fail=0 vofa=firewater rx=354 txdrop=11851
1775026902.0577393,1775026902057739300,4212842916500,HB,527218,46995.0,0,-0.089,-0.049,0.0,0.0,0.0,0.0,0.0,0.0,0.0,0.0,0.0,0,0,,HB tick=527218 exp_id=185 t_ms=46995 run=0 spd=1 ts=0.000 as=0.000 ta=0.000 aa=0.000 se=0.000 so=0.000 ae=0.000 ao=0.000 pwm=0 pc=0 hd=0 y=-0.089 yr=-0.049 L=0 R=0 OL=0 OR=0 el=0 er=0 ed=0 dl=0 dr=0 cl=0 cr=0 ok=2147 fail=0 vofa=firewater rx=354 txdrop=11851
1775026902.2133946,1775026902213394700,4212998571900,HB,527377,47154.0,0,-0.089,-0.031,0.0,0.0,0.0,0.0,0.0,0.0,0.0,0.0,0.0,0,0,,HB tick=527377 exp_id=185 t_ms=47154 run=0 spd=1 ts=0.000 as=0.000 ta=0.000 aa=0.000 se=0.000 so=0.000 ae=0.000 ao=0.000 pwm=0 pc=0 hd=0 y=-0.089 yr=-0.031 L=0 R=0 OL=0 OR=0 el=0 er=0 ed=0 dl=0 dr=0 cl=0 cr=0 ok=2148 fail=0 vofa=firewater rx=354 txdrop=11851
1775026902.4439628,1775026902443962800,4213229141900,HB,527607,47384.0,0,-0.088,-0.02,0.0,0.0,0.0,0.0,0.0,0.0,0.0,0.0,0.0,0,0,,HB tick=527607 exp_id=185 t_ms=47384 run=0 spd=1 ts=0.000 as=0.000 ta=0.000 aa=0.000 se=0.000 so=0.000 ae=0.000 ao=0.000 pwm=0 pc=0 hd=0 y=-0.088 yr=-0.020 L=0 R=0 OL=0 OR=0 el=0 er=0 ed=0 dl=0 dr=0 cl=0 cr=0 ok=2149 fail=0 vofa=firewater rx=354 txdrop=11851
1775026903.084384,1775026903084384000,4213869563000,HB,527814,47591.0,0,-0.088,-0.012,0.0,0.0,0.0,0.0,0.0,0.0,0.0,0.0,0.0,0,0,,HB tick=527814 exp_id=185 t_ms=47591 run=0 spd=1 ts=0.000 as=0.000 ta=0.000 aa=0.000 se=0.000 so=0.000 ae=0.000 ao=0.000 pwm=0 pc=0 hd=0 y=-0.088 yr=-0.012 L=0 R=0 OL=0 OR=0 el=0 er=0 ed=0 dl=0 dr=0 cl=0 cr=0 ok=2150 fail=0 vofa=firewater rx=354 txdrop=11851
1775026903.084384,1775026903084384001,4213869563001,HB,528018,47795.0,0,-0.088,-0.008,0.0,0.0,0.0,0.0,0.0,0.0,0.0,0.0,0.0,0,0,,HB tick=528018 exp_id=185 t_ms=47795 run=0 spd=1 ts=0.000 as=0.000 ta=0.000 aa=0.000 se=0.000 so=0.000 ae=0.000 ao=0.000 pwm=0 pc=0 hd=0 y=-0.088 yr=-0.008 L=0 R=0 OL=0 OR=0 el=0 er=0 ed=0 dl=0 dr=0 cl=0 cr=0 ok=2151 fail=0 vofa=firewater rx=354 txdrop=11851
1775026903.084384,1775026903084384002,4213869563002,HB,528221,47998.0,0,-0.088,-0.005,0.0,0.0,0.0,0.0,0.0,0.0,0.0,0.0,0.0,0,0,,HB tick=528221 exp_id=185 t_ms=47998 run=0 spd=1 ts=0.000 as=0.000 ta=0.000 aa=0.000 se=0.000 so=0.000 ae=0.000 ao=0.000 pwm=0 pc=0 hd=0 y=-0.088 yr=-0.005 L=0 R=0 OL=0 OR=0 el=0 er=0 ed=0 dl=0 dr=0 cl=0 cr=0 ok=2152 fail=0 vofa=firewater rx=354 txdrop=11851
1775026903.2205832,1775026903220583100,4214005761300,HB,528381,48158.0,0,-0.088,-0.003,0.0,0.0,0.0,0.0,0.0,0.0,0.0,0.0,0.0,0,0,,HB tick=528381 exp_id=185 t_ms=48158 run=0 spd=1 ts=0.000 as=0.000 ta=0.000 aa=0.000 se=0.000 so=0.000 ae=0.000 ao=0.000 pwm=0 pc=0 hd=0 y=-0.088 yr=-0.003 L=0 R=0 OL=0 OR=0 el=0 er=0 ed=0 dl=0 dr=0 cl=0 cr=0 ok=2153 fail=0 vofa=firewater rx=354 txdrop=11851
1775026903.4500616,1775026903450061500,4214235238900,HB,528612,48389.0,0,-0.088,-0.002,0.0,0.0,0.0,0.0,0.0,0.0,0.0,0.0,0.0,0,0,,HB tick=528612 exp_id=185 t_ms=48389 run=0 spd=1 ts=0.000 as=0.000 ta=0.000 aa=0.000 se=0.000 so=0.000 ae=0.000 ao=0.000 pwm=0 pc=0 hd=0 y=-0.088 yr=-0.002 L=0 R=0 OL=0 OR=0 el=0 er=0 ed=0 dl=0 dr=0 cl=0 cr=0 ok=2154 fail=0 vofa=firewater rx=354 txdrop=11851
1775026903.6168523,1775026903616852200,4214402031300,HB,528772,48549.0,0,-0.087,-0.0,0.0,0.0,0.0,0.0,0.0,0.0,0.0,0.0,0.0,0,0,,HB tick=528772 exp_id=185 t_ms=48549 run=0 spd=1 ts=0.000 as=0.000 ta=0.000 aa=0.000 se=0.000 so=0.000 ae=0.000 ao=0.000 pwm=0 pc=0 hd=0 y=-0.087 yr=-0.000 L=0 R=0 OL=0 OR=0 el=0 er=0 ed=0 dl=0 dr=0 cl=0 cr=0 ok=2155 fail=0 vofa=firewater rx=354 txdrop=11851
1775026903.8458314,1775026903845831400,4214631008600,HB,529003,48780.0,0,-0.087,0.001,0.0,0.0,0.0,0.0,0.0,0.0,0.0,0.0,0.0,0,0,,HB tick=529003 exp_id=185 t_ms=48780 run=0 spd=1 ts=0.000 as=0.000 ta=0.000 aa=0.000 se=0.000 so=0.000 ae=0.000 ao=0.000 pwm=0 pc=0 hd=0 y=-0.087 yr=0.001 L=0 R=0 OL=0 OR=0 el=0 er=0 ed=0 dl=0 dr=0 cl=0 cr=0 ok=2156 fail=0 vofa=firewater rx=354 txdrop=11851
1775026904.0437202,1775026904043720100,4214828897800,HB,529206,48983.0,0,-0.087,-0.0,0.0,0.0,0.0,0.0,0.0,0.0,0.0,0.0,0.0,0,0,,HB tick=529206 exp_id=185 t_ms=48983 run=0 spd=1 ts=0.000 as=0.000 ta=0.000 aa=0.000 se=0.000 so=0.000 ae=0.000 ao=0.000 pwm=0 pc=0 hd=0 y=-0.087 yr=-0.000 L=0 R=0 OL=0 OR=0 el=0 er=0 ed=0 dl=0 dr=0 cl=0 cr=0 ok=2157 fail=0 vofa=firewater rx=354 txdrop=11851
1775026904.2529027,1775026904252902600,4215038080100,HB,529414,49191.0,0,-0.087,-0.001,0.0,0.0,0.0,0.0,0.0,0.0,0.0,0.0,0.0,0,0,,HB tick=529414 exp_id=185 t_ms=49191 run=0 spd=1 ts=0.000 as=0.000 ta=0.000 aa=0.000 se=0.000 so=0.000 ae=0.000 ao=0.000 pwm=0 pc=0 hd=0 y=-0.087 yr=-0.001 L=0 R=0 OL=0 OR=0 el=0 er=0 ed=0 dl=0 dr=0 cl=0 cr=0 ok=2158 fail=0 vofa=firewater rx=354 txdrop=11851
1775026904.4091494,1775026904409149400,4215194327200,HB,529573,49350.0,0,-0.088,-0.002,0.0,0.0,0.0,0.0,0.0,0.0,0.0,0.0,0.0,0,0,,HB tick=529573 exp_id=185 t_ms=49350 run=0 spd=1 ts=0.000 as=0.000 ta=0.000 aa=0.000 se=0.000 so=0.000 ae=0.000 ao=0.000 pwm=0 pc=0 hd=0 y=-0.088 yr=-0.002 L=0 R=0 OL=0 OR=0 el=0 er=0 ed=0 dl=0 dr=0 cl=0 cr=0 ok=2159 fail=0 vofa=firewater rx=354 txdrop=11851
1775026904.6068594,1775026904606859500,4215392037300,HB,529761,49538.0,0,-0.088,-0.001,0.0,0.0,0.0,0.0,0.0,0.0,0.0,0.0,0.0,0,0,,HB tick=529761 exp_id=185 t_ms=49538 run=0 spd=1 ts=0.000 as=0.000 ta=0.000 aa=0.000 se=0.000 so=0.000 ae=0.000 ao=0.000 pwm=0 pc=0 hd=0 y=-0.088 yr=-0.001 L=0 R=0 OL=0 OR=0 el=0 er=0 ed=0 dl=0 dr=0 cl=0 cr=0 ok=2160 fail=0 vofa=firewater rx=354 txdrop=11851
1775026904.8354995,1775026904835499500,4215620677100,HB,529992,49769.0,0,-0.088,-0.0,0.0,0.0,0.0,0.0,0.0,0.0,0.0,0.0,0.0,0,0,,HB tick=529992 exp_id=185 t_ms=49769 run=0 spd=1 ts=0.000 as=0.000 ta=0.000 aa=0.000 se=0.000 so=0.000 ae=0.000 ao=0.000 pwm=0 pc=0 hd=0 y=-0.088 yr=-0.000 L=0 R=0 OL=0 OR=0 el=0 er=0 ed=0 dl=0 dr=0 cl=0 cr=0 ok=2161 fail=0 vofa=firewater rx=354 txdrop=11851
1775026904.992773,1775026904992773200,4215777950800,HB,530152,49929.0,0,-0.088,-0.0,0.0,0.0,0.0,0.0,0.0,0.0,0.0,0.0,0.0,0,0,,HB tick=530152 exp_id=185 t_ms=49929 run=0 spd=1 ts=0.000 as=0.000 ta=0.000 aa=0.000 se=0.000 so=0.000 ae=0.000 ao=0.000 pwm=0 pc=0 hd=0 y=-0.088 yr=-0.000 L=0 R=0 OL=0 OR=0 el=0 er=0 ed=0 dl=0 dr=0 cl=0 cr=0 ok=2162 fail=0 vofa=firewater rx=354 txdrop=11851
1775026905.222587,1775026905222587100,4216007764800,HB,530383,50160.0,0,-0.088,-0.0,0.0,0.0,0.0,0.0,0.0,0.0,0.0,0.0,0.0,0,0,,HB tick=530383 exp_id=185 t_ms=50160 run=0 spd=1 ts=0.000 as=0.000 ta=0.000 aa=0.000 se=0.000 so=0.000 ae=0.000 ao=0.000 pwm=0 pc=0 hd=0 y=-0.088 yr=-0.000 L=0 R=0 OL=0 OR=0 el=0 er=0 ed=0 dl=0 dr=0 cl=0 cr=0 ok=2163 fail=0 vofa=firewater rx=354 txdrop=11851
