host_time_s,host_time_ns,host_monotonic_ns,source,tick,t_ms,run,yaw,yaw_rate,left_encoder,right_encoder,encoder_diff,left_output,right_output,left_core,right_core,raw_left_delta,raw_right_delta,left_clamped,right_clamped,anomaly_flags,raw_line
1775035519.1751509,1775035519175150901,12829960328901,HB,14230,0.0,0,0.033,-0.0,0.0,0.0,0.0,0.0,0.0,0.0,0.0,0.0,0.0,0,0,,HB tick=14230 run=0 ts=0.000 as=0.000 ta=0.000 aa=0.000 se=0.000 so=0.000 ae=0.000 ao=0.000 pwm=0 pc=0 hd=0 y=0.033 yr=-0.000 L=0 R=0 OL=0 OR=0 el=0 er=0 ed=0 dl=0 dr=0 cl=0 cr=0 ok=57 fail=0 vofa=firewater rx=0 txdrop=0
1775035519.1751509,1775035519175150902,12829960328902,HB,14624,0.0,0,0.034,0.0,0.0,0.0,0.0,0.0,0.0,0.0,0.0,0.0,0.0,0,0,,HB tick=14624 run=0 ts=0.000 as=0.000 ta=0.000 aa=0.000 se=0.000 so=0.000 ae=0.000 ao=0.000 pwm=0 pc=0 hd=0 y=0.034 yr=0.000 L=0 R=0 OL=0 OR=0 el=0 er=0 ed=0 dl=0 dr=0 cl=0 cr=0 ok=58 fail=0 vofa=firewater rx=0 txdrop=0
1775035519.1751509,1775035519175150903,12829960328903,HB,14826,0.0,0,0.034,0.0,0.0,0.0,0.0,0.0,0.0,0.0,0.0,0.0,0.0,0,0,,HB tick=14826 run=0 ts=0.000 as=0.000 ta=0.000 aa=0.000 se=0.000 so=0.000 ae=0.000 ao=0.000 pwm=0 pc=0 hd=0 y=0.034 yr=0.000 L=0 R=0 OL=0 OR=0 el=0 er=0 ed=0 dl=0 dr=0 cl=0 cr=0 ok=59 fail=0 vofa=firewater rx=0 txdrop=0
1775035519.2584684,1775035519258468300,12830043646200,HB,15029,0.0,0,0.034,0.001,0.0,0.0,0.0,0.0,0.0,0.0,0.0,0.0,0.0,0,0,,HB tick=15029 run=0 ts=0.000 as=0.000 ta=0.000 aa=0.000 se=0.000 so=0.000 ae=0.000 ao=0.000 pwm=0 pc=0 hd=0 y=0.034 yr=0.001 L=0 R=0 OL=0 OR=0 el=0 er=0 ed=0 dl=0 dr=0 cl=0 cr=0 ok=60 fail=0 vofa=firewater rx=0 txdrop=0
1775035519.4866786,1775035519486678400,12830271855600,HB,15238,0.0,0,0.034,0.001,0.0,0.0,0.0,0.0,0.0,0.0,0.0,0.0,0.0,0,0,,HB tick=15238 run=0 ts=0.000 as=0.000 ta=0.000 aa=0.000 se=0.000 so=0.000 ae=0.000 ao=0.000 pwm=0 pc=0 hd=0 y=0.034 yr=0.001 L=0 R=0 OL=0 OR=0 el=0 er=0 ed=0 dl=0 dr=0 cl=0 cr=0 ok=61 fail=0 vofa=firewater rx=0 txdrop=0
1775035519.664573,1775035519664573000,12830449751100,STAT,15381,0.0,0,0.034022,0.000562,0.0,0.0,0.0,0.0,0.0,0.0,0.0,0.0,0.0,0,0,,STAT tick=15381 run=0 ts=0.000000 as=0.000000 ta=0.000000 aa=0.000000 se=0.000000 so=0.000000 ae=0.000000 ao=0.000000 pwm=0 pc=0 hd=0 y=0.034022 p=-0.950082 r=5.584092 yr=0.000562 ax=0 ay=0 az=0 gx=0 gy=0 gz=0 who=0x85 addr=0x4A icm_ok=77 icm_fail=0 L=0 R=0 OL=0 OR=0 el=0 er=0 ed=0 dl=0 dr=0 cl=0 cr=0 skp=0.100000 ski=0.012000 skd=0.000000 akp=0.240000 aki=0.002400 akd=0.050000 ok=62 fail=0 vofa=firewater rx=6 txdrop=0
1775035519.6751049,1775035519675104700,12830460283000,HB,15444,0.0,0,0.034,0.001,0.0,0.0,0.0,0.0,0.0,0.0,0.0,0.0,0.0,0,0,,HB tick=15444 run=0 ts=0.000 as=0.000 ta=0.000 aa=0.000 se=0.000 so=0.000 ae=0.000 ao=0.000 pwm=0 pc=0 hd=0 y=0.034 yr=0.001 L=0 R=0 OL=0 OR=0 el=0 er=0 ed=0 dl=0 dr=0 cl=0 cr=0 ok=62 fail=0 vofa=firewater rx=6 txdrop=0
1775035519.873253,1775035519873253000,12830658430300,HB,15647,0.0,0,0.034,0.001,0.0,0.0,0.0,0.0,0.0,0.0,0.0,0.0,0.0,0,0,,HB tick=15647 run=0 ts=0.000 as=0.000 ta=0.000 aa=0.000 se=0.000 so=0.000 ae=0.000 ao=0.000 pwm=0 pc=0 hd=0 y=0.034 yr=0.001 L=0 R=0 OL=0 OR=0 el=0 er=0 ed=0 dl=0 dr=0 cl=0 cr=0 ok=63 fail=0 vofa=firewater rx=6 txdrop=0
1775035520.0807118,1775035520080712000,12830865889100,HB,15854,0.0,0,0.034,0.0,0.0,0.0,0.0,0.0,0.0,0.0,0.0,0.0,0.0,0,0,,HB tick=15854 run=0 ts=0.000 as=0.000 ta=0.000 aa=0.000 se=0.000 so=0.000 ae=0.000 ao=0.000 pwm=0 pc=0 hd=0 y=0.034 yr=0.000 L=0 R=0 OL=0 OR=0 el=0 er=0 ed=0 dl=0 dr=0 cl=0 cr=0 ok=64 fail=0 vofa=firewater rx=6 txdrop=0
1775035520.4248958,1775035520424895700,12831210072900,HB,16199,0.0,0,0.034,0.0,0.0,0.0,0.0,0.0,0.0,0.0,0.0,0.0,0.0,0,0,,HB tick=16199 run=0 ts=0.000 as=0.000 ta=0.000 aa=0.000 se=0.000 so=0.000 ae=0.000 ao=0.000 pwm=0 pc=0 hd=0 y=0.034 yr=0.000 L=0 R=0 OL=0 OR=0 el=0 er=0 ed=0 dl=0 dr=0 cl=0 cr=0 ok=65 fail=0 vofa=firewater rx=6 txdrop=0
1775035520.6743407,1775035520674340700,12831459518100,HB,16430,0.0,0,0.034,-0.0,0.0,0.0,0.0,0.0,0.0,0.0,0.0,0.0,0.0,0,0,,HB tick=16430 run=0 ts=0.000 as=0.000 ta=0.000 aa=0.000 se=0.000 so=0.000 ae=0.000 ao=0.000 pwm=0 pc=0 hd=0 y=0.034 yr=-0.000 L=0 R=0 OL=0 OR=0 el=0 er=0 ed=0 dl=0 dr=0 cl=0 cr=0 ok=66 fail=0 vofa=firewater rx=6 txdrop=0
1775035521.1690385,1775035521169038600,12831954216000,HB,16779,0.0,0,0.034,-0.0,0.0,0.0,0.0,0.0,0.0,0.0,0.0,0.0,0.0,0,0,,HB tick=16779 run=0 ts=0.000 as=0.000 ta=0.000 aa=0.000 se=0.000 so=0.000 ae=0.000 ao=0.000 pwm=0 pc=0 hd=0 y=0.034 yr=-0.000 L=0 R=0 OL=0 OR=0 el=0 er=0 ed=0 dl=0 dr=0 cl=0 cr=0 ok=67 fail=0 vofa=firewater rx=6 txdrop=0
1775035521.232516,1775035521232516100,12832017693500,HB,17009,0.0,0,0.035,0.001,0.0,0.0,0.0,0.0,0.0,0.0,0.0,0.0,0.0,0,0,,HB tick=17009 run=0 ts=0.000 as=0.000 ta=0.000 aa=0.000 se=0.000 so=0.000 ae=0.000 ao=0.000 pwm=0 pc=0 hd=0 y=0.035 yr=0.001 L=0 R=0 OL=0 OR=0 el=0 er=0 ed=0 dl=0 dr=0 cl=0 cr=0 ok=68 fail=0 vofa=firewater rx=6 txdrop=0
1775035521.4411068,1775035521441106700,12832226284600,HB,17216,0.0,0,0.035,0.0,0.0,0.0,0.0,0.0,0.0,0.0,0.0,0.0,0.0,0,0,,HB tick=17216 run=0 ts=0.000 as=0.000 ta=0.000 aa=0.000 se=0.000 so=0.000 ae=0.000 ao=0.000 pwm=0 pc=0 hd=0 y=0.035 yr=0.000 L=0 R=0 OL=0 OR=0 el=0 er=0 ed=0 dl=0 dr=0 cl=0 cr=0 ok=69 fail=0 vofa=firewater rx=6 txdrop=0
1775035521.6506948,1775035521650694800,12832435872200,HB,17420,0.0,0,0.035,0.0,0.0,0.0,0.0,0.0,0.0,0.0,0.0,0.0,0.0,0,0,,HB tick=17420 run=0 ts=0.000 as=0.000 ta=0.000 aa=0.000 se=0.000 so=0.000 ae=0.000 ao=0.000 pwm=0 pc=0 hd=0 y=0.035 yr=0.000 L=0 R=0 OL=0 OR=0 el=0 er=0 ed=0 dl=0 dr=0 cl=0 cr=0 ok=70 fail=0 vofa=firewater rx=12 txdrop=0
1775035521.8692539,1775035521869253900,12832654431100,HB,17623,0.0,0,0.035,0.0,0.0,0.0,0.0,0.0,0.0,0.0,0.0,0.0,0.0,0,0,,HB tick=17623 run=0 ts=0.000 as=0.000 ta=0.000 aa=0.000 se=0.000 so=0.000 ae=0.000 ao=0.000 pwm=0 pc=0 hd=0 y=0.035 yr=0.000 L=0 R=0 OL=0 OR=0 el=0 er=0 ed=0 dl=0 dr=0 cl=0 cr=0 ok=71 fail=0 vofa=firewater rx=12 txdrop=0
1775035522.1918347,1775035522191834500,12832977012400,HB,17969,0.0,0,0.034,-0.001,0.0,0.0,0.0,0.0,0.0,0.0,0.0,0.0,0.0,0,0,,HB tick=17969 run=0 ts=0.000 as=0.000 ta=0.000 aa=0.000 se=0.000 so=0.000 ae=0.000 ao=0.000 pwm=0 pc=0 hd=0 y=0.034 yr=-0.001 L=0 R=0 OL=0 OR=0 el=0 er=0 ed=0 dl=0 dr=0 cl=0 cr=0 ok=72 fail=0 vofa=firewater rx=12 txdrop=0
1775035522.4961398,1775035522496139800,12833281318000,HB,18200,0.0,0,0.034,-0.001,0.0,0.0,0.0,0.0,0.0,0.0,0.0,0.0,0.0,0,0,,HB tick=18200 run=0 ts=0.000 as=0.000 ta=0.000 aa=0.000 se=0.000 so=0.000 ae=0.000 ao=0.000 pwm=0 pc=0 hd=0 y=0.034 yr=-0.001 L=0 R=0 OL=0 OR=0 el=0 er=0 ed=0 dl=0 dr=0 cl=0 cr=0 ok=73 fail=0 vofa=firewater rx=12 txdrop=0
1775035522.6320338,1775035522632033700,12833417211000,HB,18402,0.0,0,0.034,-0.0,0.0,0.0,0.0,0.0,0.0,0.0,0.0,0.0,0.0,0,0,,HB tick=18402 run=0 ts=0.000 as=0.000 ta=0.000 aa=0.000 se=0.000 so=0.000 ae=0.000 ao=0.000 pwm=0 pc=0 hd=0 y=0.034 yr=-0.000 L=0 R=0 OL=0 OR=0 el=0 er=0 ed=0 dl=0 dr=0 cl=0 cr=0 ok=74 fail=0 vofa=firewater rx=17 txdrop=0
1775035523.058655,1775035523058655100,12833843834300,HB,18811,0.0,0,0.034,0.001,0.0,0.0,0.0,0.0,0.0,0.0,0.0,0.0,0.0,0,0,,HB tick=18811 run=0 ts=0.000 as=0.000 ta=0.000 aa=0.000 se=0.000 so=0.000 ae=0.000 ao=0.000 pwm=0 pc=0 hd=0 y=0.034 yr=0.001 L=0 R=0 OL=0 OR=0 el=0 er=0 ed=0 dl=0 dr=0 cl=0 cr=0 ok=75 fail=0 vofa=firewater rx=17 txdrop=0
1775035523.2354293,1775035523235429400,12834020606700,HB,19011,0.0,0,0.034,0.0,0.0,0.0,0.0,0.0,0.0,0.0,0.0,0.0,0.0,0,0,,HB tick=19011 run=0 ts=0.000 as=0.000 ta=0.000 aa=0.000 se=0.000 so=0.000 ae=0.000 ao=0.000 pwm=0 pc=0 hd=0 y=0.034 yr=0.000 L=0 R=0 OL=0 OR=0 el=0 er=0 ed=0 dl=0 dr=0 cl=0 cr=0 ok=76 fail=0 vofa=firewater rx=17 txdrop=0
1775035523.4439368,1775035523443936800,12834229114000,HB,19213,0.0,0,0.034,0.0,0.0,0.0,0.0,0.0,0.0,0.0,0.0,0.0,0.0,0,0,,HB tick=19213 run=0 ts=0.000 as=0.000 ta=0.000 aa=0.000 se=0.000 so=0.000 ae=0.000 ao=0.000 pwm=0 pc=0 hd=0 y=0.034 yr=0.000 L=0 R=0 OL=0 OR=0 el=0 er=0 ed=0 dl=0 dr=0 cl=0 cr=0 ok=77 fail=0 vofa=firewater rx=17 txdrop=0
1775035523.786084,1775035523786083900,12834571262000,HB,19558,0.0,0,0.034,-0.0,0.0,0.0,0.0,0.0,0.0,0.0,0.0,0.0,0.0,0,0,,HB tick=19558 run=0 ts=0.000 as=0.000 ta=0.000 aa=0.000 se=0.000 so=0.000 ae=0.000 ao=0.000 pwm=0 pc=0 hd=0 y=0.034 yr=-0.000 L=0 R=0 OL=0 OR=0 el=0 er=0 ed=0 dl=0 dr=0 cl=0 cr=0 ok=78 fail=0 vofa=firewater rx=22 txdrop=0
1775035524.0168834,1775035524016883500,12834802060700,HB,19788,0.0,0,0.034,-0.0,0.0,0.0,0.0,0.0,0.0,0.0,0.0,0.0,0.0,0,0,,HB tick=19788 run=0 ts=0.000 as=0.000 ta=0.000 aa=0.000 se=0.000 so=0.000 ae=0.000 ao=0.000 pwm=0 pc=0 hd=0 y=0.034 yr=-0.000 L=0 R=0 OL=0 OR=0 el=0 er=0 ed=0 dl=0 dr=0 cl=0 cr=0 ok=79 fail=0 vofa=firewater rx=22 txdrop=0
1775035524.246924,1775035524246924100,12835032104000,HB,19996,0.0,0,0.034,-0.0,0.0,0.0,0.0,0.0,0.0,0.0,0.0,0.0,0.0,0,0,,HB tick=19996 run=0 ts=0.000 as=0.000 ta=0.000 aa=0.000 se=0.000 so=0.000 ae=0.000 ao=0.000 pwm=0 pc=0 hd=0 y=0.034 yr=-0.000 L=0 R=0 OL=0 OR=0 el=0 er=0 ed=0 dl=0 dr=0 cl=0 cr=0 ok=80 fail=0 vofa=firewater rx=22 txdrop=0
1775035524.424351,1775035524424350900,12835209528000,HB,20200,0.0,0,0.034,-0.001,0.0,0.0,0.0,0.0,0.0,0.0,0.0,0.0,0.0,0,0,,HB tick=20200 run=0 ts=0.000 as=0.000 ta=0.000 aa=0.000 se=0.000 so=0.000 ae=0.000 ao=0.000 pwm=0 pc=0 hd=0 y=0.034 yr=-0.001 L=0 R=0 OL=0 OR=0 el=0 er=0 ed=0 dl=0 dr=0 cl=0 cr=0 ok=81 fail=0 vofa=firewater rx=22 txdrop=0
1775035524.6325865,1775035524632586400,12835417763500,HB,20402,0.0,0,0.033,-0.001,0.0,0.0,0.0,0.0,0.0,0.0,0.0,0.0,0.0,0,0,,HB tick=20402 run=0 ts=0.000 as=0.000 ta=0.000 aa=0.000 se=0.000 so=0.000 ae=0.000 ao=0.000 pwm=0 pc=0 hd=0 y=0.033 yr=-0.001 L=0 R=0 OL=0 OR=0 el=0 er=0 ed=0 dl=0 dr=0 cl=0 cr=0 ok=82 fail=0 vofa=firewater rx=22 txdrop=0
1775035524.8390808,1775035524839080800,12835624258600,HB,20605,0.0,0,0.033,-0.001,0.0,0.0,0.0,0.0,0.0,0.0,0.0,0.0,0.0,0,0,,HB tick=20605 run=0 ts=0.000 as=0.000 ta=0.000 aa=0.000 se=0.000 so=0.000 ae=0.000 ao=0.000 pwm=0 pc=0 hd=0 y=0.033 yr=-0.001 L=0 R=0 OL=0 OR=0 el=0 er=0 ed=0 dl=0 dr=0 cl=0 cr=0 ok=83 fail=0 vofa=firewater rx=22 txdrop=0
1775035525.0448244,1775035525044824300,12835830001700,HB,20813,0.0,0,0.034,0.0,0.0,0.0,0.0,0.0,0.0,0.0,0.0,0.0,0.0,0,0,,HB tick=20813 run=0 ts=0.000 as=0.000 ta=0.000 aa=0.000 se=0.000 so=0.000 ae=0.000 ao=0.000 pwm=0 pc=0 hd=0 y=0.034 yr=0.000 L=0 R=0 OL=0 OR=0 el=0 er=0 ed=0 dl=0 dr=0 cl=0 cr=0 ok=84 fail=0 vofa=firewater rx=22 txdrop=0
1775035525.4090884,1775035525409088200,12836194265500,HB,21159,0.0,0,0.034,0.0,0.0,0.0,0.0,0.0,0.0,0.0,0.0,0.0,0.0,0,0,,HB tick=21159 run=0 ts=0.000 as=0.000 ta=0.000 aa=0.000 se=0.000 so=0.000 ae=0.000 ao=0.000 pwm=0 pc=0 hd=0 y=0.034 yr=0.000 L=0 R=0 OL=0 OR=0 el=0 er=0 ed=0 dl=0 dr=0 cl=0 cr=0 ok=85 fail=0 vofa=firewater rx=31 txdrop=0
1775035525.8239372,1775035525823937400,12836609114600,HB,21592,0.0,0,0.033,-0.001,0.0,0.0,0.0,0.0,0.0,0.0,0.0,0.0,0.0,0,0,,HB tick=21592 run=0 ts=0.000 as=0.000 ta=0.000 aa=0.000 se=0.000 so=0.000 ae=0.000 ao=0.000 pwm=0 pc=0 hd=0 y=0.033 yr=-0.001 L=0 R=0 OL=0 OR=0 el=0 er=0 ed=0 dl=0 dr=0 cl=0 cr=0 ok=87 fail=0 vofa=firewater rx=40 txdrop=0
1775035526.1659658,1775035526165965700,12836951142800,HB,21937,0.0,0,0.033,-0.001,0.0,0.0,0.0,0.0,0.0,0.0,0.0,0.0,0.0,0,0,,HB tick=21937 run=0 ts=0.000 as=0.000 ta=0.000 aa=0.000 se=0.000 so=0.000 ae=0.000 ao=0.000 pwm=0 pc=0 hd=0 y=0.033 yr=-0.001 L=0 R=0 OL=0 OR=0 el=0 er=0 ed=0 dl=0 dr=0 cl=0 cr=0 ok=88 fail=0 vofa=firewater rx=40 txdrop=0
1775035526.414738,1775035526414737900,12837199915100,HB,22168,0.0,0,0.034,0.0,0.0,0.0,0.0,0.0,0.0,0.0,0.0,0.0,0.0,0,0,,HB tick=22168 run=0 ts=0.000 as=0.000 ta=0.000 aa=0.000 se=0.000 so=0.000 ae=0.000 ao=0.000 pwm=0 pc=0 hd=0 y=0.034 yr=0.000 L=0 R=0 OL=0 OR=0 el=0 er=0 ed=0 dl=0 dr=0 cl=0 cr=0 ok=89 fail=0 vofa=firewater rx=40 txdrop=0
1775035526.7493865,1775035526749386500,12837534564300,HB,22518,0.0,0,0.034,0.0,0.0,0.0,0.0,0.0,0.0,0.0,0.0,0.0,0.0,0,0,,HB tick=22518 run=0 ts=0.000 as=0.000 ta=0.000 aa=0.000 se=0.000 so=0.000 ae=0.000 ao=0.000 pwm=0 pc=0 hd=0 y=0.034 yr=0.000 L=0 R=0 OL=0 OR=0 el=0 er=0 ed=0 dl=0 dr=0 cl=0 cr=0 ok=90 fail=0 vofa=firewater rx=51 txdrop=0
1775035527.0382068,1775035527038206600,12837823383700,HB,22748,0.0,0,0.034,0.001,0.0,0.0,0.0,0.0,0.0,0.0,0.0,0.0,0.0,0,0,,HB tick=22748 run=0 ts=0.000 as=0.000 ta=0.000 aa=0.000 se=0.000 so=0.000 ae=0.000 ao=0.000 pwm=0 pc=0 hd=0 y=0.034 yr=0.001 L=0 R=0 OL=0 OR=0 el=0 er=0 ed=0 dl=0 dr=0 cl=0 cr=0 ok=91 fail=0 vofa=firewater rx=51 txdrop=0
1775035527.1742446,1775035527174244500,12837959421900,HB,22952,0.0,0,0.034,0.0,0.0,0.0,0.0,0.0,0.0,0.0,0.0,0.0,0.0,0,0,,HB tick=22952 run=0 ts=0.000 as=0.000 ta=0.000 aa=0.000 se=0.000 so=0.000 ae=0.000 ao=0.000 pwm=0 pc=0 hd=0 y=0.034 yr=0.000 L=0 R=0 OL=0 OR=0 el=0 er=0 ed=0 dl=0 dr=0 cl=0 cr=0 ok=92 fail=0 vofa=firewater rx=60 txdrop=0
1775035527.5489974,1775035527548997400,12838334175700,HB,23297,0.0,0,0.034,0.001,0.0,0.0,0.0,0.0,0.0,0.0,0.0,0.0,0.0,0,0,,HB tick=23297 run=0 ts=0.000 as=0.000 ta=0.000 aa=0.000 se=0.000 so=0.000 ae=0.000 ao=0.000 pwm=0 pc=0 hd=0 y=0.034 yr=0.001 L=0 R=0 OL=0 OR=0 el=0 er=0 ed=0 dl=0 dr=0 cl=0 cr=0 ok=93 fail=0 vofa=firewater rx=60 txdrop=0
1775035527.7507544,1775035527750754300,12838535932100,HB,23528,0.0,0,0.034,0.0,0.0,0.0,0.0,0.0,0.0,0.0,0.0,0.0,0.0,0,0,,HB tick=23528 run=0 ts=0.000 as=0.000 ta=0.000 aa=0.000 se=0.000 so=0.000 ae=0.000 ao=0.000 pwm=0 pc=0 hd=0 y=0.034 yr=0.000 L=0 R=0 OL=0 OR=0 el=0 er=0 ed=0 dl=0 dr=0 cl=0 cr=0 ok=94 fail=0 vofa=firewater rx=69 txdrop=0
1775035527.9584982,1775035527958498300,12838743675400,HB,23731,0.0,0,0.034,0.0,0.0,0.0,0.0,0.0,0.0,0.0,0.0,0.0,0.0,0,0,,HB tick=23731 run=0 ts=0.000 as=0.000 ta=0.000 aa=0.000 se=0.000 so=0.000 ae=0.000 ao=0.000 pwm=0 pc=0 hd=0 y=0.034 yr=0.000 L=0 R=0 OL=0 OR=0 el=0 er=0 ed=0 dl=0 dr=0 cl=0 cr=0 ok=95 fail=0 vofa=firewater rx=69 txdrop=0
1775035528.3007364,1775035528300736500,12839085913800,HB,24076,0.0,0,0.035,0.001,0.0,0.0,0.0,0.0,0.0,0.0,0.0,0.0,0.0,0,0,,HB tick=24076 run=0 ts=0.000 as=0.000 ta=0.000 aa=0.000 se=0.000 so=0.000 ae=0.000 ao=0.000 pwm=0 pc=0 hd=0 y=0.035 yr=0.001 L=0 R=0 OL=0 OR=0 el=0 er=0 ed=0 dl=0 dr=0 cl=0 cr=0 ok=96 fail=0 vofa=firewater rx=69 txdrop=0
1775035528.5588293,1775035528558829400,12839344006700,HB,24307,0.0,0,0.035,0.0,0.0,0.0,0.0,0.0,0.0,0.0,0.0,0.0,0.0,0,0,,HB tick=24307 run=0 ts=0.000 as=0.000 ta=0.000 aa=0.000 se=0.000 so=0.000 ae=0.000 ao=0.000 pwm=0 pc=0 hd=0 y=0.035 yr=0.000 L=0 R=0 OL=0 OR=0 el=0 er=0 ed=0 dl=0 dr=0 cl=0 cr=0 ok=97 fail=0 vofa=firewater rx=81 txdrop=0
1775035528.7363296,1775035528736329500,12839521510900,HB,24511,0.0,0,0.034,0.0,0.0,0.0,0.0,0.0,0.0,0.0,0.0,0.0,0.0,0,0,,HB tick=24511 run=0 ts=0.000 as=0.000 ta=0.000 aa=0.000 se=0.000 so=0.000 ae=0.000 ao=0.000 pwm=0 pc=0 hd=0 y=0.034 yr=0.000 L=0 R=0 OL=0 OR=0 el=0 er=0 ed=0 dl=0 dr=0 cl=0 cr=0 ok=98 fail=0 vofa=firewater rx=81 txdrop=0
1775035529.077796,1775035529077796000,12839862973400,HB,24855,0.0,0,0.034,-0.0,0.0,0.0,0.0,0.0,0.0,0.0,0.0,0.0,0.0,0,0,,HB tick=24855 run=0 ts=0.000 as=0.000 ta=0.000 aa=0.000 se=0.000 so=0.000 ae=0.000 ao=0.000 pwm=0 pc=0 hd=0 y=0.034 yr=-0.000 L=0 R=0 OL=0 OR=0 el=0 er=0 ed=0 dl=0 dr=0 cl=0 cr=0 ok=99 fail=0 vofa=firewater rx=81 txdrop=0
1775035529.3172596,1775035529317259600,12840102437400,HB,25086,0.0,0,0.034,-0.001,0.0,0.0,0.0,0.0,0.0,0.0,0.0,0.0,0.0,0,0,,HB tick=25086 run=0 ts=0.000 as=0.000 ta=0.000 aa=0.000 se=0.000 so=0.000 ae=0.000 ao=0.000 pwm=0 pc=0 hd=0 y=0.034 yr=-0.001 L=0 R=0 OL=0 OR=0 el=0 er=0 ed=0 dl=0 dr=0 cl=0 cr=0 ok=100 fail=0 vofa=firewater rx=91 txdrop=0
1775035529.741928,1775035529741928101,12840527105801,HB,25436,0.0,0,0.033,-0.001,0.0,0.0,0.0,0.0,0.0,0.0,0.0,0.0,0.0,0,0,,HB tick=25436 run=0 ts=0.000 as=0.000 ta=0.000 aa=0.000 se=0.000 so=0.000 ae=0.000 ao=0.000 pwm=0 pc=0 hd=0 y=0.033 yr=-0.001 L=0 R=0 OL=0 OR=0 el=0 er=0 ed=0 dl=0 dr=0 cl=0 cr=0 ok=101 fail=0 vofa=firewater rx=91 txdrop=0
1775035529.826645,1775035529826644900,12840611822100,STAT,25580,0.0,0,0.033389,-0.000935,0.0,0.0,0.0,0.0,0.0,0.0,0.0,0.0,0.0,0,0,,STAT tick=25580 run=0 ts=0.000000 as=0.000000 ta=0.000000 aa=0.000000 se=0.000000 so=0.000000 ae=0.000000 ao=0.000000 pwm=0 pc=0 hd=0 y=0.033389 p=-0.957068 r=5.619203 yr=-0.000935 ax=0 ay=0 az=0 gx=0 gy=0 gz=0 who=0x85 addr=0x4A icm_ok=129 icm_fail=0 L=0 R=0 OL=0 OR=0 el=0 er=0 ed=0 dl=0 dr=0 cl=0 cr=0 skp=0.100000 ski=0.012000 skd=0.000000 akp=8.000000 aki=0.002400 akd=0.320000 ok=102 fail=0 vofa=firewater rx=97 txdrop=0
1775035529.9001696,1775035529900169700,12840685348600,HB,25670,0.0,0,0.034,-0.0,0.0,0.0,0.0,0.0,0.0,0.0,0.0,0.0,0.0,0,0,,HB tick=25670 run=0 ts=0.000 as=0.000 ta=0.000 aa=0.000 se=0.000 so=0.000 ae=0.000 ao=0.000 pwm=0 pc=0 hd=0 y=0.034 yr=-0.000 L=0 R=0 OL=0 OR=0 el=0 er=0 ed=0 dl=0 dr=0 cl=0 cr=0 ok=102 fail=0 vofa=firewater rx=106 txdrop=0
1775035530.2449846,1775035530244984700,12841030161900,HB,26015,0.0,0,0.034,-0.0,0.0,0.0,0.0,0.0,0.0,0.0,0.0,0.0,0.0,0,0,,HB tick=26015 run=0 ts=0.000 as=0.000 ta=0.000 aa=0.000 se=0.000 so=0.000 ae=0.000 ao=0.000 pwm=0 pc=0 hd=0 y=0.034 yr=-0.000 L=0 R=0 OL=0 OR=0 el=0 er=0 ed=0 dl=0 dr=0 cl=0 cr=0 ok=103 fail=0 vofa=firewater rx=106 txdrop=0
1775035530.4717166,1775035530471716500,12841256893800,HB,26245,0.0,0,0.034,0.0,0.0,0.0,0.0,0.0,0.0,0.0,0.0,0.0,0.0,0,0,,HB tick=26245 run=0 ts=0.000 as=0.000 ta=0.000 aa=0.000 se=0.000 so=0.000 ae=0.000 ao=0.000 pwm=0 pc=0 hd=0 y=0.034 yr=0.000 L=0 R=0 OL=0 OR=0 el=0 er=0 ed=0 dl=0 dr=0 cl=0 cr=0 ok=104 fail=0 vofa=firewater rx=115 txdrop=0
1775035530.7123516,1775035530712351400,12841497530300,HB,26469,0.0,0,0.033,-0.001,0.0,0.0,0.0,0.0,0.0,0.0,0.0,0.0,0.0,0,0,,HB tick=26469 run=0 ts=0.000 as=0.000 ta=0.000 aa=0.000 se=0.000 so=0.000 ae=0.000 ao=0.000 pwm=0 pc=0 hd=0 y=0.033 yr=-0.001 L=0 R=0 OL=0 OR=0 el=0 er=0 ed=0 dl=0 dr=0 cl=0 cr=0 ok=105 fail=0 vofa=firewater rx=115 txdrop=0
1775035530.8998616,1775035530899861400,12841685039300,HB,26669,0.0,0,0.033,-0.0,0.0,0.0,0.0,0.0,0.0,0.0,0.0,0.0,0.0,0,0,,HB tick=26669 run=0 ts=0.000 as=0.000 ta=0.000 aa=0.000 se=0.000 so=0.000 ae=0.000 ao=0.000 pwm=0 pc=0 hd=0 y=0.033 yr=-0.000 L=0 R=0 OL=0 OR=0 el=0 er=0 ed=0 dl=0 dr=0 cl=0 cr=0 ok=106 fail=0 vofa=firewater rx=115 txdrop=0
1775035531.0964196,1775035531096419600,12841881596600,HB,26872,0.0,0,0.033,-0.001,0.0,0.0,0.0,0.0,0.0,0.0,0.0,0.0,0.0,0,0,,HB tick=26872 run=0 ts=0.000 as=0.000 ta=0.000 aa=0.000 se=0.000 so=0.000 ae=0.000 ao=0.000 pwm=0 pc=0 hd=0 y=0.033 yr=-0.001 L=0 R=0 OL=0 OR=0 el=0 er=0 ed=0 dl=0 dr=0 cl=0 cr=0 ok=107 fail=0 vofa=firewater rx=121 txdrop=0
1775035531.2621222,1775035531262122300,12842047299300,STAT,27015,0.0,0,0.033164,-0.000777,0.0,0.0,0.0,0.0,0.0,0.0,0.0,0.0,0.0,0,0,,STAT tick=27015 run=0 ts=0.000000 as=0.000000 ta=0.000000 aa=0.000000 se=0.000000 so=0.000000 ae=0.000000 ao=0.000000 pwm=0 pc=0 hd=0 y=0.033164 p=-0.964055 r=5.605175 yr=-0.000777 ax=0 ay=0 az=0 gx=0 gy=0 gz=0 who=0x85 addr=0x4A icm_ok=136 icm_fail=0 L=0 R=0 OL=0 OR=0 el=0 er=0 ed=0 dl=0 dr=0 cl=0 cr=0 skp=0.100000 ski=0.012000 skd=0.000000 akp=8.000000 aki=0.002400 akd=0.320000 ok=108 fail=0 vofa=firewater rx=121 txdrop=0
1775035531.304233,1775035531304233000,12842089410200,HB,27078,0.0,0,0.033,-0.0,0.0,0.0,0.0,0.0,0.0,0.0,0.0,0.0,0.0,0,0,,HB tick=27078 run=0 ts=0.000 as=0.000 ta=0.000 aa=0.000 se=0.000 so=0.000 ae=0.000 ao=0.000 pwm=0 pc=0 hd=0 y=0.033 yr=-0.000 L=0 R=0 OL=0 OR=0 el=0 er=0 ed=0 dl=0 dr=0 cl=0 cr=0 ok=108 fail=0 vofa=firewater rx=130 txdrop=0
1775035531.512136,1775035531512135900,12842297315000,HB,27281,0.0,0,0.033,-0.0,0.0,0.0,0.0,0.0,0.0,0.0,0.0,0.0,0.0,0,0,,HB tick=27281 run=0 ts=0.000 as=0.000 ta=0.000 aa=0.000 se=0.000 so=0.000 ae=0.000 ao=0.000 pwm=0 pc=0 hd=0 y=0.033 yr=-0.000 L=0 R=0 OL=0 OR=0 el=0 er=0 ed=0 dl=0 dr=0 cl=0 cr=0 ok=109 fail=0 vofa=firewater rx=130 txdrop=0
1775035531.7311444,1775035531731144400,12842516321600,HB,27485,0.0,0,0.034,0.001,0.0,0.0,0.0,0.0,0.0,0.0,0.0,0.0,0.0,0,0,,HB tick=27485 run=0 ts=0.000 as=0.000 ta=0.000 aa=0.000 se=0.000 so=0.000 ae=0.000 ao=0.000 pwm=0 pc=0 hd=0 y=0.034 yr=0.001 L=0 R=0 OL=0 OR=0 el=0 er=0 ed=0 dl=0 dr=0 cl=0 cr=0 ok=110 fail=0 vofa=firewater rx=130 txdrop=0
1775035532.104594,1775035532104593800,12842889771000,HB,27878,0.0,0,0.034,0.001,0.0,0.0,0.0,0.0,0.0,0.0,0.0,0.0,0.0,0,0,,HB tick=27878 run=0 ts=0.000 as=0.000 ta=0.000 aa=0.000 se=0.000 so=0.000 ae=0.000 ao=0.000 pwm=0 pc=0 hd=0 y=0.034 yr=0.001 L=0 R=0 OL=0 OR=0 el=0 er=0 ed=0 dl=0 dr=0 cl=0 cr=0 ok=111 fail=0 vofa=firewater rx=139 txdrop=0
1775035532.3130302,1775035532313030100,12843098207200,HB,28081,0.0,0,0.034,0.001,0.0,0.0,0.0,0.0,0.0,0.0,0.0,0.0,0.0,0,0,,HB tick=28081 run=0 ts=0.000 as=0.000 ta=0.000 aa=0.000 se=0.000 so=0.000 ae=0.000 ao=0.000 pwm=0 pc=0 hd=0 y=0.034 yr=0.001 L=0 R=0 OL=0 OR=0 el=0 er=0 ed=0 dl=0 dr=0 cl=0 cr=0 ok=112 fail=0 vofa=firewater rx=139 txdrop=0
1775035532.5080223,1775035532508022200,12843293199400,HB,28284,0.0,0,0.034,0.0,0.0,0.0,0.0,0.0,0.0,0.0,0.0,0.0,0.0,0,0,,HB tick=28284 run=0 ts=0.000 as=0.000 ta=0.000 aa=0.000 se=0.000 so=0.000 ae=0.000 ao=0.000 pwm=0 pc=0 hd=0 y=0.034 yr=0.000 L=0 R=0 OL=0 OR=0 el=0 er=0 ed=0 dl=0 dr=0 cl=0 cr=0 ok=113 fail=0 vofa=firewater rx=139 txdrop=0
1775035532.6742685,1775035532674268300,12843459445500,STAT,28427,0.0,0,0.034248,0.000396,0.0,0.0,0.0,0.0,0.0,0.0,0.0,0.0,0.0,0,0,,STAT tick=28427 run=0 ts=0.000000 as=0.000000 ta=0.000000 aa=0.000000 se=0.000000 so=0.000000 ae=0.000000 ao=0.000000 pwm=0 pc=0 hd=0 y=0.034248 p=-0.943095 r=5.598120 yr=0.000396 ax=0 ay=0 az=0 gx=0 gy=0 gz=0 who=0x85 addr=0x4A icm_ok=143 icm_fail=0 L=0 R=0 OL=0 OR=0 el=0 er=0 ed=0 dl=0 dr=0 cl=0 cr=0 skp=0.100000 ski=0.012000 skd=0.000000 akp=8.000000 aki=0.002400 akd=0.320000 ok=114 fail=0 vofa=firewater rx=145 txdrop=0
1775035532.7373772,1775035532737377401,12843522556201,HB,28496,0.0,0,0.034,0.0,0.0,0.0,0.0,0.0,0.0,0.0,0.0,0.0,0.0,0,0,,HB tick=28496 run=0 ts=0.000 as=0.000 ta=0.000 aa=0.000 se=0.000 so=0.000 ae=0.000 ao=0.000 pwm=0 pc=0 hd=0 y=0.034 yr=0.000 L=0 R=0 OL=0 OR=0 el=0 er=0 ed=0 dl=0 dr=0 cl=0 cr=0 ok=114 fail=0 vofa=firewater rx=154 txdrop=0
1775035532.9249089,1775035532924908900,12843710087200,HB,28699,0.0,0,0.034,-0.0,0.0,0.0,0.0,0.0,0.0,0.0,0.0,0.0,0.0,0,0,,HB tick=28699 run=0 ts=0.000 as=0.000 ta=0.000 aa=0.000 se=0.000 so=0.000 ae=0.000 ao=0.000 pwm=0 pc=0 hd=0 y=0.034 yr=-0.000 L=0 R=0 OL=0 OR=0 el=0 er=0 ed=0 dl=0 dr=0 cl=0 cr=0 ok=115 fail=0 vofa=firewater rx=154 txdrop=0
1775035533.2855866,1775035533285586600,12844070763600,HB,29044,0.0,0,0.034,-0.001,0.0,0.0,0.0,0.0,0.0,0.0,0.0,0.0,0.0,0,0,,HB tick=29044 run=0 ts=0.000 as=0.000 ta=0.000 aa=0.000 se=0.000 so=0.000 ae=0.000 ao=0.000 pwm=0 pc=0 hd=0 y=0.034 yr=-0.001 L=0 R=0 OL=0 OR=0 el=0 er=0 ed=0 dl=0 dr=0 cl=0 cr=0 ok=116 fail=0 vofa=firewater rx=154 txdrop=0
1775035533.5041735,1775035533504173500,12844289350700,HB,29274,0.0,0,0.033,-0.001,0.0,0.0,0.0,0.0,0.0,0.0,0.0,0.0,0.0,0,0,,HB tick=29274 run=0 ts=0.000 as=0.000 ta=0.000 aa=0.000 se=0.000 so=0.000 ae=0.000 ao=0.000 pwm=0 pc=0 hd=0 y=0.033 yr=-0.001 L=0 R=0 OL=0 OR=0 el=0 er=0 ed=0 dl=0 dr=0 cl=0 cr=0 ok=117 fail=0 vofa=firewater rx=163 txdrop=0
1775035533.7028642,1775035533702864200,12844488041300,HB,29477,0.0,0,0.026,-0.013,0.0,0.0,0.0,0.0,0.0,0.0,0.0,0.0,0.0,0,0,,HB tick=29477 run=0 ts=0.000 as=0.000 ta=0.000 aa=0.000 se=0.000 so=0.000 ae=0.000 ao=0.000 pwm=0 pc=0 hd=0 y=0.026 yr=-0.013 L=0 R=0 OL=0 OR=0 el=0 er=0 ed=0 dl=0 dr=0 cl=0 cr=0 ok=118 fail=0 vofa=firewater rx=163 txdrop=0
1775035533.9296973,1775035533929697300,12844714874500,HB,29681,0.0,0,0.033,0.003,0.0,0.0,0.0,0.0,0.0,0.0,0.0,0.0,0.0,0,0,,HB tick=29681 run=0 ts=0.000 as=0.000 ta=0.000 aa=0.000 se=0.000 so=0.000 ae=0.000 ao=0.000 pwm=0 pc=0 hd=0 y=0.033 yr=0.003 L=0 R=0 OL=0 OR=0 el=0 er=0 ed=0 dl=0 dr=0 cl=0 cr=0 ok=119 fail=0 vofa=firewater rx=163 txdrop=0
1775035534.1169472,1775035534116947300,12844902124600,HB,29890,0.0,0,0.033,0.002,0.0,0.0,0.0,0.0,0.0,0.0,0.0,0.0,0.0,0,0,,HB tick=29890 run=0 ts=0.000 as=0.000 ta=0.000 aa=0.000 se=0.000 so=0.000 ae=0.000 ao=0.000 pwm=0 pc=0 hd=0 y=0.033 yr=0.002 L=0 R=0 OL=0 OR=0 el=0 er=0 ed=0 dl=0 dr=0 cl=0 cr=0 ok=120 fail=0 vofa=firewater rx=163 txdrop=0
1775035534.7499824,1775035534749982500,12845535159900,HB,30499,0.0,1,0.265,0.404,10.0,12.0,-2.0,12.0,12.0,1.0,1.0,10.0,12.0,0,0,,HB tick=30499 run=1 ts=20.000 as=11.000 ta=0.000 aa=0.000 se=9.000 so=0.956 ae=0.000 ao=0.000 pwm=12 pc=1 hd=0 y=0.265 yr=0.404 L=1 R=1 OL=12 OR=12 el=10 er=12 ed=-2 dl=10 dr=12 cl=0 cr=0 ok=121 fail=0 vofa=firewater rx=182 txdrop=0
1775035534.9374108,1775035534937410700,12845722588100,HB,30709,0.0,1,-3.191,-5.443,0.0,14.0,-14.0,0.0,14.0,0.0,3.0,0.0,14.0,0,0,,HB tick=30709 run=1 ts=20.000 as=7.000 ta=0.000 aa=0.265 se=13.000 so=1.386 ae=-0.265 ao=-2.220 pwm=7 pc=1 hd=-2 y=-3.191 yr=-5.443 L=0 R=3 OL=0 OR=14 el=0 er=14 ed=-14 dl=0 dr=14 cl=0 cr=0 ok=122 fail=0 vofa=firewater rx=182 txdrop=0
1775035535.165454,1775035535165453800,12845950630900,HB,30916,0.0,1,-17.488,-27.829,13.0,0.0,13.0,17.0,0.0,6.0,0.0,13.0,0.0,0,0,yaw_jump,HB tick=30916 run=1 ts=20.000 as=6.500 ta=0.000 aa=-17.488 se=13.500 so=1.469 ae=17.488 ao=7.000 pwm=8 pc=1 hd=5 y=-17.488 yr=-27.829 L=6 R=0 OL=17 OR=0 el=13 er=0 ed=13 dl=13 dr=0 cl=0 cr=0 ok=123 fail=0 vofa=firewater rx=182 txdrop=0
1775035535.5384088,1775035535538408700,12846323588700,HB,31308,0.0,1,1.036,16.249,19.0,0.0,19.0,17.0,0.0,6.0,0.0,19.0,0.0,0,0,yaw_jump,HB tick=31308 run=1 ts=20.000 as=9.500 ta=0.000 aa=-16.045 se=10.500 so=1.222 ae=16.045 ao=7.000 pwm=8 pc=1 hd=5 y=1.036 yr=16.249 L=6 R=0 OL=17 OR=0 el=19 er=0 ed=19 dl=19 dr=0 cl=0 cr=0 ok=124 fail=0 vofa=firewater rx=182 txdrop=0
1775035535.7684164,1775035535768416600,12846553593900,HB,31515,0.0,1,28.129,56.593,0.0,13.0,-13.0,0.0,18.0,0.0,7.0,0.0,13.0,0,0,yaw_jump,HB tick=31515 run=1 ts=20.000 as=6.500 ta=0.000 aa=1.036 se=13.500 so=1.552 ae=-1.036 ao=-7.000 pwm=9 pc=2 hd=-5 y=28.129 yr=56.593 L=0 R=7 OL=0 OR=18 el=0 er=13 ed=-13 dl=0 dr=13 cl=0 cr=0 ok=125 fail=0 vofa=firewater rx=182 txdrop=0
1775035536.1326647,1775035536132664700,12846917842400,HB,31908,0.0,1,14.416,2.83,0.0,18.0,-18.0,0.0,17.0,0.0,6.0,0.0,18.0,0,0,yaw_jump,HB tick=31908 run=1 ts=20.000 as=9.000 ta=0.000 aa=30.667 se=11.000 so=1.358 ae=-30.667 ao=-7.000 pwm=8 pc=1 hd=-5 y=14.416 yr=2.830 L=0 R=6 OL=0 OR=17 el=0 er=18 ed=-18 dl=0 dr=18 cl=0 cr=0 ok=126 fail=0 vofa=firewater rx=182 txdrop=0
1775035536.361291,1775035536361291000,12847146468500,HB,32114,0.0,1,-10.719,-41.073,0.0,20.0,-20.0,0.0,17.0,0.0,6.0,0.0,20.0,0,0,yaw_jump,HB tick=32114 run=1 ts=20.000 as=10.000 ta=0.000 aa=14.416 se=10.000 so=1.283 ae=-14.416 ao=-7.000 pwm=8 pc=1 hd=-5 y=-10.719 yr=-41.073 L=0 R=6 OL=0 OR=17 el=0 er=20 ed=-20 dl=0 dr=20 cl=0 cr=0 ok=127 fail=0 vofa=firewater rx=182 txdrop=0
1775035536.5490522,1775035536549052100,12847334231200,HB,32320,0.0,1,-34.269,-66.517,13.0,0.0,13.0,18.0,0.0,7.0,0.0,13.0,0.0,0,0,yaw_jump,HB tick=32320 run=1 ts=20.000 as=6.500 ta=0.000 aa=-10.719 se=13.500 so=1.665 ae=10.719 ao=7.000 pwm=9 pc=2 hd=5 y=-34.269 yr=-66.517 L=7 R=0 OL=18 OR=0 el=13 er=0 ed=13 dl=13 dr=0 cl=0 cr=0 ok=128 fail=0 vofa=firewater rx=182 txdrop=0
1775035536.800122,1775035536800122000,12847585299400,HB,32546,0.0,1,-17.74,-17.524,19.0,0.0,19.0,17.0,0.0,6.0,0.0,19.0,0.0,0,0,yaw_jump,HB tick=32546 run=1 ts=20.000 as=9.500 ta=0.000 aa=-17.740 se=10.500 so=1.396 ae=17.740 ao=7.000 pwm=8 pc=1 hd=5 y=-17.740 yr=-17.524 L=6 R=0 OL=17 OR=0 el=19 er=0 ed=19 dl=19 dr=0 cl=0 cr=0 ok=129 fail=0 vofa=firewater rx=182 txdrop=0
1775035536.9767857,1775035536976785700,12847761963000,HB,32747,0.0,1,-10.886,0.484,19.0,0.0,19.0,17.0,0.0,6.0,0.0,19.0,0.0,0,0,,HB tick=32747 run=1 ts=20.000 as=9.500 ta=0.000 aa=-17.740 se=10.500 so=1.420 ae=17.740 ao=7.000 pwm=8 pc=1 hd=5 y=-10.886 yr=0.484 L=6 R=0 OL=17 OR=0 el=19 er=0 ed=19 dl=19 dr=0 cl=0 cr=0 ok=130 fail=0 vofa=firewater rx=182 txdrop=0
1775035537.3926198,1775035537392619800,12848177797000,HB,33140,0.0,1,31.79,62.921,0.0,12.0,-12.0,0.0,18.0,0.0,7.0,0.0,12.0,0,0,yaw_jump,HB tick=33140 run=1 ts=20.000 as=6.000 ta=0.000 aa=8.067 se=14.000 so=1.825 ae=-8.067 ao=-7.000 pwm=9 pc=2 hd=-5 y=31.790 yr=62.921 L=0 R=7 OL=0 OR=18 el=0 er=12 ed=-12 dl=0 dr=12 cl=0 cr=0 ok=131 fail=0 vofa=firewater rx=182 txdrop=0
1775035537.8261666,1775035537826166500,12848611343700,HB,33537,0.0,1,18.479,6.0,0.0,20.0,-20.0,0.0,17.0,0.0,6.0,0.0,20.0,0,0,yaw_jump,HB tick=33537 run=1 ts=20.000 as=10.000 ta=0.000 aa=34.507 se=10.000 so=1.481 ae=-34.507 ao=-7.000 pwm=8 pc=1 hd=-5 y=18.479 yr=6.000 L=0 R=6 OL=0 OR=17 el=0 er=20 ed=-20 dl=0 dr=20 cl=0 cr=0 ok=132 fail=0 vofa=firewater rx=182 txdrop=0
1775035538.003962,1775035538003962000,12848789139400,HB,33748,0.0,1,-6.212,-37.252,0.0,20.0,-20.0,0.0,18.0,0.0,7.0,0.0,20.0,0,0,yaw_jump,HB tick=33748 run=1 ts=20.000 as=10.000 ta=0.000 aa=18.479 se=10.000 so=1.506 ae=-18.479 ao=-7.000 pwm=9 pc=2 hd=-5 y=-6.212 yr=-37.252 L=0 R=7 OL=0 OR=18 el=0 er=20 ed=-20 dl=0 dr=20 cl=0 cr=0 ok=133 fail=0 vofa=firewater rx=182 txdrop=0
1775035538.181137,1775035538181137200,12848966314300,HB,33954,0.0,1,-32.779,-69.132,12.0,0.0,12.0,18.0,0.0,7.0,0.0,12.0,0.0,0,0,yaw_jump,HB tick=33954 run=1 ts=20.000 as=6.000 ta=0.000 aa=-6.212 se=14.000 so=1.936 ae=6.212 ao=7.000 pwm=9 pc=2 hd=5 y=-32.779 yr=-69.132 L=7 R=0 OL=18 OR=0 el=12 er=0 ed=12 dl=12 dr=0 cl=0 cr=0 ok=134 fail=0 vofa=firewater rx=182 txdrop=0
1775035538.4096792,1775035538409679000,12849194856200,HB,34160,0.0,1,-33.348,-45.908,18.0,0.0,18.0,18.0,0.0,7.0,0.0,18.0,0.0,0,0,,HB tick=34160 run=1 ts=20.000 as=9.000 ta=0.000 aa=-32.778 se=11.000 so=1.667 ae=32.778 ao=7.000 pwm=9 pc=2 hd=5 y=-33.348 yr=-45.908 L=7 R=0 OL=18 OR=0 el=18 er=0 ed=18 dl=18 dr=0 cl=0 cr=0 ok=135 fail=0 vofa=firewater rx=182 txdrop=0
1775035538.597322,1775035538597321900,12849382500200,HB,34370,0.0,1,-15.436,-0.129,20.0,0.0,20.0,17.0,0.0,6.0,0.0,20.0,0.0,0,0,yaw_jump,HB tick=34370 run=1 ts=20.000 as=10.000 ta=0.000 aa=-33.348 se=10.000 so=1.592 ae=33.348 ao=7.000 pwm=8 pc=1 hd=5 y=-15.436 yr=-0.129 L=6 R=0 OL=17 OR=0 el=20 er=0 ed=20 dl=20 dr=0 cl=0 cr=0 ok=136 fail=0 vofa=firewater rx=182 txdrop=0
1775035538.8270383,1775035538827038300,12849612216300,HB,34577,0.0,1,10.601,44.371,22.0,0.0,22.0,0.0,18.0,0.0,7.0,22.0,0.0,0,0,right_output_without_encoder|yaw_jump,HB tick=34577 run=1 ts=20.000 as=11.000 ta=0.000 aa=10.601 se=9.000 so=1.514 ae=-10.601 ao=-7.000 pwm=9 pc=2 hd=-5 y=10.601 yr=44.371 L=0 R=7 OL=0 OR=18 el=22 er=0 ed=22 dl=22 dr=0 cl=0 cr=0 ok=137 fail=0 vofa=firewater rx=182 txdrop=0
1775035539.0160708,1775035539016071000,12849801248900,HB,34787,0.0,1,36.311,71.287,0.0,13.0,-13.0,0.0,18.0,0.0,7.0,0.0,13.0,0,0,yaw_jump,HB tick=34787 run=1 ts=20.000 as=6.500 ta=0.000 aa=10.601 se=13.500 so=1.993 ae=-10.601 ao=-7.000 pwm=9 pc=2 hd=-5 y=36.311 yr=71.287 L=0 R=7 OL=0 OR=18 el=0 er=13 ed=-13 dl=0 dr=13 cl=0 cr=0 ok=138 fail=0 vofa=firewater rx=182 txdrop=0
1775035539.2436905,1775035539243690400,12850028867700,HB,34994,0.0,1,38.064,49.315,0.0,19.0,-19.0,0.0,18.0,0.0,7.0,0.0,19.0,0,0,,HB tick=34994 run=1 ts=20.000 as=9.500 ta=0.000 aa=36.311 se=10.500 so=1.724 ae=-36.311 ao=-7.000 pwm=9 pc=2 hd=-5 y=38.064 yr=49.315 L=0 R=7 OL=0 OR=18 el=0 er=19 ed=-19 dl=0 dr=19 cl=0 cr=0 ok=139 fail=0 vofa=firewater rx=182 txdrop=0
1775035539.858341,1775035539858340900,12850643518200,HB,35604,0.0,1,-29.098,-8.751,8.0,13.0,-5.0,12.0,12.0,1.0,1.0,8.0,13.0,0,0,yaw_jump,HB tick=35604 run=1 ts=20.000 as=10.500 ta=0.000 aa=0.000 se=9.500 so=0.977 ae=0.000 ao=0.000 pwm=12 pc=1 hd=0 y=-29.098 yr=-8.751 L=1 R=1 OL=12 OR=12 el=8 er=13 ed=-5 dl=8 dr=13 cl=0 cr=0 ok=140 fail=0 vofa=firewater rx=201 txdrop=0
1775035540.221568,1775035540221568100,12851006747700,HB,35997,0.0,1,-32.14,-7.56,18.0,0.0,18.0,17.0,0.0,6.0,0.0,18.0,0.0,0,0,,HB tick=35997 run=1 ts=20.000 as=9.000 ta=0.000 aa=-11.254 se=11.000 so=1.185 ae=11.254 ao=7.000 pwm=8 pc=1 hd=5 y=-32.140 yr=-7.560 L=6 R=0 OL=17 OR=0 el=18 er=0 ed=18 dl=18 dr=0 cl=0 cr=0 ok=141 fail=0 vofa=firewater rx=201 txdrop=0
1775035540.4609191,1775035540460919100,12851246096300,HB,36208,0.0,1,-11.856,28.894,20.0,0.0,20.0,0.0,17.0,0.0,6.0,20.0,0.0,0,0,right_output_without_encoder|yaw_jump,HB tick=36208 run=1 ts=20.000 as=10.000 ta=0.000 aa=12.242 se=10.000 so=1.111 ae=-12.242 ao=-7.000 pwm=8 pc=1 hd=-5 y=-11.856 yr=28.894 L=0 R=6 OL=0 OR=17 el=20 er=0 ed=20 dl=20 dr=0 cl=0 cr=0 ok=142 fail=0 vofa=firewater rx=201 txdrop=0
1775035540.6384706,1775035540638470600,12851423647900,HB,36414,0.0,1,13.772,62.113,0.0,12.0,-12.0,0.0,18.0,0.0,7.0,0.0,12.0,0,0,yaw_jump,HB tick=36414 run=1 ts=20.000 as=6.000 ta=0.000 aa=12.242 se=14.000 so=1.541 ae=-12.242 ao=-7.000 pwm=9 pc=2 hd=-5 y=13.772 yr=62.113 L=0 R=7 OL=0 OR=18 el=0 er=12 ed=-12 dl=0 dr=12 cl=0 cr=0 ok=143 fail=0 vofa=firewater rx=201 txdrop=0
1775035540.8665395,1775035540866539400,12851651716800,HB,36619,0.0,1,15.011,42.499,0.0,15.0,-15.0,0.0,17.0,0.0,6.0,0.0,15.0,0,0,,HB tick=36619 run=1 ts=20.000 as=7.500 ta=0.000 aa=37.870 se=12.500 so=1.422 ae=-37.870 ao=-7.000 pwm=8 pc=1 hd=-5 y=15.011 yr=42.499 L=0 R=6 OL=0 OR=17 el=0 er=15 ed=-15 dl=0 dr=15 cl=0 cr=0 ok=144 fail=0 vofa=firewater rx=201 txdrop=0
1775035541.0129914,1775035541012991500,12851798168800,HB,36785,1487.0,1,2.213,0.803,0.0,17.0,-17.0,0.0,17.0,0.0,6.0,0.0,17.0,0,0,yaw_jump,HB tick=36785 exp_id=200 t_ms=1487 run=1 ts=20.000 as=8.500 ta=0.000 aa=39.109 se=11.500 so=1.346 ae=-39.109 ao=-7.000 pwm=8 pc=1 hd=-5 y=2.213 yr=0.803 L=0 R=6 OL=0 OR=17 el=0 er=17 ed=-17 dl=0 dr=17 cl=0 cr=0 ok=145 fail=0 vofa=firewater rx=215 txdrop=0
1775035541.2431207,1775035541243120600,12852028298200,HB,37018,1720.0,1,-18.997,-31.338,0.0,19.0,-19.0,0.0,17.0,0.0,6.0,0.0,19.0,0,0,yaw_jump,HB tick=37018 exp_id=200 t_ms=1720 run=1 ts=20.000 as=9.500 ta=0.000 aa=26.311 se=10.500 so=1.276 ae=-26.311 ao=-7.000 pwm=8 pc=1 hd=-5 y=-18.997 yr=-31.338 L=0 R=6 OL=0 OR=17 el=0 er=19 ed=-19 dl=0 dr=19 cl=0 cr=0 ok=146 fail=0 vofa=firewater rx=215 txdrop=0
1775035541.4100435,1775035541410043300,12852195221200,HB,37183,1885.0,1,-39.163,-63.148,0.0,18.0,-18.0,0.0,17.0,0.0,6.0,0.0,18.0,0,0,yaw_jump,HB tick=37183 exp_id=200 t_ms=1885 run=1 ts=20.000 as=9.000 ta=0.000 aa=5.101 se=11.000 so=1.347 ae=-5.101 ao=-7.000 pwm=8 pc=1 hd=-5 y=-39.163 yr=-63.148 L=0 R=6 OL=0 OR=17 el=0 er=18 ed=-18 dl=0 dr=18 cl=0 cr=0 ok=147 fail=0 vofa=firewater rx=215 txdrop=0
1775035541.6386192,1775035541638619200,12852423796300,HB,37416,2118.0,1,-64.268,-78.757,14.0,0.0,14.0,18.0,0.0,7.0,0.0,14.0,0.0,0,0,yaw_jump,HB tick=37416 exp_id=200 t_ms=2118 run=1 ts=20.000 as=7.000 ta=0.000 aa=-15.065 se=13.000 so=1.582 ae=15.065 ao=7.000 pwm=9 pc=2 hd=5 y=-64.268 yr=-78.757 L=7 R=0 OL=18 OR=0 el=14 er=0 ed=14 dl=14 dr=0 cl=0 cr=0 ok=148 fail=0 vofa=firewater rx=215 txdrop=0
1775035541.8564715,1775035541856471600,12852641649200,HB,37626,2328.0,1,-62.97,-49.028,17.0,0.0,17.0,17.0,0.0,6.0,0.0,17.0,0.0,0,0,,HB tick=37626 exp_id=200 t_ms=2328 run=1 ts=20.000 as=8.500 ta=0.000 aa=-40.170 se=11.500 so=1.463 ae=40.170 ao=7.000 pwm=8 pc=1 hd=5 y=-62.970 yr=-49.028 L=6 R=0 OL=17 OR=0 el=17 er=0 ed=17 dl=17 dr=0 cl=0 cr=0 ok=149 fail=0 vofa=firewater rx=215 txdrop=0
1775035542.0540936,1775035542054093500,12852839270600,HB,37831,2533.0,1,-42.866,2.455,20.0,0.0,20.0,17.0,0.0,6.0,0.0,20.0,0.0,0,0,yaw_jump,HB tick=37831 exp_id=200 t_ms=2533 run=1 ts=20.000 as=10.000 ta=0.000 aa=-38.872 se=10.000 so=1.340 ae=38.872 ao=7.000 pwm=8 pc=1 hd=5 y=-42.866 yr=2.455 L=6 R=0 OL=17 OR=0 el=20 er=0 ed=20 dl=20 dr=0 cl=0 cr=0 ok=150 fail=0 vofa=firewater rx=215 txdrop=0
1775035542.2619514,1775035542261951500,12853047128600,HB,38036,2738.0,1,-19.898,40.809,20.0,0.0,20.0,17.0,0.0,6.0,0.0,20.0,0.0,0,0,yaw_jump,HB tick=38036 exp_id=200 t_ms=2738 run=1 ts=20.000 as=10.000 ta=0.000 aa=-18.768 se=10.000 so=1.364 ae=18.768 ao=7.000 pwm=8 pc=1 hd=5 y=-19.898 yr=40.809 L=6 R=0 OL=17 OR=0 el=20 er=0 ed=20 dl=20 dr=0 cl=0 cr=0 ok=151 fail=0 vofa=firewater rx=229 txdrop=0
1775035542.4704235,1775035542470423500,12853255601100,HB,38246,2948.0,1,3.474,65.479,0.0,15.0,-15.0,0.0,18.0,0.0,7.0,0.0,15.0,0,0,yaw_jump,HB tick=38246 exp_id=200 t_ms=2948 run=1 ts=20.000 as=7.500 ta=0.000 aa=4.200 se=12.500 so=1.643 ae=-4.200 ao=-7.000 pwm=9 pc=2 hd=-5 y=3.474 yr=65.479 L=0 R=7 OL=0 OR=18 el=0 er=15 ed=-15 dl=0 dr=15 cl=0 cr=0 ok=152 fail=0 vofa=firewater rx=229 txdrop=0
1775035542.6760757,1775035542676075900,12853461253000,HB,38452,3154.0,1,5.542,46.075,0.0,17.0,-17.0,0.0,18.0,0.0,7.0,0.0,17.0,0,0,,HB tick=38452 exp_id=200 t_ms=3154 run=1 ts=20.000 as=8.500 ta=0.000 aa=27.571 se=11.500 so=1.573 ae=-27.571 ao=-7.000 pwm=9 pc=2 hd=-5 y=5.542 yr=46.075 L=0 R=7 OL=0 OR=18 el=0 er=17 ed=-17 dl=0 dr=17 cl=0 cr=0 ok=153 fail=0 vofa=firewater rx=229 txdrop=0
1775035542.9036355,1775035542903635500,12853688813200,HB,38672,3374.0,1,-30.005,-26.602,0.0,19.0,-19.0,0.0,18.0,0.0,7.0,0.0,19.0,0,0,yaw_jump,HB tick=38672 exp_id=200 t_ms=3374 run=1 ts=20.000 as=9.500 ta=0.000 aa=29.640 se=10.500 so=1.502 ae=-29.640 ao=-7.000 pwm=9 pc=2 hd=-5 y=-30.005 yr=-26.602 L=0 R=7 OL=0 OR=18 el=0 er=19 ed=-19 dl=0 dr=19 cl=0 cr=0 ok=154 fail=0 vofa=firewater rx=229 txdrop=0
1775035543.0598485,1775035543059848500,12853845025700,HB,38829,3531.0,1,-34.492,-27.295,11.0,1.0,10.0,18.0,0.0,7.0,0.0,11.0,1.0,0,0,,HB tick=38829 exp_id=200 t_ms=3531 run=1 ts=20.000 as=6.000 ta=0.000 aa=-5.907 se=14.000 so=1.873 ae=5.907 ao=7.000 pwm=9 pc=2 hd=5 y=-34.492 yr=-27.295 L=7 R=0 OL=18 OR=0 el=11 er=1 ed=10 dl=11 dr=1 cl=0 cr=0 ok=155 fail=0 vofa=firewater rx=229 txdrop=0
1775035543.2872417,1775035543287241800,12854072419400,HB,39061,3763.0,1,-39.576,-25.412,18.0,0.0,18.0,18.0,0.0,7.0,0.0,18.0,0.0,0,0,,HB tick=39061 exp_id=200 t_ms=3763 run=1 ts=20.000 as=9.000 ta=0.000 aa=-10.394 se=11.000 so=1.609 ae=10.394 ao=7.000 pwm=9 pc=2 hd=5 y=-39.576 yr=-25.412 L=7 R=0 OL=18 OR=0 el=18 er=0 ed=18 dl=18 dr=0 cl=0 cr=0 ok=156 fail=0 vofa=firewater rx=229 txdrop=0
1775035543.4540534,1775035543454053500,12854239232700,STAT,39206,3908.0,1,-39.576248,-25.412058,20.0,0.0,20.0,18.0,0.0,7.0,0.0,20.0,0.0,0,0,,STAT tick=39206 exp_id=200 t_ms=3908 run=1 ts=20.000000 as=10.000000 ta=0.000000 aa=-15.478413 se=10.000000 so=1.526560 ae=15.478413 ao=7.000000 pwm=9 pc=2 hd=5 y=-39.576248 p=-1.135259 r=5.745803 yr=-25.412058 ax=0 ay=0 az=0 gx=0 gy=0 gz=0 who=0x85 addr=0x4A icm_ok=198 icm_fail=0 L=7 R=0 OL=18 OR=0 el=20 er=0 ed=20 dl=20 dr=0 cl=0 cr=0 skp=0.100000 ski=0.012000 skd=0.000000 akp=8.000000 aki=0.002400 akd=0.320000 ok=157 fail=0 vofa=firewater rx=235 txdrop=0
1775035543.64209,1775035543642090000,12854427267400,HB,39415,4117.0,1,-18.275,20.8,0.0,14.0,-14.0,0.0,18.0,0.0,7.0,0.0,14.0,0,0,yaw_jump,HB tick=39415 exp_id=200 t_ms=4117 run=1 ts=20.000 as=7.000 ta=0.000 aa=1.454 se=13.000 so=1.854 ae=-1.454 ao=-7.000 pwm=9 pc=2 hd=-5 y=-18.275 yr=20.800 L=0 R=7 OL=0 OR=18 el=0 er=14 ed=-14 dl=0 dr=14 cl=0 cr=0 ok=158 fail=0 vofa=firewater rx=235 txdrop=0
1775035543.8708048,1775035543870804800,12854655982200,HB,39647,4349.0,1,2.878,45.432,0.0,18.0,-18.0,0.0,18.0,0.0,7.0,0.0,18.0,0,0,yaw_jump,HB tick=39647 exp_id=200 t_ms=4349 run=1 ts=20.000 as=9.000 ta=0.000 aa=5.823 se=11.000 so=1.687 ae=-5.823 ao=-7.000 pwm=9 pc=2 hd=-5 y=2.878 yr=45.432 L=0 R=7 OL=0 OR=18 el=0 er=18 ed=-18 dl=0 dr=18 cl=0 cr=0 ok=159 fail=0 vofa=firewater rx=235 txdrop=0
1775035544.0376437,1775035544037643800,12854822821100,HB,39807,4509.0,1,-14.493,-8.468,0.0,19.0,-19.0,0.0,18.0,0.0,7.0,0.0,19.0,0,0,yaw_jump,HB tick=39807 exp_id=200 t_ms=4509 run=1 ts=20.000 as=9.500 ta=0.000 aa=26.976 se=10.500 so=1.657 ae=-26.976 ao=-7.000 pwm=9 pc=2 hd=-5 y=-14.493 yr=-8.468 L=0 R=7 OL=0 OR=18 el=0 er=19 ed=-19 dl=0 dr=19 cl=0 cr=0 ok=160 fail=0 vofa=firewater rx=235 txdrop=0
1775035544.2654197,1775035544265419700,12855050596700,HB,40040,4742.0,1,-37.083,-39.439,0.0,21.0,-21.0,0.0,18.0,0.0,7.0,0.0,21.0,0,0,yaw_jump,HB tick=40040 exp_id=200 t_ms=4742 run=1 ts=20.000 as=10.500 ta=0.000 aa=9.605 se=9.500 so=1.586 ae=-9.605 ao=-7.000 pwm=9 pc=2 hd=-5 y=-37.083 yr=-39.439 L=0 R=7 OL=0 OR=18 el=0 er=21 ed=-21 dl=0 dr=21 cl=0 cr=0 ok=161 fail=0 vofa=firewater rx=235 txdrop=0
1775035544.4728494,1775035544472849400,12855258027200,HB,40245,4947.0,1,-66.345,-75.594,12.0,0.0,12.0,18.0,0.0,7.0,0.0,12.0,0.0,0,0,yaw_jump,HB tick=40245 exp_id=200 t_ms=4947 run=1 ts=20.000 as=6.000 ta=0.000 aa=-12.985 se=14.000 so=2.064 ae=12.985 ao=7.000 pwm=9 pc=2 hd=5 y=-66.345 yr=-75.594 L=7 R=0 OL=18 OR=0 el=12 er=0 ed=12 dl=12 dr=0 cl=0 cr=0 ok=162 fail=0 vofa=firewater rx=235 txdrop=0
1775035544.6803882,1775035544680388100,12855465565500,HB,40450,5152.0,1,-65.846,-48.285,19.0,0.0,19.0,18.0,0.0,7.0,0.0,19.0,0.0,0,0,,HB tick=40450 exp_id=200 t_ms=5152 run=1 ts=20.000 as=9.500 ta=0.000 aa=-42.247 se=10.500 so=1.745 ae=42.247 ao=7.000 pwm=9 pc=2 hd=5 y=-65.846 yr=-48.285 L=7 R=0 OL=18 OR=0 el=19 er=0 ed=19 dl=19 dr=0 cl=0 cr=0 ok=163 fail=0 vofa=firewater rx=235 txdrop=0
1775035544.878873,1775035544878873000,12855664050400,HB,40655,5357.0,1,-46.786,1.157,21.0,0.0,21.0,18.0,0.0,7.0,0.0,21.0,0.0,0,0,yaw_jump,HB tick=40655 exp_id=200 t_ms=5357 run=1 ts=20.000 as=10.500 ta=0.000 aa=-41.749 se=9.500 so=1.668 ae=41.749 ao=7.000 pwm=9 pc=2 hd=5 y=-46.786 yr=1.157 L=7 R=0 OL=18 OR=0 el=21 er=0 ed=21 dl=21 dr=0 cl=0 cr=0 ok=164 fail=0 vofa=firewater rx=235 txdrop=0
1775035545.0882423,1775035545088242100,12855873420300,HB,40865,5567.0,1,-22.605,41.054,22.0,0.0,22.0,18.0,0.0,7.0,0.0,22.0,0.0,0,0,yaw_jump,HB tick=40865 exp_id=200 t_ms=5567 run=1 ts=20.000 as=11.000 ta=0.000 aa=-22.688 se=9.000 so=1.642 ae=22.688 ao=7.000 pwm=9 pc=2 hd=5 y=-22.605 yr=41.054 L=7 R=0 OL=18 OR=0 el=22 er=0 ed=22 dl=22 dr=0 cl=0 cr=0 ok=165 fail=0 vofa=firewater rx=235 txdrop=0
1775035545.2957325,1775035545295732400,12856080910600,HB,41070,5772.0,1,5.521,74.705,1.0,12.0,-11.0,0.0,18.0,0.0,7.0,1.0,12.0,0,0,yaw_jump,HB tick=41070 exp_id=200 t_ms=5772 run=1 ts=20.000 as=6.500 ta=0.000 aa=1.493 se=13.500 so=2.119 ae=-1.493 ao=-7.000 pwm=9 pc=2 hd=-5 y=5.521 yr=74.705 L=0 R=7 OL=0 OR=18 el=1 er=12 ed=-11 dl=1 dr=12 cl=0 cr=0 ok=166 fail=0 vofa=firewater rx=235 txdrop=0
1775035545.503541,1775035545503541100,12856288718300,HB,41275,5977.0,1,8.209,53.147,0.0,16.0,-16.0,0.0,18.0,0.0,7.0,0.0,16.0,0,0,,HB tick=41275 exp_id=200 t_ms=5977 run=1 ts=20.000 as=8.000 ta=0.000 aa=29.619 se=12.000 so=2.001 ae=-29.619 ao=-7.000 pwm=9 pc=2 hd=-5 y=8.209 yr=53.147 L=0 R=7 OL=0 OR=18 el=0 er=16 ed=-16 dl=0 dr=16 cl=0 cr=0 ok=167 fail=0 vofa=firewater rx=235 txdrop=0
1775035545.7107108,1775035545710710700,12856495888500,HB,41485,6187.0,1,-8.026,7.488,0.0,21.0,-21.0,0.0,18.0,0.0,7.0,0.0,21.0,0,0,yaw_jump,HB tick=41485 exp_id=200 t_ms=6187 run=1 ts=20.000 as=10.500 ta=0.000 aa=32.307 se=9.500 so=1.777 ae=-32.307 ao=-7.000 pwm=9 pc=2 hd=-5 y=-8.026 yr=7.488 L=0 R=7 OL=0 OR=18 el=0 er=21 ed=-21 dl=0 dr=21 cl=0 cr=0 ok=168 fail=0 vofa=firewater rx=235 txdrop=0
1775035545.919754,1775035545919754000,12856704932400,HB,41690,6392.0,1,-33.001,-37.773,0.0,21.0,-21.0,0.0,18.0,0.0,7.0,0.0,21.0,0,0,yaw_jump,HB tick=41690 exp_id=200 t_ms=6392 run=1 ts=20.000 as=10.500 ta=0.000 aa=16.072 se=9.500 so=1.801 ae=-16.072 ao=-7.000 pwm=9 pc=2 hd=-5 y=-33.001 yr=-37.773 L=0 R=7 OL=0 OR=18 el=0 er=21 ed=-21 dl=0 dr=21 cl=0 cr=0 ok=169 fail=0 vofa=firewater rx=235 txdrop=0
1775035546.1276636,1775035546127663600,12856912841600,HB,41895,6597.0,1,-58.534,-68.147,13.0,0.0,13.0,18.0,0.0,7.0,0.0,13.0,0.0,0,0,yaw_jump,HB tick=41895 exp_id=200 t_ms=6597 run=1 ts=20.000 as=6.500 ta=0.000 aa=-8.903 se=13.500 so=2.230 ae=8.903 ao=7.000 pwm=9 pc=2 hd=5 y=-58.534 yr=-68.147 L=7 R=0 OL=18 OR=0 el=13 er=0 ed=13 dl=13 dr=0 cl=0 cr=0 ok=170 fail=0 vofa=firewater rx=235 txdrop=0
1775035546.3351495,1775035546335149500,12857120327300,HB,42105,6807.0,1,-59.335,-45.629,18.0,0.0,18.0,18.0,0.0,7.0,0.0,18.0,0.0,0,0,,HB tick=42105 exp_id=200 t_ms=6807 run=1 ts=20.000 as=9.000 ta=0.000 aa=-34.437 se=11.000 so=2.011 ae=34.437 ao=7.000 pwm=9 pc=2 hd=5 y=-59.335 yr=-45.629 L=7 R=0 OL=18 OR=0 el=18 er=0 ed=18 dl=18 dr=0 cl=0 cr=0 ok=171 fail=0 vofa=firewater rx=235 txdrop=0
1775035546.4910526,1775035546491052600,12857276229700,HB,42266,6968.0,1,-43.492,4.783,20.0,0.0,20.0,18.0,0.0,7.0,0.0,20.0,0.0,0,0,yaw_jump,HB tick=42266 exp_id=200 t_ms=6968 run=1 ts=20.000 as=10.000 ta=0.000 aa=-35.237 se=10.000 so=1.930 ae=35.237 ao=7.000 pwm=9 pc=2 hd=5 y=-43.492 yr=4.783 L=7 R=0 OL=18 OR=0 el=20 er=0 ed=20 dl=20 dr=0 cl=0 cr=0 ok=172 fail=0 vofa=firewater rx=235 txdrop=0
1775035546.730962,1775035546730962000,12857516139300,HB,42498,7200.0,1,-19.913,38.681,21.0,0.0,21.0,18.0,0.0,7.0,0.0,21.0,0.0,0,0,yaw_jump,HB tick=42498 exp_id=200 t_ms=7200 run=1 ts=20.000 as=10.500 ta=0.000 aa=-19.394 se=9.500 so=1.905 ae=19.394 ao=7.000 pwm=9 pc=2 hd=5 y=-19.913 yr=38.681 L=7 R=0 OL=18 OR=0 el=21 er=0 ed=21 dl=21 dr=0 cl=0 cr=0 ok=173 fail=0 vofa=firewater rx=235 txdrop=0
1775035546.939839,1775035546939839100,12857725016400,HB,42708,7410.0,1,8.576,72.623,0.0,11.0,-11.0,0.0,18.0,0.0,7.0,0.0,11.0,0,0,yaw_jump,HB tick=42708 exp_id=200 t_ms=7410 run=1 ts=20.000 as=5.500 ta=0.000 aa=4.185 se=14.500 so=2.435 ae=-4.185 ao=-7.000 pwm=9 pc=2 hd=-5 y=8.576 yr=72.623 L=0 R=7 OL=0 OR=18 el=0 er=11 ed=-11 dl=0 dr=11 cl=0 cr=0 ok=174 fail=0 vofa=firewater rx=235 txdrop=0
1775035547.1361268,1775035547136126800,12857921306000,HB,42913,7615.0,1,11.74,52.607,0.0,19.0,-19.0,0.0,18.0,0.0,7.0,0.0,19.0,0,0,,HB tick=42913 exp_id=200 t_ms=7615 run=1 ts=20.000 as=9.500 ta=0.000 aa=32.673 se=10.500 so=2.067 ae=-32.673 ao=-7.000 pwm=9 pc=2 hd=-5 y=11.740 yr=52.607 L=0 R=7 OL=0 OR=18 el=0 er=19 ed=-19 dl=0 dr=19 cl=0 cr=0 ok=175 fail=0 vofa=firewater rx=235 txdrop=0
1775035547.3436813,1775035547343681400,12858128858700,HB,43118,7820.0,1,-6.189,3.585,0.0,21.0,-21.0,0.0,18.0,0.0,7.0,0.0,21.0,0,0,yaw_jump,HB tick=43118 exp_id=200 t_ms=7820 run=1 ts=20.000 as=10.500 ta=0.000 aa=35.837 se=9.500 so=1.990 ae=-35.837 ao=-7.000 pwm=9 pc=2 hd=-5 y=-6.189 yr=3.585 L=0 R=7 OL=0 OR=18 el=0 er=21 ed=-21 dl=0 dr=21 cl=0 cr=0 ok=176 fail=0 vofa=firewater rx=235 txdrop=0
1775035547.5726151,1775035547572615100,12858357793800,HB,43344,8046.0,1,-46.869,-60.67,0.0,21.0,-21.0,0.0,18.0,0.0,7.0,0.0,21.0,0,0,yaw_jump,HB tick=43344 exp_id=200 t_ms=8046 run=1 ts=20.000 as=10.500 ta=0.000 aa=17.909 se=9.500 so=2.017 ae=-17.909 ao=-7.000 pwm=9 pc=2 hd=-5 y=-46.869 yr=-60.670 L=0 R=7 OL=0 OR=18 el=0 er=21 ed=-21 dl=0 dr=21 cl=0 cr=0 ok=177 fail=0 vofa=firewater rx=235 txdrop=0
1775035547.7694485,1775035547769448400,12858554626300,HB,43544,8246.0,1,-60.567,-63.407,13.0,0.0,13.0,18.0,0.0,7.0,0.0,13.0,0.0,0,0,yaw_jump,HB tick=43544 exp_id=200 t_ms=8246 run=1 ts=20.000 as=6.500 ta=0.000 aa=-22.771 se=13.500 so=2.445 ae=22.771 ao=7.000 pwm=9 pc=2 hd=5 y=-60.567 yr=-63.407 L=7 R=0 OL=18 OR=0 el=13 er=0 ed=13 dl=13 dr=0 cl=0 cr=0 ok=178 fail=0 vofa=firewater rx=235 txdrop=0
1775035547.9877489,1775035547987748800,12858772926800,HB,43766,8468.0,1,-46.377,-18.842,20.0,0.0,20.0,18.0,0.0,7.0,0.0,20.0,0.0,0,0,yaw_jump,HB tick=43766 exp_id=200 t_ms=8468 run=1 ts=20.000 as=10.000 ta=0.000 aa=-36.469 se=10.000 so=2.127 ae=36.469 ao=7.000 pwm=9 pc=2 hd=5 y=-46.377 yr=-18.842 L=7 R=0 OL=18 OR=0 el=20 er=0 ed=20 dl=20 dr=0 cl=0 cr=0 ok=179 fail=0 vofa=firewater rx=235 txdrop=0
1775035548.1450217,1775035548145021700,12858930199000,HB,43922,8624.0,1,-41.922,-2.253,21.0,0.0,21.0,18.0,0.0,7.0,0.0,21.0,0.0,0,0,,HB tick=43922 exp_id=200 t_ms=8624 run=1 ts=20.000 as=10.500 ta=0.000 aa=-22.279 se=9.500 so=2.095 ae=22.279 ao=7.000 pwm=9 pc=2 hd=5 y=-41.922 yr=-2.253 L=7 R=0 OL=18 OR=0 el=21 er=0 ed=21 dl=21 dr=0 cl=0 cr=0 ok=180 fail=0 vofa=firewater rx=235 txdrop=0
1775035548.3857186,1775035548385718600,12859170895700,HB,44155,8857.0,1,-19.897,31.621,22.0,0.0,22.0,18.0,0.0,7.0,0.0,22.0,0.0,0,0,yaw_jump,HB tick=44155 exp_id=200 t_ms=8857 run=1 ts=20.000 as=11.000 ta=0.000 aa=-17.824 se=9.000 so=2.071 ae=17.824 ao=7.000 pwm=9 pc=2 hd=5 y=-19.897 yr=31.621 L=7 R=0 OL=18 OR=0 el=22 er=0 ed=22 dl=22 dr=0 cl=0 cr=0 ok=181 fail=0 vofa=firewater rx=235 txdrop=0
1775035548.5516787,1775035548551678600,12859336855900,HB,44320,9022.0,1,2.672,68.427,2.0,12.0,-10.0,0.0,18.0,0.0,7.0,2.0,12.0,0,0,yaw_jump,HB tick=44320 exp_id=200 t_ms=9022 run=1 ts=20.000 as=7.000 ta=0.000 aa=4.201 se=13.000 so=2.493 ae=-4.201 ao=-7.000 pwm=9 pc=2 hd=-5 y=2.672 yr=68.427 L=0 R=7 OL=0 OR=18 el=2 er=12 ed=-10 dl=2 dr=12 cl=0 cr=0 ok=182 fail=0 vofa=firewater rx=235 txdrop=0
1775035548.7822046,1775035548782204600,12859567381900,HB,44553,9255.0,1,12.655,59.473,0.0,19.0,-19.0,0.0,18.0,0.0,7.0,0.0,19.0,0,0,yaw_jump,HB tick=44553 exp_id=200 t_ms=9255 run=1 ts=20.000 as=9.500 ta=0.000 aa=26.770 se=10.500 so=2.276 ae=-26.770 ao=-7.000 pwm=9 pc=2 hd=-5 y=12.655 yr=59.473 L=0 R=7 OL=0 OR=18 el=0 er=19 ed=-19 dl=0 dr=19 cl=0 cr=0 ok=183 fail=0 vofa=firewater rx=235 txdrop=0
1775035548.9904165,1775035548990416700,12859775594900,HB,44763,9465.0,1,-7.177,5.604,0.0,20.0,-20.0,0.0,18.0,0.0,7.0,0.0,20.0,0,0,yaw_jump,HB tick=44763 exp_id=200 t_ms=9465 run=1 ts=20.000 as=10.000 ta=0.000 aa=36.753 se=10.000 so=2.253 ae=-36.753 ao=-7.000 pwm=9 pc=2 hd=-5 y=-7.177 yr=5.604 L=0 R=7 OL=0 OR=18 el=0 er=20 ed=-20 dl=0 dr=20 cl=0 cr=0 ok=184 fail=0 vofa=firewater rx=235 txdrop=0
1775035549.198106,1775035549198106000,12859983283300,HB,44968,9670.0,1,-30.342,-35.908,0.0,21.0,-21.0,0.0,18.0,0.0,7.0,0.0,21.0,0,0,yaw_jump,HB tick=44968 exp_id=200 t_ms=9670 run=1 ts=20.000 as=10.500 ta=0.000 aa=16.921 se=9.500 so=2.225 ae=-16.921 ao=-7.000 pwm=9 pc=2 hd=-5 y=-30.342 yr=-35.908 L=0 R=7 OL=0 OR=18 el=0 er=21 ed=-21 dl=0 dr=21 cl=0 cr=0 ok=185 fail=0 vofa=firewater rx=235 txdrop=0
1775035549.3957062,1775035549395706100,12860180883700,HB,45173,9875.0,1,-58.391,-71.228,15.0,1.0,14.0,20.0,0.0,9.0,0.0,15.0,1.0,0,0,yaw_jump,HB tick=45173 exp_id=200 t_ms=9875 run=1 ts=20.000 as=8.000 ta=0.000 aa=-6.245 se=12.000 so=2.504 ae=6.245 ao=7.000 pwm=10 pc=3 hd=6 y=-58.391 yr=-71.228 L=9 R=0 OL=20 OR=0 el=15 er=1 ed=14 dl=15 dr=1 cl=0 cr=0 ok=186 fail=0 vofa=firewater rx=235 txdrop=0
1775035549.6129074,1775035549612907400,12860398084500,HB,45383,10084.0,1,-59.343,-47.892,20.0,0.0,20.0,18.0,0.0,7.0,0.0,20.0,0.0,0,0,,HB tick=45383 exp_id=200 t_ms=10084 run=1 ts=20.000 as=10.000 ta=0.000 aa=-34.293 se=10.000 so=2.332 ae=34.293 ao=7.000 pwm=9 pc=2 hd=5 y=-59.343 yr=-47.892 L=7 R=0 OL=18 OR=0 el=20 er=0 ed=20 dl=20 dr=0 cl=0 cr=0 ok=187 fail=0 vofa=firewater rx=235 txdrop=0
1775035549.8115773,1775035549811577400,12860596754600,HB,45588,10290.0,1,-36.193,8.202,21.0,0.0,21.0,18.0,0.0,7.0,0.0,21.0,0.0,0,0,yaw_jump,HB tick=45588 exp_id=200 t_ms=10290 run=1 ts=20.000 as=10.500 ta=0.000 aa=-35.245 se=9.500 so=2.305 ae=35.245 ao=7.000 pwm=9 pc=2 hd=5 y=-36.193 yr=8.202 L=7 R=0 OL=18 OR=0 el=21 er=0 ed=21 dl=21 dr=0 cl=0 cr=0 ok=188 fail=0 vofa=firewater rx=235 txdrop=0
1775035550.0187478,1775035550018747900,12860803925100,HB,45793,10495.0,1,-11.304,47.825,22.0,0.0,22.0,18.0,0.0,7.0,0.0,22.0,0.0,0,0,yaw_jump,HB tick=45793 exp_id=200 t_ms=10495 run=1 ts=20.000 as=11.000 ta=0.000 aa=-12.095 se=9.000 so=2.278 ae=12.095 ao=7.000 pwm=9 pc=2 hd=5 y=-11.304 yr=47.825 L=7 R=0 OL=18 OR=0 el=22 er=0 ed=22 dl=22 dr=0 cl=0 cr=0 ok=189 fail=0 vofa=firewater rx=235 txdrop=0
1775035550.2382264,1775035550238226400,12861023405400,HB,46003,10705.0,1,15.181,75.227,0.0,13.0,-13.0,0.0,20.0,0.0,9.0,0.0,13.0,0,0,yaw_jump,HB tick=46003 exp_id=200 t_ms=10705 run=1 ts=20.000 as=6.500 ta=0.000 aa=12.794 se=13.500 so=2.757 ae=-12.794 ao=-7.000 pwm=10 pc=3 hd=-6 y=15.181 yr=75.227 L=0 R=9 OL=0 OR=20 el=0 er=13 ed=-13 dl=0 dr=13 cl=0 cr=0 ok=190 fail=0 vofa=firewater rx=235 txdrop=0
1775035550.4350007,1775035550435000500,12861220177700,HB,46208,10910.0,1,16.923,51.873,0.0,20.0,-20.0,0.0,18.0,0.0,7.0,0.0,20.0,0,0,,HB tick=46208 exp_id=200 t_ms=10910 run=1 ts=20.000 as=10.000 ta=0.000 aa=39.279 se=10.000 so=2.435 ae=-39.279 ao=-7.000 pwm=9 pc=2 hd=-5 y=16.923 yr=51.873 L=0 R=7 OL=0 OR=18 el=0 er=20 ed=-20 dl=0 dr=20 cl=0 cr=0 ok=191 fail=0 vofa=firewater rx=235 txdrop=0
1775035550.6424499,1775035550642450000,12861427627800,HB,46413,11115.0,1,-2.748,0.132,0.0,21.0,-21.0,0.0,18.0,0.0,7.0,0.0,21.0,0,0,yaw_jump,HB tick=46413 exp_id=200 t_ms=11115 run=1 ts=20.000 as=10.500 ta=0.000 aa=41.021 se=9.500 so=2.409 ae=-41.021 ao=-7.000 pwm=9 pc=2 hd=-5 y=-2.748 yr=0.132 L=0 R=7 OL=0 OR=18 el=0 er=21 ed=-21 dl=0 dr=21 cl=0 cr=0 ok=192 fail=0 vofa=firewater rx=235 txdrop=0
1775035550.8521757,1775035550852175700,12861637353100,HB,46622,11324.0,1,-30.447,-46.3,0.0,21.0,-21.0,0.0,18.0,0.0,7.0,0.0,21.0,0,0,yaw_jump,HB tick=46622 exp_id=200 t_ms=11324 run=1 ts=20.000 as=10.500 ta=0.000 aa=21.350 se=9.500 so=2.433 ae=-21.350 ao=-7.000 pwm=9 pc=2 hd=-5 y=-30.447 yr=-46.300 L=0 R=7 OL=0 OR=18 el=0 er=21 ed=-21 dl=0 dr=21 cl=0 cr=0 ok=193 fail=0 vofa=firewater rx=235 txdrop=0
1775035551.0695071,1775035551069507100,12861854702300,HB,46844,11546.0,1,-57.186,-72.25,16.0,0.0,16.0,20.0,0.0,9.0,0.0,16.0,0.0,0,0,yaw_jump,HB tick=46844 exp_id=200 t_ms=11546 run=1 ts=20.000 as=8.000 ta=0.000 aa=-6.349 se=12.000 so=2.714 ae=6.349 ao=7.000 pwm=10 pc=3 hd=6 y=-57.186 yr=-72.250 L=9 R=0 OL=20 OR=0 el=16 er=0 ed=16 dl=16 dr=0 cl=0 cr=0 ok=194 fail=0 vofa=firewater rx=235 txdrop=0
1775035551.2666442,1775035551266644200,12862051821400,HB,47044,11746.0,1,-52.397,-38.582,22.0,0.0,22.0,18.0,0.0,7.0,0.0,22.0,0.0,0,0,,HB tick=47044 exp_id=200 t_ms=11746 run=1 ts=20.000 as=11.000 ta=0.000 aa=-33.088 se=9.000 so=2.439 ae=33.088 ao=7.000 pwm=9 pc=2 hd=5 y=-52.397 yr=-38.582 L=7 R=0 OL=18 OR=0 el=22 er=0 ed=22 dl=22 dr=0 cl=0 cr=0 ok=195 fail=0 vofa=firewater rx=235 txdrop=0
1775035551.4739017,1775035551473901700,12862259079700,HB,47249,11951.0,1,-28.917,15.008,22.0,0.0,22.0,18.0,0.0,7.0,0.0,22.0,0.0,0,0,yaw_jump,HB tick=47249 exp_id=200 t_ms=11951 run=1 ts=20.000 as=11.000 ta=0.000 aa=-28.299 se=9.000 so=2.460 ae=28.299 ao=7.000 pwm=9 pc=2 hd=5 y=-28.917 yr=15.008 L=7 R=0 OL=18 OR=0 el=22 er=0 ed=22 dl=22 dr=0 cl=0 cr=0 ok=196 fail=0 vofa=firewater rx=235 txdrop=0
1775035551.6814077,1775035551681407700,12862466585700,HB,47454,12156.0,1,-2.566,54.966,17.0,1.0,16.0,20.0,0.0,9.0,0.0,17.0,1.0,0,0,yaw_jump,HB tick=47454 exp_id=200 t_ms=12156 run=1 ts=20.000 as=9.000 ta=0.000 aa=-4.819 se=11.000 so=2.685 ae=4.819 ao=7.000 pwm=10 pc=3 hd=6 y=-2.566 yr=54.966 L=9 R=0 OL=20 OR=0 el=17 er=1 ed=16 dl=17 dr=1 cl=0 cr=0 ok=197 fail=0 vofa=firewater rx=235 txdrop=0
1775035551.8482754,1775035551848275500,12862633452700,HB,47619,12321.0,1,16.937,76.849,2.0,13.0,-11.0,0.0,20.0,0.0,9.0,2.0,13.0,0,0,yaw_jump,HB tick=47619 exp_id=200 t_ms=12321 run=1 ts=20.000 as=7.500 ta=0.000 aa=21.532 se=12.500 so=2.856 ae=-21.532 ao=-7.000 pwm=10 pc=3 hd=-6 y=16.937 yr=76.849 L=0 R=9 OL=0 OR=20 el=2 er=13 ed=-11 dl=2 dr=13 cl=0 cr=0 ok=198 fail=0 vofa=firewater rx=235 txdrop=0
1775035552.0772452,1775035552077245300,12862862422500,HB,47852,12554.0,1,22.0,57.557,0.0,22.0,-22.0,0.0,20.0,0.0,9.0,0.0,22.0,0,0,,HB tick=47852 exp_id=200 t_ms=12554 run=1 ts=20.000 as=11.000 ta=0.000 aa=41.035 se=9.000 so=2.538 ae=-41.035 ao=-7.000 pwm=10 pc=3 hd=-6 y=22.000 yr=57.557 L=0 R=9 OL=0 OR=20 el=0 er=22 ed=-22 dl=0 dr=22 cl=0 cr=0 ok=199 fail=0 vofa=firewater rx=235 txdrop=0
1775035552.2844734,1775035552284473300,12863069650700,HB,48061,12763.0,1,-0.548,-0.347,0.0,22.0,-22.0,0.0,20.0,0.0,9.0,0.0,22.0,0,0,yaw_jump,HB tick=48061 exp_id=200 t_ms=12763 run=1 ts=20.000 as=11.000 ta=0.000 aa=46.098 se=9.000 so=2.560 ae=-46.098 ao=-7.000 pwm=10 pc=3 hd=-6 y=-0.548 yr=-0.347 L=0 R=9 OL=0 OR=20 el=0 er=22 ed=-22 dl=0 dr=22 cl=0 cr=0 ok=200 fail=0 vofa=firewater rx=235 txdrop=0
1775035552.4928484,1775035552492848400,12863278025500,HB,48266,12968.0,1,-29.858,-50.268,0.0,23.0,-23.0,0.0,20.0,0.0,9.0,0.0,23.0,0,0,yaw_jump,HB tick=48266 exp_id=200 t_ms=12968 run=1 ts=20.000 as=11.500 ta=0.000 aa=23.550 se=8.500 so=2.530 ae=-23.550 ao=-7.000 pwm=10 pc=3 hd=-6 y=-29.858 yr=-50.268 L=0 R=9 OL=0 OR=20 el=0 er=23 ed=-23 dl=0 dr=23 cl=0 cr=0 ok=201 fail=0 vofa=firewater rx=235 txdrop=0
1775035552.7009275,1775035552700927500,12863486106000,HB,48471,13173.0,1,-58.065,-80.832,15.0,1.0,14.0,20.0,0.0,9.0,0.0,15.0,1.0,0,0,yaw_jump,HB tick=48471 exp_id=200 t_ms=13173 run=1 ts=20.000 as=8.000 ta=0.000 aa=-5.761 se=12.000 so=2.907 ae=5.761 ao=7.000 pwm=10 pc=3 hd=6 y=-58.065 yr=-80.832 L=9 R=0 OL=20 OR=0 el=15 er=1 ed=14 dl=15 dr=1 cl=0 cr=0 ok=202 fail=0 vofa=firewater rx=235 txdrop=0
1775035552.8980882,1775035552898088100,12863683265400,HB,48676,13378.0,1,-59.895,-55.666,22.0,0.0,22.0,20.0,0.0,9.0,0.0,22.0,0.0,0,0,,HB tick=48676 exp_id=200 t_ms=13378 run=1 ts=20.000 as=11.000 ta=0.000 aa=-33.967 se=9.000 so=2.633 ae=33.967 ao=7.000 pwm=10 pc=3 hd=6 y=-59.895 yr=-55.666 L=9 R=0 OL=20 OR=0 el=22 er=0 ed=22 dl=22 dr=0 cl=0 cr=0 ok=203 fail=0 vofa=firewater rx=235 txdrop=0
1775035553.1066122,1775035553106612100,12863891789500,HB,48885,13587.0,1,-35.852,4.082,24.0,0.0,24.0,20.0,0.0,9.0,0.0,24.0,0.0,0,0,yaw_jump,HB tick=48885 exp_id=200 t_ms=13587 run=1 ts=20.000 as=12.000 ta=0.000 aa=-35.797 se=8.000 so=2.554 ae=35.797 ao=7.000 pwm=10 pc=3 hd=6 y=-35.852 yr=4.082 L=9 R=0 OL=20 OR=0 el=24 er=0 ed=24 dl=24 dr=0 cl=0 cr=0 ok=204 fail=0 vofa=firewater rx=235 txdrop=0
1775035553.3154907,1775035553315490700,12864100668100,HB,49090,13792.0,1,-7.377,51.268,25.0,0.0,25.0,20.0,0.0,9.0,0.0,25.0,0.0,0,0,yaw_jump,HB tick=49090 exp_id=200 t_ms=13792 run=1 ts=20.000 as=12.500 ta=0.000 aa=-11.754 se=7.500 so=2.523 ae=11.754 ao=7.000 pwm=10 pc=3 hd=6 y=-7.377 yr=51.268 L=9 R=0 OL=20 OR=0 el=25 er=0 ed=25 dl=25 dr=0 cl=0 cr=0 ok=205 fail=0 vofa=firewater rx=235 txdrop=0
1775035553.4730463,1775035553473046300,12864258223700,HB,49251,13953.0,1,16.555,85.35,3.0,15.0,-12.0,0.0,20.0,0.0,9.0,3.0,15.0,0,0,yaw_jump,HB tick=49251 exp_id=200 t_ms=13953 run=1 ts=20.000 as=9.000 ta=0.000 aa=16.721 se=11.000 so=2.890 ae=-16.721 ao=-7.000 pwm=10 pc=3 hd=-6 y=16.555 yr=85.350 L=0 R=9 OL=0 OR=20 el=3 er=15 ed=-12 dl=3 dr=15 cl=0 cr=0 ok=206 fail=0 vofa=firewater rx=235 txdrop=0
1775035553.6718087,1775035553671808800,12864456986000,HB,49440,14142.0,1,22.521,66.584,0.0,18.0,-18.0,0.0,20.0,0.0,9.0,0.0,18.0,0,0,,HB tick=49440 exp_id=200 t_ms=14142 run=1 ts=20.000 as=9.000 ta=0.000 aa=40.653 se=11.000 so=2.919 ae=-40.653 ao=-7.000 pwm=10 pc=3 hd=-6 y=22.521 yr=66.584 L=0 R=9 OL=0 OR=20 el=0 er=18 ed=-18 dl=0 dr=18 cl=0 cr=0 ok=207 fail=0 vofa=firewater rx=235 txdrop=0
1775035553.9005628,1775035553900562700,12864685740200,HB,49672,14374.0,1,15.734,33.086,0.0,24.0,-24.0,0.0,20.0,0.0,9.0,0.0,24.0,0,0,,HB tick=49672 exp_id=200 t_ms=14374 run=1 ts=20.000 as=12.000 ta=0.000 aa=46.618 se=8.000 so=2.644 ae=-46.618 ao=-7.000 pwm=10 pc=3 hd=-6 y=15.734 yr=33.086 L=0 R=9 OL=0 OR=20 el=0 er=24 ed=-24 dl=0 dr=24 cl=0 cr=0 ok=208 fail=0 vofa=firewater rx=235 txdrop=0
1775035554.1079087,1775035554107908500,12864893086100,HB,49881,14583.0,1,-15.526,-30.845,0.0,23.0,-23.0,0.0,20.0,0.0,9.0,0.0,23.0,0,0,yaw_jump,HB tick=49881 exp_id=200 t_ms=14583 run=1 ts=20.000 as=11.500 ta=0.000 aa=39.832 se=8.500 so=2.714 ae=-39.832 ao=-7.000 pwm=10 pc=3 hd=-6 y=-15.526 yr=-30.845 L=0 R=9 OL=0 OR=20 el=0 er=23 ed=-23 dl=0 dr=23 cl=0 cr=0 ok=209 fail=0 vofa=firewater rx=235 txdrop=0
1775035554.3102236,1775035554310223700,12865095401100,HB,50087,14789.0,1,-44.216,-68.794,0.0,24.0,-24.0,0.0,20.0,0.0,9.0,0.0,24.0,0,0,yaw_jump,HB tick=50087 exp_id=200 t_ms=14789 run=1 ts=20.000 as=12.000 ta=0.000 aa=8.571 se=8.000 so=2.683 ae=-8.571 ao=-7.000 pwm=10 pc=3 hd=-6 y=-44.216 yr=-68.794 L=0 R=9 OL=0 OR=20 el=0 er=24 ed=-24 dl=0 dr=24 cl=0 cr=0 ok=210 fail=0 vofa=firewater rx=235 txdrop=0
1775035554.517305,1775035554517304800,12865302482100,HB,50292,14994.0,1,-73.827,-95.272,15.0,0.0,15.0,20.0,0.0,9.0,0.0,15.0,0.0,0,0,yaw_jump,HB tick=50292 exp_id=200 t_ms=14994 run=1 ts=20.000 as=7.500 ta=0.000 aa=-20.118 se=12.500 so=3.157 ae=20.118 ao=7.000 pwm=10 pc=3 hd=6 y=-73.827 yr=-95.272 L=9 R=0 OL=20 OR=0 el=15 er=0 ed=15 dl=15 dr=0 cl=0 cr=0 ok=211 fail=0 vofa=firewater rx=235 txdrop=0
1775035554.7252526,1775035554725252600,12865510431400,HB,50501,15203.0,1,-76.712,-66.758,22.0,0.0,22.0,20.0,0.0,9.0,0.0,22.0,0.0,0,0,,HB tick=50501 exp_id=200 t_ms=15203 run=1 ts=20.000 as=11.000 ta=0.000 aa=-49.730 se=9.000 so=2.835 ae=49.730 ao=7.000 pwm=10 pc=3 hd=6 y=-76.712 yr=-66.758 L=9 R=0 OL=20 OR=0 el=22 er=0 ed=22 dl=22 dr=0 cl=0 cr=0 ok=212 fail=0 vofa=firewater rx=235 txdrop=0
1775035555.2085648,1775035555208564700,12865993742300,HB,50706,15408.0,1,-55.648,-7.43,24.0,0.0,24.0,20.0,0.0,9.0,0.0,24.0,0.0,0,0,yaw_jump,HB tick=50706 exp_id=200 t_ms=15408 run=1 ts=20.000 as=12.000 ta=0.000 aa=-52.615 se=8.000 so=2.756 ae=52.615 ao=7.000 pwm=10 pc=3 hd=6 y=-55.648 yr=-7.430 L=9 R=0 OL=20 OR=0 el=24 er=0 ed=24 dl=24 dr=0 cl=0 cr=0 ok=213 fail=0 vofa=firewater rx=235 txdrop=0
1775035555.2088017,1775035555208801800,12865993978200,HB,50927,15629.0,1,-15.868,58.171,24.0,0.0,24.0,20.0,0.0,9.0,0.0,24.0,0.0,0,0,yaw_jump,HB tick=50927 exp_id=200 t_ms=15629 run=1 ts=20.000 as=12.000 ta=0.000 aa=-31.550 se=8.000 so=2.777 ae=31.550 ao=7.000 pwm=10 pc=3 hd=6 y=-15.868 yr=58.171 L=9 R=0 OL=20 OR=0 el=24 er=0 ed=24 dl=24 dr=0 cl=0 cr=0 ok=214 fail=0 vofa=firewater rx=235 txdrop=0
1775035555.3143592,1775035555314359200,12866099536200,HB,51083,15785.0,1,1.231,76.174,2.0,15.0,-13.0,0.0,20.0,0.0,9.0,2.0,15.0,0,0,yaw_jump,HB tick=51083 exp_id=200 t_ms=15785 run=1 ts=20.000 as=8.500 ta=0.000 aa=8.230 se=11.500 so=3.143 ae=-8.230 ao=-7.000 pwm=10 pc=3 hd=-6 y=1.231 yr=76.174 L=0 R=9 OL=0 OR=20 el=2 er=15 ed=-13 dl=2 dr=15 cl=0 cr=0 ok=215 fail=0 vofa=firewater rx=235 txdrop=0
1775035555.5444105,1775035555544410300,12866329587900,HB,51315,16017.0,1,11.218,64.581,0.0,21.0,-21.0,0.0,20.0,0.0,9.0,0.0,21.0,0,0,yaw_jump,HB tick=51315 exp_id=200 t_ms=16017 run=1 ts=20.000 as=10.500 ta=0.000 aa=25.328 se=9.500 so=2.975 ae=-25.328 ao=-7.000 pwm=10 pc=3 hd=-6 y=11.218 yr=64.581 L=0 R=9 OL=0 OR=20 el=0 er=21 ed=-21 dl=0 dr=21 cl=0 cr=0 ok=216 fail=0 vofa=firewater rx=235 txdrop=0
1775035555.7545476,1775035555754547600,12866539727500,HB,51525,16227.0,1,-11.093,4.792,0.0,23.0,-23.0,0.0,20.0,0.0,9.0,0.0,23.0,0,0,yaw_jump,HB tick=51525 exp_id=200 t_ms=16227 run=1 ts=20.000 as=11.500 ta=0.000 aa=35.316 se=8.500 so=2.898 ae=-35.316 ao=-7.000 pwm=10 pc=3 hd=-6 y=-11.093 yr=4.792 L=0 R=9 OL=0 OR=20 el=0 er=23 ed=-23 dl=0 dr=23 cl=0 cr=0 ok=217 fail=0 vofa=firewater rx=235 txdrop=0
1775035555.9533641,1775035555953364100,12866738541200,HB,51729,16431.0,1,-37.122,-41.543,0.0,24.0,-24.0,0.0,20.0,0.0,9.0,0.0,24.0,0,0,yaw_jump,HB tick=51729 exp_id=200 t_ms=16431 run=1 ts=20.000 as=12.000 ta=0.000 aa=13.005 se=8.000 so=2.868 ae=-13.005 ao=-7.000 pwm=10 pc=3 hd=-6 y=-37.122 yr=-41.543 L=0 R=9 OL=0 OR=20 el=0 er=24 ed=-24 dl=0 dr=24 cl=0 cr=0 ok=218 fail=0 vofa=firewater rx=235 txdrop=0
1775035556.1608202,1775035556160820200,12866945997400,HB,51934,16636.0,1,-65.097,-74.764,13.0,0.0,13.0,20.0,0.0,9.0,0.0,13.0,0.0,0,0,yaw_jump,HB tick=51934 exp_id=200 t_ms=16636 run=1 ts=20.000 as=6.500 ta=0.000 aa=-13.024 se=13.500 so=3.445 ae=13.024 ao=7.000 pwm=10 pc=3 hd=6 y=-65.097 yr=-74.764 L=9 R=0 OL=20 OR=0 el=13 er=0 ed=13 dl=13 dr=0 cl=0 cr=0 ok=219 fail=0 vofa=firewater rx=235 txdrop=0
1775035556.3778727,1775035556377872700,12867163050300,HB,52144,16846.0,1,-67.181,-52.071,22.0,0.0,22.0,20.0,0.0,9.0,0.0,22.0,0.0,0,0,,HB tick=52144 exp_id=200 t_ms=16846 run=1 ts=20.000 as=11.000 ta=0.000 aa=-40.999 se=9.000 so=3.023 ae=40.999 ao=7.000 pwm=10 pc=3 hd=6 y=-67.181 yr=-52.071 L=9 R=0 OL=20 OR=0 el=22 er=0 ed=22 dl=22 dr=0 cl=0 cr=0 ok=220 fail=0 vofa=firewater rx=235 txdrop=0
1775035556.5752258,1775035556575225800,12867360403200,HB,52348,17050.0,1,-45.666,3.066,24.0,0.0,24.0,20.0,0.0,9.0,0.0,24.0,0.0,0,0,yaw_jump,HB tick=52348 exp_id=200 t_ms=17050 run=1 ts=20.000 as=12.000 ta=0.000 aa=-43.083 se=8.000 so=2.943 ae=43.083 ao=7.000 pwm=10 pc=3 hd=6 y=-45.666 yr=3.066 L=9 R=0 OL=20 OR=0 el=24 er=0 ed=24 dl=24 dr=0 cl=0 cr=0 ok=221 fail=0 vofa=firewater rx=235 txdrop=0
1775035556.7835882,1775035556783588200,12867568765700,HB,52553,17255.0,1,-17.838,49.505,24.0,0.0,24.0,20.0,0.0,9.0,0.0,24.0,0.0,0,0,yaw_jump,HB tick=52553 exp_id=200 t_ms=17255 run=1 ts=20.000 as=12.000 ta=0.000 aa=-21.569 se=8.000 so=2.963 ae=21.569 ao=7.000 pwm=10 pc=3 hd=6 y=-17.838 yr=49.505 L=9 R=0 OL=20 OR=0 el=24 er=0 ed=24 dl=24 dr=0 cl=0 cr=0 ok=222 fail=0 vofa=firewater rx=235 txdrop=0
1775035556.9928474,1775035556992847400,12867778025600,HB,52763,17465.0,1,10.97,80.192,0.0,18.0,-18.0,0.0,20.0,0.0,9.0,0.0,18.0,0,0,yaw_jump,HB tick=52763 exp_id=200 t_ms=17465 run=1 ts=20.000 as=9.000 ta=0.000 aa=6.260 se=11.000 so=3.284 ae=-6.260 ao=-7.000 pwm=10 pc=3 hd=-6 y=10.970 yr=80.192 L=0 R=9 OL=0 OR=20 el=0 er=18 ed=-18 dl=0 dr=18 cl=0 cr=0 ok=223 fail=0 vofa=firewater rx=235 txdrop=0
1775035557.150026,1775035557150026000,12867935203300,HB,52923,17625.0,1,20.057,72.003,0.0,19.0,-19.0,0.0,20.0,0.0,9.0,0.0,19.0,0,0,yaw_jump,HB tick=52923 exp_id=200 t_ms=17625 run=1 ts=20.000 as=9.500 ta=0.000 aa=35.068 se=10.500 so=3.256 ae=-35.068 ao=-7.000 pwm=10 pc=3 hd=-6 y=20.057 yr=72.003 L=0 R=9 OL=0 OR=20 el=0 er=19 ed=-19 dl=0 dr=19 cl=0 cr=0 ok=224 fail=0 vofa=firewater rx=235 txdrop=0
1775035557.3778834,1775035557377883500,12868163061600,HB,53155,17857.0,1,2.865,20.865,0.0,22.0,-22.0,0.0,20.0,0.0,9.0,0.0,22.0,0,0,yaw_jump,HB tick=53155 exp_id=200 t_ms=17857 run=1 ts=20.000 as=11.000 ta=0.000 aa=44.155 se=9.000 so=3.133 ae=-44.155 ao=-7.000 pwm=10 pc=3 hd=-6 y=2.865 yr=20.865 L=0 R=9 OL=0 OR=20 el=0 er=22 ed=-22 dl=0 dr=22 cl=0 cr=0 ok=225 fail=0 vofa=firewater rx=235 txdrop=0
1775035557.5961108,1775035557596110800,12868381288800,HB,53365,18067.0,1,-26.134,-34.769,0.0,24.0,-24.0,0.0,20.0,0.0,9.0,0.0,24.0,0,0,yaw_jump,HB tick=53365 exp_id=200 t_ms=18067 run=1 ts=20.000 as=12.000 ta=0.000 aa=26.963 se=8.000 so=3.054 ae=-26.963 ao=-7.000 pwm=10 pc=3 hd=-6 y=-26.134 yr=-34.769 L=0 R=9 OL=0 OR=20 el=0 er=24 ed=-24 dl=0 dr=24 cl=0 cr=0 ok=226 fail=0 vofa=firewater rx=235 txdrop=0
1775035557.8150082,1775035557815008300,12868600187800,HB,53586,18288.0,1,-58.73,-74.222,15.0,0.0,15.0,21.0,0.0,10.0,0.0,15.0,0.0,0,0,yaw_jump,HB tick=53586 exp_id=200 t_ms=18288 run=1 ts=20.000 as=7.500 ta=0.000 aa=-2.036 se=12.500 so=3.533 ae=2.036 ao=7.000 pwm=10 pc=4 hd=6 y=-58.730 yr=-74.222 L=10 R=0 OL=21 OR=0 el=15 er=0 ed=15 dl=15 dr=0 cl=0 cr=0 ok=227 fail=0 vofa=firewater rx=235 txdrop=0
1775035558.0140986,1775035558014098600,12868799275800,HB,53786,18488.0,1,-53.848,-39.701,21.0,0.0,21.0,20.0,0.0,9.0,0.0,21.0,0.0,0,0,,HB tick=53786 exp_id=200 t_ms=18488 run=1 ts=20.000 as=10.500 ta=0.000 aa=-34.632 se=9.500 so=3.259 ae=34.632 ao=7.000 pwm=10 pc=3 hd=6 y=-53.848 yr=-39.701 L=9 R=0 OL=20 OR=0 el=21 er=0 ed=21 dl=21 dr=0 cl=0 cr=0 ok=228 fail=0 vofa=firewater rx=235 txdrop=0
1775035558.1698565,1775035558169856500,12868955033800,HB,53947,18649.0,1,-36.656,11.567,23.0,0.0,23.0,20.0,0.0,9.0,0.0,23.0,0.0,0,0,yaw_jump,HB tick=53947 exp_id=200 t_ms=18649 run=1 ts=20.000 as=11.500 ta=0.000 aa=-29.750 se=8.500 so=3.175 ae=29.750 ao=7.000 pwm=10 pc=3 hd=6 y=-36.656 yr=11.567 L=9 R=0 OL=20 OR=0 el=23 er=0 ed=23 dl=23 dr=0 cl=0 cr=0 ok=229 fail=0 vofa=firewater rx=235 txdrop=0
1775035558.40906,1775035558409060100,12869194241300,HB,54180,18882.0,1,-9.691,48.025,25.0,0.0,25.0,20.0,0.0,9.0,0.0,25.0,0.0,0,0,yaw_jump,HB tick=54180 exp_id=200 t_ms=18882 run=1 ts=20.000 as=12.500 ta=0.000 aa=-12.558 se=7.500 so=3.097 ae=12.558 ao=7.000 pwm=10 pc=3 hd=6 y=-9.691 yr=48.025 L=9 R=0 OL=20 OR=0 el=25 er=0 ed=25 dl=25 dr=0 cl=0 cr=0 ok=230 fail=0 vofa=firewater rx=235 txdrop=0
1775035558.6066635,1775035558606663300,12869391840500,HB,54385,19087.0,1,25.728,91.687,1.0,16.0,-15.0,0.0,21.0,0.0,10.0,1.0,16.0,0,0,yaw_jump,HB tick=54385 exp_id=200 t_ms=19087 run=1 ts=20.000 as=8.500 ta=0.000 aa=14.407 se=11.500 so=3.523 ae=-14.407 ao=-7.000 pwm=10 pc=4 hd=-6 y=25.728 yr=91.687 L=0 R=10 OL=0 OR=21 el=1 er=16 ed=-15 dl=1 dr=16 cl=0 cr=0 ok=231 fail=0 vofa=firewater rx=235 txdrop=0
1775035558.771325,1775035558771325300,12869556502600,HB,54546,19248.0,1,29.578,67.966,0.0,22.0,-22.0,0.0,20.0,0.0,9.0,0.0,22.0,0,0,,HB tick=54546 exp_id=200 t_ms=19248 run=1 ts=20.000 as=11.000 ta=0.000 aa=49.826 se=9.000 so=3.293 ae=-49.826 ao=-7.000 pwm=10 pc=3 hd=-6 y=29.578 yr=67.966 L=0 R=9 OL=0 OR=20 el=0 er=22 ed=-22 dl=0 dr=22 cl=0 cr=0 ok=232 fail=0 vofa=firewater rx=235 txdrop=0
1775035559.0010307,1775035559001030600,12869786207800,HB,54779,19481.0,1,9.088,13.399,0.0,23.0,-23.0,0.0,20.0,0.0,9.0,0.0,23.0,0,0,yaw_jump,HB tick=54779 exp_id=200 t_ms=19481 run=1 ts=20.000 as=11.500 ta=0.000 aa=53.676 se=8.500 so=3.267 ae=-53.676 ao=-7.000 pwm=10 pc=3 hd=-6 y=9.088 yr=13.399 L=0 R=9 OL=0 OR=20 el=0 er=23 ed=-23 dl=0 dr=23 cl=0 cr=0 ok=233 fail=0 vofa=firewater rx=235 txdrop=0
1775035559.209669,1775035559209669100,12869994846900,HB,54984,19686.0,1,-23.734,-47.328,0.0,24.0,-24.0,0.0,20.0,0.0,9.0,0.0,24.0,0,0,yaw_jump,HB tick=54984 exp_id=200 t_ms=19686 run=1 ts=20.000 as=12.000 ta=0.000 aa=33.186 se=8.000 so=3.238 ae=-33.186 ao=-7.000 pwm=10 pc=3 hd=-6 y=-23.734 yr=-47.328 L=0 R=9 OL=0 OR=20 el=0 er=24 ed=-24 dl=0 dr=24 cl=0 cr=0 ok=234 fail=0 vofa=firewater rx=235 txdrop=0
1775035559.418146,1775035559418145800,12870203323500,HB,55189,19891.0,1,-51.985,-78.997,16.0,1.0,15.0,20.0,0.0,9.0,0.0,16.0,1.0,0,0,yaw_jump,HB tick=55189 exp_id=200 t_ms=19891 run=1 ts=20.000 as=8.500 ta=0.000 aa=0.364 se=11.500 so=3.612 ae=-0.364 ao=5.017 pwm=10 pc=4 hd=5 y=-51.985 yr=-78.997 L=9 R=0 OL=20 OR=0 el=16 er=1 ed=15 dl=16 dr=1 cl=0 cr=0 ok=235 fail=0 vofa=firewater rx=235 txdrop=0
1775035559.6358862,1775035559635886100,12870421063300,HB,55415,20117.0,1,-36.254,-26.985,22.0,0.0,22.0,20.0,0.0,9.0,0.0,22.0,0.0,0,0,yaw_jump,HB tick=55415 exp_id=200 t_ms=20117 run=1 ts=20.000 as=11.000 ta=0.000 aa=-27.887 se=9.000 so=3.390 ae=27.887 ao=7.000 pwm=10 pc=3 hd=6 y=-36.254 yr=-26.985 L=9 R=0 OL=20 OR=0 el=22 er=0 ed=22 dl=22 dr=0 cl=0 cr=0 ok=236 fail=0 vofa=firewater rx=235 txdrop=0
1775035559.8426352,1775035559842635300,12870627814000,HB,55616,20318.0,1,-28.43,-3.918,24.0,0.0,24.0,20.0,0.0,9.0,0.0,24.0,0.0,0,0,,HB tick=55616 exp_id=200 t_ms=20318 run=1 ts=20.000 as=12.000 ta=0.000 aa=-12.156 se=8.000 so=3.310 ae=12.156 ao=7.000 pwm=10 pc=3 hd=6 y=-28.430 yr=-3.918 L=9 R=0 OL=20 OR=0 el=24 er=0 ed=24 dl=24 dr=0 cl=0 cr=0 ok=237 fail=0 vofa=firewater rx=235 txdrop=0
1775035559.999512,1775035559999512100,12870784689300,HB,55777,20479.0,1,-6.275,45.617,25.0,0.0,25.0,20.0,0.0,9.0,0.0,25.0,0.0,0,0,yaw_jump,HB tick=55777 exp_id=200 t_ms=20479 run=1 ts=20.000 as=12.500 ta=0.000 aa=-4.333 se=7.500 so=3.275 ae=4.333 ao=7.000 pwm=10 pc=3 hd=6 y=-6.275 yr=45.617 L=9 R=0 OL=20 OR=0 el=25 er=0 ed=25 dl=25 dr=0 cl=0 cr=0 ok=238 fail=0 vofa=firewater rx=235 txdrop=0
1775035560.238375,1775035560238374800,12871023552500,HB,56009,20711.0,1,23.723,74.906,1.0,15.0,-14.0,0.0,21.0,0.0,10.0,1.0,15.0,0,0,yaw_jump,HB tick=56009 exp_id=200 t_ms=20711 run=1 ts=20.000 as=8.000 ta=0.000 aa=17.823 se=12.000 so=3.753 ae=-17.823 ao=-7.000 pwm=10 pc=4 hd=-6 y=23.723 yr=74.906 L=0 R=10 OL=0 OR=21 el=1 er=15 ed=-14 dl=1 dr=15 cl=0 cr=0 ok=239 fail=0 vofa=firewater rx=235 txdrop=0
1775035560.4461727,1775035560446172600,12871231350600,HB,56218,20920.0,1,22.344,46.381,0.0,23.0,-23.0,0.0,20.0,0.0,9.0,0.0,23.0,0,0,,HB tick=56218 exp_id=200 t_ms=20920 run=1 ts=20.000 as=11.500 ta=0.000 aa=47.820 se=8.500 so=3.430 ae=-47.820 ao=-7.000 pwm=10 pc=3 hd=-6 y=22.344 yr=46.381 L=0 R=9 OL=0 OR=20 el=0 er=23 ed=-23 dl=0 dr=23 cl=0 cr=0 ok=240 fail=0 vofa=firewater rx=235 txdrop=0
1775035560.6536725,1775035560653672500,12871438849800,HB,56424,21126.0,1,-0.438,-8.561,0.0,24.0,-24.0,0.0,20.0,0.0,9.0,0.0,24.0,0,0,yaw_jump,HB tick=56424 exp_id=200 t_ms=21126 run=1 ts=20.000 as=12.000 ta=0.000 aa=46.442 se=8.000 so=3.400 ae=-46.442 ao=-7.000 pwm=10 pc=3 hd=-6 y=-0.438 yr=-8.561 L=0 R=9 OL=0 OR=20 el=0 er=24 ed=-24 dl=0 dr=24 cl=0 cr=0 ok=241 fail=0 vofa=firewater rx=235 txdrop=0
1775035560.871335,1775035560871335000,12871656512200,HB,56649,21351.0,1,-40.938,-68.565,0.0,24.0,-24.0,0.0,20.0,0.0,9.0,0.0,24.0,0,0,yaw_jump,HB tick=56649 exp_id=200 t_ms=21351 run=1 ts=20.000 as=12.000 ta=0.000 aa=23.659 se=8.000 so=3.421 ae=-23.659 ao=-7.000 pwm=10 pc=3 hd=-6 y=-40.938 yr=-68.565 L=0 R=9 OL=0 OR=20 el=0 er=24 ed=-24 dl=0 dr=24 cl=0 cr=0 ok=242 fail=0 vofa=firewater rx=235 txdrop=0
1775035561.0678778,1775035561067877900,12871853055000,HB,56845,21547.0,1,-63.55,-84.945,15.0,1.0,14.0,21.0,0.0,10.0,0.0,15.0,1.0,0,0,yaw_jump,HB tick=56845 exp_id=200 t_ms=21547 run=1 ts=20.000 as=8.000 ta=0.000 aa=-16.841 se=12.000 so=3.846 ae=16.841 ao=7.000 pwm=10 pc=4 hd=6 y=-63.550 yr=-84.945 L=10 R=0 OL=21 OR=0 el=15 er=1 ed=14 dl=15 dr=1 cl=0 cr=0 ok=243 fail=0 vofa=firewater rx=235 txdrop=0
1775035561.2342186,1775035561234218400,12872019395700,HB,57006,21708.0,1,-67.214,-63.18,22.0,0.0,22.0,21.0,0.0,10.0,0.0,22.0,0.0,0,0,,HB tick=57006 exp_id=200 t_ms=21708 run=1 ts=20.000 as=11.000 ta=0.000 aa=-39.452 se=9.000 so=3.567 ae=39.452 ao=7.000 pwm=10 pc=4 hd=6 y=-67.214 yr=-63.180 L=10 R=0 OL=21 OR=0 el=22 er=0 ed=22 dl=22 dr=0 cl=0 cr=0 ok=244 fail=0 vofa=firewater rx=235 txdrop=0
1775035561.4621065,1775035561462106400,12872247284200,HB,57239,21941.0,1,-48.09,-12.34,25.0,0.0,25.0,20.0,0.0,9.0,0.0,25.0,0.0,0,0,yaw_jump,HB tick=57239 exp_id=200 t_ms=21941 run=1 ts=20.000 as=12.500 ta=0.000 aa=-43.116 se=7.500 so=3.439 ae=43.116 ao=7.000 pwm=10 pc=3 hd=6 y=-48.090 yr=-12.340 L=9 R=0 OL=20 OR=0 el=25 er=0 ed=25 dl=25 dr=0 cl=0 cr=0 ok=245 fail=0 vofa=firewater rx=235 txdrop=0
1775035561.6279414,1775035561627941500,12872413118600,HB,57400,22102.0,1,-19.57,53.981,25.0,0.0,25.0,20.0,0.0,9.0,0.0,25.0,0.0,0,0,yaw_jump,HB tick=57400 exp_id=200 t_ms=22102 run=1 ts=20.000 as=12.500 ta=0.000 aa=-23.993 se=7.500 so=3.455 ae=23.993 ao=7.000 pwm=10 pc=3 hd=6 y=-19.570 yr=53.981 L=9 R=0 OL=20 OR=0 el=25 er=0 ed=25 dl=25 dr=0 cl=0 cr=0 ok=246 fail=0 vofa=firewater rx=235 txdrop=0
1775035561.856703,1775035561856702900,12872641881400,HB,57632,22334.0,1,10.263,80.093,0.0,16.0,-16.0,0.0,21.0,0.0,10.0,0.0,16.0,0,0,yaw_jump,HB tick=57632 exp_id=200 t_ms=22334 run=1 ts=20.000 as=8.000 ta=0.000 aa=4.528 se=12.000 so=3.931 ae=-4.528 ao=-7.000 pwm=10 pc=4 hd=-6 y=10.263 yr=80.093 L=0 R=10 OL=0 OR=21 el=0 er=16 ed=-16 dl=0 dr=16 cl=0 cr=0 ok=247 fail=0 vofa=firewater rx=235 txdrop=0
1775035562.065274,1775035562065274200,12872850451400,HB,57837,22539.0,1,9.711,51.119,0.0,22.0,-22.0,0.0,21.0,0.0,10.0,0.0,22.0,0,0,,HB tick=57837 exp_id=200 t_ms=22539 run=1 ts=20.000 as=11.000 ta=0.000 aa=34.361 se=9.000 so=3.655 ae=-34.361 ao=-7.000 pwm=10 pc=4 hd=-6 y=9.711 yr=51.119 L=0 R=10 OL=0 OR=21 el=0 er=22 ed=-22 dl=0 dr=22 cl=0 cr=0 ok=248 fail=0 vofa=firewater rx=235 txdrop=0
1775035562.2842314,1775035562284231400,12873069408800,HB,58059,22761.0,1,-30.249,-29.772,0.0,25.0,-25.0,0.0,21.0,0.0,10.0,0.0,25.0,0,0,yaw_jump,HB tick=58059 exp_id=200 t_ms=22761 run=1 ts=20.000 as=12.500 ta=0.000 aa=33.809 se=7.500 so=3.526 ae=-33.809 ao=-7.000 pwm=10 pc=4 hd=-6 y=-30.249 yr=-29.772 L=0 R=10 OL=0 OR=21 el=0 er=25 ed=-25 dl=0 dr=25 cl=0 cr=0 ok=249 fail=0 vofa=firewater rx=235 txdrop=0
1775035562.4403787,1775035562440378600,12873225556000,HB,58215,22917.0,1,-43.087,-48.156,15.0,3.0,12.0,21.0,0.0,10.0,0.0,15.0,3.0,0,0,yaw_jump,HB tick=58215 exp_id=200 t_ms=22917 run=1 ts=20.000 as=9.000 ta=0.000 aa=-6.151 se=11.000 so=3.893 ae=6.151 ao=7.000 pwm=10 pc=4 hd=6 y=-43.087 yr=-48.156 L=10 R=0 OL=21 OR=0 el=15 er=3 ed=12 dl=15 dr=3 cl=0 cr=0 ok=250 fail=0 vofa=firewater rx=235 txdrop=0
1775035562.692408,1775035562692408000,12873477585300,HB,58464,23166.0,1,-33.019,-17.15,24.0,0.0,24.0,21.0,0.0,10.0,0.0,24.0,0.0,0,0,yaw_jump,HB tick=58464 exp_id=200 t_ms=23166 run=1 ts=20.000 as=12.000 ta=0.000 aa=-18.989 se=8.000 so=3.624 ae=18.989 ao=7.000 pwm=10 pc=4 hd=6 y=-33.019 yr=-17.150 L=10 R=0 OL=21 OR=0 el=24 er=0 ed=24 dl=24 dr=0 cl=0 cr=0 ok=251 fail=0 vofa=firewater rx=235 txdrop=0
1775035562.890701,1775035562890701100,12873675878400,HB,58665,23367.0,1,-24.915,2.964,26.0,0.0,26.0,21.0,0.0,10.0,0.0,26.0,0.0,0,0,yaw_jump,HB tick=58665 exp_id=200 t_ms=23367 run=1 ts=20.000 as=13.000 ta=0.000 aa=-8.921 se=7.000 so=3.542 ae=8.921 ao=7.000 pwm=10 pc=4 hd=6 y=-24.915 yr=2.964 L=10 R=0 OL=21 OR=0 el=26 er=0 ed=26 dl=26 dr=0 cl=0 cr=0 ok=252 fail=0 vofa=firewater rx=235 txdrop=0
1775035563.046482,1775035563046482300,12873831660000,HB,58826,23528.0,1,-1.211,53.457,26.0,0.0,26.0,20.0,0.0,9.0,0.0,26.0,0.0,0,0,yaw_jump,HB tick=58826 exp_id=200 t_ms=23528 run=1 ts=20.000 as=13.000 ta=0.000 aa=-0.817 se=7.000 so=3.555 ae=0.817 ao=5.507 pwm=10 pc=4 hd=5 y=-1.211 yr=53.457 L=9 R=0 OL=20 OR=0 el=26 er=0 ed=26 dl=26 dr=0 cl=0 cr=0 ok=253 fail=0 vofa=firewater rx=235 txdrop=0
1775035563.244783,1775035563244782900,12874029962800,HB,59015,23717.0,1,4.987,46.225,2.0,13.0,-11.0,0.0,21.0,0.0,10.0,2.0,13.0,0,0,,HB tick=59015 exp_id=200 t_ms=23717 run=1 ts=20.000 as=7.500 ta=0.000 aa=22.887 se=12.500 so=4.126 ae=-22.887 ao=-7.000 pwm=10 pc=4 hd=-6 y=4.987 yr=46.225 L=0 R=10 OL=0 OR=21 el=2 er=13 ed=-11 dl=2 dr=13 cl=0 cr=0 ok=254 fail=0 vofa=firewater rx=235 txdrop=0
1775035563.4745638,1775035563474563800,12874259741000,HB,59248,23950.0,1,35.657,76.116,0.0,22.0,-22.0,0.0,21.0,0.0,10.0,0.0,22.0,0,0,yaw_jump,HB tick=59248 exp_id=200 t_ms=23950 run=1 ts=20.000 as=11.000 ta=0.000 aa=29.085 se=9.000 so=3.807 ae=-29.085 ao=-7.000 pwm=10 pc=4 hd=-6 y=35.657 yr=76.116 L=0 R=10 OL=0 OR=21 el=0 er=22 ed=-22 dl=0 dr=22 cl=0 cr=0 ok=255 fail=0 vofa=firewater rx=235 txdrop=0
1775035563.6851485,1775035563685148400,12874470325600,HB,59457,24159.0,1,10.099,6.675,0.0,25.0,-25.0,0.0,21.0,0.0,10.0,0.0,25.0,0,0,yaw_jump,HB tick=59457 exp_id=200 t_ms=24159 run=1 ts=20.000 as=12.500 ta=0.000 aa=59.754 se=7.500 so=3.677 ae=-59.754 ao=-7.000 pwm=10 pc=4 hd=-6 y=10.099 yr=6.675 L=0 R=10 OL=0 OR=21 el=0 er=25 ed=-25 dl=0 dr=25 cl=0 cr=0 ok=256 fail=0 vofa=firewater rx=235 txdrop=0
1775035563.8837771,1775035563883777100,12874668954400,HB,59663,24364.0,1,-19.092,-45.498,0.0,25.0,-25.0,0.0,21.0,0.0,10.0,0.0,25.0,0,0,yaw_jump,HB tick=59663 exp_id=200 t_ms=24364 run=1 ts=20.000 as=12.500 ta=0.000 aa=5.006 se=7.500 so=3.696 ae=-5.006 ao=-7.000 pwm=10 pc=4 hd=-6 y=-19.092 yr=-45.498 L=0 R=10 OL=0 OR=21 el=0 er=25 ed=-25 dl=0 dr=25 cl=0 cr=0 ok=257 fail=0 vofa=firewater rx=235 txdrop=0
1775035564.0500398,1775035564050039700,12874835217400,HB,59823,24525.0,1,-43.063,-81.685,0.0,26.0,-26.0,0.0,21.0,0.0,10.0,0.0,26.0,0,0,yaw_jump,HB tick=59823 exp_id=200 t_ms=24525 run=1 ts=20.000 as=13.000 ta=0.000 aa=5.006 se=7.000 so=3.660 ae=-5.006 ao=-7.000 pwm=10 pc=4 hd=-6 y=-43.063 yr=-81.685 L=0 R=10 OL=0 OR=21 el=0 er=26 ed=-26 dl=0 dr=26 cl=0 cr=0 ok=258 fail=0 vofa=firewater rx=235 txdrop=0
1775035564.2790842,1775035564279084400,12875064265200,HB,60056,24758.0,1,-73.674,-99.078,16.0,0.0,16.0,21.0,0.0,10.0,0.0,16.0,0.0,0,0,yaw_jump,HB tick=60056 exp_id=200 t_ms=24758 run=1 ts=20.000 as=8.000 ta=0.000 aa=-18.965 se=12.000 so=4.187 ae=18.965 ao=7.000 pwm=10 pc=4 hd=6 y=-73.674 yr=-99.078 L=10 R=0 OL=21 OR=0 el=16 er=0 ed=16 dl=16 dr=0 cl=0 cr=0 ok=259 fail=0 vofa=firewater rx=235 txdrop=0
1775035564.4894679,1775035564489468000,12875274645400,HB,60261,24963.0,1,-74.145,-65.205,24.0,0.0,24.0,21.0,0.0,10.0,0.0,24.0,0.0,0,0,,HB tick=60261 exp_id=200 t_ms=24963 run=1 ts=20.000 as=12.000 ta=0.000 aa=-49.576 se=8.000 so=3.811 ae=49.576 ao=7.000 pwm=10 pc=4 hd=6 y=-74.145 yr=-65.205 L=10 R=0 OL=21 OR=0 el=24 er=0 ed=24 dl=24 dr=0 cl=0 cr=0 ok=260 fail=0 vofa=firewater rx=235 txdrop=0
1775035564.6878746,1775035564687874500,12875473053600,HB,60466,25168.0,1,-48.997,0.554,26.0,0.0,26.0,21.0,0.0,10.0,0.0,26.0,0.0,0,0,yaw_jump,HB tick=60466 exp_id=200 t_ms=25168 run=1 ts=20.000 as=13.000 ta=0.000 aa=-50.048 se=7.000 so=3.729 ae=50.048 ao=7.000 pwm=10 pc=4 hd=6 y=-48.997 yr=0.554 L=10 R=0 OL=21 OR=0 el=26 er=0 ed=26 dl=26 dr=0 cl=0 cr=0 ok=261 fail=0 vofa=firewater rx=235 txdrop=0
1775035564.9059021,1775035564905902100,12875691079200,HB,60676,25377.0,1,-18.969,50.645,26.0,0.0,26.0,21.0,0.0,10.0,0.0,26.0,0.0,0,0,yaw_jump,HB tick=60676 exp_id=200 t_ms=25377 run=1 ts=20.000 as=13.000 ta=0.000 aa=-24.899 se=7.000 so=3.746 ae=24.899 ao=7.000 pwm=10 pc=4 hd=6 y=-18.969 yr=50.645 L=10 R=0 OL=21 OR=0 el=26 er=0 ed=26 dl=26 dr=0 cl=0 cr=0 ok=262 fail=0 vofa=firewater rx=235 txdrop=0
1775035565.103099,1775035565103099200,12875888276300,HB,60881,25583.0,1,15.692,91.809,1.0,14.0,-13.0,0.0,21.0,0.0,10.0,1.0,14.0,0,0,yaw_jump,HB tick=60881 exp_id=200 t_ms=25583 run=1 ts=20.000 as=7.500 ta=0.000 aa=5.129 se=12.500 so=4.320 ae=-5.129 ao=-7.000 pwm=10 pc=4 hd=-6 y=15.692 yr=91.809 L=0 R=10 OL=0 OR=21 el=1 er=14 ed=-13 dl=1 dr=14 cl=0 cr=0 ok=263 fail=0 vofa=firewater rx=235 txdrop=0
1775035565.3112931,1775035565311293100,12876096470700,HB,61085,25787.0,1,19.375,65.994,0.0,23.0,-23.0,0.0,21.0,0.0,10.0,0.0,23.0,0,0,,HB tick=61085 exp_id=200 t_ms=25787 run=1 ts=20.000 as=11.500 ta=0.000 aa=39.790 se=8.500 so=3.946 ae=-39.790 ao=-7.000 pwm=10 pc=4 hd=-6 y=19.375 yr=65.994 L=0 R=10 OL=0 OR=21 el=0 er=23 ed=-23 dl=0 dr=23 cl=0 cr=0 ok=264 fail=0 vofa=firewater rx=235 txdrop=0
1775035565.5193312,1775035565519331400,12876304510400,HB,61290,25992.0,1,-1.536,7.021,0.0,25.0,-25.0,0.0,21.0,0.0,10.0,0.0,25.0,0,0,yaw_jump,HB tick=61290 exp_id=200 t_ms=25992 run=1 ts=20.000 as=12.500 ta=0.000 aa=43.472 se=7.500 so=3.866 ae=-43.472 ao=-7.000 pwm=10 pc=4 hd=-6 y=-1.536 yr=7.021 L=0 R=10 OL=0 OR=21 el=0 er=25 ed=-25 dl=0 dr=25 cl=0 cr=0 ok=265 fail=0 vofa=firewater rx=235 txdrop=0
1775035565.68256,1775035565682560000,12876467737700,HB,61455,26157.0,1,-24.138,-43.091,0.0,25.0,-25.0,0.0,21.0,0.0,10.0,0.0,25.0,0,0,yaw_jump,HB tick=61455 exp_id=200 t_ms=26157 run=1 ts=20.000 as=12.500 ta=0.000 aa=22.562 se=7.500 so=3.881 ae=-22.562 ao=-7.000 pwm=10 pc=4 hd=-6 y=-24.138 yr=-43.091 L=0 R=10 OL=0 OR=21 el=0 er=25 ed=-25 dl=0 dr=25 cl=0 cr=0 ok=266 fail=0 vofa=firewater rx=235 txdrop=0
1775035565.9106379,1775035565910637900,12876695815300,HB,61687,26389.0,1,-57.05,-77.661,15.0,1.0,14.0,21.0,0.0,10.0,0.0,15.0,1.0,0,0,yaw_jump,HB tick=61687 exp_id=200 t_ms=26389 run=1 ts=20.000 as=8.000 ta=0.000 aa=-0.040 se=12.000 so=4.360 ae=0.040 ao=7.000 pwm=10 pc=4 hd=6 y=-57.050 yr=-77.661 L=10 R=0 OL=21 OR=0 el=15 er=1 ed=14 dl=15 dr=1 cl=0 cr=0 ok=267 fail=0 vofa=firewater rx=235 txdrop=0
1775035566.140417,1775035566140416900,12876925594500,HB,61913,26615.0,1,-36.813,-19.14,24.0,0.0,24.0,21.0,0.0,10.0,0.0,24.0,0.0,0,0,yaw_jump,HB tick=61913 exp_id=200 t_ms=26615 run=1 ts=20.000 as=12.000 ta=0.000 aa=-32.952 se=8.000 so=3.987 ae=32.952 ao=7.000 pwm=10 pc=4 hd=6 y=-36.813 yr=-19.140 L=10 R=0 OL=21 OR=0 el=24 er=0 ed=24 dl=24 dr=0 cl=0 cr=0 ok=268 fail=0 vofa=firewater rx=235 txdrop=0
1775035566.3375096,1775035566337509700,12877122686900,HB,62114,26816.0,1,-28.152,2.641,26.0,0.0,26.0,21.0,0.0,10.0,0.0,26.0,0.0,0,0,yaw_jump,HB tick=62114 exp_id=200 t_ms=26816 run=1 ts=20.000 as=13.000 ta=0.000 aa=-12.715 se=7.000 so=3.904 ae=12.715 ao=7.000 pwm=10 pc=4 hd=6 y=-28.152 yr=2.641 L=10 R=0 OL=21 OR=0 el=26 er=0 ed=26 dl=26 dr=0 cl=0 cr=0 ok=269 fail=0 vofa=firewater rx=235 txdrop=0
1775035566.504398,1775035566504398000,12877289575400,HB,62275,26977.0,1,-3.968,54.289,26.0,0.0,26.0,21.0,0.0,10.0,0.0,26.0,0.0,0,0,yaw_jump,HB tick=62275 exp_id=200 t_ms=26977 run=1 ts=20.000 as=13.000 ta=0.000 aa=-4.054 se=7.000 so=3.918 ae=4.054 ao=7.000 pwm=10 pc=4 hd=6 y=-3.968 yr=54.289 L=10 R=0 OL=21 OR=0 el=26 er=0 ed=26 dl=26 dr=0 cl=0 cr=0 ok=270 fail=0 vofa=firewater rx=235 txdrop=0
1775035566.6919,1775035566691900000,12877477078000,HB,62464,27166.0,1,2.193,46.699,1.0,16.0,-15.0,0.0,21.0,0.0,10.0,1.0,16.0,0,0,,HB tick=62464 exp_id=200 t_ms=27166 run=1 ts=20.000 as=8.500 ta=0.000 aa=20.129 se=11.500 so=4.387 ae=-20.129 ao=-7.000 pwm=10 pc=4 hd=-6 y=2.193 yr=46.699 L=0 R=10 OL=0 OR=21 el=1 er=16 ed=-15 dl=1 dr=16 cl=0 cr=0 ok=271 fail=0 vofa=firewater rx=235 txdrop=0
1775035566.921474,1775035566921474100,12877706651300,HB,62696,27398.0,1,31.721,74.901,0.0,21.0,-21.0,0.0,21.0,0.0,10.0,0.0,21.0,0,0,yaw_jump,HB tick=62696 exp_id=200 t_ms=27398 run=1 ts=20.000 as=10.500 ta=0.000 aa=26.291 se=9.500 so=4.218 ae=-26.291 ao=-7.000 pwm=10 pc=4 hd=-6 y=31.721 yr=74.901 L=0 R=10 OL=0 OR=21 el=0 er=21 ed=-21 dl=0 dr=21 cl=0 cr=0 ok=272 fail=0 vofa=firewater rx=235 txdrop=0
1775035567.0879812,1775035567087981400,12877873158500,HB,62857,27559.0,1,11.776,5.326,0.0,25.0,-25.0,0.0,21.0,0.0,10.0,0.0,25.0,0,0,yaw_jump,HB tick=62857 exp_id=200 t_ms=27559 run=1 ts=20.000 as=12.500 ta=0.000 aa=55.819 se=7.500 so=4.034 ae=-55.819 ao=-7.000 pwm=10 pc=4 hd=-6 y=11.776 yr=5.326 L=0 R=10 OL=0 OR=21 el=0 er=25 ed=-25 dl=0 dr=25 cl=0 cr=0 ok=273 fail=0 vofa=firewater rx=235 txdrop=0
1775035567.3376768,1775035567337676700,12878122854000,HB,63111,27813.0,1,-33.224,-58.546,0.0,24.0,-24.0,0.0,21.0,0.0,10.0,0.0,24.0,0,0,yaw_jump,HB tick=63111 exp_id=200 t_ms=27813 run=1 ts=20.000 as=12.000 ta=0.000 aa=35.874 se=8.000 so=4.107 ae=-35.874 ao=-7.000 pwm=10 pc=4 hd=-6 y=-33.224 yr=-58.546 L=0 R=10 OL=0 OR=21 el=0 er=24 ed=-24 dl=0 dr=24 cl=0 cr=0 ok=274 fail=0 vofa=firewater rx=235 txdrop=0
1775035567.5360043,1775035567536004300,12878321182000,HB,63311,28013.0,1,-55.107,-76.351,17.0,1.0,16.0,21.0,0.0,10.0,0.0,17.0,1.0,0,0,yaw_jump,HB tick=63311 exp_id=200 t_ms=28013 run=1 ts=20.000 as=9.000 ta=0.000 aa=-9.126 se=11.000 so=4.431 ae=9.126 ao=7.000 pwm=10 pc=4 hd=6 y=-55.107 yr=-76.351 L=10 R=0 OL=21 OR=0 el=17 er=1 ed=16 dl=17 dr=1 cl=0 cr=0 ok=275 fail=0 vofa=firewater rx=235 txdrop=0
1775035567.7428176,1775035567742817500,12878527994600,HB,63516,28218.0,1,-53.742,-47.297,24.0,0.0,24.0,21.0,0.0,10.0,0.0,24.0,0.0,0,0,,HB tick=63516 exp_id=200 t_ms=28218 run=1 ts=20.000 as=12.000 ta=0.000 aa=-31.009 se=8.000 so=4.155 ae=31.009 ao=7.000 pwm=10 pc=4 hd=6 y=-53.742 yr=-47.297 L=10 R=0 OL=21 OR=0 el=24 er=0 ed=24 dl=24 dr=0 cl=0 cr=0 ok=276 fail=0 vofa=firewater rx=235 txdrop=0
1775035567.950936,1775035567950936100,12878736113500,HB,63722,28424.0,1,-29.569,10.328,26.0,0.0,26.0,21.0,0.0,10.0,0.0,26.0,0.0,0,0,yaw_jump,HB tick=63722 exp_id=200 t_ms=28424 run=1 ts=20.000 as=13.000 ta=0.000 aa=-29.644 se=7.000 so=4.074 ae=29.644 ao=7.000 pwm=10 pc=4 hd=6 y=-29.569 yr=10.328 L=10 R=0 OL=21 OR=0 el=26 er=0 ed=26 dl=26 dr=0 cl=0 cr=0 ok=277 fail=0 vofa=firewater rx=235 txdrop=0
1775035568.158659,1775035568158659100,12878943836500,HB,63926,28628.0,1,0.626,58.518,26.0,0.0,26.0,21.0,0.0,10.0,0.0,26.0,0.0,0,0,yaw_jump,HB tick=63926 exp_id=200 t_ms=28628 run=1 ts=20.000 as=13.000 ta=0.000 aa=-5.471 se=7.000 so=4.090 ae=5.471 ao=7.000 pwm=10 pc=4 hd=6 y=0.626 yr=58.518 L=10 R=0 OL=21 OR=0 el=26 er=0 ed=26 dl=26 dr=0 cl=0 cr=0 ok=278 fail=0 vofa=firewater rx=235 txdrop=0
1775035568.365569,1775035568365568900,12879150747100,HB,64135,28837.0,1,35.045,95.676,1.0,16.0,-15.0,0.0,23.0,0.0,12.0,1.0,16.0,0,0,yaw_jump,HB tick=64135 exp_id=200 t_ms=28837 run=1 ts=20.000 as=8.500 ta=0.000 aa=24.724 se=11.500 so=4.563 ae=-24.724 ao=-7.000 pwm=11 pc=5 hd=-7 y=35.045 yr=95.676 L=0 R=12 OL=0 OR=23 el=1 er=16 ed=-15 dl=1 dr=16 cl=0 cr=0 ok=279 fail=0 vofa=firewater rx=235 txdrop=0
1775035568.5651107,1775035568565110700,12879350287800,HB,64340,29042.0,1,36.219,64.194,0.0,23.0,-23.0,0.0,21.0,0.0,10.0,0.0,23.0,0,0,,HB tick=64340 exp_id=200 t_ms=29042 run=1 ts=20.000 as=11.500 ta=0.000 aa=59.143 se=8.500 so=4.288 ae=-59.143 ao=-7.000 pwm=10 pc=4 hd=-6 y=36.219 yr=64.194 L=0 R=10 OL=0 OR=21 el=0 er=23 ed=-23 dl=0 dr=23 cl=0 cr=0 ok=280 fail=0 vofa=firewater rx=235 txdrop=0
1775035568.77354,1775035568773540100,12879558719400,HB,64545,29247.0,1,12.23,0.769,0.0,25.0,-25.0,0.0,21.0,0.0,10.0,0.0,25.0,0,0,yaw_jump,HB tick=64545 exp_id=200 t_ms=29247 run=1 ts=20.000 as=12.500 ta=0.000 aa=60.317 se=7.500 so=4.207 ae=-60.317 ao=-7.000 pwm=10 pc=4 hd=-6 y=12.230 yr=0.769 L=0 R=10 OL=0 OR=21 el=0 er=25 ed=-25 dl=0 dr=25 cl=0 cr=0 ok=281 fail=0 vofa=firewater rx=235 txdrop=0
1775035568.9811716,1775035568981171800,12879766349800,HB,64755,29457.0,1,-16.542,-47.454,0.0,25.0,-25.0,0.0,21.0,0.0,10.0,0.0,25.0,0,0,yaw_jump,HB tick=64755 exp_id=200 t_ms=29457 run=1 ts=20.000 as=12.500 ta=0.000 aa=36.328 se=7.500 so=4.226 ae=-36.328 ao=-7.000 pwm=10 pc=4 hd=-6 y=-16.542 yr=-47.454 L=0 R=10 OL=0 OR=21 el=0 er=25 ed=-25 dl=0 dr=25 cl=0 cr=0 ok=282 fail=0 vofa=firewater rx=235 txdrop=0
1775035569.1900718,1775035569190071800,12879975251300,HB,64960,29662.0,1,-50.403,-88.655,0.0,25.0,-25.0,0.0,21.0,0.0,10.0,0.0,25.0,0,0,yaw_jump,HB tick=64960 exp_id=200 t_ms=29662 run=1 ts=20.000 as=12.500 ta=0.000 aa=7.555 se=7.500 so=4.245 ae=-7.555 ao=-7.000 pwm=10 pc=4 hd=-6 y=-50.403 yr=-88.655 L=0 R=10 OL=0 OR=21 el=0 er=25 ed=-25 dl=0 dr=25 cl=0 cr=0 ok=283 fail=0 vofa=firewater rx=235 txdrop=0
1775035569.3461757,1775035569346175700,12880131352800,HB,65121,29823.0,1,-74.614,-110.259,17.0,2.0,15.0,23.0,0.0,12.0,0.0,17.0,2.0,0,0,yaw_jump,HB tick=65121 exp_id=200 t_ms=29823 run=1 ts=20.000 as=9.500 ta=0.000 aa=-26.305 se=10.500 so=4.564 ae=26.305 ao=7.000 pwm=11 pc=5 hd=7 y=-74.614 yr=-110.259 L=12 R=0 OL=23 OR=0 el=17 er=2 ed=15 dl=17 dr=2 cl=0 cr=0 ok=284 fail=0 vofa=firewater rx=235 txdrop=0
1775035569.5771694,1775035569577169300,12880362346700,HB,65353,30055.0,1,-84.209,-86.143,24.0,0.0,24.0,21.0,0.0,10.0,0.0,24.0,0.0,0,0,yaw_jump,HB tick=65353 exp_id=200 t_ms=30055 run=1 ts=20.000 as=12.000 ta=0.000 aa=-50.516 se=8.000 so=4.340 ae=50.516 ao=7.000 pwm=10 pc=4 hd=6 y=-84.209 yr=-86.143 L=10 R=0 OL=21 OR=0 el=24 er=0 ed=24 dl=24 dr=0 cl=0 cr=0 ok=285 fail=0 vofa=firewater rx=235 txdrop=0
1775035569.7849226,1775035569784922700,12880570105500,HB,65559,30260.0,1,-54.504,-5.277,26.0,0.0,26.0,21.0,0.0,10.0,0.0,26.0,0.0,0,0,yaw_jump,HB tick=65559 exp_id=200 t_ms=30260 run=1 ts=20.000 as=13.000 ta=0.000 aa=-60.111 se=7.000 so=4.258 ae=60.111 ao=7.000 pwm=10 pc=4 hd=6 y=-54.504 yr=-5.277 L=10 R=0 OL=21 OR=0 el=26 er=0 ed=26 dl=26 dr=0 cl=0 cr=0 ok=286 fail=0 vofa=firewater rx=235 txdrop=0
1775035569.983571,1775035569983571000,12880768748100,HB,65764,30465.0,1,-24.503,47.791,26.0,0.0,26.0,21.0,0.0,10.0,0.0,26.0,0.0,0,0,yaw_jump,HB tick=65764 exp_id=200 t_ms=30465 run=1 ts=20.000 as=13.000 ta=0.000 aa=-30.406 se=7.000 so=4.275 ae=30.406 ao=7.000 pwm=10 pc=4 hd=6 y=-24.503 yr=47.791 L=10 R=0 OL=21 OR=0 el=26 er=0 ed=26 dl=26 dr=0 cl=0 cr=0 ok=287 fail=0 vofa=firewater rx=235 txdrop=0
1775035570.2036777,1775035570203677700,12880988855700,HB,65973,30675.0,1,6.925,83.444,3.0,15.0,-12.0,11.0,20.0,1.0,9.0,3.0,15.0,0,0,yaw_jump,HB tick=65973 exp_id=200 t_ms=30675 run=1 ts=20.000 as=9.000 ta=0.000 aa=-0.405 se=11.000 so=4.697 ae=0.405 ao=-4.910 pwm=15 pc=5 hd=-4 y=6.925 yr=83.444 L=1 R=9 OL=11 OR=20 el=3 er=15 ed=-12 dl=3 dr=15 cl=0 cr=0 ok=288 fail=0 vofa=firewater rx=235 txdrop=0
1775035570.4010665,1775035570401066600,12881186244100,HB,66179,30881.0,1,13.468,65.355,0.0,23.0,-23.0,0.0,21.0,0.0,10.0,0.0,23.0,0,0,,HB tick=66179 exp_id=200 t_ms=30881 run=1 ts=20.000 as=11.500 ta=0.000 aa=31.023 se=8.500 so=4.470 ae=-31.023 ao=-7.000 pwm=10 pc=4 hd=-6 y=13.468 yr=65.355 L=0 R=10 OL=0 OR=21 el=0 er=23 ed=-23 dl=0 dr=23 cl=0 cr=0 ok=289 fail=0 vofa=firewater rx=235 txdrop=0
1775035570.6087267,1775035570608726800,12881393905200,HB,66384,31085.0,1,-9.631,2.851,0.0,25.0,-25.0,0.0,21.0,0.0,10.0,0.0,25.0,0,0,yaw_jump,HB tick=66384 exp_id=200 t_ms=31085 run=1 ts=20.000 as=12.500 ta=0.000 aa=37.566 se=7.500 so=4.390 ae=-37.566 ao=-7.000 pwm=10 pc=4 hd=-6 y=-9.631 yr=2.851 L=0 R=10 OL=0 OR=21 el=0 er=25 ed=-25 dl=0 dr=25 cl=0 cr=0 ok=290 fail=0 vofa=firewater rx=235 txdrop=0
1775035570.837163,1775035570837163100,12881622340900,HB,66610,31312.0,1,-50.491,-61.147,0.0,25.0,-25.0,0.0,21.0,0.0,10.0,0.0,25.0,0,0,yaw_jump,HB tick=66610 exp_id=200 t_ms=31312 run=1 ts=20.000 as=12.500 ta=0.000 aa=14.467 se=7.500 so=4.411 ae=-14.467 ao=-7.000 pwm=10 pc=4 hd=-6 y=-50.491 yr=-61.147 L=0 R=10 OL=0 OR=21 el=0 er=25 ed=-25 dl=0 dr=25 cl=0 cr=0 ok=291 fail=0 vofa=firewater rx=235 txdrop=0
1775035571.0355942,1775035571035594200,12881820771500,HB,66811,31513.0,1,-75.654,-83.563,17.0,1.0,16.0,23.0,0.0,12.0,0.0,17.0,1.0,0,0,yaw_jump,HB tick=66811 exp_id=200 t_ms=31513 run=1 ts=20.000 as=9.000 ta=0.000 aa=-26.393 se=11.000 so=4.784 ae=26.393 ao=7.000 pwm=11 pc=5 hd=7 y=-75.654 yr=-83.563 L=12 R=0 OL=23 OR=0 el=17 er=1 ed=16 dl=17 dr=1 cl=0 cr=0 ok=292 fail=0 vofa=firewater rx=235 txdrop=0
1775035571.242642,1775035571242641800,12882027819700,HB,67016,31718.0,1,-73.353,-50.387,26.0,0.0,26.0,21.0,0.0,10.0,0.0,26.0,0.0,0,0,,HB tick=67016 exp_id=200 t_ms=31718 run=1 ts=20.000 as=13.000 ta=0.000 aa=-51.556 se=7.000 so=4.405 ae=51.556 ao=7.000 pwm=10 pc=4 hd=6 y=-73.353 yr=-50.387 L=10 R=0 OL=21 OR=0 el=26 er=0 ed=26 dl=26 dr=0 cl=0 cr=0 ok=293 fail=0 vofa=firewater rx=235 txdrop=0
1775035571.4003112,1775035571400311300,12882185488500,HB,67177,31879.0,1,-52.411,12.774,27.0,0.0,27.0,21.0,0.0,10.0,0.0,27.0,0.0,0,0,yaw_jump,HB tick=67177 exp_id=200 t_ms=31879 run=1 ts=20.000 as=13.500 ta=0.000 aa=-49.255 se=6.500 so=4.368 ae=49.255 ao=7.000 pwm=10 pc=4 hd=6 y=-52.411 yr=12.774 L=10 R=0 OL=21 OR=0 el=27 er=0 ed=27 dl=27 dr=0 cl=0 cr=0 ok=294 fail=0 vofa=firewater rx=235 txdrop=0
1775035571.6314135,1775035571631413400,12882416592000,HB,67409,32111.0,1,-21.6,54.785,26.0,0.0,26.0,21.0,0.0,10.0,0.0,26.0,0.0,0,0,yaw_jump,HB tick=67409 exp_id=200 t_ms=32111 run=1 ts=20.000 as=13.000 ta=0.000 aa=-28.314 se=7.000 so=4.438 ae=28.314 ao=7.000 pwm=10 pc=4 hd=6 y=-21.600 yr=54.785 L=10 R=0 OL=21 OR=0 el=26 er=0 ed=26 dl=26 dr=0 cl=0 cr=0 ok=295 fail=0 vofa=firewater rx=235 txdrop=0
1775035571.83875,1775035571838749900,12882623927000,HB,67613,32315.0,1,15.12,98.611,1.0,18.0,-17.0,0.0,23.0,0.0,12.0,1.0,18.0,0,0,yaw_jump,HB tick=67613 exp_id=200 t_ms=32315 run=1 ts=20.000 as=9.500 ta=0.000 aa=2.498 se=10.500 so=4.810 ae=-2.498 ao=-7.000 pwm=11 pc=5 hd=-7 y=15.120 yr=98.611 L=0 R=12 OL=0 OR=23 el=1 er=18 ed=-17 dl=1 dr=18 cl=0 cr=0 ok=296 fail=0 vofa=firewater rx=235 txdrop=0
1775035572.045956,1775035572045955900,12882831133400,HB,67819,32521.0,1,15.758,65.181,0.0,26.0,-26.0,0.0,21.0,0.0,10.0,0.0,26.0,0,0,,HB tick=67819 exp_id=200 t_ms=32521 run=1 ts=20.000 as=13.000 ta=0.000 aa=39.218 se=7.000 so=4.481 ae=-39.218 ao=-7.000 pwm=10 pc=4 hd=-6 y=15.758 yr=65.181 L=0 R=10 OL=0 OR=21 el=0 er=26 ed=-26 dl=0 dr=26 cl=0 cr=0 ok=297 fail=0 vofa=firewater rx=235 txdrop=0
1775035572.2436883,1775035572243688500,12883028865700,HB,68024,32726.0,1,-10.999,-3.315,0.0,27.0,-27.0,0.0,21.0,0.0,10.0,0.0,27.0,0,0,yaw_jump,HB tick=68024 exp_id=200 t_ms=32726 run=1 ts=20.000 as=13.500 ta=0.000 aa=39.856 se=6.500 so=4.449 ae=-39.856 ao=-7.000 pwm=10 pc=4 hd=-6 y=-10.999 yr=-3.315 L=0 R=10 OL=0 OR=21 el=0 er=27 ed=-27 dl=0 dr=27 cl=0 cr=0 ok=298 fail=0 vofa=firewater rx=235 txdrop=0
1775035572.472768,1775035572472767900,12883257945200,HB,68249,32951.0,1,-51.499,-65.155,0.0,25.0,-25.0,0.0,23.0,0.0,12.0,0.0,25.0,0,0,yaw_jump,HB tick=68249 exp_id=200 t_ms=32951 run=1 ts=20.000 as=12.500 ta=0.000 aa=13.099 se=7.500 so=4.567 ae=-13.099 ao=-7.000 pwm=11 pc=5 hd=-7 y=-51.499 yr=-65.155 L=0 R=12 OL=0 OR=23 el=0 er=25 ed=-25 dl=0 dr=25 cl=0 cr=0 ok=299 fail=0 vofa=firewater rx=235 txdrop=0
1775035572.6278925,1775035572627892500,12883413069700,HB,68405,33107.0,1,-76.869,-99.27,20.0,5.0,15.0,23.0,0.0,12.0,0.0,20.0,5.0,0,0,yaw_jump,HB tick=68405 exp_id=200 t_ms=33107 run=1 ts=20.000 as=12.500 ta=0.000 aa=-27.401 se=7.500 so=4.585 ae=27.401 ao=7.000 pwm=11 pc=5 hd=7 y=-76.869 yr=-99.270 L=12 R=0 OL=23 OR=0 el=20 er=5 ed=15 dl=20 dr=5 cl=0 cr=0 ok=300 fail=0 vofa=firewater rx=235 txdrop=0
1775035572.867237,1775035572867237000,12883652414100,HB,68638,33340.0,1,-82.226,-72.573,25.0,0.0,25.0,23.0,0.0,12.0,0.0,25.0,0.0,0,0,,HB tick=68638 exp_id=200 t_ms=33340 run=1 ts=20.000 as=12.500 ta=0.000 aa=-52.771 se=7.500 so=4.607 ae=52.771 ao=7.000 pwm=11 pc=5 hd=7 y=-82.226 yr=-72.573 L=12 R=0 OL=23 OR=0 el=25 er=0 ed=25 dl=25 dr=0 cl=0 cr=0 ok=301 fail=0 vofa=firewater rx=235 txdrop=0
1775035573.0858705,1775035573085870500,12883871047600,HB,68859,33561.0,1,-42.446,15.827,28.0,0.0,28.0,21.0,0.0,10.0,0.0,28.0,0.0,0,0,yaw_jump,HB tick=68859 exp_id=200 t_ms=33561 run=1 ts=20.000 as=14.000 ta=0.000 aa=-58.128 se=6.000 so=4.474 ae=58.128 ao=7.000 pwm=10 pc=4 hd=6 y=-42.446 yr=15.827 L=10 R=0 OL=21 OR=0 el=28 er=0 ed=28 dl=28 dr=0 cl=0 cr=0 ok=302 fail=0 vofa=firewater rx=235 txdrop=0
1775035573.2425475,1775035573242547500,12884027725100,HB,69015,33717.0,1,-25.854,47.513,28.0,0.0,28.0,21.0,0.0,10.0,0.0,28.0,0.0,0,0,yaw_jump,HB tick=69015 exp_id=200 t_ms=33717 run=1 ts=20.000 as=14.000 ta=0.000 aa=-18.348 se=6.000 so=4.486 ae=18.348 ao=7.000 pwm=10 pc=4 hd=6 y=-25.854 yr=47.513 L=10 R=0 OL=21 OR=0 el=28 er=0 ed=28 dl=28 dr=0 cl=0 cr=0 ok=303 fail=0 vofa=firewater rx=235 txdrop=0
1775035573.480778,1775035573480778100,12884265955600,HB,69247,33949.0,1,4.272,76.332,27.0,0.0,27.0,22.0,0.0,11.0,0.0,27.0,0.0,0,0,yaw_jump,HB tick=69247 exp_id=200 t_ms=33949 run=1 ts=20.000 as=13.500 ta=0.000 aa=-1.757 se=6.500 so=4.554 ae=1.757 ao=5.965 pwm=11 pc=5 hd=6 y=4.272 yr=76.332 L=11 R=0 OL=22 OR=0 el=27 er=0 ed=27 dl=27 dr=0 cl=0 cr=0 ok=304 fail=0 vofa=firewater rx=235 txdrop=0
1775035573.6782377,1775035573678237700,12884463415000,HB,69456,34158.0,1,41.892,112.616,1.0,13.0,-12.0,0.0,23.0,0.0,12.0,1.0,13.0,0,0,yaw_jump,HB tick=69456 exp_id=200 t_ms=34158 run=1 ts=20.000 as=7.000 ta=0.000 aa=28.369 se=13.000 so=5.227 ae=-28.369 ao=-7.000 pwm=11 pc=5 hd=-7 y=41.892 yr=112.616 L=0 R=12 OL=0 OR=23 el=1 er=13 ed=-12 dl=1 dr=13 cl=0 cr=0 ok=305 fail=0 vofa=firewater rx=235 txdrop=0
1775035573.8853836,1775035573885383800,12884670561200,HB,69661,34363.0,1,44.373,77.437,0.0,19.0,-19.0,0.0,23.0,0.0,12.0,0.0,19.0,0,0,,HB tick=69661 exp_id=200 t_ms=34363 run=1 ts=20.000 as=9.500 ta=0.000 aa=65.989 se=10.500 so=5.009 ae=-65.989 ao=-7.000 pwm=11 pc=5 hd=-7 y=44.373 yr=77.437 L=0 R=12 OL=0 OR=23 el=0 er=19 ed=-19 dl=0 dr=19 cl=0 cr=0 ok=306 fail=0 vofa=firewater rx=235 txdrop=0
1775035574.0943322,1775035574094332200,12884879509200,HB,69866,34568.0,1,28.321,22.928,0.0,23.0,-23.0,0.0,23.0,0.0,12.0,0.0,23.0,0,0,yaw_jump,HB tick=69866 exp_id=200 t_ms=34568 run=1 ts=20.000 as=11.500 ta=0.000 aa=68.471 se=8.500 so=4.830 ae=-68.471 ao=-7.000 pwm=11 pc=5 hd=-7 y=28.321 yr=22.928 L=0 R=12 OL=0 OR=23 el=0 er=23 ed=-23 dl=0 dr=23 cl=0 cr=0 ok=307 fail=0 vofa=firewater rx=235 txdrop=0
1775035574.2608888,1775035574260888800,12885046066200,HB,70031,34733.0,1,8.188,-27.803,1.0,20.0,-19.0,0.0,23.0,0.0,12.0,1.0,20.0,0,0,yaw_jump,HB tick=70031 exp_id=200 t_ms=34733 run=1 ts=20.000 as=10.500 ta=0.000 aa=52.419 se=9.500 so=4.945 ae=-52.419 ao=-7.000 pwm=11 pc=5 hd=-7 y=8.188 yr=-27.803 L=0 R=12 OL=0 OR=23 el=1 er=20 ed=-19 dl=1 dr=20 cl=0 cr=0 ok=308 fail=0 vofa=firewater rx=235 txdrop=0
1775035574.4469392,1775035574446939100,12885232116500,HB,70220,34922.0,1,-0.303,-33.796,0.0,15.0,-15.0,0.0,23.0,0.0,12.0,0.0,15.0,0,0,yaw_jump,HB tick=70220 exp_id=200 t_ms=34922 run=1 ts=20.000 as=7.500 ta=0.000 aa=32.286 se=12.500 so=5.272 ae=-32.286 ao=-7.000 pwm=11 pc=5 hd=-7 y=-0.303 yr=-33.796 L=0 R=12 OL=0 OR=23 el=0 er=15 ed=-15 dl=0 dr=15 cl=0 cr=0 ok=309 fail=0 vofa=firewater rx=235 txdrop=0
1775035574.6761777,1775035574676177600,12885461354800,HB,70453,35155.0,1,-29.359,-65.615,0.0,14.0,-14.0,0.0,23.0,0.0,12.0,0.0,14.0,0,0,yaw_jump,HB tick=70453 exp_id=200 t_ms=35155 run=1 ts=20.000 as=7.000 ta=0.000 aa=23.795 se=13.000 so=5.358 ae=-23.795 ao=-7.000 pwm=11 pc=5 hd=-7 y=-29.359 yr=-65.615 L=0 R=12 OL=0 OR=23 el=0 er=14 ed=-14 dl=0 dr=14 cl=0 cr=0 ok=310 fail=0 vofa=firewater rx=235 txdrop=0
1775035574.842664,1775035574842664000,12885627841700,HB,70614,35316.0,1,-29.374,-42.682,14.0,0.0,14.0,23.0,0.0,12.0,0.0,14.0,0.0,0,0,,HB tick=70614 exp_id=200 t_ms=35316 run=1 ts=20.000 as=7.000 ta=0.000 aa=-5.262 se=13.000 so=5.383 ae=5.262 ao=7.000 pwm=11 pc=5 hd=7 y=-29.374 yr=-42.682 L=12 R=0 OL=23 OR=0 el=14 er=0 ed=14 dl=14 dr=0 cl=0 cr=0 ok=311 fail=0 vofa=firewater rx=235 txdrop=0
1775035575.0717921,1775035575071792100,12885856969500,HB,70846,35548.0,1,-21.529,-15.908,17.0,-1.0,18.0,23.0,0.0,12.0,0.0,17.0,-1.0,0,0,,HB tick=70846 exp_id=200 t_ms=35548 run=1 ts=20.000 as=8.000 ta=0.000 aa=-5.277 se=12.000 so=5.313 ae=5.277 ao=7.000 pwm=11 pc=5 hd=7 y=-21.529 yr=-15.908 L=12 R=0 OL=23 OR=0 el=17 er=-1 ed=18 dl=17 dr=-1 cl=0 cr=0 ok=312 fail=0 vofa=firewater rx=235 txdrop=0
1775035575.2800436,1775035575280043600,12886065221000,HB,71056,35757.0,1,3.231,31.125,0.0,19.0,-19.0,0.0,23.0,0.0,12.0,0.0,19.0,0,0,yaw_jump,HB tick=71056 exp_id=200 t_ms=35757 run=1 ts=20.000 as=9.500 ta=0.000 aa=2.569 se=10.500 so=5.193 ae=-2.569 ao=-7.000 pwm=11 pc=5 hd=-7 y=3.231 yr=31.125 L=0 R=12 OL=0 OR=23 el=0 er=19 ed=-19 dl=0 dr=19 cl=0 cr=0 ok=313 fail=0 vofa=firewater rx=235 txdrop=0
1775035575.488559,1775035575488559000,12886273738200,HB,71260,35962.0,1,3.608,20.873,0.0,21.0,-21.0,0.0,23.0,0.0,12.0,0.0,21.0,0,0,,HB tick=71260 exp_id=200 t_ms=35962 run=1 ts=20.000 as=10.500 ta=0.000 aa=27.329 se=9.500 so=5.118 ae=-27.329 ao=-7.000 pwm=11 pc=5 hd=-7 y=3.608 yr=20.873 L=0 R=12 OL=0 OR=23 el=0 er=21 ed=-21 dl=0 dr=21 cl=0 cr=0 ok=314 fail=0 vofa=firewater rx=235 txdrop=0
1775035575.6884356,1775035575688435400,12886473612900,HB,71465,36167.0,1,3.612,13.575,0.0,18.0,-18.0,0.0,23.0,0.0,12.0,0.0,18.0,0,0,,HB tick=71465 exp_id=200 t_ms=36167 run=1 ts=20.000 as=9.000 ta=0.000 aa=27.705 se=11.000 so=5.293 ae=-27.705 ao=-7.000 pwm=11 pc=5 hd=-7 y=3.612 yr=13.575 L=0 R=12 OL=0 OR=23 el=0 er=18 ed=-18 dl=0 dr=18 cl=0 cr=0 ok=315 fail=0 vofa=firewater rx=235 txdrop=0
1775035575.8556273,1775035575855627200,12886640804300,HB,71630,36332.0,1,3.596,8.79,0.0,20.0,-20.0,0.0,23.0,0.0,12.0,0.0,20.0,0,0,,HB tick=71630 exp_id=200 t_ms=36332 run=1 ts=20.000 as=10.000 ta=0.000 aa=27.710 se=10.000 so=5.216 ae=-27.710 ao=-7.000 pwm=11 pc=5 hd=-7 y=3.596 yr=8.790 L=0 R=12 OL=0 OR=23 el=0 er=20 ed=-20 dl=0 dr=20 cl=0 cr=0 ok=316 fail=0 vofa=firewater rx=235 txdrop=0
1775035576.1049626,1775035576104962500,12886890140000,HB,71884,36586.0,1,3.443,5.503,0.0,20.0,-20.0,0.0,23.0,0.0,12.0,0.0,20.0,0,0,,HB tick=71884 exp_id=200 t_ms=36586 run=1 ts=20.000 as=10.000 ta=0.000 aa=27.694 se=10.000 so=5.245 ae=-27.694 ao=-7.000 pwm=11 pc=5 hd=-7 y=3.443 yr=5.503 L=0 R=12 OL=0 OR=23 el=0 er=20 ed=-20 dl=0 dr=20 cl=0 cr=0 ok=317 fail=0 vofa=firewater rx=235 txdrop=0
1775035576.2612975,1775035576261297400,12887046474900,HB,72040,36742.0,1,3.442,3.575,0.0,17.0,-17.0,0.0,23.0,0.0,12.0,0.0,17.0,0,0,,HB tick=72040 exp_id=200 t_ms=36742 run=1 ts=20.000 as=8.500 ta=0.000 aa=27.541 se=11.500 so=5.416 ae=-27.541 ao=-7.000 pwm=11 pc=5 hd=-7 y=3.442 yr=3.575 L=0 R=12 OL=0 OR=23 el=0 er=17 ed=-17 dl=0 dr=17 cl=0 cr=0 ok=318 fail=0 vofa=firewater rx=235 txdrop=0
1775035576.4986637,1775035576498663800,12887283842900,HB,72273,36975.0,1,3.36,2.201,0.0,21.0,-21.0,0.0,23.0,0.0,12.0,0.0,21.0,0,0,,HB tick=72273 exp_id=200 t_ms=36975 run=1 ts=20.000 as=10.500 ta=0.000 aa=27.540 se=9.500 so=5.245 ae=-27.540 ao=-7.000 pwm=11 pc=5 hd=-7 y=3.360 yr=2.201 L=0 R=12 OL=0 OR=23 el=0 er=21 ed=-21 dl=0 dr=21 cl=0 cr=0 ok=319 fail=0 vofa=firewater rx=235 txdrop=0
1775035576.6983283,1775035576698328200,12887483510700,HB,72478,37180.0,1,3.315,1.354,0.0,19.0,-19.0,0.0,23.0,0.0,12.0,0.0,19.0,0,0,,HB tick=72478 exp_id=200 t_ms=37180 run=1 ts=20.000 as=9.500 ta=0.000 aa=27.458 se=10.500 so=5.369 ae=-27.458 ao=-7.000 pwm=11 pc=5 hd=-7 y=3.315 yr=1.354 L=0 R=12 OL=0 OR=23 el=0 er=19 ed=-19 dl=0 dr=19 cl=0 cr=0 ok=320 fail=0 vofa=firewater rx=235 txdrop=0
1775035576.8650558,1775035576865055700,12887650233000,HB,72640,37342.0,1,3.322,0.895,0.0,17.0,-17.0,0.0,23.0,0.0,12.0,0.0,17.0,0,0,,HB tick=72640 exp_id=200 t_ms=37342 run=1 ts=20.000 as=8.500 ta=0.000 aa=27.413 se=11.500 so=5.492 ae=-27.413 ao=-7.000 pwm=11 pc=5 hd=-7 y=3.322 yr=0.895 L=0 R=12 OL=0 OR=23 el=0 er=17 ed=-17 dl=0 dr=17 cl=0 cr=0 ok=321 fail=0 vofa=firewater rx=235 txdrop=0
1775035577.0937157,1775035577093715600,12887878893300,HB,72872,37574.0,1,3.183,0.371,0.0,21.0,-21.0,0.0,23.0,0.0,12.0,0.0,21.0,0,0,,HB tick=72872 exp_id=200 t_ms=37574 run=1 ts=20.000 as=10.500 ta=0.000 aa=27.420 se=9.500 so=5.320 ae=-27.420 ao=-7.000 pwm=11 pc=5 hd=-7 y=3.183 yr=0.371 L=0 R=12 OL=0 OR=23 el=0 er=21 ed=-21 dl=0 dr=21 cl=0 cr=0 ok=322 fail=0 vofa=firewater rx=235 txdrop=0
1775035577.2604957,1775035577260495700,12888045673000,HB,73033,37735.0,1,3.175,0.224,0.0,19.0,-19.0,0.0,23.0,0.0,12.0,0.0,19.0,0,0,,HB tick=73033 exp_id=200 t_ms=37735 run=1 ts=20.000 as=9.500 ta=0.000 aa=27.281 se=10.500 so=5.439 ae=-27.281 ao=-7.000 pwm=11 pc=5 hd=-7 y=3.175 yr=0.224 L=0 R=12 OL=0 OR=23 el=0 er=19 ed=-19 dl=0 dr=19 cl=0 cr=0 ok=323 fail=0 vofa=firewater rx=235 txdrop=0
1775035577.4884293,1775035577488429300,12888273606400,HB,73265,37967.0,1,3.16,0.124,0.0,19.0,-19.0,0.0,23.0,0.0,12.0,0.0,19.0,0,0,,HB tick=73265 exp_id=200 t_ms=37967 run=1 ts=20.000 as=9.500 ta=0.000 aa=27.273 se=10.500 so=5.470 ae=-27.273 ao=-7.000 pwm=11 pc=5 hd=-7 y=3.160 yr=0.124 L=0 R=12 OL=0 OR=23 el=0 er=19 ed=-19 dl=0 dr=19 cl=0 cr=0 ok=324 fail=0 vofa=firewater rx=235 txdrop=0
1775035577.6543574,1775035577654357400,12888439534600,HB,73430,38132.0,1,3.041,-0.173,0.0,20.0,-20.0,0.0,23.0,0.0,12.0,0.0,20.0,0,0,,HB tick=73430 exp_id=200 t_ms=38132 run=1 ts=20.000 as=10.000 ta=0.000 aa=27.258 se=10.000 so=5.440 ae=-27.258 ao=-7.000 pwm=11 pc=5 hd=-7 y=3.041 yr=-0.173 L=0 R=12 OL=0 OR=23 el=0 er=20 ed=-20 dl=0 dr=20 cl=0 cr=0 ok=325 fail=0 vofa=firewater rx=235 txdrop=0
1775035577.8429224,1775035577842922600,12888628100300,HB,73619,38321.0,1,3.048,-0.1,0.0,18.0,-18.0,0.0,24.0,0.0,13.0,0.0,18.0,0,0,,HB tick=73619 exp_id=200 t_ms=38321 run=1 ts=20.000 as=9.000 ta=0.000 aa=27.139 se=11.000 so=5.562 ae=-27.139 ao=-7.000 pwm=12 pc=6 hd=-7 y=3.048 yr=-0.100 L=0 R=13 OL=0 OR=24 el=0 er=18 ed=-18 dl=0 dr=18 cl=0 cr=0 ok=326 fail=0 vofa=firewater rx=235 txdrop=0
1775035578.0813675,1775035578081367600,12888866545200,HB,73852,38554.0,1,3.033,-0.088,0.0,21.0,-21.0,0.0,23.0,0.0,12.0,0.0,21.0,0,0,,HB tick=73852 exp_id=200 t_ms=38554 run=1 ts=20.000 as=10.500 ta=0.000 aa=27.145 se=9.500 so=5.443 ae=-27.145 ao=-7.000 pwm=11 pc=5 hd=-7 y=3.033 yr=-0.088 L=0 R=12 OL=0 OR=23 el=0 er=21 ed=-21 dl=0 dr=21 cl=0 cr=0 ok=327 fail=0 vofa=firewater rx=235 txdrop=0
1775035578.2790632,1775035578279063300,12889064240300,HB,74057,38759.0,1,2.956,-0.188,0.0,20.0,-20.0,0.0,24.0,0.0,13.0,0.0,20.0,0,0,,HB tick=74057 exp_id=200 t_ms=38759 run=1 ts=20.000 as=10.000 ta=0.000 aa=27.130 se=10.000 so=5.516 ae=-27.130 ao=-7.000 pwm=12 pc=6 hd=-7 y=2.956 yr=-0.188 L=0 R=13 OL=0 OR=24 el=0 er=20 ed=-20 dl=0 dr=20 cl=0 cr=0 ok=328 fail=0 vofa=firewater rx=235 txdrop=0
1775035578.4867942,1775035578486794200,12889271971900,HB,74262,38963.0,1,2.962,-0.111,0.0,17.0,-17.0,0.0,24.0,0.0,13.0,0.0,17.0,0,0,,HB tick=74262 exp_id=200 t_ms=38963 run=1 ts=20.000 as=8.500 ta=0.000 aa=27.053 se=11.500 so=5.693 ae=-27.053 ao=-7.000 pwm=12 pc=6 hd=-7 y=2.962 yr=-0.111 L=0 R=13 OL=0 OR=24 el=0 er=17 ed=-17 dl=0 dr=17 cl=0 cr=0 ok=329 fail=0 vofa=firewater rx=235 txdrop=0
1775035578.69385,1775035578693850000,12889479027600,HB,74471,39173.0,1,2.858,-0.246,0.0,21.0,-21.0,0.0,24.0,0.0,13.0,0.0,21.0,0,0,,HB tick=74471 exp_id=200 t_ms=39173 run=1 ts=20.000 as=10.500 ta=0.000 aa=27.060 se=9.500 so=5.518 ae=-27.060 ao=-7.000 pwm=12 pc=6 hd=-7 y=2.858 yr=-0.246 L=0 R=13 OL=0 OR=24 el=0 er=21 ed=-21 dl=0 dr=21 cl=0 cr=0 ok=330 fail=0 vofa=firewater rx=235 txdrop=0
1775035578.901825,1775035578901825100,12889687002300,HB,74676,39378.0,1,2.85,-0.174,0.0,20.0,-20.0,0.0,24.0,0.0,13.0,0.0,20.0,0,0,,HB tick=74676 exp_id=200 t_ms=39378 run=1 ts=20.000 as=10.000 ta=0.000 aa=26.956 se=10.000 so=5.591 ae=-26.956 ao=-7.000 pwm=12 pc=6 hd=-7 y=2.850 yr=-0.174 L=0 R=13 OL=0 OR=24 el=0 er=20 ed=-20 dl=0 dr=20 cl=0 cr=0 ok=331 fail=0 vofa=firewater rx=235 txdrop=0
1775035579.1102364,1775035579110236400,12889895413900,HB,74881,39583.0,1,2.83,-0.147,0.0,20.0,-20.0,0.0,24.0,0.0,13.0,0.0,20.0,0,0,,HB tick=74881 exp_id=200 t_ms=39583 run=1 ts=20.000 as=10.000 ta=0.000 aa=26.948 se=10.000 so=5.618 ae=-26.948 ao=-7.000 pwm=12 pc=6 hd=-7 y=2.830 yr=-0.147 L=0 R=13 OL=0 OR=24 el=0 er=20 ed=-20 dl=0 dr=20 cl=0 cr=0 ok=332 fail=0 vofa=firewater rx=235 txdrop=0
1775035579.3177779,1775035579317777900,12890102955700,HB,75091,39793.0,1,2.683,-0.341,0.0,21.0,-21.0,0.0,24.0,0.0,13.0,0.0,21.0,0,0,,HB tick=75091 exp_id=200 t_ms=39793 run=1 ts=20.000 as=10.500 ta=0.000 aa=26.928 se=9.500 so=5.592 ae=-26.928 ao=-7.000 pwm=12 pc=6 hd=-7 y=2.683 yr=-0.341 L=0 R=13 OL=0 OR=24 el=0 er=21 ed=-21 dl=0 dr=21 cl=0 cr=0 ok=333 fail=0 vofa=firewater rx=235 txdrop=0
1775035579.5161705,1775035579516170400,12890301347600,HB,75296,39998.0,1,2.682,-0.223,0.0,18.0,-18.0,0.0,24.0,0.0,13.0,0.0,18.0,0,0,,HB tick=75296 exp_id=200 t_ms=39998 run=1 ts=20.000 as=9.000 ta=0.000 aa=26.781 se=11.000 so=5.767 ae=-26.781 ao=-7.000 pwm=12 pc=6 hd=-7 y=2.682 yr=-0.223 L=0 R=13 OL=0 OR=24 el=0 er=18 ed=-18 dl=0 dr=18 cl=0 cr=0 ok=334 fail=0 vofa=firewater rx=235 txdrop=0
1775035579.744527,1775035579744527100,12890529704300,HB,75517,40219.0,1,2.249,-0.831,0.0,20.0,-20.0,0.0,24.0,0.0,13.0,0.0,20.0,0,0,,HB tick=75517 exp_id=200 t_ms=40219 run=1 ts=20.000 as=10.000 ta=0.000 aa=26.780 se=10.000 so=5.694 ae=-26.780 ao=-7.000 pwm=12 pc=6 hd=-7 y=2.249 yr=-0.831 L=0 R=13 OL=0 OR=24 el=0 er=20 ed=-20 dl=0 dr=20 cl=0 cr=0 ok=335 fail=0 vofa=firewater rx=235 txdrop=0
1775035579.9439518,1775035579943951800,12890729130100,HB,75717,40419.0,1,2.178,-0.663,0.0,19.0,-19.0,0.0,24.0,0.0,13.0,0.0,19.0,0,0,,HB tick=75717 exp_id=200 t_ms=40419 run=1 ts=20.000 as=9.500 ta=0.000 aa=26.347 se=10.500 so=5.768 ae=-26.347 ao=-7.000 pwm=12 pc=6 hd=-7 y=2.178 yr=-0.663 L=0 R=13 OL=0 OR=24 el=0 er=19 ed=-19 dl=0 dr=19 cl=0 cr=0 ok=336 fail=0 vofa=firewater rx=235 txdrop=0
1775035580.1630845,1775035580163084600,12890948262200,HB,75944,40646.0,1,1.915,-0.838,0.0,18.0,-18.0,0.0,24.0,0.0,13.0,0.0,18.0,0,0,,HB tick=75944 exp_id=200 t_ms=40646 run=1 ts=20.000 as=9.000 ta=0.000 aa=26.276 se=11.000 so=5.849 ae=-26.276 ao=-7.000 pwm=12 pc=6 hd=-7 y=1.915 yr=-0.838 L=0 R=13 OL=0 OR=24 el=0 er=18 ed=-18 dl=0 dr=18 cl=0 cr=0 ok=337 fail=0 vofa=firewater rx=235 txdrop=0
1775035580.3704407,1775035580370440600,12891155618000,HB,76144,40846.0,1,1.877,-0.61,0.0,20.0,-20.0,0.0,24.0,0.0,13.0,0.0,20.0,0,0,,HB tick=76144 exp_id=200 t_ms=40846 run=1 ts=20.000 as=10.000 ta=0.000 aa=26.013 se=10.000 so=5.773 ae=-26.013 ao=-7.000 pwm=12 pc=6 hd=-7 y=1.877 yr=-0.610 L=0 R=13 OL=0 OR=24 el=0 er=20 ed=-20 dl=0 dr=20 cl=0 cr=0 ok=338 fail=0 vofa=firewater rx=235 txdrop=0
1775035580.577371,1775035580577370900,12891362548100,HB,76349,41051.0,1,1.815,-0.503,0.0,18.0,-18.0,0.0,24.0,0.0,13.0,0.0,18.0,0,0,,HB tick=76349 exp_id=200 t_ms=41051 run=1 ts=20.000 as=9.000 ta=0.000 aa=25.975 se=11.000 so=5.898 ae=-25.975 ao=-7.000 pwm=12 pc=6 hd=-7 y=1.815 yr=-0.503 L=0 R=13 OL=0 OR=24 el=0 er=18 ed=-18 dl=0 dr=18 cl=0 cr=0 ok=339 fail=0 vofa=firewater rx=235 txdrop=0
1775035580.7741423,1775035580774142100,12891559319500,HB,76554,41256.0,1,1.759,-0.422,0.0,19.0,-19.0,0.0,24.0,0.0,13.0,0.0,19.0,0,0,,HB tick=76554 exp_id=200 t_ms=41256 run=1 ts=20.000 as=9.500 ta=0.000 aa=25.912 se=10.500 so=5.850 ae=-25.912 ao=-7.000 pwm=12 pc=6 hd=-7 y=1.759 yr=-0.422 L=0 R=13 OL=0 OR=24 el=0 er=19 ed=-19 dl=0 dr=19 cl=0 cr=0 ok=340 fail=0 vofa=firewater rx=235 txdrop=0
1775035581.0945134,1775035581094513500,12891879691600,HB,76758,41460.0,1,1.562,-0.612,0.0,21.0,-21.0,0.0,24.0,0.0,13.0,0.0,21.0,0,0,,HB tick=76758 exp_id=200 t_ms=41460 run=1 ts=20.000 as=10.500 ta=0.000 aa=25.857 se=9.500 so=5.750 ae=-25.857 ao=-7.000 pwm=12 pc=6 hd=-7 y=1.562 yr=-0.612 L=0 R=13 OL=0 OR=24 el=0 er=21 ed=-21 dl=0 dr=21 cl=0 cr=0 ok=341 fail=0 vofa=firewater rx=235 txdrop=0
1775035581.1893137,1775035581189313500,12891974490700,HB,76963,41665.0,1,1.568,-0.388,0.0,17.0,-17.0,0.0,24.0,0.0,13.0,0.0,17.0,0,0,,HB tick=76963 exp_id=200 t_ms=41665 run=1 ts=20.000 as=8.500 ta=0.000 aa=25.660 se=11.500 so=5.950 ae=-25.660 ao=-7.000 pwm=12 pc=6 hd=-7 y=1.568 yr=-0.388 L=0 R=13 OL=0 OR=24 el=0 er=17 ed=-17 dl=0 dr=17 cl=0 cr=0 ok=342 fail=0 vofa=firewater rx=235 txdrop=0
1775035581.3554797,1775035581355479900,12892140658100,HB,77128,41830.0,1,1.513,-0.37,0.0,20.0,-20.0,0.0,24.0,0.0,13.0,0.0,20.0,0,0,,HB tick=77128 exp_id=200 t_ms=41830 run=1 ts=20.000 as=10.000 ta=0.000 aa=25.666 se=10.000 so=5.800 ae=-25.666 ao=-7.000 pwm=12 pc=6 hd=-7 y=1.513 yr=-0.370 L=0 R=13 OL=0 OR=24 el=0 er=20 ed=-20 dl=0 dr=20 cl=0 cr=0 ok=343 fail=0 vofa=firewater rx=235 txdrop=0
1775035581.543887,1775035581543886800,12892329063700,HB,77317,42019.0,1,1.472,-0.316,0.0,20.0,-20.0,0.0,24.0,0.0,13.0,0.0,20.0,0,0,,HB tick=77317 exp_id=200 t_ms=42019 run=1 ts=20.000 as=10.000 ta=0.000 aa=25.611 se=10.000 so=5.800 ae=-25.611 ao=-7.000 pwm=12 pc=6 hd=-7 y=1.472 yr=-0.316 L=0 R=13 OL=0 OR=24 el=0 er=20 ed=-20 dl=0 dr=20 cl=0 cr=0 ok=344 fail=0 vofa=firewater rx=235 txdrop=0
1775035581.7720869,1775035581772086900,12892557264100,HB,77550,42252.0,1,1.316,-0.439,0.0,16.0,-16.0,0.0,24.0,0.0,13.0,0.0,16.0,0,0,,HB tick=77550 exp_id=200 t_ms=42252 run=1 ts=20.000 as=8.000 ta=0.000 aa=25.569 se=12.000 so=6.000 ae=-25.569 ao=-7.000 pwm=12 pc=6 hd=-7 y=1.316 yr=-0.439 L=0 R=13 OL=0 OR=24 el=0 er=16 ed=-16 dl=0 dr=16 cl=0 cr=0 ok=345 fail=0 vofa=firewater rx=235 txdrop=0
1775035581.9789486,1775035581978948700,12892764126200,HB,77756,42458.0,1,1.143,-0.579,0.0,20.0,-20.0,0.0,24.0,0.0,13.0,0.0,20.0,0,0,,HB tick=77756 exp_id=200 t_ms=42458 run=1 ts=20.000 as=10.000 ta=0.000 aa=25.414 se=10.000 so=5.800 ae=-25.414 ao=-7.000 pwm=12 pc=6 hd=-7 y=1.143 yr=-0.579 L=0 R=13 OL=0 OR=24 el=0 er=20 ed=-20 dl=0 dr=20 cl=0 cr=0 ok=346 fail=0 vofa=firewater rx=235 txdrop=0
1775035582.1443994,1775035582144399300,12892929576300,HB,77916,42618.0,1,1.064,-0.549,0.0,20.0,-20.0,0.0,24.0,0.0,13.0,0.0,20.0,0,0,,HB tick=77916 exp_id=200 t_ms=42618 run=1 ts=20.000 as=10.000 ta=0.000 aa=25.241 se=10.000 so=5.800 ae=-25.241 ao=-7.000 pwm=12 pc=6 hd=-7 y=1.064 yr=-0.549 L=0 R=13 OL=0 OR=24 el=0 er=20 ed=-20 dl=0 dr=20 cl=0 cr=0 ok=347 fail=0 vofa=firewater rx=235 txdrop=0
1775035582.3729768,1775035582372976900,12893158155600,HB,78149,42851.0,1,1.044,-0.388,0.0,16.0,-16.0,0.0,24.0,0.0,13.0,0.0,16.0,0,0,,HB tick=78149 exp_id=200 t_ms=42851 run=1 ts=20.000 as=8.000 ta=0.000 aa=25.162 se=12.000 so=6.000 ae=-25.162 ao=-7.000 pwm=12 pc=6 hd=-7 y=1.044 yr=-0.388 L=0 R=13 OL=0 OR=24 el=0 er=16 ed=-16 dl=0 dr=16 cl=0 cr=0 ok=348 fail=0 vofa=firewater rx=235 txdrop=0
1775035582.5392668,1775035582539266700,12893324444000,HB,78310,43012.0,1,0.912,-0.538,0.0,20.0,-20.0,0.0,24.0,0.0,13.0,0.0,20.0,0,0,,HB tick=78310 exp_id=200 t_ms=43012 run=1 ts=20.000 as=10.000 ta=0.000 aa=25.142 se=10.000 so=5.800 ae=-25.142 ao=-7.000 pwm=12 pc=6 hd=-7 y=0.912 yr=-0.538 L=0 R=13 OL=0 OR=24 el=0 er=20 ed=-20 dl=0 dr=20 cl=0 cr=0 ok=349 fail=0 vofa=firewater rx=235 txdrop=0
1775035582.7901063,1775035582790106400,12893575284000,HB,78564,43266.0,1,0.882,-0.392,0.0,18.0,-18.0,0.0,24.0,0.0,13.0,0.0,18.0,0,0,,HB tick=78564 exp_id=200 t_ms=43266 run=1 ts=20.000 as=9.000 ta=0.000 aa=25.010 se=11.000 so=5.900 ae=-25.010 ao=-7.000 pwm=12 pc=6 hd=-7 y=0.882 yr=-0.392 L=0 R=13 OL=0 OR=24 el=0 er=18 ed=-18 dl=0 dr=18 cl=0 cr=0 ok=350 fail=0 vofa=firewater rx=235 txdrop=0
1775035582.9863918,1775035582986391900,12893771569100,HB,78764,43466.0,1,0.876,-0.265,0.0,18.0,-18.0,0.0,24.0,0.0,13.0,0.0,18.0,0,0,,HB tick=78764 exp_id=200 t_ms=43466 run=1 ts=20.000 as=9.000 ta=0.000 aa=24.980 se=11.000 so=5.900 ae=-24.980 ao=-7.000 pwm=12 pc=6 hd=-7 y=0.876 yr=-0.265 L=0 R=13 OL=0 OR=24 el=0 er=18 ed=-18 dl=0 dr=18 cl=0 cr=0 ok=351 fail=0 vofa=firewater rx=235 txdrop=0
1775035583.1946132,1775035583194613200,12893979790400,HB,78969,43671.0,1,0.743,-0.399,0.0,20.0,-20.0,0.0,24.0,0.0,13.0,0.0,20.0,0,0,,HB tick=78969 exp_id=200 t_ms=43671 run=1 ts=20.000 as=10.000 ta=0.000 aa=24.974 se=10.000 so=5.800 ae=-24.974 ao=-7.000 pwm=12 pc=6 hd=-7 y=0.743 yr=-0.399 L=0 R=13 OL=0 OR=24 el=0 er=20 ed=-20 dl=0 dr=20 cl=0 cr=0 ok=352 fail=0 vofa=firewater rx=235 txdrop=0
1775035583.402576,1775035583402575900,12894187755500,HB,79174,43876.0,1,0.743,-0.259,0.0,17.0,-17.0,0.0,24.0,0.0,13.0,0.0,17.0,0,0,,HB tick=79174 exp_id=200 t_ms=43876 run=1 ts=20.000 as=8.500 ta=0.000 aa=24.841 se=11.500 so=5.950 ae=-24.841 ao=-7.000 pwm=12 pc=6 hd=-7 y=0.743 yr=-0.259 L=0 R=13 OL=0 OR=24 el=0 er=17 ed=-17 dl=0 dr=17 cl=0 cr=0 ok=353 fail=0 vofa=firewater rx=235 txdrop=0
1775035583.5624702,1775035583562470200,12894347647500,HB,79335,44037.0,1,0.736,-0.184,0.0,19.0,-19.0,0.0,24.0,0.0,13.0,0.0,19.0,0,0,,HB tick=79335 exp_id=200 t_ms=44037 run=1 ts=20.000 as=9.500 ta=0.000 aa=24.841 se=10.500 so=5.850 ae=-24.841 ao=-7.000 pwm=12 pc=6 hd=-7 y=0.736 yr=-0.184 L=0 R=13 OL=0 OR=24 el=0 er=19 ed=-19 dl=0 dr=19 cl=0 cr=0 ok=354 fail=0 vofa=firewater rx=235 txdrop=0
1775035583.7914674,1775035583791467600,12894576645000,HB,79568,44270.0,1,0.638,-0.267,0.0,21.0,-21.0,0.0,24.0,0.0,13.0,0.0,21.0,0,0,,HB tick=79568 exp_id=200 t_ms=44270 run=1 ts=20.000 as=10.500 ta=0.000 aa=24.834 se=9.500 so=5.750 ae=-24.834 ao=-7.000 pwm=12 pc=6 hd=-7 y=0.638 yr=-0.267 L=0 R=13 OL=0 OR=24 el=0 er=21 ed=-21 dl=0 dr=21 cl=0 cr=0 ok=355 fail=0 vofa=firewater rx=235 txdrop=0
1775035583.9997272,1775035583999727400,12894784904400,HB,79773,44475.0,1,0.652,-0.15,0.0,17.0,-17.0,0.0,24.0,0.0,13.0,0.0,17.0,0,0,,HB tick=79773 exp_id=200 t_ms=44475 run=1 ts=20.000 as=8.500 ta=0.000 aa=24.736 se=11.500 so=5.950 ae=-24.736 ao=-7.000 pwm=12 pc=6 hd=-7 y=0.652 yr=-0.150 L=0 R=13 OL=0 OR=24 el=0 er=17 ed=-17 dl=0 dr=17 cl=0 cr=0 ok=356 fail=0 vofa=firewater rx=235 txdrop=0
1775035584.1980824,1775035584198082500,12894983260300,HB,79978,44680.0,1,0.59,-0.203,0.0,20.0,-20.0,0.0,24.0,0.0,13.0,0.0,20.0,0,0,,HB tick=79978 exp_id=200 t_ms=44680 run=1 ts=20.000 as=10.000 ta=0.000 aa=24.749 se=10.000 so=5.800 ae=-24.749 ao=-7.000 pwm=12 pc=6 hd=-7 y=0.590 yr=-0.203 L=0 R=13 OL=0 OR=24 el=0 er=20 ed=-20 dl=0 dr=20 cl=0 cr=0 ok=357 fail=0 vofa=firewater rx=235 txdrop=0
1775035584.4085045,1775035584408504700,12895193683400,HB,80188,44890.0,1,0.448,-0.368,0.0,19.0,-19.0,0.0,24.0,0.0,13.0,0.0,19.0,0,0,,HB tick=80188 exp_id=200 t_ms=44890 run=1 ts=20.000 as=9.500 ta=0.000 aa=24.687 se=10.500 so=5.850 ae=-24.687 ao=-7.000 pwm=12 pc=6 hd=-7 y=0.448 yr=-0.368 L=0 R=13 OL=0 OR=24 el=0 er=19 ed=-19 dl=0 dr=19 cl=0 cr=0 ok=358 fail=0 vofa=firewater rx=235 txdrop=0
1775035584.5858812,1775035584585881300,12895371059400,HB,80349,45051.0,1,0.413,-0.315,0.0,16.0,-16.0,0.0,24.0,0.0,13.0,0.0,16.0,0,0,,HB tick=80349 exp_id=200 t_ms=45051 run=1 ts=20.000 as=8.000 ta=0.000 aa=24.546 se=12.000 so=6.000 ae=-24.546 ao=-7.000 pwm=12 pc=6 hd=-7 y=0.413 yr=-0.315 L=0 R=13 OL=0 OR=24 el=0 er=16 ed=-16 dl=0 dr=16 cl=0 cr=0 ok=359 fail=0 vofa=firewater rx=235 txdrop=0
1775035584.805167,1775035584805166800,12895590344100,HB,80582,45284.0,1,0.254,-0.445,0.0,20.0,-20.0,0.0,24.0,0.0,13.0,0.0,20.0,0,0,,HB tick=80582 exp_id=200 t_ms=45284 run=1 ts=20.000 as=10.000 ta=0.000 aa=24.511 se=10.000 so=5.800 ae=-24.511 ao=-7.000 pwm=12 pc=6 hd=-7 y=0.254 yr=-0.445 L=0 R=13 OL=0 OR=24 el=0 er=20 ed=-20 dl=0 dr=20 cl=0 cr=0 ok=360 fail=0 vofa=firewater rx=235 txdrop=0
1775035585.0144083,1775035585014408500,12895799588300,HB,80791,45493.0,1,-0.079,-0.846,0.0,17.0,-17.0,0.0,24.0,0.0,13.0,0.0,17.0,0,0,,HB tick=80791 exp_id=200 t_ms=45493 run=1 ts=20.000 as=8.500 ta=0.000 aa=24.351 se=11.500 so=5.950 ae=-24.351 ao=-7.000 pwm=12 pc=6 hd=-7 y=-0.079 yr=-0.846 L=0 R=13 OL=0 OR=24 el=0 er=17 ed=-17 dl=0 dr=17 cl=0 cr=0 ok=361 fail=0 vofa=firewater rx=235 txdrop=0
1775035585.171833,1775035585171833100,12895957011600,HB,80952,45654.0,1,-0.178,-0.764,0.0,15.0,-15.0,0.0,24.0,0.0,13.0,0.0,15.0,0,0,,HB tick=80952 exp_id=200 t_ms=45654 run=1 ts=20.000 as=7.500 ta=0.000 aa=24.019 se=12.500 so=6.050 ae=-24.019 ao=-7.000 pwm=12 pc=6 hd=-7 y=-0.178 yr=-0.764 L=0 R=13 OL=0 OR=24 el=0 er=15 ed=-15 dl=0 dr=15 cl=0 cr=0 ok=362 fail=0 vofa=firewater rx=235 txdrop=0
1775035585.4108431,1775035585410843100,12896196020700,HB,81184,45886.0,1,-0.344,-0.748,0.0,19.0,-19.0,0.0,24.0,0.0,13.0,0.0,19.0,0,0,,HB tick=81184 exp_id=200 t_ms=45886 run=1 ts=20.000 as=9.500 ta=0.000 aa=23.920 se=10.500 so=5.850 ae=-23.920 ao=-7.000 pwm=12 pc=6 hd=-7 y=-0.344 yr=-0.748 L=0 R=13 OL=0 OR=24 el=0 er=19 ed=-19 dl=0 dr=19 cl=0 cr=0 ok=363 fail=0 vofa=firewater rx=235 txdrop=0
1775035585.6082404,1775035585608240500,12896393417800,HB,81389,46091.0,1,-0.654,-1.015,0.0,17.0,-17.0,0.0,24.0,0.0,13.0,0.0,17.0,0,0,,HB tick=81389 exp_id=200 t_ms=46091 run=1 ts=20.000 as=8.500 ta=0.000 aa=23.754 se=11.500 so=5.950 ae=-23.754 ao=-7.000 pwm=12 pc=6 hd=-7 y=-0.654 yr=-1.015 L=0 R=13 OL=0 OR=24 el=0 er=17 ed=-17 dl=0 dr=17 cl=0 cr=0 ok=364 fail=0 vofa=firewater rx=235 txdrop=0
1775035585.815522,1775035585815522100,12896600699200,HB,81594,46296.0,1,-0.767,-0.853,0.0,14.0,-14.0,0.0,24.0,0.0,13.0,0.0,14.0,0,0,,HB tick=81594 exp_id=200 t_ms=46296 run=1 ts=20.000 as=7.000 ta=0.000 aa=23.444 se=13.000 so=6.100 ae=-23.444 ao=-7.000 pwm=12 pc=6 hd=-7 y=-0.767 yr=-0.853 L=0 R=13 OL=0 OR=24 el=0 er=14 ed=-14 dl=0 dr=14 cl=0 cr=0 ok=365 fail=0 vofa=firewater rx=235 txdrop=0
1775035585.982532,1775035585982532100,12896767709600,HB,81755,46457.0,1,-0.871,-0.781,0.0,20.0,-20.0,0.0,24.0,0.0,13.0,0.0,20.0,0,0,,HB tick=81755 exp_id=200 t_ms=46457 run=1 ts=20.000 as=10.000 ta=0.000 aa=23.331 se=10.000 so=5.800 ae=-23.331 ao=-7.000 pwm=12 pc=6 hd=-7 y=-0.871 yr=-0.781 L=0 R=13 OL=0 OR=24 el=0 er=20 ed=-20 dl=0 dr=20 cl=0 cr=0 ok=366 fail=0 vofa=firewater rx=235 txdrop=0
1775035586.2093906,1775035586209390600,12896994568300,HB,81988,46690.0,1,-1.109,-0.864,0.0,17.0,-17.0,0.0,24.0,0.0,13.0,0.0,17.0,0,0,,HB tick=81988 exp_id=200 t_ms=46690 run=1 ts=20.000 as=8.500 ta=0.000 aa=23.227 se=11.500 so=5.950 ae=-23.227 ao=-7.000 pwm=12 pc=6 hd=-7 y=-1.109 yr=-0.864 L=0 R=13 OL=0 OR=24 el=0 er=17 ed=-17 dl=0 dr=17 cl=0 cr=0 ok=367 fail=0 vofa=firewater rx=235 txdrop=0
1775035586.3771398,1775035586377139700,12897162316900,HB,82149,46851.0,1,-1.165,-0.684,0.0,16.0,-16.0,0.0,24.0,0.0,13.0,0.0,16.0,0,0,,HB tick=82149 exp_id=200 t_ms=46851 run=1 ts=20.000 as=8.000 ta=0.000 aa=22.989 se=12.000 so=6.000 ae=-22.989 ao=-7.000 pwm=12 pc=6 hd=-7 y=-1.165 yr=-0.684 L=0 R=13 OL=0 OR=24 el=0 er=16 ed=-16 dl=0 dr=16 cl=0 cr=0 ok=368 fail=0 vofa=firewater rx=235 txdrop=0
1775035586.6057394,1775035586605739200,12897390916400,HB,82381,47083.0,1,-1.261,-0.59,0.0,20.0,-20.0,0.0,24.0,0.0,13.0,0.0,20.0,0,0,,HB tick=82381 exp_id=200 t_ms=47083 run=1 ts=20.000 as=10.000 ta=0.000 aa=22.933 se=10.000 so=5.800 ae=-22.933 ao=-7.000 pwm=12 pc=6 hd=-7 y=-1.261 yr=-0.590 L=0 R=13 OL=0 OR=24 el=0 er=20 ed=-20 dl=0 dr=20 cl=0 cr=0 ok=369 fail=0 vofa=firewater rx=235 txdrop=0
1775035586.8130717,1775035586813071600,12897598248800,HB,82591,47293.0,1,-1.402,-0.62,0.0,18.0,-18.0,0.0,24.0,0.0,13.0,0.0,18.0,0,0,,HB tick=82591 exp_id=200 t_ms=47293 run=1 ts=20.000 as=9.000 ta=0.000 aa=22.837 se=11.000 so=5.900 ae=-22.837 ao=-7.000 pwm=12 pc=6 hd=-7 y=-1.402 yr=-0.620 L=0 R=13 OL=0 OR=24 el=0 er=18 ed=-18 dl=0 dr=18 cl=0 cr=0 ok=370 fail=0 vofa=firewater rx=235 txdrop=0
1775035587.0203502,1775035587020350100,12897805529000,HB,82795,47497.0,1,-1.452,-0.487,0.0,15.0,-15.0,0.0,24.0,0.0,13.0,0.0,15.0,0,0,,HB tick=82795 exp_id=200 t_ms=47497 run=1 ts=20.000 as=7.500 ta=0.000 aa=22.695 se=12.500 so=6.050 ae=-22.695 ao=-7.000 pwm=12 pc=6 hd=-7 y=-1.452 yr=-0.487 L=0 R=13 OL=0 OR=24 el=0 er=15 ed=-15 dl=0 dr=15 cl=0 cr=0 ok=371 fail=0 vofa=firewater rx=235 txdrop=0
1775035587.2183034,1775035587218303600,12898003480700,HB,83000,47702.0,1,-1.617,-0.598,0.0,19.0,-19.0,0.0,24.0,0.0,13.0,0.0,19.0,0,0,,HB tick=83000 exp_id=200 t_ms=47702 run=1 ts=20.000 as=9.500 ta=0.000 aa=22.646 se=10.500 so=5.850 ae=-22.646 ao=-7.000 pwm=12 pc=6 hd=-7 y=-1.617 yr=-0.598 L=0 R=13 OL=0 OR=24 el=0 er=19 ed=-19 dl=0 dr=19 cl=0 cr=0 ok=372 fail=0 vofa=firewater rx=235 txdrop=0
1775035587.3849936,1775035587384993600,12898170171200,HB,83165,47867.0,1,-1.682,-0.527,0.0,19.0,-19.0,0.0,24.0,0.0,13.0,0.0,19.0,0,0,,HB tick=83165 exp_id=200 t_ms=47867 run=1 ts=20.000 as=9.500 ta=0.000 aa=22.481 se=10.500 so=5.850 ae=-22.481 ao=-7.000 pwm=12 pc=6 hd=-7 y=-1.682 yr=-0.527 L=0 R=13 OL=0 OR=24 el=0 er=19 ed=-19 dl=0 dr=19 cl=0 cr=0 ok=373 fail=0 vofa=firewater rx=235 txdrop=0
1775035587.645901,1775035587645901000,12898431078400,HB,83419,48121.0,1,-1.766,-0.458,0.0,15.0,-15.0,0.0,24.0,0.0,13.0,0.0,15.0,0,0,,HB tick=83419 exp_id=200 t_ms=48121 run=1 ts=20.000 as=7.500 ta=0.000 aa=22.416 se=12.500 so=6.050 ae=-22.416 ao=-7.000 pwm=12 pc=6 hd=-7 y=-1.766 yr=-0.458 L=0 R=13 OL=0 OR=24 el=0 er=15 ed=-15 dl=0 dr=15 cl=0 cr=0 ok=374 fail=0 vofa=firewater rx=235 txdrop=0
1775035587.8024461,1775035587802446000,12898587624900,HB,83575,48277.0,1,-1.87,-0.531,0.0,20.0,-20.0,0.0,24.0,0.0,13.0,0.0,20.0,0,0,,HB tick=83575 exp_id=200 t_ms=48277 run=1 ts=20.000 as=10.000 ta=0.000 aa=22.332 se=10.000 so=5.800 ae=-22.332 ao=-7.000 pwm=12 pc=6 hd=-7 y=-1.870 yr=-0.531 L=0 R=13 OL=0 OR=24 el=0 er=20 ed=-20 dl=0 dr=20 cl=0 cr=0 ok=375 fail=0 vofa=firewater rx=235 txdrop=0
1775035588.032811,1775035588032810900,12898817990000,HB,83809,48511.0,1,-1.885,-0.368,0.0,18.0,-18.0,0.0,24.0,0.0,13.0,0.0,18.0,0,0,,HB tick=83809 exp_id=200 t_ms=48511 run=1 ts=20.000 as=9.000 ta=0.000 aa=22.228 se=11.000 so=5.900 ae=-22.228 ao=-7.000 pwm=12 pc=6 hd=-7 y=-1.885 yr=-0.368 L=0 R=13 OL=0 OR=24 el=0 er=18 ed=-18 dl=0 dr=18 cl=0 cr=0 ok=376 fail=0 vofa=firewater rx=235 txdrop=0
1775035588.241874,1775035588241873800,12899027051000,HB,84014,48716.0,1,-1.913,-0.288,0.0,15.0,-15.0,0.0,24.0,0.0,13.0,0.0,15.0,0,0,,HB tick=84014 exp_id=200 t_ms=48716 run=1 ts=20.000 as=7.500 ta=0.000 aa=22.213 se=12.500 so=6.050 ae=-22.213 ao=-7.000 pwm=12 pc=6 hd=-7 y=-1.913 yr=-0.288 L=0 R=13 OL=0 OR=24 el=0 er=15 ed=-15 dl=0 dr=15 cl=0 cr=0 ok=377 fail=0 vofa=firewater rx=235 txdrop=0
1775035588.398428,1775035588398428000,12899183605300,HB,84175,48877.0,1,-1.954,-0.276,0.0,19.0,-19.0,0.0,24.0,0.0,13.0,0.0,19.0,0,0,,HB tick=84175 exp_id=200 t_ms=48877 run=1 ts=20.000 as=9.500 ta=0.000 aa=22.184 se=10.500 so=5.850 ae=-22.184 ao=-7.000 pwm=12 pc=6 hd=-7 y=-1.954 yr=-0.276 L=0 R=13 OL=0 OR=24 el=0 er=19 ed=-19 dl=0 dr=19 cl=0 cr=0 ok=378 fail=0 vofa=firewater rx=235 txdrop=0
1775035588.6276245,1775035588627624400,12899412801600,HB,84407,49109.0,1,-1.996,-0.243,0.0,18.0,-18.0,0.0,24.0,0.0,13.0,0.0,18.0,0,0,,HB tick=84407 exp_id=200 t_ms=49109 run=1 ts=20.000 as=9.000 ta=0.000 aa=22.144 se=11.000 so=5.900 ae=-22.144 ao=-7.000 pwm=12 pc=6 hd=-7 y=-1.996 yr=-0.243 L=0 R=13 OL=0 OR=24 el=0 er=18 ed=-18 dl=0 dr=18 cl=0 cr=0 ok=379 fail=0 vofa=firewater rx=235 txdrop=0
1775035588.8582544,1775035588858254300,12899643517800,HB,84629,49331.0,1,-2.03,-0.211,0.0,14.0,-14.0,0.0,24.0,0.0,13.0,0.0,14.0,0,0,,HB tick=84629 exp_id=200 t_ms=49331 run=1 ts=20.000 as=7.000 ta=0.000 aa=22.101 se=13.000 so=6.100 ae=-22.101 ao=-7.000 pwm=12 pc=6 hd=-7 y=-2.030 yr=-0.211 L=0 R=13 OL=0 OR=24 el=0 er=14 ed=-14 dl=0 dr=14 cl=0 cr=0 ok=380 fail=0 vofa=firewater rx=235 txdrop=0
1775035589.004575,1775035589004575000,12899789752300,HB,84785,49487.0,1,-2.077,-0.243,0.0,19.0,-19.0,0.0,24.0,0.0,13.0,0.0,19.0,0,0,,HB tick=84785 exp_id=200 t_ms=49487 run=1 ts=20.000 as=9.500 ta=0.000 aa=22.068 se=10.500 so=5.850 ae=-22.068 ao=-7.000 pwm=12 pc=6 hd=-7 y=-2.077 yr=-0.243 L=0 R=13 OL=0 OR=24 el=0 er=19 ed=-19 dl=0 dr=19 cl=0 cr=0 ok=381 fail=0 vofa=firewater rx=235 txdrop=0
1775035589.201237,1775035589201237100,12899986414300,HB,84974,49676.0,1,-2.065,-0.134,0.0,18.0,-18.0,0.0,24.0,0.0,13.0,0.0,18.0,0,0,,HB tick=84974 exp_id=200 t_ms=49676 run=1 ts=20.000 as=9.000 ta=0.000 aa=22.020 se=11.000 so=5.900 ae=-22.020 ao=-7.000 pwm=12 pc=6 hd=-7 y=-2.065 yr=-0.134 L=0 R=13 OL=0 OR=24 el=0 er=18 ed=-18 dl=0 dr=18 cl=0 cr=0 ok=382 fail=0 vofa=firewater rx=235 txdrop=0
1775035589.4299014,1775035589429901300,12900215078700,HB,85206,49908.0,1,-2.052,-0.069,0.0,15.0,-15.0,0.0,24.0,0.0,13.0,0.0,15.0,0,0,,HB tick=85206 exp_id=200 t_ms=49908 run=1 ts=20.000 as=7.500 ta=0.000 aa=22.033 se=12.500 so=6.050 ae=-22.033 ao=-7.000 pwm=12 pc=6 hd=-7 y=-2.052 yr=-0.069 L=0 R=13 OL=0 OR=24 el=0 er=15 ed=-15 dl=0 dr=15 cl=0 cr=0 ok=383 fail=0 vofa=firewater rx=235 txdrop=0
1775035589.597712,1775035589597712100,12900382889500,HB,85367,50069.0,1,-2.073,-0.089,0.0,19.0,-19.0,0.0,24.0,0.0,13.0,0.0,19.0,0,0,,HB tick=85367 exp_id=200 t_ms=50069 run=1 ts=20.000 as=9.500 ta=0.000 aa=22.046 se=10.500 so=5.850 ae=-22.046 ao=-7.000 pwm=12 pc=6 hd=-7 y=-2.073 yr=-0.089 L=0 R=13 OL=0 OR=24 el=0 er=19 ed=-19 dl=0 dr=19 cl=0 cr=0 ok=384 fail=0 vofa=firewater rx=235 txdrop=0
1775035589.8266895,1775035589826689500,12900611867400,HB,85600,50302.0,1,-2.093,-0.089,0.0,18.0,-18.0,0.0,24.0,0.0,13.0,0.0,18.0,0,0,,HB tick=85600 exp_id=200 t_ms=50302 run=1 ts=20.000 as=9.000 ta=0.000 aa=22.025 se=11.000 so=5.900 ae=-22.025 ao=-7.000 pwm=12 pc=6 hd=-7 y=-2.093 yr=-0.089 L=0 R=13 OL=0 OR=24 el=0 er=18 ed=-18 dl=0 dr=18 cl=0 cr=0 ok=385 fail=0 vofa=firewater rx=235 txdrop=0
1775035590.033947,1775035590033946800,12900819124200,HB,85809,50511.0,1,-2.08,-0.035,0.0,16.0,-16.0,0.0,24.0,0.0,13.0,0.0,16.0,0,0,,HB tick=85809 exp_id=200 t_ms=50511 run=1 ts=20.000 as=8.000 ta=0.000 aa=22.004 se=12.000 so=6.000 ae=-22.004 ao=-7.000 pwm=12 pc=6 hd=-7 y=-2.080 yr=-0.035 L=0 R=13 OL=0 OR=24 el=0 er=16 ed=-16 dl=0 dr=16 cl=0 cr=0 ok=386 fail=0 vofa=firewater rx=235 txdrop=0
1775035590.188449,1775035590188449000,12900973626300,HB,85970,50671.0,1,-2.107,-0.082,0.0,18.0,-19.0,0.0,24.0,0.0,13.0,0.0,18.0,0,0,,HB tick=85970 exp_id=200 t_ms=50671 run=1 ts=20.000 as=9.000 ta=0.000 aa=22.018 se=11.000 so=5.900 ae=-22.018 ao=-7.000 pwm=12 pc=6 hd=-7 y=-2.107 yr=-0.082 L=0 R=13 OL=0 OR=24 el=0 er=18 ed=-19 dl=0 dr=18 cl=0 cr=0 ok=387 fail=0 vofa=firewater rx=235 txdrop=0
1775035590.4278016,1775035590427801500,12901212979700,HB,86202,50904.0,1,-2.121,-0.074,0.0,18.0,-18.0,0.0,24.0,0.0,13.0,0.0,18.0,0,0,,HB tick=86202 exp_id=200 t_ms=50904 run=1 ts=20.000 as=9.000 ta=0.000 aa=21.991 se=11.000 so=5.900 ae=-21.991 ao=-7.000 pwm=12 pc=6 hd=-7 y=-2.121 yr=-0.074 L=0 R=13 OL=0 OR=24 el=0 er=18 ed=-18 dl=0 dr=18 cl=0 cr=0 ok=388 fail=0 vofa=firewater rx=235 txdrop=0
1775035590.6255748,1775035590625574800,12901410751800,HB,86407,51109.0,1,-2.114,-0.037,0.0,16.0,-16.0,0.0,24.0,0.0,13.0,0.0,16.0,0,0,,HB tick=86407 exp_id=200 t_ms=51109 run=1 ts=20.000 as=8.000 ta=0.000 aa=21.977 se=12.000 so=6.000 ae=-21.977 ao=-7.000 pwm=12 pc=6 hd=-7 y=-2.114 yr=-0.037 L=0 R=13 OL=0 OR=24 el=0 er=16 ed=-16 dl=0 dr=16 cl=0 cr=0 ok=389 fail=0 vofa=firewater rx=235 txdrop=0
1775035590.7934136,1775035590793413600,12901578590700,HB,86567,51269.0,1,-2.135,-0.07,0.0,18.0,-18.0,0.0,24.0,0.0,13.0,0.0,18.0,0,0,,HB tick=86567 exp_id=200 t_ms=51269 run=1 ts=20.000 as=9.000 ta=0.000 aa=21.984 se=11.000 so=5.900 ae=-21.984 ao=-7.000 pwm=12 pc=6 hd=-7 y=-2.135 yr=-0.070 L=0 R=13 OL=0 OR=24 el=0 er=18 ed=-18 dl=0 dr=18 cl=0 cr=0 ok=390 fail=0 vofa=firewater rx=235 txdrop=0
1775035591.0224326,1775035591022432500,12901807609700,HB,86800,51502.0,1,-2.143,-0.058,0.0,19.0,-19.0,0.0,24.0,0.0,13.0,0.0,19.0,0,0,,HB tick=86800 exp_id=200 t_ms=51502 run=1 ts=20.000 as=9.500 ta=0.000 aa=21.963 se=10.500 so=5.850 ae=-21.963 ao=-7.000 pwm=12 pc=6 hd=-7 y=-2.143 yr=-0.058 L=0 R=13 OL=0 OR=24 el=0 er=19 ed=-19 dl=0 dr=19 cl=0 cr=0 ok=391 fail=0 vofa=firewater rx=235 txdrop=0
1775035591.2304924,1775035591230492500,12902015669500,HB,87005,51707.0,1,-2.145,-0.04,0.0,15.0,-15.0,0.0,24.0,0.0,13.0,0.0,15.0,0,0,,HB tick=87005 exp_id=200 t_ms=51707 run=1 ts=20.000 as=7.500 ta=0.000 aa=21.955 se=12.500 so=6.050 ae=-21.955 ao=-7.000 pwm=12 pc=6 hd=-7 y=-2.145 yr=-0.040 L=0 R=13 OL=0 OR=24 el=0 er=15 ed=-15 dl=0 dr=15 cl=0 cr=0 ok=392 fail=0 vofa=firewater rx=235 txdrop=0
1775035591.428603,1775035591428602900,12902213780300,HB,87210,51912.0,1,-2.159,-0.05,0.0,18.0,-18.0,0.0,24.0,0.0,13.0,0.0,18.0,0,0,,HB tick=87210 exp_id=200 t_ms=51912 run=1 ts=20.000 as=9.000 ta=0.000 aa=21.953 se=11.000 so=5.900 ae=-21.953 ao=-7.000 pwm=12 pc=6 hd=-7 y=-2.159 yr=-0.050 L=0 R=13 OL=0 OR=24 el=0 er=18 ed=-18 dl=0 dr=18 cl=0 cr=0 ok=393 fail=0 vofa=firewater rx=235 txdrop=0
1775035591.5962725,1775035591596272500,12902381449700,HB,87371,52073.0,1,-2.172,-0.061,0.0,18.0,-18.0,0.0,24.0,0.0,13.0,0.0,18.0,0,0,,HB tick=87371 exp_id=200 t_ms=52073 run=1 ts=20.000 as=9.000 ta=0.000 aa=21.939 se=11.000 so=5.900 ae=-21.939 ao=-7.000 pwm=12 pc=6 hd=-7 y=-2.172 yr=-0.061 L=0 R=13 OL=0 OR=24 el=0 er=18 ed=-18 dl=0 dr=18 cl=0 cr=0 ok=394 fail=0 vofa=firewater rx=235 txdrop=0
1775035591.8246317,1775035591824631800,12902609809200,HB,87604,52306.0,1,-2.151,-0.009,0.0,15.0,-15.0,0.0,24.0,0.0,13.0,0.0,15.0,0,0,,HB tick=87604 exp_id=200 t_ms=52306 run=1 ts=20.000 as=7.500 ta=0.000 aa=21.926 se=12.500 so=6.050 ae=-21.926 ao=-7.000 pwm=12 pc=6 hd=-7 y=-2.151 yr=-0.009 L=0 R=13 OL=0 OR=24 el=0 er=15 ed=-15 dl=0 dr=15 cl=0 cr=0 ok=395 fail=0 vofa=firewater rx=235 txdrop=0
1775035592.0332704,1775035592033270200,12902818448700,HB,87809,52511.0,1,-2.185,-0.064,0.0,18.0,-18.0,0.0,24.0,0.0,13.0,0.0,18.0,0,0,,HB tick=87809 exp_id=200 t_ms=52511 run=1 ts=20.000 as=9.000 ta=0.000 aa=21.947 se=11.000 so=5.900 ae=-21.947 ao=-7.000 pwm=12 pc=6 hd=-7 y=-2.185 yr=-0.064 L=0 R=13 OL=0 OR=24 el=0 er=18 ed=-18 dl=0 dr=18 cl=0 cr=0 ok=396 fail=0 vofa=firewater rx=235 txdrop=0
1775035592.2318237,1775035592231823500,12903017001000,HB,88013,52715.0,1,-2.2,-0.066,0.0,18.0,-18.0,0.0,24.0,0.0,13.0,0.0,18.0,0,0,,HB tick=88013 exp_id=200 t_ms=52715 run=1 ts=20.000 as=9.000 ta=0.000 aa=21.913 se=11.000 so=5.900 ae=-21.913 ao=-7.000 pwm=12 pc=6 hd=-7 y=-2.200 yr=-0.066 L=0 R=13 OL=0 OR=24 el=0 er=18 ed=-18 dl=0 dr=18 cl=0 cr=0 ok=397 fail=0 vofa=firewater rx=235 txdrop=0
1775035592.4388704,1775035592438870400,12903224049100,HB,88218,52920.0,1,-2.186,-0.02,0.0,15.0,-15.0,0.0,24.0,0.0,13.0,0.0,15.0,0,0,,HB tick=88218 exp_id=200 t_ms=52920 run=1 ts=20.000 as=7.500 ta=0.000 aa=21.898 se=12.500 so=6.050 ae=-21.898 ao=-7.000 pwm=12 pc=6 hd=-7 y=-2.186 yr=-0.020 L=0 R=13 OL=0 OR=24 el=0 er=15 ed=-15 dl=0 dr=15 cl=0 cr=0 ok=398 fail=0 vofa=firewater rx=235 txdrop=0
1775035592.606222,1775035592606221900,12903391398900,HB,88383,53085.0,1,-2.207,-0.057,0.0,17.0,-17.0,0.0,24.0,0.0,13.0,0.0,17.0,0,0,,HB tick=88383 exp_id=200 t_ms=53085 run=1 ts=20.000 as=8.500 ta=0.000 aa=21.911 se=11.500 so=5.950 ae=-21.911 ao=-7.000 pwm=12 pc=6 hd=-7 y=-2.207 yr=-0.057 L=0 R=13 OL=0 OR=24 el=0 er=17 ed=-17 dl=0 dr=17 cl=0 cr=0 ok=399 fail=0 vofa=firewater rx=235 txdrop=0
1775035592.8348193,1775035592834819400,12903619996600,HB,88616,53318.0,1,-2.222,-0.059,0.0,19.0,-19.0,0.0,24.0,0.0,13.0,0.0,19.0,0,0,,HB tick=88616 exp_id=200 t_ms=53318 run=1 ts=20.000 as=9.500 ta=0.000 aa=21.891 se=10.500 so=5.850 ae=-21.891 ao=-7.000 pwm=12 pc=6 hd=-7 y=-2.222 yr=-0.059 L=0 R=13 OL=0 OR=24 el=0 er=19 ed=-19 dl=0 dr=19 cl=0 cr=0 ok=400 fail=0 vofa=firewater rx=235 txdrop=0
1775035593.044207,1775035593044207100,12903829387100,HB,88825,53527.0,1,-2.208,-0.016,0.0,15.0,-15.0,0.0,24.0,0.0,13.0,0.0,15.0,0,0,,HB tick=88825 exp_id=200 t_ms=53527 run=1 ts=20.000 as=7.500 ta=0.000 aa=21.876 se=12.500 so=6.050 ae=-21.876 ao=-7.000 pwm=12 pc=6 hd=-7 y=-2.208 yr=-0.016 L=0 R=13 OL=0 OR=24 el=0 er=15 ed=-15 dl=0 dr=15 cl=0 cr=0 ok=401 fail=0 vofa=firewater rx=235 txdrop=0
1775035593.2116263,1775035593211626200,12903996803300,HB,88986,53688.0,1,-2.229,-0.055,0.0,17.0,-17.0,0.0,24.0,0.0,13.0,0.0,17.0,0,0,,HB tick=88986 exp_id=200 t_ms=53688 run=1 ts=20.000 as=8.500 ta=0.000 aa=21.890 se=11.500 so=5.950 ae=-21.890 ao=-7.000 pwm=12 pc=6 hd=-7 y=-2.229 yr=-0.055 L=0 R=13 OL=0 OR=24 el=0 er=17 ed=-17 dl=0 dr=17 cl=0 cr=0 ok=402 fail=0 vofa=firewater rx=235 txdrop=0
1775035593.4413915,1775035593441391400,12904226568500,HB,89218,53920.0,1,-2.235,-0.045,0.0,18.0,-18.0,0.0,24.0,0.0,13.0,0.0,18.0,0,0,,HB tick=89218 exp_id=200 t_ms=53920 run=1 ts=20.000 as=9.000 ta=0.000 aa=21.869 se=11.000 so=5.900 ae=-21.869 ao=-7.000 pwm=12 pc=6 hd=-7 y=-2.235 yr=-0.045 L=0 R=13 OL=0 OR=24 el=0 er=18 ed=-18 dl=0 dr=18 cl=0 cr=0 ok=403 fail=0 vofa=firewater rx=235 txdrop=0
1775035593.6491218,1775035593649121700,12904434299000,HB,89427,54129.0,1,-2.222,-0.007,0.0,14.0,-14.0,0.0,24.0,0.0,13.0,0.0,14.0,0,0,,HB tick=89427 exp_id=200 t_ms=54129 run=1 ts=20.000 as=7.000 ta=0.000 aa=21.863 se=13.000 so=6.100 ae=-21.863 ao=-7.000 pwm=12 pc=6 hd=-7 y=-2.222 yr=-0.007 L=0 R=13 OL=0 OR=24 el=0 er=14 ed=-14 dl=0 dr=14 cl=0 cr=0 ok=404 fail=0 vofa=firewater rx=235 txdrop=0
1775035593.8578413,1775035593857841100,12904643018500,HB,89632,54334.0,1,-2.242,-0.04,0.0,18.0,-18.0,0.0,24.0,0.0,13.0,0.0,18.0,0,0,,HB tick=89632 exp_id=200 t_ms=54334 run=1 ts=20.000 as=9.000 ta=0.000 aa=21.876 se=11.000 so=5.900 ae=-21.876 ao=-7.000 pwm=12 pc=6 hd=-7 y=-2.242 yr=-0.040 L=0 R=13 OL=0 OR=24 el=0 er=18 ed=-18 dl=0 dr=18 cl=0 cr=0 ok=405 fail=0 vofa=firewater rx=235 txdrop=0
1775035594.0582583,1775035594058258100,12904843436100,HB,89837,54539.0,1,-2.235,-0.013,0.0,19.0,-19.0,0.0,24.0,0.0,13.0,0.0,19.0,0,0,,HB tick=89837 exp_id=200 t_ms=54539 run=1 ts=20.000 as=9.500 ta=0.000 aa=21.856 se=10.500 so=5.850 ae=-21.856 ao=-7.000 pwm=12 pc=6 hd=-7 y=-2.235 yr=-0.013 L=0 R=13 OL=0 OR=24 el=0 er=19 ed=-19 dl=0 dr=19 cl=0 cr=0 ok=406 fail=0 vofa=firewater rx=235 txdrop=0
1775035594.2243538,1775035594224353900,12905009531100,HB,90002,54704.0,1,-2.222,0.02,0.0,16.0,-16.0,0.0,24.0,0.0,13.0,0.0,16.0,0,0,,HB tick=90002 exp_id=200 t_ms=54704 run=1 ts=20.000 as=8.000 ta=0.000 aa=21.863 se=12.000 so=6.000 ae=-21.863 ao=-7.000 pwm=12 pc=6 hd=-7 y=-2.222 yr=0.020 L=0 R=13 OL=0 OR=24 el=0 er=16 ed=-16 dl=0 dr=16 cl=0 cr=0 ok=407 fail=0 vofa=firewater rx=235 txdrop=0
1775035594.4563458,1775035594456345900,12905241525500,HB,90235,54937.0,1,-2.25,-0.03,0.0,17.0,-17.0,0.0,24.0,0.0,13.0,0.0,17.0,0,0,,HB tick=90235 exp_id=200 t_ms=54937 run=1 ts=20.000 as=8.500 ta=0.000 aa=21.876 se=11.500 so=5.950 ae=-21.876 ao=-7.000 pwm=12 pc=6 hd=-7 y=-2.250 yr=-0.030 L=0 R=13 OL=0 OR=24 el=0 er=17 ed=-17 dl=0 dr=17 cl=0 cr=0 ok=408 fail=0 vofa=firewater rx=235 txdrop=0
1775035594.6756878,1775035594675687600,12905460865000,HB,90444,55146.0,1,-2.249,-0.019,0.0,18.0,-18.0,0.0,24.0,0.0,13.0,0.0,18.0,0,0,,HB tick=90444 exp_id=200 t_ms=55146 run=1 ts=20.000 as=9.000 ta=0.000 aa=21.848 se=11.000 so=5.900 ae=-21.848 ao=-7.000 pwm=12 pc=6 hd=-7 y=-2.249 yr=-0.019 L=0 R=13 OL=0 OR=24 el=0 er=18 ed=-18 dl=0 dr=18 cl=0 cr=0 ok=409 fail=0 vofa=firewater rx=235 txdrop=0
1775035594.8728993,1775035594872899400,12905658076800,HB,90649,55351.0,1,-2.229,0.023,0.0,15.0,-15.0,0.0,24.0,0.0,13.0,0.0,15.0,0,0,,HB tick=90649 exp_id=200 t_ms=55351 run=1 ts=20.000 as=7.500 ta=0.000 aa=21.848 se=12.500 so=6.050 ae=-21.848 ao=-7.000 pwm=12 pc=6 hd=-7 y=-2.229 yr=0.023 L=0 R=13 OL=0 OR=24 el=0 er=15 ed=-15 dl=0 dr=15 cl=0 cr=0 ok=410 fail=0 vofa=firewater rx=235 txdrop=0
1775035595.0298193,1775035595029819200,12905814996700,HB,90810,55512.0,1,-2.242,-0.014,0.0,17.0,-17.0,0.0,24.0,0.0,13.0,0.0,17.0,0,0,,HB tick=90810 exp_id=200 t_ms=55512 run=1 ts=20.000 as=8.500 ta=0.000 aa=21.869 se=11.500 so=5.950 ae=-21.869 ao=-7.000 pwm=12 pc=6 hd=-7 y=-2.242 yr=-0.014 L=0 R=13 OL=0 OR=24 el=0 er=17 ed=-17 dl=0 dr=17 cl=0 cr=0 ok=411 fail=0 vofa=firewater rx=235 txdrop=0
1775035595.2692347,1775035595269234700,12906054412100,HB,91042,55744.0,1,-2.255,-0.029,0.0,19.0,-19.0,0.0,24.0,0.0,13.0,0.0,19.0,0,0,,HB tick=91042 exp_id=200 t_ms=55744 run=1 ts=20.000 as=9.500 ta=0.000 aa=21.856 se=10.500 so=5.850 ae=-21.856 ao=-7.000 pwm=12 pc=6 hd=-7 y=-2.255 yr=-0.029 L=0 R=13 OL=0 OR=24 el=0 er=19 ed=-19 dl=0 dr=19 cl=0 cr=0 ok=412 fail=0 vofa=firewater rx=235 txdrop=0
1775035595.466189,1775035595466188900,12906251366000,HB,91247,55949.0,1,-2.248,-0.006,0.0,16.0,-16.0,0.0,24.0,0.0,13.0,0.0,16.0,0,0,,HB tick=91247 exp_id=200 t_ms=55949 run=1 ts=20.000 as=8.000 ta=0.000 aa=21.843 se=12.000 so=6.000 ae=-21.843 ao=-7.000 pwm=12 pc=6 hd=-7 y=-2.248 yr=-0.006 L=0 R=13 OL=0 OR=24 el=0 er=16 ed=-16 dl=0 dr=16 cl=0 cr=0 ok=413 fail=0 vofa=firewater rx=235 txdrop=0
1775035595.6748788,1775035595674878700,12906460058000,HB,91452,56154.0,1,-2.262,-0.028,0.0,18.0,-18.0,0.0,24.0,0.0,13.0,0.0,18.0,0,0,,HB tick=91452 exp_id=200 t_ms=56154 run=1 ts=20.000 as=9.000 ta=0.000 aa=21.850 se=11.000 so=5.900 ae=-21.850 ao=-7.000 pwm=12 pc=6 hd=-7 y=-2.262 yr=-0.028 L=0 R=13 OL=0 OR=24 el=0 er=18 ed=-18 dl=0 dr=18 cl=0 cr=0 ok=414 fail=0 vofa=firewater rx=235 txdrop=0
1775035595.8827174,1775035595882717500,12906667894900,HB,91657,56359.0,1,-2.269,-0.03,0.0,19.0,-19.0,0.0,24.0,0.0,13.0,0.0,19.0,0,0,,HB tick=91657 exp_id=200 t_ms=56359 run=1 ts=20.000 as=9.500 ta=0.000 aa=21.836 se=10.500 so=5.850 ae=-21.836 ao=-7.000 pwm=12 pc=6 hd=-7 y=-2.269 yr=-0.030 L=0 R=13 OL=0 OR=24 el=0 er=19 ed=-19 dl=0 dr=19 cl=0 cr=0 ok=415 fail=0 vofa=firewater rx=235 txdrop=0
1775035596.091608,1775035596091608000,12906876785300,HB,91866,56568.0,1,-2.269,-0.02,0.0,15.0,-15.0,0.0,24.0,0.0,13.0,0.0,15.0,0,0,,HB tick=91866 exp_id=200 t_ms=56568 run=1 ts=20.000 as=7.500 ta=0.000 aa=21.829 se=12.500 so=6.050 ae=-21.829 ao=-7.000 pwm=12 pc=6 hd=-7 y=-2.269 yr=-0.020 L=0 R=13 OL=0 OR=24 el=0 er=15 ed=-15 dl=0 dr=15 cl=0 cr=0 ok=416 fail=0 vofa=firewater rx=235 txdrop=0
1775035596.2475238,1775035596247523900,12907032701300,HB,92027,56729.0,1,-2.263,0.001,0.0,16.0,-16.0,0.0,24.0,0.0,13.0,0.0,16.0,0,0,,HB tick=92027 exp_id=200 t_ms=56729 run=1 ts=20.000 as=8.000 ta=0.000 aa=21.829 se=12.000 so=6.000 ae=-21.829 ao=-7.000 pwm=12 pc=6 hd=-7 y=-2.263 yr=0.001 L=0 R=13 OL=0 OR=24 el=0 er=16 ed=-16 dl=0 dr=16 cl=0 cr=0 ok=417 fail=0 vofa=firewater rx=235 txdrop=0
1775035596.485896,1775035596485896100,12907271073200,HB,92259,56961.0,1,-2.282,-0.029,0.0,20.0,-20.0,0.0,24.0,0.0,13.0,0.0,20.0,0,0,,HB tick=92259 exp_id=200 t_ms=56961 run=1 ts=20.000 as=10.000 ta=0.000 aa=21.835 se=10.000 so=5.800 ae=-21.835 ao=-7.000 pwm=12 pc=6 hd=-7 y=-2.282 yr=-0.029 L=0 R=13 OL=0 OR=24 el=0 er=20 ed=-20 dl=0 dr=20 cl=0 cr=0 ok=418 fail=0 vofa=firewater rx=235 txdrop=0
1775035596.6415021,1775035596641502300,12907426679600,HB,92420,57122.0,1,-2.269,0.01,0.0,18.0,-18.0,0.0,24.0,0.0,13.0,0.0,18.0,0,0,,HB tick=92420 exp_id=200 t_ms=57122 run=1 ts=20.000 as=9.000 ta=0.000 aa=21.815 se=11.000 so=5.900 ae=-21.815 ao=-7.000 pwm=12 pc=6 hd=-7 y=-2.269 yr=0.010 L=0 R=13 OL=0 OR=24 el=0 er=18 ed=-18 dl=0 dr=18 cl=0 cr=0 ok=419 fail=0 vofa=firewater rx=235 txdrop=0
1775035596.879692,1775035596879692000,12907664869600,HB,92653,57355.0,1,-2.277,-0.005,0.0,15.0,-15.0,0.0,24.0,0.0,13.0,0.0,15.0,0,0,,HB tick=92653 exp_id=200 t_ms=57355 run=1 ts=20.000 as=7.500 ta=0.000 aa=21.829 se=12.500 so=6.050 ae=-21.829 ao=-7.000 pwm=12 pc=6 hd=-7 y=-2.277 yr=-0.005 L=0 R=13 OL=0 OR=24 el=0 er=15 ed=-15 dl=0 dr=15 cl=0 cr=0 ok=420 fail=0 vofa=firewater rx=235 txdrop=0
1775035597.046212,1775035597046211900,12907831389800,HB,92819,57521.0,1,-2.337,-0.131,0.0,19.0,-19.0,0.0,24.0,0.0,13.0,0.0,19.0,0,0,,HB tick=92819 exp_id=200 t_ms=57521 run=1 ts=20.000 as=9.500 ta=0.000 aa=21.821 se=10.500 so=5.850 ae=-21.821 ao=-7.000 pwm=12 pc=6 hd=-7 y=-2.337 yr=-0.131 L=0 R=13 OL=0 OR=24 el=0 er=19 ed=-19 dl=0 dr=19 cl=0 cr=0 ok=421 fail=0 vofa=firewater rx=235 txdrop=0
1775035597.274515,1775035597274515000,12908059693700,HB,93052,57754.0,1,-2.291,-0.015,0.0,17.0,-17.0,0.0,24.0,0.0,13.0,0.0,17.0,0,0,,HB tick=93052 exp_id=200 t_ms=57754 run=1 ts=20.000 as=8.500 ta=0.000 aa=21.761 se=11.500 so=5.950 ae=-21.761 ao=-7.000 pwm=12 pc=6 hd=-7 y=-2.291 yr=-0.015 L=0 R=13 OL=0 OR=24 el=0 er=17 ed=-17 dl=0 dr=17 cl=0 cr=0 ok=422 fail=0 vofa=firewater rx=235 txdrop=0
1775035597.4817994,1775035597481799400,12908266977200,HB,93261,57963.0,1,-2.29,-0.009,0.0,15.0,-15.0,0.0,24.0,0.0,13.0,0.0,15.0,0,0,,HB tick=93261 exp_id=200 t_ms=57963 run=1 ts=20.000 as=7.500 ta=0.000 aa=21.807 se=12.500 so=6.050 ae=-21.807 ao=-7.000 pwm=12 pc=6 hd=-7 y=-2.290 yr=-0.009 L=0 R=13 OL=0 OR=24 el=0 er=15 ed=-15 dl=0 dr=15 cl=0 cr=0 ok=423 fail=0 vofa=firewater rx=235 txdrop=0
1775035597.6903744,1775035597690374500,12908475552200,HB,93466,58168.0,1,-2.318,-0.052,0.0,20.0,-20.0,0.0,24.0,0.0,13.0,0.0,20.0,0,0,,HB tick=93466 exp_id=200 t_ms=58168 run=1 ts=20.000 as=10.000 ta=0.000 aa=21.807 se=10.000 so=5.800 ae=-21.807 ao=-7.000 pwm=12 pc=6 hd=-7 y=-2.318 yr=-0.052 L=0 R=13 OL=0 OR=24 el=0 er=20 ed=-20 dl=0 dr=20 cl=0 cr=0 ok=424 fail=0 vofa=firewater rx=235 txdrop=0
1775035597.8976738,1775035597897673600,12908682850800,HB,93671,58373.0,1,-2.304,-0.011,0.0,18.0,-18.0,0.0,24.0,0.0,13.0,0.0,18.0,0,0,,HB tick=93671 exp_id=200 t_ms=58373 run=1 ts=20.000 as=9.000 ta=0.000 aa=21.780 se=11.000 so=5.900 ae=-21.780 ao=-7.000 pwm=12 pc=6 hd=-7 y=-2.304 yr=-0.011 L=0 R=13 OL=0 OR=24 el=0 er=18 ed=-18 dl=0 dr=18 cl=0 cr=0 ok=425 fail=0 vofa=firewater rx=235 txdrop=0
1775035598.0943305,1775035598094330700,12908879507900,HB,93875,58577.0,1,-2.304,-0.008,0.0,15.0,-15.0,0.0,24.0,0.0,13.0,0.0,15.0,0,0,,HB tick=93875 exp_id=200 t_ms=58577 run=1 ts=20.000 as=7.500 ta=0.000 aa=21.794 se=12.500 so=6.050 ae=-21.794 ao=-7.000 pwm=12 pc=6 hd=-7 y=-2.304 yr=-0.008 L=0 R=13 OL=0 OR=24 el=0 er=15 ed=-15 dl=0 dr=15 cl=0 cr=0 ok=426 fail=0 vofa=firewater rx=235 txdrop=0
1775035598.2612178,1775035598261217700,12909046395200,HB,94041,58743.0,1,-2.365,-0.133,0.0,19.0,-19.0,0.0,24.0,0.0,13.0,0.0,19.0,0,0,,HB tick=94041 exp_id=200 t_ms=58743 run=1 ts=20.000 as=9.500 ta=0.000 aa=21.794 se=10.500 so=5.850 ae=-21.794 ao=-7.000 pwm=12 pc=6 hd=-7 y=-2.365 yr=-0.133 L=0 R=13 OL=0 OR=24 el=0 er=19 ed=-19 dl=0 dr=19 cl=0 cr=0 ok=427 fail=0 vofa=firewater rx=235 txdrop=0
1775035598.4589472,1775035598458947000,12909244124200,HB,94230,58932.0,1,-2.332,-0.025,0.0,18.0,-18.0,0.0,24.0,0.0,13.0,0.0,18.0,0,0,,HB tick=94230 exp_id=200 t_ms=58932 run=1 ts=20.000 as=9.000 ta=0.000 aa=21.733 se=11.000 so=5.900 ae=-21.733 ao=-7.000 pwm=12 pc=6 hd=-7 y=-2.332 yr=-0.025 L=0 R=13 OL=0 OR=24 el=0 er=18 ed=-18 dl=0 dr=18 cl=0 cr=0 ok=428 fail=0 vofa=firewater rx=235 txdrop=0
1775035598.6880238,1775035598688023900,12909473202200,HB,94463,59165.0,1,-2.319,0.003,0.0,13.0,-13.0,0.0,24.0,0.0,13.0,0.0,13.0,0,0,,HB tick=94463 exp_id=200 t_ms=59165 run=1 ts=20.000 as=6.500 ta=0.000 aa=21.766 se=13.500 so=6.150 ae=-21.766 ao=-7.000 pwm=12 pc=6 hd=-7 y=-2.319 yr=0.003 L=0 R=13 OL=0 OR=24 el=0 er=13 ed=-13 dl=0 dr=13 cl=0 cr=0 ok=429 fail=0 vofa=firewater rx=235 txdrop=0
1775035598.8859117,1775035598885911900,12909671089000,HB,94668,59370.0,1,-2.38,-0.102,0.0,19.0,-19.0,0.0,24.0,0.0,13.0,0.0,19.0,0,0,,HB tick=94668 exp_id=200 t_ms=59370 run=1 ts=20.000 as=9.500 ta=0.000 aa=21.779 se=10.500 so=5.850 ae=-21.779 ao=-7.000 pwm=12 pc=6 hd=-7 y=-2.380 yr=-0.102 L=0 R=13 OL=0 OR=24 el=0 er=19 ed=-19 dl=0 dr=19 cl=0 cr=0 ok=430 fail=0 vofa=firewater rx=235 txdrop=0
1775035599.092988,1775035599092987900,12909878165700,HB,94872,59574.0,1,-2.333,0.014,0.0,18.0,-18.0,0.0,24.0,0.0,13.0,0.0,18.0,0,0,,HB tick=94872 exp_id=200 t_ms=59574 run=1 ts=20.000 as=9.000 ta=0.000 aa=21.718 se=11.000 so=5.900 ae=-21.718 ao=-7.000 pwm=12 pc=6 hd=-7 y=-2.333 yr=0.014 L=0 R=13 OL=0 OR=24 el=0 er=18 ed=-18 dl=0 dr=18 cl=0 cr=0 ok=431 fail=0 vofa=firewater rx=235 txdrop=0
1775035599.300743,1775035599300743100,12910085920300,HB,95082,59784.0,1,-2.334,0.008,0.0,14.0,-14.0,0.0,24.0,0.0,13.0,0.0,14.0,0,0,,HB tick=95082 exp_id=200 t_ms=59784 run=1 ts=20.000 as=7.000 ta=0.000 aa=21.765 se=13.000 so=6.100 ae=-21.765 ao=-7.000 pwm=12 pc=6 hd=-7 y=-2.334 yr=0.008 L=0 R=13 OL=0 OR=24 el=0 er=14 ed=-14 dl=0 dr=14 cl=0 cr=0 ok=432 fail=0 vofa=firewater rx=235 txdrop=0
1775035599.4668562,1775035599466856300,12910252033600,HB,95243,59945.0,1,-2.353,-0.037,0.0,19.0,-19.0,0.0,24.0,0.0,13.0,0.0,19.0,0,0,,HB tick=95243 exp_id=200 t_ms=59945 run=1 ts=20.000 as=9.500 ta=0.000 aa=21.764 se=10.500 so=5.850 ae=-21.764 ao=-7.000 pwm=12 pc=6 hd=-7 y=-2.353 yr=-0.037 L=0 R=13 OL=0 OR=24 el=0 er=19 ed=-19 dl=0 dr=19 cl=0 cr=0 ok=433 fail=0 vofa=firewater rx=235 txdrop=0
1775035599.705226,1775035599705225900,12910490404200,HB,95475,60177.0,1,-2.347,-0.014,0.0,18.0,-18.0,0.0,24.0,0.0,13.0,0.0,18.0,0,0,,HB tick=95475 exp_id=200 t_ms=60177 run=1 ts=20.000 as=9.000 ta=0.000 aa=21.745 se=11.000 so=5.900 ae=-21.745 ao=-7.000 pwm=12 pc=6 hd=-7 y=-2.347 yr=-0.014 L=0 R=13 OL=0 OR=24 el=0 er=18 ed=-18 dl=0 dr=18 cl=0 cr=0 ok=434 fail=0 vofa=firewater rx=235 txdrop=0
1775035611.1196237,1775035611119623700,12921904800900,HB,106796,0.0,0,-2.285,0.001,0.0,0.0,0.0,0.0,0.0,0.0,0.0,0.0,0.0,0,0,,HB tick=106796 run=0 ts=0.000 as=0.000 ta=0.000 aa=0.000 se=0.000 so=0.000 ae=0.000 ao=0.000 pwm=0 pc=0 hd=0 y=-2.285 yr=0.001 L=0 R=0 OL=0 OR=0 el=0 er=0 ed=0 dl=0 dr=0 cl=0 cr=0 ok=435 fail=0 vofa=firewater rx=291 txdrop=12819
1775035611.224431,1775035611224431000,12922009608700,HB,107003,0.0,0,-2.285,0.0,0.0,0.0,0.0,0.0,0.0,0.0,0.0,0.0,0.0,0,0,,HB tick=107003 run=0 ts=0.000 as=0.000 ta=0.000 aa=0.000 se=0.000 so=0.000 ae=0.000 ao=0.000 pwm=0 pc=0 hd=0 y=-2.285 yr=0.000 L=0 R=0 OL=0 OR=0 el=0 er=0 ed=0 dl=0 dr=0 cl=0 cr=0 ok=436 fail=0 vofa=firewater rx=291 txdrop=12819
1775035611.4213781,1775035611421378100,12922206556600,HB,107205,0.0,0,-2.286,-0.0,0.0,0.0,0.0,0.0,0.0,0.0,0.0,0.0,0.0,0,0,,HB tick=107205 run=0 ts=0.000 as=0.000 ta=0.000 aa=0.000 se=0.000 so=0.000 ae=0.000 ao=0.000 pwm=0 pc=0 hd=0 y=-2.286 yr=-0.000 L=0 R=0 OL=0 OR=0 el=0 er=0 ed=0 dl=0 dr=0 cl=0 cr=0 ok=437 fail=0 vofa=firewater rx=291 txdrop=12819
1775035611.764679,1775035611764678900,12922549856300,HB,107550,0.0,0,-2.286,-0.0,0.0,0.0,0.0,0.0,0.0,0.0,0.0,0.0,0.0,0,0,,HB tick=107550 run=0 ts=0.000 as=0.000 ta=0.000 aa=0.000 se=0.000 so=0.000 ae=0.000 ao=0.000 pwm=0 pc=0 hd=0 y=-2.286 yr=-0.000 L=0 R=0 OL=0 OR=0 el=0 er=0 ed=0 dl=0 dr=0 cl=0 cr=0 ok=438 fail=0 vofa=firewater rx=291 txdrop=12819
1775035611.9950414,1775035611995041300,12922780219300,HB,107780,0.0,0,-2.285,0.0,0.0,0.0,0.0,0.0,0.0,0.0,0.0,0.0,0.0,0,0,,HB tick=107780 run=0 ts=0.000 as=0.000 ta=0.000 aa=0.000 se=0.000 so=0.000 ae=0.000 ao=0.000 pwm=0 pc=0 hd=0 y=-2.285 yr=0.000 L=0 R=0 OL=0 OR=0 el=0 er=0 ed=0 dl=0 dr=0 cl=0 cr=0 ok=439 fail=0 vofa=firewater rx=291 txdrop=12819
1775035612.3598285,1775035612359828501,12923145006401,HB,107984,0.0,0,-2.285,0.0,0.0,0.0,0.0,0.0,0.0,0.0,0.0,0.0,0.0,0,0,,HB tick=107984 run=0 ts=0.000 as=0.000 ta=0.000 aa=0.000 se=0.000 so=0.000 ae=0.000 ao=0.000 pwm=0 pc=0 hd=0 y=-2.285 yr=0.000 L=0 R=0 OL=0 OR=0 el=0 er=0 ed=0 dl=0 dr=0 cl=0 cr=0 ok=440 fail=0 vofa=firewater rx=291 txdrop=12819
1775035612.545667,1775035612545666900,12923330844000,HB,108329,0.0,0,-2.285,0.0,0.0,0.0,0.0,0.0,0.0,0.0,0.0,0.0,0.0,0,0,,HB tick=108329 run=0 ts=0.000 as=0.000 ta=0.000 aa=0.000 se=0.000 so=0.000 ae=0.000 ao=0.000 pwm=0 pc=0 hd=0 y=-2.285 yr=0.000 L=0 R=0 OL=0 OR=0 el=0 er=0 ed=0 dl=0 dr=0 cl=0 cr=0 ok=441 fail=0 vofa=firewater rx=291 txdrop=12819
1775035612.7732575,1775035612773257400,12923558434600,HB,108559,0.0,0,-2.285,0.0,0.0,0.0,0.0,0.0,0.0,0.0,0.0,0.0,0.0,0,0,,HB tick=108559 run=0 ts=0.000 as=0.000 ta=0.000 aa=0.000 se=0.000 so=0.000 ae=0.000 ao=0.000 pwm=0 pc=0 hd=0 y=-2.285 yr=0.000 L=0 R=0 OL=0 OR=0 el=0 er=0 ed=0 dl=0 dr=0 cl=0 cr=0 ok=442 fail=0 vofa=firewater rx=291 txdrop=12819
1775035613.1168175,1775035613116817400,12923901996200,HB,108904,0.0,0,-2.286,-0.001,0.0,0.0,0.0,0.0,0.0,0.0,0.0,0.0,0.0,0,0,,HB tick=108904 run=0 ts=0.000 as=0.000 ta=0.000 aa=0.000 se=0.000 so=0.000 ae=0.000 ao=0.000 pwm=0 pc=0 hd=0 y=-2.286 yr=-0.001 L=0 R=0 OL=0 OR=0 el=0 er=0 ed=0 dl=0 dr=0 cl=0 cr=0 ok=443 fail=0 vofa=firewater rx=291 txdrop=12819
1775035613.377802,1775035613377802000,12924162982300,HB,109135,0.0,0,-2.286,-0.001,0.0,0.0,0.0,0.0,0.0,0.0,0.0,0.0,0.0,0,0,,HB tick=109135 run=0 ts=0.000 as=0.000 ta=0.000 aa=0.000 se=0.000 so=0.000 ae=0.000 ao=0.000 pwm=0 pc=0 hd=0 y=-2.286 yr=-0.001 L=0 R=0 OL=0 OR=0 el=0 er=0 ed=0 dl=0 dr=0 cl=0 cr=0 ok=444 fail=0 vofa=firewater rx=291 txdrop=12819
1775035613.5566893,1775035613556689200,12924341866300,HB,109339,0.0,0,-2.286,-0.0,0.0,0.0,0.0,0.0,0.0,0.0,0.0,0.0,0.0,0,0,,HB tick=109339 run=0 ts=0.000 as=0.000 ta=0.000 aa=0.000 se=0.000 so=0.000 ae=0.000 ao=0.000 pwm=0 pc=0 hd=0 y=-2.286 yr=-0.000 L=0 R=0 OL=0 OR=0 el=0 er=0 ed=0 dl=0 dr=0 cl=0 cr=0 ok=445 fail=0 vofa=firewater rx=291 txdrop=12819
