host_time_s,host_time_ns,host_monotonic_ns,source,tick,t_ms,run,yaw,yaw_rate,left_encoder,right_encoder,encoder_diff,left_output,right_output,left_core,right_core,raw_left_delta,raw_right_delta,left_clamped,right_clamped,anomaly_flags,raw_line
1775108936.920669,1775108936920669102,4815704499202,HB,1233662,0.0,0,-0.042,0.0,0.0,0.0,0.0,0.0,0.0,0.0,0.0,0.0,0.0,0,0,,HB tick=1233662 run=0 ts=0.000 as=0.000 ta=0.000 aa=0.000 se=0.000 so=0.000 ae=0.000 ao=0.000 pwm=0 pc=0 hd=0 y=-0.042 yr=0.000 L=0 R=0 OL=0 OR=0 el=0 er=0 ed=0 dl=0 dr=0 cl=0 cr=0 ok=4931 fail=0 vofa=firewater rx=1080 txdrop=49752
1775108936.920669,1775108936920669103,4815704499203,HB,1233870,0.0,0,-0.043,-0.001,0.0,0.0,0.0,0.0,0.0,0.0,0.0,0.0,0.0,0,0,,HB tick=1233870 run=0 ts=0.000 as=0.000 ta=0.000 aa=0.000 se=0.000 so=0.000 ae=0.000 ao=0.000 pwm=0 pc=0 hd=0 y=-0.043 yr=-0.001 L=0 R=0 OL=0 OR=0 el=0 er=0 ed=0 dl=0 dr=0 cl=0 cr=0 ok=4932 fail=0 vofa=firewater rx=1080 txdrop=49752
1775108937.0962577,1775108937096257800,4815880087300,HB,1234215,0.0,0,-0.043,-0.0,0.0,0.0,0.0,0.0,0.0,0.0,0.0,0.0,0.0,0,0,,HB tick=1234215 run=0 ts=0.000 as=0.000 ta=0.000 aa=0.000 se=0.000 so=0.000 ae=0.000 ao=0.000 pwm=0 pc=0 hd=0 y=-0.043 yr=-0.000 L=0 R=0 OL=0 OR=0 el=0 er=0 ed=0 dl=0 dr=0 cl=0 cr=0 ok=4933 fail=0 vofa=firewater rx=1080 txdrop=49752
1775108937.3147776,1775108937314777700,4816098607500,HB,1234446,0.0,0,-0.042,0.001,0.0,0.0,0.0,0.0,0.0,0.0,0.0,0.0,0.0,0,0,,HB tick=1234446 run=0 ts=0.000 as=0.000 ta=0.000 aa=0.000 se=0.000 so=0.000 ae=0.000 ao=0.000 pwm=0 pc=0 hd=0 y=-0.042 yr=0.001 L=0 R=0 OL=0 OR=0 el=0 er=0 ed=0 dl=0 dr=0 cl=0 cr=0 ok=4934 fail=0 vofa=firewater rx=1080 txdrop=49752
1775108937.4706266,1775108937470626600,4816254456400,STAT,1234589,0.0,0,-0.042095,0.001042,0.0,0.0,0.0,0.0,0.0,0.0,0.0,0.0,0.0,0,0,,STAT tick=1234589 run=0 ts=0.000000 as=0.000000 ta=0.000000 aa=0.000000 se=0.000000 so=0.000000 ae=0.000000 ao=0.000000 pwm=0 pc=0 hd=0 y=-0.042095 p=-0.926683 r=5.170145 yr=0.001042 ax=0 ay=0 az=0 gx=0 gy=0 gz=0 who=0x85 addr=0x4A icm_ok=6186 icm_fail=0 L=0 R=0 OL=0 OR=0 el=0 er=0 ed=0 dl=0 dr=0 cl=0 cr=0 skp=0.600000 ski=0.012000 skd=0.000000 akp=0.120000 aki=0.000000 akd=0.050000 ok=4935 fail=0 rx=1086 txdrop=49752
1775108937.511927,1775108937511926700,4816295756400,HB,1234652,0.0,0,-0.042,0.0,0.0,0.0,0.0,0.0,0.0,0.0,0.0,0.0,0.0,0,0,,HB tick=1234652 run=0 ts=0.000 as=0.000 ta=0.000 aa=0.000 se=0.000 so=0.000 ae=0.000 ao=0.000 pwm=0 pc=0 hd=0 y=-0.042 yr=0.000 L=0 R=0 OL=0 OR=0 el=0 er=0 ed=0 dl=0 dr=0 cl=0 cr=0 ok=4935 fail=0 vofa=firewater rx=1086 txdrop=49752
1775108937.7179353,1775108937717935300,4816501765300,HB,1234856,0.0,0,-0.042,0.0,0.0,0.0,0.0,0.0,0.0,0.0,0.0,0.0,0.0,0,0,,HB tick=1234856 run=0 ts=0.000 as=0.000 ta=0.000 aa=0.000 se=0.000 so=0.000 ae=0.000 ao=0.000 pwm=0 pc=0 hd=0 y=-0.042 yr=0.000 L=0 R=0 OL=0 OR=0 el=0 er=0 ed=0 dl=0 dr=0 cl=0 cr=0 ok=4936 fail=0 vofa=firewater rx=1086 txdrop=49752
1775108937.9242063,1775108937924206400,4816708036200,HB,1235058,0.0,0,-0.042,0.0,0.0,0.0,0.0,0.0,0.0,0.0,0.0,0.0,0.0,0,0,,HB tick=1235058 run=0 ts=0.000 as=0.000 ta=0.000 aa=0.000 se=0.000 so=0.000 ae=0.000 ao=0.000 pwm=0 pc=0 hd=0 y=-0.042 yr=0.000 L=0 R=0 OL=0 OR=0 el=0 er=0 ed=0 dl=0 dr=0 cl=0 cr=0 ok=4937 fail=0 vofa=firewater rx=1086 txdrop=49752
1775108938.1525445,1775108938152544400,4816936374000,HB,1235262,0.0,0,-0.042,0.0,0.0,0.0,0.0,0.0,0.0,0.0,0.0,0.0,0.0,0,0,,HB tick=1235262 run=0 ts=0.000 as=0.000 ta=0.000 aa=0.000 se=0.000 so=0.000 ae=0.000 ao=0.000 pwm=0 pc=0 hd=0 y=-0.042 yr=0.000 L=0 R=0 OL=0 OR=0 el=0 er=0 ed=0 dl=0 dr=0 cl=0 cr=0 ok=4938 fail=0 vofa=firewater rx=1086 txdrop=49752
1775108938.3388875,1775108938338887300,4817122717000,HB,1235470,0.0,0,-0.042,0.0,0.0,0.0,0.0,0.0,0.0,0.0,0.0,0.0,0.0,0,0,,HB tick=1235470 run=0 ts=0.000 as=0.000 ta=0.000 aa=0.000 se=0.000 so=0.000 ae=0.000 ao=0.000 pwm=0 pc=0 hd=0 y=-0.042 yr=0.000 L=0 R=0 OL=0 OR=0 el=0 er=0 ed=0 dl=0 dr=0 cl=0 cr=0 ok=4939 fail=0 vofa=firewater rx=1086 txdrop=49752
1775108938.536476,1775108938536476000,4817320305700,HB,1235673,0.0,0,-0.042,0.0,0.0,0.0,0.0,0.0,0.0,0.0,0.0,0.0,0.0,0,0,,HB tick=1235673 run=0 ts=0.000 as=0.000 ta=0.000 aa=0.000 se=0.000 so=0.000 ae=0.000 ao=0.000 pwm=0 pc=0 hd=0 y=-0.042 yr=0.000 L=0 R=0 OL=0 OR=0 el=0 er=0 ed=0 dl=0 dr=0 cl=0 cr=0 ok=4940 fail=0 vofa=firewater rx=1086 txdrop=49752
1775108938.9773486,1775108938977348700,4817761178700,HB,1235876,0.0,0,-0.042,0.0,0.0,0.0,0.0,0.0,0.0,0.0,0.0,0.0,0.0,0,0,,HB tick=1235876 run=0 ts=0.000 as=0.000 ta=0.000 aa=0.000 se=0.000 so=0.000 ae=0.000 ao=0.000 pwm=0 pc=0 hd=0 y=-0.042 yr=0.000 L=0 R=0 OL=0 OR=0 el=0 er=0 ed=0 dl=0 dr=0 cl=0 cr=0 ok=4941 fail=0 vofa=firewater rx=1086 txdrop=49752
1775108938.9773486,1775108938977348701,4817761178701,HB,1236079,0.0,0,-0.042,0.0,0.0,0.0,0.0,0.0,0.0,0.0,0.0,0.0,0.0,0,0,,HB tick=1236079 run=0 ts=0.000 as=0.000 ta=0.000 aa=0.000 se=0.000 so=0.000 ae=0.000 ao=0.000 pwm=0 pc=0 hd=0 y=-0.042 yr=0.000 L=0 R=0 OL=0 OR=0 el=0 er=0 ed=0 dl=0 dr=0 cl=0 cr=0 ok=4942 fail=0 vofa=firewater rx=1086 txdrop=49752
1775108939.3511372,1775108939351137300,4818134967200,HB,1236469,0.0,0,-0.042,0.0,0.0,0.0,0.0,0.0,0.0,0.0,0.0,0.0,0.0,0,0,,HB tick=1236469 run=0 ts=0.000 as=0.000 ta=0.000 aa=0.000 se=0.000 so=0.000 ae=0.000 ao=0.000 pwm=0 pc=0 hd=0 y=-0.042 yr=0.000 L=0 R=0 OL=0 OR=0 el=0 er=0 ed=0 dl=0 dr=0 cl=0 cr=0 ok=4943 fail=0 vofa=firewater rx=1086 txdrop=49752
1775108939.5385218,1775108939538521900,4818322351900,HB,1236673,0.0,0,-0.042,0.0,0.0,0.0,0.0,0.0,0.0,0.0,0.0,0.0,0.0,0,0,,HB tick=1236673 run=0 ts=0.000 as=0.000 ta=0.000 aa=0.000 se=0.000 so=0.000 ae=0.000 ao=0.000 pwm=0 pc=0 hd=0 y=-0.042 yr=0.000 L=0 R=0 OL=0 OR=0 el=0 er=0 ed=0 dl=0 dr=0 cl=0 cr=0 ok=4944 fail=0 vofa=firewater rx=1092 txdrop=49752
1775108939.8815901,1775108939881590100,4818665419800,HB,1237017,0.0,0,-0.042,0.0,0.0,0.0,0.0,0.0,0.0,0.0,0.0,0.0,0.0,0,0,,HB tick=1237017 run=0 ts=0.000 as=0.000 ta=0.000 aa=0.000 se=0.000 so=0.000 ae=0.000 ao=0.000 pwm=0 pc=0 hd=0 y=-0.042 yr=0.000 L=0 R=0 OL=0 OR=0 el=0 er=0 ed=0 dl=0 dr=0 cl=0 cr=0 ok=4945 fail=0 vofa=firewater rx=1092 txdrop=49752
1775108940.1219456,1775108940121945700,4818905776300,HB,1237248,0.0,0,-0.042,0.0,0.0,0.0,0.0,0.0,0.0,0.0,0.0,0.0,0.0,0,0,,HB tick=1237248 run=0 ts=0.000 as=0.000 ta=0.000 aa=0.000 se=0.000 so=0.000 ae=0.000 ao=0.000 pwm=0 pc=0 hd=0 y=-0.042 yr=0.000 L=0 R=0 OL=0 OR=0 el=0 er=0 ed=0 dl=0 dr=0 cl=0 cr=0 ok=4946 fail=0 vofa=firewater rx=1092 txdrop=49752
1775108940.5279691,1775108940527969000,4819311798800,HB,1237638,0.0,0,-0.042,0.0,0.0,0.0,0.0,0.0,0.0,0.0,0.0,0.0,0.0,0,0,,HB tick=1237638 run=0 ts=0.000 as=0.000 ta=0.000 aa=0.000 se=0.000 so=0.000 ae=0.000 ao=0.000 pwm=0 pc=0 hd=0 y=-0.042 yr=0.000 L=0 R=0 OL=0 OR=0 el=0 er=0 ed=0 dl=0 dr=0 cl=0 cr=0 ok=4947 fail=0 vofa=firewater rx=1097 txdrop=49752
1775108940.8488472,1775108940848847200,4819632677200,HB,1237983,0.0,0,-0.042,0.0,0.0,0.0,0.0,0.0,0.0,0.0,0.0,0.0,0.0,0,0,,HB tick=1237983 run=0 ts=0.000 as=0.000 ta=0.000 aa=0.000 se=0.000 so=0.000 ae=0.000 ao=0.000 pwm=0 pc=0 hd=0 y=-0.042 yr=0.000 L=0 R=0 OL=0 OR=0 el=0 er=0 ed=0 dl=0 dr=0 cl=0 cr=0 ok=4948 fail=0 vofa=firewater rx=1097 txdrop=49752
1775108941.075342,1775108941075341900,4819859171600,HB,1238214,0.0,0,-0.042,0.0,0.0,0.0,0.0,0.0,0.0,0.0,0.0,0.0,0.0,0,0,,HB tick=1238214 run=0 ts=0.000 as=0.000 ta=0.000 aa=0.000 se=0.000 so=0.000 ae=0.000 ao=0.000 pwm=0 pc=0 hd=0 y=-0.042 yr=0.000 L=0 R=0 OL=0 OR=0 el=0 er=0 ed=0 dl=0 dr=0 cl=0 cr=0 ok=4949 fail=0 vofa=firewater rx=1097 txdrop=49752
1775108941.2809856,1775108941280985500,4820064815400,HB,1238417,0.0,0,-0.042,-0.0,0.0,0.0,0.0,0.0,0.0,0.0,0.0,0.0,0.0,0,0,,HB tick=1238417 run=0 ts=0.000 as=0.000 ta=0.000 aa=0.000 se=0.000 so=0.000 ae=0.000 ao=0.000 pwm=0 pc=0 hd=0 y=-0.042 yr=-0.000 L=0 R=0 OL=0 OR=0 el=0 er=0 ed=0 dl=0 dr=0 cl=0 cr=0 ok=4950 fail=0 vofa=firewater rx=1097 txdrop=49752
1775108941.4890106,1775108941489010700,4820272841200,HB,1238619,0.0,0,-0.042,-0.0,0.0,0.0,0.0,0.0,0.0,0.0,0.0,0.0,0.0,0,0,,HB tick=1238619 run=0 ts=0.000 as=0.000 ta=0.000 aa=0.000 se=0.000 so=0.000 ae=0.000 ao=0.000 pwm=0 pc=0 hd=0 y=-0.042 yr=-0.000 L=0 R=0 OL=0 OR=0 el=0 er=0 ed=0 dl=0 dr=0 cl=0 cr=0 ok=4951 fail=0 vofa=firewater rx=1097 txdrop=49752
1775108941.7165892,1775108941716589300,4820500419100,HB,1238828,0.0,0,-0.042,-0.0,0.0,0.0,0.0,0.0,0.0,0.0,0.0,0.0,0.0,0,0,,HB tick=1238828 run=0 ts=0.000 as=0.000 ta=0.000 aa=0.000 se=0.000 so=0.000 ae=0.000 ao=0.000 pwm=0 pc=0 hd=0 y=-0.042 yr=-0.000 L=0 R=0 OL=0 OR=0 el=0 er=0 ed=0 dl=0 dr=0 cl=0 cr=0 ok=4952 fail=0 vofa=firewater rx=1097 txdrop=49752
1775108941.8941214,1775108941894121400,4820677951500,HB,1239032,0.0,0,-0.042,0.0,0.0,0.0,0.0,0.0,0.0,0.0,0.0,0.0,0.0,0,0,,HB tick=1239032 run=0 ts=0.000 as=0.000 ta=0.000 aa=0.000 se=0.000 so=0.000 ae=0.000 ao=0.000 pwm=0 pc=0 hd=0 y=-0.042 yr=0.000 L=0 R=0 OL=0 OR=0 el=0 er=0 ed=0 dl=0 dr=0 cl=0 cr=0 ok=4953 fail=0 vofa=firewater rx=1102 txdrop=49752
1775108942.1019292,1775108942101929300,4820885759400,HB,1239236,0.0,0,-0.042,-0.0,0.0,0.0,0.0,0.0,0.0,0.0,0.0,0.0,0.0,0,0,,HB tick=1239236 run=0 ts=0.000 as=0.000 ta=0.000 aa=0.000 se=0.000 so=0.000 ae=0.000 ao=0.000 pwm=0 pc=0 hd=0 y=-0.042 yr=-0.000 L=0 R=0 OL=0 OR=0 el=0 er=0 ed=0 dl=0 dr=0 cl=0 cr=0 ok=4954 fail=0 vofa=firewater rx=1102 txdrop=49752
1775108942.299491,1775108942299490800,4821083320500,HB,1239438,0.0,0,-0.042,-0.0,0.0,0.0,0.0,0.0,0.0,0.0,0.0,0.0,0.0,0,0,,HB tick=1239438 run=0 ts=0.000 as=0.000 ta=0.000 aa=0.000 se=0.000 so=0.000 ae=0.000 ao=0.000 pwm=0 pc=0 hd=0 y=-0.042 yr=-0.000 L=0 R=0 OL=0 OR=0 el=0 er=0 ed=0 dl=0 dr=0 cl=0 cr=0 ok=4955 fail=0 vofa=firewater rx=1102 txdrop=49752
1775108942.5063255,1775108942506325400,4821290155400,HB,1239642,0.0,0,-0.042,-0.0,0.0,0.0,0.0,0.0,0.0,0.0,0.0,0.0,0.0,0,0,,HB tick=1239642 run=0 ts=0.000 as=0.000 ta=0.000 aa=0.000 se=0.000 so=0.000 ae=0.000 ao=0.000 pwm=0 pc=0 hd=0 y=-0.042 yr=-0.000 L=0 R=0 OL=0 OR=0 el=0 er=0 ed=0 dl=0 dr=0 cl=0 cr=0 ok=4956 fail=0 vofa=firewater rx=1102 txdrop=49752
1775108942.7340498,1775108942734049700,4821517879400,HB,1239850,0.0,0,-0.042,-0.0,0.0,0.0,0.0,0.0,0.0,0.0,0.0,0.0,0.0,0,0,,HB tick=1239850 run=0 ts=0.000 as=0.000 ta=0.000 aa=0.000 se=0.000 so=0.000 ae=0.000 ao=0.000 pwm=0 pc=0 hd=0 y=-0.042 yr=-0.000 L=0 R=0 OL=0 OR=0 el=0 er=0 ed=0 dl=0 dr=0 cl=0 cr=0 ok=4957 fail=0 vofa=firewater rx=1102 txdrop=49752
1775108942.9195712,1775108942919571100,4821703400800,HB,1240054,0.0,0,-0.042,-0.0,0.0,0.0,0.0,0.0,0.0,0.0,0.0,0.0,0.0,0,0,,HB tick=1240054 run=0 ts=0.000 as=0.000 ta=0.000 aa=0.000 se=0.000 so=0.000 ae=0.000 ao=0.000 pwm=0 pc=0 hd=0 y=-0.042 yr=-0.000 L=0 R=0 OL=0 OR=0 el=0 er=0 ed=0 dl=0 dr=0 cl=0 cr=0 ok=4958 fail=0 vofa=firewater rx=1102 txdrop=49752
1775108943.11686,1775108943116859800,4821900690600,HB,1240257,0.0,0,-0.042,-0.0,0.0,0.0,0.0,0.0,0.0,0.0,0.0,0.0,0.0,0,0,,HB tick=1240257 run=0 ts=0.000 as=0.000 ta=0.000 aa=0.000 se=0.000 so=0.000 ae=0.000 ao=0.000 pwm=0 pc=0 hd=0 y=-0.042 yr=-0.000 L=0 R=0 OL=0 OR=0 el=0 er=0 ed=0 dl=0 dr=0 cl=0 cr=0 ok=4959 fail=0 vofa=firewater rx=1111 txdrop=49752
1775108943.4675055,1775108943467505400,4822251335400,HB,1240602,0.0,0,-0.042,-0.0,0.0,0.0,0.0,0.0,0.0,0.0,0.0,0.0,0.0,0,0,,HB tick=1240602 run=0 ts=0.000 as=0.000 ta=0.000 aa=0.000 se=0.000 so=0.000 ae=0.000 ao=0.000 pwm=0 pc=0 hd=0 y=-0.042 yr=-0.000 L=0 R=0 OL=0 OR=0 el=0 er=0 ed=0 dl=0 dr=0 cl=0 cr=0 ok=4960 fail=0 vofa=firewater rx=1111 txdrop=49752
1775108943.6945229,1775108943694522800,4822478352700,HB,1240833,0.0,0,-0.042,-0.0,0.0,0.0,0.0,0.0,0.0,0.0,0.0,0.0,0.0,0,0,,HB tick=1240833 run=0 ts=0.000 as=0.000 ta=0.000 aa=0.000 se=0.000 so=0.000 ae=0.000 ao=0.000 pwm=0 pc=0 hd=0 y=-0.042 yr=-0.000 L=0 R=0 OL=0 OR=0 el=0 er=0 ed=0 dl=0 dr=0 cl=0 cr=0 ok=4961 fail=0 vofa=firewater rx=1120 txdrop=49752
1775108943.922479,1775108943922478900,4822706308600,HB,1241037,0.0,0,-0.042,0.0,0.0,0.0,0.0,0.0,0.0,0.0,0.0,0.0,0.0,0,0,,HB tick=1241037 run=0 ts=0.000 as=0.000 ta=0.000 aa=0.000 se=0.000 so=0.000 ae=0.000 ao=0.000 pwm=0 pc=0 hd=0 y=-0.042 yr=0.000 L=0 R=0 OL=0 OR=0 el=0 er=0 ed=0 dl=0 dr=0 cl=0 cr=0 ok=4962 fail=0 vofa=firewater rx=1120 txdrop=49752
1775108944.1080933,1775108944108093100,4822891923300,HB,1241240,0.0,0,-0.042,0.0,0.0,0.0,0.0,0.0,0.0,0.0,0.0,0.0,0.0,0,0,,HB tick=1241240 run=0 ts=0.000 as=0.000 ta=0.000 aa=0.000 se=0.000 so=0.000 ae=0.000 ao=0.000 pwm=0 pc=0 hd=0 y=-0.042 yr=0.000 L=0 R=0 OL=0 OR=0 el=0 er=0 ed=0 dl=0 dr=0 cl=0 cr=0 ok=4963 fail=0 vofa=firewater rx=1120 txdrop=49752
1775108944.3151798,1775108944315179900,4823099009900,HB,1241447,0.0,0,-0.042,0.0,0.0,0.0,0.0,0.0,0.0,0.0,0.0,0.0,0.0,0,0,,HB tick=1241447 run=0 ts=0.000 as=0.000 ta=0.000 aa=0.000 se=0.000 so=0.000 ae=0.000 ao=0.000 pwm=0 pc=0 hd=0 y=-0.042 yr=0.000 L=0 R=0 OL=0 OR=0 el=0 er=0 ed=0 dl=0 dr=0 cl=0 cr=0 ok=4964 fail=0 vofa=firewater rx=1131 txdrop=49752
1775108944.5114439,1775108944511443900,4823295274200,HB,1241651,0.0,0,-0.042,0.0,0.0,0.0,0.0,0.0,0.0,0.0,0.0,0.0,0.0,0,0,,HB tick=1241651 run=0 ts=0.000 as=0.000 ta=0.000 aa=0.000 se=0.000 so=0.000 ae=0.000 ao=0.000 pwm=0 pc=0 hd=0 y=-0.042 yr=0.000 L=0 R=0 OL=0 OR=0 el=0 er=0 ed=0 dl=0 dr=0 cl=0 cr=0 ok=4965 fail=0 vofa=firewater rx=1131 txdrop=49752
1775108944.718388,1775108944718388000,4823502218100,HB,1241854,0.0,0,-0.042,0.0,0.0,0.0,0.0,0.0,0.0,0.0,0.0,0.0,0.0,0,0,,HB tick=1241854 run=0 ts=0.000 as=0.000 ta=0.000 aa=0.000 se=0.000 so=0.000 ae=0.000 ao=0.000 pwm=0 pc=0 hd=0 y=-0.042 yr=0.000 L=0 R=0 OL=0 OR=0 el=0 er=0 ed=0 dl=0 dr=0 cl=0 cr=0 ok=4966 fail=0 vofa=firewater rx=1131 txdrop=49752
1775108944.9447486,1775108944944748601,4823728578401,HB,1242058,0.0,0,-0.042,-0.0,0.0,0.0,0.0,0.0,0.0,0.0,0.0,0.0,0.0,0,0,,HB tick=1242058 run=0 ts=0.000 as=0.000 ta=0.000 aa=0.000 se=0.000 so=0.000 ae=0.000 ao=0.000 pwm=0 pc=0 hd=0 y=-0.042 yr=-0.000 L=0 R=0 OL=0 OR=0 el=0 er=0 ed=0 dl=0 dr=0 cl=0 cr=0 ok=4967 fail=0 vofa=firewater rx=1131 txdrop=49752
1775108945.152089,1775108945152089200,4823935919100,HB,1242283,0.0,0,-0.042,-0.0,0.0,0.0,0.0,0.0,0.0,0.0,0.0,0.0,0.0,0,0,,HB tick=1242283 run=0 ts=0.000 as=0.000 ta=0.000 aa=0.000 se=0.000 so=0.000 ae=0.000 ao=0.000 pwm=0 pc=0 hd=0 y=-0.042 yr=-0.000 L=0 R=0 OL=0 OR=0 el=0 er=0 ed=0 dl=0 dr=0 cl=0 cr=0 ok=4968 fail=0 vofa=firewater rx=1140 txdrop=49752
1775108945.5037687,1775108945503768600,4824287598400,HB,1242639,0.0,0,-0.042,-0.0,0.0,0.0,0.0,0.0,0.0,0.0,0.0,0.0,0.0,0,0,,HB tick=1242639 run=0 ts=0.000 as=0.000 ta=0.000 aa=0.000 se=0.000 so=0.000 ae=0.000 ao=0.000 pwm=0 pc=0 hd=0 y=-0.042 yr=-0.000 L=0 R=0 OL=0 OR=0 el=0 er=0 ed=0 dl=0 dr=0 cl=0 cr=0 ok=4969 fail=0 vofa=firewater rx=1140 txdrop=49752
1775108945.916409,1775108945916409100,4824700239500,HB,1243055,0.0,0,-0.042,-0.0,0.0,0.0,0.0,0.0,0.0,0.0,0.0,0.0,0.0,0,0,,HB tick=1243055 run=0 ts=0.000 as=0.000 ta=0.000 aa=0.000 se=0.000 so=0.000 ae=0.000 ao=0.000 pwm=0 pc=0 hd=0 y=-0.042 yr=-0.000 L=0 R=0 OL=0 OR=0 el=0 er=0 ed=0 dl=0 dr=0 cl=0 cr=0 ok=4970 fail=0 vofa=firewater rx=1150 txdrop=49752
1775108946.3300805,1775108946330080400,4825113910200,HB,1243445,0.0,0,-0.042,-0.0,0.0,0.0,0.0,0.0,0.0,0.0,0.0,0.0,0.0,0,0,,HB tick=1243445 run=0 ts=0.000 as=0.000 ta=0.000 aa=0.000 se=0.000 so=0.000 ae=0.000 ao=0.000 pwm=0 pc=0 hd=0 y=-0.042 yr=-0.000 L=0 R=0 OL=0 OR=0 el=0 er=0 ed=0 dl=0 dr=0 cl=0 cr=0 ok=4971 fail=0 vofa=firewater rx=1150 txdrop=49752
1775108946.71382,1775108946713820000,4825497650600,HB,1243851,0.0,0,-0.043,-0.001,0.0,0.0,0.0,0.0,0.0,0.0,0.0,0.0,0.0,0,0,,HB tick=1243851 run=0 ts=0.000 as=0.000 ta=0.000 aa=0.000 se=0.000 so=0.000 ae=0.000 ao=0.000 pwm=0 pc=0 hd=0 y=-0.043 yr=-0.001 L=0 R=0 OL=0 OR=0 el=0 er=0 ed=0 dl=0 dr=0 cl=0 cr=0 ok=4972 fail=0 vofa=firewater rx=1159 txdrop=49752
1775108947.1151774,1775108947115177400,4825899007200,HB,1244251,0.0,0,-0.043,-0.0,0.0,0.0,0.0,0.0,0.0,0.0,0.0,0.0,0.0,0,0,,HB tick=1244251 run=0 ts=0.000 as=0.000 ta=0.000 aa=0.000 se=0.000 so=0.000 ae=0.000 ao=0.000 pwm=0 pc=0 hd=0 y=-0.043 yr=-0.000 L=0 R=0 OL=0 OR=0 el=0 er=0 ed=0 dl=0 dr=0 cl=0 cr=0 ok=4973 fail=0 vofa=firewater rx=1169 txdrop=49752
1775108947.5204751,1775108947520475100,4826304305000,HB,1244635,0.0,0,-0.042,0.001,0.0,0.0,0.0,0.0,0.0,0.0,0.0,0.0,0.0,0,0,,HB tick=1244635 run=0 ts=0.000 as=0.000 ta=0.000 aa=0.000 se=0.000 so=0.000 ae=0.000 ao=0.000 pwm=0 pc=0 hd=0 y=-0.042 yr=0.001 L=0 R=0 OL=0 OR=0 el=0 er=0 ed=0 dl=0 dr=0 cl=0 cr=0 ok=4974 fail=0 vofa=firewater rx=1169 txdrop=49752
1775108947.7060838,1775108947706083900,4826489914400,HB,1244839,0.0,0,-0.049,-0.012,0.0,0.0,0.0,0.0,0.0,0.0,0.0,0.0,0.0,0,0,,HB tick=1244839 run=0 ts=0.000 as=0.000 ta=0.000 aa=0.000 se=0.000 so=0.000 ae=0.000 ao=0.000 pwm=0 pc=0 hd=0 y=-0.049 yr=-0.012 L=0 R=0 OL=0 OR=0 el=0 er=0 ed=0 dl=0 dr=0 cl=0 cr=0 ok=4975 fail=0 vofa=firewater rx=1175 txdrop=49752
1775108948.0903769,1775108948090376900,4826874206700,STAT,1244982,0.0,0,-0.049491,-0.01173,0.0,0.0,0.0,0.0,0.0,0.0,0.0,0.0,0.0,0,0,,STAT tick=1244982 run=0 ts=0.000000 as=0.000000 ta=0.000000 aa=0.000000 se=0.000000 so=0.000000 ae=0.000000 ao=0.000000 pwm=0 pc=0 hd=0 y=-0.049491 p=-0.933073 r=5.177515 yr=-0.011730 ax=0 ay=0 az=0 gx=0 gy=0 gz=0 who=0x85 addr=0x4A icm_ok=6238 icm_fail=0 L=0 R=0 OL=0 OR=0 el=0 er=0 ed=0 dl=0 dr=0 cl=0 cr=0 skp=0.600000 ski=0.012000 skd=0.000000 akp=0.120000 aki=0.000000 akd=0.050000 ok=4976 fail=0 rx=1175 txdrop=49752
1775108948.484355,1775108948484355200,4827268185400,HB,1245624,0.0,0,-0.056,-0.013,0.0,0.0,0.0,0.0,0.0,0.0,0.0,0.0,0.0,0,0,,HB tick=1245624 run=0 ts=0.000 as=0.000 ta=0.000 aa=0.000 se=0.000 so=0.000 ae=0.000 ao=0.000 pwm=0 pc=0 hd=0 y=-0.056 yr=-0.013 L=0 R=0 OL=0 OR=0 el=0 er=0 ed=0 dl=0 dr=0 cl=0 cr=0 ok=4977 fail=0 vofa=firewater rx=1184 txdrop=49752
1775108948.8975306,1775108948897530500,4827681360300,HB,1246014,0.0,0,-0.056,-0.005,0.0,0.0,0.0,0.0,0.0,0.0,0.0,0.0,0.0,0,0,,HB tick=1246014 run=0 ts=0.000 as=0.000 ta=0.000 aa=0.000 se=0.000 so=0.000 ae=0.000 ao=0.000 pwm=0 pc=0 hd=0 y=-0.056 yr=-0.005 L=0 R=0 OL=0 OR=0 el=0 er=0 ed=0 dl=0 dr=0 cl=0 cr=0 ok=4978 fail=0 vofa=firewater rx=1193 txdrop=49752
1775108949.2189312,1775108949218931300,4828002761400,HB,1246359,0.0,0,-0.056,-0.002,0.0,0.0,0.0,0.0,0.0,0.0,0.0,0.0,0.0,0,0,,HB tick=1246359 run=0 ts=0.000 as=0.000 ta=0.000 aa=0.000 se=0.000 so=0.000 ae=0.000 ao=0.000 pwm=0 pc=0 hd=0 y=-0.056 yr=-0.002 L=0 R=0 OL=0 OR=0 el=0 er=0 ed=0 dl=0 dr=0 cl=0 cr=0 ok=4979 fail=0 vofa=firewater rx=1193 txdrop=49752
1775108949.4551876,1775108949455187400,4828239017200,HB,1246590,0.0,0,-0.056,-0.001,0.0,0.0,0.0,0.0,0.0,0.0,0.0,0.0,0.0,0,0,,HB tick=1246590 run=0 ts=0.000 as=0.000 ta=0.000 aa=0.000 se=0.000 so=0.000 ae=0.000 ao=0.000 pwm=0 pc=0 hd=0 y=-0.056 yr=-0.001 L=0 R=0 OL=0 OR=0 el=0 er=0 ed=0 dl=0 dr=0 cl=0 cr=0 ok=4980 fail=0 vofa=firewater rx=1199 txdrop=49752
1775108949.6519556,1775108949651955600,4828435785300,STAT,1246733,0.0,0,-0.056172,-0.001445,0.0,0.0,0.0,0.0,0.0,0.0,0.0,0.0,0.0,0,0,,STAT tick=1246733 run=0 ts=0.000000 as=0.000000 ta=0.000000 aa=0.000000 se=0.000000 so=0.000000 ae=0.000000 ao=0.000000 pwm=0 pc=0 hd=0 y=-0.056172 p=-0.925778 r=5.177293 yr=-0.001445 ax=0 ay=0 az=0 gx=0 gy=0 gz=0 who=0x85 addr=0x4A icm_ok=6247 icm_fail=0 L=0 R=0 OL=0 OR=0 el=0 er=0 ed=0 dl=0 dr=0 cl=0 cr=0 skp=0.600000 ski=0.012000 skd=0.000000 akp=0.120000 aki=0.000000 akd=0.050000 ok=4981 fail=0 rx=1199 txdrop=49752
1775108949.8694263,1775108949869426200,4828653256100,HB,1247004,0.0,0,-0.056,-0.001,0.0,0.0,0.0,0.0,0.0,0.0,0.0,0.0,0.0,0,0,,HB tick=1247004 run=0 ts=0.000 as=0.000 ta=0.000 aa=0.000 se=0.000 so=0.000 ae=0.000 ao=0.000 pwm=0 pc=0 hd=0 y=-0.056 yr=-0.001 L=0 R=0 OL=0 OR=0 el=0 er=0 ed=0 dl=0 dr=0 cl=0 cr=0 ok=4982 fail=0 vofa=firewater rx=1208 txdrop=49752
1775108950.2618146,1775108950261814601,4829045644301,HB,1247350,0.0,0,-0.056,0.0,0.0,0.0,0.0,0.0,0.0,0.0,0.0,0.0,0.0,0,0,,HB tick=1247350 run=0 ts=0.000 as=0.000 ta=0.000 aa=0.000 se=0.000 so=0.000 ae=0.000 ao=0.000 pwm=0 pc=0 hd=0 y=-0.056 yr=0.000 L=0 R=0 OL=0 OR=0 el=0 er=0 ed=0 dl=0 dr=0 cl=0 cr=0 ok=4983 fail=0 vofa=firewater rx=1208 txdrop=49752
1775108950.44881,1775108950448809900,4829232640000,HB,1247581,0.0,0,-0.056,0.0,0.0,0.0,0.0,0.0,0.0,0.0,0.0,0.0,0.0,0,0,,HB tick=1247581 run=0 ts=0.000 as=0.000 ta=0.000 aa=0.000 se=0.000 so=0.000 ae=0.000 ao=0.000 pwm=0 pc=0 hd=0 y=-0.056 yr=0.000 L=0 R=0 OL=0 OR=0 el=0 er=0 ed=0 dl=0 dr=0 cl=0 cr=0 ok=4984 fail=0 vofa=firewater rx=1217 txdrop=49752
1775108950.6471045,1775108950647104400,4829430934200,HB,1247784,0.0,0,-0.056,0.0,0.0,0.0,0.0,0.0,0.0,0.0,0.0,0.0,0.0,0,0,,HB tick=1247784 run=0 ts=0.000 as=0.000 ta=0.000 aa=0.000 se=0.000 so=0.000 ae=0.000 ao=0.000 pwm=0 pc=0 hd=0 y=-0.056 yr=0.000 L=0 R=0 OL=0 OR=0 el=0 er=0 ed=0 dl=0 dr=0 cl=0 cr=0 ok=4985 fail=0 vofa=firewater rx=1217 txdrop=49752
1775108951.0284495,1775108951028449600,4829812279900,STAT,1248085,0.0,0,-0.055849,-0.000501,0.0,0.0,0.0,0.0,0.0,0.0,0.0,0.0,0.0,0,0,,STAT tick=1248085 run=0 ts=0.000000 as=0.000000 ta=0.000000 aa=0.000000 se=0.000000 so=0.000000 ae=0.000000 ao=0.000000 pwm=0 pc=0 hd=0 y=-0.055849 p=-0.918795 r=5.177002 yr=-0.000501 ax=0 ay=0 az=0 gx=0 gy=0 gz=0 who=0x85 addr=0x4A icm_ok=6254 icm_fail=0 L=0 R=0 OL=0 OR=0 el=0 er=0 ed=0 dl=0 dr=0 cl=0 cr=0 skp=0.600000 ski=0.012000 skd=0.000000 akp=0.120000 aki=0.000000 akd=0.050000 ok=4986 fail=0 rx=1223 txdrop=49752
1775108951.2671654,1775108951267165500,4830050995100,HB,1248384,0.0,0,-0.056,-0.001,0.0,0.0,0.0,0.0,0.0,0.0,0.0,0.0,0.0,0,0,,HB tick=1248384 run=0 ts=0.000 as=0.000 ta=0.000 aa=0.000 se=0.000 so=0.000 ae=0.000 ao=0.000 pwm=0 pc=0 hd=0 y=-0.056 yr=-0.001 L=0 R=0 OL=0 OR=0 el=0 er=0 ed=0 dl=0 dr=0 cl=0 cr=0 ok=4987 fail=0 vofa=firewater rx=1232 txdrop=49752
1775108951.452822,1775108951452821900,4830236652100,HB,1248588,0.0,0,-0.056,-0.0,0.0,0.0,0.0,0.0,0.0,0.0,0.0,0.0,0.0,0,0,,HB tick=1248588 run=0 ts=0.000 as=0.000 ta=0.000 aa=0.000 se=0.000 so=0.000 ae=0.000 ao=0.000 pwm=0 pc=0 hd=0 y=-0.056 yr=-0.000 L=0 R=0 OL=0 OR=0 el=0 er=0 ed=0 dl=0 dr=0 cl=0 cr=0 ok=4988 fail=0 vofa=firewater rx=1232 txdrop=49752
1775108951.6581638,1775108951658163700,4830441993400,HB,1248791,0.0,0,-0.057,-0.001,0.0,0.0,0.0,0.0,0.0,0.0,0.0,0.0,0.0,0,0,,HB tick=1248791 run=0 ts=0.000 as=0.000 ta=0.000 aa=0.000 se=0.000 so=0.000 ae=0.000 ao=0.000 pwm=0 pc=0 hd=0 y=-0.057 yr=-0.001 L=0 R=0 OL=0 OR=0 el=0 er=0 ed=0 dl=0 dr=0 cl=0 cr=0 ok=4989 fail=0 vofa=firewater rx=1232 txdrop=49752
1775108951.8548381,1775108951854838000,4830638667700,HB,1248994,0.0,0,-0.057,-0.001,0.0,0.0,0.0,0.0,0.0,0.0,0.0,0.0,0.0,0,0,,HB tick=1248994 run=0 ts=0.000 as=0.000 ta=0.000 aa=0.000 se=0.000 so=0.000 ae=0.000 ao=0.000 pwm=0 pc=0 hd=0 y=-0.057 yr=-0.001 L=0 R=0 OL=0 OR=0 el=0 er=0 ed=0 dl=0 dr=0 cl=0 cr=0 ok=4990 fail=0 vofa=firewater rx=1241 txdrop=49752
1775108952.060512,1775108952060511900,4830844341800,HB,1249198,0.0,0,-0.057,-0.0,0.0,0.0,0.0,0.0,0.0,0.0,0.0,0.0,0.0,0,0,,HB tick=1249198 run=0 ts=0.000 as=0.000 ta=0.000 aa=0.000 se=0.000 so=0.000 ae=0.000 ao=0.000 pwm=0 pc=0 hd=0 y=-0.057 yr=-0.000 L=0 R=0 OL=0 OR=0 el=0 er=0 ed=0 dl=0 dr=0 cl=0 cr=0 ok=4991 fail=0 vofa=firewater rx=1241 txdrop=49752
1775108952.2856035,1775108952285603500,4831069433100,HB,1249406,0.0,0,-0.057,-0.0,0.0,0.0,0.0,0.0,0.0,0.0,0.0,0.0,0.0,0,0,,HB tick=1249406 run=0 ts=0.000 as=0.000 ta=0.000 aa=0.000 se=0.000 so=0.000 ae=0.000 ao=0.000 pwm=0 pc=0 hd=0 y=-0.057 yr=-0.000 L=0 R=0 OL=0 OR=0 el=0 er=0 ed=0 dl=0 dr=0 cl=0 cr=0 ok=4992 fail=0 vofa=firewater rx=1241 txdrop=49752
1775108952.4712243,1775108952471224300,4831255054700,HB,1249609,0.0,0,-0.056,0.0,0.0,0.0,0.0,0.0,0.0,0.0,0.0,0.0,0.0,0,0,,HB tick=1249609 run=0 ts=0.000 as=0.000 ta=0.000 aa=0.000 se=0.000 so=0.000 ae=0.000 ao=0.000 pwm=0 pc=0 hd=0 y=-0.056 yr=0.000 L=0 R=0 OL=0 OR=0 el=0 er=0 ed=0 dl=0 dr=0 cl=0 cr=0 ok=4993 fail=0 vofa=firewater rx=1241 txdrop=49752
1775108953.0723228,1775108953072322800,4831856152500,HB,1250188,0.0,1,-0.097,-0.216,2.0,3.0,-1.0,6.0,6.0,6.0,6.0,2.0,3.0,0,0,,HB tick=1250188 run=1 ts=12.200 as=2.500 ta=0.000 aa=0.000 se=9.700 so=5.855 ae=0.000 ao=0.000 pwm=6 pc=6 hd=0 y=-0.097 yr=-0.216 L=6 R=6 OL=6 OR=6 el=2 er=3 ed=-1 dl=2 dr=3 cl=0 cr=0 ok=4994 fail=0 vofa=firewater rx=1260 txdrop=49752
1775108953.2793097,1775108953279309900,4832063139600,HB,1250421,0.0,1,-0.877,-1.306,3.0,6.0,-3.0,6.0,6.0,6.0,6.0,3.0,6.0,0,0,,HB tick=1250421 run=1 ts=15.080 as=4.500 ta=0.000 aa=-0.097 se=10.580 so=6.413 ae=0.097 ao=0.022 pwm=6 pc=6 hd=0 y=-0.877 yr=-1.306 L=6 R=6 OL=6 OR=6 el=3 er=6 ed=-3 dl=3 dr=6 cl=0 cr=0 ok=4995 fail=0 vofa=firewater rx=1260 txdrop=49752
1775108953.5165744,1775108953516574500,4832300404100,HB,1250627,0.0,1,-2.4,-3.45,4.0,6.0,-2.0,8.0,8.0,8.0,8.0,4.0,6.0,0,0,,HB tick=1250627 run=1 ts=17.480 as=5.000 ta=0.000 aa=-0.877 se=12.480 so=7.580 ae=0.877 ao=0.171 pwm=8 pc=8 hd=0 y=-2.400 yr=-3.450 L=8 R=8 OL=8 OR=8 el=4 er=6 ed=-2 dl=4 dr=6 cl=0 cr=0 ok=4996 fail=0 vofa=firewater rx=1260 txdrop=49752
1775108953.6933768,1775108953693376800,4832477206700,HB,1250832,0.0,1,-4.136,-5.192,6.0,8.0,-2.0,8.0,8.0,8.0,8.0,6.0,8.0,0,0,,HB tick=1250832 run=1 ts=20.000 as=7.000 ta=0.000 aa=-2.400 se=13.000 so=7.924 ae=2.400 ao=0.461 pwm=8 pc=8 hd=0 y=-4.136 yr=-5.192 L=8 R=8 OL=8 OR=8 el=6 er=8 ed=-2 dl=6 dr=8 cl=0 cr=0 ok=4997 fail=0 vofa=firewater rx=1260 txdrop=49752
1775108953.9210901,1775108953921090100,4832704919800,HB,1251038,0.0,1,-6.016,-6.585,7.0,8.0,-1.0,10.0,8.0,10.0,8.0,7.0,8.0,0,0,,HB tick=1251038 run=1 ts=22.400 as=7.500 ta=0.000 aa=-4.136 se=14.900 so=9.098 ae=4.136 ao=0.756 pwm=9 pc=9 hd=1 y=-6.016 yr=-6.585 L=10 R=8 OL=10 OR=8 el=7 er=8 ed=-1 dl=7 dr=8 cl=0 cr=0 ok=4998 fail=0 vofa=firewater rx=1260 txdrop=49752
1775108954.1178403,1775108954117840500,4832901670600,HB,1251248,0.0,1,-7.494,-6.732,7.0,9.0,-2.0,11.0,9.0,11.0,9.0,7.0,9.0,0,0,,HB tick=1251248 run=1 ts=24.920 as=8.000 ta=0.000 aa=-6.016 se=16.920 so=10.349 ae=6.016 ao=1.051 pwm=10 pc=10 hd=1 y=-7.494 yr=-6.732 L=11 R=9 OL=11 OR=9 el=7 er=9 ed=-2 dl=7 dr=9 cl=0 cr=0 ok=4999 fail=0 vofa=firewater rx=1260 txdrop=49752
1775108954.3464165,1775108954346416300,4833130246400,HB,1251453,0.0,1,-8.709,-6.46,9.0,10.0,-1.0,12.0,10.0,12.0,10.0,9.0,10.0,0,0,,HB tick=1251453 run=1 ts=27.440 as=9.500 ta=0.000 aa=-7.494 se=17.940 so=11.004 ae=7.494 ao=1.236 pwm=11 pc=11 hd=1 y=-8.709 yr=-6.460 L=12 R=10 OL=12 OR=10 el=9 er=10 ed=-1 dl=9 dr=10 cl=0 cr=0 ok=5000 fail=0 vofa=firewater rx=1260 txdrop=49752
1775108954.5337899,1775108954533790000,4833317620100,HB,1251663,0.0,1,-9.999,-6.338,12.0,11.0,1.0,12.0,10.0,12.0,10.0,12.0,11.0,0,0,,HB tick=1251663 run=1 ts=29.960 as=11.500 ta=0.000 aa=-8.709 se=18.460 so=11.363 ae=8.709 ao=1.368 pwm=11 pc=11 hd=1 y=-9.999 yr=-6.338 L=12 R=10 OL=12 OR=10 el=12 er=11 ed=1 dl=12 dr=11 cl=0 cr=0 ok=5001 fail=0 vofa=firewater rx=1260 txdrop=49752
1775108954.7614229,1775108954761422900,4833545252600,HB,1251869,0.0,1,-10.071,-4.244,13.0,11.0,2.0,15.0,11.0,15.0,11.0,13.0,11.0,0,0,,HB tick=1251869 run=1 ts=32.360 as=12.000 ta=0.000 aa=-9.999 se=20.360 so=12.548 ae=9.999 ao=1.517 pwm=13 pc=13 hd=2 y=-10.071 yr=-4.244 L=15 R=11 OL=15 OR=11 el=13 er=11 ed=2 dl=13 dr=11 cl=0 cr=0 ok=5002 fail=0 vofa=firewater rx=1260 txdrop=49752
1775108955.1245883,1775108955124588400,4833908418600,HB,1252261,0.0,1,-7.71,1.698,14.0,13.0,1.0,14.0,12.0,14.0,12.0,14.0,13.0,0,0,,HB tick=1252261 run=1 ts=35.000 as=13.500 ta=0.000 aa=-9.255 se=21.500 so=13.331 ae=9.255 ao=1.161 pwm=13 pc=13 hd=1 y=-7.710 yr=1.698 L=14 R=12 OL=14 OR=12 el=14 er=13 ed=1 dl=14 dr=13 cl=0 cr=0 ok=5003 fail=0 vofa=firewater rx=1260 txdrop=49752
1775108955.3528345,1775108955352834500,4834136665000,HB,1252467,0.0,1,-5.765,4.424,15.0,13.0,2.0,14.0,12.0,14.0,12.0,15.0,13.0,0,0,,HB tick=1252467 run=1 ts=35.000 as=14.000 ta=0.000 aa=-7.710 se=21.000 so=13.082 ae=7.710 ao=0.840 pwm=13 pc=13 hd=1 y=-5.765 yr=4.424 L=14 R=12 OL=14 OR=12 el=15 er=13 ed=2 dl=15 dr=13 cl=0 cr=0 ok=5004 fail=0 vofa=firewater rx=1260 txdrop=49752
1775108955.5413408,1775108955541340900,4834325171700,HB,1252672,0.0,1,-3.598,6.558,15.0,15.0,0.0,13.0,13.0,13.0,13.0,15.0,15.0,0,0,,HB tick=1252672 run=1 ts=35.000 as=15.000 ta=0.000 aa=-5.765 se=20.000 so=12.534 ae=5.765 ao=0.471 pwm=13 pc=13 hd=0 y=-3.598 yr=6.558 L=13 R=13 OL=13 OR=13 el=15 er=15 ed=0 dl=15 dr=15 cl=0 cr=0 ok=5005 fail=0 vofa=firewater rx=1260 txdrop=49752
1775108955.7710464,1775108955771046400,4834554876400,HB,1252883,0.0,1,-2.222,6.567,15.0,14.0,1.0,13.0,13.0,13.0,13.0,15.0,14.0,0,0,,HB tick=1252883 run=1 ts=35.000 as=14.500 ta=0.000 aa=-3.598 se=20.500 so=12.886 ae=3.598 ao=0.104 pwm=13 pc=13 hd=0 y=-2.222 yr=6.567 L=13 R=13 OL=13 OR=13 el=15 er=14 ed=1 dl=15 dr=14 cl=0 cr=0 ok=5006 fail=0 vofa=firewater rx=1260 txdrop=49752
1775108955.9584844,1775108955958484500,4834742314300,HB,1253088,0.0,1,-1.086,6.189,14.0,14.0,0.0,13.0,13.0,13.0,13.0,14.0,14.0,0,0,,HB tick=1253088 run=1 ts=35.000 as=14.000 ta=0.000 aa=-2.222 se=21.000 so=13.236 ae=2.222 ao=-0.062 pwm=13 pc=13 hd=0 y=-1.086 yr=6.189 L=13 R=13 OL=13 OR=13 el=14 er=14 ed=0 dl=14 dr=14 cl=0 cr=0 ok=5007 fail=0 vofa=firewater rx=1260 txdrop=49752
1775108956.1849678,1775108956184967801,4834968797701,HB,1253293,0.0,1,-0.517,4.999,15.0,14.0,1.0,13.0,13.0,13.0,13.0,15.0,14.0,0,0,,HB tick=1253293 run=1 ts=35.000 as=14.500 ta=0.000 aa=-1.086 se=20.500 so=12.989 ae=1.086 ao=-0.179 pwm=13 pc=13 hd=0 y=-0.517 yr=4.999 L=13 R=13 OL=13 OR=13 el=15 er=14 ed=1 dl=15 dr=14 cl=0 cr=0 ok=5008 fail=0 vofa=firewater rx=1260 txdrop=49752
1775108956.3716671,1775108956371667100,4835155497500,HB,1253503,0.0,1,0.421,4.805,15.0,14.0,1.0,13.0,13.0,13.0,13.0,15.0,14.0,0,0,,HB tick=1253503 run=1 ts=35.000 as=14.500 ta=0.000 aa=-0.517 se=20.500 so=13.040 ae=0.517 ao=-0.188 pwm=13 pc=13 hd=0 y=0.421 yr=4.805 L=13 R=13 OL=13 OR=13 el=15 er=14 ed=1 dl=15 dr=14 cl=0 cr=0 ok=5009 fail=0 vofa=firewater rx=1260 txdrop=49752
1775108956.6001096,1775108956600109600,4835383939700,HB,1253709,0.0,1,1.151,4.369,15.0,14.0,1.0,13.0,13.0,13.0,13.0,15.0,14.0,0,0,,HB tick=1253709 run=1 ts=35.000 as=14.500 ta=0.000 aa=0.421 se=20.500 so=13.089 ae=-0.421 ao=-0.291 pwm=13 pc=13 hd=0 y=1.151 yr=4.369 L=13 R=13 OL=13 OR=13 el=15 er=14 ed=1 dl=15 dr=14 cl=0 cr=0 ok=5010 fail=0 vofa=firewater rx=1260 txdrop=49752
1775108956.7860744,1775108956786074400,4835569904200,HB,1253914,0.0,1,1.837,4.006,15.0,14.0,1.0,13.0,13.0,13.0,13.0,15.0,14.0,0,0,,HB tick=1253914 run=1 ts=35.000 as=14.500 ta=0.000 aa=1.151 se=20.500 so=13.141 ae=-1.151 ao=-0.356 pwm=13 pc=13 hd=0 y=1.837 yr=4.006 L=13 R=13 OL=13 OR=13 el=15 er=14 ed=1 dl=15 dr=14 cl=0 cr=0 ok=5011 fail=0 vofa=firewater rx=1260 txdrop=49752
1775108957.0151374,1775108957015137500,4835798967600,HB,1254124,0.0,1,2.597,3.877,15.0,15.0,0.0,13.0,13.0,13.0,13.0,15.0,15.0,0,0,,HB tick=1254124 run=1 ts=35.000 as=15.000 ta=0.000 aa=1.837 se=20.000 so=12.893 ae=-1.837 ao=-0.421 pwm=13 pc=13 hd=0 y=2.597 yr=3.877 L=13 R=13 OL=13 OR=13 el=15 er=15 ed=0 dl=15 dr=15 cl=0 cr=0 ok=5012 fail=0 vofa=firewater rx=1260 txdrop=49752
1775108957.1931164,1775108957193116400,4835976946400,HB,1254329,0.0,1,3.452,3.972,14.0,15.0,-1.0,12.0,14.0,12.0,14.0,14.0,15.0,0,0,,HB tick=1254329 run=1 ts=35.000 as=14.500 ta=0.000 aa=2.597 se=20.500 so=13.242 ae=-2.597 ao=-0.506 pwm=13 pc=13 hd=-1 y=3.452 yr=3.972 L=12 R=14 OL=12 OR=14 el=14 er=15 ed=-1 dl=14 dr=15 cl=0 cr=0 ok=5013 fail=0 vofa=firewater rx=1260 txdrop=49752
1775108957.6061656,1775108957606165800,4836389995600,HB,1254721,0.0,1,2.507,0.258,14.0,15.0,-1.0,12.0,14.0,12.0,14.0,14.0,15.0,0,0,,HB tick=1254721 run=1 ts=35.000 as=14.500 ta=0.000 aa=3.285 se=20.500 so=13.340 ae=-3.285 ao=-0.505 pwm=13 pc=13 hd=-1 y=2.507 yr=0.258 L=12 R=14 OL=12 OR=14 el=14 er=15 ed=-1 dl=14 dr=15 cl=0 cr=0 ok=5014 fail=0 vofa=firewater rx=1260 txdrop=49752
1775108957.7925763,1775108957792576200,4836576406200,HB,1254927,0.0,1,1.425,-1.661,14.0,16.0,-2.0,13.0,13.0,13.0,13.0,14.0,16.0,0,0,,HB tick=1254927 run=1 ts=35.000 as=15.000 ta=0.000 aa=2.507 se=20.000 so=13.089 ae=-2.507 ao=-0.314 pwm=13 pc=13 hd=0 y=1.425 yr=-1.661 L=13 R=13 OL=13 OR=13 el=14 er=16 ed=-2 dl=14 dr=16 cl=0 cr=0 ok=5015 fail=0 vofa=firewater rx=1260 txdrop=49752
1775108958.4363685,1775108958436368500,4837220198400,HB,1255550,0.0,1,-0.794,-0.054,3.0,3.0,0.0,6.0,6.0,6.0,6.0,3.0,3.0,0,0,,HB tick=1255550 run=1 ts=12.764 as=3.000 ta=0.000 aa=-0.204 se=9.764 so=5.896 ae=0.204 ao=0.043 pwm=6 pc=6 hd=0 y=-0.794 yr=-0.054 L=6 R=6 OL=6 OR=6 el=3 er=3 ed=0 dl=3 dr=3 cl=0 cr=0 ok=5016 fail=0 vofa=firewater rx=1279 txdrop=49752
1775108958.6222694,1775108958622269500,4837406099500,HB,1255761,0.0,1,-0.788,-0.025,4.0,3.0,1.0,7.0,7.0,7.0,7.0,4.0,3.0,0,0,,HB tick=1255761 run=1 ts=15.284 as=3.500 ta=0.000 aa=-0.098 se=11.784 so=7.136 ae=0.098 ao=0.014 pwm=7 pc=7 hd=0 y=-0.788 yr=-0.025 L=7 R=7 OL=7 OR=7 el=4 er=3 ed=1 dl=4 dr=3 cl=0 cr=0 ok=5017 fail=0 vofa=firewater rx=1279 txdrop=49752
1775108958.8610904,1775108958861090400,4837644920100,HB,1255967,0.0,1,-0.659,0.203,6.0,5.0,1.0,7.0,7.0,7.0,7.0,6.0,5.0,0,0,,HB tick=1255967 run=1 ts=17.684 as=5.500 ta=0.000 aa=0.037 se=12.184 so=7.404 ae=-0.037 ao=-0.015 pwm=7 pc=7 hd=0 y=-0.659 yr=0.203 L=7 R=7 OL=7 OR=7 el=6 er=5 ed=1 dl=6 dr=5 cl=0 cr=0 ok=5018 fail=0 vofa=firewater rx=1279 txdrop=49752
1775108959.0569868,1775108959056987000,4837840817200,HB,1256193,0.0,1,-0.518,0.349,6.0,6.0,0.0,9.0,9.0,9.0,9.0,6.0,6.0,0,0,,HB tick=1256193 run=1 ts=20.444 as=6.000 ta=0.000 aa=0.037 se=14.444 so=8.797 ae=-0.037 ao=-0.015 pwm=9 pc=9 hd=0 y=-0.518 yr=0.349 L=9 R=9 OL=9 OR=9 el=6 er=6 ed=0 dl=6 dr=6 cl=0 cr=0 ok=5019 fail=0 vofa=firewater rx=1279 txdrop=49752
1775108959.4625256,1775108959462525600,4838246355300,HB,1256580,0.0,1,-0.328,0.434,9.0,9.0,0.0,9.0,9.0,9.0,9.0,9.0,9.0,0,0,,HB tick=1256580 run=1 ts=25.124 as=9.000 ta=0.000 aa=0.231 se=16.124 so=9.874 ae=-0.231 ao=-0.045 pwm=9 pc=9 hd=0 y=-0.328 yr=0.434 L=9 R=9 OL=9 OR=9 el=9 er=9 ed=0 dl=9 dr=9 cl=0 cr=0 ok=5020 fail=0 vofa=firewater rx=1279 txdrop=49752
1775108959.659357,1775108959659357300,4838443187200,HB,1256790,0.0,1,-0.009,0.81,10.0,11.0,-1.0,11.0,11.0,11.0,11.0,10.0,11.0,0,0,,HB tick=1256790 run=1 ts=27.644 as=10.500 ta=0.000 aa=0.369 se=17.144 so=10.528 ae=-0.369 ao=-0.066 pwm=11 pc=11 hd=0 y=-0.009 yr=0.810 L=11 R=11 OL=11 OR=11 el=10 er=11 ed=-1 dl=10 dr=11 cl=0 cr=0 ok=5021 fail=0 vofa=firewater rx=1279 txdrop=49752
1775108959.886595,1775108959886595101,4838670425701,HB,1257001,0.0,1,0.031,0.593,11.0,11.0,0.0,11.0,11.0,11.0,11.0,11.0,11.0,0,0,,HB tick=1257001 run=1 ts=30.164 as=11.000 ta=0.000 aa=0.687 se=19.164 so=11.786 ae=-0.687 ao=-0.123 pwm=11 pc=11 hd=0 y=0.031 yr=0.593 L=11 R=11 OL=11 OR=11 el=11 er=11 ed=0 dl=11 dr=11 cl=0 cr=0 ok=5022 fail=0 vofa=firewater rx=1279 txdrop=49752
1775108960.0729208,1775108960072920800,4838856750500,HB,1257206,0.0,1,-0.058,0.237,13.0,12.0,1.0,12.0,12.0,12.0,12.0,13.0,12.0,0,0,,HB tick=1257206 run=1 ts=32.564 as=12.500 ta=0.000 aa=0.727 se=20.064 so=12.372 ae=-0.727 ao=-0.117 pwm=12 pc=12 hd=0 y=-0.058 yr=0.237 L=12 R=12 OL=12 OR=12 el=13 er=12 ed=1 dl=13 dr=12 cl=0 cr=0 ok=5023 fail=0 vofa=firewater rx=1279 txdrop=49752
1775108960.302864,1775108960302864200,4839086694700,HB,1257411,0.0,1,0.295,0.759,15.0,15.0,0.0,13.0,13.0,13.0,13.0,15.0,15.0,0,0,,HB tick=1257411 run=1 ts=35.000 as=15.000 ta=0.000 aa=0.639 se=20.000 so=12.385 ae=-0.639 ao=-0.088 pwm=13 pc=13 hd=0 y=0.295 yr=0.759 L=13 R=13 OL=13 OR=13 el=15 er=15 ed=0 dl=15 dr=15 cl=0 cr=0 ok=5024 fail=0 vofa=firewater rx=1279 txdrop=49752
1775108960.4912136,1775108960491213500,4839275043200,HB,1257622,0.0,1,0.553,0.922,14.0,15.0,-1.0,13.0,13.0,13.0,13.0,14.0,15.0,0,0,,HB tick=1257622 run=1 ts=35.000 as=14.500 ta=0.000 aa=1.250 se=20.500 so=12.737 ae=-0.991 ao=-0.157 pwm=13 pc=13 hd=0 y=0.553 yr=0.922 L=13 R=13 OL=13 OR=13 el=14 er=15 ed=-1 dl=14 dr=15 cl=0 cr=0 ok=5025 fail=0 vofa=firewater rx=1279 txdrop=49752
1775108960.7196264,1775108960719626500,4839503456600,HB,1257827,0.0,1,0.758,0.949,15.0,15.0,0.0,12.0,12.0,12.0,12.0,15.0,15.0,0,0,,HB tick=1257827 run=1 ts=35.000 as=15.000 ta=0.000 aa=1.454 se=20.000 so=12.486 ae=-1.454 ao=-0.222 pwm=12 pc=12 hd=0 y=0.758 yr=0.949 L=12 R=12 OL=12 OR=12 el=15 er=15 ed=0 dl=15 dr=15 cl=0 cr=0 ok=5026 fail=0 vofa=firewater rx=1279 txdrop=49752
1775108961.082262,1775108961082262100,4839866091900,HB,1258219,0.0,1,0.803,0.493,15.0,15.0,0.0,13.0,13.0,13.0,13.0,15.0,15.0,0,0,,HB tick=1258219 run=1 ts=35.000 as=15.000 ta=0.000 aa=1.265 se=20.000 so=12.582 ae=-1.265 ao=-0.162 pwm=13 pc=13 hd=0 y=0.803 yr=0.493 L=13 R=13 OL=13 OR=13 el=15 er=15 ed=0 dl=15 dr=15 cl=0 cr=0 ok=5027 fail=0 vofa=firewater rx=1279 txdrop=49752
1775108961.3201344,1775108961320134300,4840103964100,HB,1258426,0.0,1,0.974,0.611,15.0,15.0,0.0,13.0,13.0,13.0,13.0,15.0,15.0,0,0,,HB tick=1258426 run=1 ts=35.000 as=15.000 ta=0.000 aa=1.499 se=20.000 so=12.633 ae=-1.499 ao=-0.205 pwm=13 pc=13 hd=0 y=0.974 yr=0.611 L=13 R=13 OL=13 OR=13 el=15 er=15 ed=0 dl=15 dr=15 cl=0 cr=0 ok=5028 fail=0 vofa=firewater rx=1279 txdrop=49752
1775108961.5040922,1775108961504092100,4840287921900,HB,1258631,0.0,1,0.924,0.311,15.0,15.0,0.0,13.0,13.0,13.0,13.0,15.0,15.0,0,0,,HB tick=1258631 run=1 ts=35.000 as=15.000 ta=0.000 aa=1.670 se=20.000 so=12.684 ae=-1.670 ao=-0.231 pwm=13 pc=13 hd=0 y=0.924 yr=0.311 L=13 R=13 OL=13 OR=13 el=15 er=15 ed=0 dl=15 dr=15 cl=0 cr=0 ok=5029 fail=0 vofa=firewater rx=1279 txdrop=49752
1775108961.7429905,1775108961742990700,4840526820500,HB,1258857,0.0,1,0.999,0.319,15.0,15.0,0.0,13.0,13.0,13.0,13.0,15.0,15.0,0,0,,HB tick=1258857 run=1 ts=35.000 as=15.000 ta=0.000 aa=1.695 se=20.000 so=12.738 ae=-1.695 ao=-0.219 pwm=13 pc=13 hd=0 y=0.999 yr=0.319 L=13 R=13 OL=13 OR=13 el=15 er=15 ed=0 dl=15 dr=15 cl=0 cr=0 ok=5030 fail=0 vofa=firewater rx=1279 txdrop=49752
1775108961.918919,1775108961918919100,4840702748700,HB,1259058,0.0,1,0.969,0.156,14.0,15.0,-1.0,13.0,13.0,13.0,13.0,14.0,15.0,0,0,,HB tick=1259058 run=1 ts=35.000 as=14.500 ta=0.000 aa=1.695 se=20.500 so=13.086 ae=-1.695 ao=-0.219 pwm=13 pc=13 hd=0 y=0.969 yr=0.156 L=13 R=13 OL=13 OR=13 el=14 er=15 ed=-1 dl=14 dr=15 cl=0 cr=0 ok=5031 fail=0 vofa=firewater rx=1279 txdrop=49752
1775108962.1462297,1775108962146229800,4840930059500,HB,1259264,0.0,1,1.048,0.236,14.0,15.0,-1.0,13.0,13.0,13.0,13.0,14.0,15.0,0,0,,HB tick=1259264 run=1 ts=35.000 as=14.500 ta=0.000 aa=1.665 se=20.500 so=13.137 ae=-1.665 ao=-0.208 pwm=13 pc=13 hd=0 y=1.048 yr=0.236 L=13 R=13 OL=13 OR=13 el=14 er=15 ed=-1 dl=14 dr=15 cl=0 cr=0 ok=5032 fail=0 vofa=firewater rx=1279 txdrop=49752
1775108962.3434157,1775108962343415800,4841127245600,HB,1259469,0.0,1,0.878,-0.136,15.0,14.0,1.0,13.0,13.0,13.0,13.0,15.0,14.0,0,0,,HB tick=1259469 run=1 ts=35.000 as=14.500 ta=0.000 aa=1.744 se=20.500 so=13.186 ae=-1.744 ao=-0.221 pwm=13 pc=13 hd=0 y=0.878 yr=-0.136 L=13 R=13 OL=13 OR=13 el=15 er=14 ed=1 dl=15 dr=14 cl=0 cr=0 ok=5033 fail=0 vofa=firewater rx=1279 txdrop=49752
1775108962.5714781,1775108962571478000,4841355307700,HB,1259679,0.0,1,1.139,0.349,16.0,15.0,1.0,13.0,13.0,13.0,13.0,16.0,15.0,0,0,,HB tick=1259679 run=1 ts=35.000 as=15.500 ta=0.000 aa=1.574 se=19.500 so=12.636 ae=-1.574 ao=-0.182 pwm=13 pc=13 hd=0 y=1.139 yr=0.349 L=13 R=13 OL=13 OR=13 el=16 er=15 ed=1 dl=16 dr=15 cl=0 cr=0 ok=5034 fail=0 vofa=firewater rx=1279 txdrop=49752
1775108962.7567918,1775108962756791900,4841540621600,HB,1259885,0.0,1,1.261,0.433,15.0,15.0,0.0,13.0,13.0,13.0,13.0,15.0,15.0,0,0,,HB tick=1259885 run=1 ts=35.000 as=15.000 ta=0.000 aa=1.835 se=20.000 so=12.987 ae=-1.835 ao=-0.238 pwm=13 pc=13 hd=0 y=1.261 yr=0.433 L=13 R=13 OL=13 OR=13 el=15 er=15 ed=0 dl=15 dr=15 cl=0 cr=0 ok=5035 fail=0 vofa=firewater rx=1279 txdrop=49752
1775108962.973276,1775108962973275800,4841757105500,HB,1260091,0.0,1,1.372,0.471,15.0,14.0,1.0,13.0,13.0,13.0,13.0,15.0,14.0,0,0,,HB tick=1260091 run=1 ts=35.000 as=14.500 ta=0.000 aa=1.957 se=20.500 so=13.337 ae=-1.957 ao=-0.256 pwm=13 pc=13 hd=0 y=1.372 yr=0.471 L=13 R=13 OL=13 OR=13 el=15 er=14 ed=1 dl=15 dr=14 cl=0 cr=0 ok=5036 fail=0 vofa=firewater rx=1300 txdrop=49752
1775108963.170662,1775108963170662000,4841954492900,HB,1260300,0.0,1,1.635,0.746,16.0,15.0,1.0,13.0,13.0,13.0,13.0,16.0,15.0,0,0,,HB tick=1260300 run=1 ts=35.000 as=15.500 ta=0.000 aa=2.068 se=19.500 so=12.788 ae=-2.068 ao=-0.272 pwm=13 pc=13 hd=0 y=1.635 yr=0.746 L=13 R=13 OL=13 OR=13 el=16 er=15 ed=1 dl=16 dr=15 cl=0 cr=0 ok=5037 fail=0 vofa=firewater rx=1300 txdrop=49752
1775108963.3985076,1775108963398507600,4842182337900,HB,1260506,0.0,1,2.12,1.311,15.0,15.0,0.0,13.0,13.0,13.0,13.0,15.0,15.0,0,0,,HB tick=1260506 run=1 ts=35.000 as=15.000 ta=0.000 aa=2.332 se=20.000 so=13.136 ae=-2.332 ao=-0.317 pwm=13 pc=13 hd=0 y=2.120 yr=1.311 L=13 R=13 OL=13 OR=13 el=15 er=15 ed=0 dl=15 dr=15 cl=0 cr=0 ok=5038 fail=0 vofa=firewater rx=1300 txdrop=49752
1775108963.7191,1775108963719100000,4842502929900,HB,1260854,0.0,1,2.354,0.897,16.0,14.0,2.0,13.0,13.0,13.0,13.0,16.0,14.0,0,0,,HB tick=1260854 run=1 ts=35.000 as=15.000 ta=0.000 aa=3.021 se=20.000 so=13.220 ae=-3.021 ao=-0.427 pwm=13 pc=13 hd=0 y=2.354 yr=0.897 L=13 R=13 OL=13 OR=13 el=16 er=14 ed=2 dl=16 dr=14 cl=0 cr=0 ok=5039 fail=0 vofa=firewater rx=1300 txdrop=49752
1775108963.9801605,1775108963980160500,4842763991000,HB,1261087,0.0,1,2.704,1.111,16.0,15.0,1.0,13.0,13.0,13.0,13.0,16.0,15.0,0,0,,HB tick=1261087 run=1 ts=35.000 as=15.500 ta=0.000 aa=3.400 se=19.500 so=12.975 ae=-3.400 ao=-0.464 pwm=13 pc=13 hd=0 y=2.704 yr=1.111 L=13 R=13 OL=13 OR=13 el=16 er=15 ed=1 dl=16 dr=15 cl=0 cr=0 ok=5040 fail=0 vofa=firewater rx=1300 txdrop=49752
1775108964.1569293,1775108964156929200,4842940759200,HB,1261292,0.0,1,3.066,1.338,15.0,15.0,0.0,13.0,13.0,13.0,13.0,15.0,15.0,0,0,,HB tick=1261292 run=1 ts=35.000 as=15.000 ta=0.000 aa=3.400 se=20.000 so=13.326 ae=-3.400 ao=-0.464 pwm=13 pc=13 hd=0 y=3.066 yr=1.338 L=13 R=13 OL=13 OR=13 el=15 er=15 ed=0 dl=15 dr=15 cl=0 cr=0 ok=5041 fail=0 vofa=firewater rx=1300 txdrop=49752
1775108964.6128821,1775108964612882101,4843396712101,HB,1261689,0.0,1,1.849,-1.263,15.0,15.0,0.0,13.0,13.0,13.0,13.0,15.0,15.0,0,0,,HB tick=1261689 run=1 ts=35.000 as=15.000 ta=0.000 aa=3.596 se=20.000 so=13.419 ae=-3.596 ao=-0.457 pwm=13 pc=13 hd=0 y=1.849 yr=-1.263 L=13 R=13 OL=13 OR=13 el=15 er=15 ed=0 dl=15 dr=15 cl=0 cr=0 ok=5042 fail=0 vofa=firewater rx=1300 txdrop=49752
1775108964.767795,1775108964767795200,4843551625000,HB,1261899,0.0,1,1.134,-2.002,15.0,15.0,0.0,13.0,13.0,13.0,13.0,15.0,15.0,0,0,,HB tick=1261899 run=1 ts=35.000 as=15.000 ta=0.000 aa=2.545 se=20.000 so=13.469 ae=-2.545 ao=-0.242 pwm=13 pc=13 hd=0 y=1.134 yr=-2.002 L=13 R=13 OL=13 OR=13 el=15 er=15 ed=0 dl=15 dr=15 cl=0 cr=0 ok=5043 fail=0 vofa=firewater rx=1321 txdrop=49752
1775108964.9969177,1775108964996917700,4843780748600,HB,1262105,0.0,1,0.131,-3.013,15.0,15.0,0.0,14.0,14.0,14.0,14.0,15.0,15.0,0,0,,HB tick=1262105 run=1 ts=35.000 as=15.000 ta=0.000 aa=1.830 se=20.000 so=13.520 ae=-1.830 ao=-0.120 pwm=14 pc=14 hd=0 y=0.131 yr=-3.013 L=14 R=14 OL=14 OR=14 el=15 er=15 ed=0 dl=15 dr=15 cl=0 cr=0 ok=5044 fail=0 vofa=firewater rx=1321 txdrop=49752
1775108965.3610325,1775108965361032400,4844144862000,HB,1262497,0.0,1,-0.996,-2.921,15.0,16.0,-1.0,13.0,13.0,13.0,13.0,15.0,16.0,0,0,,HB tick=1262497 run=1 ts=35.000 as=15.500 ta=0.000 aa=0.253 se=19.500 so=13.312 ae=-0.253 ao=0.130 pwm=13 pc=13 hd=0 y=-0.996 yr=-2.921 L=13 R=13 OL=13 OR=13 el=15 er=16 ed=-1 dl=15 dr=16 cl=0 cr=0 ok=5045 fail=0 vofa=firewater rx=1321 txdrop=49752
1775108965.5888407,1775108965588840600,4844372670400,HB,1262702,0.0,1,-1.429,-2.637,15.0,16.0,-1.0,13.0,13.0,13.0,13.0,15.0,16.0,0,0,,HB tick=1262702 run=1 ts=35.000 as=15.500 ta=0.000 aa=-0.732 se=19.500 so=13.362 ae=0.732 ao=0.220 pwm=13 pc=13 hd=0 y=-1.429 yr=-2.637 L=13 R=13 OL=13 OR=13 el=15 er=16 ed=-1 dl=15 dr=16 cl=0 cr=0 ok=5046 fail=0 vofa=firewater rx=1321 txdrop=49752
1775108965.775142,1775108965775142000,4844558971800,HB,1262907,0.0,1,-2.06,-2.786,15.0,16.0,-1.0,13.0,13.0,13.0,13.0,15.0,16.0,0,0,,HB tick=1262907 run=1 ts=35.000 as=15.500 ta=0.000 aa=-0.732 se=19.500 so=13.410 ae=0.732 ao=0.220 pwm=13 pc=13 hd=0 y=-2.060 yr=-2.786 L=13 R=13 OL=13 OR=13 el=15 er=16 ed=-1 dl=15 dr=16 cl=0 cr=0 ok=5047 fail=0 vofa=firewater rx=1321 txdrop=49752
1775108966.0021758,1775108966002175800,4844786005600,HB,1263113,0.0,1,-2.523,-2.602,16.0,15.0,1.0,13.0,13.0,13.0,13.0,16.0,15.0,0,0,,HB tick=1263113 run=1 ts=35.000 as=15.500 ta=0.000 aa=-1.363 se=19.500 so=13.459 ae=1.363 ao=0.303 pwm=13 pc=13 hd=0 y=-2.523 yr=-2.602 L=13 R=13 OL=13 OR=13 el=16 er=15 ed=1 dl=16 dr=15 cl=0 cr=0 ok=5048 fail=0 vofa=firewater rx=1321 txdrop=49752
1775108966.1890485,1775108966189048700,4844972878600,HB,1263324,0.0,1,-3.017,-2.507,15.0,16.0,-1.0,14.0,14.0,14.0,14.0,15.0,16.0,0,0,,HB tick=1263324 run=1 ts=35.000 as=15.500 ta=0.000 aa=-1.827 se=19.500 so=13.509 ae=1.827 ao=0.349 pwm=14 pc=14 hd=0 y=-3.017 yr=-2.507 L=14 R=14 OL=14 OR=14 el=15 er=16 ed=-1 dl=15 dr=16 cl=0 cr=0 ok=5049 fail=0 vofa=firewater rx=1321 txdrop=49752
1775108966.7916934,1775108966791693600,4845575523300,HB,1263925,0.0,1,-4.557,-2.468,16.0,16.0,0.0,14.0,12.0,14.0,12.0,16.0,16.0,0,0,,HB tick=1263925 run=1 ts=35.000 as=16.000 ta=0.000 aa=-3.419 se=19.000 so=13.349 ae=3.419 ao=0.548 pwm=13 pc=13 hd=1 y=-4.557 yr=-2.468 L=14 R=12 OL=14 OR=12 el=16 er=16 ed=0 dl=16 dr=16 cl=0 cr=0 ok=5051 fail=0 vofa=firewater rx=1326 txdrop=49752
1775108967.3718028,1775108967371802900,4846155632500,HB,1264489,0.0,1,0.504,0.461,3.0,2.0,1.0,6.0,6.0,6.0,6.0,3.0,2.0,0,0,,HB tick=1264489 run=1 ts=11.936 as=2.500 ta=0.000 aa=0.158 se=9.436 so=5.689 ae=-0.158 ao=-0.037 pwm=6 pc=6 hd=0 y=0.504 yr=0.461 L=6 R=6 OL=6 OR=6 el=3 er=2 ed=1 dl=3 dr=2 cl=0 cr=0 ok=5052 fail=0 vofa=firewater rx=1326 txdrop=49752
1775108967.579093,1775108967579092900,4846362922700,HB,1264722,0.0,1,1.431,1.686,4.0,3.0,1.0,7.0,7.0,7.0,7.0,4.0,3.0,0,0,,HB tick=1264722 run=1 ts=14.816 as=3.500 ta=0.000 aa=0.277 se=11.316 so=6.847 ae=-0.277 ao=-0.056 pwm=7 pc=7 hd=0 y=1.431 yr=1.686 L=7 R=7 OL=7 OR=7 el=4 er=3 ed=1 dl=4 dr=3 cl=0 cr=0 ok=5053 fail=0 vofa=firewater rx=1326 txdrop=49752
1775108967.8176086,1775108967817608700,4846601438900,HB,1264927,0.0,1,2.102,2.247,5.0,4.0,1.0,8.0,8.0,8.0,8.0,5.0,4.0,0,0,,HB tick=1264927 run=1 ts=17.216 as=4.500 ta=0.000 aa=1.204 se=12.716 so=7.715 ae=-1.204 ao=-0.229 pwm=8 pc=8 hd=0 y=2.102 yr=2.247 L=8 R=8 OL=8 OR=8 el=5 er=4 ed=1 dl=5 dr=4 cl=0 cr=0 ok=5054 fail=0 vofa=firewater rx=1326 txdrop=49752
1775108967.994553,1775108967994553100,4846778382800,HB,1265137,0.0,1,2.932,2.838,7.0,7.0,0.0,8.0,8.0,8.0,8.0,7.0,7.0,0,0,,HB tick=1265137 run=1 ts=19.736 as=7.000 ta=0.000 aa=1.875 se=12.736 so=7.759 ae=-1.875 ao=-0.337 pwm=8 pc=8 hd=0 y=2.932 yr=2.838 L=8 R=8 OL=8 OR=8 el=7 er=7 ed=0 dl=7 dr=7 cl=0 cr=0 ok=5055 fail=0 vofa=firewater rx=1326 txdrop=49752
1775108968.2231858,1775108968223185600,4847007015400,HB,1265343,0.0,1,4.063,3.775,9.0,8.0,1.0,8.0,8.0,8.0,8.0,9.0,8.0,0,0,,HB tick=1265343 run=1 ts=22.256 as=8.500 ta=0.000 aa=2.705 se=13.756 so=8.405 ae=-2.705 ao=-0.466 pwm=8 pc=8 hd=0 y=4.063 yr=3.775 L=8 R=8 OL=8 OR=8 el=9 er=8 ed=1 dl=9 dr=8 cl=0 cr=0 ok=5056 fail=0 vofa=firewater rx=1326 txdrop=49752
1775108968.3683412,1775108968368341300,4847152171200,HB,1265505,3671.0,1,4.974,4.41,9.0,9.0,0.0,8.0,10.0,8.0,10.0,9.0,9.0,0,0,,HB tick=1265505 exp_id=240 t_ms=3671 run=1 ts=24.176 as=9.000 ta=0.000 aa=3.836 se=15.176 so=9.286 ae=-3.836 ao=-0.649 pwm=9 pc=9 hd=-1 y=4.974 yr=4.410 L=8 R=10 OL=8 OR=10 el=9 er=9 ed=0 dl=9 dr=9 cl=0 cr=0 ok=5057 fail=0 vofa=firewater rx=1340 txdrop=49752
1775108968.6063585,1775108968606358400,4847390188500,HB,1265737,3903.0,1,5.789,4.096,9.0,11.0,-2.0,9.0,11.0,9.0,11.0,9.0,11.0,0,0,,HB tick=1265737 exp_id=240 t_ms=3903 run=1 ts=26.936 as=10.000 ta=0.000 aa=4.747 se=16.936 so=10.387 ae=-4.747 ao=-0.790 pwm=10 pc=10 hd=-1 y=5.789 yr=4.096 L=9 R=11 OL=9 OR=11 el=9 er=11 ed=-2 dl=9 dr=11 cl=0 cr=0 ok=5058 fail=0 vofa=firewater rx=1340 txdrop=49752
1775108968.8147542,1775108968814754200,4847598583900,HB,1265942,4108.0,1,5.37,1.947,11.0,11.0,0.0,10.0,12.0,10.0,12.0,11.0,11.0,0,0,,HB tick=1265942 exp_id=240 t_ms=4108 run=1 ts=29.456 as=11.000 ta=0.000 aa=5.562 se=18.456 so=11.343 ae=-5.562 ao=-0.872 pwm=11 pc=11 hd=-1 y=5.370 yr=1.947 L=10 R=12 OL=10 OR=12 el=11 er=11 ed=0 dl=11 dr=11 cl=0 cr=0 ok=5059 fail=0 vofa=firewater rx=1340 txdrop=49752
1775108969.011659,1775108969011659100,4847795489100,HB,1266146,4312.0,1,4.812,0.307,12.0,12.0,0.0,11.0,13.0,11.0,13.0,12.0,12.0,0,0,,HB tick=1266146 exp_id=240 t_ms=4312 run=1 ts=31.856 as=12.000 ta=0.000 aa=5.143 se=19.856 so=12.229 ae=-5.143 ao=-0.715 pwm=12 pc=12 hd=-1 y=4.812 yr=0.307 L=11 R=13 OL=11 OR=13 el=12 er=12 ed=0 dl=12 dr=12 cl=0 cr=0 ok=5060 fail=0 vofa=firewater rx=1340 txdrop=49752
1775108969.2402556,1775108969240255600,4848024087900,HB,1266372,4538.0,1,3.607,-1.665,13.0,14.0,-1.0,12.0,14.0,12.0,14.0,13.0,14.0,0,0,,HB tick=1266372 exp_id=240 t_ms=4538 run=1 ts=34.616 as=13.500 ta=0.000 aa=4.584 se=21.116 so=13.040 ae=-4.584 ao=-0.565 pwm=13 pc=13 hd=-1 y=3.607 yr=-1.665 L=12 R=14 OL=12 OR=14 el=13 er=14 ed=-1 dl=13 dr=14 cl=0 cr=0 ok=5061 fail=0 vofa=firewater rx=1340 txdrop=49752
1775108969.4576705,1775108969457670400,4848241500400,HB,1266571,4737.0,1,3.311,-1.603,14.0,14.0,0.0,13.0,13.0,13.0,13.0,14.0,14.0,0,0,,HB tick=1266571 exp_id=240 t_ms=4737 run=1 ts=35.000 as=14.000 ta=0.000 aa=3.380 se=21.000 so=13.020 ae=-3.380 ao=-0.322 pwm=13 pc=13 hd=0 y=3.311 yr=-1.603 L=13 R=13 OL=13 OR=13 el=14 er=14 ed=0 dl=14 dr=14 cl=0 cr=0 ok=5062 fail=0 vofa=firewater rx=1340 txdrop=49752
1775108969.6434462,1775108969643446400,4848427277000,HB,1266776,4942.0,1,2.731,-2.033,14.0,14.0,0.0,13.0,13.0,13.0,13.0,14.0,14.0,0,0,,HB tick=1266776 exp_id=240 t_ms=4942 run=1 ts=35.000 as=14.000 ta=0.000 aa=3.084 se=21.000 so=13.070 ae=-3.084 ao=-0.290 pwm=13 pc=13 hd=0 y=2.731 yr=-2.033 L=13 R=13 OL=13 OR=13 el=14 er=14 ed=0 dl=14 dr=14 cl=0 cr=0 ok=5063 fail=0 vofa=firewater rx=1354 txdrop=49752
1775108969.851008,1775108969851007900,4848634837800,HB,1266981,5147.0,1,2.046,-2.49,14.0,13.0,1.0,13.0,13.0,13.0,13.0,14.0,13.0,0,0,,HB tick=1266981 exp_id=240 t_ms=5147 run=1 ts=35.000 as=13.500 ta=0.000 aa=2.504 se=21.500 so=13.422 ae=-2.504 ao=-0.199 pwm=13 pc=13 hd=0 y=2.046 yr=-2.490 L=13 R=13 OL=13 OR=13 el=14 er=13 ed=1 dl=14 dr=13 cl=0 cr=0 ok=5064 fail=0 vofa=firewater rx=1354 txdrop=49752
1775108970.0485156,1775108970048515700,4848832345400,HB,1267185,5351.0,1,1.906,-1.859,15.0,14.0,1.0,13.0,13.0,13.0,13.0,15.0,14.0,0,0,,HB tick=1267185 exp_id=240 t_ms=5351 run=1 ts=35.000 as=14.500 ta=0.000 aa=1.819 se=20.500 so=12.872 ae=-1.819 ao=-0.094 pwm=13 pc=13 hd=0 y=1.906 yr=-1.859 L=13 R=13 OL=13 OR=13 el=15 er=14 ed=1 dl=15 dr=14 cl=0 cr=0 ok=5065 fail=0 vofa=firewater rx=1354 txdrop=49752
1775108970.2554824,1775108970255482300,4849039313100,HB,1267395,5561.0,1,1.593,-1.731,14.0,15.0,-1.0,13.0,13.0,13.0,13.0,14.0,15.0,0,0,,HB tick=1267395 exp_id=240 t_ms=5561 run=1 ts=35.000 as=14.500 ta=0.000 aa=1.679 se=20.500 so=12.924 ae=-1.679 ao=-0.108 pwm=13 pc=13 hd=0 y=1.593 yr=-1.731 L=13 R=13 OL=13 OR=13 el=14 er=15 ed=-1 dl=14 dr=15 cl=0 cr=0 ok=5066 fail=0 vofa=firewater rx=1354 txdrop=49752
1775108970.4639003,1775108970463900300,4849247730200,HB,1267599,5765.0,1,1.188,-1.819,15.0,14.0,1.0,13.0,13.0,13.0,13.0,15.0,14.0,0,0,,HB tick=1267599 exp_id=240 t_ms=5765 run=1 ts=35.000 as=14.500 ta=0.000 aa=1.366 se=20.500 so=12.973 ae=-1.366 ao=-0.077 pwm=13 pc=13 hd=0 y=1.188 yr=-1.819 L=13 R=13 OL=13 OR=13 el=15 er=14 ed=1 dl=15 dr=14 cl=0 cr=0 ok=5067 fail=0 vofa=firewater rx=1354 txdrop=49752
1775108970.8261387,1775108970826138600,4849609968200,STAT,1267948,6113.0,1,1.028436,-1.456537,15.0,15.0,0.0,13.0,13.0,13.0,13.0,15.0,15.0,0,0,,STAT tick=1267948 exp_id=240 t_ms=6113 run=1 ts=35.000000 as=15.000000 ta=0.000000 aa=0.801167 se=20.000000 so=12.759553 ae=-0.801167 ao=-0.023313 pwm=13 pc=13 hd=0 y=1.028436 p=-0.452891 r=5.454241 yr=-1.456537 ax=0 ay=0 az=0 gx=0 gy=0 gz=0 who=0x85 addr=0x4A icm_ok=6355 icm_fail=0 L=13 R=13 OL=13 OR=13 el=15 er=15 ed=0 dl=15 dr=15 cl=0 cr=0 skp=0.600000 ski=0.012000 skd=0.000000 akp=0.120000 aki=0.000000 akd=0.050000 ok=5069 fail=0 rx=1360 txdrop=49752
1775108970.878467,1775108970878467100,4849662296800,HB,1268016,6182.0,1,0.889,-1.176,14.0,15.0,-1.0,13.0,13.0,13.0,13.0,14.0,15.0,0,0,,HB tick=1268016 exp_id=240 t_ms=6182 run=1 ts=35.000 as=14.500 ta=0.000 aa=0.801 se=20.500 so=13.077 ae=-0.801 ao=-0.023 pwm=13 pc=13 hd=0 y=0.889 yr=-1.176 L=13 R=13 OL=13 OR=13 el=14 er=15 ed=-1 dl=14 dr=15 cl=0 cr=0 ok=5069 fail=0 vofa=firewater rx=1360 txdrop=49752
1775108971.0854633,1775108971085463200,4849869293400,HB,1268221,6387.0,1,0.624,-1.216,14.0,14.0,0.0,13.0,13.0,13.0,13.0,14.0,14.0,0,0,,HB tick=1268221 exp_id=240 t_ms=6387 run=1 ts=35.000 as=14.000 ta=0.000 aa=0.662 se=21.000 so=13.429 ae=-0.662 ao=-0.021 pwm=13 pc=13 hd=0 y=0.624 yr=-1.216 L=13 R=13 OL=13 OR=13 el=14 er=14 ed=0 dl=14 dr=14 cl=0 cr=0 ok=5070 fail=0 vofa=firewater rx=1360 txdrop=49752
1775108971.2929735,1775108971292973600,4850076803900,HB,1268425,6591.0,1,0.091,-1.706,14.0,14.0,0.0,13.0,13.0,13.0,13.0,14.0,14.0,0,0,,HB tick=1268425 exp_id=240 t_ms=6591 run=1 ts=35.000 as=14.000 ta=0.000 aa=0.397 se=21.000 so=13.479 ae=-0.397 ao=0.013 pwm=13 pc=13 hd=0 y=0.091 yr=-1.706 L=13 R=13 OL=13 OR=13 el=14 er=14 ed=0 dl=14 dr=14 cl=0 cr=0 ok=5071 fail=0 vofa=firewater rx=1360 txdrop=49752
1775108971.501708,1775108971501708000,4850285539300,HB,1268634,6800.0,1,-0.102,-1.431,15.0,14.0,1.0,13.0,13.0,13.0,13.0,15.0,14.0,0,0,,HB tick=1268634 exp_id=240 t_ms=6800 run=1 ts=35.000 as=14.500 ta=0.000 aa=-0.137 se=20.500 so=13.230 ae=0.137 ao=0.102 pwm=13 pc=13 hd=0 y=-0.102 yr=-1.431 L=13 R=13 OL=13 OR=13 el=15 er=14 ed=1 dl=15 dr=14 cl=0 cr=0 ok=5072 fail=0 vofa=firewater rx=1360 txdrop=49752
1775108971.6991322,1775108971699132200,4850482961900,HB,1268839,7005.0,1,-0.661,-1.885,14.0,14.0,0.0,14.0,14.0,14.0,14.0,14.0,14.0,0,0,,HB tick=1268839 exp_id=240 t_ms=7005 run=1 ts=35.000 as=14.000 ta=0.000 aa=-0.329 se=21.000 so=13.579 ae=0.329 ao=0.111 pwm=14 pc=14 hd=0 y=-0.661 yr=-1.885 L=14 R=14 OL=14 OR=14 el=14 er=14 ed=0 dl=14 dr=14 cl=0 cr=0 ok=5073 fail=0 vofa=firewater rx=1360 txdrop=49752
1775108971.905319,1775108971905318900,4850689148700,HB,1269043,7209.0,1,-1.02,-1.841,15.0,15.0,0.0,13.0,13.0,13.0,13.0,15.0,15.0,0,0,,HB tick=1269043 exp_id=240 t_ms=7209 run=1 ts=35.000 as=15.000 ta=0.000 aa=-0.888 se=20.000 so=13.031 ae=0.888 ao=0.201 pwm=13 pc=13 hd=0 y=-1.020 yr=-1.841 L=13 R=13 OL=13 OR=13 el=15 er=15 ed=0 dl=15 dr=15 cl=0 cr=0 ok=5074 fail=0 vofa=firewater rx=1360 txdrop=49752
1775108972.112614,1775108972112613800,4850896443500,HB,1269248,7414.0,1,-1.655,-2.28,15.0,14.0,1.0,13.0,13.0,13.0,13.0,15.0,14.0,0,0,,HB tick=1269248 exp_id=240 t_ms=7414 run=1 ts=35.000 as=14.500 ta=0.000 aa=-1.247 se=20.500 so=13.380 ae=1.247 ao=0.242 pwm=13 pc=13 hd=0 y=-1.655 yr=-2.280 L=13 R=13 OL=13 OR=13 el=15 er=14 ed=1 dl=15 dr=14 cl=0 cr=0 ok=5075 fail=0 vofa=firewater rx=1360 txdrop=49752
1775108972.2786593,1775108972278659300,4851062489200,HB,1269413,7579.0,1,-1.794,-1.779,15.0,16.0,-1.0,13.0,13.0,13.0,13.0,15.0,16.0,0,0,,HB tick=1269413 exp_id=240 t_ms=7579 run=1 ts=35.000 as=15.500 ta=0.000 aa=-1.882 se=19.500 so=12.821 ae=1.882 ao=0.340 pwm=13 pc=13 hd=0 y=-1.794 yr=-1.779 L=13 R=13 OL=13 OR=13 el=15 er=16 ed=-1 dl=15 dr=16 cl=0 cr=0 ok=5076 fail=0 vofa=firewater rx=1360 txdrop=49752
1775108972.5065827,1775108972506582700,4851290412300,HB,1269645,7811.0,1,-2.29,-1.904,14.0,14.0,0.0,14.0,14.0,14.0,14.0,14.0,14.0,0,0,,HB tick=1269645 exp_id=240 t_ms=7811 run=1 ts=35.000 as=14.000 ta=0.000 aa=-2.022 se=21.000 so=13.778 ae=2.022 ao=0.332 pwm=14 pc=14 hd=0 y=-2.290 yr=-1.904 L=14 R=14 OL=14 OR=14 el=14 er=14 ed=0 dl=14 dr=14 cl=0 cr=0 ok=5077 fail=0 vofa=firewater rx=1360 txdrop=49752
1775108972.7236893,1775108972723689300,4851507519300,HB,1269855,8021.0,1,-2.651,-1.839,14.0,15.0,-1.0,14.0,14.0,14.0,14.0,14.0,15.0,0,0,,HB tick=1269855 exp_id=240 t_ms=8021 run=1 ts=35.000 as=14.500 ta=0.000 aa=-2.517 se=20.500 so=13.529 ae=2.517 ao=0.397 pwm=14 pc=14 hd=0 y=-2.651 yr=-1.839 L=14 R=14 OL=14 OR=14 el=14 er=15 ed=-1 dl=14 dr=15 cl=0 cr=0 ok=5078 fail=0 vofa=firewater rx=1360 txdrop=49752
1775108972.9202142,1775108972920214300,4851704044300,HB,1270060,8226.0,1,-2.976,-1.75,15.0,15.0,0.0,13.0,13.0,13.0,13.0,15.0,15.0,0,0,,HB tick=1270060 exp_id=240 t_ms=8226 run=1 ts=35.000 as=15.000 ta=0.000 aa=-2.878 se=20.000 so=13.279 ae=2.878 ao=0.437 pwm=13 pc=13 hd=0 y=-2.976 yr=-1.750 L=13 R=13 OL=13 OR=13 el=15 er=15 ed=0 dl=15 dr=15 cl=0 cr=0 ok=5079 fail=0 vofa=firewater rx=1360 txdrop=49752
1775108973.127916,1775108973127916000,4851911745900,HB,1270264,8430.0,1,-3.176,-1.482,15.0,15.0,0.0,13.0,13.0,13.0,13.0,15.0,15.0,0,0,,HB tick=1270264 exp_id=240 t_ms=8430 run=1 ts=35.000 as=15.000 ta=0.000 aa=-3.203 se=20.000 so=13.327 ae=3.203 ao=0.472 pwm=13 pc=13 hd=0 y=-3.176 yr=-1.482 L=13 R=13 OL=13 OR=13 el=15 er=15 ed=0 dl=15 dr=15 cl=0 cr=0 ok=5080 fail=0 vofa=firewater rx=1360 txdrop=49752
1775108973.3368745,1775108973336874600,4852120704700,HB,1270473,8639.0,1,-3.543,-1.576,15.0,14.0,1.0,14.0,14.0,14.0,14.0,15.0,14.0,0,0,,HB tick=1270473 exp_id=240 t_ms=8639 run=1 ts=35.000 as=14.500 ta=0.000 aa=-3.404 se=20.500 so=13.678 ae=3.404 ao=0.483 pwm=14 pc=14 hd=0 y=-3.543 yr=-1.576 L=14 R=14 OL=14 OR=14 el=15 er=14 ed=1 dl=15 dr=14 cl=0 cr=0 ok=5081 fail=0 vofa=firewater rx=1360 txdrop=49752
1775108973.5441675,1775108973544167300,4852327997300,HB,1270678,8844.0,1,-3.728,-1.341,15.0,14.0,1.0,15.0,13.0,15.0,13.0,15.0,14.0,0,0,,HB tick=1270678 exp_id=240 t_ms=8844 run=1 ts=35.000 as=14.500 ta=0.000 aa=-3.770 se=20.500 so=13.726 ae=3.770 ao=0.531 pwm=14 pc=14 hd=1 y=-3.728 yr=-1.341 L=15 R=13 OL=15 OR=13 el=15 er=14 ed=1 dl=15 dr=14 cl=0 cr=0 ok=5082 fail=0 vofa=firewater rx=1360 txdrop=49752
1775108973.7513013,1775108973751301300,4852535131000,HB,1270882,9048.0,1,-2.37,1.459,16.0,15.0,1.0,14.0,12.0,14.0,12.0,16.0,15.0,0,0,,HB tick=1270882 exp_id=240 t_ms=9048 run=1 ts=35.000 as=15.500 ta=0.000 aa=-3.955 se=19.500 so=13.176 ae=3.955 ao=0.542 pwm=13 pc=13 hd=1 y=-2.370 yr=1.459 L=14 R=12 OL=14 OR=12 el=16 er=15 ed=1 dl=16 dr=15 cl=0 cr=0 ok=5083 fail=0 vofa=firewater rx=1360 txdrop=49752
1775108973.9580388,1775108973958038800,4852741868800,HB,1271087,9253.0,1,-0.638,3.905,13.0,17.0,-4.0,14.0,14.0,14.0,14.0,13.0,17.0,0,0,,HB tick=1271087 exp_id=240 t_ms=9253 run=1 ts=35.000 as=15.000 ta=0.000 aa=-2.597 se=20.000 so=13.528 ae=2.597 ao=0.239 pwm=14 pc=14 hd=0 y=-0.638 yr=3.905 L=14 R=14 OL=14 OR=14 el=13 er=17 ed=-4 dl=13 dr=17 cl=0 cr=0 ok=5084 fail=0 vofa=firewater rx=1360 txdrop=49752
1775108974.1144028,1775108974114402700,4852898232400,HB,1271252,9418.0,1,-4.468,-5.587,15.0,15.0,0.0,14.0,14.0,14.0,14.0,15.0,15.0,0,0,,HB tick=1271252 exp_id=240 t_ms=9418 run=1 ts=35.000 as=15.000 ta=0.000 aa=-0.865 se=20.000 so=13.567 ae=0.865 ao=-0.091 pwm=14 pc=14 hd=0 y=-4.468 yr=-5.587 L=14 R=14 OL=14 OR=14 el=15 er=15 ed=0 dl=15 dr=15 cl=0 cr=0 ok=5085 fail=0 vofa=firewater rx=1360 txdrop=49752
1775108974.3515916,1775108974351591600,4853135421600,HB,1271484,9650.0,1,-6.656,-6.933,16.0,15.0,1.0,14.0,12.0,14.0,12.0,16.0,15.0,0,0,,HB tick=1271484 exp_id=240 t_ms=9650 run=1 ts=35.000 as=15.500 ta=0.000 aa=-4.696 se=19.500 so=13.321 ae=4.696 ao=0.843 pwm=13 pc=13 hd=1 y=-6.656 yr=-6.933 L=14 R=12 OL=14 OR=12 el=16 er=15 ed=1 dl=16 dr=15 cl=0 cr=0 ok=5086 fail=0 vofa=firewater rx=1360 txdrop=49752
1775108974.558815,1775108974558814900,4853342646600,HB,1271693,9859.0,1,-5.692,-2.892,16.0,15.0,1.0,14.0,12.0,14.0,12.0,16.0,15.0,0,0,,HB tick=1271693 exp_id=240 t_ms=9859 run=1 ts=35.000 as=15.500 ta=0.000 aa=-6.884 se=19.500 so=13.371 ae=6.884 ao=1.173 pwm=13 pc=13 hd=1 y=-5.692 yr=-2.892 L=14 R=12 OL=14 OR=12 el=16 er=15 ed=1 dl=16 dr=15 cl=0 cr=0 ok=5087 fail=0 vofa=firewater rx=1360 txdrop=49752
1775108974.7662144,1775108974766214400,4853550044100,HB,1271898,10064.0,1,-4.422,0.289,16.0,16.0,0.0,14.0,12.0,14.0,12.0,16.0,16.0,0,0,,HB tick=1271898 exp_id=240 t_ms=10064 run=1 ts=35.000 as=16.000 ta=0.000 aa=-5.920 se=19.000 so=13.118 ae=5.920 ao=0.855 pwm=13 pc=13 hd=1 y=-4.422 yr=0.289 L=14 R=12 OL=14 OR=12 el=16 er=16 ed=0 dl=16 dr=16 cl=0 cr=0 ok=5088 fail=0 vofa=firewater rx=1360 txdrop=49752
1775108974.9737072,1775108974973707300,4853757537000,HB,1272103,10269.0,1,-3.029,2.567,17.0,15.0,2.0,14.0,12.0,14.0,12.0,17.0,15.0,0,0,,HB tick=1272103 exp_id=240 t_ms=10269 run=1 ts=35.000 as=16.000 ta=0.000 aa=-4.649 se=19.000 so=13.168 ae=4.649 ao=0.543 pwm=13 pc=13 hd=1 y=-3.029 yr=2.567 L=14 R=12 OL=14 OR=12 el=17 er=15 ed=2 dl=17 dr=15 cl=0 cr=0 ok=5089 fail=0 vofa=firewater rx=1360 txdrop=49752
1775108975.1708474,1775108975170847500,4853954678800,HB,1272312,10478.0,1,-0.898,5.236,16.0,15.0,1.0,14.0,14.0,14.0,14.0,16.0,15.0,0,0,,HB tick=1272312 exp_id=240 t_ms=10478 run=1 ts=35.000 as=15.500 ta=0.000 aa=-3.256 se=19.500 so=13.517 ae=3.256 ao=0.262 pwm=14 pc=14 hd=0 y=-0.898 yr=5.236 L=14 R=14 OL=14 OR=14 el=16 er=15 ed=1 dl=16 dr=15 cl=0 cr=0 ok=5090 fail=0 vofa=firewater rx=1360 txdrop=49752
1775108975.3783004,1775108975378300500,4854162130100,HB,1272517,10683.0,1,0.968,6.59,16.0,16.0,0.0,13.0,13.0,13.0,13.0,16.0,16.0,0,0,,HB tick=1272517 exp_id=240 t_ms=10683 run=1 ts=35.000 as=16.000 ta=0.000 aa=-1.126 se=19.000 so=13.264 ae=1.126 ao=-0.127 pwm=13 pc=13 hd=0 y=0.968 yr=6.590 L=13 R=13 OL=13 OR=13 el=16 er=16 ed=0 dl=16 dr=16 cl=0 cr=0 ok=5091 fail=0 vofa=firewater rx=1360 txdrop=49752
1775108975.584754,1775108975584753800,4854368583500,HB,1272721,10887.0,1,1.834,5.768,15.0,15.0,0.0,14.0,14.0,14.0,14.0,15.0,15.0,0,0,,HB tick=1272721 exp_id=240 t_ms=10887 run=1 ts=35.000 as=15.000 ta=0.000 aa=0.741 se=20.000 so=13.913 ae=-0.741 ao=-0.418 pwm=14 pc=14 hd=0 y=1.834 yr=5.768 L=14 R=14 OL=14 OR=14 el=15 er=15 ed=0 dl=15 dr=15 cl=0 cr=0 ok=5092 fail=0 vofa=firewater rx=1360 txdrop=49752
1775108975.750692,1775108975750691800,4854534521700,HB,1272882,11048.0,1,2.853,5.965,16.0,16.0,0.0,13.0,13.0,13.0,13.0,16.0,16.0,0,0,,HB tick=1272882 exp_id=240 t_ms=11048 run=1 ts=35.000 as=16.000 ta=0.000 aa=1.606 se=19.000 so=13.350 ae=-1.606 ao=-0.481 pwm=13 pc=13 hd=0 y=2.853 yr=5.965 L=13 R=13 OL=13 OR=13 el=16 er=16 ed=0 dl=16 dr=16 cl=0 cr=0 ok=5093 fail=0 vofa=firewater rx=1360 txdrop=49752
1775108975.978771,1775108975978771000,4854762600900,HB,1273114,11280.0,1,3.688,5.137,15.0,17.0,-2.0,12.0,14.0,12.0,14.0,15.0,17.0,0,0,,HB tick=1273114 exp_id=240 t_ms=11280 run=1 ts=35.000 as=16.000 ta=0.000 aa=2.625 se=19.000 so=13.404 ae=-2.625 ao=-0.613 pwm=13 pc=13 hd=-1 y=3.688 yr=5.137 L=12 R=14 OL=12 OR=14 el=15 er=17 ed=-2 dl=15 dr=17 cl=0 cr=0 ok=5094 fail=0 vofa=firewater rx=1360 txdrop=49752
1775108976.134059,1775108976134058900,4854917888600,HB,1273275,11441.0,1,3.631,3.215,15.0,15.0,0.0,13.0,15.0,13.0,15.0,15.0,15.0,0,0,,HB tick=1273275 exp_id=240 t_ms=11441 run=1 ts=35.000 as=15.000 ta=0.000 aa=3.461 se=20.000 so=14.041 ae=-3.461 ao=-0.672 pwm=14 pc=14 hd=-1 y=3.631 yr=3.215 L=13 R=15 OL=13 OR=15 el=15 er=15 ed=0 dl=15 dr=15 cl=0 cr=0 ok=5095 fail=0 vofa=firewater rx=1360 txdrop=49752
1775108976.3715851,1775108976371584900,4855155414600,HB,1273507,11673.0,1,2.806,0.846,15.0,16.0,-1.0,13.0,15.0,13.0,15.0,15.0,16.0,0,0,,HB tick=1273507 exp_id=240 t_ms=11673 run=1 ts=35.000 as=15.500 ta=0.000 aa=3.404 se=19.500 so=13.795 ae=-3.404 ao=-0.569 pwm=14 pc=14 hd=-1 y=2.806 yr=0.846 L=13 R=15 OL=13 OR=15 el=15 er=16 ed=-1 dl=15 dr=16 cl=0 cr=0 ok=5096 fail=0 vofa=firewater rx=1360 txdrop=49752
1775108976.5790699,1775108976579069900,4855362899800,HB,1273715,11881.0,1,1.859,-1.044,15.0,16.0,-1.0,14.0,14.0,14.0,14.0,15.0,16.0,0,0,,HB tick=1273715 exp_id=240 t_ms=11881 run=1 ts=35.000 as=15.500 ta=0.000 aa=2.579 se=19.500 so=13.843 ae=-2.579 ao=-0.352 pwm=14 pc=14 hd=0 y=1.859 yr=-1.044 L=14 R=14 OL=14 OR=14 el=15 er=16 ed=-1 dl=15 dr=16 cl=0 cr=0 ok=5097 fail=0 vofa=firewater rx=1360 txdrop=49752
1775108976.7854257,1775108976785425600,4855569255500,HB,1273920,12086.0,1,1.213,-1.782,16.0,16.0,0.0,13.0,13.0,13.0,13.0,16.0,16.0,0,0,,HB tick=1273920 exp_id=240 t_ms=12086 run=1 ts=35.000 as=16.000 ta=0.000 aa=1.632 se=19.000 so=13.591 ae=-1.632 ao=-0.144 pwm=13 pc=13 hd=0 y=1.213 yr=-1.782 L=13 R=13 OL=13 OR=13 el=16 er=16 ed=0 dl=16 dr=16 cl=0 cr=0 ok=5098 fail=0 vofa=firewater rx=1360 txdrop=49752
1775108976.9409354,1775108976940935500,4855724765300,HB,1274081,12247.0,1,0.663,-2.354,15.0,16.0,-1.0,14.0,14.0,14.0,14.0,15.0,16.0,0,0,,HB tick=1274081 exp_id=240 t_ms=12247 run=1 ts=35.000 as=15.500 ta=0.000 aa=0.985 se=19.500 so=13.928 ae=-0.985 ao=-0.029 pwm=14 pc=14 hd=0 y=0.663 yr=-2.354 L=14 R=14 OL=14 OR=14 el=15 er=16 ed=-1 dl=15 dr=16 cl=0 cr=0 ok=5099 fail=0 vofa=firewater rx=1360 txdrop=49752
1775108977.178613,1775108977178612900,4855962442700,HB,1274313,12479.0,1,0.526,-1.737,16.0,16.0,0.0,14.0,14.0,14.0,14.0,16.0,16.0,0,0,,HB tick=1274313 exp_id=240 t_ms=12479 run=1 ts=35.000 as=16.000 ta=0.000 aa=0.435 se=19.000 so=13.680 ae=-0.435 ao=0.065 pwm=14 pc=14 hd=0 y=0.526 yr=-1.737 L=14 R=14 OL=14 OR=14 el=16 er=16 ed=0 dl=16 dr=16 cl=0 cr=0 ok=5100 fail=0 vofa=firewater rx=1360 txdrop=49752
1775108977.3865776,1775108977386577600,4856170408100,HB,1274518,12684.0,1,0.247,-1.605,16.0,16.0,0.0,14.0,14.0,14.0,14.0,16.0,16.0,0,0,,HB tick=1274518 exp_id=240 t_ms=12684 run=1 ts=35.000 as=16.000 ta=0.000 aa=0.298 se=19.000 so=13.726 ae=-0.298 ao=0.051 pwm=14 pc=14 hd=0 y=0.247 yr=-1.605 L=14 R=14 OL=14 OR=14 el=16 er=16 ed=0 dl=16 dr=16 cl=0 cr=0 ok=5101 fail=0 vofa=firewater rx=1360 txdrop=49752
1775108977.5838096,1775108977583809600,4856367639900,HB,1274722,12888.0,1,0.135,-1.235,15.0,16.0,-1.0,14.0,14.0,14.0,14.0,15.0,16.0,0,0,,HB tick=1274722 exp_id=240 t_ms=12888 run=1 ts=35.000 as=15.500 ta=0.000 aa=0.020 se=19.500 so=14.074 ae=-0.020 ao=0.078 pwm=14 pc=14 hd=0 y=0.135 yr=-1.235 L=14 R=14 OL=14 OR=14 el=15 er=16 ed=-1 dl=15 dr=16 cl=0 cr=0 ok=5102 fail=0 vofa=firewater rx=1360 txdrop=49752
1775108977.8116627,1775108977811662700,4856595492300,HB,1274947,13113.0,1,-0.005,-1.021,15.0,15.0,0.0,14.0,14.0,14.0,14.0,15.0,15.0,0,0,,HB tick=1274947 exp_id=240 t_ms=13113 run=1 ts=35.000 as=15.000 ta=0.000 aa=-0.092 se=20.000 so=14.424 ae=0.092 ao=0.073 pwm=14 pc=14 hd=0 y=-0.005 yr=-1.021 L=14 R=14 OL=14 OR=14 el=15 er=15 ed=0 dl=15 dr=15 cl=0 cr=0 ok=5103 fail=0 vofa=firewater rx=1360 txdrop=49752
1775108978.0084972,1775108978008497100,4856792327000,HB,1275148,13314.0,1,-0.104,-0.836,16.0,16.0,0.0,14.0,14.0,14.0,14.0,16.0,16.0,0,0,,HB tick=1275148 exp_id=240 t_ms=13314 run=1 ts=35.000 as=16.000 ta=0.000 aa=-0.232 se=19.000 so=13.870 ae=0.232 ao=0.079 pwm=14 pc=14 hd=0 y=-0.104 yr=-0.836 L=14 R=14 OL=14 OR=14 el=16 er=16 ed=0 dl=16 dr=16 cl=0 cr=0 ok=5104 fail=0 vofa=firewater rx=1360 txdrop=49752
1775108978.2167478,1775108978216747700,4857000577500,HB,1275352,13518.0,1,-0.23,-0.759,16.0,15.0,1.0,14.0,14.0,14.0,14.0,16.0,15.0,0,0,,HB tick=1275352 exp_id=240 t_ms=13518 run=1 ts=35.000 as=15.500 ta=0.000 aa=-0.331 se=19.500 so=14.219 ae=0.331 ao=0.082 pwm=14 pc=14 hd=0 y=-0.230 yr=-0.759 L=14 R=14 OL=14 OR=14 el=16 er=15 ed=1 dl=16 dr=15 cl=0 cr=0 ok=5105 fail=0 vofa=firewater rx=1360 txdrop=49752
1775108978.4227805,1775108978422780300,4857206610400,HB,1275557,13723.0,1,-0.287,-0.592,16.0,16.0,0.0,14.0,14.0,14.0,14.0,16.0,16.0,0,0,,HB tick=1275557 exp_id=240 t_ms=13723 run=1 ts=35.000 as=16.000 ta=0.000 aa=-0.457 se=19.000 so=13.965 ae=0.457 ao=0.093 pwm=14 pc=14 hd=0 y=-0.287 yr=-0.592 L=14 R=14 OL=14 OR=14 el=16 er=16 ed=0 dl=16 dr=16 cl=0 cr=0 ok=5106 fail=0 vofa=firewater rx=1360 txdrop=49752
1775108978.6299016,1775108978629901600,4857413731700,HB,1275761,13927.0,1,-0.064,-0.001,15.0,15.0,0.0,15.0,15.0,15.0,15.0,15.0,15.0,0,0,,HB tick=1275761 exp_id=240 t_ms=13927 run=1 ts=35.000 as=15.000 ta=0.000 aa=-0.515 se=20.000 so=14.614 ae=0.515 ao=0.091 pwm=15 pc=15 hd=0 y=-0.064 yr=-0.001 L=15 R=15 OL=15 OR=15 el=15 er=15 ed=0 dl=15 dr=15 cl=0 cr=0 ok=5107 fail=0 vofa=firewater rx=1360 txdrop=49752
1775108978.836778,1775108978836777900,4857620607600,HB,1275971,14137.0,1,-0.226,-0.273,16.0,16.0,0.0,14.0,14.0,14.0,14.0,16.0,16.0,0,0,,HB tick=1275971 exp_id=240 t_ms=14137 run=1 ts=35.000 as=16.000 ta=0.000 aa=-0.454 se=19.000 so=14.063 ae=0.454 ao=0.068 pwm=14 pc=14 hd=0 y=-0.226 yr=-0.273 L=14 R=14 OL=14 OR=14 el=16 er=16 ed=0 dl=16 dr=16 cl=0 cr=0 ok=5108 fail=0 vofa=firewater rx=1360 txdrop=49752
1775108979.034236,1775108979034235800,4857818065900,HB,1276175,14341.0,1,-0.094,0.049,16.0,15.0,1.0,14.0,14.0,14.0,14.0,16.0,15.0,0,0,,HB tick=1276175 exp_id=240 t_ms=14341 run=1 ts=35.000 as=15.500 ta=0.000 aa=-0.454 se=19.500 so=14.410 ae=0.454 ao=0.068 pwm=14 pc=14 hd=0 y=-0.094 yr=0.049 L=14 R=14 OL=14 OR=14 el=16 er=15 ed=1 dl=16 dr=15 cl=0 cr=0 ok=5109 fail=0 vofa=firewater rx=1360 txdrop=49752
1775108979.2413247,1775108979241324600,4858025154300,HB,1276379,14545.0,1,0.047,0.273,16.0,16.0,0.0,14.0,14.0,14.0,14.0,16.0,16.0,0,0,,HB tick=1276379 exp_id=240 t_ms=14545 run=1 ts=35.000 as=16.000 ta=0.000 aa=-0.321 se=19.000 so=14.155 ae=0.321 ao=0.036 pwm=14 pc=14 hd=0 y=0.047 yr=0.273 L=14 R=14 OL=14 OR=14 el=16 er=16 ed=0 dl=16 dr=16 cl=0 cr=0 ok=5110 fail=0 vofa=firewater rx=1360 txdrop=49752
1775108979.4069045,1775108979406904500,4858190734300,HB,1276540,14706.0,1,0.03,0.141,16.0,16.0,0.0,14.0,14.0,14.0,14.0,16.0,16.0,0,0,,HB tick=1276540 exp_id=240 t_ms=14706 run=1 ts=35.000 as=16.000 ta=0.000 aa=-0.181 se=19.000 so=14.194 ae=0.181 ao=0.008 pwm=14 pc=14 hd=0 y=0.030 yr=0.141 L=14 R=14 OL=14 OR=14 el=16 er=16 ed=0 dl=16 dr=16 cl=0 cr=0 ok=5111 fail=0 vofa=firewater rx=1360 txdrop=49752
1775108979.635135,1775108979635135100,4858418965000,HB,1276772,14938.0,1,-0.608,-0.871,15.0,16.0,-1.0,15.0,15.0,15.0,15.0,15.0,16.0,0,0,,HB tick=1276772 exp_id=240 t_ms=14938 run=1 ts=35.000 as=15.500 ta=0.000 aa=-0.197 se=19.500 so=14.546 ae=0.197 ao=0.017 pwm=15 pc=15 hd=0 y=-0.608 yr=-0.871 L=15 R=15 OL=15 OR=15 el=15 er=16 ed=-1 dl=15 dr=16 cl=0 cr=0 ok=5112 fail=0 vofa=firewater rx=1360 txdrop=49752
1775108979.841267,1775108979841267300,4858625097000,HB,1276977,15143.0,1,-0.694,-0.712,16.0,16.0,0.0,14.0,14.0,14.0,14.0,16.0,16.0,0,0,,HB tick=1276977 exp_id=240 t_ms=15143 run=1 ts=35.000 as=16.000 ta=0.000 aa=-0.836 se=19.000 so=14.290 ae=0.836 ao=0.144 pwm=14 pc=14 hd=0 y=-0.694 yr=-0.712 L=14 R=14 OL=14 OR=14 el=16 er=16 ed=0 dl=16 dr=16 cl=0 cr=0 ok=5113 fail=0 vofa=firewater rx=1360 txdrop=49752
1775108979.9964695,1775108979996469400,4858780299400,HB,1277138,15304.0,1,-0.718,-0.517,16.0,16.0,0.0,14.0,14.0,14.0,14.0,16.0,16.0,0,0,,HB tick=1277138 exp_id=240 t_ms=15304 run=1 ts=35.000 as=16.000 ta=0.000 aa=-0.921 se=19.000 so=14.326 ae=0.921 ao=0.146 pwm=14 pc=14 hd=0 y=-0.718 yr=-0.517 L=14 R=14 OL=14 OR=14 el=16 er=16 ed=0 dl=16 dr=16 cl=0 cr=0 ok=5114 fail=0 vofa=firewater rx=1360 txdrop=49752
1775108980.2345386,1775108980234538400,4859018368900,HB,1277370,15536.0,1,-1.054,-0.84,17.0,17.0,0.0,14.0,14.0,14.0,14.0,17.0,17.0,0,0,,HB tick=1277370 exp_id=240 t_ms=15536 run=1 ts=35.000 as=17.000 ta=0.000 aa=-0.945 se=18.000 so=13.779 ae=0.945 ao=0.139 pwm=14 pc=14 hd=0 y=-1.054 yr=-0.840 L=14 R=14 OL=14 OR=14 el=17 er=17 ed=0 dl=17 dr=17 cl=0 cr=0 ok=5115 fail=0 vofa=firewater rx=1360 txdrop=49752
1775108980.3894198,1775108980389419900,4859173249800,HB,1277530,15696.0,1,-1.012,-0.455,18.0,17.0,1.0,14.0,14.0,14.0,14.0,18.0,17.0,0,0,,HB tick=1277530 exp_id=240 t_ms=15696 run=1 ts=35.000 as=17.500 ta=0.000 aa=-1.281 se=17.500 so=13.513 ae=1.281 ao=0.196 pwm=14 pc=14 hd=0 y=-1.012 yr=-0.455 L=14 R=14 OL=14 OR=14 el=18 er=17 ed=1 dl=18 dr=17 cl=0 cr=0 ok=5116 fail=0 vofa=firewater rx=1360 txdrop=49752
1775108980.5856183,1775108980585618300,4859369447800,HB,1277719,15885.0,1,-1.011,-0.294,16.0,17.0,-1.0,14.0,14.0,14.0,14.0,16.0,17.0,0,0,,HB tick=1277719 exp_id=240 t_ms=15885 run=1 ts=35.000 as=16.500 ta=0.000 aa=-1.240 se=18.500 so=14.152 ae=1.240 ao=0.171 pwm=14 pc=14 hd=0 y=-1.011 yr=-0.294 L=14 R=14 OL=14 OR=14 el=16 er=17 ed=-1 dl=16 dr=17 cl=0 cr=0 ok=5117 fail=0 vofa=firewater rx=1360 txdrop=49752
1775108980.8224883,1775108980822488200,4859606318100,HB,1277951,16117.0,1,-1.018,-0.201,18.0,17.0,1.0,14.0,14.0,14.0,14.0,18.0,17.0,0,0,,HB tick=1277951 exp_id=240 t_ms=16117 run=1 ts=35.000 as=17.500 ta=0.000 aa=-1.239 se=17.500 so=13.604 ae=1.239 ao=0.163 pwm=14 pc=14 hd=0 y=-1.018 yr=-0.201 L=14 R=14 OL=14 OR=14 el=18 er=17 ed=1 dl=18 dr=17 cl=0 cr=0 ok=5118 fail=0 vofa=firewater rx=1360 txdrop=49752
1775108981.019148,1775108981019148000,4859802977800,HB,1278156,16322.0,1,-0.813,0.22,18.0,17.0,1.0,14.0,14.0,14.0,14.0,18.0,17.0,0,0,,HB tick=1278156 exp_id=240 t_ms=16322 run=1 ts=35.000 as=17.500 ta=0.000 aa=-1.245 se=17.500 so=13.647 ae=1.245 ao=0.159 pwm=14 pc=14 hd=0 y=-0.813 yr=0.220 L=14 R=14 OL=14 OR=14 el=18 er=17 ed=1 dl=18 dr=17 cl=0 cr=0 ok=5119 fail=0 vofa=firewater rx=1360 txdrop=49752
1775108981.2245169,1775108981224516800,4860008346600,HB,1278360,16526.0,1,-0.759,0.234,16.0,17.0,-1.0,14.0,14.0,14.0,14.0,16.0,17.0,0,0,,HB tick=1278360 exp_id=240 t_ms=16526 run=1 ts=35.000 as=16.500 ta=0.000 aa=-1.040 se=18.500 so=14.292 ae=1.040 ao=0.114 pwm=14 pc=14 hd=0 y=-0.759 yr=0.234 L=14 R=14 OL=14 OR=14 el=16 er=17 ed=-1 dl=16 dr=17 cl=0 cr=0 ok=5120 fail=0 vofa=firewater rx=1360 txdrop=49752
1775108981.4321308,1775108981432130800,4860215960600,HB,1278570,16736.0,1,-0.79,0.101,16.0,15.0,1.0,14.0,14.0,14.0,14.0,16.0,15.0,0,0,,HB tick=1278570 exp_id=240 t_ms=16736 run=1 ts=35.000 as=15.500 ta=0.000 aa=-0.987 se=19.500 so=14.938 ae=0.987 ao=0.107 pwm=14 pc=14 hd=0 y=-0.790 yr=0.101 L=14 R=14 OL=14 OR=14 el=16 er=15 ed=1 dl=16 dr=15 cl=0 cr=0 ok=5121 fail=0 vofa=firewater rx=1360 txdrop=49752
1775108981.649823,1775108981649823000,4860433652900,HB,1278792,16958.0,1,-0.302,0.835,17.0,16.0,1.0,14.0,14.0,14.0,14.0,17.0,16.0,0,0,,HB tick=1278792 exp_id=240 t_ms=16958 run=1 ts=35.000 as=16.500 ta=0.000 aa=-1.018 se=18.500 so=14.387 ae=1.018 ao=0.117 pwm=14 pc=14 hd=0 y=-0.302 yr=0.835 L=14 R=14 OL=14 OR=14 el=17 er=16 ed=1 dl=17 dr=16 cl=0 cr=0 ok=5122 fail=0 vofa=firewater rx=1360 txdrop=49752
1775108981.8567493,1775108981856749400,4860640579900,HB,1278991,17157.0,1,-0.234,0.663,16.0,17.0,-1.0,14.0,14.0,14.0,14.0,16.0,17.0,0,0,,HB tick=1278991 exp_id=240 t_ms=17157 run=1 ts=35.000 as=16.500 ta=0.000 aa=-0.530 se=18.500 so=14.431 ae=0.530 ao=0.022 pwm=14 pc=14 hd=0 y=-0.234 yr=0.663 L=14 R=14 OL=14 OR=14 el=16 er=17 ed=-1 dl=16 dr=17 cl=0 cr=0 ok=5123 fail=0 vofa=firewater rx=1360 txdrop=49752
1775108982.0537958,1775108982053795800,4860837625500,HB,1279196,17362.0,1,-0.126,0.616,16.0,16.0,0.0,15.0,15.0,15.0,15.0,16.0,16.0,0,0,,HB tick=1279196 exp_id=240 t_ms=17362 run=1 ts=35.000 as=16.000 ta=0.000 aa=-0.461 se=19.000 so=14.775 ae=0.461 ao=0.022 pwm=15 pc=15 hd=0 y=-0.126 yr=0.616 L=15 R=15 OL=15 OR=15 el=16 er=16 ed=0 dl=16 dr=16 cl=0 cr=0 ok=5124 fail=0 vofa=firewater rx=1360 txdrop=49752
1775108982.2602265,1775108982260226600,4861044056500,HB,1279400,17566.0,1,-0.118,0.413,17.0,17.0,0.0,15.0,15.0,15.0,15.0,17.0,17.0,0,0,,HB tick=1279400 exp_id=240 t_ms=17566 run=1 ts=35.000 as=17.000 ta=0.000 aa=-0.353 se=18.000 so=14.222 ae=0.353 ao=0.012 pwm=15 pc=15 hd=0 y=-0.118 yr=0.413 L=15 R=15 OL=15 OR=15 el=17 er=17 ed=0 dl=17 dr=17 cl=0 cr=0 ok=5125 fail=0 vofa=firewater rx=1360 txdrop=49752
1775108982.4681458,1775108982468145800,4861251975700,HB,1279609,17775.0,1,0.034,0.524,16.0,17.0,-1.0,15.0,15.0,15.0,15.0,16.0,17.0,0,0,,HB tick=1279609 exp_id=240 t_ms=17775 run=1 ts=35.000 as=16.500 ta=0.000 aa=-0.346 se=18.500 so=14.565 ae=0.346 ao=0.021 pwm=15 pc=15 hd=0 y=0.034 yr=0.524 L=15 R=15 OL=15 OR=15 el=16 er=17 ed=-1 dl=16 dr=17 cl=0 cr=0 ok=5126 fail=0 vofa=firewater rx=1360 txdrop=49752
1775108982.675503,1775108982675503000,4861459336200,HB,1279815,17981.0,1,-0.024,0.242,17.0,16.0,1.0,15.0,15.0,15.0,15.0,17.0,16.0,0,0,,HB tick=1279815 exp_id=240 t_ms=17981 run=1 ts=35.000 as=16.500 ta=0.000 aa=-0.193 se=18.500 so=14.611 ae=0.193 ao=-0.003 pwm=15 pc=15 hd=0 y=-0.024 yr=0.242 L=15 R=15 OL=15 OR=15 el=17 er=16 ed=1 dl=17 dr=16 cl=0 cr=0 ok=5127 fail=0 vofa=firewater rx=1360 txdrop=49752
1775108982.882374,1775108982882374200,4861666203800,HB,1280019,18185.0,1,-0.132,-0.028,18.0,17.0,1.0,14.0,14.0,14.0,14.0,18.0,17.0,0,0,,HB tick=1280019 exp_id=240 t_ms=18185 run=1 ts=35.000 as=17.500 ta=0.000 aa=-0.251 se=17.500 so=14.055 ae=0.251 ao=0.018 pwm=14 pc=14 hd=0 y=-0.132 yr=-0.028 L=14 R=14 OL=14 OR=14 el=18 er=17 ed=1 dl=18 dr=17 cl=0 cr=0 ok=5128 fail=0 vofa=firewater rx=1360 txdrop=49752
1775108983.089657,1775108983089657000,4861873487100,HB,1280224,18389.0,1,0.049,0.291,16.0,17.0,-1.0,15.0,15.0,15.0,15.0,16.0,17.0,0,0,,HB tick=1280224 exp_id=240 t_ms=18389 run=1 ts=35.000 as=16.500 ta=0.000 aa=-0.359 se=18.500 so=14.700 ae=0.359 ao=0.044 pwm=15 pc=15 hd=0 y=0.049 yr=0.291 L=15 R=15 OL=15 OR=15 el=16 er=17 ed=-1 dl=16 dr=17 cl=0 cr=0 ok=5129 fail=0 vofa=firewater rx=1360 txdrop=49752
1775108983.2553036,1775108983255303700,4862039133700,HB,1280388,18554.0,1,-0.132,-0.194,17.0,17.0,0.0,14.0,14.0,14.0,14.0,17.0,17.0,0,0,,HB tick=1280388 exp_id=240 t_ms=18554 run=1 ts=35.000 as=17.000 ta=0.000 aa=-0.178 se=18.000 so=14.435 ae=0.178 ao=0.007 pwm=14 pc=14 hd=0 y=-0.132 yr=-0.194 L=14 R=14 OL=14 OR=14 el=17 er=17 ed=0 dl=17 dr=17 cl=0 cr=0 ok=5130 fail=0 vofa=firewater rx=1360 txdrop=49752
1775108983.4829142,1775108983482914400,4862266744700,HB,1280620,18786.0,1,-0.385,-0.507,17.0,17.0,0.0,14.0,14.0,14.0,14.0,17.0,17.0,0,0,,HB tick=1280620 exp_id=240 t_ms=18786 run=1 ts=35.000 as=17.000 ta=0.000 aa=-0.359 se=18.000 so=14.487 ae=0.359 ao=0.053 pwm=14 pc=14 hd=0 y=-0.385 yr=-0.507 L=14 R=14 OL=14 OR=14 el=17 er=17 ed=0 dl=17 dr=17 cl=0 cr=0 ok=5131 fail=0 vofa=firewater rx=1360 txdrop=49752
1775108983.690752,1775108983690752000,4862474581900,HB,1280829,18995.0,1,-0.25,-0.105,17.0,18.0,-1.0,14.0,14.0,14.0,14.0,17.0,18.0,0,0,,HB tick=1280829 exp_id=240 t_ms=18995 run=1 ts=35.000 as=17.500 ta=0.000 aa=-0.612 se=17.500 so=14.230 ae=0.612 ao=0.099 pwm=14 pc=14 hd=0 y=-0.250 yr=-0.105 L=14 R=14 OL=14 OR=14 el=17 er=18 ed=-1 dl=17 dr=18 cl=0 cr=0 ok=5132 fail=0 vofa=firewater rx=1360 txdrop=49752
1775108983.8977506,1775108983897750600,4862681580200,HB,1281034,19200.0,1,-0.327,-0.2,18.0,18.0,0.0,14.0,14.0,14.0,14.0,18.0,18.0,0,0,,HB tick=1281034 exp_id=240 t_ms=19200 run=1 ts=35.000 as=18.000 ta=0.000 aa=-0.477 se=17.000 so=13.975 ae=0.477 ao=0.063 pwm=14 pc=14 hd=0 y=-0.327 yr=-0.200 L=14 R=14 OL=14 OR=14 el=18 er=18 ed=0 dl=18 dr=18 cl=0 cr=0 ok=5133 fail=0 vofa=firewater rx=1360 txdrop=49752
1775108984.1145146,1775108984114514600,4862898345300,HB,1281253,19419.0,1,-0.132,0.183,17.0,17.0,0.0,15.0,15.0,15.0,15.0,17.0,17.0,0,0,,HB tick=1281253 exp_id=240 t_ms=19419 run=1 ts=35.000 as=17.000 ta=0.000 aa=-0.555 se=18.000 so=14.622 ae=0.555 ao=0.077 pwm=15 pc=15 hd=0 y=-0.132 yr=0.183 L=15 R=15 OL=15 OR=15 el=17 er=17 ed=0 dl=17 dr=17 cl=0 cr=0 ok=5134 fail=0 vofa=firewater rx=1360 txdrop=49752
1775108984.3111868,1775108984311186700,4863095018100,HB,1281453,19619.0,1,-0.017,0.32,17.0,17.0,0.0,15.0,15.0,15.0,15.0,17.0,17.0,0,0,,HB tick=1281453 exp_id=240 t_ms=19619 run=1 ts=35.000 as=17.000 ta=0.000 aa=-0.359 se=18.000 so=14.664 ae=0.359 ao=0.034 pwm=15 pc=15 hd=0 y=-0.017 yr=0.320 L=15 R=15 OL=15 OR=15 el=17 er=17 ed=0 dl=17 dr=17 cl=0 cr=0 ok=5135 fail=0 vofa=firewater rx=1360 txdrop=49752
1775108984.5179436,1775108984517943600,4863301773600,HB,1281657,19823.0,1,-0.072,0.113,17.0,17.0,0.0,15.0,15.0,15.0,15.0,17.0,17.0,0,0,,HB tick=1281657 exp_id=240 t_ms=19823 run=1 ts=35.000 as=17.000 ta=0.000 aa=-0.244 se=18.000 so=14.707 ae=0.244 ao=0.013 pwm=15 pc=15 hd=0 y=-0.072 yr=0.113 L=15 R=15 OL=15 OR=15 el=17 er=17 ed=0 dl=17 dr=17 cl=0 cr=0 ok=5136 fail=0 vofa=firewater rx=1360 txdrop=49752
1775108984.724565,1775108984724565100,4863508395000,HB,1281862,20028.0,1,0.069,0.315,17.0,17.0,0.0,15.0,15.0,15.0,15.0,17.0,17.0,0,0,,HB tick=1281862 exp_id=240 t_ms=20028 run=1 ts=35.000 as=17.000 ta=0.000 aa=-0.299 se=18.000 so=14.752 ae=0.299 ao=0.030 pwm=15 pc=15 hd=0 y=0.069 yr=0.315 L=15 R=15 OL=15 OR=15 el=17 er=17 ed=0 dl=17 dr=17 cl=0 cr=0 ok=5137 fail=0 vofa=firewater rx=1360 txdrop=49752
1775108984.8909707,1775108984890970500,4863674800300,HB,1282027,20193.0,1,0.273,0.638,17.0,17.0,0.0,15.0,15.0,15.0,15.0,17.0,17.0,0,0,,HB tick=1282027 exp_id=240 t_ms=20193 run=1 ts=35.000 as=17.000 ta=0.000 aa=-0.158 se=18.000 so=14.786 ae=0.158 ao=0.003 pwm=15 pc=15 hd=0 y=0.273 yr=0.638 L=15 R=15 OL=15 OR=15 el=17 er=17 ed=0 dl=17 dr=17 cl=0 cr=0 ok=5138 fail=0 vofa=firewater rx=1360 txdrop=49752
1775108985.1187627,1775108985118762800,4863902592700,HB,1282259,20425.0,1,0.366,0.554,17.0,17.0,0.0,15.0,15.0,15.0,15.0,17.0,17.0,0,0,,HB tick=1282259 exp_id=240 t_ms=20425 run=1 ts=35.000 as=17.000 ta=0.000 aa=0.046 se=18.000 so=14.836 ae=-0.046 ao=-0.037 pwm=15 pc=15 hd=0 y=0.366 yr=0.554 L=15 R=15 OL=15 OR=15 el=17 er=17 ed=0 dl=17 dr=17 cl=0 cr=0 ok=5139 fail=0 vofa=firewater rx=1360 txdrop=49752
1775108985.3357494,1775108985335749400,4864119579100,HB,1282469,20635.0,1,0.377,0.379,18.0,17.0,1.0,15.0,15.0,15.0,15.0,18.0,17.0,0,0,,HB tick=1282469 exp_id=240 t_ms=20635 run=1 ts=35.000 as=17.500 ta=0.000 aa=0.139 se=17.500 so=14.580 ae=-0.139 ao=-0.044 pwm=15 pc=15 hd=0 y=0.377 yr=0.379 L=15 R=15 OL=15 OR=15 el=18 er=17 ed=1 dl=18 dr=17 cl=0 cr=0 ok=5140 fail=0 vofa=firewater rx=1360 txdrop=49752
1775108985.5317988,1775108985531798700,4864315629200,HB,1282674,20840.0,1,0.449,0.368,17.0,18.0,-1.0,15.0,15.0,15.0,15.0,17.0,18.0,0,0,,HB tick=1282674 exp_id=240 t_ms=20840 run=1 ts=35.000 as=17.500 ta=0.000 aa=0.150 se=17.500 so=14.625 ae=-0.150 ao=-0.037 pwm=15 pc=15 hd=0 y=0.449 yr=0.368 L=15 R=15 OL=15 OR=15 el=17 er=18 ed=-1 dl=17 dr=18 cl=0 cr=0 ok=5141 fail=0 vofa=firewater rx=1360 txdrop=49752
1775108985.7389827,1775108985738982700,4864522812600,HB,1282878,21044.0,1,0.524,0.369,17.0,17.0,0.0,15.0,15.0,15.0,15.0,17.0,17.0,0,0,,HB tick=1282878 exp_id=240 t_ms=21044 run=1 ts=35.000 as=17.000 ta=0.000 aa=0.221 se=18.000 so=14.967 ae=-0.221 ao=-0.045 pwm=15 pc=15 hd=0 y=0.524 yr=0.369 L=15 R=15 OL=15 OR=15 el=17 er=17 ed=0 dl=17 dr=17 cl=0 cr=0 ok=5142 fail=0 vofa=firewater rx=1360 txdrop=49752
1775108985.946185,1775108985946185200,4864730015800,HB,1283088,21254.0,1,0.481,0.168,18.0,17.0,1.0,15.0,15.0,15.0,15.0,18.0,17.0,0,0,,HB tick=1283088 exp_id=240 t_ms=21254 run=1 ts=35.000 as=17.500 ta=0.000 aa=0.297 se=17.500 so=14.712 ae=-0.297 ao=-0.054 pwm=15 pc=15 hd=0 y=0.481 yr=0.168 L=15 R=15 OL=15 OR=15 el=18 er=17 ed=1 dl=18 dr=17 cl=0 cr=0 ok=5143 fail=0 vofa=firewater rx=1360 txdrop=49752
1775108986.153873,1775108986153872900,4864937702800,HB,1283293,21459.0,1,0.491,0.127,17.0,17.0,0.0,15.0,15.0,15.0,15.0,17.0,17.0,0,0,,HB tick=1283293 exp_id=240 t_ms=21459 run=1 ts=35.000 as=17.000 ta=0.000 aa=0.254 se=18.000 so=15.056 ae=-0.254 ao=-0.039 pwm=15 pc=15 hd=0 y=0.491 yr=0.127 L=15 R=15 OL=15 OR=15 el=17 er=17 ed=0 dl=17 dr=17 cl=0 cr=0 ok=5144 fail=0 vofa=firewater rx=1360 txdrop=49752
1775108986.3609805,1775108986360980500,4865144810700,HB,1283498,21663.0,1,0.396,-0.082,17.0,18.0,-1.0,15.0,15.0,15.0,15.0,17.0,18.0,0,0,,HB tick=1283498 exp_id=240 t_ms=21663 run=1 ts=35.000 as=17.500 ta=0.000 aa=0.264 se=17.500 so=14.799 ae=-0.264 ao=-0.038 pwm=15 pc=15 hd=0 y=0.396 yr=-0.082 L=15 R=15 OL=15 OR=15 el=17 er=18 ed=-1 dl=17 dr=18 cl=0 cr=0 ok=5145 fail=0 vofa=firewater rx=1360 txdrop=49752
1775108986.5682533,1775108986568253200,4865352082700,HB,1283707,21873.0,1,0.25,-0.296,18.0,18.0,0.0,15.0,15.0,15.0,15.0,18.0,18.0,0,0,,HB tick=1283707 exp_id=240 t_ms=21873 run=1 ts=35.000 as=18.000 ta=0.000 aa=0.169 se=17.000 so=14.543 ae=-0.169 ao=-0.016 pwm=15 pc=15 hd=0 y=0.250 yr=-0.296 L=15 R=15 OL=15 OR=15 el=18 er=18 ed=0 dl=18 dr=18 cl=0 cr=0 ok=5146 fail=0 vofa=firewater rx=1360 txdrop=49752
1775108986.7736816,1775108986773681600,4865557511900,HB,1283912,22077.0,1,0.198,-0.281,17.0,19.0,-2.0,15.0,15.0,15.0,15.0,17.0,19.0,0,0,,HB tick=1283912 exp_id=240 t_ms=22077 run=1 ts=35.000 as=18.000 ta=0.000 aa=0.022 se=17.000 so=14.587 ae=-0.022 ao=0.012 pwm=15 pc=15 hd=0 y=0.198 yr=-0.281 L=15 R=15 OL=15 OR=15 el=17 er=19 ed=-2 dl=17 dr=19 cl=0 cr=0 ok=5147 fail=0 vofa=firewater rx=1360 txdrop=49752
1775108986.9815357,1775108986981535800,4865765365500,HB,1284116,22282.0,1,0.118,-0.319,18.0,18.0,0.0,15.0,15.0,15.0,15.0,18.0,18.0,0,0,,HB tick=1284116 exp_id=240 t_ms=22282 run=1 ts=35.000 as=18.000 ta=0.000 aa=-0.029 se=17.000 so=14.629 ae=0.029 ao=0.017 pwm=15 pc=15 hd=0 y=0.118 yr=-0.319 L=15 R=15 OL=15 OR=15 el=18 er=18 ed=0 dl=18 dr=18 cl=0 cr=0 ok=5148 fail=0 vofa=firewater rx=1360 txdrop=49752
1775108987.1365018,1775108987136501800,4865920331800,HB,1284277,22443.0,1,-0.146,-0.782,18.0,18.0,0.0,15.0,15.0,15.0,15.0,18.0,18.0,0,0,,HB tick=1284277 exp_id=240 t_ms=22443 run=1 ts=35.000 as=18.000 ta=0.000 aa=-0.109 se=17.000 so=14.662 ae=0.109 ao=0.029 pwm=15 pc=15 hd=0 y=-0.146 yr=-0.782 L=15 R=15 OL=15 OR=15 el=18 er=18 ed=0 dl=18 dr=18 cl=0 cr=0 ok=5149 fail=0 vofa=firewater rx=1360 txdrop=49752
1775108987.3755434,1775108987375543300,4866159373500,HB,1284509,22675.0,1,-0.133,-0.489,18.0,18.0,0.0,15.0,15.0,15.0,15.0,18.0,18.0,0,0,,HB tick=1284509 exp_id=240 t_ms=22675 run=1 ts=35.000 as=18.000 ta=0.000 aa=-0.373 se=17.000 so=14.710 ae=0.373 ao=0.084 pwm=15 pc=15 hd=0 y=-0.133 yr=-0.489 L=15 R=15 OL=15 OR=15 el=18 er=18 ed=0 dl=18 dr=18 cl=0 cr=0 ok=5150 fail=0 vofa=firewater rx=1360 txdrop=49752
1775108987.5733685,1775108987573368600,4866357198400,HB,1284713,22879.0,1,-0.24,-0.501,18.0,17.0,1.0,15.0,15.0,15.0,15.0,18.0,17.0,0,0,,HB tick=1284713 exp_id=240 t_ms=22879 run=1 ts=35.000 as=17.500 ta=0.000 aa=-0.361 se=17.500 so=15.053 ae=0.361 ao=0.068 pwm=15 pc=15 hd=0 y=-0.240 yr=-0.501 L=15 R=15 OL=15 OR=15 el=18 er=17 ed=1 dl=18 dr=17 cl=0 cr=0 ok=5151 fail=0 vofa=firewater rx=1360 txdrop=49752
1775108987.779718,1775108987779718000,4866563547900,HB,1284918,23084.0,1,-0.397,-0.594,18.0,18.0,0.0,15.0,15.0,15.0,15.0,18.0,18.0,0,0,,HB tick=1284918 exp_id=240 t_ms=23084 run=1 ts=35.000 as=18.000 ta=0.000 aa=-0.468 se=17.000 so=14.795 ae=0.468 ao=0.081 pwm=15 pc=15 hd=0 y=-0.397 yr=-0.594 L=15 R=15 OL=15 OR=15 el=18 er=18 ed=0 dl=18 dr=18 cl=0 cr=0 ok=5152 fail=0 vofa=firewater rx=1360 txdrop=49752
1775108987.9870813,1775108987987081100,4866770910700,HB,1285127,23293.0,1,-0.319,-0.255,18.0,17.0,1.0,15.0,15.0,15.0,15.0,18.0,17.0,0,0,,HB tick=1285127 exp_id=240 t_ms=23293 run=1 ts=35.000 as=17.500 ta=0.000 aa=-0.624 se=17.500 so=15.138 ae=0.624 ao=0.105 pwm=15 pc=15 hd=0 y=-0.319 yr=-0.255 L=15 R=15 OL=15 OR=15 el=18 er=17 ed=1 dl=18 dr=17 cl=0 cr=0 ok=5153 fail=0 vofa=firewater rx=1360 txdrop=49752
1775108988.193067,1775108988193066900,4866976897300,HB,1285333,23499.0,1,-0.425,-0.345,18.0,17.0,1.0,15.0,15.0,15.0,15.0,18.0,17.0,0,0,,HB tick=1285333 exp_id=240 t_ms=23499 run=1 ts=35.000 as=17.500 ta=0.000 aa=-0.547 se=17.500 so=15.181 ae=0.547 ao=0.078 pwm=15 pc=15 hd=0 y=-0.425 yr=-0.345 L=15 R=15 OL=15 OR=15 el=18 er=17 ed=1 dl=18 dr=17 cl=0 cr=0 ok=5154 fail=0 vofa=firewater rx=1360 txdrop=49752
1775108988.400271,1775108988400270800,4867184100800,HB,1285537,23703.0,1,-0.589,-0.507,18.0,18.0,0.0,15.0,15.0,15.0,15.0,18.0,18.0,0,0,,HB tick=1285537 exp_id=240 t_ms=23703 run=1 ts=35.000 as=18.000 ta=0.000 aa=-0.652 se=17.000 so=14.922 ae=0.652 ao=0.096 pwm=15 pc=15 hd=0 y=-0.589 yr=-0.507 L=15 R=15 OL=15 OR=15 el=18 er=18 ed=0 dl=18 dr=18 cl=0 cr=0 ok=5155 fail=0 vofa=firewater rx=1360 txdrop=49752
1775108988.6061127,1775108988606112800,4867389942800,HB,1285746,23912.0,1,-0.504,-0.186,17.0,18.0,-1.0,15.0,15.0,15.0,15.0,17.0,18.0,0,0,,HB tick=1285746 exp_id=240 t_ms=23912 run=1 ts=35.000 as=17.500 ta=0.000 aa=-0.817 se=17.500 so=15.266 ae=0.817 ao=0.123 pwm=15 pc=15 hd=0 y=-0.504 yr=-0.186 L=15 R=15 OL=15 OR=15 el=17 er=18 ed=-1 dl=17 dr=18 cl=0 cr=0 ok=5156 fail=0 vofa=firewater rx=1360 txdrop=49752
1775108988.814156,1775108988814156100,4867597985800,HB,1285951,24117.0,1,-0.676,-0.414,17.0,17.0,0.0,16.0,16.0,16.0,16.0,17.0,17.0,0,0,,HB tick=1285951 exp_id=240 t_ms=24117 run=1 ts=35.000 as=17.000 ta=0.000 aa=-0.731 se=18.000 so=15.600 ae=0.731 ao=0.097 pwm=16 pc=16 hd=0 y=-0.676 yr=-0.414 L=16 R=16 OL=16 OR=16 el=17 er=17 ed=0 dl=17 dr=17 cl=0 cr=0 ok=5157 fail=0 vofa=firewater rx=1360 txdrop=49752
1775108989.0227952,1775108989022795300,4867806625400,HB,1286155,24321.0,1,-0.786,-0.459,18.0,18.0,0.0,15.0,15.0,15.0,15.0,18.0,18.0,0,0,,HB tick=1286155 exp_id=240 t_ms=24321 run=1 ts=35.000 as=18.000 ta=0.000 aa=-0.903 se=17.000 so=15.000 ae=0.903 ao=0.129 pwm=15 pc=15 hd=0 y=-0.786 yr=-0.459 L=15 R=15 OL=15 OR=15 el=18 er=18 ed=0 dl=18 dr=18 cl=0 cr=0 ok=5158 fail=0 vofa=firewater rx=1360 txdrop=49752
1775108989.1787019,1775108989178701700,4867962531600,HB,1286316,24482.0,1,-0.675,-0.058,17.0,17.0,0.0,16.0,16.0,16.0,16.0,17.0,17.0,0,0,,HB tick=1286316 exp_id=240 t_ms=24482 run=1 ts=35.000 as=17.000 ta=0.000 aa=-1.013 se=18.000 so=15.600 ae=1.013 ao=0.145 pwm=16 pc=16 hd=0 y=-0.675 yr=-0.058 L=16 R=16 OL=16 OR=16 el=17 er=17 ed=0 dl=17 dr=17 cl=0 cr=0 ok=5159 fail=0 vofa=firewater rx=1360 txdrop=49752
1775108989.40638,1775108989406380000,4868190210000,HB,1286548,24714.0,1,-0.886,-0.355,18.0,18.0,0.0,15.0,15.0,15.0,15.0,18.0,18.0,0,0,,HB tick=1286548 exp_id=240 t_ms=24714 run=1 ts=35.000 as=18.000 ta=0.000 aa=-0.903 se=17.000 so=15.000 ae=0.903 ao=0.111 pwm=15 pc=15 hd=0 y=-0.886 yr=-0.355 L=15 R=15 OL=15 OR=15 el=18 er=18 ed=0 dl=18 dr=18 cl=0 cr=0 ok=5160 fail=0 vofa=firewater rx=1360 txdrop=49752
1775108989.6127186,1775108989612718700,4868396548400,HB,1286753,24919.0,1,-0.926,-0.3,18.0,18.0,0.0,15.0,15.0,15.0,15.0,18.0,18.0,0,0,,HB tick=1286753 exp_id=240 t_ms=24919 run=1 ts=35.000 as=18.000 ta=0.000 aa=-1.113 se=17.000 so=15.000 ae=1.113 ao=0.151 pwm=15 pc=15 hd=0 y=-0.926 yr=-0.300 L=15 R=15 OL=15 OR=15 el=18 er=18 ed=0 dl=18 dr=18 cl=0 cr=0 ok=5161 fail=0 vofa=firewater rx=1360 txdrop=49752
1775108989.8392458,1775108989839245700,4868623075500,HB,1286978,25144.0,1,-0.972,-0.266,17.0,17.0,0.0,16.0,16.0,16.0,16.0,17.0,17.0,0,0,,HB tick=1286978 exp_id=240 t_ms=25144 run=1 ts=35.000 as=17.000 ta=0.000 aa=-1.154 se=18.000 so=15.600 ae=1.154 ao=0.153 pwm=16 pc=16 hd=0 y=-0.972 yr=-0.266 L=16 R=16 OL=16 OR=16 el=17 er=17 ed=0 dl=17 dr=17 cl=0 cr=0 ok=5162 fail=0 vofa=firewater rx=1360 txdrop=49752
1775108990.0374067,1775108990037406600,4868821236500,HB,1287173,25339.0,1,-0.987,-0.201,18.0,17.0,1.0,15.0,15.0,15.0,15.0,18.0,17.0,0,0,,HB tick=1287173 exp_id=240 t_ms=25339 run=1 ts=35.000 as=17.500 ta=0.000 aa=-1.199 se=17.500 so=15.300 ae=1.199 ao=0.157 pwm=15 pc=15 hd=0 y=-0.987 yr=-0.201 L=15 R=15 OL=15 OR=15 el=18 er=17 ed=1 dl=18 dr=17 cl=0 cr=0 ok=5163 fail=0 vofa=firewater rx=1360 txdrop=49752
1775108990.244523,1775108990244523000,4869028355600,HB,1287377,25543.0,1,-1.081,-0.291,18.0,18.0,0.0,15.0,15.0,15.0,15.0,18.0,18.0,0,0,,HB tick=1287377 exp_id=240 t_ms=25543 run=1 ts=35.000 as=18.000 ta=0.000 aa=-1.215 se=17.000 so=15.000 ae=1.215 ao=0.156 pwm=15 pc=15 hd=0 y=-1.081 yr=-0.291 L=15 R=15 OL=15 OR=15 el=18 er=18 ed=0 dl=18 dr=18 cl=0 cr=0 ok=5164 fail=0 vofa=firewater rx=1360 txdrop=49752
1775108990.45232,1775108990452320100,4869236150300,HB,1287586,25752.0,1,-1.0,-0.053,18.0,17.0,1.0,15.0,15.0,15.0,15.0,18.0,17.0,0,0,,HB tick=1287586 exp_id=240 t_ms=25752 run=1 ts=35.000 as=17.500 ta=0.000 aa=-1.308 se=17.500 so=15.300 ae=1.308 ao=0.172 pwm=15 pc=15 hd=0 y=-1.000 yr=-0.053 L=15 R=15 OL=15 OR=15 el=18 er=17 ed=1 dl=18 dr=17 cl=0 cr=0 ok=5165 fail=0 vofa=firewater rx=1360 txdrop=49752
1775108990.6493154,1775108990649315200,4869433145000,HB,1287791,25957.0,1,-1.256,-0.472,17.0,18.0,-1.0,15.0,15.0,15.0,15.0,17.0,18.0,0,0,,HB tick=1287791 exp_id=240 t_ms=25957 run=1 ts=35.000 as=17.500 ta=0.000 aa=-1.227 se=17.500 so=15.300 ae=1.227 ao=0.150 pwm=15 pc=15 hd=0 y=-1.256 yr=-0.472 L=15 R=15 OL=15 OR=15 el=17 er=18 ed=-1 dl=17 dr=18 cl=0 cr=0 ok=5166 fail=0 vofa=firewater rx=1360 txdrop=49752
1775108990.855361,1775108990855361000,4869639190700,HB,1287996,26161.0,1,-1.27,-0.33,18.0,18.0,0.0,15.0,15.0,15.0,15.0,18.0,18.0,0,0,,HB tick=1287996 exp_id=240 t_ms=26161 run=1 ts=35.000 as=18.000 ta=0.000 aa=-1.497 se=17.000 so=15.000 ae=1.484 ao=0.202 pwm=15 pc=15 hd=0 y=-1.270 yr=-0.330 L=15 R=15 OL=15 OR=15 el=18 er=18 ed=0 dl=18 dr=18 cl=0 cr=0 ok=5167 fail=0 vofa=firewater rx=1360 txdrop=49752
1775108991.0628636,1775108991062863700,4869846694000,HB,1288200,26366.0,1,-1.16,-0.028,18.0,17.0,1.0,15.0,15.0,15.0,15.0,18.0,17.0,0,0,,HB tick=1288200 exp_id=240 t_ms=26366 run=1 ts=35.000 as=17.500 ta=0.000 aa=-1.497 se=17.500 so=15.300 ae=1.497 ao=0.196 pwm=15 pc=15 hd=0 y=-1.160 yr=-0.028 L=15 R=15 OL=15 OR=15 el=18 er=17 ed=1 dl=18 dr=17 cl=0 cr=0 ok=5168 fail=0 vofa=firewater rx=1360 txdrop=49752
1775108991.2289116,1775108991228911600,4870012741800,HB,1288365,26531.0,1,-1.411,-0.549,17.0,18.0,-1.0,15.0,15.0,15.0,15.0,17.0,18.0,0,0,,HB tick=1288365 exp_id=240 t_ms=26531 run=1 ts=35.000 as=17.500 ta=0.000 aa=-1.388 se=17.500 so=15.300 ae=1.388 ao=0.168 pwm=15 pc=15 hd=0 y=-1.411 yr=-0.549 L=15 R=15 OL=15 OR=15 el=17 er=18 ed=-1 dl=17 dr=18 cl=0 cr=0 ok=5169 fail=0 vofa=firewater rx=1360 txdrop=49752
1775108991.456638,1775108991456638300,4870240468500,HB,1288597,26763.0,1,-1.349,-0.263,18.0,18.0,0.0,15.0,15.0,15.0,15.0,18.0,18.0,0,0,,HB tick=1288597 exp_id=240 t_ms=26763 run=1 ts=35.000 as=18.000 ta=0.000 aa=-1.638 se=17.000 so=15.000 ae=1.638 ao=0.224 pwm=15 pc=15 hd=0 y=-1.349 yr=-0.263 L=15 R=15 OL=15 OR=15 el=18 er=18 ed=0 dl=18 dr=18 cl=0 cr=0 ok=5170 fail=0 vofa=firewater rx=1360 txdrop=49752
1775108991.6840959,1775108991684095700,4870467925600,HB,1288822,26988.0,1,-1.501,-0.408,18.0,17.0,1.0,15.0,15.0,15.0,15.0,18.0,17.0,0,0,,HB tick=1288822 exp_id=240 t_ms=26988 run=1 ts=35.000 as=17.500 ta=0.000 aa=-1.576 se=17.500 so=15.300 ae=1.576 ao=0.202 pwm=15 pc=15 hd=0 y=-1.501 yr=-0.408 L=15 R=15 OL=15 OR=15 el=18 er=17 ed=1 dl=18 dr=17 cl=0 cr=0 ok=5171 fail=0 vofa=firewater rx=1360 txdrop=49752
1775108991.891226,1775108991891226200,4870675056400,HB,1289022,27188.0,1,-1.465,-0.203,18.0,18.0,0.0,15.0,15.0,15.0,15.0,18.0,18.0,0,0,,HB tick=1289022 exp_id=240 t_ms=27188 run=1 ts=35.000 as=18.000 ta=0.000 aa=-1.728 se=17.000 so=15.000 ae=1.728 ao=0.228 pwm=15 pc=15 hd=0 y=-1.465 yr=-0.203 L=15 R=15 OL=15 OR=15 el=18 er=18 ed=0 dl=18 dr=18 cl=0 cr=0 ok=5172 fail=0 vofa=firewater rx=1360 txdrop=49752
1775108992.0882676,1775108992088267600,4870872097500,HB,1289226,27392.0,1,-1.359,0.05,18.0,18.0,0.0,15.0,15.0,15.0,15.0,18.0,18.0,0,0,,HB tick=1289226 exp_id=240 t_ms=27392 run=1 ts=35.000 as=18.000 ta=0.000 aa=-1.692 se=17.000 so=15.000 ae=1.692 ao=0.213 pwm=15 pc=15 hd=0 y=-1.359 yr=0.050 L=15 R=15 OL=15 OR=15 el=18 er=18 ed=0 dl=18 dr=18 cl=0 cr=0 ok=5173 fail=0 vofa=firewater rx=1360 txdrop=49752
1775108992.2959955,1775108992295995500,4871079826100,HB,1289431,27597.0,1,-1.346,0.055,18.0,17.0,1.0,15.0,15.0,15.0,15.0,18.0,17.0,0,0,,HB tick=1289431 exp_id=240 t_ms=27597 run=1 ts=35.000 as=17.500 ta=0.000 aa=-1.586 se=17.500 so=15.300 ae=1.586 ao=0.188 pwm=15 pc=15 hd=0 y=-1.346 yr=0.055 L=15 R=15 OL=15 OR=15 el=18 er=17 ed=1 dl=18 dr=17 cl=0 cr=0 ok=5174 fail=0 vofa=firewater rx=1360 txdrop=49752
1775108992.4944143,1775108992494414400,4871278244600,HB,1289635,27801.0,1,-1.681,-0.54,18.0,18.0,0.0,15.0,15.0,15.0,15.0,18.0,18.0,0,0,,HB tick=1289635 exp_id=240 t_ms=27801 run=1 ts=35.000 as=18.000 ta=0.000 aa=-1.573 se=17.000 so=15.000 ae=1.573 ao=0.186 pwm=15 pc=15 hd=0 y=-1.681 yr=-0.540 L=15 R=15 OL=15 OR=15 el=18 er=18 ed=0 dl=18 dr=18 cl=0 cr=0 ok=5175 fail=0 vofa=firewater rx=1360 txdrop=49752
1775108992.7020893,1775108992702089300,4871485919600,HB,1289839,28005.0,1,-1.62,-0.245,17.0,18.0,-1.0,15.0,15.0,15.0,15.0,17.0,18.0,0,0,,HB tick=1289839 exp_id=240 t_ms=28005 run=1 ts=35.000 as=17.500 ta=0.000 aa=-1.909 se=17.500 so=15.300 ae=1.909 ao=0.256 pwm=15 pc=15 hd=0 y=-1.620 yr=-0.245 L=15 R=15 OL=15 OR=15 el=17 er=18 ed=-1 dl=17 dr=18 cl=0 cr=0 ok=5176 fail=0 vofa=firewater rx=1360 txdrop=49752
1775108992.8681796,1775108992868179500,4871652010100,HB,1290004,28170.0,1,-1.703,-0.335,17.0,17.0,0.0,16.0,16.0,16.0,16.0,17.0,17.0,0,0,,HB tick=1290004 exp_id=240 t_ms=28170 run=1 ts=35.000 as=17.000 ta=0.000 aa=-1.847 se=18.000 so=15.600 ae=1.847 ao=0.234 pwm=16 pc=16 hd=0 y=-1.703 yr=-0.335 L=16 R=16 OL=16 OR=16 el=17 er=17 ed=0 dl=17 dr=17 cl=0 cr=0 ok=5177 fail=0 vofa=firewater rx=1360 txdrop=49752
1775108993.0975547,1775108993097554700,4871881385100,HB,1290236,28402.0,1,-2.121,-0.849,17.0,18.0,-1.0,15.0,15.0,15.0,15.0,17.0,18.0,0,0,,HB tick=1290236 exp_id=240 t_ms=28402 run=1 ts=35.000 as=17.500 ta=0.000 aa=-1.930 se=17.500 so=15.300 ae=1.930 ao=0.248 pwm=15 pc=15 hd=0 y=-2.121 yr=-0.849 L=15 R=15 OL=15 OR=15 el=17 er=18 ed=-1 dl=17 dr=18 cl=0 cr=0 ok=5178 fail=0 vofa=firewater rx=1360 txdrop=49752
1775108993.3053823,1775108993305382100,4872089211800,HB,1290445,28611.0,1,-2.141,-0.586,17.0,18.0,-1.0,15.0,15.0,15.0,15.0,17.0,18.0,0,0,,HB tick=1290445 exp_id=240 t_ms=28611 run=1 ts=35.000 as=17.500 ta=0.000 aa=-2.349 se=17.500 so=15.300 ae=2.349 ao=0.324 pwm=15 pc=15 hd=0 y=-2.141 yr=-0.586 L=15 R=15 OL=15 OR=15 el=17 er=18 ed=-1 dl=17 dr=18 cl=0 cr=0 ok=5179 fail=0 vofa=firewater rx=1360 txdrop=49752
1775108993.51359,1775108993513590100,4872297419700,HB,1290649,28815.0,1,-2.352,-0.742,17.0,18.0,-1.0,15.0,15.0,15.0,15.0,17.0,18.0,0,0,,HB tick=1290649 exp_id=240 t_ms=28815 run=1 ts=35.000 as=17.500 ta=0.000 aa=-2.368 se=17.500 so=15.300 ae=2.368 ao=0.313 pwm=15 pc=15 hd=0 y=-2.352 yr=-0.742 L=15 R=15 OL=15 OR=15 el=17 er=18 ed=-1 dl=17 dr=18 cl=0 cr=0 ok=5180 fail=0 vofa=firewater rx=1360 txdrop=49752
1775108993.7208946,1775108993720894500,4872504725400,HB,1290853,29019.0,1,-2.664,-1.018,18.0,17.0,1.0,15.0,15.0,15.0,15.0,18.0,17.0,0,0,,HB tick=1290853 exp_id=240 t_ms=29019 run=1 ts=35.000 as=17.500 ta=0.000 aa=-2.579 se=17.500 so=15.300 ae=2.579 ao=0.347 pwm=15 pc=15 hd=0 y=-2.664 yr=-1.018 L=15 R=15 OL=15 OR=15 el=18 er=17 ed=1 dl=18 dr=17 cl=0 cr=0 ok=5181 fail=0 vofa=firewater rx=1360 txdrop=49752
1775108993.9184487,1775108993918448700,4872702278800,HB,1291058,29224.0,1,-2.571,-0.502,18.0,17.0,1.0,15.0,15.0,15.0,15.0,18.0,17.0,0,0,,HB tick=1291058 exp_id=240 t_ms=29224 run=1 ts=35.000 as=17.500 ta=0.000 aa=-2.891 se=17.500 so=15.300 ae=2.891 ao=0.398 pwm=15 pc=15 hd=0 y=-2.571 yr=-0.502 L=15 R=15 OL=15 OR=15 el=18 er=17 ed=1 dl=18 dr=17 cl=0 cr=0 ok=5182 fail=0 vofa=firewater rx=1360 txdrop=49752
1775108994.0843327,1775108994084332700,4872868163000,HB,1291223,29389.0,1,-2.668,-0.533,17.0,18.0,-1.0,15.0,15.0,15.0,15.0,17.0,18.0,0,0,,HB tick=1291223 exp_id=240 t_ms=29389 run=1 ts=35.000 as=17.500 ta=0.000 aa=-2.798 se=17.500 so=15.300 ae=2.798 ao=0.361 pwm=15 pc=15 hd=0 y=-2.668 yr=-0.533 L=15 R=15 OL=15 OR=15 el=17 er=18 ed=-1 dl=17 dr=18 cl=0 cr=0 ok=5183 fail=0 vofa=firewater rx=1360 txdrop=49752
1775108994.3219566,1775108994321956700,4873105786700,HB,1291455,29621.0,1,-2.769,-0.499,17.0,18.0,-1.0,15.0,15.0,15.0,15.0,17.0,18.0,0,0,,HB tick=1291455 exp_id=240 t_ms=29621 run=1 ts=35.000 as=17.500 ta=0.000 aa=-2.895 se=17.500 so=15.300 ae=2.895 ao=0.374 pwm=15 pc=15 hd=0 y=-2.769 yr=-0.499 L=15 R=15 OL=15 OR=15 el=17 er=18 ed=-1 dl=17 dr=18 cl=0 cr=0 ok=5184 fail=0 vofa=firewater rx=1360 txdrop=49752
1775108994.5298555,1775108994529855500,4873313685400,HB,1291664,29830.0,1,-2.616,-0.067,18.0,18.0,0.0,15.0,15.0,15.0,15.0,18.0,18.0,0,0,,HB tick=1291664 exp_id=240 t_ms=29830 run=1 ts=35.000 as=18.000 ta=0.000 aa=-2.997 se=17.000 so=15.000 ae=2.997 ao=0.385 pwm=15 pc=15 hd=0 y=-2.616 yr=-0.067 L=15 R=15 OL=15 OR=15 el=18 er=18 ed=0 dl=18 dr=18 cl=0 cr=0 ok=5185 fail=0 vofa=firewater rx=1360 txdrop=49752
1775108994.7374737,1775108994737473800,4873521303700,HB,1291869,30035.0,1,-2.807,-0.37,18.0,18.0,0.0,15.0,15.0,15.0,15.0,18.0,18.0,0,0,,HB tick=1291869 exp_id=240 t_ms=30035 run=1 ts=35.000 as=18.000 ta=0.000 aa=-2.843 se=17.000 so=15.000 ae=2.843 ao=0.345 pwm=15 pc=15 hd=0 y=-2.807 yr=-0.370 L=15 R=15 OL=15 OR=15 el=18 er=18 ed=0 dl=18 dr=18 cl=0 cr=0 ok=5186 fail=0 vofa=firewater rx=1360 txdrop=49752
1775109008.563908,1775109008563908100,4887347739100,HB,1305582,0.0,0,-0.8,0.0,0.0,0.0,0.0,0.0,0.0,0.0,0.0,0.0,0.0,0,0,,HB tick=1305582 run=0 ts=0.000 as=0.000 ta=0.000 aa=0.000 se=0.000 so=0.000 ae=0.000 ao=0.000 pwm=0 pc=0 hd=0 y=-0.800 yr=0.000 L=0 R=0 OL=0 OR=0 el=0 er=0 ed=0 dl=0 dr=0 cl=0 cr=0 ok=5187 fail=0 vofa=firewater rx=1416 txdrop=61974
1775109008.6584954,1775109008658495500,4887442325300,HB,1305799,0.0,0,-0.8,0.0,0.0,0.0,0.0,0.0,0.0,0.0,0.0,0.0,0.0,0,0,,HB tick=1305799 run=0 ts=0.000 as=0.000 ta=0.000 aa=0.000 se=0.000 so=0.000 ae=0.000 ao=0.000 pwm=0 pc=0 hd=0 y=-0.800 yr=0.000 L=0 R=0 OL=0 OR=0 el=0 er=0 ed=0 dl=0 dr=0 cl=0 cr=0 ok=5188 fail=0 vofa=firewater rx=1416 txdrop=61974
1775109008.856956,1775109008856955900,4887640787700,HB,1306003,0.0,0,-0.8,-0.0,0.0,0.0,0.0,0.0,0.0,0.0,0.0,0.0,0.0,0,0,,HB tick=1306003 run=0 ts=0.000 as=0.000 ta=0.000 aa=0.000 se=0.000 so=0.000 ae=0.000 ao=0.000 pwm=0 pc=0 hd=0 y=-0.800 yr=-0.000 L=0 R=0 OL=0 OR=0 el=0 er=0 ed=0 dl=0 dr=0 cl=0 cr=0 ok=5189 fail=0 vofa=firewater rx=1416 txdrop=61974
1775109009.0652087,1775109009065208700,4887849039100,HB,1306205,0.0,0,-0.8,-0.0,0.0,0.0,0.0,0.0,0.0,0.0,0.0,0.0,0.0,0,0,,HB tick=1306205 run=0 ts=0.000 as=0.000 ta=0.000 aa=0.000 se=0.000 so=0.000 ae=0.000 ao=0.000 pwm=0 pc=0 hd=0 y=-0.800 yr=-0.000 L=0 R=0 OL=0 OR=0 el=0 er=0 ed=0 dl=0 dr=0 cl=0 cr=0 ok=5190 fail=0 vofa=firewater rx=1416 txdrop=61974
1775109009.2626407,1775109009262640600,4888046470700,HB,1306408,0.0,0,-0.8,0.0,0.0,0.0,0.0,0.0,0.0,0.0,0.0,0.0,0.0,0,0,,HB tick=1306408 run=0 ts=0.000 as=0.000 ta=0.000 aa=0.000 se=0.000 so=0.000 ae=0.000 ao=0.000 pwm=0 pc=0 hd=0 y=-0.800 yr=0.000 L=0 R=0 OL=0 OR=0 el=0 er=0 ed=0 dl=0 dr=0 cl=0 cr=0 ok=5191 fail=0 vofa=firewater rx=1416 txdrop=61974
1775109009.493292,1775109009493292100,4888277122100,HB,1306617,0.0,0,-0.799,0.001,0.0,0.0,0.0,0.0,0.0,0.0,0.0,0.0,0.0,0,0,,HB tick=1306617 run=0 ts=0.000 as=0.000 ta=0.000 aa=0.000 se=0.000 so=0.000 ae=0.000 ao=0.000 pwm=0 pc=0 hd=0 y=-0.799 yr=0.001 L=0 R=0 OL=0 OR=0 el=0 er=0 ed=0 dl=0 dr=0 cl=0 cr=0 ok=5192 fail=0 vofa=firewater rx=1416 txdrop=61974
1775109009.6804178,1775109009680417900,4888464247900,HB,1306821,0.0,0,-0.799,0.001,0.0,0.0,0.0,0.0,0.0,0.0,0.0,0.0,0.0,0,0,,HB tick=1306821 run=0 ts=0.000 as=0.000 ta=0.000 aa=0.000 se=0.000 so=0.000 ae=0.000 ao=0.000 pwm=0 pc=0 hd=0 y=-0.799 yr=0.001 L=0 R=0 OL=0 OR=0 el=0 er=0 ed=0 dl=0 dr=0 cl=0 cr=0 ok=5193 fail=0 vofa=firewater rx=1416 txdrop=61974
1775109009.8772128,1775109009877212700,4888661043100,HB,1307024,0.0,0,-0.799,0.0,0.0,0.0,0.0,0.0,0.0,0.0,0.0,0.0,0.0,0,0,,HB tick=1307024 run=0 ts=0.000 as=0.000 ta=0.000 aa=0.000 se=0.000 so=0.000 ae=0.000 ao=0.000 pwm=0 pc=0 hd=0 y=-0.799 yr=0.000 L=0 R=0 OL=0 OR=0 el=0 er=0 ed=0 dl=0 dr=0 cl=0 cr=0 ok=5194 fail=0 vofa=firewater rx=1416 txdrop=61974
1775109010.084846,1775109010084846100,4888868676500,HB,1307227,0.0,0,-0.799,0.0,0.0,0.0,0.0,0.0,0.0,0.0,0.0,0.0,0.0,0,0,,HB tick=1307227 run=0 ts=0.000 as=0.000 ta=0.000 aa=0.000 se=0.000 so=0.000 ae=0.000 ao=0.000 pwm=0 pc=0 hd=0 y=-0.799 yr=0.000 L=0 R=0 OL=0 OR=0 el=0 er=0 ed=0 dl=0 dr=0 cl=0 cr=0 ok=5195 fail=0 vofa=firewater rx=1416 txdrop=61974
1775109010.2833633,1775109010283363200,4889067195500,HB,1307430,0.0,0,-0.799,0.0,0.0,0.0,0.0,0.0,0.0,0.0,0.0,0.0,0.0,0,0,,HB tick=1307430 run=0 ts=0.000 as=0.000 ta=0.000 aa=0.000 se=0.000 so=0.000 ae=0.000 ao=0.000 pwm=0 pc=0 hd=0 y=-0.799 yr=0.000 L=0 R=0 OL=0 OR=0 el=0 er=0 ed=0 dl=0 dr=0 cl=0 cr=0 ok=5196 fail=0 vofa=firewater rx=1416 txdrop=61974
1775109010.5143223,1775109010514322200,4889298153000,HB,1307638,0.0,0,-0.799,0.001,0.0,0.0,0.0,0.0,0.0,0.0,0.0,0.0,0.0,0,0,,HB tick=1307638 run=0 ts=0.000 as=0.000 ta=0.000 aa=0.000 se=0.000 so=0.000 ae=0.000 ao=0.000 pwm=0 pc=0 hd=0 y=-0.799 yr=0.001 L=0 R=0 OL=0 OR=0 el=0 er=0 ed=0 dl=0 dr=0 cl=0 cr=0 ok=5197 fail=0 vofa=firewater rx=1416 txdrop=61974
1775109010.7033052,1775109010703305300,4889487136200,HB,1307842,0.0,0,-0.799,0.0,0.0,0.0,0.0,0.0,0.0,0.0,0.0,0.0,0.0,0,0,,HB tick=1307842 run=0 ts=0.000 as=0.000 ta=0.000 aa=0.000 se=0.000 so=0.000 ae=0.000 ao=0.000 pwm=0 pc=0 hd=0 y=-0.799 yr=0.000 L=0 R=0 OL=0 OR=0 el=0 er=0 ed=0 dl=0 dr=0 cl=0 cr=0 ok=5198 fail=0 vofa=firewater rx=1416 txdrop=61974
1775109010.9013867,1775109010901386700,4889685219300,HB,1308045,0.0,0,-0.806,-0.011,0.0,0.0,0.0,0.0,0.0,0.0,0.0,0.0,0.0,0,0,,HB tick=1308045 run=0 ts=0.000 as=0.000 ta=0.000 aa=0.000 se=0.000 so=0.000 ae=0.000 ao=0.000 pwm=0 pc=0 hd=0 y=-0.806 yr=-0.011 L=0 R=0 OL=0 OR=0 el=0 er=0 ed=0 dl=0 dr=0 cl=0 cr=0 ok=5199 fail=0 vofa=firewater rx=1416 txdrop=61974
