host_time_s,host_time_ns,host_monotonic_ns,source,tick,t_ms,run,yaw,yaw_rate,left_encoder,right_encoder,encoder_diff,left_output,right_output,left_core,right_core,raw_left_delta,raw_right_delta,left_clamped,right_clamped,anomaly_flags,raw_line
1775110650.1931312,1775110650193131300,6528976961900,HB,1049772,0.0,0,-1.056,0.001,0.0,0.0,0.0,0.0,0.0,0.0,0.0,0.0,0.0,0,0,,HB tick=1049772 run=0 ts=0.000 as=0.000 ta=0.000 aa=0.000 se=0.000 so=0.000 ae=0.000 ao=0.000 pwm=0 pc=0 hd=0 y=-1.056 yr=0.001 L=0 R=0 OL=0 OR=0 el=0 er=0 ed=0 dl=0 dr=0 cl=0 cr=0 ok=4264 fail=0 vofa=firewater rx=329 txdrop=12428
1775110650.1931312,1775110650193131302,6528976961902,HB,1050124,0.0,0,-1.056,0.0,0.0,0.0,0.0,0.0,0.0,0.0,0.0,0.0,0.0,0,0,,HB tick=1050124 run=0 ts=0.000 as=0.000 ta=0.000 aa=0.000 se=0.000 so=0.000 ae=0.000 ao=0.000 pwm=0 pc=0 hd=0 y=-1.056 yr=0.000 L=0 R=0 OL=0 OR=0 el=0 er=0 ed=0 dl=0 dr=0 cl=0 cr=0 ok=4265 fail=0 vofa=firewater rx=329 txdrop=12428
1775110650.1931312,1775110650193131303,6528976961903,HB,1050355,0.0,0,-1.056,0.0,0.0,0.0,0.0,0.0,0.0,0.0,0.0,0.0,0.0,0,0,,HB tick=1050355 run=0 ts=0.000 as=0.000 ta=0.000 aa=0.000 se=0.000 so=0.000 ae=0.000 ao=0.000 pwm=0 pc=0 hd=0 y=-1.056 yr=0.000 L=0 R=0 OL=0 OR=0 el=0 er=0 ed=0 dl=0 dr=0 cl=0 cr=0 ok=4266 fail=0 vofa=firewater rx=329 txdrop=12428
1775110650.2242377,1775110650224237500,6529008067500,HB,1050558,0.0,0,-1.056,0.0,0.0,0.0,0.0,0.0,0.0,0.0,0.0,0.0,0.0,0,0,,HB tick=1050558 run=0 ts=0.000 as=0.000 ta=0.000 aa=0.000 se=0.000 so=0.000 ae=0.000 ao=0.000 pwm=0 pc=0 hd=0 y=-1.056 yr=0.000 L=0 R=0 OL=0 OR=0 el=0 er=0 ed=0 dl=0 dr=0 cl=0 cr=0 ok=4267 fail=0 vofa=firewater rx=329 txdrop=12428
1775110650.6075873,1775110650607587200,6529391416900,HB,1050947,0.0,0,-1.056,-0.0,0.0,0.0,0.0,0.0,0.0,0.0,0.0,0.0,0.0,0,0,,HB tick=1050947 run=0 ts=0.000 as=0.000 ta=0.000 aa=0.000 se=0.000 so=0.000 ae=0.000 ao=0.000 pwm=0 pc=0 hd=0 y=-1.056 yr=-0.000 L=0 R=0 OL=0 OR=0 el=0 er=0 ed=0 dl=0 dr=0 cl=0 cr=0 ok=4268 fail=0 vofa=firewater rx=329 txdrop=12428
1775110650.7732148,1775110650773214800,6529557045000,STAT,1051090,0.0,0,-1.055931,-0.000414,0.0,0.0,0.0,0.0,0.0,0.0,0.0,0.0,0.0,0,0,,STAT tick=1051090 run=0 ts=0.000000 as=0.000000 ta=0.000000 aa=0.000000 se=0.000000 so=0.000000 ae=0.000000 ao=0.000000 pwm=0 pc=0 hd=0 y=-1.055931 p=-0.292314 r=5.292574 yr=-0.000414 ax=0 ay=0 az=0 gx=0 gy=0 gz=0 who=0x85 addr=0x4A icm_ok=5262 icm_fail=0 L=0 R=0 OL=0 OR=0 el=0 er=0 ed=0 dl=0 dr=0 cl=0 cr=0 skp=0.600000 ski=0.012000 skd=0.000000 akp=0.120000 aki=0.000000 akd=0.050000 ok=4269 fail=0 rx=335 txdrop=12428
1775110650.835114,1775110650835114100,6529618943700,HB,1051153,0.0,0,-1.056,-0.0,0.0,0.0,0.0,0.0,0.0,0.0,0.0,0.0,0.0,0,0,,HB tick=1051153 run=0 ts=0.000 as=0.000 ta=0.000 aa=0.000 se=0.000 so=0.000 ae=0.000 ao=0.000 pwm=0 pc=0 hd=0 y=-1.056 yr=-0.000 L=0 R=0 OL=0 OR=0 el=0 er=0 ed=0 dl=0 dr=0 cl=0 cr=0 ok=4269 fail=0 vofa=firewater rx=335 txdrop=12428
1775110651.2088082,1775110651208808100,6529992637800,HB,1051547,0.0,0,-1.056,-0.0,0.0,0.0,0.0,0.0,0.0,0.0,0.0,0.0,0.0,0,0,,HB tick=1051547 run=0 ts=0.000 as=0.000 ta=0.000 aa=0.000 se=0.000 so=0.000 ae=0.000 ao=0.000 pwm=0 pc=0 hd=0 y=-1.056 yr=-0.000 L=0 R=0 OL=0 OR=0 el=0 er=0 ed=0 dl=0 dr=0 cl=0 cr=0 ok=4270 fail=0 vofa=firewater rx=335 txdrop=12428
1775110651.417019,1775110651417018800,6530200848800,HB,1051749,0.0,0,-1.056,0.0,0.0,0.0,0.0,0.0,0.0,0.0,0.0,0.0,0.0,0,0,,HB tick=1051749 run=0 ts=0.000 as=0.000 ta=0.000 aa=0.000 se=0.000 so=0.000 ae=0.000 ao=0.000 pwm=0 pc=0 hd=0 y=-1.056 yr=0.000 L=0 R=0 OL=0 OR=0 el=0 er=0 ed=0 dl=0 dr=0 cl=0 cr=0 ok=4271 fail=0 vofa=firewater rx=335 txdrop=12428
1775110651.6140199,1775110651614019900,6530397850300,HB,1051957,0.0,0,-1.056,0.0,0.0,0.0,0.0,0.0,0.0,0.0,0.0,0.0,0.0,0,0,,HB tick=1051957 run=0 ts=0.000 as=0.000 ta=0.000 aa=0.000 se=0.000 so=0.000 ae=0.000 ao=0.000 pwm=0 pc=0 hd=0 y=-1.056 yr=0.000 L=0 R=0 OL=0 OR=0 el=0 er=0 ed=0 dl=0 dr=0 cl=0 cr=0 ok=4272 fail=0 vofa=firewater rx=335 txdrop=12428
1775110652.0293834,1775110652029383500,6530813213000,HB,1052347,0.0,0,-1.056,0.0,0.0,0.0,0.0,0.0,0.0,0.0,0.0,0.0,0.0,0,0,,HB tick=1052347 run=0 ts=0.000 as=0.000 ta=0.000 aa=0.000 se=0.000 so=0.000 ae=0.000 ao=0.000 pwm=0 pc=0 hd=0 y=-1.056 yr=0.000 L=0 R=0 OL=0 OR=0 el=0 er=0 ed=0 dl=0 dr=0 cl=0 cr=0 ok=4273 fail=0 vofa=firewater rx=335 txdrop=12428
1775110652.350508,1775110652350508100,6531134338000,HB,1052692,0.0,0,-1.056,0.0,0.0,0.0,0.0,0.0,0.0,0.0,0.0,0.0,0.0,0,0,,HB tick=1052692 run=0 ts=0.000 as=0.000 ta=0.000 aa=0.000 se=0.000 so=0.000 ae=0.000 ao=0.000 pwm=0 pc=0 hd=0 y=-1.056 yr=0.000 L=0 R=0 OL=0 OR=0 el=0 er=0 ed=0 dl=0 dr=0 cl=0 cr=0 ok=4274 fail=0 vofa=firewater rx=335 txdrop=12428
1775110652.5874999,1775110652587499700,6531371330200,HB,1052923,0.0,0,-1.056,0.0,0.0,0.0,0.0,0.0,0.0,0.0,0.0,0.0,0.0,0,0,,HB tick=1052923 run=0 ts=0.000 as=0.000 ta=0.000 aa=0.000 se=0.000 so=0.000 ae=0.000 ao=0.000 pwm=0 pc=0 hd=0 y=-1.056 yr=0.000 L=0 R=0 OL=0 OR=0 el=0 er=0 ed=0 dl=0 dr=0 cl=0 cr=0 ok=4275 fail=0 vofa=firewater rx=335 txdrop=12428
1775110652.7843108,1775110652784310800,6531568140400,HB,1053126,0.0,0,-1.055,0.001,0.0,0.0,0.0,0.0,0.0,0.0,0.0,0.0,0.0,0,0,,HB tick=1053126 run=0 ts=0.000 as=0.000 ta=0.000 aa=0.000 se=0.000 so=0.000 ae=0.000 ao=0.000 pwm=0 pc=0 hd=0 y=-1.055 yr=0.001 L=0 R=0 OL=0 OR=0 el=0 er=0 ed=0 dl=0 dr=0 cl=0 cr=0 ok=4276 fail=0 vofa=firewater rx=341 txdrop=12428
1775110652.9913878,1775110652991388000,6531775217600,HB,1053329,0.0,0,-1.055,0.0,0.0,0.0,0.0,0.0,0.0,0.0,0.0,0.0,0.0,0,0,,HB tick=1053329 run=0 ts=0.000 as=0.000 ta=0.000 aa=0.000 se=0.000 so=0.000 ae=0.000 ao=0.000 pwm=0 pc=0 hd=0 y=-1.055 yr=0.000 L=0 R=0 OL=0 OR=0 el=0 er=0 ed=0 dl=0 dr=0 cl=0 cr=0 ok=4277 fail=0 vofa=firewater rx=341 txdrop=12428
1775110653.2200441,1775110653220044000,6532003873600,HB,1053538,0.0,0,-1.055,0.0,0.0,0.0,0.0,0.0,0.0,0.0,0.0,0.0,0.0,0,0,,HB tick=1053538 run=0 ts=0.000 as=0.000 ta=0.000 aa=0.000 se=0.000 so=0.000 ae=0.000 ao=0.000 pwm=0 pc=0 hd=0 y=-1.055 yr=0.000 L=0 R=0 OL=0 OR=0 el=0 er=0 ed=0 dl=0 dr=0 cl=0 cr=0 ok=4278 fail=0 vofa=firewater rx=341 txdrop=12428
1775110653.647443,1775110653647443000,6532431272600,HB,1053741,0.0,0,-1.055,0.0,0.0,0.0,0.0,0.0,0.0,0.0,0.0,0.0,0.0,0,0,,HB tick=1053741 run=0 ts=0.000 as=0.000 ta=0.000 aa=0.000 se=0.000 so=0.000 ae=0.000 ao=0.000 pwm=0 pc=0 hd=0 y=-1.055 yr=0.000 L=0 R=0 OL=0 OR=0 el=0 er=0 ed=0 dl=0 dr=0 cl=0 cr=0 ok=4279 fail=0 vofa=firewater rx=341 txdrop=12428
1775110653.647443,1775110653647443001,6532431272601,HB,1053944,0.0,0,-1.055,0.0,0.0,0.0,0.0,0.0,0.0,0.0,0.0,0.0,0.0,0,0,,HB tick=1053944 run=0 ts=0.000 as=0.000 ta=0.000 aa=0.000 se=0.000 so=0.000 ae=0.000 ao=0.000 pwm=0 pc=0 hd=0 y=-1.055 yr=0.000 L=0 R=0 OL=0 OR=0 el=0 er=0 ed=0 dl=0 dr=0 cl=0 cr=0 ok=4280 fail=0 vofa=firewater rx=341 txdrop=12428
1775110653.9898808,1775110653989880800,6532773711300,HB,1054332,0.0,0,-1.055,0.0,0.0,0.0,0.0,0.0,0.0,0.0,0.0,0.0,0.0,0,0,,HB tick=1054332 run=0 ts=0.000 as=0.000 ta=0.000 aa=0.000 se=0.000 so=0.000 ae=0.000 ao=0.000 pwm=0 pc=0 hd=0 y=-1.055 yr=0.000 L=0 R=0 OL=0 OR=0 el=0 er=0 ed=0 dl=0 dr=0 cl=0 cr=0 ok=4281 fail=0 vofa=firewater rx=346 txdrop=12428
1775110654.1990464,1775110654199046400,6532982876300,HB,1054535,0.0,0,-1.055,0.0,0.0,0.0,0.0,0.0,0.0,0.0,0.0,0.0,0.0,0,0,,HB tick=1054535 run=0 ts=0.000 as=0.000 ta=0.000 aa=0.000 se=0.000 so=0.000 ae=0.000 ao=0.000 pwm=0 pc=0 hd=0 y=-1.055 yr=0.000 L=0 R=0 OL=0 OR=0 el=0 er=0 ed=0 dl=0 dr=0 cl=0 cr=0 ok=4282 fail=0 vofa=firewater rx=346 txdrop=12428
1775110654.4172907,1775110654417290700,6533201120500,HB,1054739,0.0,0,-1.055,0.0,0.0,0.0,0.0,0.0,0.0,0.0,0.0,0.0,0.0,0,0,,HB tick=1054739 run=0 ts=0.000 as=0.000 ta=0.000 aa=0.000 se=0.000 so=0.000 ae=0.000 ao=0.000 pwm=0 pc=0 hd=0 y=-1.055 yr=0.000 L=0 R=0 OL=0 OR=0 el=0 er=0 ed=0 dl=0 dr=0 cl=0 cr=0 ok=4283 fail=0 vofa=firewater rx=346 txdrop=12428
1775110654.6044974,1775110654604497300,6533388327200,HB,1054943,0.0,0,-1.056,-0.001,0.0,0.0,0.0,0.0,0.0,0.0,0.0,0.0,0.0,0,0,,HB tick=1054943 run=0 ts=0.000 as=0.000 ta=0.000 aa=0.000 se=0.000 so=0.000 ae=0.000 ao=0.000 pwm=0 pc=0 hd=0 y=-1.056 yr=-0.001 L=0 R=0 OL=0 OR=0 el=0 er=0 ed=0 dl=0 dr=0 cl=0 cr=0 ok=4284 fail=0 vofa=firewater rx=346 txdrop=12428
1775110654.8119268,1775110654811926800,6533595756800,HB,1055146,0.0,0,-1.056,-0.001,0.0,0.0,0.0,0.0,0.0,0.0,0.0,0.0,0.0,0,0,,HB tick=1055146 run=0 ts=0.000 as=0.000 ta=0.000 aa=0.000 se=0.000 so=0.000 ae=0.000 ao=0.000 pwm=0 pc=0 hd=0 y=-1.056 yr=-0.001 L=0 R=0 OL=0 OR=0 el=0 er=0 ed=0 dl=0 dr=0 cl=0 cr=0 ok=4285 fail=0 vofa=firewater rx=346 txdrop=12428
1775110655.2058794,1775110655205879500,6533989709300,HB,1055535,0.0,0,-1.056,-0.001,0.0,0.0,0.0,0.0,0.0,0.0,0.0,0.0,0.0,0,0,,HB tick=1055535 run=0 ts=0.000 as=0.000 ta=0.000 aa=0.000 se=0.000 so=0.000 ae=0.000 ao=0.000 pwm=0 pc=0 hd=0 y=-1.056 yr=-0.001 L=0 R=0 OL=0 OR=0 el=0 er=0 ed=0 dl=0 dr=0 cl=0 cr=0 ok=4286 fail=0 vofa=firewater rx=351 txdrop=12428
1775110655.5687106,1775110655568710600,6534352540200,HB,1055881,0.0,0,-1.057,-0.001,0.0,0.0,0.0,0.0,0.0,0.0,0.0,0.0,0.0,0,0,,HB tick=1055881 run=0 ts=0.000 as=0.000 ta=0.000 aa=0.000 se=0.000 so=0.000 ae=0.000 ao=0.000 pwm=0 pc=0 hd=0 y=-1.057 yr=-0.001 L=0 R=0 OL=0 OR=0 el=0 er=0 ed=0 dl=0 dr=0 cl=0 cr=0 ok=4287 fail=0 vofa=firewater rx=351 txdrop=12428
1775110655.7764869,1775110655776486900,6534560316600,HB,1056112,0.0,0,-1.057,-0.001,0.0,0.0,0.0,0.0,0.0,0.0,0.0,0.0,0.0,0,0,,HB tick=1056112 run=0 ts=0.000 as=0.000 ta=0.000 aa=0.000 se=0.000 so=0.000 ae=0.000 ao=0.000 pwm=0 pc=0 hd=0 y=-1.057 yr=-0.001 L=0 R=0 OL=0 OR=0 el=0 er=0 ed=0 dl=0 dr=0 cl=0 cr=0 ok=4288 fail=0 vofa=firewater rx=351 txdrop=12428
1775110655.9749582,1775110655974958100,6534758788100,HB,1056315,0.0,0,-1.057,-0.001,0.0,0.0,0.0,0.0,0.0,0.0,0.0,0.0,0.0,0,0,,HB tick=1056315 run=0 ts=0.000 as=0.000 ta=0.000 aa=0.000 se=0.000 so=0.000 ae=0.000 ao=0.000 pwm=0 pc=0 hd=0 y=-1.057 yr=-0.001 L=0 R=0 OL=0 OR=0 el=0 er=0 ed=0 dl=0 dr=0 cl=0 cr=0 ok=4289 fail=0 vofa=firewater rx=351 txdrop=12428
1775110656.367556,1775110656367556200,6535151385900,HB,1056704,0.0,0,-1.057,0.0,0.0,0.0,0.0,0.0,0.0,0.0,0.0,0.0,0.0,0,0,,HB tick=1056704 run=0 ts=0.000 as=0.000 ta=0.000 aa=0.000 se=0.000 so=0.000 ae=0.000 ao=0.000 pwm=0 pc=0 hd=0 y=-1.057 yr=0.000 L=0 R=0 OL=0 OR=0 el=0 er=0 ed=0 dl=0 dr=0 cl=0 cr=0 ok=4290 fail=0 vofa=firewater rx=360 txdrop=12428
1775110656.5953228,1775110656595322800,6535379152500,HB,1056908,0.0,0,-1.057,0.0,0.0,0.0,0.0,0.0,0.0,0.0,0.0,0.0,0.0,0,0,,HB tick=1056908 run=0 ts=0.000 as=0.000 ta=0.000 aa=0.000 se=0.000 so=0.000 ae=0.000 ao=0.000 pwm=0 pc=0 hd=0 y=-1.057 yr=0.000 L=0 R=0 OL=0 OR=0 el=0 er=0 ed=0 dl=0 dr=0 cl=0 cr=0 ok=4291 fail=0 vofa=firewater rx=360 txdrop=12428
1775110656.8321748,1775110656832174800,6535616004500,HB,1057116,0.0,0,-1.057,-0.0,0.0,0.0,0.0,0.0,0.0,0.0,0.0,0.0,0.0,0,0,,HB tick=1057116 run=0 ts=0.000 as=0.000 ta=0.000 aa=0.000 se=0.000 so=0.000 ae=0.000 ao=0.000 pwm=0 pc=0 hd=0 y=-1.057 yr=-0.000 L=0 R=0 OL=0 OR=0 el=0 er=0 ed=0 dl=0 dr=0 cl=0 cr=0 ok=4292 fail=0 vofa=firewater rx=360 txdrop=12428
1775110656.997671,1775110656997670900,6535781500700,HB,1057336,0.0,0,-1.056,0.001,0.0,0.0,0.0,0.0,0.0,0.0,0.0,0.0,0.0,0,0,,HB tick=1057336 run=0 ts=0.000 as=0.000 ta=0.000 aa=0.000 se=0.000 so=0.000 ae=0.000 ao=0.000 pwm=0 pc=0 hd=0 y=-1.056 yr=0.001 L=0 R=0 OL=0 OR=0 el=0 er=0 ed=0 dl=0 dr=0 cl=0 cr=0 ok=4293 fail=0 vofa=firewater rx=369 txdrop=12428
1775110657.350087,1775110657350087000,6536133916700,HB,1057692,0.0,0,-1.056,0.001,0.0,0.0,0.0,0.0,0.0,0.0,0.0,0.0,0.0,0,0,,HB tick=1057692 run=0 ts=0.000 as=0.000 ta=0.000 aa=0.000 se=0.000 so=0.000 ae=0.000 ao=0.000 pwm=0 pc=0 hd=0 y=-1.056 yr=0.001 L=0 R=0 OL=0 OR=0 el=0 er=0 ed=0 dl=0 dr=0 cl=0 cr=0 ok=4294 fail=0 vofa=firewater rx=369 txdrop=12428
1775110657.6088183,1775110657608818300,6536392648200,HB,1057924,0.0,0,-1.056,0.0,0.0,0.0,0.0,0.0,0.0,0.0,0.0,0.0,0.0,0,0,,HB tick=1057924 run=0 ts=0.000 as=0.000 ta=0.000 aa=0.000 se=0.000 so=0.000 ae=0.000 ao=0.000 pwm=0 pc=0 hd=0 y=-1.056 yr=0.000 L=0 R=0 OL=0 OR=0 el=0 er=0 ed=0 dl=0 dr=0 cl=0 cr=0 ok=4295 fail=0 vofa=firewater rx=380 txdrop=12428
1775110657.972304,1775110657972304100,6536756142400,HB,1058314,0.0,0,-1.056,0.0,0.0,0.0,0.0,0.0,0.0,0.0,0.0,0.0,0.0,0,0,,HB tick=1058314 run=0 ts=0.000 as=0.000 ta=0.000 aa=0.000 se=0.000 so=0.000 ae=0.000 ao=0.000 pwm=0 pc=0 hd=0 y=-1.056 yr=0.000 L=0 R=0 OL=0 OR=0 el=0 er=0 ed=0 dl=0 dr=0 cl=0 cr=0 ok=4296 fail=0 vofa=firewater rx=380 txdrop=12428
1775110658.1783235,1775110658178323500,6536962153800,HB,1058517,0.0,0,-1.056,0.001,0.0,0.0,0.0,0.0,0.0,0.0,0.0,0.0,0.0,0,0,,HB tick=1058517 run=0 ts=0.000 as=0.000 ta=0.000 aa=0.000 se=0.000 so=0.000 ae=0.000 ao=0.000 pwm=0 pc=0 hd=0 y=-1.056 yr=0.001 L=0 R=0 OL=0 OR=0 el=0 er=0 ed=0 dl=0 dr=0 cl=0 cr=0 ok=4297 fail=0 vofa=firewater rx=380 txdrop=12428
1775110658.3865988,1775110658386598900,6537170428700,HB,1058720,0.0,0,-1.056,0.0,0.0,0.0,0.0,0.0,0.0,0.0,0.0,0.0,0.0,0,0,,HB tick=1058720 run=0 ts=0.000 as=0.000 ta=0.000 aa=0.000 se=0.000 so=0.000 ae=0.000 ao=0.000 pwm=0 pc=0 hd=0 y=-1.056 yr=0.000 L=0 R=0 OL=0 OR=0 el=0 er=0 ed=0 dl=0 dr=0 cl=0 cr=0 ok=4298 fail=0 vofa=firewater rx=389 txdrop=12428
1775110658.6067693,1775110658606769500,6537390599400,HB,1058924,0.0,0,-1.056,0.0,0.0,0.0,0.0,0.0,0.0,0.0,0.0,0.0,0.0,0,0,,HB tick=1058924 run=0 ts=0.000 as=0.000 ta=0.000 aa=0.000 se=0.000 so=0.000 ae=0.000 ao=0.000 pwm=0 pc=0 hd=0 y=-1.056 yr=0.000 L=0 R=0 OL=0 OR=0 el=0 er=0 ed=0 dl=0 dr=0 cl=0 cr=0 ok=4299 fail=0 vofa=firewater rx=389 txdrop=12428
1775110658.977934,1775110658977933700,6537761763700,HB,1059314,0.0,0,-1.056,0.001,0.0,0.0,0.0,0.0,0.0,0.0,0.0,0.0,0.0,0,0,,HB tick=1059314 run=0 ts=0.000 as=0.000 ta=0.000 aa=0.000 se=0.000 so=0.000 ae=0.000 ao=0.000 pwm=0 pc=0 hd=0 y=-1.056 yr=0.001 L=0 R=0 OL=0 OR=0 el=0 er=0 ed=0 dl=0 dr=0 cl=0 cr=0 ok=4300 fail=0 vofa=firewater rx=399 txdrop=12428
1775110659.319057,1775110659319056900,6538102886700,HB,1059659,0.0,0,-1.056,0.0,0.0,0.0,0.0,0.0,0.0,0.0,0.0,0.0,0.0,0,0,,HB tick=1059659 run=0 ts=0.000 as=0.000 ta=0.000 aa=0.000 se=0.000 so=0.000 ae=0.000 ao=0.000 pwm=0 pc=0 hd=0 y=-1.056 yr=0.000 L=0 R=0 OL=0 OR=0 el=0 er=0 ed=0 dl=0 dr=0 cl=0 cr=0 ok=4301 fail=0 vofa=firewater rx=399 txdrop=12428
1775110659.5463023,1775110659546302100,6538330132100,HB,1059889,0.0,0,-1.056,0.0,0.0,0.0,0.0,0.0,0.0,0.0,0.0,0.0,0.0,0,0,,HB tick=1059889 run=0 ts=0.000 as=0.000 ta=0.000 aa=0.000 se=0.000 so=0.000 ae=0.000 ao=0.000 pwm=0 pc=0 hd=0 y=-1.056 yr=0.000 L=0 R=0 OL=0 OR=0 el=0 er=0 ed=0 dl=0 dr=0 cl=0 cr=0 ok=4302 fail=0 vofa=firewater rx=399 txdrop=12428
1775110659.775216,1775110659775216200,6538559046800,HB,1060097,0.0,0,-1.055,0.001,0.0,0.0,0.0,0.0,0.0,0.0,0.0,0.0,0.0,0,0,,HB tick=1060097 run=0 ts=0.000 as=0.000 ta=0.000 aa=0.000 se=0.000 so=0.000 ae=0.000 ao=0.000 pwm=0 pc=0 hd=0 y=-1.055 yr=0.001 L=0 R=0 OL=0 OR=0 el=0 er=0 ed=0 dl=0 dr=0 cl=0 cr=0 ok=4303 fail=0 vofa=firewater rx=408 txdrop=12428
1775110659.962084,1775110659962084200,6538745913900,HB,1060301,0.0,0,-1.055,0.001,0.0,0.0,0.0,0.0,0.0,0.0,0.0,0.0,0.0,0,0,,HB tick=1060301 run=0 ts=0.000 as=0.000 ta=0.000 aa=0.000 se=0.000 so=0.000 ae=0.000 ao=0.000 pwm=0 pc=0 hd=0 y=-1.055 yr=0.001 L=0 R=0 OL=0 OR=0 el=0 er=0 ed=0 dl=0 dr=0 cl=0 cr=0 ok=4304 fail=0 vofa=firewater rx=408 txdrop=12428
1775110660.1977696,1775110660197769800,6538981599500,HB,1060503,0.0,0,-1.055,0.0,0.0,0.0,0.0,0.0,0.0,0.0,0.0,0.0,0.0,0,0,,HB tick=1060503 run=0 ts=0.000 as=0.000 ta=0.000 aa=0.000 se=0.000 so=0.000 ae=0.000 ao=0.000 pwm=0 pc=0 hd=0 y=-1.055 yr=0.000 L=0 R=0 OL=0 OR=0 el=0 er=0 ed=0 dl=0 dr=0 cl=0 cr=0 ok=4305 fail=0 vofa=firewater rx=408 txdrop=12428
1775110660.5072849,1775110660507285100,6539291114700,HB,1060849,0.0,0,-1.055,-0.0,0.0,0.0,0.0,0.0,0.0,0.0,0.0,0.0,0.0,0,0,,HB tick=1060849 run=0 ts=0.000 as=0.000 ta=0.000 aa=0.000 se=0.000 so=0.000 ae=0.000 ao=0.000 pwm=0 pc=0 hd=0 y=-1.055 yr=-0.000 L=0 R=0 OL=0 OR=0 el=0 er=0 ed=0 dl=0 dr=0 cl=0 cr=0 ok=4306 fail=0 vofa=firewater rx=418 txdrop=12428
1775110660.7440898,1775110660744089800,6539527919500,HB,1061079,0.0,0,-1.055,-0.0,0.0,0.0,0.0,0.0,0.0,0.0,0.0,0.0,0.0,0,0,,HB tick=1061079 run=0 ts=0.000 as=0.000 ta=0.000 aa=0.000 se=0.000 so=0.000 ae=0.000 ao=0.000 pwm=0 pc=0 hd=0 y=-1.055 yr=-0.000 L=0 R=0 OL=0 OR=0 el=0 er=0 ed=0 dl=0 dr=0 cl=0 cr=0 ok=4307 fail=0 vofa=firewater rx=418 txdrop=12428
1775110660.9619832,1775110660961983300,6539745812800,HB,1061283,0.0,0,-1.055,-0.0,0.0,0.0,0.0,0.0,0.0,0.0,0.0,0.0,0.0,0,0,,HB tick=1061283 run=0 ts=0.000 as=0.000 ta=0.000 aa=0.000 se=0.000 so=0.000 ae=0.000 ao=0.000 pwm=0 pc=0 hd=0 y=-1.055 yr=-0.000 L=0 R=0 OL=0 OR=0 el=0 er=0 ed=0 dl=0 dr=0 cl=0 cr=0 ok=4308 fail=0 vofa=firewater rx=424 txdrop=12428
1775110661.106516,1775110661106516000,6539890345800,STAT,1061427,0.0,0,-1.055305,-0.00016,0.0,0.0,0.0,0.0,0.0,0.0,0.0,0.0,0.0,0,0,,STAT tick=1061427 run=0 ts=0.000000 as=0.000000 ta=0.000000 aa=0.000000 se=0.000000 so=0.000000 ae=0.000000 ao=0.000000 pwm=0 pc=0 hd=0 y=-1.055305 p=-0.278275 r=5.299452 yr=-0.000160 ax=0 ay=0 az=0 gx=0 gy=0 gz=0 who=0x85 addr=0x4A icm_ok=5314 icm_fail=0 L=0 R=0 OL=0 OR=0 el=0 er=0 ed=0 dl=0 dr=0 cl=0 cr=0 skp=0.600000 ski=0.012000 skd=0.000000 akp=0.120000 aki=0.000000 akd=0.050000 ok=4309 fail=0 rx=424 txdrop=12428
1775110661.159461,1775110661159461100,6539943291000,HB,1061494,0.0,0,-1.056,-0.001,0.0,0.0,0.0,0.0,0.0,0.0,0.0,0.0,0.0,0,0,,HB tick=1061494 run=0 ts=0.000 as=0.000 ta=0.000 aa=0.000 se=0.000 so=0.000 ae=0.000 ao=0.000 pwm=0 pc=0 hd=0 y=-1.056 yr=-0.001 L=0 R=0 OL=0 OR=0 el=0 er=0 ed=0 dl=0 dr=0 cl=0 cr=0 ok=4309 fail=0 vofa=firewater rx=433 txdrop=12428
1775110661.3554835,1775110661355483600,6540139313600,HB,1061697,0.0,0,-1.056,-0.001,0.0,0.0,0.0,0.0,0.0,0.0,0.0,0.0,0.0,0,0,,HB tick=1061697 run=0 ts=0.000 as=0.000 ta=0.000 aa=0.000 se=0.000 so=0.000 ae=0.000 ao=0.000 pwm=0 pc=0 hd=0 y=-1.056 yr=-0.001 L=0 R=0 OL=0 OR=0 el=0 er=0 ed=0 dl=0 dr=0 cl=0 cr=0 ok=4310 fail=0 vofa=firewater rx=433 txdrop=12428
1775110661.562464,1775110661562464100,6540346293700,HB,1061900,0.0,0,-1.056,-0.001,0.0,0.0,0.0,0.0,0.0,0.0,0.0,0.0,0.0,0,0,,HB tick=1061900 run=0 ts=0.000 as=0.000 ta=0.000 aa=0.000 se=0.000 so=0.000 ae=0.000 ao=0.000 pwm=0 pc=0 hd=0 y=-1.056 yr=-0.001 L=0 R=0 OL=0 OR=0 el=0 er=0 ed=0 dl=0 dr=0 cl=0 cr=0 ok=4311 fail=0 vofa=firewater rx=433 txdrop=12428
1775110661.7672305,1775110661767230500,6540551060300,HB,1062103,0.0,0,-1.057,-0.001,0.0,0.0,0.0,0.0,0.0,0.0,0.0,0.0,0.0,0,0,,HB tick=1062103 run=0 ts=0.000 as=0.000 ta=0.000 aa=0.000 se=0.000 so=0.000 ae=0.000 ao=0.000 pwm=0 pc=0 hd=0 y=-1.057 yr=-0.001 L=0 R=0 OL=0 OR=0 el=0 er=0 ed=0 dl=0 dr=0 cl=0 cr=0 ok=4312 fail=0 vofa=firewater rx=442 txdrop=12428
1775110661.9944062,1775110661994406100,6540778236000,HB,1062308,0.0,0,-1.057,-0.001,0.0,0.0,0.0,0.0,0.0,0.0,0.0,0.0,0.0,0,0,,HB tick=1062308 run=0 ts=0.000 as=0.000 ta=0.000 aa=0.000 se=0.000 so=0.000 ae=0.000 ao=0.000 pwm=0 pc=0 hd=0 y=-1.057 yr=-0.001 L=0 R=0 OL=0 OR=0 el=0 er=0 ed=0 dl=0 dr=0 cl=0 cr=0 ok=4313 fail=0 vofa=firewater rx=442 txdrop=12428
1775110662.3667753,1775110662366775300,6541150605400,HB,1062701,0.0,0,-1.057,-0.0,0.0,0.0,0.0,0.0,0.0,0.0,0.0,0.0,0.0,0,0,,HB tick=1062701 run=0 ts=0.000 as=0.000 ta=0.000 aa=0.000 se=0.000 so=0.000 ae=0.000 ao=0.000 pwm=0 pc=0 hd=0 y=-1.057 yr=-0.000 L=0 R=0 OL=0 OR=0 el=0 er=0 ed=0 dl=0 dr=0 cl=0 cr=0 ok=4314 fail=0 vofa=firewater rx=442 txdrop=12428
1775110662.5217118,1775110662521711900,6541305541900,STAT,1062844,0.0,0,-1.056557,-5.7e-05,0.0,0.0,0.0,0.0,0.0,0.0,0.0,0.0,0.0,0,0,,STAT tick=1062844 run=0 ts=0.000000 as=0.000000 ta=0.000000 aa=0.000000 se=0.000000 so=0.000000 ae=0.000000 ao=0.000000 pwm=0 pc=0 hd=0 y=-1.056557 p=-0.306353 r=5.285698 yr=-0.000057 ax=0 ay=0 az=0 gx=0 gy=0 gz=0 who=0x85 addr=0x4A icm_ok=5321 icm_fail=0 L=0 R=0 OL=0 OR=0 el=0 er=0 ed=0 dl=0 dr=0 cl=0 cr=0 skp=0.600000 ski=0.012000 skd=0.000000 akp=0.120000 aki=0.000000 akd=0.050000 ok=4315 fail=0 rx=448 txdrop=12428
1775110662.7505572,1775110662750557100,6541534386900,HB,1063093,0.0,0,-1.056,0.0,0.0,0.0,0.0,0.0,0.0,0.0,0.0,0.0,0.0,0,0,,HB tick=1063093 run=0 ts=0.000 as=0.000 ta=0.000 aa=0.000 se=0.000 so=0.000 ae=0.000 ao=0.000 pwm=0 pc=0 hd=0 y=-1.056 yr=0.000 L=0 R=0 OL=0 OR=0 el=0 er=0 ed=0 dl=0 dr=0 cl=0 cr=0 ok=4315 fail=0 vofa=firewater rx=457 txdrop=12428
1775110662.958271,1775110662958270900,6541742100700,HB,1063297,0.0,0,-1.056,0.001,0.0,0.0,0.0,0.0,0.0,0.0,0.0,0.0,0.0,0,0,,HB tick=1063297 run=0 ts=0.000 as=0.000 ta=0.000 aa=0.000 se=0.000 so=0.000 ae=0.000 ao=0.000 pwm=0 pc=0 hd=0 y=-1.056 yr=0.001 L=0 R=0 OL=0 OR=0 el=0 er=0 ed=0 dl=0 dr=0 cl=0 cr=0 ok=4316 fail=0 vofa=firewater rx=457 txdrop=12428
1775110663.184638,1775110663184637900,6541968467500,HB,1063501,0.0,0,-1.055,0.002,0.0,0.0,0.0,0.0,0.0,0.0,0.0,0.0,0.0,0,0,,HB tick=1063501 run=0 ts=0.000 as=0.000 ta=0.000 aa=0.000 se=0.000 so=0.000 ae=0.000 ao=0.000 pwm=0 pc=0 hd=0 y=-1.055 yr=0.002 L=0 R=0 OL=0 OR=0 el=0 er=0 ed=0 dl=0 dr=0 cl=0 cr=0 ok=4317 fail=0 vofa=firewater rx=466 txdrop=12428
1775110663.5685875,1775110663568587400,6542352417200,HB,1063907,0.0,0,-1.055,0.001,0.0,0.0,0.0,0.0,0.0,0.0,0.0,0.0,0.0,0,0,,HB tick=1063907 run=0 ts=0.000 as=0.000 ta=0.000 aa=0.000 se=0.000 so=0.000 ae=0.000 ao=0.000 pwm=0 pc=0 hd=0 y=-1.055 yr=0.001 L=0 R=0 OL=0 OR=0 el=0 er=0 ed=0 dl=0 dr=0 cl=0 cr=0 ok=4318 fail=0 vofa=firewater rx=466 txdrop=12428
1775110663.878565,1775110663878565100,6542662395200,STAT,1064203,0.0,0,-1.055285,0.000448,0.0,0.0,0.0,0.0,0.0,0.0,0.0,0.0,0.0,0,0,,STAT tick=1064203 run=0 ts=0.000000 as=0.000000 ta=0.000000 aa=0.000000 se=0.000000 so=0.000000 ae=0.000000 ao=0.000000 pwm=0 pc=0 hd=0 y=-1.055285 p=-0.278341 r=5.292435 yr=0.000448 ax=0 ay=0 az=0 gx=0 gy=0 gz=0 who=0x85 addr=0x4A icm_ok=5328 icm_fail=0 L=0 R=0 OL=0 OR=0 el=0 er=0 ed=0 dl=0 dr=0 cl=0 cr=0 skp=0.600000 ski=0.012000 skd=0.000000 akp=0.120000 aki=0.000000 akd=0.050000 ok=4319 fail=0 rx=472 txdrop=12428
1775110663.9516954,1775110663951695400,6542735525000,HB,1064294,0.0,0,-1.055,0.0,0.0,0.0,0.0,0.0,0.0,0.0,0.0,0.0,0.0,0,0,,HB tick=1064294 run=0 ts=0.000 as=0.000 ta=0.000 aa=0.000 se=0.000 so=0.000 ae=0.000 ao=0.000 pwm=0 pc=0 hd=0 y=-1.055 yr=0.000 L=0 R=0 OL=0 OR=0 el=0 er=0 ed=0 dl=0 dr=0 cl=0 cr=0 ok=4319 fail=0 vofa=firewater rx=481 txdrop=12428
1775110664.158381,1775110664158381000,6542942212400,HB,1064498,0.0,0,-1.055,0.0,0.0,0.0,0.0,0.0,0.0,0.0,0.0,0.0,0.0,0,0,,HB tick=1064498 run=0 ts=0.000 as=0.000 ta=0.000 aa=0.000 se=0.000 so=0.000 ae=0.000 ao=0.000 pwm=0 pc=0 hd=0 y=-1.055 yr=0.000 L=0 R=0 OL=0 OR=0 el=0 er=0 ed=0 dl=0 dr=0 cl=0 cr=0 ok=4320 fail=0 vofa=firewater rx=481 txdrop=12428
1775110664.3866675,1775110664386667500,6543170497900,HB,1064702,0.0,0,-1.055,0.0,0.0,0.0,0.0,0.0,0.0,0.0,0.0,0.0,0.0,0,0,,HB tick=1064702 run=0 ts=0.000 as=0.000 ta=0.000 aa=0.000 se=0.000 so=0.000 ae=0.000 ao=0.000 pwm=0 pc=0 hd=0 y=-1.055 yr=0.000 L=0 R=0 OL=0 OR=0 el=0 er=0 ed=0 dl=0 dr=0 cl=0 cr=0 ok=4321 fail=0 vofa=firewater rx=481 txdrop=12428
1775110664.5612662,1775110664561266200,6543345096600,HB,1064906,0.0,0,-1.055,0.001,0.0,0.0,0.0,0.0,0.0,0.0,0.0,0.0,0.0,0,0,,HB tick=1064906 run=0 ts=0.000 as=0.000 ta=0.000 aa=0.000 se=0.000 so=0.000 ae=0.000 ao=0.000 pwm=0 pc=0 hd=0 y=-1.055 yr=0.001 L=0 R=0 OL=0 OR=0 el=0 er=0 ed=0 dl=0 dr=0 cl=0 cr=0 ok=4322 fail=0 vofa=firewater rx=490 txdrop=12428
1775110664.7689888,1775110664768989000,6543552818800,HB,1065113,0.0,0,-1.055,0.001,0.0,0.0,0.0,0.0,0.0,0.0,0.0,0.0,0.0,0,0,,HB tick=1065113 run=0 ts=0.000 as=0.000 ta=0.000 aa=0.000 se=0.000 so=0.000 ae=0.000 ao=0.000 pwm=0 pc=0 hd=0 y=-1.055 yr=0.001 L=0 R=0 OL=0 OR=0 el=0 er=0 ed=0 dl=0 dr=0 cl=0 cr=0 ok=4323 fail=0 vofa=firewater rx=490 txdrop=12428
1775110664.976024,1775110664976023800,6543759853800,HB,1065317,0.0,0,-1.054,0.001,0.0,0.0,0.0,0.0,0.0,0.0,0.0,0.0,0.0,0,0,,HB tick=1065317 run=0 ts=0.000 as=0.000 ta=0.000 aa=0.000 se=0.000 so=0.000 ae=0.000 ao=0.000 pwm=0 pc=0 hd=0 y=-1.054 yr=0.001 L=0 R=0 OL=0 OR=0 el=0 er=0 ed=0 dl=0 dr=0 cl=0 cr=0 ok=4324 fail=0 vofa=firewater rx=490 txdrop=12428
1775110665.1816642,1775110665181664300,6543965494000,HB,1065520,0.0,0,-1.054,0.001,0.0,0.0,0.0,0.0,0.0,0.0,0.0,0.0,0.0,0,0,,HB tick=1065520 run=0 ts=0.000 as=0.000 ta=0.000 aa=0.000 se=0.000 so=0.000 ae=0.000 ao=0.000 pwm=0 pc=0 hd=0 y=-1.054 yr=0.001 L=0 R=0 OL=0 OR=0 el=0 er=0 ed=0 dl=0 dr=0 cl=0 cr=0 ok=4325 fail=0 vofa=firewater rx=490 txdrop=12428
1775110665.5135539,1775110665513554001,6544297383801,HB,1065744,0.0,0,-1.055,-0.0,0.0,0.0,0.0,0.0,0.0,0.0,0.0,0.0,0.0,0,0,,HB tick=1065744 run=0 ts=0.000 as=0.000 ta=0.000 aa=0.000 se=0.000 so=0.000 ae=0.000 ao=0.000 pwm=0 pc=0 hd=0 y=-1.055 yr=-0.000 L=0 R=0 OL=0 OR=0 el=0 er=0 ed=0 dl=0 dr=0 cl=0 cr=0 ok=4326 fail=0 vofa=firewater rx=490 txdrop=12428
1775110665.8236854,1775110665823685500,6544607515400,HB,1066144,0.0,1,0.0,0.0,2.0,3.0,-1.0,5.0,5.0,5.0,5.0,2.0,3.0,0,0,,HB tick=1066144 run=1 ts=10.412 as=2.500 ta=0.000 aa=0.000 se=7.912 so=4.767 ae=0.000 ao=0.000 pwm=5 pc=5 hd=0 y=0.000 yr=0.000 L=5 R=5 OL=5 OR=5 el=2 er=3 ed=-1 dl=2 dr=3 cl=0 cr=0 ok=4327 fail=0 vofa=firewater rx=509 txdrop=12428
1775110666.0107937,1775110666010793700,6544794623600,HB,1066353,0.0,1,-0.099,-0.164,4.0,3.0,1.0,6.0,6.0,6.0,6.0,4.0,3.0,0,0,,HB tick=1066353 run=1 ts=12.932 as=3.500 ta=0.000 aa=0.000 se=9.432 so=5.702 ae=0.000 ao=0.000 pwm=6 pc=6 hd=0 y=-0.099 yr=-0.164 L=6 R=6 OL=6 OR=6 el=4 er=3 ed=1 dl=4 dr=3 cl=0 cr=0 ok=4328 fail=0 vofa=firewater rx=509 txdrop=12428
1775110666.2390003,1775110666239000200,6545022829900,HB,1066559,0.0,1,-0.213,-0.301,4.0,4.0,0.0,7.0,7.0,7.0,7.0,4.0,4.0,0,0,,HB tick=1066559 run=1 ts=15.332 as=4.000 ta=0.000 aa=-0.213 se=11.332 so=6.866 ae=0.213 ao=0.041 pwm=7 pc=7 hd=0 y=-0.213 yr=-0.301 L=7 R=7 OL=7 OR=7 el=4 er=4 ed=0 dl=4 dr=4 cl=0 cr=0 ok=4329 fail=0 vofa=firewater rx=509 txdrop=12428
1775110666.6128085,1775110666612808400,6545396638600,HB,1066951,0.0,1,-0.36,-0.34,7.0,7.0,0.0,9.0,9.0,9.0,9.0,7.0,7.0,0,0,,HB tick=1066951 run=1 ts=20.132 as=7.000 ta=0.000 aa=-0.307 se=13.132 so=8.005 ae=0.307 ao=0.057 pwm=9 pc=9 hd=0 y=-0.360 yr=-0.340 L=9 R=9 OL=9 OR=9 el=7 er=7 ed=0 dl=7 dr=7 cl=0 cr=0 ok=4330 fail=0 vofa=firewater rx=509 txdrop=12428
1775110667.027898,1775110667027898100,6545811727800,HB,1067362,1474.0,1,-0.158,0.147,9.0,9.0,0.0,10.0,10.0,10.0,10.0,9.0,9.0,0,0,,HB tick=1067362 exp_id=244 t_ms=1474 run=1 ts=25.052 as=9.000 ta=0.000 aa=-0.273 se=16.052 so=9.831 ae=0.273 ao=0.036 pwm=10 pc=10 hd=0 y=-0.158 yr=0.147 L=10 R=10 OL=10 OR=10 el=9 er=9 ed=0 dl=9 dr=9 cl=0 cr=0 ok=4332 fail=0 vofa=firewater rx=523 txdrop=12428
1775110667.2359867,1775110667235986700,6546019816400,HB,1067571,1683.0,1,-0.155,0.102,10.0,10.0,0.0,11.0,11.0,11.0,11.0,10.0,10.0,0,0,,HB tick=1067571 exp_id=244 t_ms=1683 run=1 ts=27.572 as=10.000 ta=0.000 aa=-0.158 se=17.572 so=10.786 ae=0.158 ao=0.012 pwm=11 pc=11 hd=0 y=-0.155 yr=0.102 L=11 R=11 OL=11 OR=11 el=10 er=10 ed=0 dl=10 dr=10 cl=0 cr=0 ok=4333 fail=0 vofa=firewater rx=523 txdrop=12428
1775110667.4441211,1775110667444121100,6546227950600,HB,1067776,1888.0,1,-0.375,-0.31,11.0,11.0,0.0,12.0,12.0,12.0,12.0,11.0,11.0,0,0,,HB tick=1067776 exp_id=244 t_ms=1888 run=1 ts=29.972 as=11.000 ta=0.000 aa=-0.155 se=18.972 so=11.669 ae=0.155 ao=0.013 pwm=12 pc=12 hd=0 y=-0.375 yr=-0.310 L=12 R=12 OL=12 OR=12 el=11 er=11 ed=0 dl=11 dr=11 cl=0 cr=0 ok=4334 fail=0 vofa=firewater rx=523 txdrop=12428
1775110667.6415448,1775110667641544700,6546425375200,HB,1067981,2093.0,1,-0.57,-0.534,13.0,13.0,0.0,12.0,12.0,12.0,12.0,13.0,13.0,0,0,,HB tick=1067981 exp_id=244 t_ms=2093 run=1 ts=32.492 as=13.000 ta=0.000 aa=-0.375 se=19.492 so=12.029 ae=0.375 ao=0.061 pwm=12 pc=12 hd=0 y=-0.570 yr=-0.534 L=12 R=12 OL=12 OR=12 el=13 er=13 ed=0 dl=13 dr=13 cl=0 cr=0 ok=4335 fail=0 vofa=firewater rx=523 txdrop=12428
1775110667.8495715,1775110667849571700,6546633401900,HB,1068185,2297.0,1,-0.93,-0.966,14.0,14.0,0.0,13.0,13.0,13.0,13.0,14.0,14.0,0,0,,HB tick=1068185 exp_id=244 t_ms=2297 run=1 ts=34.892 as=14.000 ta=0.000 aa=-0.570 se=20.892 so=12.918 ae=0.570 ao=0.095 pwm=13 pc=13 hd=0 y=-0.930 yr=-0.966 L=13 R=13 OL=13 OR=13 el=14 er=14 ed=0 dl=14 dr=14 cl=0 cr=0 ok=4336 fail=0 vofa=firewater rx=523 txdrop=12428
1775110668.0157044,1775110668015704400,6546799542500,HB,1068350,2462.0,1,-0.977,-0.727,13.0,14.0,-1.0,13.0,13.0,13.0,13.0,13.0,14.0,0,0,,HB tick=1068350 exp_id=244 t_ms=2462 run=1 ts=35.000 as=13.500 ta=0.000 aa=-0.930 se=21.500 so=13.326 ae=0.930 ao=0.160 pwm=13 pc=13 hd=0 y=-0.977 yr=-0.727 L=13 R=13 OL=13 OR=13 el=13 er=14 ed=-1 dl=13 dr=14 cl=0 cr=0 ok=4337 fail=0 vofa=firewater rx=523 txdrop=12428
1775110668.2424762,1775110668242476200,6547026305900,HB,1068582,2694.0,1,-1.434,-1.162,14.0,15.0,-1.0,13.0,13.0,13.0,13.0,14.0,15.0,0,0,,HB tick=1068582 exp_id=244 t_ms=2694 run=1 ts=35.000 as=14.500 ta=0.000 aa=-0.977 se=20.500 so=12.783 ae=0.977 ao=0.154 pwm=13 pc=13 hd=0 y=-1.434 yr=-1.162 L=13 R=13 OL=13 OR=13 el=14 er=15 ed=-1 dl=14 dr=15 cl=0 cr=0 ok=4338 fail=0 vofa=firewater rx=537 txdrop=12428
1775110668.458806,1775110668458805900,6547242635700,HB,1068791,2903.0,1,-2.257,-2.133,14.0,15.0,-1.0,13.0,13.0,13.0,13.0,14.0,15.0,0,0,,HB tick=1068791 exp_id=244 t_ms=2903 run=1 ts=35.000 as=14.500 ta=0.000 aa=-1.434 se=20.500 so=12.835 ae=1.434 ao=0.230 pwm=13 pc=13 hd=0 y=-2.257 yr=-2.133 L=13 R=13 OL=13 OR=13 el=14 er=15 ed=-1 dl=14 dr=15 cl=0 cr=0 ok=4339 fail=0 vofa=firewater rx=537 txdrop=12428
1775110668.66389,1775110668663889900,6547447720000,HB,1068996,3108.0,1,-3.115,-2.851,14.0,15.0,-1.0,13.0,13.0,13.0,13.0,14.0,15.0,0,0,,HB tick=1068996 exp_id=244 t_ms=3108 run=1 ts=35.000 as=14.500 ta=0.000 aa=-2.257 se=20.500 so=12.884 ae=2.257 ao=0.377 pwm=13 pc=13 hd=0 y=-3.115 yr=-2.851 L=13 R=13 OL=13 OR=13 el=14 er=15 ed=-1 dl=14 dr=15 cl=0 cr=0 ok=4340 fail=0 vofa=firewater rx=537 txdrop=12428
1775110668.8610954,1775110668861095300,6547644925000,HB,1069200,3312.0,1,-3.815,-3.054,15.0,14.0,1.0,14.0,12.0,14.0,12.0,15.0,14.0,0,0,,HB tick=1069200 exp_id=244 t_ms=3312 run=1 ts=35.000 as=14.500 ta=0.000 aa=-3.115 se=20.500 so=12.936 ae=3.115 ao=0.516 pwm=13 pc=13 hd=1 y=-3.815 yr=-3.054 L=14 R=12 OL=14 OR=12 el=15 er=14 ed=1 dl=15 dr=14 cl=0 cr=0 ok=4341 fail=0 vofa=firewater rx=537 txdrop=12428
1775110669.0684977,1775110669068497700,6547852327400,HB,1069410,3522.0,1,-4.132,-2.515,15.0,16.0,-1.0,14.0,12.0,14.0,12.0,15.0,16.0,0,0,,HB tick=1069410 exp_id=244 t_ms=3522 run=1 ts=35.000 as=15.500 ta=0.000 aa=-3.815 se=19.500 so=12.387 ae=3.815 ao=0.610 pwm=13 pc=13 hd=1 y=-4.132 yr=-2.515 L=14 R=12 OL=14 OR=12 el=15 er=16 ed=-1 dl=15 dr=16 cl=0 cr=0 ok=4342 fail=0 vofa=firewater rx=537 txdrop=12428
1775110669.2746766,1775110669274676600,6548058506300,HB,1069614,3726.0,1,-4.013,-1.43,15.0,14.0,1.0,14.0,12.0,14.0,12.0,15.0,14.0,0,0,,HB tick=1069614 exp_id=244 t_ms=3726 run=1 ts=35.000 as=14.500 ta=0.000 aa=-4.132 se=20.500 so=13.036 ae=4.132 ao=0.622 pwm=13 pc=13 hd=1 y=-4.013 yr=-1.430 L=14 R=12 OL=14 OR=12 el=15 er=14 ed=1 dl=15 dr=14 cl=0 cr=0 ok=4343 fail=0 vofa=firewater rx=537 txdrop=12428
1775110669.439268,1775110669439268200,6548223097800,STAT,1069759,3871.0,1,-4.012936,-1.429749,14.0,13.0,1.0,15.0,13.0,15.0,13.0,14.0,13.0,0,0,,STAT tick=1069759 exp_id=244 t_ms=3871 run=1 ts=35.000000 as=13.500000 ta=0.000000 aa=-4.012936 se=21.500000 so=13.671206 ae=4.012936 ao=0.553040 pwm=14 pc=14 hd=1 y=-4.012936 p=-1.002726 r=5.325727 yr=-1.429749 ax=0 ay=0 az=0 gx=0 gy=0 gz=0 who=0x85 addr=0x4A icm_ok=5356 icm_fail=0 L=15 R=13 OL=15 OR=13 el=14 er=13 ed=1 dl=14 dr=13 cl=0 cr=0 skp=0.600000 ski=0.012000 skd=0.000000 akp=0.120000 aki=0.000000 akd=0.050000 ok=4344 fail=0 rx=543 txdrop=12428
1775110669.4811761,1775110669481176000,6548265006200,HB,1069822,3934.0,1,-3.63,-0.285,15.0,14.0,1.0,14.0,12.0,14.0,12.0,15.0,14.0,0,0,,HB tick=1069822 exp_id=244 t_ms=3934 run=1 ts=35.000 as=14.500 ta=0.000 aa=-4.013 se=20.500 so=13.089 ae=4.013 ao=0.553 pwm=13 pc=13 hd=1 y=-3.630 yr=-0.285 L=14 R=12 OL=14 OR=12 el=15 er=14 ed=1 dl=15 dr=14 cl=0 cr=0 ok=4344 fail=0 vofa=firewater rx=543 txdrop=12428
1775110669.6985893,1775110669698589400,6548482419100,HB,1070031,4143.0,1,-2.813,1.19,14.0,14.0,0.0,13.0,13.0,13.0,13.0,14.0,14.0,0,0,,HB tick=1070031 exp_id=244 t_ms=4143 run=1 ts=35.000 as=14.000 ta=0.000 aa=-3.630 se=21.000 so=13.441 ae=3.630 ao=0.450 pwm=13 pc=13 hd=0 y=-2.813 yr=1.190 L=13 R=13 OL=13 OR=13 el=14 er=14 ed=0 dl=14 dr=14 cl=0 cr=0 ok=4345 fail=0 vofa=firewater rx=543 txdrop=12428
1775110669.8961468,1775110669896146600,6548679976800,HB,1070236,4348.0,1,-2.787,0.817,15.0,15.0,0.0,13.0,13.0,13.0,13.0,15.0,15.0,0,0,,HB tick=1070236 exp_id=244 t_ms=4348 run=1 ts=35.000 as=15.000 ta=0.000 aa=-2.813 se=20.000 so=12.890 ae=2.813 ao=0.278 pwm=13 pc=13 hd=0 y=-2.787 yr=0.817 L=13 R=13 OL=13 OR=13 el=15 er=15 ed=0 dl=15 dr=15 cl=0 cr=0 ok=4346 fail=0 vofa=firewater rx=543 txdrop=12428
1775110670.102802,1775110670102801800,6548886632700,HB,1070440,4552.0,1,-2.885,0.364,15.0,14.0,1.0,13.0,13.0,13.0,13.0,15.0,14.0,0,0,,HB tick=1070440 exp_id=244 t_ms=4552 run=1 ts=35.000 as=14.500 ta=0.000 aa=-2.787 se=20.500 so=13.241 ae=2.787 ao=0.294 pwm=13 pc=13 hd=0 y=-2.885 yr=0.364 L=13 R=13 OL=13 OR=13 el=15 er=14 ed=1 dl=15 dr=14 cl=0 cr=0 ok=4347 fail=0 vofa=firewater rx=543 txdrop=12428
1775110670.310424,1775110670310424100,6549094253900,HB,1070650,4762.0,1,-2.816,0.351,14.0,15.0,-1.0,13.0,13.0,13.0,13.0,14.0,15.0,0,0,,HB tick=1070650 exp_id=244 t_ms=4762 run=1 ts=35.000 as=14.500 ta=0.000 aa=-2.885 se=20.500 so=13.293 ae=2.885 ao=0.328 pwm=13 pc=13 hd=0 y=-2.816 yr=0.351 L=13 R=13 OL=13 OR=13 el=14 er=15 ed=-1 dl=14 dr=15 cl=0 cr=0 ok=4348 fail=0 vofa=firewater rx=543 txdrop=12428
1775110670.5185513,1775110670518551300,6549302380900,HB,1070855,4967.0,1,-3.274,-0.553,15.0,14.0,1.0,13.0,13.0,13.0,13.0,15.0,14.0,0,0,,HB tick=1070855 exp_id=244 t_ms=4967 run=1 ts=35.000 as=14.500 ta=0.000 aa=-2.816 se=20.500 so=13.342 ae=2.816 ao=0.320 pwm=13 pc=13 hd=0 y=-3.274 yr=-0.553 L=13 R=13 OL=13 OR=13 el=15 er=14 ed=1 dl=15 dr=14 cl=0 cr=0 ok=4349 fail=0 vofa=firewater rx=543 txdrop=12428
1775110670.726791,1775110670726790800,6549510620300,HB,1071059,5171.0,1,-3.677,-1.052,14.0,14.0,0.0,14.0,14.0,14.0,14.0,14.0,14.0,0,0,,HB tick=1071059 exp_id=244 t_ms=5171 run=1 ts=35.000 as=14.000 ta=0.000 aa=-3.274 se=21.000 so=13.691 ae=3.274 ao=0.420 pwm=14 pc=14 hd=0 y=-3.677 yr=-1.052 L=14 R=14 OL=14 OR=14 el=14 er=14 ed=0 dl=14 dr=14 cl=0 cr=0 ok=4350 fail=0 vofa=firewater rx=543 txdrop=12428
1775110670.9246423,1775110670924642400,6549708472500,HB,1071264,5376.0,1,-4.255,-1.671,14.0,15.0,-1.0,13.0,13.0,13.0,13.0,14.0,15.0,0,0,,HB tick=1071264 exp_id=244 t_ms=5376 run=1 ts=35.000 as=14.500 ta=0.000 aa=-3.677 se=20.500 so=13.443 ae=3.677 ao=0.494 pwm=13 pc=13 hd=0 y=-4.255 yr=-1.671 L=13 R=13 OL=13 OR=13 el=14 er=15 ed=-1 dl=14 dr=15 cl=0 cr=0 ok=4351 fail=0 vofa=firewater rx=543 txdrop=12428
1775110671.1320007,1775110671132000800,6549915830500,HB,1071473,5585.0,1,-4.51,-1.512,15.0,14.0,1.0,14.0,12.0,14.0,12.0,15.0,14.0,0,0,,HB tick=1071473 exp_id=244 t_ms=5585 run=1 ts=35.000 as=14.500 ta=0.000 aa=-4.255 se=20.500 so=13.495 ae=4.255 ao=0.594 pwm=13 pc=13 hd=1 y=-4.510 yr=-1.512 L=14 R=12 OL=14 OR=12 el=15 er=14 ed=1 dl=15 dr=14 cl=0 cr=0 ok=4352 fail=0 vofa=firewater rx=543 txdrop=12428
1775110671.338214,1775110671338213800,6550122043400,HB,1071677,5789.0,1,-4.744,-1.384,15.0,15.0,0.0,14.0,12.0,14.0,12.0,15.0,15.0,0,0,,HB tick=1071677 exp_id=244 t_ms=5789 run=1 ts=35.000 as=15.000 ta=0.000 aa=-4.510 se=20.000 so=13.243 ae=4.510 ao=0.617 pwm=13 pc=13 hd=1 y=-4.744 yr=-1.384 L=14 R=12 OL=14 OR=12 el=15 er=15 ed=0 dl=15 dr=15 cl=0 cr=0 ok=4353 fail=0 vofa=firewater rx=543 txdrop=12428
1775110671.5047102,1775110671504710200,6550288540400,HB,1071838,5950.0,1,-4.34,-0.023,16.0,14.0,2.0,14.0,12.0,14.0,12.0,16.0,14.0,0,0,,HB tick=1071838 exp_id=244 t_ms=5950 run=1 ts=35.000 as=15.000 ta=0.000 aa=-4.744 se=20.000 so=13.282 ae=4.744 ao=0.638 pwm=13 pc=13 hd=1 y=-4.340 yr=-0.023 L=14 R=12 OL=14 OR=12 el=16 er=14 ed=2 dl=16 dr=14 cl=0 cr=0 ok=4354 fail=0 vofa=firewater rx=543 txdrop=12428
1775110671.7329605,1775110671732960500,6550516790600,HB,1072070,6182.0,1,-3.454,1.323,16.0,14.0,2.0,15.0,13.0,15.0,13.0,16.0,14.0,0,0,,HB tick=1072070 exp_id=244 t_ms=6182 run=1 ts=35.000 as=15.000 ta=0.000 aa=-4.340 se=20.000 so=13.340 ae=4.340 ao=0.522 pwm=14 pc=14 hd=1 y=-3.454 yr=1.323 L=15 R=13 OL=15 OR=13 el=16 er=14 ed=2 dl=16 dr=14 cl=0 cr=0 ok=4355 fail=0 vofa=firewater rx=543 txdrop=12428
1775110671.9388638,1775110671938863900,6550722693800,HB,1072275,6387.0,1,-1.174,4.752,16.0,14.0,2.0,13.0,13.0,13.0,13.0,16.0,14.0,0,0,,HB tick=1072275 exp_id=244 t_ms=6387 run=1 ts=35.000 as=15.000 ta=0.000 aa=-3.454 se=20.000 so=13.388 ae=3.454 ao=0.348 pwm=13 pc=13 hd=0 y=-1.174 yr=4.752 L=13 R=13 OL=13 OR=13 el=16 er=14 ed=2 dl=16 dr=14 cl=0 cr=0 ok=4356 fail=0 vofa=firewater rx=543 txdrop=12428
1775110672.1463616,1775110672146361700,6550930191400,HB,1072479,6591.0,1,-0.153,4.841,15.0,14.0,1.0,14.0,14.0,14.0,14.0,15.0,14.0,0,0,,HB tick=1072479 exp_id=244 t_ms=6591 run=1 ts=35.000 as=14.500 ta=0.000 aa=-1.174 se=20.500 so=13.736 ae=1.174 ao=-0.097 pwm=14 pc=14 hd=0 y=-0.153 yr=4.841 L=14 R=14 OL=14 OR=14 el=15 er=14 ed=1 dl=15 dr=14 cl=0 cr=0 ok=4357 fail=0 vofa=firewater rx=543 txdrop=12428
1775110672.3537812,1775110672353781300,6551137611100,HB,1072688,6800.0,1,1.003,5.082,15.0,15.0,0.0,13.0,13.0,13.0,13.0,15.0,15.0,0,0,,HB tick=1072688 exp_id=244 t_ms=6800 run=1 ts=35.000 as=15.000 ta=0.000 aa=-0.153 se=20.000 so=13.487 ae=0.153 ao=-0.224 pwm=13 pc=13 hd=0 y=1.003 yr=5.082 L=13 R=13 OL=13 OR=13 el=15 er=15 ed=0 dl=15 dr=15 cl=0 cr=0 ok=4358 fail=0 vofa=firewater rx=543 txdrop=12428
1775110672.5609598,1775110672560959700,6551344789700,HB,1072893,7005.0,1,2.207,5.359,16.0,15.0,1.0,14.0,14.0,14.0,14.0,16.0,15.0,0,0,,HB tick=1072893 exp_id=244 t_ms=7005 run=1 ts=35.000 as=15.500 ta=0.000 aa=1.003 se=19.500 so=13.237 ae=-1.003 ao=-0.374 pwm=14 pc=14 hd=0 y=2.207 yr=5.359 L=14 R=14 OL=14 OR=14 el=16 er=15 ed=1 dl=16 dr=15 cl=0 cr=0 ok=4359 fail=0 vofa=firewater rx=543 txdrop=12428
1775110672.717249,1775110672717248900,6551501078500,HB,1073053,7165.0,1,2.937,5.081,15.0,16.0,-1.0,13.0,15.0,13.0,15.0,15.0,16.0,0,0,,HB tick=1073053 exp_id=244 t_ms=7165 run=1 ts=35.000 as=15.500 ta=0.000 aa=2.207 se=19.500 so=13.275 ae=-2.207 ao=-0.533 pwm=14 pc=14 hd=-1 y=2.937 yr=5.081 L=13 R=15 OL=13 OR=15 el=15 er=16 ed=-1 dl=15 dr=16 cl=0 cr=0 ok=4360 fail=0 vofa=firewater rx=543 txdrop=12428
1775110672.946678,1775110672946677900,6551730508000,HB,1073285,7397.0,1,2.966,3.347,14.0,16.0,-2.0,13.0,15.0,13.0,15.0,14.0,16.0,0,0,,HB tick=1073285 exp_id=244 t_ms=7397 run=1 ts=35.000 as=15.000 ta=0.000 aa=2.937 se=20.000 so=13.629 ae=-2.937 ao=-0.606 pwm=14 pc=14 hd=-1 y=2.966 yr=3.347 L=13 R=15 OL=13 OR=15 el=14 er=16 ed=-2 dl=14 dr=16 cl=0 cr=0 ok=4361 fail=0 vofa=firewater rx=543 txdrop=12428
1775110673.154328,1775110673154328100,6551938157900,HB,1073489,7601.0,1,1.859,0.275,15.0,16.0,-1.0,12.0,14.0,12.0,14.0,15.0,16.0,0,0,,HB tick=1073489 exp_id=244 t_ms=7601 run=1 ts=35.000 as=15.500 ta=0.000 aa=2.966 se=19.500 so=13.377 ae=-2.966 ao=-0.523 pwm=13 pc=13 hd=-1 y=1.859 yr=0.275 L=12 R=14 OL=12 OR=14 el=15 er=16 ed=-1 dl=15 dr=16 cl=0 cr=0 ok=4362 fail=0 vofa=firewater rx=543 txdrop=12428
1775110673.3620348,1775110673362034600,6552145864600,HB,1073694,7806.0,1,0.497,-2.147,16.0,16.0,0.0,13.0,13.0,13.0,13.0,16.0,16.0,0,0,,HB tick=1073694 exp_id=244 t_ms=7806 run=1 ts=35.000 as=16.000 ta=0.000 aa=1.859 se=19.000 so=13.127 ae=-1.859 ao=-0.237 pwm=13 pc=13 hd=0 y=0.497 yr=-2.147 L=13 R=13 OL=13 OR=13 el=16 er=16 ed=0 dl=16 dr=16 cl=0 cr=0 ok=4363 fail=0 vofa=firewater rx=543 txdrop=12428
1775110673.559643,1775110673559643200,6552343473100,HB,1073898,8010.0,1,-0.936,-3.854,16.0,16.0,0.0,13.0,13.0,13.0,13.0,16.0,16.0,0,0,,HB tick=1073898 exp_id=244 t_ms=8010 run=1 ts=35.000 as=16.000 ta=0.000 aa=0.497 se=19.000 so=13.174 ae=-0.497 ao=0.048 pwm=13 pc=13 hd=0 y=-0.936 yr=-3.854 L=13 R=13 OL=13 OR=13 el=16 er=16 ed=0 dl=16 dr=16 cl=0 cr=0 ok=4364 fail=0 vofa=firewater rx=543 txdrop=12428
1775110673.7661157,1775110673766115500,6552549945800,HB,1074108,8220.0,1,-1.821,-3.98,15.0,15.0,0.0,14.0,14.0,14.0,14.0,15.0,15.0,0,0,,HB tick=1074108 exp_id=244 t_ms=8220 run=1 ts=35.000 as=15.000 ta=0.000 aa=-0.936 se=20.000 so=13.824 ae=0.936 ao=0.305 pwm=14 pc=14 hd=0 y=-1.821 yr=-3.980 L=14 R=14 OL=14 OR=14 el=15 er=15 ed=0 dl=15 dr=15 cl=0 cr=0 ok=4365 fail=0 vofa=firewater rx=543 txdrop=12428
1775110673.972001,1775110673972000900,6552755831400,HB,1074313,8425.0,1,-2.703,-4.092,16.0,16.0,0.0,14.0,14.0,14.0,14.0,16.0,16.0,0,0,,HB tick=1074313 exp_id=244 t_ms=8425 run=1 ts=35.000 as=16.000 ta=0.000 aa=-1.821 se=19.000 so=13.273 ae=1.821 ao=0.418 pwm=14 pc=14 hd=0 y=-2.703 yr=-4.092 L=14 R=14 OL=14 OR=14 el=16 er=16 ed=0 dl=16 dr=16 cl=0 cr=0 ok=4366 fail=0 vofa=firewater rx=543 txdrop=12428
1775110674.1794045,1775110674179404600,6552963234500,HB,1074517,8629.0,1,-3.489,-4.009,16.0,16.0,0.0,14.0,12.0,14.0,12.0,16.0,16.0,0,0,,HB tick=1074517 exp_id=244 t_ms=8629 run=1 ts=35.000 as=16.000 ta=0.000 aa=-2.703 se=19.000 so=13.319 ae=2.703 ao=0.529 pwm=13 pc=13 hd=1 y=-3.489 yr=-4.009 L=14 R=12 OL=14 OR=12 el=16 er=16 ed=0 dl=16 dr=16 cl=0 cr=0 ok=4367 fail=0 vofa=firewater rx=543 txdrop=12428
1775110674.3869789,1775110674386978800,6553170808800,HB,1074722,8833.0,1,-3.649,-2.88,16.0,15.0,1.0,15.0,13.0,15.0,13.0,16.0,15.0,0,0,,HB tick=1074722 exp_id=244 t_ms=8833 run=1 ts=35.000 as=15.500 ta=0.000 aa=-3.489 se=19.500 so=13.668 ae=3.489 ao=0.619 pwm=14 pc=14 hd=1 y=-3.649 yr=-2.880 L=15 R=13 OL=15 OR=13 el=16 er=15 ed=1 dl=16 dr=15 cl=0 cr=0 ok=4368 fail=0 vofa=firewater rx=543 txdrop=12428
1775110674.5530193,1775110674553019500,6553336849500,HB,1074886,8998.0,1,-3.242,-1.008,16.0,15.0,1.0,15.0,13.0,15.0,13.0,16.0,15.0,0,0,,HB tick=1074886 exp_id=244 t_ms=8998 run=1 ts=35.000 as=15.500 ta=0.000 aa=-3.649 se=19.500 so=13.705 ae=3.649 ao=0.582 pwm=14 pc=14 hd=1 y=-3.242 yr=-1.008 L=15 R=13 OL=15 OR=13 el=16 er=15 ed=1 dl=16 dr=15 cl=0 cr=0 ok=4369 fail=0 vofa=firewater rx=543 txdrop=12428
1775110674.7819963,1775110674781996300,6553565826200,HB,1075118,9230.0,1,-2.609,0.3,16.0,16.0,0.0,13.0,13.0,13.0,13.0,16.0,16.0,0,0,,HB tick=1075118 exp_id=244 t_ms=9230 run=1 ts=35.000 as=16.000 ta=0.000 aa=-3.242 se=19.000 so=13.458 ae=3.242 ao=0.439 pwm=13 pc=13 hd=0 y=-2.609 yr=0.300 L=13 R=13 OL=13 OR=13 el=16 er=16 ed=0 dl=16 dr=16 cl=0 cr=0 ok=4370 fail=0 vofa=firewater rx=543 txdrop=12428
1775110674.9897678,1775110674989767800,6553773597600,HB,1075327,9439.0,1,-2.29,0.729,16.0,16.0,0.0,14.0,14.0,14.0,14.0,16.0,16.0,0,0,,HB tick=1075327 exp_id=244 t_ms=9439 run=1 ts=35.000 as=16.000 ta=0.000 aa=-2.609 se=19.000 so=13.507 ae=2.609 ao=0.298 pwm=14 pc=14 hd=0 y=-2.290 yr=0.729 L=14 R=14 OL=14 OR=14 el=16 er=16 ed=0 dl=16 dr=16 cl=0 cr=0 ok=4371 fail=0 vofa=firewater rx=543 txdrop=12428
1775110675.1996372,1775110675199637300,6553983467800,HB,1075533,9645.0,1,-2.017,0.937,16.0,16.0,0.0,14.0,14.0,14.0,14.0,16.0,16.0,0,0,,HB tick=1075533 exp_id=244 t_ms=9645 run=1 ts=35.000 as=16.000 ta=0.000 aa=-2.290 se=19.000 so=13.556 ae=2.290 ao=0.238 pwm=14 pc=14 hd=0 y=-2.017 yr=0.937 L=14 R=14 OL=14 OR=14 el=16 er=16 ed=0 dl=16 dr=16 cl=0 cr=0 ok=4372 fail=0 vofa=firewater rx=543 txdrop=12428
1775110675.396812,1775110675396812000,6554180641900,HB,1075737,9849.0,1,-2.214,0.271,16.0,16.0,0.0,14.0,14.0,14.0,14.0,16.0,16.0,0,0,,HB tick=1075737 exp_id=244 t_ms=9849 run=1 ts=35.000 as=16.000 ta=0.000 aa=-2.017 se=19.000 so=13.601 ae=2.017 ao=0.195 pwm=14 pc=14 hd=0 y=-2.214 yr=0.271 L=14 R=14 OL=14 OR=14 el=16 er=16 ed=0 dl=16 dr=16 cl=0 cr=0 ok=4373 fail=0 vofa=firewater rx=543 txdrop=12428
1775110675.6048636,1775110675604863800,6554388693400,HB,1075946,10058.0,1,-2.47,-0.252,17.0,16.0,1.0,13.0,13.0,13.0,13.0,17.0,16.0,0,0,,HB tick=1075946 exp_id=244 t_ms=10058 run=1 ts=35.000 as=16.500 ta=0.000 aa=-2.214 se=18.500 so=13.348 ae=2.214 ao=0.252 pwm=13 pc=13 hd=0 y=-2.470 yr=-0.252 L=13 R=13 OL=13 OR=13 el=17 er=16 ed=1 dl=17 dr=16 cl=0 cr=0 ok=4374 fail=0 vofa=firewater rx=543 txdrop=12428
1775110675.8125262,1775110675812526400,6554596356300,HB,1076151,10263.0,1,-2.767,-0.671,16.0,16.0,0.0,14.0,14.0,14.0,14.0,16.0,16.0,0,0,,HB tick=1076151 exp_id=244 t_ms=10263 run=1 ts=35.000 as=16.000 ta=0.000 aa=-2.470 se=19.000 so=13.696 ae=2.470 ao=0.309 pwm=14 pc=14 hd=0 y=-2.767 yr=-0.671 L=14 R=14 OL=14 OR=14 el=16 er=16 ed=0 dl=16 dr=16 cl=0 cr=0 ok=4375 fail=0 vofa=firewater rx=543 txdrop=12428
1775110676.0202496,1775110676020249500,6554804079400,HB,1076355,10467.0,1,-2.896,-0.657,16.0,16.0,0.0,14.0,14.0,14.0,14.0,16.0,16.0,0,0,,HB tick=1076355 exp_id=244 t_ms=10467 run=1 ts=35.000 as=16.000 ta=0.000 aa=-2.767 se=19.000 so=13.742 ae=2.767 ao=0.366 pwm=14 pc=14 hd=0 y=-2.896 yr=-0.657 L=14 R=14 OL=14 OR=14 el=16 er=16 ed=0 dl=16 dr=16 cl=0 cr=0 ok=4376 fail=0 vofa=firewater rx=543 txdrop=12428
1775110676.1746576,1775110676174657500,6554958487400,HB,1076516,10628.0,1,-3.19,-1.068,16.0,16.0,0.0,14.0,14.0,14.0,14.0,16.0,16.0,0,0,,HB tick=1076516 exp_id=244 t_ms=10628 run=1 ts=35.000 as=16.000 ta=0.000 aa=-2.896 se=19.000 so=13.778 ae=2.896 ao=0.380 pwm=14 pc=14 hd=0 y=-3.190 yr=-1.068 L=14 R=14 OL=14 OR=14 el=16 er=16 ed=0 dl=16 dr=16 cl=0 cr=0 ok=4377 fail=0 vofa=firewater rx=543 txdrop=12428
1775110676.4131143,1775110676413114400,6555196944200,HB,1076748,10860.0,1,-3.368,-0.963,16.0,16.0,0.0,14.0,14.0,14.0,14.0,16.0,16.0,0,0,,HB tick=1076748 exp_id=244 t_ms=10860 run=1 ts=35.000 as=16.000 ta=0.000 aa=-3.190 se=19.000 so=13.830 ae=3.190 ao=0.436 pwm=14 pc=14 hd=0 y=-3.368 yr=-0.963 L=14 R=14 OL=14 OR=14 el=16 er=16 ed=0 dl=16 dr=16 cl=0 cr=0 ok=4378 fail=0 vofa=firewater rx=543 txdrop=12428
1775110676.6208649,1775110676620864700,6555404694500,HB,1076953,11065.0,1,-3.448,-0.762,16.0,16.0,0.0,14.0,14.0,14.0,14.0,16.0,16.0,0,0,,HB tick=1076953 exp_id=244 t_ms=11065 run=1 ts=35.000 as=16.000 ta=0.000 aa=-3.368 se=19.000 so=13.878 ae=3.368 ao=0.452 pwm=14 pc=14 hd=0 y=-3.448 yr=-0.762 L=14 R=14 OL=14 OR=14 el=16 er=16 ed=0 dl=16 dr=16 cl=0 cr=0 ok=4379 fail=0 vofa=firewater rx=543 txdrop=12428
1775110676.8172615,1775110676817261600,6555601093700,HB,1077157,11269.0,1,-3.935,-1.331,16.0,16.0,0.0,14.0,14.0,14.0,14.0,16.0,16.0,0,0,,HB tick=1077157 exp_id=244 t_ms=11269 run=1 ts=35.000 as=16.000 ta=0.000 aa=-3.448 se=19.000 so=13.922 ae=3.448 ao=0.452 pwm=14 pc=14 hd=0 y=-3.935 yr=-1.331 L=14 R=14 OL=14 OR=14 el=16 er=16 ed=0 dl=16 dr=16 cl=0 cr=0 ok=4380 fail=0 vofa=firewater rx=543 txdrop=12428
1775110677.0261147,1775110677026114700,6555809944600,HB,1077367,11479.0,1,-4.133,-1.194,17.0,15.0,2.0,15.0,13.0,15.0,13.0,17.0,15.0,0,0,,HB tick=1077367 exp_id=244 t_ms=11479 run=1 ts=35.000 as=16.000 ta=0.000 aa=-3.935 se=19.000 so=13.969 ae=3.935 ao=0.539 pwm=14 pc=14 hd=1 y=-4.133 yr=-1.194 L=15 R=13 OL=15 OR=13 el=17 er=15 ed=2 dl=17 dr=15 cl=0 cr=0 ok=4381 fail=0 vofa=firewater rx=543 txdrop=12428
1775110677.23244,1775110677232440000,6556016269900,HB,1077572,11684.0,1,-3.501,0.302,17.0,16.0,1.0,15.0,13.0,15.0,13.0,17.0,16.0,0,0,,HB tick=1077572 exp_id=244 t_ms=11684 run=1 ts=35.000 as=16.500 ta=0.000 aa=-4.133 se=18.500 so=13.718 ae=4.133 ao=0.556 pwm=14 pc=14 hd=1 y=-3.501 yr=0.302 L=15 R=13 OL=15 OR=13 el=17 er=16 ed=1 dl=17 dr=16 cl=0 cr=0 ok=4382 fail=0 vofa=firewater rx=543 txdrop=12428
1775110677.4389133,1775110677438913200,6556222742600,HB,1077776,11888.0,1,-2.463,1.978,16.0,16.0,0.0,14.0,14.0,14.0,14.0,16.0,16.0,0,0,,HB tick=1077776 exp_id=244 t_ms=11888 run=1 ts=35.000 as=16.000 ta=0.000 aa=-3.501 se=19.000 so=14.062 ae=3.501 ao=0.405 pwm=14 pc=14 hd=0 y=-2.463 yr=1.978 L=14 R=14 OL=14 OR=14 el=16 er=16 ed=0 dl=16 dr=16 cl=0 cr=0 ok=4383 fail=0 vofa=firewater rx=543 txdrop=12428
1775110677.645186,1775110677645186000,6556429015600,HB,1077986,12098.0,1,-1.539,2.825,16.0,16.0,0.0,14.0,14.0,14.0,14.0,16.0,16.0,0,0,,HB tick=1077986 exp_id=244 t_ms=12098 run=1 ts=35.000 as=16.000 ta=0.000 aa=-2.463 se=19.000 so=14.110 ae=2.463 ao=0.197 pwm=14 pc=14 hd=0 y=-1.539 yr=2.825 L=14 R=14 OL=14 OR=14 el=16 er=16 ed=0 dl=16 dr=16 cl=0 cr=0 ok=4384 fail=0 vofa=firewater rx=543 txdrop=12428
1775110677.8541691,1775110677854169100,6556637998800,HB,1078190,12302.0,1,-0.638,3.382,16.0,16.0,0.0,14.0,14.0,14.0,14.0,16.0,16.0,0,0,,HB tick=1078190 exp_id=244 t_ms=12302 run=1 ts=35.000 as=16.000 ta=0.000 aa=-1.539 se=19.000 so=14.159 ae=1.539 ao=0.043 pwm=14 pc=14 hd=0 y=-0.638 yr=3.382 L=14 R=14 OL=14 OR=14 el=16 er=16 ed=0 dl=16 dr=16 cl=0 cr=0 ok=4385 fail=0 vofa=firewater rx=543 txdrop=12428
1775110678.0619147,1775110678061914500,6556845744300,HB,1078394,12506.0,1,0.122,3.503,16.0,16.0,0.0,14.0,14.0,14.0,14.0,16.0,16.0,0,0,,HB tick=1078394 exp_id=244 t_ms=12506 run=1 ts=35.000 as=16.000 ta=0.000 aa=-0.638 se=19.000 so=14.204 ae=0.638 ao=-0.092 pwm=14 pc=14 hd=0 y=0.122 yr=3.503 L=14 R=14 OL=14 OR=14 el=16 er=16 ed=0 dl=16 dr=16 cl=0 cr=0 ok=4386 fail=0 vofa=firewater rx=543 txdrop=12428
1775110678.2179527,1775110678217952800,6557001783000,HB,1078555,12667.0,1,0.336,2.742,16.0,16.0,0.0,14.0,14.0,14.0,14.0,16.0,16.0,0,0,,HB tick=1078555 exp_id=244 t_ms=12667 run=1 ts=35.000 as=16.000 ta=0.000 aa=0.122 se=19.000 so=14.240 ae=-0.122 ao=-0.190 pwm=14 pc=14 hd=0 y=0.336 yr=2.742 L=14 R=14 OL=14 OR=14 el=16 er=16 ed=0 dl=16 dr=16 cl=0 cr=0 ok=4387 fail=0 vofa=firewater rx=543 txdrop=12428
1775110678.4457586,1775110678445758400,6557229589000,HB,1078787,12899.0,1,0.766,2.43,16.0,16.0,0.0,14.0,14.0,14.0,14.0,16.0,16.0,0,0,,HB tick=1078787 exp_id=244 t_ms=12899 run=1 ts=35.000 as=16.000 ta=0.000 aa=0.336 se=19.000 so=14.293 ae=-0.336 ao=-0.177 pwm=14 pc=14 hd=0 y=0.766 yr=2.430 L=14 R=14 OL=14 OR=14 el=16 er=16 ed=0 dl=16 dr=16 cl=0 cr=0 ok=4388 fail=0 vofa=firewater rx=543 txdrop=12428
1775110678.6537325,1775110678653732600,6557437562800,HB,1078992,13104.0,1,0.825,1.681,16.0,16.0,0.0,14.0,14.0,14.0,14.0,16.0,16.0,0,0,,HB tick=1078992 exp_id=244 t_ms=13104 run=1 ts=35.000 as=16.000 ta=0.000 aa=0.766 se=19.000 so=14.341 ae=-0.766 ao=-0.213 pwm=14 pc=14 hd=0 y=0.825 yr=1.681 L=14 R=14 OL=14 OR=14 el=16 er=16 ed=0 dl=16 dr=16 cl=0 cr=0 ok=4389 fail=0 vofa=firewater rx=543 txdrop=12428
1775110678.8609128,1775110678860912800,6557644743100,HB,1079196,13308.0,1,0.113,-0.129,16.0,16.0,0.0,14.0,14.0,14.0,14.0,16.0,16.0,0,0,,HB tick=1079196 exp_id=244 t_ms=13308 run=1 ts=35.000 as=16.000 ta=0.000 aa=0.825 se=19.000 so=14.386 ae=-0.825 ao=-0.183 pwm=14 pc=14 hd=0 y=0.113 yr=-0.129 L=14 R=14 OL=14 OR=14 el=16 er=16 ed=0 dl=16 dr=16 cl=0 cr=0 ok=4390 fail=0 vofa=firewater rx=543 txdrop=12428
1775110679.0680888,1775110679068088800,6557851918400,HB,1079406,13518.0,1,-0.756,-1.532,15.0,17.0,-2.0,14.0,14.0,14.0,14.0,15.0,17.0,0,0,,HB tick=1079406 exp_id=244 t_ms=13518 run=1 ts=35.000 as=16.000 ta=0.000 aa=0.113 se=19.000 so=14.434 ae=-0.113 ao=-0.007 pwm=14 pc=14 hd=0 y=-0.756 yr=-1.532 L=14 R=14 OL=14 OR=14 el=15 er=17 ed=-2 dl=15 dr=17 cl=0 cr=0 ok=4391 fail=0 vofa=firewater rx=543 txdrop=12428
1775110679.2756927,1775110679275692800,6558059522500,HB,1079611,13723.0,1,-1.934,-3.007,16.0,17.0,-1.0,15.0,15.0,15.0,15.0,16.0,17.0,0,0,,HB tick=1079611 exp_id=244 t_ms=13723 run=1 ts=35.000 as=16.500 ta=0.000 aa=-0.756 se=18.500 so=14.182 ae=0.756 ao=0.167 pwm=15 pc=15 hd=0 y=-1.934 yr=-3.007 L=15 R=15 OL=15 OR=15 el=16 er=17 ed=-1 dl=16 dr=17 cl=0 cr=0 ok=4392 fail=0 vofa=firewater rx=543 txdrop=12428
1775110679.4728866,1775110679472886600,6558256716200,HB,1079815,13927.0,1,-3.069,-3.902,16.0,17.0,-1.0,14.0,14.0,14.0,14.0,16.0,17.0,0,0,,HB tick=1079815 exp_id=244 t_ms=13927 run=1 ts=35.000 as=16.500 ta=0.000 aa=-1.934 se=18.500 so=14.227 ae=1.934 ao=0.382 pwm=14 pc=14 hd=0 y=-3.069 yr=-3.902 L=14 R=14 OL=14 OR=14 el=16 er=17 ed=-1 dl=16 dr=17 cl=0 cr=0 ok=4393 fail=0 vofa=firewater rx=543 txdrop=12428
1775110679.6919703,1775110679691970200,6558475799800,HB,1080025,14137.0,1,-4.094,-4.244,17.0,15.0,2.0,16.0,14.0,16.0,14.0,17.0,15.0,0,0,,HB tick=1080025 exp_id=244 t_ms=14137 run=1 ts=35.000 as=16.000 ta=0.000 aa=-3.069 se=19.000 so=14.574 ae=3.069 ao=0.563 pwm=15 pc=15 hd=1 y=-4.094 yr=-4.244 L=16 R=14 OL=16 OR=14 el=17 er=15 ed=2 dl=17 dr=15 cl=0 cr=0 ok=4394 fail=0 vofa=firewater rx=543 txdrop=12428
1775110679.8890355,1775110679889035500,6558672865300,HB,1080229,14341.0,1,-4.061,-2.702,17.0,16.0,1.0,15.0,13.0,15.0,13.0,17.0,16.0,0,0,,HB tick=1080229 exp_id=244 t_ms=14341 run=1 ts=35.000 as=16.500 ta=0.000 aa=-4.094 se=18.500 so=14.318 ae=4.094 ao=0.703 pwm=14 pc=14 hd=1 y=-4.061 yr=-2.702 L=15 R=13 OL=15 OR=13 el=17 er=16 ed=1 dl=17 dr=16 cl=0 cr=0 ok=4395 fail=0 vofa=firewater rx=543 txdrop=12428
1775110680.0970862,1775110680097086200,6558880916100,HB,1080434,14546.0,1,-3.795,-1.303,17.0,17.0,0.0,15.0,13.0,15.0,13.0,17.0,17.0,0,0,,HB tick=1080434 exp_id=244 t_ms=14546 run=1 ts=35.000 as=17.000 ta=0.000 aa=-4.061 se=18.000 so=14.064 ae=4.061 ao=0.622 pwm=14 pc=14 hd=1 y=-3.795 yr=-1.303 L=15 R=13 OL=15 OR=13 el=17 er=17 ed=0 dl=17 dr=17 cl=0 cr=0 ok=4396 fail=0 vofa=firewater rx=543 txdrop=12428
1775110680.2525737,1775110680252573800,6559036404000,HB,1080594,14706.0,1,-3.257,0.331,17.0,15.0,2.0,16.0,14.0,16.0,14.0,17.0,15.0,0,0,,HB tick=1080594 exp_id=244 t_ms=14706 run=1 ts=35.000 as=16.000 ta=0.000 aa=-3.795 se=19.000 so=14.699 ae=3.795 ao=0.521 pwm=15 pc=15 hd=1 y=-3.257 yr=0.331 L=16 R=14 OL=16 OR=14 el=17 er=15 ed=2 dl=17 dr=15 cl=0 cr=0 ok=4397 fail=0 vofa=firewater rx=543 txdrop=12428
1775110680.490249,1775110680490249000,6559274079400,HB,1080826,14938.0,1,-2.377,1.542,17.0,16.0,1.0,14.0,14.0,14.0,14.0,17.0,16.0,0,0,,HB tick=1080826 exp_id=244 t_ms=14938 run=1 ts=35.000 as=16.500 ta=0.000 aa=-3.257 se=18.500 so=14.451 ae=3.257 ao=0.374 pwm=14 pc=14 hd=0 y=-2.377 yr=1.542 L=14 R=14 OL=14 OR=14 el=17 er=16 ed=1 dl=17 dr=16 cl=0 cr=0 ok=4398 fail=0 vofa=firewater rx=543 txdrop=12428
1775110680.6979487,1775110680697948600,6559481778400,HB,1081031,15143.0,1,-1.462,2.565,17.0,17.0,0.0,14.0,14.0,14.0,14.0,17.0,17.0,0,0,,HB tick=1081031 exp_id=244 t_ms=15143 run=1 ts=35.000 as=17.000 ta=0.000 aa=-2.377 se=18.000 so=14.196 ae=2.377 ao=0.208 pwm=14 pc=14 hd=0 y=-1.462 yr=2.565 L=14 R=14 OL=14 OR=14 el=17 er=17 ed=0 dl=17 dr=17 cl=0 cr=0 ok=4399 fail=0 vofa=firewater rx=543 txdrop=12428
1775110680.8939927,1775110680893992800,6559677822600,HB,1081235,15347.0,1,-0.909,2.617,17.0,17.0,0.0,14.0,14.0,14.0,14.0,17.0,17.0,0,0,,HB tick=1081235 exp_id=244 t_ms=15347 run=1 ts=35.000 as=17.000 ta=0.000 aa=-1.462 se=18.000 so=14.240 ae=1.462 ao=0.047 pwm=14 pc=14 hd=0 y=-0.909 yr=2.617 L=14 R=14 OL=14 OR=14 el=17 er=17 ed=0 dl=17 dr=17 cl=0 cr=0 ok=4400 fail=0 vofa=firewater rx=543 txdrop=12428
1775110681.1126103,1775110681112610300,6559896440000,HB,1081445,15557.0,1,-0.492,2.396,17.0,18.0,-1.0,14.0,14.0,14.0,14.0,17.0,18.0,0,0,,HB tick=1081445 exp_id=244 t_ms=15557 run=1 ts=35.000 as=17.500 ta=0.000 aa=-0.909 se=17.500 so=13.986 ae=0.909 ao=-0.022 pwm=14 pc=14 hd=0 y=-0.492 yr=2.396 L=14 R=14 OL=14 OR=14 el=17 er=18 ed=-1 dl=17 dr=18 cl=0 cr=0 ok=4401 fail=0 vofa=firewater rx=543 txdrop=12428
1775110681.309709,1775110681309709000,6560093539200,HB,1081650,15762.0,1,0.003,2.402,17.0,17.0,0.0,14.0,14.0,14.0,14.0,17.0,17.0,0,0,,HB tick=1081650 exp_id=244 t_ms=15762 run=1 ts=35.000 as=17.000 ta=0.000 aa=-0.492 se=18.000 so=14.332 ae=0.492 ao=-0.061 pwm=14 pc=14 hd=0 y=0.003 yr=2.402 L=14 R=14 OL=14 OR=14 el=17 er=17 ed=0 dl=17 dr=17 cl=0 cr=0 ok=4402 fail=0 vofa=firewater rx=543 txdrop=12428
1775110681.5163224,1775110681516322200,6560300152100,HB,1081855,15967.0,1,0.37,2.191,18.0,17.0,1.0,14.0,14.0,14.0,14.0,18.0,17.0,0,0,,HB tick=1081855 exp_id=244 t_ms=15967 run=1 ts=35.000 as=17.500 ta=0.000 aa=0.003 se=17.500 so=14.075 ae=-0.003 ao=-0.121 pwm=14 pc=14 hd=0 y=0.370 yr=2.191 L=14 R=14 OL=14 OR=14 el=18 er=17 ed=1 dl=18 dr=17 cl=0 cr=0 ok=4403 fail=0 vofa=firewater rx=543 txdrop=12428
1775110681.6825693,1775110681682569300,6560466399100,HB,1082015,16127.0,1,0.866,2.502,17.0,16.0,1.0,15.0,15.0,15.0,15.0,17.0,16.0,0,0,,HB tick=1082015 exp_id=244 t_ms=16127 run=1 ts=35.000 as=16.500 ta=0.000 aa=0.370 se=18.500 so=14.710 ae=-0.370 ao=-0.154 pwm=15 pc=15 hd=0 y=0.866 yr=2.502 L=15 R=15 OL=15 OR=15 el=17 er=16 ed=1 dl=17 dr=16 cl=0 cr=0 ok=4404 fail=0 vofa=firewater rx=543 txdrop=12428
1775110681.9105995,1775110681910599400,6560694429400,HB,1082248,16360.0,1,1.447,2.499,16.0,16.0,0.0,15.0,15.0,15.0,15.0,16.0,16.0,0,0,,HB tick=1082248 exp_id=244 t_ms=16360 run=1 ts=35.000 as=16.000 ta=0.000 aa=0.866 se=19.000 so=15.061 ae=-0.866 ao=-0.229 pwm=15 pc=15 hd=0 y=1.447 yr=2.499 L=15 R=15 OL=15 OR=15 el=16 er=16 ed=0 dl=16 dr=16 cl=0 cr=0 ok=4405 fail=0 vofa=firewater rx=543 txdrop=12428
1775110682.0661244,1775110682066124600,6560849954300,HB,1082408,16520.0,1,1.869,2.547,17.0,18.0,-1.0,14.0,14.0,14.0,14.0,17.0,18.0,0,0,,HB tick=1082408 exp_id=244 t_ms=16520 run=1 ts=35.000 as=17.500 ta=0.000 aa=1.447 se=17.500 so=14.196 ae=-1.447 ao=-0.299 pwm=14 pc=14 hd=0 y=1.869 yr=2.547 L=14 R=14 OL=14 OR=14 el=17 er=18 ed=-1 dl=17 dr=18 cl=0 cr=0 ok=4406 fail=0 vofa=firewater rx=543 txdrop=12428
1775110682.303825,1775110682303825000,6561087654600,HB,1082640,16752.0,1,2.023,1.888,17.0,17.0,0.0,15.0,15.0,15.0,15.0,17.0,17.0,0,0,,HB tick=1082640 exp_id=244 t_ms=16752 run=1 ts=35.000 as=17.000 ta=0.000 aa=1.869 se=18.000 so=14.548 ae=-1.869 ao=-0.352 pwm=15 pc=15 hd=0 y=2.023 yr=1.888 L=15 R=15 OL=15 OR=15 el=17 er=17 ed=0 dl=17 dr=17 cl=0 cr=0 ok=4407 fail=0 vofa=firewater rx=543 txdrop=12428
1775110682.509993,1775110682509992900,6561293822700,HB,1082844,16956.0,1,2.245,1.608,18.0,18.0,0.0,14.0,14.0,14.0,14.0,18.0,18.0,0,0,,HB tick=1082844 exp_id=244 t_ms=16956 run=1 ts=35.000 as=18.000 ta=0.000 aa=2.023 se=17.000 so=13.991 ae=-2.023 ao=-0.337 pwm=14 pc=14 hd=0 y=2.245 yr=1.608 L=14 R=14 OL=14 OR=14 el=18 er=18 ed=0 dl=18 dr=18 cl=0 cr=0 ok=4408 fail=0 vofa=firewater rx=543 txdrop=12428
1775110682.7070038,1775110682707003800,6561490834000,HB,1083049,17161.0,1,2.434,1.368,17.0,16.0,1.0,15.0,15.0,15.0,15.0,17.0,16.0,0,0,,HB tick=1083049 exp_id=244 t_ms=17161 run=1 ts=35.000 as=16.500 ta=0.000 aa=2.245 se=18.500 so=14.935 ae=-2.245 ao=-0.350 pwm=15 pc=15 hd=0 y=2.434 yr=1.368 L=15 R=15 OL=15 OR=15 el=17 er=16 ed=1 dl=17 dr=16 cl=0 cr=0 ok=4409 fail=0 vofa=firewater rx=543 txdrop=12428
1775110682.926846,1775110682926845900,6561710675900,HB,1083270,17382.0,1,2.543,1.062,17.0,17.0,0.0,15.0,15.0,15.0,15.0,17.0,17.0,0,0,,HB tick=1083270 exp_id=244 t_ms=17382 run=1 ts=35.000 as=17.000 ta=0.000 aa=2.434 se=18.000 so=14.684 ae=-2.434 ao=-0.361 pwm=15 pc=15 hd=0 y=2.543 yr=1.062 L=15 R=15 OL=15 OR=15 el=17 er=17 ed=0 dl=17 dr=17 cl=0 cr=0 ok=4410 fail=0 vofa=firewater rx=543 txdrop=12428
1775110683.082848,1775110683082848100,6561866677800,HB,1083426,17538.0,1,2.499,0.591,17.0,17.0,0.0,15.0,15.0,15.0,15.0,17.0,17.0,0,0,,HB tick=1083426 exp_id=244 t_ms=17538 run=1 ts=35.000 as=17.000 ta=0.000 aa=2.543 se=18.000 so=14.717 ae=-2.543 ao=-0.358 pwm=15 pc=15 hd=0 y=2.499 yr=0.591 L=15 R=15 OL=15 OR=15 el=17 er=17 ed=0 dl=17 dr=17 cl=0 cr=0 ok=4411 fail=0 vofa=firewater rx=543 txdrop=12428
1775110683.3213458,1775110683321345800,6562105181000,HB,1083658,17770.0,1,2.241,-0.006,17.0,17.0,0.0,15.0,15.0,15.0,15.0,17.0,17.0,0,0,,HB tick=1083658 exp_id=244 t_ms=17770 run=1 ts=35.000 as=17.000 ta=0.000 aa=2.499 se=18.000 so=14.766 ae=-2.499 ao=-0.329 pwm=15 pc=15 hd=0 y=2.241 yr=-0.006 L=15 R=15 OL=15 OR=15 el=17 er=17 ed=0 dl=17 dr=17 cl=0 cr=0 ok=4412 fail=0 vofa=firewater rx=543 txdrop=12428
1775110683.4868941,1775110683486894200,6562270724100,HB,1083822,17934.0,1,1.98,-0.559,16.0,17.0,-1.0,15.0,15.0,15.0,15.0,16.0,17.0,0,0,,HB tick=1083822 exp_id=244 t_ms=17934 run=1 ts=35.000 as=16.500 ta=0.000 aa=2.241 se=18.500 so=15.103 ae=-2.241 ao=-0.269 pwm=15 pc=15 hd=0 y=1.980 yr=-0.559 L=15 R=15 OL=15 OR=15 el=16 er=17 ed=-1 dl=16 dr=17 cl=0 cr=0 ok=4413 fail=0 vofa=firewater rx=543 txdrop=12428
1775110683.7157679,1775110683715767800,6562499597900,HB,1084055,18167.0,1,1.614,-0.913,17.0,17.0,0.0,15.0,15.0,15.0,15.0,17.0,17.0,0,0,,HB tick=1084055 exp_id=244 t_ms=18167 run=1 ts=35.000 as=17.000 ta=0.000 aa=1.980 se=18.000 so=14.853 ae=-1.980 ao=-0.210 pwm=15 pc=15 hd=0 y=1.614 yr=-0.913 L=15 R=15 OL=15 OR=15 el=17 er=17 ed=0 dl=17 dr=17 cl=0 cr=0 ok=4414 fail=0 vofa=firewater rx=543 txdrop=12428
1775110683.9229496,1775110683922949700,6562706779400,HB,1084263,18375.0,1,0.83,-1.913,18.0,18.0,0.0,14.0,14.0,14.0,14.0,18.0,18.0,0,0,,HB tick=1084263 exp_id=244 t_ms=18375 run=1 ts=35.000 as=18.000 ta=0.000 aa=1.614 se=17.000 so=14.297 ae=-1.614 ao=-0.148 pwm=14 pc=14 hd=0 y=0.830 yr=-1.913 L=14 R=14 OL=14 OR=14 el=18 er=18 ed=0 dl=18 dr=18 cl=0 cr=0 ok=4415 fail=0 vofa=firewater rx=543 txdrop=12428
1775110684.1304386,1775110684130438600,6562914268400,HB,1084468,18580.0,1,0.374,-2.022,18.0,17.0,1.0,15.0,15.0,15.0,15.0,18.0,17.0,0,0,,HB tick=1084468 exp_id=244 t_ms=18580 run=1 ts=35.000 as=17.500 ta=0.000 aa=0.830 se=17.500 so=14.641 ae=-0.830 ao=-0.004 pwm=15 pc=15 hd=0 y=0.374 yr=-2.022 L=15 R=15 OL=15 OR=15 el=18 er=17 ed=1 dl=18 dr=17 cl=0 cr=0 ok=4416 fail=0 vofa=firewater rx=543 txdrop=12428
1775110684.3381913,1775110684338191400,6563122021200,HB,1084673,18785.0,1,-1.414,-4.367,17.0,17.0,0.0,14.0,14.0,14.0,14.0,17.0,17.0,0,0,,HB tick=1084673 exp_id=244 t_ms=18785 run=1 ts=35.000 as=17.000 ta=0.000 aa=0.374 se=18.000 so=14.985 ae=-0.374 ao=0.056 pwm=14 pc=14 hd=0 y=-1.414 yr=-4.367 L=14 R=14 OL=14 OR=14 el=17 er=17 ed=0 dl=17 dr=17 cl=0 cr=0 ok=4417 fail=0 vofa=firewater rx=543 txdrop=12428
1775110684.5351512,1775110684535151300,6563318980800,HB,1084877,18989.0,1,-2.195,-4.177,17.0,19.0,-2.0,14.0,14.0,14.0,14.0,17.0,19.0,0,0,,HB tick=1084877 exp_id=244 t_ms=18989 run=1 ts=35.000 as=18.000 ta=0.000 aa=-1.414 se=17.000 so=14.427 ae=1.414 ao=0.388 pwm=14 pc=14 hd=0 y=-2.195 yr=-4.177 L=14 R=14 OL=14 OR=14 el=17 er=19 ed=-2 dl=17 dr=19 cl=0 cr=0 ok=4418 fail=0 vofa=firewater rx=543 txdrop=12428
1775110684.70213,1775110684702130200,6563485960300,HB,1085042,19154.0,1,-2.523,-3.412,17.0,17.0,0.0,15.0,15.0,15.0,15.0,17.0,17.0,0,0,,HB tick=1085042 exp_id=244 t_ms=19154 run=1 ts=35.000 as=17.000 ta=0.000 aa=-2.195 se=18.000 so=15.063 ae=2.195 ao=0.472 pwm=15 pc=15 hd=0 y=-2.523 yr=-3.412 L=15 R=15 OL=15 OR=15 el=17 er=17 ed=0 dl=17 dr=17 cl=0 cr=0 ok=4419 fail=0 vofa=firewater rx=543 txdrop=12428
1775110684.930724,1775110684930723800,6563714554000,HB,1085274,19386.0,1,-2.83,-2.681,18.0,18.0,0.0,15.0,15.0,15.0,15.0,18.0,18.0,0,0,,HB tick=1085274 exp_id=244 t_ms=19386 run=1 ts=35.000 as=18.000 ta=0.000 aa=-2.523 se=17.000 so=14.513 ae=2.523 ao=0.473 pwm=15 pc=15 hd=0 y=-2.830 yr=-2.681 L=15 R=15 OL=15 OR=15 el=18 er=18 ed=0 dl=18 dr=18 cl=0 cr=0 ok=4420 fail=0 vofa=firewater rx=543 txdrop=12428
1775110685.1489952,1775110685148995200,6563932825000,HB,1085483,19595.0,1,-3.175,-2.32,17.0,18.0,-1.0,15.0,15.0,15.0,15.0,17.0,18.0,0,0,,HB tick=1085483 exp_id=244 t_ms=19595 run=1 ts=35.000 as=17.500 ta=0.000 aa=-2.830 se=17.500 so=14.856 ae=2.830 ao=0.474 pwm=15 pc=15 hd=0 y=-3.175 yr=-2.320 L=15 R=15 OL=15 OR=15 el=17 er=18 ed=-1 dl=17 dr=18 cl=0 cr=0 ok=4421 fail=0 vofa=firewater rx=543 txdrop=12428
1775110685.3460438,1775110685346044000,6564129873700,HB,1085687,19799.0,1,-3.393,-1.883,17.0,17.0,0.0,15.0,15.0,15.0,15.0,17.0,17.0,0,0,,HB tick=1085687 exp_id=244 t_ms=19799 run=1 ts=35.000 as=17.000 ta=0.000 aa=-3.175 se=18.000 so=15.197 ae=3.175 ao=0.497 pwm=15 pc=15 hd=0 y=-3.393 yr=-1.883 L=15 R=15 OL=15 OR=15 el=17 er=17 ed=0 dl=17 dr=17 cl=0 cr=0 ok=4422 fail=0 vofa=firewater rx=543 txdrop=12428
1775110685.553541,1775110685553540800,6564337370800,HB,1085892,20004.0,1,-3.763,-1.854,17.0,18.0,-1.0,15.0,13.0,15.0,13.0,17.0,18.0,0,0,,HB tick=1085892 exp_id=244 t_ms=20004 run=1 ts=35.000 as=17.500 ta=0.000 aa=-3.393 se=17.500 so=14.941 ae=3.393 ao=0.501 pwm=14 pc=14 hd=1 y=-3.763 yr=-1.854 L=15 R=13 OL=15 OR=13 el=17 er=18 ed=-1 dl=17 dr=18 cl=0 cr=0 ok=4423 fail=0 vofa=firewater rx=543 txdrop=12428
1775110685.7615905,1775110685761590600,6564545420400,HB,1086096,20208.0,1,-3.652,-1.015,18.0,17.0,1.0,16.0,14.0,16.0,14.0,18.0,17.0,0,0,,HB tick=1086096 exp_id=244 t_ms=20208 run=1 ts=35.000 as=17.500 ta=0.000 aa=-3.763 se=17.500 so=14.983 ae=3.763 ao=0.544 pwm=15 pc=15 hd=1 y=-3.652 yr=-1.015 L=16 R=14 OL=16 OR=14 el=18 er=17 ed=1 dl=18 dr=17 cl=0 cr=0 ok=4424 fail=0 vofa=firewater rx=543 txdrop=12428
1775110685.9186203,1775110685918620300,6564702449900,HB,1086261,20373.0,1,-3.18,0.342,18.0,17.0,1.0,15.0,15.0,15.0,15.0,18.0,17.0,0,0,,HB tick=1086261 exp_id=244 t_ms=20373 run=1 ts=35.000 as=17.500 ta=0.000 aa=-3.652 se=17.500 so=15.018 ae=3.652 ao=0.489 pwm=15 pc=15 hd=0 y=-3.180 yr=0.342 L=15 R=15 OL=15 OR=15 el=18 er=17 ed=1 dl=18 dr=17 cl=0 cr=0 ok=4425 fail=0 vofa=firewater rx=543 txdrop=12428
1775110686.1583009,1775110686158301000,6564942130900,HB,1086493,20605.0,1,-2.556,1.162,19.0,18.0,1.0,15.0,15.0,15.0,15.0,19.0,18.0,0,0,,HB tick=1086493 exp_id=244 t_ms=20605 run=1 ts=35.000 as=18.500 ta=0.000 aa=-3.180 se=16.500 so=14.466 ae=3.180 ao=0.364 pwm=15 pc=15 hd=0 y=-2.556 yr=1.162 L=15 R=15 OL=15 OR=15 el=19 er=18 ed=1 dl=19 dr=18 cl=0 cr=0 ok=4426 fail=0 vofa=firewater rx=543 txdrop=12428
1775110686.3252828,1775110686325282900,6565109114500,HB,1086658,20770.0,1,-2.313,1.272,18.0,18.0,0.0,15.0,15.0,15.0,15.0,18.0,18.0,0,0,,HB tick=1086658 exp_id=244 t_ms=20770 run=1 ts=35.000 as=18.000 ta=0.000 aa=-2.556 se=17.000 so=14.799 ae=2.556 ao=0.249 pwm=15 pc=15 hd=0 y=-2.313 yr=1.272 L=15 R=15 OL=15 OR=15 el=18 er=18 ed=0 dl=18 dr=18 cl=0 cr=0 ok=4427 fail=0 vofa=firewater rx=543 txdrop=12428
1775110686.5549664,1775110686554966400,6565338796200,HB,1086891,21003.0,1,-2.214,0.975,17.0,18.0,-1.0,15.0,15.0,15.0,15.0,17.0,18.0,0,0,,HB tick=1086891 exp_id=244 t_ms=21003 run=1 ts=35.000 as=17.500 ta=0.000 aa=-2.313 se=17.500 so=15.150 ae=2.313 ao=0.214 pwm=15 pc=15 hd=0 y=-2.214 yr=0.975 L=15 R=15 OL=15 OR=15 el=17 er=18 ed=-1 dl=17 dr=18 cl=0 cr=0 ok=4428 fail=0 vofa=firewater rx=543 txdrop=12428
1775110686.7105927,1775110686710592800,6565494422900,HB,1087052,21164.0,1,-1.994,1.113,17.0,17.0,0.0,15.0,15.0,15.0,15.0,17.0,17.0,0,0,,HB tick=1087052 exp_id=244 t_ms=21164 run=1 ts=35.000 as=17.000 ta=0.000 aa=-2.214 se=18.000 so=15.484 ae=2.214 ao=0.217 pwm=15 pc=15 hd=0 y=-1.994 yr=1.113 L=15 R=15 OL=15 OR=15 el=17 er=17 ed=0 dl=17 dr=17 cl=0 cr=0 ok=4429 fail=0 vofa=firewater rx=543 txdrop=12428
1775110686.9585478,1775110686958547800,6565742377600,HB,1087300,21412.0,1,-1.942,0.796,18.0,17.0,1.0,15.0,15.0,15.0,15.0,18.0,17.0,0,0,,HB tick=1087300 exp_id=244 t_ms=21412 run=1 ts=35.000 as=17.500 ta=0.000 aa=-1.994 se=17.500 so=15.235 ae=1.994 ao=0.184 pwm=15 pc=15 hd=0 y=-1.942 yr=0.796 L=15 R=15 OL=15 OR=15 el=18 er=17 ed=1 dl=18 dr=17 cl=0 cr=0 ok=4430 fail=0 vofa=firewater rx=543 txdrop=12428
1775110687.1141315,1775110687114131500,6565897961200,HB,1087456,21568.0,1,-1.912,0.586,18.0,17.0,1.0,15.0,15.0,15.0,15.0,18.0,17.0,0,0,,HB tick=1087456 exp_id=244 t_ms=21568 run=1 ts=35.000 as=17.500 ta=0.000 aa=-1.942 se=17.500 so=15.266 ae=1.942 ao=0.193 pwm=15 pc=15 hd=0 y=-1.912 yr=0.586 L=15 R=15 OL=15 OR=15 el=18 er=17 ed=1 dl=18 dr=17 cl=0 cr=0 ok=4431 fail=0 vofa=firewater rx=543 txdrop=12428
1775110687.3517253,1775110687351725200,6566135554900,HB,1087689,21801.0,1,-1.634,0.798,18.0,18.0,0.0,15.0,15.0,15.0,15.0,18.0,18.0,0,0,,HB tick=1087689 exp_id=244 t_ms=21801 run=1 ts=35.000 as=18.000 ta=0.000 aa=-1.912 se=17.000 so=15.000 ae=1.912 ao=0.200 pwm=15 pc=15 hd=0 y=-1.634 yr=0.798 L=15 R=15 OL=15 OR=15 el=18 er=18 ed=0 dl=18 dr=18 cl=0 cr=0 ok=4432 fail=0 vofa=firewater rx=543 txdrop=12428
1775110687.5588992,1775110687558899300,6566342729200,HB,1087893,22005.0,1,-1.584,0.605,18.0,18.0,0.0,15.0,15.0,15.0,15.0,18.0,18.0,0,0,,HB tick=1087893 exp_id=244 t_ms=22005 run=1 ts=35.000 as=18.000 ta=0.000 aa=-1.634 se=17.000 so=15.000 ae=1.634 ao=0.156 pwm=15 pc=15 hd=0 y=-1.584 yr=0.605 L=15 R=15 OL=15 OR=15 el=18 er=18 ed=0 dl=18 dr=18 cl=0 cr=0 ok=4433 fail=0 vofa=firewater rx=543 txdrop=12428
1775110687.7668414,1775110687766841400,6566550671500,HB,1088102,22214.0,1,-1.552,0.447,18.0,17.0,1.0,15.0,15.0,15.0,15.0,18.0,17.0,0,0,,HB tick=1088102 exp_id=244 t_ms=22214 run=1 ts=35.000 as=17.500 ta=0.000 aa=-1.584 se=17.500 so=15.300 ae=1.584 ao=0.160 pwm=15 pc=15 hd=0 y=-1.552 yr=0.447 L=15 R=15 OL=15 OR=15 el=18 er=17 ed=1 dl=18 dr=17 cl=0 cr=0 ok=4434 fail=0 vofa=firewater rx=543 txdrop=12428
1775110687.9750013,1775110687975001400,6566758831200,HB,1088307,22419.0,1,-1.301,0.719,18.0,17.0,1.0,15.0,15.0,15.0,15.0,18.0,17.0,0,0,,HB tick=1088307 exp_id=244 t_ms=22419 run=1 ts=35.000 as=17.500 ta=0.000 aa=-1.552 se=17.500 so=15.300 ae=1.552 ao=0.164 pwm=15 pc=15 hd=0 y=-1.301 yr=0.719 L=15 R=15 OL=15 OR=15 el=18 er=17 ed=1 dl=18 dr=17 cl=0 cr=0 ok=4435 fail=0 vofa=firewater rx=543 txdrop=12428
1775110688.172288,1775110688172287900,6566956117600,HB,1088511,22623.0,1,-1.286,0.493,18.0,18.0,0.0,15.0,15.0,15.0,15.0,18.0,18.0,0,0,,HB tick=1088511 exp_id=244 t_ms=22623 run=1 ts=35.000 as=18.000 ta=0.000 aa=-1.301 se=17.000 so=15.000 ae=1.301 ao=0.120 pwm=15 pc=15 hd=0 y=-1.286 yr=0.493 L=15 R=15 OL=15 OR=15 el=18 er=18 ed=0 dl=18 dr=18 cl=0 cr=0 ok=4436 fail=0 vofa=firewater rx=543 txdrop=12428
1775110688.3811965,1775110688381196500,6567165026600,HB,1088721,22833.0,1,-1.156,0.537,18.0,18.0,0.0,15.0,15.0,15.0,15.0,18.0,18.0,0,0,,HB tick=1088721 exp_id=244 t_ms=22833 run=1 ts=35.000 as=18.000 ta=0.000 aa=-1.286 se=17.000 so=15.000 ae=1.286 ao=0.130 pwm=15 pc=15 hd=0 y=-1.156 yr=0.537 L=15 R=15 OL=15 OR=15 el=18 er=18 ed=0 dl=18 dr=18 cl=0 cr=0 ok=4437 fail=0 vofa=firewater rx=543 txdrop=12428
1775110688.5883033,1775110688588303300,6567372132800,HB,1088925,23037.0,1,-0.828,0.912,18.0,17.0,1.0,15.0,15.0,15.0,15.0,18.0,17.0,0,0,,HB tick=1088925 exp_id=244 t_ms=23037 run=1 ts=35.000 as=17.500 ta=0.000 aa=-1.156 se=17.500 so=15.300 ae=1.156 ao=0.112 pwm=15 pc=15 hd=0 y=-0.828 yr=0.912 L=15 R=15 OL=15 OR=15 el=18 er=17 ed=1 dl=18 dr=17 cl=0 cr=0 ok=4438 fail=0 vofa=firewater rx=543 txdrop=12428
1775110688.805572,1775110688805572100,6567589401900,HB,1089145,23257.0,1,-0.603,0.95,17.0,17.0,0.0,16.0,16.0,16.0,16.0,17.0,17.0,0,0,,HB tick=1089145 exp_id=244 t_ms=23257 run=1 ts=35.000 as=17.000 ta=0.000 aa=-0.828 se=18.000 so=15.600 ae=0.828 ao=0.054 pwm=16 pc=16 hd=0 y=-0.603 yr=0.950 L=16 R=16 OL=16 OR=16 el=17 er=17 ed=0 dl=17 dr=17 cl=0 cr=0 ok=4439 fail=0 vofa=firewater rx=543 txdrop=12428
1775110688.9613118,1775110688961311800,6567745143500,HB,1089301,23413.0,1,-0.585,0.659,17.0,16.0,1.0,16.0,16.0,16.0,16.0,17.0,16.0,0,0,,HB tick=1089301 exp_id=244 t_ms=23413 run=1 ts=35.000 as=16.500 ta=0.000 aa=-0.603 se=18.500 so=15.900 ae=0.603 ao=0.025 pwm=16 pc=16 hd=0 y=-0.585 yr=0.659 L=16 R=16 OL=16 OR=16 el=17 er=16 ed=1 dl=17 dr=16 cl=0 cr=0 ok=4440 fail=0 vofa=firewater rx=543 txdrop=12428
1775110689.1484942,1775110689148494300,6567932323900,HB,1089489,23601.0,1,-0.571,0.454,18.0,18.0,0.0,15.0,15.0,15.0,15.0,18.0,18.0,0,0,,HB tick=1089489 exp_id=244 t_ms=23601 run=1 ts=35.000 as=18.000 ta=0.000 aa=-0.585 se=17.000 so=15.000 ae=0.585 ao=0.037 pwm=15 pc=15 hd=0 y=-0.571 yr=0.454 L=15 R=15 OL=15 OR=15 el=18 er=18 ed=0 dl=18 dr=18 cl=0 cr=0 ok=4441 fail=0 vofa=firewater rx=543 txdrop=12428
1775110689.3865788,1775110689386578600,6568170409000,HB,1089721,23833.0,1,-0.34,0.644,17.0,18.0,-1.0,15.0,15.0,15.0,15.0,17.0,18.0,0,0,,HB tick=1089721 exp_id=244 t_ms=23833 run=1 ts=35.000 as=17.500 ta=0.000 aa=-0.571 se=17.500 so=15.300 ae=0.571 ao=0.046 pwm=15 pc=15 hd=0 y=-0.340 yr=0.644 L=15 R=15 OL=15 OR=15 el=17 er=18 ed=-1 dl=17 dr=18 cl=0 cr=0 ok=4442 fail=0 vofa=firewater rx=543 txdrop=12428
1775110689.5930088,1775110689593008600,6568376839300,HB,1089926,24038.0,1,0.002,1.002,17.0,17.0,0.0,16.0,16.0,16.0,16.0,17.0,17.0,0,0,,HB tick=1089926 exp_id=244 t_ms=24038 run=1 ts=35.000 as=17.000 ta=0.000 aa=-0.340 se=18.000 so=15.600 ae=0.340 ao=0.009 pwm=16 pc=16 hd=0 y=0.002 yr=1.002 L=16 R=16 OL=16 OR=16 el=17 er=17 ed=0 dl=17 dr=17 cl=0 cr=0 ok=4443 fail=0 vofa=firewater rx=543 txdrop=12428
1775110689.7888596,1775110689788859700,6568572689500,HB,1090131,24243.0,1,0.302,1.163,18.0,17.0,1.0,15.0,15.0,15.0,15.0,18.0,17.0,0,0,,HB tick=1090131 exp_id=244 t_ms=24243 run=1 ts=35.000 as=17.500 ta=0.000 aa=0.002 se=17.500 so=15.300 ae=-0.002 ao=-0.050 pwm=15 pc=15 hd=0 y=0.302 yr=1.163 L=15 R=15 OL=15 OR=15 el=18 er=17 ed=1 dl=18 dr=17 cl=0 cr=0 ok=4444 fail=0 vofa=firewater rx=543 txdrop=12428
1775110689.9963498,1775110689996349600,6568780179700,HB,1090340,24452.0,1,0.347,0.833,18.0,18.0,0.0,15.0,15.0,15.0,15.0,18.0,18.0,0,0,,HB tick=1090340 exp_id=244 t_ms=24452 run=1 ts=35.000 as=18.000 ta=0.000 aa=0.302 se=17.000 so=15.000 ae=-0.302 ao=-0.094 pwm=15 pc=15 hd=0 y=0.347 yr=0.833 L=15 R=15 OL=15 OR=15 el=18 er=18 ed=0 dl=18 dr=18 cl=0 cr=0 ok=4445 fail=0 vofa=firewater rx=543 txdrop=12428
1775110690.20417,1775110690204170000,6568988000100,HB,1090545,24656.0,1,0.668,1.091,17.0,17.0,0.0,16.0,16.0,16.0,16.0,17.0,17.0,0,0,,HB tick=1090545 exp_id=244 t_ms=24656 run=1 ts=35.000 as=17.000 ta=0.000 aa=0.347 se=18.000 so=15.600 ae=-0.347 ao=-0.083 pwm=16 pc=16 hd=0 y=0.668 yr=1.091 L=16 R=16 OL=16 OR=16 el=17 er=17 ed=0 dl=17 dr=17 cl=0 cr=0 ok=4446 fail=0 vofa=firewater rx=543 txdrop=12428
1775110690.4329245,1775110690432924300,6569216754500,HB,1090764,24876.0,1,0.791,0.904,19.0,18.0,1.0,15.0,15.0,15.0,15.0,19.0,18.0,0,0,,HB tick=1090764 exp_id=244 t_ms=24876 run=1 ts=35.000 as=18.500 ta=0.000 aa=0.668 se=16.500 so=14.700 ae=-0.668 ao=-0.135 pwm=15 pc=15 hd=0 y=0.791 yr=0.904 L=15 R=15 OL=15 OR=15 el=19 er=18 ed=1 dl=19 dr=18 cl=0 cr=0 ok=4447 fail=0 vofa=firewater rx=543 txdrop=12428
1775110690.5775805,1775110690577580500,6569361410100,HB,1090920,25032.0,1,0.782,0.569,18.0,18.0,0.0,15.0,15.0,15.0,15.0,18.0,18.0,0,0,,HB tick=1090920 exp_id=244 t_ms=25032 run=1 ts=35.000 as=18.000 ta=0.000 aa=0.791 se=17.000 so=15.000 ae=-0.791 ao=-0.140 pwm=15 pc=15 hd=0 y=0.782 yr=0.569 L=15 R=15 OL=15 OR=15 el=18 er=18 ed=0 dl=18 dr=18 cl=0 cr=0 ok=4448 fail=0 vofa=firewater rx=543 txdrop=12428
1775110690.8158507,1775110690815850800,6569599681400,HB,1091152,25264.0,1,1.039,0.757,18.0,17.0,1.0,15.0,15.0,15.0,15.0,18.0,17.0,0,0,,HB tick=1091152 exp_id=244 t_ms=25264 run=1 ts=35.000 as=17.500 ta=0.000 aa=0.782 se=17.500 so=15.300 ae=-0.782 ao=-0.122 pwm=15 pc=15 hd=0 y=1.039 yr=0.757 L=15 R=15 OL=15 OR=15 el=18 er=17 ed=1 dl=18 dr=17 cl=0 cr=0 ok=4449 fail=0 vofa=firewater rx=543 txdrop=12428
1775110691.0223346,1775110691022334500,6569806164500,HB,1091361,25473.0,1,1.257,0.857,19.0,18.0,1.0,14.0,14.0,14.0,14.0,19.0,18.0,0,0,,HB tick=1091361 exp_id=244 t_ms=25473 run=1 ts=35.000 as=18.500 ta=0.000 aa=1.039 se=16.500 so=14.700 ae=-1.039 ao=-0.163 pwm=14 pc=14 hd=0 y=1.257 yr=0.857 L=14 R=14 OL=14 OR=14 el=19 er=18 ed=1 dl=19 dr=18 cl=0 cr=0 ok=4450 fail=0 vofa=firewater rx=543 txdrop=12428
1775110691.229291,1775110691229291100,6570013120800,HB,1091566,25678.0,1,1.387,0.779,19.0,18.0,1.0,15.0,15.0,15.0,15.0,19.0,18.0,0,0,,HB tick=1091566 exp_id=244 t_ms=25678 run=1 ts=35.000 as=18.500 ta=0.000 aa=1.257 se=16.500 so=14.700 ae=-1.257 ao=-0.194 pwm=15 pc=15 hd=0 y=1.387 yr=0.779 L=15 R=15 OL=15 OR=15 el=19 er=18 ed=1 dl=19 dr=18 cl=0 cr=0 ok=4451 fail=0 vofa=firewater rx=543 txdrop=12428
1775110691.4263852,1775110691426385100,6570210215200,HB,1091770,25882.0,1,1.755,1.138,18.0,17.0,1.0,15.0,15.0,15.0,15.0,18.0,17.0,0,0,,HB tick=1091770 exp_id=244 t_ms=25882 run=1 ts=35.000 as=17.500 ta=0.000 aa=1.387 se=17.500 so=15.300 ae=-1.387 ao=-0.205 pwm=15 pc=15 hd=0 y=1.755 yr=1.138 L=15 R=15 OL=15 OR=15 el=18 er=17 ed=1 dl=18 dr=17 cl=0 cr=0 ok=4452 fail=0 vofa=firewater rx=543 txdrop=12428
1775110691.6352181,1775110691635218200,6570419048500,HB,1091979,26091.0,1,1.845,0.89,19.0,19.0,0.0,14.0,14.0,14.0,14.0,19.0,19.0,0,0,,HB tick=1091979 exp_id=244 t_ms=26091 run=1 ts=35.000 as=19.000 ta=0.000 aa=1.755 se=16.000 so=14.400 ae=-1.755 ao=-0.268 pwm=14 pc=14 hd=0 y=1.845 yr=0.890 L=14 R=14 OL=14 OR=14 el=19 er=19 ed=0 dl=19 dr=19 cl=0 cr=0 ok=4453 fail=0 vofa=firewater rx=543 txdrop=12428
1775110691.843322,1775110691843322200,6570627152200,HB,1092184,26296.0,1,2.038,0.909,18.0,18.0,0.0,15.0,15.0,15.0,15.0,18.0,18.0,0,0,,HB tick=1092184 exp_id=244 t_ms=26296 run=1 ts=35.000 as=18.000 ta=0.000 aa=1.845 se=17.000 so=15.000 ae=-1.845 ao=-0.266 pwm=15 pc=15 hd=0 y=2.038 yr=0.909 L=15 R=15 OL=15 OR=15 el=18 er=18 ed=0 dl=18 dr=18 cl=0 cr=0 ok=4454 fail=0 vofa=firewater rx=543 txdrop=12428
1775110692.049446,1775110692049446100,6570833276000,HB,1092388,26500.0,1,2.349,1.123,18.0,17.0,1.0,15.0,15.0,15.0,15.0,18.0,17.0,0,0,,HB tick=1092388 exp_id=244 t_ms=26500 run=1 ts=35.000 as=17.500 ta=0.000 aa=2.038 se=17.500 so=15.300 ae=-2.038 ao=-0.290 pwm=15 pc=15 hd=0 y=2.349 yr=1.123 L=15 R=15 OL=15 OR=15 el=18 er=17 ed=1 dl=18 dr=17 cl=0 cr=0 ok=4455 fail=0 vofa=firewater rx=543 txdrop=12428
1775110692.2155018,1775110692215501800,6570999332000,HB,1092549,26661.0,1,2.256,0.529,18.0,18.0,0.0,15.0,15.0,15.0,15.0,18.0,18.0,0,0,,HB tick=1092549 exp_id=244 t_ms=26661 run=1 ts=35.000 as=18.000 ta=0.000 aa=2.349 se=17.000 so=15.000 ae=-2.349 ao=-0.338 pwm=15 pc=15 hd=0 y=2.256 yr=0.529 L=15 R=15 OL=15 OR=15 el=18 er=18 ed=0 dl=18 dr=18 cl=0 cr=0 ok=4456 fail=0 vofa=firewater rx=543 txdrop=12428
1775110692.4448926,1775110692444892600,6571228722500,HB,1092781,26893.0,1,2.503,0.717,18.0,17.0,1.0,16.0,16.0,16.0,16.0,18.0,17.0,0,0,,HB tick=1092781 exp_id=244 t_ms=26893 run=1 ts=35.000 as=17.500 ta=0.000 aa=2.256 se=17.500 so=15.300 ae=-2.256 ao=-0.297 pwm=16 pc=16 hd=0 y=2.503 yr=0.717 L=16 R=16 OL=16 OR=16 el=18 er=17 ed=1 dl=18 dr=17 cl=0 cr=0 ok=4457 fail=0 vofa=firewater rx=543 txdrop=12428
1775110692.6430779,1775110692643078000,6571426907700,HB,1092986,27098.0,1,2.798,0.968,18.0,18.0,0.0,15.0,15.0,15.0,15.0,18.0,18.0,0,0,,HB tick=1092986 exp_id=244 t_ms=27098 run=1 ts=35.000 as=18.000 ta=0.000 aa=2.503 se=17.000 so=15.000 ae=-2.503 ao=-0.336 pwm=15 pc=15 hd=0 y=2.798 yr=0.968 L=15 R=15 OL=15 OR=15 el=18 er=18 ed=0 dl=18 dr=18 cl=0 cr=0 ok=4458 fail=0 vofa=firewater rx=543 txdrop=12428
1775110692.870162,1775110692870162000,6571653991900,HB,1093206,27318.0,1,3.198,1.267,17.0,18.0,-1.0,15.0,15.0,15.0,15.0,17.0,18.0,0,0,,HB tick=1093206 exp_id=244 t_ms=27318 run=1 ts=35.000 as=17.500 ta=0.000 aa=2.798 se=17.500 so=15.300 ae=-2.798 ao=-0.384 pwm=15 pc=15 hd=0 y=3.198 yr=1.267 L=15 R=15 OL=15 OR=15 el=17 er=18 ed=-1 dl=17 dr=18 cl=0 cr=0 ok=4459 fail=0 vofa=firewater rx=543 txdrop=12428
1775110693.068133,1775110693068133100,6571851962900,HB,1093406,27518.0,1,3.222,0.865,18.0,17.0,1.0,15.0,15.0,15.0,15.0,18.0,17.0,0,0,,HB tick=1093406 exp_id=244 t_ms=27518 run=1 ts=35.000 as=17.500 ta=0.000 aa=3.198 se=17.500 so=15.300 ae=-3.198 ao=-0.447 pwm=15 pc=15 hd=0 y=3.222 yr=0.865 L=15 R=15 OL=15 OR=15 el=18 er=17 ed=1 dl=18 dr=17 cl=0 cr=0 ok=4460 fail=0 vofa=firewater rx=543 txdrop=12428
1775110693.2748132,1775110693274813100,6572058642800,HB,1093610,27722.0,1,3.525,1.081,18.0,17.0,1.0,15.0,15.0,15.0,15.0,18.0,17.0,0,0,,HB tick=1093610 exp_id=244 t_ms=27722 run=1 ts=35.000 as=17.500 ta=0.000 aa=3.222 se=17.500 so=15.300 ae=-3.222 ao=-0.430 pwm=15 pc=15 hd=0 y=3.525 yr=1.081 L=15 R=15 OL=15 OR=15 el=18 er=17 ed=1 dl=18 dr=17 cl=0 cr=0 ok=4461 fail=0 vofa=firewater rx=543 txdrop=12428
1775110693.481909,1775110693481908900,6572265738800,HB,1093819,27931.0,1,3.632,0.883,18.0,19.0,-1.0,15.0,15.0,15.0,15.0,18.0,19.0,0,0,,HB tick=1093819 exp_id=244 t_ms=27931 run=1 ts=35.000 as=18.500 ta=0.000 aa=3.525 se=16.500 so=14.700 ae=-3.525 ao=-0.477 pwm=15 pc=15 hd=0 y=3.632 yr=0.883 L=15 R=15 OL=15 OR=15 el=18 er=19 ed=-1 dl=18 dr=19 cl=0 cr=0 ok=4462 fail=0 vofa=firewater rx=543 txdrop=12428
1775110693.688577,1775110693688576900,6572472406500,HB,1094025,28137.0,1,3.971,1.153,18.0,18.0,0.0,15.0,15.0,15.0,15.0,18.0,18.0,0,0,,HB tick=1094025 exp_id=244 t_ms=28137 run=1 ts=35.000 as=18.000 ta=0.000 aa=3.632 se=17.000 so=15.000 ae=-3.632 ao=-0.480 pwm=15 pc=15 hd=0 y=3.971 yr=1.153 L=15 R=15 OL=15 OR=15 el=18 er=18 ed=0 dl=18 dr=18 cl=0 cr=0 ok=4463 fail=0 vofa=firewater rx=543 txdrop=12428
1775110693.8943012,1775110693894301200,6572678131100,HB,1094229,28341.0,1,4.23,1.192,18.0,19.0,-1.0,14.0,16.0,14.0,16.0,18.0,19.0,0,0,,HB tick=1094229 exp_id=244 t_ms=28341 run=1 ts=35.000 as=18.500 ta=0.000 aa=3.971 se=16.500 so=14.700 ae=-3.971 ao=-0.534 pwm=15 pc=15 hd=-1 y=4.230 yr=1.192 L=14 R=16 OL=14 OR=16 el=18 er=19 ed=-1 dl=18 dr=19 cl=0 cr=0 ok=4464 fail=0 vofa=firewater rx=543 txdrop=12428
1775110694.1009037,1775110694100903700,6572884733500,HB,1094438,28550.0,1,3.792,0.04,18.0,19.0,-1.0,14.0,16.0,14.0,16.0,18.0,19.0,0,0,,HB tick=1094438 exp_id=244 t_ms=28550 run=1 ts=35.000 as=18.500 ta=0.000 aa=4.230 se=16.500 so=14.700 ae=-4.230 ao=-0.567 pwm=15 pc=15 hd=-1 y=3.792 yr=0.040 L=14 R=16 OL=14 OR=16 el=18 er=19 ed=-1 dl=18 dr=19 cl=0 cr=0 ok=4465 fail=0 vofa=firewater rx=543 txdrop=12428
1775110694.308039,1775110694308038900,6573091869100,HB,1094643,28755.0,1,2.995,-1.335,17.0,17.0,0.0,15.0,15.0,15.0,15.0,17.0,17.0,0,0,,HB tick=1094643 exp_id=244 t_ms=28755 run=1 ts=35.000 as=17.000 ta=0.000 aa=3.792 se=18.000 so=15.600 ae=-3.792 ao=-0.457 pwm=15 pc=15 hd=0 y=2.995 yr=-1.335 L=15 R=15 OL=15 OR=15 el=17 er=17 ed=0 dl=17 dr=17 cl=0 cr=0 ok=4466 fail=0 vofa=firewater rx=543 txdrop=12428
1775110694.5045247,1775110694504524900,6573288355500,HB,1094847,28959.0,1,2.574,-1.59,18.0,18.0,0.0,15.0,15.0,15.0,15.0,18.0,18.0,0,0,,HB tick=1094847 exp_id=244 t_ms=28959 run=1 ts=35.000 as=18.000 ta=0.000 aa=2.995 se=17.000 so=15.000 ae=-2.995 ao=-0.293 pwm=15 pc=15 hd=0 y=2.574 yr=-1.590 L=15 R=15 OL=15 OR=15 el=18 er=18 ed=0 dl=18 dr=18 cl=0 cr=0 ok=4467 fail=0 vofa=firewater rx=543 txdrop=12428
1775110694.6688778,1775110694668877700,6573452707600,HB,1095008,29120.0,1,2.051,-2.169,18.0,18.0,0.0,15.0,15.0,15.0,15.0,18.0,18.0,0,0,,HB tick=1095008 exp_id=244 t_ms=29120 run=1 ts=35.000 as=18.000 ta=0.000 aa=2.574 se=17.000 so=15.000 ae=-2.574 ao=-0.229 pwm=15 pc=15 hd=0 y=2.051 yr=-2.169 L=15 R=15 OL=15 OR=15 el=18 er=18 ed=0 dl=18 dr=18 cl=0 cr=0 ok=4468 fail=0 vofa=firewater rx=543 txdrop=12428
1775110694.8982062,1775110694898206100,6573682035800,HB,1095240,29352.0,1,1.677,-1.974,17.0,17.0,0.0,15.0,15.0,15.0,15.0,17.0,17.0,0,0,,HB tick=1095240 exp_id=244 t_ms=29352 run=1 ts=35.000 as=17.000 ta=0.000 aa=2.051 se=18.000 so=15.600 ae=-2.051 ao=-0.138 pwm=15 pc=15 hd=0 y=1.677 yr=-1.974 L=15 R=15 OL=15 OR=15 el=17 er=17 ed=0 dl=17 dr=17 cl=0 cr=0 ok=4469 fail=0 vofa=firewater rx=543 txdrop=12428
1775110695.0640585,1775110695064058600,6573847888300,HB,1095400,29512.0,1,1.216,-2.293,18.0,18.0,0.0,15.0,15.0,15.0,15.0,18.0,18.0,0,0,,HB tick=1095400 exp_id=244 t_ms=29512 run=1 ts=35.000 as=18.000 ta=0.000 aa=1.677 se=17.000 so=15.000 ae=-1.677 ao=-0.103 pwm=15 pc=15 hd=0 y=1.216 yr=-2.293 L=15 R=15 OL=15 OR=15 el=18 er=18 ed=0 dl=18 dr=18 cl=0 cr=0 ok=4470 fail=0 vofa=firewater rx=543 txdrop=12428
1775110695.2920916,1775110695292091700,6574075921200,HB,1095632,29744.0,1,0.827,-2.077,17.0,17.0,0.0,15.0,15.0,15.0,15.0,17.0,17.0,0,0,,HB tick=1095632 exp_id=244 t_ms=29744 run=1 ts=35.000 as=17.000 ta=0.000 aa=1.216 se=18.000 so=15.600 ae=-1.216 ao=-0.031 pwm=15 pc=15 hd=0 y=0.827 yr=-2.077 L=15 R=15 OL=15 OR=15 el=17 er=17 ed=0 dl=17 dr=17 cl=0 cr=0 ok=4471 fail=0 vofa=firewater rx=543 txdrop=12428
1775110695.4587119,1775110695458711700,6574242541400,HB,1095797,29909.0,1,0.531,-1.977,17.0,18.0,-1.0,15.0,15.0,15.0,15.0,17.0,18.0,0,0,,HB tick=1095797 exp_id=244 t_ms=29909 run=1 ts=35.000 as=17.500 ta=0.000 aa=0.827 se=17.500 so=15.300 ae=-0.827 ao=0.005 pwm=15 pc=15 hd=0 y=0.531 yr=-1.977 L=15 R=15 OL=15 OR=15 el=17 er=18 ed=-1 dl=17 dr=18 cl=0 cr=0 ok=4472 fail=0 vofa=firewater rx=543 txdrop=12428
1775110695.688011,1775110695688010900,6574471840600,HB,1096029,30141.0,1,0.027,-2.046,18.0,18.0,0.0,15.0,15.0,15.0,15.0,18.0,18.0,0,0,,HB tick=1096029 exp_id=244 t_ms=30141 run=1 ts=35.000 as=18.000 ta=0.000 aa=0.531 se=17.000 so=15.000 ae=-0.531 ao=0.035 pwm=15 pc=15 hd=0 y=0.027 yr=-2.046 L=15 R=15 OL=15 OR=15 el=18 er=18 ed=0 dl=18 dr=18 cl=0 cr=0 ok=4473 fail=0 vofa=firewater rx=543 txdrop=12428
1775110695.895621,1775110695895621000,6574679451400,HB,1096238,30350.0,1,-0.523,-2.251,18.0,19.0,-1.0,15.0,15.0,15.0,15.0,18.0,19.0,0,0,,HB tick=1096238 exp_id=244 t_ms=30350 run=1 ts=35.000 as=18.500 ta=0.000 aa=0.027 se=16.500 so=14.700 ae=-0.027 ao=0.099 pwm=15 pc=15 hd=0 y=-0.523 yr=-2.251 L=15 R=15 OL=15 OR=15 el=18 er=19 ed=-1 dl=18 dr=19 cl=0 cr=0 ok=4474 fail=0 vofa=firewater rx=543 txdrop=12428
1775110696.1026506,1775110696102650600,6574886480500,HB,1096443,30555.0,1,-0.863,-2.044,17.0,18.0,-1.0,16.0,16.0,16.0,16.0,17.0,18.0,0,0,,HB tick=1096443 exp_id=244 t_ms=30555 run=1 ts=35.000 as=17.500 ta=0.000 aa=-0.523 se=17.500 so=15.300 ae=0.523 ao=0.175 pwm=16 pc=16 hd=0 y=-0.863 yr=-2.044 L=16 R=16 OL=16 OR=16 el=17 er=18 ed=-1 dl=17 dr=18 cl=0 cr=0 ok=4475 fail=0 vofa=firewater rx=543 txdrop=12428
1775110696.3106565,1775110696310656500,6575094486400,HB,1096647,30759.0,1,-1.292,-2.064,17.0,18.0,-1.0,15.0,15.0,15.0,15.0,17.0,18.0,0,0,,HB tick=1096647 exp_id=244 t_ms=30759 run=1 ts=35.000 as=17.500 ta=0.000 aa=-0.863 se=17.500 so=15.300 ae=0.863 ao=0.206 pwm=15 pc=15 hd=0 y=-1.292 yr=-2.064 L=15 R=15 OL=15 OR=15 el=17 er=18 ed=-1 dl=17 dr=18 cl=0 cr=0 ok=4476 fail=0 vofa=firewater rx=543 txdrop=12428
1775110696.5179834,1775110696517983400,6575301813000,HB,1096852,30964.0,1,-1.594,-1.858,18.0,19.0,-1.0,15.0,15.0,15.0,15.0,18.0,19.0,0,0,,HB tick=1096852 exp_id=244 t_ms=30964 run=1 ts=35.000 as=18.500 ta=0.000 aa=-1.292 se=16.500 so=14.700 ae=1.292 ao=0.258 pwm=15 pc=15 hd=0 y=-1.594 yr=-1.858 L=15 R=15 OL=15 OR=15 el=18 er=19 ed=-1 dl=18 dr=19 cl=0 cr=0 ok=4477 fail=0 vofa=firewater rx=543 txdrop=12428
1775110696.7252011,1775110696725201100,6575509031100,HB,1097061,31173.0,1,-1.937,-1.781,17.0,18.0,-1.0,15.0,15.0,15.0,15.0,17.0,18.0,0,0,,HB tick=1097061 exp_id=244 t_ms=31173 run=1 ts=35.000 as=17.500 ta=0.000 aa=-1.594 se=17.500 so=15.300 ae=1.594 ao=0.284 pwm=15 pc=15 hd=0 y=-1.937 yr=-1.781 L=15 R=15 OL=15 OR=15 el=17 er=18 ed=-1 dl=17 dr=18 cl=0 cr=0 ok=4478 fail=0 vofa=firewater rx=543 txdrop=12428
1775110696.9219084,1775110696921908600,6575705738200,HB,1097266,31377.0,1,-2.463,-2.06,18.0,18.0,0.0,15.0,15.0,15.0,15.0,18.0,18.0,0,0,,HB tick=1097266 exp_id=244 t_ms=31377 run=1 ts=35.000 as=18.000 ta=0.000 aa=-1.937 se=17.000 so=15.000 ae=1.937 ao=0.322 pwm=15 pc=15 hd=0 y=-2.463 yr=-2.060 L=15 R=15 OL=15 OR=15 el=18 er=18 ed=0 dl=18 dr=18 cl=0 cr=0 ok=4479 fail=0 vofa=firewater rx=543 txdrop=12428
1775110697.0876892,1775110697087689300,6575871519000,HB,1097426,31538.0,1,-2.725,-1.91,17.0,18.0,-1.0,15.0,15.0,15.0,15.0,17.0,18.0,0,0,,HB tick=1097426 exp_id=244 t_ms=31538 run=1 ts=35.000 as=17.500 ta=0.000 aa=-2.463 se=17.500 so=15.300 ae=2.463 ao=0.399 pwm=15 pc=15 hd=0 y=-2.725 yr=-1.910 L=15 R=15 OL=15 OR=15 el=17 er=18 ed=-1 dl=17 dr=18 cl=0 cr=0 ok=4480 fail=0 vofa=firewater rx=543 txdrop=12428
1775110697.3356977,1775110697335697700,6576119527600,HB,1097675,31787.0,1,-3.687,-2.594,17.0,17.0,0.0,16.0,16.0,16.0,16.0,17.0,17.0,0,0,,HB tick=1097675 exp_id=244 t_ms=31787 run=1 ts=35.000 as=17.000 ta=0.000 aa=-2.725 se=18.000 so=15.600 ae=2.725 ao=0.423 pwm=16 pc=16 hd=0 y=-3.687 yr=-2.594 L=16 R=16 OL=16 OR=16 el=17 er=17 ed=0 dl=17 dr=17 cl=0 cr=0 ok=4481 fail=0 vofa=firewater rx=543 txdrop=12428
1775110697.5330172,1775110697533017100,6576316846900,HB,1097876,31988.0,1,-3.831,-1.935,18.0,18.0,0.0,16.0,14.0,16.0,14.0,18.0,18.0,0,0,,HB tick=1097876 exp_id=244 t_ms=31988 run=1 ts=35.000 as=18.000 ta=0.000 aa=-3.687 se=17.000 so=15.000 ae=3.687 ao=0.572 pwm=15 pc=15 hd=1 y=-3.831 yr=-1.935 L=16 R=14 OL=16 OR=14 el=18 er=18 ed=0 dl=18 dr=18 cl=0 cr=0 ok=4482 fail=0 vofa=firewater rx=543 txdrop=12428
1775110697.6992166,1775110697699216700,6576483046900,HB,1098037,32149.0,1,-3.77,-1.127,19.0,18.0,1.0,16.0,14.0,16.0,14.0,19.0,18.0,0,0,,HB tick=1098037 exp_id=244 t_ms=32149 run=1 ts=35.000 as=18.500 ta=0.000 aa=-3.831 se=16.500 so=14.700 ae=3.831 ao=0.556 pwm=15 pc=15 hd=1 y=-3.770 yr=-1.127 L=16 R=14 OL=16 OR=14 el=19 er=18 ed=1 dl=19 dr=18 cl=0 cr=0 ok=4483 fail=0 vofa=firewater rx=543 txdrop=12428
1775110697.9265635,1775110697926563700,6576710393700,HB,1098268,32380.0,1,-3.232,0.084,18.0,17.0,1.0,16.0,14.0,16.0,14.0,18.0,17.0,0,0,,HB tick=1098268 exp_id=244 t_ms=32380 run=1 ts=35.000 as=17.500 ta=0.000 aa=-3.770 se=17.500 so=15.300 ae=3.770 ao=0.509 pwm=15 pc=15 hd=1 y=-3.232 yr=0.084 L=16 R=14 OL=16 OR=14 el=18 er=17 ed=1 dl=18 dr=17 cl=0 cr=0 ok=4484 fail=0 vofa=firewater rx=543 txdrop=12428
1775110698.1335068,1775110698133506700,6576917336300,HB,1098477,32589.0,1,-2.033,2.062,18.0,17.0,1.0,15.0,15.0,15.0,15.0,18.0,17.0,0,0,,HB tick=1098477 exp_id=244 t_ms=32589 run=1 ts=35.000 as=17.500 ta=0.000 aa=-3.232 se=17.500 so=15.300 ae=3.232 ao=0.384 pwm=15 pc=15 hd=0 y=-2.033 yr=2.062 L=15 R=15 OL=15 OR=15 el=18 er=17 ed=1 dl=18 dr=17 cl=0 cr=0 ok=4485 fail=0 vofa=firewater rx=543 txdrop=12428
1775110698.3475115,1775110698347511600,6577131341500,HB,1098682,32794.0,1,-1.359,2.491,19.0,17.0,2.0,15.0,15.0,15.0,15.0,19.0,17.0,0,0,,HB tick=1098682 exp_id=244 t_ms=32794 run=1 ts=35.000 as=18.000 ta=0.000 aa=-2.033 se=17.000 so=15.000 ae=2.033 ao=0.141 pwm=15 pc=15 hd=0 y=-1.359 yr=2.491 L=15 R=15 OL=15 OR=15 el=19 er=17 ed=2 dl=19 dr=17 cl=0 cr=0 ok=4486 fail=0 vofa=firewater rx=543 txdrop=12428
1775110698.5463514,1775110698546351300,6577330181600,HB,1098887,32999.0,1,-0.92,2.368,18.0,17.0,1.0,15.0,15.0,15.0,15.0,18.0,17.0,0,0,,HB tick=1098887 exp_id=244 t_ms=32999 run=1 ts=35.000 as=17.500 ta=0.000 aa=-1.359 se=17.500 so=15.300 ae=1.359 ao=0.039 pwm=15 pc=15 hd=0 y=-0.920 yr=2.368 L=15 R=15 OL=15 OR=15 el=18 er=17 ed=1 dl=18 dr=17 cl=0 cr=0 ok=4487 fail=0 vofa=firewater rx=543 txdrop=12428
1775110698.7541084,1775110698754108400,6577537938000,HB,1099097,33209.0,1,-0.414,2.383,18.0,17.0,1.0,15.0,15.0,15.0,15.0,18.0,17.0,0,0,,HB tick=1099097 exp_id=244 t_ms=33209 run=1 ts=35.000 as=17.500 ta=0.000 aa=-0.920 se=17.500 so=15.300 ae=0.920 ao=-0.008 pwm=15 pc=15 hd=0 y=-0.414 yr=2.383 L=15 R=15 OL=15 OR=15 el=18 er=17 ed=1 dl=18 dr=17 cl=0 cr=0 ok=4488 fail=0 vofa=firewater rx=543 txdrop=12428
1775110698.9642036,1775110698964203600,6577748033800,HB,1099302,33414.0,1,0.079,2.391,18.0,18.0,0.0,15.0,15.0,15.0,15.0,18.0,18.0,0,0,,HB tick=1099302 exp_id=244 t_ms=33414 run=1 ts=35.000 as=18.000 ta=0.000 aa=-0.414 se=17.000 so=15.000 ae=0.414 ao=-0.069 pwm=15 pc=15 hd=0 y=0.079 yr=2.391 L=15 R=15 OL=15 OR=15 el=18 er=18 ed=0 dl=18 dr=18 cl=0 cr=0 ok=4489 fail=0 vofa=firewater rx=543 txdrop=12428
1775110699.1194785,1775110699119478500,6577903308100,HB,1099462,33574.0,1,0.241,1.908,17.0,18.0,-1.0,16.0,16.0,16.0,16.0,17.0,18.0,0,0,,HB tick=1099462 exp_id=244 t_ms=33574 run=1 ts=35.000 as=17.500 ta=0.000 aa=0.079 se=17.500 so=15.300 ae=-0.079 ao=-0.129 pwm=16 pc=16 hd=0 y=0.241 yr=1.908 L=16 R=16 OL=16 OR=16 el=17 er=18 ed=-1 dl=17 dr=18 cl=0 cr=0 ok=4490 fail=0 vofa=firewater rx=543 txdrop=12428
1775110699.358657,1775110699358656700,6578142486600,HB,1099695,33807.0,1,0.529,1.674,18.0,18.0,0.0,15.0,15.0,15.0,15.0,18.0,18.0,0,0,,HB tick=1099695 exp_id=244 t_ms=33807 run=1 ts=35.000 as=18.000 ta=0.000 aa=0.241 se=17.000 so=15.000 ae=-0.241 ao=-0.124 pwm=15 pc=15 hd=0 y=0.529 yr=1.674 L=15 R=15 OL=15 OR=15 el=18 er=18 ed=0 dl=18 dr=18 cl=0 cr=0 ok=4491 fail=0 vofa=firewater rx=543 txdrop=12428
1775110699.5139945,1775110699513994400,6578297824200,HB,1099856,33968.0,1,0.463,0.943,18.0,18.0,0.0,15.0,15.0,15.0,15.0,18.0,18.0,0,0,,HB tick=1099856 exp_id=244 t_ms=33968 run=1 ts=35.000 as=18.000 ta=0.000 aa=0.529 se=17.000 so=15.000 ae=-0.529 ao=-0.147 pwm=15 pc=15 hd=0 y=0.463 yr=0.943 L=15 R=15 OL=15 OR=15 el=18 er=18 ed=0 dl=18 dr=18 cl=0 cr=0 ok=4492 fail=0 vofa=firewater rx=543 txdrop=12428
1775110699.7429616,1775110699742961600,6578526791400,HB,1100088,34200.0,1,0.541,0.731,17.0,17.0,0.0,16.0,16.0,16.0,16.0,17.0,17.0,0,0,,HB tick=1100088 exp_id=244 t_ms=34200 run=1 ts=35.000 as=17.000 ta=0.000 aa=0.463 se=18.000 so=15.600 ae=-0.463 ao=-0.103 pwm=16 pc=16 hd=0 y=0.541 yr=0.731 L=16 R=16 OL=16 OR=16 el=17 er=17 ed=0 dl=17 dr=17 cl=0 cr=0 ok=4493 fail=0 vofa=firewater rx=543 txdrop=12428
1775110699.9609494,1775110699960949600,6578744779400,HB,1100297,34408.0,1,0.698,0.739,18.0,18.0,0.0,15.0,15.0,15.0,15.0,18.0,18.0,0,0,,HB tick=1100297 exp_id=244 t_ms=34408 run=1 ts=35.000 as=18.000 ta=0.000 aa=0.541 se=17.000 so=15.000 ae=-0.541 ao=-0.101 pwm=15 pc=15 hd=0 y=0.698 yr=0.739 L=15 R=15 OL=15 OR=15 el=18 er=18 ed=0 dl=18 dr=18 cl=0 cr=0 ok=4494 fail=0 vofa=firewater rx=543 txdrop=12428
1775110700.1576629,1775110700157663100,6578941492800,HB,1100502,34614.0,1,0.565,0.255,18.0,18.0,0.0,15.0,15.0,15.0,15.0,18.0,18.0,0,0,,HB tick=1100502 exp_id=244 t_ms=34614 run=1 ts=35.000 as=18.000 ta=0.000 aa=0.698 se=17.000 so=15.000 ae=-0.698 ao=-0.121 pwm=15 pc=15 hd=0 y=0.565 yr=0.255 L=15 R=15 OL=15 OR=15 el=18 er=18 ed=0 dl=18 dr=18 cl=0 cr=0 ok=4495 fail=0 vofa=firewater rx=543 txdrop=12428
1775110700.3644156,1775110700364415800,6579148245500,HB,1100706,34818.0,1,0.706,0.408,18.0,18.0,0.0,15.0,15.0,15.0,15.0,18.0,18.0,0,0,,HB tick=1100706 exp_id=244 t_ms=34818 run=1 ts=35.000 as=18.000 ta=0.000 aa=0.565 se=17.000 so=15.000 ae=-0.565 ao=-0.081 pwm=15 pc=15 hd=0 y=0.706 yr=0.408 L=15 R=15 OL=15 OR=15 el=18 er=18 ed=0 dl=18 dr=18 cl=0 cr=0 ok=4496 fail=0 vofa=firewater rx=543 txdrop=12428
1775110700.571264,1775110700571264000,6579355094100,HB,1100910,35022.0,1,0.723,0.294,19.0,18.0,1.0,15.0,15.0,15.0,15.0,19.0,18.0,0,0,,HB tick=1100910 exp_id=244 t_ms=35022 run=1 ts=35.000 as=18.500 ta=0.000 aa=0.706 se=16.500 so=14.700 ae=-0.706 ao=-0.105 pwm=15 pc=15 hd=0 y=0.723 yr=0.294 L=15 R=15 OL=15 OR=15 el=19 er=18 ed=1 dl=19 dr=18 cl=0 cr=0 ok=4497 fail=0 vofa=firewater rx=543 txdrop=12428
1775110700.7780788,1775110700778078800,6579561908700,HB,1101118,35230.0,1,0.552,-0.096,18.0,18.0,0.0,15.0,15.0,15.0,15.0,18.0,18.0,0,0,,HB tick=1101118 exp_id=244 t_ms=35230 run=1 ts=35.000 as=18.000 ta=0.000 aa=0.723 se=17.000 so=15.000 ae=-0.723 ao=-0.101 pwm=15 pc=15 hd=0 y=0.552 yr=-0.096 L=15 R=15 OL=15 OR=15 el=18 er=18 ed=0 dl=18 dr=18 cl=0 cr=0 ok=4498 fail=0 vofa=firewater rx=543 txdrop=12428
1775110700.9851959,1775110700985195900,6579769026500,HB,1101323,35435.0,1,0.634,0.076,17.0,17.0,0.0,16.0,16.0,16.0,16.0,17.0,17.0,0,0,,HB tick=1101323 exp_id=244 t_ms=35435 run=1 ts=35.000 as=17.000 ta=0.000 aa=0.552 se=18.000 so=15.600 ae=-0.552 ao=-0.061 pwm=16 pc=16 hd=0 y=0.634 yr=0.076 L=16 R=16 OL=16 OR=16 el=17 er=17 ed=0 dl=17 dr=17 cl=0 cr=0 ok=4499 fail=0 vofa=firewater rx=543 txdrop=12428
1775110701.1753974,1775110701175397400,6579959227300,HB,1101484,35596.0,1,0.526,-0.185,18.0,17.0,1.0,15.0,15.0,15.0,15.0,18.0,17.0,0,0,,HB tick=1101484 exp_id=244 t_ms=35596 run=1 ts=35.000 as=17.500 ta=0.000 aa=0.634 se=17.500 so=15.300 ae=-0.634 ao=-0.080 pwm=15 pc=15 hd=0 y=0.526 yr=-0.185 L=15 R=15 OL=15 OR=15 el=18 er=17 ed=1 dl=18 dr=17 cl=0 cr=0 ok=4500 fail=0 vofa=firewater rx=543 txdrop=12428
1775110701.372947,1775110701372946900,6580156776700,HB,1101716,35828.0,1,0.514,-0.138,18.0,18.0,0.0,15.0,15.0,15.0,15.0,18.0,18.0,0,0,,HB tick=1101716 exp_id=244 t_ms=35828 run=1 ts=35.000 as=18.000 ta=0.000 aa=0.526 se=17.000 so=15.000 ae=-0.526 ao=-0.054 pwm=15 pc=15 hd=0 y=0.514 yr=-0.138 L=15 R=15 OL=15 OR=15 el=18 er=18 ed=0 dl=18 dr=18 cl=0 cr=0 ok=4501 fail=0 vofa=firewater rx=543 txdrop=12428
1775110701.580598,1775110701580598100,6580364428000,HB,1101921,36033.0,1,0.693,0.216,18.0,17.0,1.0,15.0,15.0,15.0,15.0,18.0,17.0,0,0,,HB tick=1101921 exp_id=244 t_ms=36033 run=1 ts=35.000 as=17.500 ta=0.000 aa=0.514 se=17.500 so=15.300 ae=-0.514 ao=-0.055 pwm=15 pc=15 hd=0 y=0.693 yr=0.216 L=15 R=15 OL=15 OR=15 el=18 er=17 ed=1 dl=18 dr=17 cl=0 cr=0 ok=4502 fail=0 vofa=firewater rx=543 txdrop=12428
1775110701.7882388,1775110701788238900,6580572069100,HB,1102125,36237.0,1,0.628,0.03,18.0,18.0,0.0,15.0,15.0,15.0,15.0,18.0,18.0,0,0,,HB tick=1102125 exp_id=244 t_ms=36237 run=1 ts=35.000 as=18.000 ta=0.000 aa=0.693 se=17.000 so=15.000 ae=-0.693 ao=-0.094 pwm=15 pc=15 hd=0 y=0.628 yr=0.030 L=15 R=15 OL=15 OR=15 el=18 er=18 ed=0 dl=18 dr=18 cl=0 cr=0 ok=4503 fail=0 vofa=firewater rx=543 txdrop=12428
1775110701.9967349,1775110701996735000,6580780565900,HB,1102335,36447.0,1,0.68,0.106,18.0,18.0,0.0,15.0,15.0,15.0,15.0,18.0,18.0,0,0,,HB tick=1102335 exp_id=244 t_ms=36447 run=1 ts=35.000 as=18.000 ta=0.000 aa=0.628 se=17.000 so=15.000 ae=-0.628 ao=-0.077 pwm=15 pc=15 hd=0 y=0.680 yr=0.106 L=15 R=15 OL=15 OR=15 el=18 er=18 ed=0 dl=18 dr=18 cl=0 cr=0 ok=4504 fail=0 vofa=firewater rx=543 txdrop=12428
1775110702.204266,1775110702204265900,6580988096200,HB,1102539,36651.0,1,0.896,0.439,17.0,17.0,0.0,16.0,16.0,16.0,16.0,17.0,17.0,0,0,,HB tick=1102539 exp_id=244 t_ms=36651 run=1 ts=35.000 as=17.000 ta=0.000 aa=0.680 se=18.000 so=15.600 ae=-0.680 ao=-0.087 pwm=16 pc=16 hd=0 y=0.896 yr=0.439 L=16 R=16 OL=16 OR=16 el=17 er=17 ed=0 dl=17 dr=17 cl=0 cr=0 ok=4505 fail=0 vofa=firewater rx=543 txdrop=12428
1775110702.4129922,1775110702412992300,6581196822000,HB,1102744,36856.0,1,0.724,-0.009,18.0,18.0,0.0,15.0,15.0,15.0,15.0,18.0,18.0,0,0,,HB tick=1102744 exp_id=244 t_ms=36856 run=1 ts=35.000 as=18.000 ta=0.000 aa=0.724 se=17.000 so=15.000 ae=-0.724 ao=-0.086 pwm=15 pc=15 hd=0 y=0.724 yr=-0.009 L=15 R=15 OL=15 OR=15 el=18 er=18 ed=0 dl=18 dr=18 cl=0 cr=0 ok=4506 fail=0 vofa=firewater rx=543 txdrop=12428
1775110702.568326,1775110702568325900,6581352156200,HB,1102904,37016.0,1,0.755,0.061,18.0,18.0,0.0,15.0,15.0,15.0,15.0,18.0,18.0,0,0,,HB tick=1102904 exp_id=244 t_ms=37016 run=1 ts=35.000 as=18.000 ta=0.000 aa=0.724 se=17.000 so=15.000 ae=-0.724 ao=-0.086 pwm=15 pc=15 hd=0 y=0.755 yr=0.061 L=15 R=15 OL=15 OR=15 el=18 er=18 ed=0 dl=18 dr=18 cl=0 cr=0 ok=4507 fail=0 vofa=firewater rx=543 txdrop=12428
1775110702.7979429,1775110702797942800,6581581772500,HB,1103136,37248.0,1,0.753,0.036,17.0,17.0,0.0,16.0,16.0,16.0,16.0,17.0,17.0,0,0,,HB tick=1103136 exp_id=244 t_ms=37248 run=1 ts=35.000 as=17.000 ta=0.000 aa=0.755 se=18.000 so=15.600 ae=-0.755 ao=-0.094 pwm=16 pc=16 hd=0 y=0.753 yr=0.036 L=16 R=16 OL=16 OR=16 el=17 er=17 ed=0 dl=17 dr=17 cl=0 cr=0 ok=4508 fail=0 vofa=firewater rx=543 txdrop=12428
1775110703.00444,1775110703004440100,6581788270100,HB,1103341,37453.0,1,0.461,-0.475,18.0,18.0,0.0,15.0,15.0,15.0,15.0,18.0,18.0,0,0,,HB tick=1103341 exp_id=244 t_ms=37453 run=1 ts=35.000 as=18.000 ta=0.000 aa=0.753 se=17.000 so=15.000 ae=-0.753 ao=-0.092 pwm=15 pc=15 hd=0 y=0.461 yr=-0.475 L=15 R=15 OL=15 OR=15 el=18 er=18 ed=0 dl=18 dr=18 cl=0 cr=0 ok=4509 fail=0 vofa=firewater rx=543 txdrop=12428
1775110703.2218094,1775110703221809300,6582005639100,HB,1103561,37673.0,1,0.241,-0.659,17.0,18.0,-1.0,15.0,15.0,15.0,15.0,17.0,18.0,0,0,,HB tick=1103561 exp_id=244 t_ms=37673 run=1 ts=35.000 as=17.500 ta=0.000 aa=0.461 se=17.500 so=15.300 ae=-0.461 ao=-0.032 pwm=15 pc=15 hd=0 y=0.241 yr=-0.659 L=15 R=15 OL=15 OR=15 el=17 er=18 ed=-1 dl=17 dr=18 cl=0 cr=0 ok=4510 fail=0 vofa=firewater rx=543 txdrop=12428
1775110703.4207416,1775110703420741600,6582204571300,HB,1103762,37873.0,1,0.265,-0.386,17.0,17.0,0.0,15.0,15.0,15.0,15.0,17.0,17.0,0,0,,HB tick=1103762 exp_id=244 t_ms=37873 run=1 ts=35.000 as=17.000 ta=0.000 aa=0.241 se=18.000 so=15.600 ae=-0.241 ao=0.004 pwm=15 pc=15 hd=0 y=0.265 yr=-0.386 L=15 R=15 OL=15 OR=15 el=17 er=17 ed=0 dl=17 dr=17 cl=0 cr=0 ok=4511 fail=0 vofa=firewater rx=543 txdrop=12428
1775110703.6282856,1775110703628285600,6582412115500,HB,1103966,38078.0,1,-0.219,-1.077,18.0,19.0,-1.0,15.0,15.0,15.0,15.0,18.0,19.0,0,0,,HB tick=1103966 exp_id=244 t_ms=38078 run=1 ts=35.000 as=18.500 ta=0.000 aa=0.265 se=16.500 so=14.700 ae=-0.265 ao=-0.013 pwm=15 pc=15 hd=0 y=-0.219 yr=-1.077 L=15 R=15 OL=15 OR=15 el=18 er=19 ed=-1 dl=18 dr=19 cl=0 cr=0 ok=4512 fail=0 vofa=firewater rx=543 txdrop=12428
1775110703.835616,1775110703835615900,6582619445600,HB,1104174,38286.0,1,-0.419,-1.036,18.0,18.0,0.0,15.0,15.0,15.0,15.0,18.0,18.0,0,0,,HB tick=1104174 exp_id=244 t_ms=38286 run=1 ts=35.000 as=18.000 ta=0.000 aa=-0.219 se=17.000 so=15.000 ae=0.219 ao=0.080 pwm=15 pc=15 hd=0 y=-0.419 yr=-1.036 L=15 R=15 OL=15 OR=15 el=18 er=18 ed=0 dl=18 dr=18 cl=0 cr=0 ok=4513 fail=0 vofa=firewater rx=543 txdrop=12428
1775110704.0438743,1775110704043874200,6582827703800,HB,1104380,38492.0,1,-0.61,-1.0,18.0,18.0,0.0,15.0,15.0,15.0,15.0,18.0,18.0,0,0,,HB tick=1104380 exp_id=244 t_ms=38492 run=1 ts=35.000 as=18.000 ta=0.000 aa=-0.419 se=17.000 so=15.000 ae=0.419 ao=0.102 pwm=15 pc=15 hd=0 y=-0.610 yr=-1.000 L=15 R=15 OL=15 OR=15 el=18 er=18 ed=0 dl=18 dr=18 cl=0 cr=0 ok=4514 fail=0 vofa=firewater rx=543 txdrop=12428
1775110704.2410715,1775110704241071300,6583024901100,HB,1104584,38696.0,1,-1.033,-1.373,17.0,18.0,-1.0,15.0,15.0,15.0,15.0,17.0,18.0,0,0,,HB tick=1104584 exp_id=244 t_ms=38696 run=1 ts=35.000 as=17.500 ta=0.000 aa=-0.610 se=17.500 so=15.300 ae=0.610 ao=0.123 pwm=15 pc=15 hd=0 y=-1.033 yr=-1.373 L=15 R=15 OL=15 OR=15 el=17 er=18 ed=-1 dl=17 dr=18 cl=0 cr=0 ok=4515 fail=0 vofa=firewater rx=543 txdrop=12428
1775110704.460233,1775110704460233000,6583244062800,HB,1104794,38906.0,1,-1.168,-1.117,18.0,18.0,0.0,15.0,15.0,15.0,15.0,18.0,18.0,0,0,,HB tick=1104794 exp_id=244 t_ms=38906 run=1 ts=35.000 as=18.000 ta=0.000 aa=-1.033 se=17.000 so=15.000 ae=1.033 ao=0.193 pwm=15 pc=15 hd=0 y=-1.168 yr=-1.117 L=15 R=15 OL=15 OR=15 el=18 er=18 ed=0 dl=18 dr=18 cl=0 cr=0 ok=4516 fail=0 vofa=firewater rx=543 txdrop=12428
1775110704.6153955,1775110704615395500,6583399225500,HB,1104955,39067.0,1,-1.393,-1.215,18.0,18.0,0.0,15.0,15.0,15.0,15.0,18.0,18.0,0,0,,HB tick=1104955 exp_id=244 t_ms=39067 run=1 ts=35.000 as=18.000 ta=0.000 aa=-1.168 se=17.000 so=15.000 ae=1.168 ao=0.196 pwm=15 pc=15 hd=0 y=-1.393 yr=-1.215 L=15 R=15 OL=15 OR=15 el=18 er=18 ed=0 dl=18 dr=18 cl=0 cr=0 ok=4517 fail=0 vofa=firewater rx=543 txdrop=12428
1775110704.8018582,1775110704801858400,6583585688700,HB,1105143,39255.0,1,-1.424,-0.848,18.0,18.0,0.0,15.0,15.0,15.0,15.0,18.0,18.0,0,0,,HB tick=1105143 exp_id=244 t_ms=39255 run=1 ts=35.000 as=18.000 ta=0.000 aa=-1.393 se=17.000 so=15.000 ae=1.393 ao=0.228 pwm=15 pc=15 hd=0 y=-1.424 yr=-0.848 L=15 R=15 OL=15 OR=15 el=18 er=18 ed=0 dl=18 dr=18 cl=0 cr=0 ok=4518 fail=0 vofa=firewater rx=543 txdrop=12428
1775110705.0311265,1775110705031126400,6583814956300,HB,1105375,39487.0,1,-1.797,-1.114,17.0,16.0,1.0,16.0,16.0,16.0,16.0,17.0,16.0,0,0,,HB tick=1105375 exp_id=244 t_ms=39487 run=1 ts=35.000 as=16.500 ta=0.000 aa=-1.424 se=18.500 so=15.900 ae=1.424 ao=0.213 pwm=16 pc=16 hd=0 y=-1.797 yr=-1.114 L=16 R=16 OL=16 OR=16 el=17 er=16 ed=1 dl=17 dr=16 cl=0 cr=0 ok=4519 fail=0 vofa=firewater rx=543 txdrop=12428
1775110705.2383177,1775110705238317800,6584022147500,HB,1105580,39692.0,1,-1.873,-0.853,18.0,18.0,0.0,15.0,15.0,15.0,15.0,18.0,18.0,0,0,,HB tick=1105580 exp_id=244 t_ms=39692 run=1 ts=35.000 as=18.000 ta=0.000 aa=-1.797 se=17.000 so=15.000 ae=1.797 ao=0.271 pwm=15 pc=15 hd=0 y=-1.873 yr=-0.853 L=15 R=15 OL=15 OR=15 el=18 er=18 ed=0 dl=18 dr=18 cl=0 cr=0 ok=4520 fail=0 vofa=firewater rx=543 txdrop=12428
1775110705.4648736,1775110705464873500,6584248703800,HB,1105800,39912.0,1,-2.122,-0.952,18.0,18.0,0.0,15.0,15.0,15.0,15.0,18.0,18.0,0,0,,HB tick=1105800 exp_id=244 t_ms=39912 run=1 ts=35.000 as=18.000 ta=0.000 aa=-1.873 se=17.000 so=15.000 ae=1.873 ao=0.267 pwm=15 pc=15 hd=0 y=-2.122 yr=-0.952 L=15 R=15 OL=15 OR=15 el=18 er=18 ed=0 dl=18 dr=18 cl=0 cr=0 ok=4521 fail=0 vofa=firewater rx=543 txdrop=12428
1775110705.6633303,1775110705663330400,6584447160000,HB,1106000,40112.0,1,-2.096,-0.573,18.0,18.0,0.0,16.0,16.0,16.0,16.0,18.0,18.0,0,0,,HB tick=1106000 exp_id=244 t_ms=40112 run=1 ts=35.000 as=18.000 ta=0.000 aa=-2.122 se=17.000 so=15.000 ae=2.122 ao=0.302 pwm=16 pc=16 hd=0 y=-2.096 yr=-0.573 L=16 R=16 OL=16 OR=16 el=18 er=18 ed=0 dl=18 dr=18 cl=0 cr=0 ok=4522 fail=0 vofa=firewater rx=543 txdrop=12428
1775110717.143087,1775110717143086801,6595926916701,HB,1117343,0.0,0,-2.224,0.003,0.0,0.0,0.0,0.0,0.0,0.0,0.0,0.0,0.0,0,0,,HB tick=1117343 run=0 ts=0.000 as=0.000 ta=0.000 aa=0.000 se=0.000 so=0.000 ae=0.000 ao=0.000 pwm=0 pc=0 hd=0 y=-2.224 yr=0.003 L=0 R=0 OL=0 OR=0 el=0 er=0 ed=0 dl=0 dr=0 cl=0 cr=0 ok=4523 fail=0 vofa=firewater rx=599 txdrop=24882
1775110717.2163677,1775110717216367500,6596000199000,HB,1117555,0.0,0,-2.231,-0.008,0.0,0.0,0.0,0.0,0.0,0.0,0.0,0.0,0.0,0,0,,HB tick=1117555 run=0 ts=0.000 as=0.000 ta=0.000 aa=0.000 se=0.000 so=0.000 ae=0.000 ao=0.000 pwm=0 pc=0 hd=0 y=-2.231 yr=-0.008 L=0 R=0 OL=0 OR=0 el=0 er=0 ed=0 dl=0 dr=0 cl=0 cr=0 ok=4524 fail=0 vofa=firewater rx=599 txdrop=24882
1775110717.4142156,1775110717414215800,6596198045600,HB,1117758,0.0,0,-2.23,-0.005,0.0,0.0,0.0,0.0,0.0,0.0,0.0,0.0,0.0,0,0,,HB tick=1117758 run=0 ts=0.000 as=0.000 ta=0.000 aa=0.000 se=0.000 so=0.000 ae=0.000 ao=0.000 pwm=0 pc=0 hd=0 y=-2.230 yr=-0.005 L=0 R=0 OL=0 OR=0 el=0 er=0 ed=0 dl=0 dr=0 cl=0 cr=0 ok=4525 fail=0 vofa=firewater rx=599 txdrop=24882
1775110717.6217284,1775110717621728400,6596405558100,HB,1117961,0.0,0,-2.23,-0.003,0.0,0.0,0.0,0.0,0.0,0.0,0.0,0.0,0.0,0,0,,HB tick=1117961 run=0 ts=0.000 as=0.000 ta=0.000 aa=0.000 se=0.000 so=0.000 ae=0.000 ao=0.000 pwm=0 pc=0 hd=0 y=-2.230 yr=-0.003 L=0 R=0 OL=0 OR=0 el=0 er=0 ed=0 dl=0 dr=0 cl=0 cr=0 ok=4526 fail=0 vofa=firewater rx=599 txdrop=24882
1775110717.818953,1775110717818953000,6596602782900,HB,1118169,0.0,0,-2.23,-0.001,0.0,0.0,0.0,0.0,0.0,0.0,0.0,0.0,0.0,0,0,,HB tick=1118169 run=0 ts=0.000 as=0.000 ta=0.000 aa=0.000 se=0.000 so=0.000 ae=0.000 ao=0.000 pwm=0 pc=0 hd=0 y=-2.230 yr=-0.001 L=0 R=0 OL=0 OR=0 el=0 er=0 ed=0 dl=0 dr=0 cl=0 cr=0 ok=4527 fail=0 vofa=firewater rx=599 txdrop=24882
1775110718.0469334,1775110718046933500,6596830763800,HB,1118374,0.0,0,-2.23,-0.001,0.0,0.0,0.0,0.0,0.0,0.0,0.0,0.0,0.0,0,0,,HB tick=1118374 run=0 ts=0.000 as=0.000 ta=0.000 aa=0.000 se=0.000 so=0.000 ae=0.000 ao=0.000 pwm=0 pc=0 hd=0 y=-2.230 yr=-0.001 L=0 R=0 OL=0 OR=0 el=0 er=0 ed=0 dl=0 dr=0 cl=0 cr=0 ok=4528 fail=0 vofa=firewater rx=599 txdrop=24882
1775110718.234116,1775110718234116000,6597017945900,HB,1118577,0.0,0,-2.23,-0.001,0.0,0.0,0.0,0.0,0.0,0.0,0.0,0.0,0.0,0,0,,HB tick=1118577 run=0 ts=0.000 as=0.000 ta=0.000 aa=0.000 se=0.000 so=0.000 ae=0.000 ao=0.000 pwm=0 pc=0 hd=0 y=-2.230 yr=-0.001 L=0 R=0 OL=0 OR=0 el=0 er=0 ed=0 dl=0 dr=0 cl=0 cr=0 ok=4529 fail=0 vofa=firewater rx=599 txdrop=24882
1775110718.4312909,1775110718431290800,6597215121400,HB,1118780,0.0,0,-2.23,-0.001,0.0,0.0,0.0,0.0,0.0,0.0,0.0,0.0,0.0,0,0,,HB tick=1118780 run=0 ts=0.000 as=0.000 ta=0.000 aa=0.000 se=0.000 so=0.000 ae=0.000 ao=0.000 pwm=0 pc=0 hd=0 y=-2.230 yr=-0.001 L=0 R=0 OL=0 OR=0 el=0 er=0 ed=0 dl=0 dr=0 cl=0 cr=0 ok=4530 fail=0 vofa=firewater rx=599 txdrop=24882
1775110718.638366,1775110718638365900,6597422195800,HB,1118987,0.0,0,-2.216,0.023,0.0,0.0,0.0,0.0,0.0,0.0,0.0,0.0,0.0,0,0,,HB tick=1118987 run=0 ts=0.000 as=0.000 ta=0.000 aa=0.000 se=0.000 so=0.000 ae=0.000 ao=0.000 pwm=0 pc=0 hd=0 y=-2.216 yr=0.023 L=0 R=0 OL=0 OR=0 el=0 er=0 ed=0 dl=0 dr=0 cl=0 cr=0 ok=4531 fail=0 vofa=firewater rx=599 txdrop=24882
1775110718.9901483,1775110718990148400,6597773978400,HB,1119333,0.0,0,-6.928,-7.409,0.0,0.0,0.0,0.0,0.0,0.0,0.0,0.0,0.0,0,0,,HB tick=1119333 run=0 ts=0.000 as=0.000 ta=0.000 aa=0.000 se=0.000 so=0.000 ae=0.000 ao=0.000 pwm=0 pc=0 hd=0 y=-6.928 yr=-7.409 L=0 R=0 OL=0 OR=0 el=0 er=0 ed=0 dl=0 dr=0 cl=0 cr=0 ok=4532 fail=0 vofa=firewater rx=599 txdrop=24882
1775110719.2402399,1775110719240239900,6598024069700,HB,1119564,0.0,0,-9.966,-9.42,0.0,0.0,0.0,0.0,0.0,0.0,0.0,0.0,0.0,0,0,,HB tick=1119564 run=0 ts=0.000 as=0.000 ta=0.000 aa=0.000 se=0.000 so=0.000 ae=0.000 ao=0.000 pwm=0 pc=0 hd=0 y=-9.966 yr=-9.420 L=0 R=0 OL=0 OR=0 el=0 er=0 ed=0 dl=0 dr=0 cl=0 cr=0 ok=4533 fail=0 vofa=firewater rx=599 txdrop=24882
1775110719.4269998,1775110719426999800,6598210829600,HB,1119768,0.0,0,-0.206,10.541,0.0,0.0,0.0,0.0,0.0,0.0,0.0,0.0,0.0,0,0,yaw_jump,HB tick=1119768 run=0 ts=0.000 as=0.000 ta=0.000 aa=0.000 se=0.000 so=0.000 ae=0.000 ao=0.000 pwm=0 pc=0 hd=0 y=-0.206 yr=10.541 L=0 R=0 OL=0 OR=0 el=0 er=0 ed=0 dl=0 dr=0 cl=0 cr=0 ok=4534 fail=0 vofa=firewater rx=599 txdrop=24882
1775110719.6241353,1775110719624135200,6598407964900,HB,1119971,0.0,0,19.825,41.388,0.0,0.0,0.0,0.0,0.0,0.0,0.0,0.0,0.0,0,0,yaw_jump,HB tick=1119971 run=0 ts=0.000 as=0.000 ta=0.000 aa=0.000 se=0.000 so=0.000 ae=0.000 ao=0.000 pwm=0 pc=0 hd=0 y=19.825 yr=41.388 L=0 R=0 OL=0 OR=0 el=0 er=0 ed=0 dl=0 dr=0 cl=0 cr=0 ok=4535 fail=0 vofa=firewater rx=599 txdrop=24882
