host_time_s,host_time_ns,host_monotonic_ns,source,tick,t_ms,run,yaw,yaw_rate,left_encoder,right_encoder,encoder_diff,left_output,right_output,left_core,right_core,raw_left_delta,raw_right_delta,left_clamped,right_clamped,anomaly_flags,raw_line
1775110868.7094743,1775110868709474301,6747493305001,HB,1268804,0.0,0,3.552,-0.0,0.0,0.0,0.0,0.0,0.0,0.0,0.0,0.0,0.0,0,0,,HB tick=1268804 run=0 ts=0.000 as=0.000 ta=0.000 aa=0.000 se=0.000 so=0.000 ae=0.000 ao=0.000 pwm=0 pc=0 hd=0 y=3.552 yr=-0.000 L=0 R=0 OL=0 OR=0 el=0 er=0 ed=0 dl=0 dr=0 cl=0 cr=0 ok=5148 fail=0 vofa=firewater rx=599 txdrop=24882
1775110868.7094743,1775110868709474302,6747493305002,HB,1269007,0.0,0,3.552,0.0,0.0,0.0,0.0,0.0,0.0,0.0,0.0,0.0,0.0,0,0,,HB tick=1269007 run=0 ts=0.000 as=0.000 ta=0.000 aa=0.000 se=0.000 so=0.000 ae=0.000 ao=0.000 pwm=0 pc=0 hd=0 y=3.552 yr=0.000 L=0 R=0 OL=0 OR=0 el=0 er=0 ed=0 dl=0 dr=0 cl=0 cr=0 ok=5149 fail=0 vofa=firewater rx=599 txdrop=24882
1775110868.8455436,1775110868845543600,6747629373400,HB,1269209,0.0,0,3.552,0.0,0.0,0.0,0.0,0.0,0.0,0.0,0.0,0.0,0.0,0,0,,HB tick=1269209 run=0 ts=0.000 as=0.000 ta=0.000 aa=0.000 se=0.000 so=0.000 ae=0.000 ao=0.000 pwm=0 pc=0 hd=0 y=3.552 yr=0.000 L=0 R=0 OL=0 OR=0 el=0 er=0 ed=0 dl=0 dr=0 cl=0 cr=0 ok=5150 fail=0 vofa=firewater rx=599 txdrop=24882
1775110869.0746596,1775110869074659700,6747858489800,HB,1269418,0.0,0,3.552,0.0,0.0,0.0,0.0,0.0,0.0,0.0,0.0,0.0,0.0,0,0,,HB tick=1269418 run=0 ts=0.000 as=0.000 ta=0.000 aa=0.000 se=0.000 so=0.000 ae=0.000 ao=0.000 pwm=0 pc=0 hd=0 y=3.552 yr=0.000 L=0 R=0 OL=0 OR=0 el=0 er=0 ed=0 dl=0 dr=0 cl=0 cr=0 ok=5151 fail=0 vofa=firewater rx=599 txdrop=24882
1775110869.2204964,1775110869220496400,6748004326500,STAT,1269562,0.0,0,3.55211,4e-05,0.0,0.0,0.0,0.0,0.0,0.0,0.0,0.0,0.0,0,0,,STAT tick=1269562 run=0 ts=0.000000 as=0.000000 ta=0.000000 aa=0.000000 se=0.000000 so=0.000000 ae=0.000000 ao=0.000000 pwm=0 pc=0 hd=0 y=3.552110 p=-0.698307 r=5.135596 yr=0.000040 ax=0 ay=0 az=0 gx=0 gy=0 gz=0 who=0x85 addr=0x4A icm_ok=6355 icm_fail=0 L=0 R=0 OL=0 OR=0 el=0 er=0 ed=0 dl=0 dr=0 cl=0 cr=0 skp=0.600000 ski=0.012000 skd=0.000000 akp=0.120000 aki=0.000000 akd=0.050000 ok=5152 fail=0 rx=605 txdrop=24882
1775110869.2623708,1775110869262370700,6748046200600,HB,1269625,0.0,0,3.552,0.0,0.0,0.0,0.0,0.0,0.0,0.0,0.0,0.0,0.0,0,0,,HB tick=1269625 run=0 ts=0.000 as=0.000 ta=0.000 aa=0.000 se=0.000 so=0.000 ae=0.000 ao=0.000 pwm=0 pc=0 hd=0 y=3.552 yr=0.000 L=0 R=0 OL=0 OR=0 el=0 er=0 ed=0 dl=0 dr=0 cl=0 cr=0 ok=5152 fail=0 vofa=firewater rx=605 txdrop=24882
1775110869.4695663,1775110869469566400,6748253396300,HB,1269828,0.0,0,3.552,0.0,0.0,0.0,0.0,0.0,0.0,0.0,0.0,0.0,0.0,0,0,,HB tick=1269828 run=0 ts=0.000 as=0.000 ta=0.000 aa=0.000 se=0.000 so=0.000 ae=0.000 ao=0.000 pwm=0 pc=0 hd=0 y=3.552 yr=0.000 L=0 R=0 OL=0 OR=0 el=0 er=0 ed=0 dl=0 dr=0 cl=0 cr=0 ok=5153 fail=0 vofa=firewater rx=605 txdrop=24882
1775110869.8535287,1775110869853528800,6748637358400,HB,1270217,0.0,0,3.552,-0.0,0.0,0.0,0.0,0.0,0.0,0.0,0.0,0.0,0.0,0,0,,HB tick=1270217 run=0 ts=0.000 as=0.000 ta=0.000 aa=0.000 se=0.000 so=0.000 ae=0.000 ao=0.000 pwm=0 pc=0 hd=0 y=3.552 yr=-0.000 L=0 R=0 OL=0 OR=0 el=0 er=0 ed=0 dl=0 dr=0 cl=0 cr=0 ok=5154 fail=0 vofa=firewater rx=605 txdrop=24882
1775110870.081959,1775110870081959000,6748865788600,HB,1270420,0.0,0,3.552,0.001,0.0,0.0,0.0,0.0,0.0,0.0,0.0,0.0,0.0,0,0,,HB tick=1270420 run=0 ts=0.000 as=0.000 ta=0.000 aa=0.000 se=0.000 so=0.000 ae=0.000 ao=0.000 pwm=0 pc=0 hd=0 y=3.552 yr=0.001 L=0 R=0 OL=0 OR=0 el=0 er=0 ed=0 dl=0 dr=0 cl=0 cr=0 ok=5155 fail=0 vofa=firewater rx=605 txdrop=24882
1775110870.2588077,1775110870258807600,6749042637800,HB,1270624,0.0,0,3.552,0.0,0.0,0.0,0.0,0.0,0.0,0.0,0.0,0.0,0.0,0,0,,HB tick=1270624 run=0 ts=0.000 as=0.000 ta=0.000 aa=0.000 se=0.000 so=0.000 ae=0.000 ao=0.000 pwm=0 pc=0 hd=0 y=3.552 yr=0.000 L=0 R=0 OL=0 OR=0 el=0 er=0 ed=0 dl=0 dr=0 cl=0 cr=0 ok=5156 fail=0 vofa=firewater rx=605 txdrop=24882
1775110870.465991,1775110870465990800,6749249821100,HB,1270827,0.0,0,3.552,0.0,0.0,0.0,0.0,0.0,0.0,0.0,0.0,0.0,0.0,0,0,,HB tick=1270827 run=0 ts=0.000 as=0.000 ta=0.000 aa=0.000 se=0.000 so=0.000 ae=0.000 ao=0.000 pwm=0 pc=0 hd=0 y=3.552 yr=0.000 L=0 R=0 OL=0 OR=0 el=0 er=0 ed=0 dl=0 dr=0 cl=0 cr=0 ok=5157 fail=0 vofa=firewater rx=605 txdrop=24882
1775110870.809077,1775110870809076900,6749592906600,HB,1271172,0.0,0,3.552,-0.0,0.0,0.0,0.0,0.0,0.0,0.0,0.0,0.0,0.0,0,0,,HB tick=1271172 run=0 ts=0.000 as=0.000 ta=0.000 aa=0.000 se=0.000 so=0.000 ae=0.000 ao=0.000 pwm=0 pc=0 hd=0 y=3.552 yr=-0.000 L=0 R=0 OL=0 OR=0 el=0 er=0 ed=0 dl=0 dr=0 cl=0 cr=0 ok=5158 fail=0 vofa=firewater rx=605 txdrop=24882
1775110871.0376618,1775110871037661800,6749821493000,HB,1271403,0.0,0,3.552,0.0,0.0,0.0,0.0,0.0,0.0,0.0,0.0,0.0,0.0,0,0,,HB tick=1271403 run=0 ts=0.000 as=0.000 ta=0.000 aa=0.000 se=0.000 so=0.000 ae=0.000 ao=0.000 pwm=0 pc=0 hd=0 y=3.552 yr=0.000 L=0 R=0 OL=0 OR=0 el=0 er=0 ed=0 dl=0 dr=0 cl=0 cr=0 ok=5159 fail=0 vofa=firewater rx=605 txdrop=24882
1775110871.2666283,1775110871266628300,6750050458100,HB,1271607,0.0,0,3.553,0.001,0.0,0.0,0.0,0.0,0.0,0.0,0.0,0.0,0.0,0,0,,HB tick=1271607 run=0 ts=0.000 as=0.000 ta=0.000 aa=0.000 se=0.000 so=0.000 ae=0.000 ao=0.000 pwm=0 pc=0 hd=0 y=3.553 yr=0.001 L=0 R=0 OL=0 OR=0 el=0 er=0 ed=0 dl=0 dr=0 cl=0 cr=0 ok=5160 fail=0 vofa=firewater rx=611 txdrop=24882
1775110871.4525497,1775110871452549700,6750236379600,HB,1271811,0.0,0,3.553,0.001,0.0,0.0,0.0,0.0,0.0,0.0,0.0,0.0,0.0,0,0,,HB tick=1271811 run=0 ts=0.000 as=0.000 ta=0.000 aa=0.000 se=0.000 so=0.000 ae=0.000 ao=0.000 pwm=0 pc=0 hd=0 y=3.553 yr=0.001 L=0 R=0 OL=0 OR=0 el=0 er=0 ed=0 dl=0 dr=0 cl=0 cr=0 ok=5161 fail=0 vofa=firewater rx=611 txdrop=24882
1775110871.6595666,1775110871659566600,6750443397300,HB,1272018,0.0,0,3.552,-0.0,0.0,0.0,0.0,0.0,0.0,0.0,0.0,0.0,0.0,0,0,,HB tick=1272018 run=0 ts=0.000 as=0.000 ta=0.000 aa=0.000 se=0.000 so=0.000 ae=0.000 ao=0.000 pwm=0 pc=0 hd=0 y=3.552 yr=-0.000 L=0 R=0 OL=0 OR=0 el=0 er=0 ed=0 dl=0 dr=0 cl=0 cr=0 ok=5162 fail=0 vofa=firewater rx=611 txdrop=24882
1775110872.097757,1775110872097757100,6750881586700,HB,1272221,0.0,0,3.552,-0.0,0.0,0.0,0.0,0.0,0.0,0.0,0.0,0.0,0.0,0,0,,HB tick=1272221 run=0 ts=0.000 as=0.000 ta=0.000 aa=0.000 se=0.000 so=0.000 ae=0.000 ao=0.000 pwm=0 pc=0 hd=0 y=3.552 yr=-0.000 L=0 R=0 OL=0 OR=0 el=0 er=0 ed=0 dl=0 dr=0 cl=0 cr=0 ok=5163 fail=0 vofa=firewater rx=611 txdrop=24882
1775110872.097757,1775110872097757101,6750881586701,HB,1272424,0.0,0,3.552,-0.001,0.0,0.0,0.0,0.0,0.0,0.0,0.0,0.0,0.0,0,0,,HB tick=1272424 run=0 ts=0.000 as=0.000 ta=0.000 aa=0.000 se=0.000 so=0.000 ae=0.000 ao=0.000 pwm=0 pc=0 hd=0 y=3.552 yr=-0.001 L=0 R=0 OL=0 OR=0 el=0 er=0 ed=0 dl=0 dr=0 cl=0 cr=0 ok=5164 fail=0 vofa=firewater rx=611 txdrop=24882
1775110872.2956102,1775110872295610100,6751079439900,HB,1272628,0.0,0,3.552,-0.0,0.0,0.0,0.0,0.0,0.0,0.0,0.0,0.0,0.0,0,0,,HB tick=1272628 run=0 ts=0.000 as=0.000 ta=0.000 aa=0.000 se=0.000 so=0.000 ae=0.000 ao=0.000 pwm=0 pc=0 hd=0 y=3.552 yr=-0.000 L=0 R=0 OL=0 OR=0 el=0 er=0 ed=0 dl=0 dr=0 cl=0 cr=0 ok=5165 fail=0 vofa=firewater rx=616 txdrop=24882
1775110872.4724147,1775110872472414800,6751256244600,HB,1272837,0.0,0,3.552,-0.0,0.0,0.0,0.0,0.0,0.0,0.0,0.0,0.0,0.0,0,0,,HB tick=1272837 run=0 ts=0.000 as=0.000 ta=0.000 aa=0.000 se=0.000 so=0.000 ae=0.000 ao=0.000 pwm=0 pc=0 hd=0 y=3.552 yr=-0.000 L=0 R=0 OL=0 OR=0 el=0 er=0 ed=0 dl=0 dr=0 cl=0 cr=0 ok=5166 fail=0 vofa=firewater rx=616 txdrop=24882
1775110872.866261,1775110872866261100,6751650091000,HB,1273225,0.0,0,3.552,-0.0,0.0,0.0,0.0,0.0,0.0,0.0,0.0,0.0,0.0,0,0,,HB tick=1273225 run=0 ts=0.000 as=0.000 ta=0.000 aa=0.000 se=0.000 so=0.000 ae=0.000 ao=0.000 pwm=0 pc=0 hd=0 y=3.552 yr=-0.000 L=0 R=0 OL=0 OR=0 el=0 er=0 ed=0 dl=0 dr=0 cl=0 cr=0 ok=5167 fail=0 vofa=firewater rx=616 txdrop=24882
1775110873.4741685,1775110873474168700,6752257998700,HB,1273818,0.0,0,3.552,-0.0,0.0,0.0,0.0,0.0,0.0,0.0,0.0,0.0,0.0,0,0,,HB tick=1273818 run=0 ts=0.000 as=0.000 ta=0.000 aa=0.000 se=0.000 so=0.000 ae=0.000 ao=0.000 pwm=0 pc=0 hd=0 y=3.552 yr=-0.000 L=0 R=0 OL=0 OR=0 el=0 er=0 ed=0 dl=0 dr=0 cl=0 cr=0 ok=5169 fail=0 vofa=firewater rx=621 txdrop=24882
1775110873.6603854,1775110873660385200,6752444215500,HB,1274022,0.0,0,3.552,-0.0,0.0,0.0,0.0,0.0,0.0,0.0,0.0,0.0,0.0,0,0,,HB tick=1274022 run=0 ts=0.000 as=0.000 ta=0.000 aa=0.000 se=0.000 so=0.000 ae=0.000 ao=0.000 pwm=0 pc=0 hd=0 y=3.552 yr=-0.000 L=0 R=0 OL=0 OR=0 el=0 er=0 ed=0 dl=0 dr=0 cl=0 cr=0 ok=5170 fail=0 vofa=firewater rx=621 txdrop=24882
1775110873.8675501,1775110873867550100,6752651380000,HB,1274225,0.0,0,3.552,-0.0,0.0,0.0,0.0,0.0,0.0,0.0,0.0,0.0,0.0,0,0,,HB tick=1274225 run=0 ts=0.000 as=0.000 ta=0.000 aa=0.000 se=0.000 so=0.000 ae=0.000 ao=0.000 pwm=0 pc=0 hd=0 y=3.552 yr=-0.000 L=0 R=0 OL=0 OR=0 el=0 er=0 ed=0 dl=0 dr=0 cl=0 cr=0 ok=5171 fail=0 vofa=firewater rx=621 txdrop=24882
1775110874.0641923,1775110874064192200,6752848022100,HB,1274427,0.0,0,3.552,-0.0,0.0,0.0,0.0,0.0,0.0,0.0,0.0,0.0,0.0,0,0,,HB tick=1274427 run=0 ts=0.000 as=0.000 ta=0.000 aa=0.000 se=0.000 so=0.000 ae=0.000 ao=0.000 pwm=0 pc=0 hd=0 y=3.552 yr=-0.000 L=0 R=0 OL=0 OR=0 el=0 er=0 ed=0 dl=0 dr=0 cl=0 cr=0 ok=5172 fail=0 vofa=firewater rx=621 txdrop=24882
1775110874.2726574,1775110874272657400,6753056488700,HB,1274635,0.0,0,3.552,-0.0,0.0,0.0,0.0,0.0,0.0,0.0,0.0,0.0,0.0,0,0,,HB tick=1274635 run=0 ts=0.000 as=0.000 ta=0.000 aa=0.000 se=0.000 so=0.000 ae=0.000 ao=0.000 pwm=0 pc=0 hd=0 y=3.552 yr=-0.000 L=0 R=0 OL=0 OR=0 el=0 er=0 ed=0 dl=0 dr=0 cl=0 cr=0 ok=5173 fail=0 vofa=firewater rx=621 txdrop=24882
1775110874.6451013,1775110874645101300,6753428931100,HB,1274981,0.0,0,3.552,-0.0,0.0,0.0,0.0,0.0,0.0,0.0,0.0,0.0,0.0,0,0,,HB tick=1274981 run=0 ts=0.000 as=0.000 ta=0.000 aa=0.000 se=0.000 so=0.000 ae=0.000 ao=0.000 pwm=0 pc=0 hd=0 y=3.552 yr=-0.000 L=0 R=0 OL=0 OR=0 el=0 er=0 ed=0 dl=0 dr=0 cl=0 cr=0 ok=5174 fail=0 vofa=firewater rx=621 txdrop=24882
1775110874.8518553,1775110874851855400,6753635685100,HB,1275212,0.0,0,3.552,0.001,0.0,0.0,0.0,0.0,0.0,0.0,0.0,0.0,0.0,0,0,,HB tick=1275212 run=0 ts=0.000 as=0.000 ta=0.000 aa=0.000 se=0.000 so=0.000 ae=0.000 ao=0.000 pwm=0 pc=0 hd=0 y=3.552 yr=0.001 L=0 R=0 OL=0 OR=0 el=0 er=0 ed=0 dl=0 dr=0 cl=0 cr=0 ok=5175 fail=0 vofa=firewater rx=630 txdrop=24882
1775110875.059223,1775110875059223000,6753843053200,HB,1275415,0.0,0,3.552,-0.0,0.0,0.0,0.0,0.0,0.0,0.0,0.0,0.0,0.0,0,0,,HB tick=1275415 run=0 ts=0.000 as=0.000 ta=0.000 aa=0.000 se=0.000 so=0.000 ae=0.000 ao=0.000 pwm=0 pc=0 hd=0 y=3.552 yr=-0.000 L=0 R=0 OL=0 OR=0 el=0 er=0 ed=0 dl=0 dr=0 cl=0 cr=0 ok=5176 fail=0 vofa=firewater rx=630 txdrop=24882
1775110875.2968447,1775110875296844700,6754080674800,HB,1275618,0.0,0,3.552,-0.0,0.0,0.0,0.0,0.0,0.0,0.0,0.0,0.0,0.0,0,0,,HB tick=1275618 run=0 ts=0.000 as=0.000 ta=0.000 aa=0.000 se=0.000 so=0.000 ae=0.000 ao=0.000 pwm=0 pc=0 hd=0 y=3.552 yr=-0.000 L=0 R=0 OL=0 OR=0 el=0 er=0 ed=0 dl=0 dr=0 cl=0 cr=0 ok=5177 fail=0 vofa=firewater rx=630 txdrop=24882
1775110875.4732852,1775110875473285100,6754257114800,HB,1275838,0.0,0,3.552,-0.0,0.0,0.0,0.0,0.0,0.0,0.0,0.0,0.0,0.0,0,0,,HB tick=1275838 run=0 ts=0.000 as=0.000 ta=0.000 aa=0.000 se=0.000 so=0.000 ae=0.000 ao=0.000 pwm=0 pc=0 hd=0 y=3.552 yr=-0.000 L=0 R=0 OL=0 OR=0 el=0 er=0 ed=0 dl=0 dr=0 cl=0 cr=0 ok=5178 fail=0 vofa=firewater rx=639 txdrop=24882
1775110875.8557436,1775110875855743700,6754639573500,HB,1276195,0.0,0,3.552,-0.0,0.0,0.0,0.0,0.0,0.0,0.0,0.0,0.0,0.0,0,0,,HB tick=1276195 run=0 ts=0.000 as=0.000 ta=0.000 aa=0.000 se=0.000 so=0.000 ae=0.000 ao=0.000 pwm=0 pc=0 hd=0 y=3.552 yr=-0.000 L=0 R=0 OL=0 OR=0 el=0 er=0 ed=0 dl=0 dr=0 cl=0 cr=0 ok=5179 fail=0 vofa=firewater rx=639 txdrop=24882
1775110876.0615222,1775110876061522100,6754845351800,HB,1276426,0.0,0,3.552,0.0,0.0,0.0,0.0,0.0,0.0,0.0,0.0,0.0,0.0,0,0,,HB tick=1276426 run=0 ts=0.000 as=0.000 ta=0.000 aa=0.000 se=0.000 so=0.000 ae=0.000 ao=0.000 pwm=0 pc=0 hd=0 y=3.552 yr=0.000 L=0 R=0 OL=0 OR=0 el=0 er=0 ed=0 dl=0 dr=0 cl=0 cr=0 ok=5180 fail=0 vofa=firewater rx=650 txdrop=24882
1775110876.2687595,1775110876268759500,6755052589500,HB,1276634,0.0,0,3.552,0.0,0.0,0.0,0.0,0.0,0.0,0.0,0.0,0.0,0.0,0,0,,HB tick=1276634 run=0 ts=0.000 as=0.000 ta=0.000 aa=0.000 se=0.000 so=0.000 ae=0.000 ao=0.000 pwm=0 pc=0 hd=0 y=3.552 yr=0.000 L=0 R=0 OL=0 OR=0 el=0 er=0 ed=0 dl=0 dr=0 cl=0 cr=0 ok=5181 fail=0 vofa=firewater rx=650 txdrop=24882
1775110876.661252,1775110876661252200,6755445082300,HB,1277023,0.0,0,3.552,-0.0,0.0,0.0,0.0,0.0,0.0,0.0,0.0,0.0,0.0,0,0,,HB tick=1277023 run=0 ts=0.000 as=0.000 ta=0.000 aa=0.000 se=0.000 so=0.000 ae=0.000 ao=0.000 pwm=0 pc=0 hd=0 y=3.552 yr=-0.000 L=0 R=0 OL=0 OR=0 el=0 er=0 ed=0 dl=0 dr=0 cl=0 cr=0 ok=5182 fail=0 vofa=firewater rx=650 txdrop=24882
1775110876.8892477,1775110876889247800,6755673077700,HB,1277227,0.0,0,3.552,-0.0,0.0,0.0,0.0,0.0,0.0,0.0,0.0,0.0,0.0,0,0,,HB tick=1277227 run=0 ts=0.000 as=0.000 ta=0.000 aa=0.000 se=0.000 so=0.000 ae=0.000 ao=0.000 pwm=0 pc=0 hd=0 y=3.552 yr=-0.000 L=0 R=0 OL=0 OR=0 el=0 er=0 ed=0 dl=0 dr=0 cl=0 cr=0 ok=5183 fail=0 vofa=firewater rx=659 txdrop=24882
1775110877.076157,1775110877076157300,6755859987700,HB,1277435,0.0,0,3.552,-0.0,0.0,0.0,0.0,0.0,0.0,0.0,0.0,0.0,0.0,0,0,,HB tick=1277435 run=0 ts=0.000 as=0.000 ta=0.000 aa=0.000 se=0.000 so=0.000 ae=0.000 ao=0.000 pwm=0 pc=0 hd=0 y=3.552 yr=-0.000 L=0 R=0 OL=0 OR=0 el=0 er=0 ed=0 dl=0 dr=0 cl=0 cr=0 ok=5184 fail=0 vofa=firewater rx=659 txdrop=24882
1775110877.3133066,1775110877313306700,6756097137100,HB,1277638,0.0,0,3.552,-0.0,0.0,0.0,0.0,0.0,0.0,0.0,0.0,0.0,0.0,0,0,,HB tick=1277638 run=0 ts=0.000 as=0.000 ta=0.000 aa=0.000 se=0.000 so=0.000 ae=0.000 ao=0.000 pwm=0 pc=0 hd=0 y=3.552 yr=-0.000 L=0 R=0 OL=0 OR=0 el=0 er=0 ed=0 dl=0 dr=0 cl=0 cr=0 ok=5185 fail=0 vofa=firewater rx=659 txdrop=24882
1775110877.479757,1775110877479757000,6756263586700,HB,1277842,0.0,0,3.552,0.0,0.0,0.0,0.0,0.0,0.0,0.0,0.0,0.0,0.0,0,0,,HB tick=1277842 run=0 ts=0.000 as=0.000 ta=0.000 aa=0.000 se=0.000 so=0.000 ae=0.000 ao=0.000 pwm=0 pc=0 hd=0 y=3.552 yr=0.000 L=0 R=0 OL=0 OR=0 el=0 er=0 ed=0 dl=0 dr=0 cl=0 cr=0 ok=5186 fail=0 vofa=firewater rx=669 txdrop=24882
1775110877.6875556,1775110877687555600,6756471385700,HB,1278045,0.0,0,3.552,0.0,0.0,0.0,0.0,0.0,0.0,0.0,0.0,0.0,0.0,0,0,,HB tick=1278045 run=0 ts=0.000 as=0.000 ta=0.000 aa=0.000 se=0.000 so=0.000 ae=0.000 ao=0.000 pwm=0 pc=0 hd=0 y=3.552 yr=0.000 L=0 R=0 OL=0 OR=0 el=0 er=0 ed=0 dl=0 dr=0 cl=0 cr=0 ok=5187 fail=0 vofa=firewater rx=669 txdrop=24882
1775110877.9054945,1775110877905494500,6756689324500,HB,1278249,0.0,0,3.552,0.0,0.0,0.0,0.0,0.0,0.0,0.0,0.0,0.0,0.0,0,0,,HB tick=1278249 run=0 ts=0.000 as=0.000 ta=0.000 aa=0.000 se=0.000 so=0.000 ae=0.000 ao=0.000 pwm=0 pc=0 hd=0 y=3.552 yr=0.000 L=0 R=0 OL=0 OR=0 el=0 er=0 ed=0 dl=0 dr=0 cl=0 cr=0 ok=5188 fail=0 vofa=firewater rx=669 txdrop=24882
1775110878.2781358,1775110878278135900,6757061965900,HB,1278642,0.0,0,3.552,0.0,0.0,0.0,0.0,0.0,0.0,0.0,0.0,0.0,0.0,0,0,,HB tick=1278642 run=0 ts=0.000 as=0.000 ta=0.000 aa=0.000 se=0.000 so=0.000 ae=0.000 ao=0.000 pwm=0 pc=0 hd=0 y=3.552 yr=0.000 L=0 R=0 OL=0 OR=0 el=0 er=0 ed=0 dl=0 dr=0 cl=0 cr=0 ok=5189 fail=0 vofa=firewater rx=678 txdrop=24882
1775110878.4792366,1775110878479236500,6757263066600,HB,1278845,0.0,0,3.552,0.0,0.0,0.0,0.0,0.0,0.0,0.0,0.0,0.0,0.0,0,0,,HB tick=1278845 run=0 ts=0.000 as=0.000 ta=0.000 aa=0.000 se=0.000 so=0.000 ae=0.000 ao=0.000 pwm=0 pc=0 hd=0 y=3.552 yr=0.000 L=0 R=0 OL=0 OR=0 el=0 er=0 ed=0 dl=0 dr=0 cl=0 cr=0 ok=5190 fail=0 vofa=firewater rx=678 txdrop=24882
1775110878.706557,1775110878706556800,6757490386700,HB,1279069,0.0,0,3.552,-0.0,0.0,0.0,0.0,0.0,0.0,0.0,0.0,0.0,0.0,0,0,,HB tick=1279069 run=0 ts=0.000 as=0.000 ta=0.000 aa=0.000 se=0.000 so=0.000 ae=0.000 ao=0.000 pwm=0 pc=0 hd=0 y=3.552 yr=-0.000 L=0 R=0 OL=0 OR=0 el=0 er=0 ed=0 dl=0 dr=0 cl=0 cr=0 ok=5191 fail=0 vofa=firewater rx=688 txdrop=24882
1775110879.0805852,1775110879080585200,6757864414900,HB,1279421,0.0,0,3.552,-0.0,0.0,0.0,0.0,0.0,0.0,0.0,0.0,0.0,0.0,0,0,,HB tick=1279421 run=0 ts=0.000 as=0.000 ta=0.000 aa=0.000 se=0.000 so=0.000 ae=0.000 ao=0.000 pwm=0 pc=0 hd=0 y=3.552 yr=-0.000 L=0 R=0 OL=0 OR=0 el=0 er=0 ed=0 dl=0 dr=0 cl=0 cr=0 ok=5192 fail=0 vofa=firewater rx=688 txdrop=24882
1775110879.3398159,1775110879339816000,6758123646000,HB,1279653,0.0,0,3.552,-0.0,0.0,0.0,0.0,0.0,0.0,0.0,0.0,0.0,0.0,0,0,,HB tick=1279653 run=0 ts=0.000 as=0.000 ta=0.000 aa=0.000 se=0.000 so=0.000 ae=0.000 ao=0.000 pwm=0 pc=0 hd=0 y=3.552 yr=-0.000 L=0 R=0 OL=0 OR=0 el=0 er=0 ed=0 dl=0 dr=0 cl=0 cr=0 ok=5193 fail=0 vofa=firewater rx=688 txdrop=24882
1775110879.453739,1775110879453739100,6758237568800,STAT,1279796,0.0,0,3.552039,-6.6e-05,0.0,0.0,0.0,0.0,0.0,0.0,0.0,0.0,0.0,0,0,,STAT tick=1279796 run=0 ts=0.000000 as=0.000000 ta=0.000000 aa=0.000000 se=0.000000 so=0.000000 ae=0.000000 ao=0.000000 pwm=0 pc=0 hd=0 y=3.552039 p=-0.698610 r=5.149623 yr=-0.000066 ax=0 ay=0 az=0 gx=0 gy=0 gz=0 who=0x85 addr=0x4A icm_ok=6406 icm_fail=0 L=0 R=0 OL=0 OR=0 el=0 er=0 ed=0 dl=0 dr=0 cl=0 cr=0 skp=0.600000 ski=0.012000 skd=0.000000 akp=0.120000 aki=0.000000 akd=0.050000 ok=5194 fail=0 rx=694 txdrop=24882
1775110879.4959497,1775110879495949900,6758279780200,HB,1279859,0.0,0,3.552,-0.0,0.0,0.0,0.0,0.0,0.0,0.0,0.0,0.0,0.0,0,0,,HB tick=1279859 run=0 ts=0.000 as=0.000 ta=0.000 aa=0.000 se=0.000 so=0.000 ae=0.000 ao=0.000 pwm=0 pc=0 hd=0 y=3.552 yr=-0.000 L=0 R=0 OL=0 OR=0 el=0 er=0 ed=0 dl=0 dr=0 cl=0 cr=0 ok=5194 fail=0 vofa=firewater rx=703 txdrop=24882
1775110879.7027123,1775110879702712400,6758486542600,HB,1280062,0.0,0,3.552,-0.0,0.0,0.0,0.0,0.0,0.0,0.0,0.0,0.0,0.0,0,0,,HB tick=1280062 run=0 ts=0.000 as=0.000 ta=0.000 aa=0.000 se=0.000 so=0.000 ae=0.000 ao=0.000 pwm=0 pc=0 hd=0 y=3.552 yr=-0.000 L=0 R=0 OL=0 OR=0 el=0 er=0 ed=0 dl=0 dr=0 cl=0 cr=0 ok=5195 fail=0 vofa=firewater rx=703 txdrop=24882
1775110879.9103286,1775110879910328600,6758694158500,HB,1280265,0.0,0,3.552,-0.0,0.0,0.0,0.0,0.0,0.0,0.0,0.0,0.0,0.0,0,0,,HB tick=1280265 run=0 ts=0.000 as=0.000 ta=0.000 aa=0.000 se=0.000 so=0.000 ae=0.000 ao=0.000 pwm=0 pc=0 hd=0 y=3.552 yr=-0.000 L=0 R=0 OL=0 OR=0 el=0 er=0 ed=0 dl=0 dr=0 cl=0 cr=0 ok=5196 fail=0 vofa=firewater rx=703 txdrop=24882
1775110880.12717,1775110880127170000,6758910999700,HB,1280473,0.0,0,3.552,-0.0,0.0,0.0,0.0,0.0,0.0,0.0,0.0,0.0,0.0,0,0,,HB tick=1280473 run=0 ts=0.000 as=0.000 ta=0.000 aa=0.000 se=0.000 so=0.000 ae=0.000 ao=0.000 pwm=0 pc=0 hd=0 y=3.552 yr=-0.000 L=0 R=0 OL=0 OR=0 el=0 er=0 ed=0 dl=0 dr=0 cl=0 cr=0 ok=5197 fail=0 vofa=firewater rx=712 txdrop=24882
1775110880.3131528,1775110880313152700,6759096983100,HB,1280678,0.0,0,3.552,-0.0,0.0,0.0,0.0,0.0,0.0,0.0,0.0,0.0,0.0,0,0,,HB tick=1280678 run=0 ts=0.000 as=0.000 ta=0.000 aa=0.000 se=0.000 so=0.000 ae=0.000 ao=0.000 pwm=0 pc=0 hd=0 y=3.552 yr=-0.000 L=0 R=0 OL=0 OR=0 el=0 er=0 ed=0 dl=0 dr=0 cl=0 cr=0 ok=5198 fail=0 vofa=firewater rx=712 txdrop=24882
1775110880.5203693,1775110880520369500,6759304199300,HB,1280881,0.0,0,3.552,-0.0,0.0,0.0,0.0,0.0,0.0,0.0,0.0,0.0,0.0,0,0,,HB tick=1280881 run=0 ts=0.000 as=0.000 ta=0.000 aa=0.000 se=0.000 so=0.000 ae=0.000 ao=0.000 pwm=0 pc=0 hd=0 y=3.552 yr=-0.000 L=0 R=0 OL=0 OR=0 el=0 er=0 ed=0 dl=0 dr=0 cl=0 cr=0 ok=5199 fail=0 vofa=firewater rx=712 txdrop=24882
1775110880.7259355,1775110880725935300,6759509765100,HB,1281084,0.0,0,3.552,-0.0,0.0,0.0,0.0,0.0,0.0,0.0,0.0,0.0,0.0,0,0,,HB tick=1281084 run=0 ts=0.000 as=0.000 ta=0.000 aa=0.000 se=0.000 so=0.000 ae=0.000 ao=0.000 pwm=0 pc=0 hd=0 y=3.552 yr=-0.000 L=0 R=0 OL=0 OR=0 el=0 er=0 ed=0 dl=0 dr=0 cl=0 cr=0 ok=5200 fail=0 vofa=firewater rx=712 txdrop=24882
1775110880.8808944,1775110880880894400,6759664724400,STAT,1281227,0.0,0,3.551967,-4.8e-05,0.0,0.0,0.0,0.0,0.0,0.0,0.0,0.0,0.0,0,0,,STAT tick=1281227 run=0 ts=0.000000 as=0.000000 ta=0.000000 aa=0.000000 se=0.000000 so=0.000000 ae=0.000000 ao=0.000000 pwm=0 pc=0 hd=0 y=3.551967 p=-0.698913 r=5.163652 yr=-0.000048 ax=0 ay=0 az=0 gx=0 gy=0 gz=0 who=0x85 addr=0x4A icm_ok=6413 icm_fail=0 L=0 R=0 OL=0 OR=0 el=0 er=0 ed=0 dl=0 dr=0 cl=0 cr=0 skp=0.600000 ski=0.012000 skd=0.000000 akp=0.120000 aki=0.000000 akd=0.050000 ok=5201 fail=0 rx=718 txdrop=24882
1775110880.9326842,1775110880932684400,6759716514200,HB,1281294,0.0,0,3.552,-0.0,0.0,0.0,0.0,0.0,0.0,0.0,0.0,0.0,0.0,0,0,,HB tick=1281294 run=0 ts=0.000 as=0.000 ta=0.000 aa=0.000 se=0.000 so=0.000 ae=0.000 ao=0.000 pwm=0 pc=0 hd=0 y=3.552 yr=-0.000 L=0 R=0 OL=0 OR=0 el=0 er=0 ed=0 dl=0 dr=0 cl=0 cr=0 ok=5201 fail=0 vofa=firewater rx=727 txdrop=24882
1775110881.1616545,1775110881161654600,6759945484500,HB,1281499,0.0,0,3.552,-0.0,0.0,0.0,0.0,0.0,0.0,0.0,0.0,0.0,0.0,0,0,,HB tick=1281499 run=0 ts=0.000 as=0.000 ta=0.000 aa=0.000 se=0.000 so=0.000 ae=0.000 ao=0.000 pwm=0 pc=0 hd=0 y=3.552 yr=-0.000 L=0 R=0 OL=0 OR=0 el=0 er=0 ed=0 dl=0 dr=0 cl=0 cr=0 ok=5202 fail=0 vofa=firewater rx=727 txdrop=24882
1775110881.336491,1775110881336491000,6760120321100,HB,1281703,0.0,0,3.552,0.0,0.0,0.0,0.0,0.0,0.0,0.0,0.0,0.0,0.0,0,0,,HB tick=1281703 run=0 ts=0.000 as=0.000 ta=0.000 aa=0.000 se=0.000 so=0.000 ae=0.000 ao=0.000 pwm=0 pc=0 hd=0 y=3.552 yr=0.000 L=0 R=0 OL=0 OR=0 el=0 er=0 ed=0 dl=0 dr=0 cl=0 cr=0 ok=5203 fail=0 vofa=firewater rx=727 txdrop=24882
1775110881.729932,1775110881729932100,6760513762300,HB,1282092,0.0,0,3.552,0.0,6.0,1.0,5.0,0.0,0.0,0.0,0.0,6.0,1.0,0,0,,HB tick=1282092 run=0 ts=0.000 as=0.000 ta=0.000 aa=0.000 se=0.000 so=0.000 ae=0.000 ao=0.000 pwm=0 pc=0 hd=0 y=3.552 yr=0.000 L=0 R=0 OL=0 OR=0 el=6 er=1 ed=5 dl=6 dr=1 cl=0 cr=0 ok=5204 fail=0 vofa=firewater rx=736 txdrop=24882
1775110882.132818,1775110882132817800,6760916647500,HB,1282496,0.0,0,1.165,-3.408,0.0,1.0,-1.0,0.0,0.0,0.0,0.0,0.0,1.0,0,0,,HB tick=1282496 run=0 ts=0.000 as=0.000 ta=0.000 aa=0.000 se=0.000 so=0.000 ae=0.000 ao=0.000 pwm=0 pc=0 hd=0 y=1.165 yr=-3.408 L=0 R=0 OL=0 OR=0 el=0 er=1 ed=-1 dl=0 dr=1 cl=0 cr=0 ok=5205 fail=0 vofa=firewater rx=736 txdrop=24882
1775110882.2894006,1775110882289400600,6761073230300,STAT,1282639,0.0,0,1.165445,-3.408466,0.0,0.0,0.0,0.0,0.0,0.0,0.0,0.0,0.0,0,0,,STAT tick=1282639 run=0 ts=0.000000 as=0.000000 ta=0.000000 aa=0.000000 se=0.000000 so=0.000000 ae=0.000000 ao=0.000000 pwm=0 pc=0 hd=0 y=1.165445 p=-1.053694 r=5.590195 yr=-3.408466 ax=0 ay=0 az=0 gx=0 gy=0 gz=0 who=0x85 addr=0x4A icm_ok=6420 icm_fail=0 L=0 R=0 OL=0 OR=0 el=0 er=0 ed=0 dl=0 dr=0 cl=0 cr=0 skp=0.600000 ski=0.012000 skd=0.000000 akp=0.120000 aki=0.000000 akd=0.050000 ok=5206 fail=0 rx=742 txdrop=24882
1775110882.3530035,1775110882353003500,6761136833400,HB,1282698,0.0,0,1.017,-2.475,0.0,0.0,0.0,0.0,0.0,0.0,0.0,0.0,0.0,0,0,,HB tick=1282698 run=0 ts=0.000 as=0.000 ta=0.000 aa=0.000 se=0.000 so=0.000 ae=0.000 ao=0.000 pwm=0 pc=0 hd=0 y=1.017 yr=-2.475 L=0 R=0 OL=0 OR=0 el=0 er=0 ed=0 dl=0 dr=0 cl=0 cr=0 ok=5206 fail=0 vofa=firewater rx=751 txdrop=24882
1775110882.5396109,1775110882539610900,6761323440800,HB,1282901,0.0,0,1.111,-1.446,0.0,0.0,0.0,0.0,0.0,0.0,0.0,0.0,0.0,0,0,,HB tick=1282901 run=0 ts=0.000 as=0.000 ta=0.000 aa=0.000 se=0.000 so=0.000 ae=0.000 ao=0.000 pwm=0 pc=0 hd=0 y=1.111 yr=-1.446 L=0 R=0 OL=0 OR=0 el=0 er=0 ed=0 dl=0 dr=0 cl=0 cr=0 ok=5207 fail=0 vofa=firewater rx=751 txdrop=24882
1775110882.8911493,1775110882891149400,6761674979300,HB,1283246,0.0,0,1.061,-0.665,0.0,0.0,0.0,0.0,0.0,0.0,0.0,0.0,0.0,0,0,,HB tick=1283246 run=0 ts=0.000 as=0.000 ta=0.000 aa=0.000 se=0.000 so=0.000 ae=0.000 ao=0.000 pwm=0 pc=0 hd=0 y=1.061 yr=-0.665 L=0 R=0 OL=0 OR=0 el=0 er=0 ed=0 dl=0 dr=0 cl=0 cr=0 ok=5208 fail=0 vofa=firewater rx=751 txdrop=24882
1775110883.1097682,1775110883109768300,6761893598100,HB,1283477,0.0,0,1.152,-0.295,0.0,0.0,0.0,0.0,0.0,0.0,0.0,0.0,0.0,0,0,,HB tick=1283477 run=0 ts=0.000 as=0.000 ta=0.000 aa=0.000 se=0.000 so=0.000 ae=0.000 ao=0.000 pwm=0 pc=0 hd=0 y=1.152 yr=-0.295 L=0 R=0 OL=0 OR=0 el=0 er=0 ed=0 dl=0 dr=0 cl=0 cr=0 ok=5209 fail=0 vofa=firewater rx=760 txdrop=24882
1775110883.3174489,1775110883317449000,6762101280100,HB,1283680,0.0,0,1.147,-0.2,0.0,0.0,0.0,0.0,0.0,0.0,0.0,0.0,0.0,0,0,,HB tick=1283680 run=0 ts=0.000 as=0.000 ta=0.000 aa=0.000 se=0.000 so=0.000 ae=0.000 ao=0.000 pwm=0 pc=0 hd=0 y=1.147 yr=-0.200 L=0 R=0 OL=0 OR=0 el=0 er=0 ed=0 dl=0 dr=0 cl=0 cr=0 ok=5210 fail=0 vofa=firewater rx=760 txdrop=24882
1775110883.5431292,1775110883543129000,6762326958800,HB,1283884,0.0,0,1.148,-0.127,0.0,0.0,0.0,0.0,0.0,0.0,0.0,0.0,0.0,0,0,,HB tick=1283884 run=0 ts=0.000 as=0.000 ta=0.000 aa=0.000 se=0.000 so=0.000 ae=0.000 ao=0.000 pwm=0 pc=0 hd=0 y=1.148 yr=-0.127 L=0 R=0 OL=0 OR=0 el=0 er=0 ed=0 dl=0 dr=0 cl=0 cr=0 ok=5211 fail=0 vofa=firewater rx=760 txdrop=24882
1775110883.7299082,1775110883729908200,6762513737800,HB,1284092,0.0,0,1.157,-0.069,0.0,0.0,0.0,0.0,0.0,0.0,0.0,0.0,0.0,0,0,,HB tick=1284092 run=0 ts=0.000 as=0.000 ta=0.000 aa=0.000 se=0.000 so=0.000 ae=0.000 ao=0.000 pwm=0 pc=0 hd=0 y=1.157 yr=-0.069 L=0 R=0 OL=0 OR=0 el=0 er=0 ed=0 dl=0 dr=0 cl=0 cr=0 ok=5212 fail=0 vofa=firewater rx=760 txdrop=24882
1775110884.3328013,1775110884332801400,6763116633400,HB,1284672,0.0,1,-0.196,-0.449,3.0,3.0,0.0,6.0,6.0,6.0,6.0,3.0,3.0,0,0,,HB tick=1284672 run=1 ts=12.284 as=3.000 ta=0.000 aa=0.000 se=9.284 so=5.606 ae=-0.000 ao=-0.000 pwm=6 pc=6 hd=0 y=-0.196 yr=-0.449 L=6 R=6 OL=6 OR=6 el=3 er=3 ed=0 dl=3 dr=3 cl=0 cr=0 ok=5213 fail=0 vofa=firewater rx=779 txdrop=24882
1775110884.5428934,1775110884542893300,6763326722900,HB,1284904,0.0,1,-1.054,-1.58,4.0,5.0,-1.0,6.0,6.0,6.0,6.0,4.0,5.0,0,0,,HB tick=1284904 run=1 ts=15.044 as=4.500 ta=0.000 aa=-0.204 se=10.544 so=6.390 ae=0.204 ao=0.047 pwm=6 pc=6 hd=0 y=-1.054 yr=-1.580 L=6 R=6 OL=6 OR=6 el=4 er=5 ed=-1 dl=4 dr=5 cl=0 cr=0 ok=5214 fail=0 vofa=firewater rx=779 txdrop=24882
1775110884.9586878,1775110884958687800,6763742517900,HB,1285301,0.0,1,-3.652,-4.464,5.0,8.0,-3.0,8.0,8.0,8.0,8.0,5.0,8.0,0,0,,HB tick=1285301 run=1 ts=19.844 as=6.500 ta=0.000 aa=-2.100 se=13.344 so=8.128 ae=2.100 ao=0.413 pwm=8 pc=8 hd=0 y=-3.652 yr=-4.464 L=8 R=8 OL=8 OR=8 el=5 er=8 ed=-3 dl=5 dr=8 cl=0 cr=0 ok=5215 fail=0 vofa=firewater rx=779 txdrop=24882
1775110885.1457183,1775110885145718200,6763929548800,HB,1285511,0.0,1,-5.497,-5.963,8.0,8.0,0.0,10.0,8.0,10.0,8.0,8.0,8.0,0,0,,HB tick=1285511 run=1 ts=22.364 as=8.000 ta=0.000 aa=-3.659 se=14.364 so=8.776 ae=3.659 ao=0.662 pwm=9 pc=9 hd=1 y=-5.497 yr=-5.963 L=10 R=8 OL=10 OR=8 el=8 er=8 ed=0 dl=8 dr=8 cl=0 cr=0 ok=5216 fail=0 vofa=firewater rx=779 txdrop=24882
1775110885.3745856,1775110885374585600,6764158415500,HB,1285717,0.0,1,-6.735,-5.989,8.0,9.0,-1.0,11.0,9.0,11.0,9.0,8.0,9.0,0,0,,HB tick=1285717 run=1 ts=24.764 as=8.500 ta=0.000 aa=-5.505 se=16.264 so=9.953 ae=5.505 ao=0.959 pwm=10 pc=10 hd=1 y=-6.735 yr=-5.989 L=11 R=9 OL=11 OR=9 el=8 er=9 ed=-1 dl=8 dr=9 cl=0 cr=0 ok=5217 fail=0 vofa=firewater rx=779 txdrop=24882
1775110885.5611606,1775110885561160400,6764344990300,HB,1285922,0.0,1,-7.079,-4.478,10.0,10.0,0.0,12.0,10.0,12.0,10.0,10.0,10.0,0,0,,HB tick=1285922 run=1 ts=27.284 as=10.000 ta=0.000 aa=-6.742 se=17.284 so=10.609 ae=6.742 ao=1.109 pwm=11 pc=11 hd=1 y=-7.079 yr=-4.478 L=12 R=10 OL=12 OR=10 el=10 er=10 ed=0 dl=10 dr=10 cl=0 cr=0 ok=5218 fail=0 vofa=firewater rx=779 txdrop=24882
1775110885.790377,1775110885790377000,6764574208300,HB,1286132,0.0,1,-6.93,-2.661,12.0,11.0,1.0,12.0,10.0,12.0,10.0,12.0,11.0,0,0,,HB tick=1286132 run=1 ts=29.804 as=11.500 ta=0.000 aa=-7.087 se=18.304 so=11.266 ae=7.087 ao=1.074 pwm=11 pc=11 hd=1 y=-6.930 yr=-2.661 L=12 R=10 OL=12 OR=10 el=12 er=11 ed=1 dl=12 dr=11 cl=0 cr=0 ok=5219 fail=0 vofa=firewater rx=779 txdrop=24882
1775110885.9989104,1775110885998910400,6764782740300,HB,1286354,0.0,1,-6.427,-0.94,13.0,12.0,1.0,13.0,11.0,13.0,11.0,13.0,12.0,0,0,,HB tick=1286354 run=1 ts=32.444 as=12.500 ta=0.000 aa=-6.938 se=19.944 so=12.301 ae=6.938 ao=0.966 pwm=12 pc=12 hd=1 y=-6.427 yr=-0.940 L=13 R=11 OL=13 OR=11 el=13 er=12 ed=1 dl=13 dr=12 cl=0 cr=0 ok=5220 fail=0 vofa=firewater rx=779 txdrop=24882
1775110886.403199,1775110886403198900,6765187029200,HB,1286741,0.0,1,-5.232,1.41,15.0,13.0,2.0,15.0,13.0,15.0,13.0,15.0,13.0,0,0,,HB tick=1286741 run=1 ts=35.000 as=14.000 ta=0.000 aa=-6.266 se=21.000 so=13.032 ae=6.266 ao=0.764 pwm=14 pc=14 hd=1 y=-5.232 yr=1.410 L=15 R=13 OL=15 OR=13 el=15 er=13 ed=2 dl=15 dr=13 cl=0 cr=0 ok=5221 fail=0 vofa=firewater rx=779 txdrop=24882
1775110886.5903192,1775110886590319000,6765374149300,HB,1286951,0.0,1,-3.549,3.709,16.0,13.0,3.0,14.0,12.0,14.0,12.0,16.0,13.0,0,0,,HB tick=1286951 run=1 ts=35.000 as=14.500 ta=0.000 aa=-5.240 se=20.500 so=12.785 ae=5.240 ao=0.558 pwm=13 pc=13 hd=1 y=-3.549 yr=3.709 L=14 R=12 OL=14 OR=12 el=16 er=13 ed=3 dl=16 dr=13 cl=0 cr=0 ok=5222 fail=0 vofa=firewater rx=779 txdrop=24882
1775110886.8185728,1775110886818572800,6765602402400,HB,1287157,0.0,1,-1.52,5.876,15.0,14.0,1.0,13.0,13.0,13.0,13.0,15.0,14.0,0,0,,HB tick=1287157 run=1 ts=35.000 as=14.500 ta=0.000 aa=-3.557 se=20.500 so=12.834 ae=3.557 ao=0.241 pwm=13 pc=13 hd=0 y=-1.520 yr=5.876 L=13 R=13 OL=13 OR=13 el=15 er=14 ed=1 dl=15 dr=14 cl=0 cr=0 ok=5223 fail=0 vofa=firewater rx=779 txdrop=24882
1775110887.1925552,1775110887192555300,6765976385200,HB,1287549,0.0,1,0.912,6.058,14.0,13.0,1.0,14.0,14.0,14.0,14.0,14.0,13.0,0,0,,HB tick=1287549 run=1 ts=35.000 as=13.500 ta=0.000 aa=-0.547 se=21.500 so=13.532 ae=0.547 ao=-0.231 pwm=14 pc=14 hd=0 y=0.912 yr=6.058 L=14 R=14 OL=14 OR=14 el=14 er=13 ed=1 dl=14 dr=13 cl=0 cr=0 ok=5224 fail=0 vofa=firewater rx=779 txdrop=24882
1775110887.4393237,1775110887439323601,6766223153701,HB,1287755,0.0,1,2.365,6.417,15.0,14.0,1.0,13.0,13.0,13.0,13.0,15.0,14.0,0,0,,HB tick=1287755 run=1 ts=35.000 as=14.500 ta=0.000 aa=0.905 se=20.500 so=12.984 ae=-0.905 ao=-0.411 pwm=13 pc=13 hd=0 y=2.365 yr=6.417 L=13 R=13 OL=13 OR=13 el=15 er=14 ed=1 dl=15 dr=14 cl=0 cr=0 ok=5225 fail=0 vofa=firewater rx=779 txdrop=24882
1775110887.616805,1775110887616805100,6766400635100,HB,1287976,0.0,1,3.805,6.443,14.0,15.0,-1.0,12.0,14.0,12.0,14.0,14.0,15.0,0,0,,HB tick=1287976 run=1 ts=35.000 as=14.500 ta=0.000 aa=2.357 se=20.500 so=13.037 ae=-2.357 ao=-0.604 pwm=13 pc=13 hd=-1 y=3.805 yr=6.443 L=12 R=14 OL=12 OR=14 el=14 er=15 ed=-1 dl=14 dr=15 cl=0 cr=0 ok=5226 fail=0 vofa=firewater rx=779 txdrop=24882
1775110887.8448,1775110887844799900,6766628629500,HB,1288177,0.0,1,3.712,4.024,14.0,15.0,-1.0,12.0,14.0,12.0,14.0,14.0,15.0,0,0,,HB tick=1288177 run=1 ts=35.000 as=14.500 ta=0.000 aa=3.798 se=20.500 so=13.087 ae=-3.798 ao=-0.778 pwm=13 pc=13 hd=-1 y=3.712 yr=4.024 L=12 R=14 OL=12 OR=14 el=14 er=15 ed=-1 dl=14 dr=15 cl=0 cr=0 ok=5227 fail=0 vofa=firewater rx=779 txdrop=24882
1775110888.2077982,1775110888207798200,6766991628300,HB,1288569,0.0,1,1.636,-1.388,15.0,15.0,0.0,13.0,13.0,13.0,13.0,15.0,15.0,0,0,,HB tick=1288569 run=1 ts=35.000 as=15.000 ta=0.000 aa=3.147 se=20.000 so=12.883 ae=-3.147 ao=-0.449 pwm=13 pc=13 hd=0 y=1.636 yr=-1.388 L=13 R=13 OL=13 OR=13 el=15 er=15 ed=0 dl=15 dr=15 cl=0 cr=0 ok=5228 fail=0 vofa=firewater rx=779 txdrop=24882
1775110888.435219,1775110888435218900,6767219048700,HB,1288775,0.0,1,0.398,-3.027,14.0,15.0,-1.0,13.0,13.0,13.0,13.0,14.0,15.0,0,0,,HB tick=1288775 run=1 ts=35.000 as=14.500 ta=0.000 aa=1.629 se=20.500 so=13.234 ae=-1.629 ao=-0.126 pwm=13 pc=13 hd=0 y=0.398 yr=-3.027 L=13 R=13 OL=13 OR=13 el=14 er=15 ed=-1 dl=14 dr=15 cl=0 cr=0 ok=5229 fail=0 vofa=firewater rx=779 txdrop=24882
1775110888.622261,1775110888622260900,6767406090800,HB,1288980,0.0,1,-0.38,-3.288,14.0,15.0,-1.0,13.0,13.0,13.0,13.0,14.0,15.0,0,0,,HB tick=1288980 run=1 ts=35.000 as=14.500 ta=0.000 aa=0.390 se=20.500 so=13.286 ae=-0.390 ao=0.105 pwm=13 pc=13 hd=0 y=-0.380 yr=-3.288 L=13 R=13 OL=13 OR=13 el=14 er=15 ed=-1 dl=14 dr=15 cl=0 cr=0 ok=5230 fail=0 vofa=firewater rx=779 txdrop=24882
1775110888.8570766,1775110888857076700,6767640906500,HB,1289191,0.0,1,-1.026,-3.215,16.0,15.0,1.0,13.0,13.0,13.0,13.0,16.0,15.0,0,0,,HB tick=1289191 run=1 ts=35.000 as=15.500 ta=0.000 aa=-0.387 se=19.500 so=12.737 ae=0.387 ao=0.211 pwm=13 pc=13 hd=0 y=-1.026 yr=-3.215 L=13 R=13 OL=13 OR=13 el=16 er=15 ed=1 dl=16 dr=15 cl=0 cr=0 ok=5231 fail=0 vofa=firewater rx=779 txdrop=24882
1775110889.0335076,1775110889033507500,6767817337400,HB,1289396,0.0,1,-1.53,-2.941,15.0,15.0,0.0,13.0,13.0,13.0,13.0,15.0,15.0,0,0,,HB tick=1289396 run=1 ts=35.000 as=15.000 ta=0.000 aa=-1.034 se=20.000 so=13.086 ae=1.034 ao=0.285 pwm=13 pc=13 hd=0 y=-1.530 yr=-2.941 L=13 R=13 OL=13 OR=13 el=15 er=15 ed=0 dl=15 dr=15 cl=0 cr=0 ok=5232 fail=0 vofa=firewater rx=779 txdrop=24882
1775110889.6461418,1775110889646141601,6768429972101,HB,1289789,0.0,1,-2.196,-2.222,15.0,15.0,0.0,13.0,13.0,13.0,13.0,15.0,15.0,0,0,,HB tick=1289789 run=1 ts=35.000 as=15.000 ta=0.000 aa=-1.828 se=20.000 so=13.181 ae=1.828 ao=0.346 pwm=13 pc=13 hd=0 y=-2.196 yr=-2.222 L=13 R=13 OL=13 OR=13 el=15 er=15 ed=0 dl=15 dr=15 cl=0 cr=0 ok=5233 fail=0 vofa=firewater rx=798 txdrop=24882
1775110889.6461418,1775110889646141603,6768429972103,HB,1289995,0.0,1,-2.691,-2.281,15.0,15.0,0.0,13.0,13.0,13.0,13.0,15.0,15.0,0,0,,HB tick=1289995 run=1 ts=35.000 as=15.000 ta=0.000 aa=-2.203 se=20.000 so=13.231 ae=2.203 ao=0.375 pwm=13 pc=13 hd=0 y=-2.691 yr=-2.281 L=13 R=13 OL=13 OR=13 el=15 er=15 ed=0 dl=15 dr=15 cl=0 cr=0 ok=5234 fail=0 vofa=firewater rx=798 txdrop=24882
1775110889.8631878,1775110889863187600,6768647017300,HB,1290200,0.0,1,-3.017,-2.042,15.0,15.0,0.0,13.0,13.0,13.0,13.0,15.0,15.0,0,0,,HB tick=1290200 run=1 ts=35.000 as=15.000 ta=0.000 aa=-2.698 se=20.000 so=13.281 ae=2.698 ao=0.438 pwm=13 pc=13 hd=0 y=-3.017 yr=-2.042 L=13 R=13 OL=13 OR=13 el=15 er=15 ed=0 dl=15 dr=15 cl=0 cr=0 ok=5235 fail=0 vofa=firewater rx=798 txdrop=24882
1775110890.0505285,1775110890050528500,6768834358500,HB,1290410,0.0,1,-3.457,-2.058,14.0,15.0,-1.0,13.0,13.0,13.0,13.0,14.0,15.0,0,0,,HB tick=1290410 run=1 ts=35.000 as=14.500 ta=0.000 aa=-3.024 se=20.500 so=13.632 ae=3.024 ao=0.465 pwm=13 pc=13 hd=0 y=-3.457 yr=-2.058 L=13 R=13 OL=13 OR=13 el=14 er=15 ed=-1 dl=14 dr=15 cl=0 cr=0 ok=5236 fail=0 vofa=firewater rx=798 txdrop=24882
1775110890.4228954,1775110890422895300,6769206724900,HB,1290758,0.0,1,-3.672,-1.214,15.0,15.0,0.0,14.0,12.0,14.0,12.0,15.0,15.0,0,0,,HB tick=1290758 run=1 ts=35.000 as=15.000 ta=0.000 aa=-3.679 se=20.000 so=13.413 ae=3.679 ao=0.502 pwm=13 pc=13 hd=1 y=-3.672 yr=-1.214 L=14 R=12 OL=14 OR=12 el=15 er=15 ed=0 dl=15 dr=15 cl=0 cr=0 ok=5237 fail=0 vofa=firewater rx=798 txdrop=24882
1775110890.6309814,1775110890630981500,6769414812300,HB,1290991,0.0,1,-3.024,0.179,16.0,14.0,2.0,15.0,13.0,15.0,13.0,16.0,14.0,0,0,,HB tick=1290991 run=1 ts=35.000 as=15.000 ta=0.000 aa=-3.679 se=20.000 so=13.470 ae=3.679 ao=0.502 pwm=14 pc=14 hd=1 y=-3.024 yr=0.179 L=15 R=13 OL=15 OR=13 el=16 er=14 ed=2 dl=16 dr=14 cl=0 cr=0 ok=5238 fail=0 vofa=firewater rx=798 txdrop=24882
1775110890.860158,1775110890860157900,6769643988100,HB,1291197,0.0,1,-1.47,2.771,16.0,15.0,1.0,13.0,13.0,13.0,13.0,16.0,15.0,0,0,,HB tick=1291197 run=1 ts=35.000 as=15.500 ta=0.000 aa=-3.032 se=19.500 so=13.219 ae=3.032 ao=0.355 pwm=13 pc=13 hd=0 y=-1.470 yr=2.771 L=13 R=13 OL=13 OR=13 el=16 er=15 ed=1 dl=16 dr=15 cl=0 cr=0 ok=5239 fail=0 vofa=firewater rx=798 txdrop=24882
1775110891.0480192,1775110891048019200,6769831849300,HB,1291403,0.0,1,-0.174,4.003,16.0,15.0,1.0,13.0,13.0,13.0,13.0,16.0,15.0,0,0,,HB tick=1291403 run=1 ts=35.000 as=15.500 ta=0.000 aa=-1.477 se=19.500 so=13.268 ae=1.477 ao=0.039 pwm=13 pc=13 hd=0 y=-0.174 yr=4.003 L=13 R=13 OL=13 OR=13 el=16 er=15 ed=1 dl=16 dr=15 cl=0 cr=0 ok=5240 fail=0 vofa=firewater rx=798 txdrop=24882
1775110891.4636595,1775110891463659400,6770247489100,HB,1291799,0.0,1,1.991,4.871,15.0,15.0,0.0,14.0,14.0,14.0,14.0,15.0,15.0,0,0,,HB tick=1291799 run=1 ts=35.000 as=15.000 ta=0.000 aa=0.558 se=20.000 so=13.660 ae=-0.558 ao=-0.276 pwm=14 pc=14 hd=0 y=1.991 yr=4.871 L=14 R=14 OL=14 OR=14 el=15 er=15 ed=0 dl=15 dr=15 cl=0 cr=0 ok=5241 fail=0 vofa=firewater rx=798 txdrop=24882
1775110891.829295,1775110891829294900,6770613124500,HB,1292191,0.0,1,4.244,5.377,15.0,16.0,-1.0,12.0,14.0,12.0,14.0,15.0,16.0,0,0,,HB tick=1292191 run=1 ts=35.000 as=15.500 ta=0.000 aa=2.824 se=19.500 so=13.455 ae=-2.824 ao=-0.588 pwm=13 pc=13 hd=-1 y=4.244 yr=5.377 L=12 R=14 OL=12 OR=14 el=15 er=16 ed=-1 dl=15 dr=16 cl=0 cr=0 ok=5242 fail=0 vofa=firewater rx=798 txdrop=24882
1775110892.0574825,1775110892057482500,6770841312300,HB,1292397,0.0,1,4.516,3.962,15.0,16.0,-1.0,13.0,15.0,13.0,15.0,15.0,16.0,0,0,,HB tick=1292397 run=1 ts=35.000 as=15.500 ta=0.000 aa=4.236 se=19.500 so=13.501 ae=-4.236 ao=-0.777 pwm=14 pc=14 hd=-1 y=4.516 yr=3.962 L=13 R=15 OL=13 OR=15 el=15 er=16 ed=-1 dl=15 dr=16 cl=0 cr=0 ok=5243 fail=0 vofa=firewater rx=798 txdrop=24882
1775110892.2441998,1775110892244199800,6771028029700,HB,1292602,0.0,1,3.777,1.326,16.0,16.0,0.0,13.0,15.0,13.0,15.0,16.0,16.0,0,0,,HB tick=1292602 run=1 ts=35.000 as=16.000 ta=0.000 aa=4.508 se=19.000 so=13.251 ae=-4.508 ao=-0.739 pwm=14 pc=14 hd=-1 y=3.777 yr=1.326 L=13 R=15 OL=13 OR=15 el=16 er=16 ed=0 dl=16 dr=16 cl=0 cr=0 ok=5244 fail=0 vofa=firewater rx=798 txdrop=24882
1775110892.478269,1775110892478269300,6771262100300,HB,1292812,0.0,1,2.665,-0.999,16.0,17.0,-1.0,13.0,15.0,13.0,15.0,16.0,17.0,0,0,,HB tick=1292812 run=1 ts=35.000 as=16.500 ta=0.000 aa=3.769 se=18.500 so=12.999 ae=-3.769 ao=-0.519 pwm=14 pc=14 hd=-1 y=2.665 yr=-0.999 L=13 R=15 OL=13 OR=15 el=16 er=17 ed=-1 dl=16 dr=17 cl=0 cr=0 ok=5245 fail=0 vofa=firewater rx=798 txdrop=24882
1775110892.6546319,1775110892654632000,6771438462100,HB,1293017,0.0,1,0.925,-3.607,15.0,16.0,-1.0,14.0,14.0,14.0,14.0,15.0,16.0,0,0,,HB tick=1293017 run=1 ts=35.000 as=15.500 ta=0.000 aa=2.658 se=19.500 so=13.645 ae=-2.658 ao=-0.269 pwm=14 pc=14 hd=0 y=0.925 yr=-3.607 L=14 R=14 OL=14 OR=14 el=15 er=16 ed=-1 dl=15 dr=16 cl=0 cr=0 ok=5246 fail=0 vofa=firewater rx=798 txdrop=24882
1775110892.9532561,1775110892953256201,6771737086101,HB,1293223,0.0,1,0.017,-3.894,16.0,15.0,1.0,14.0,14.0,14.0,14.0,16.0,15.0,0,0,,HB tick=1293223 run=1 ts=35.000 as=15.500 ta=0.000 aa=0.009 se=19.500 so=13.694 ae=-0.009 ao=0.194 pwm=14 pc=14 hd=0 y=0.017 yr=-3.894 L=14 R=14 OL=14 OR=14 el=16 er=15 ed=1 dl=16 dr=15 cl=0 cr=0 ok=5247 fail=0 vofa=firewater rx=798 txdrop=24882
1775110893.0880246,1775110893088024500,6771871854400,HB,1293449,0.0,1,-1.433,-4.767,15.0,16.0,-1.0,14.0,14.0,14.0,14.0,15.0,16.0,0,0,,HB tick=1293449 run=1 ts=35.000 as=15.500 ta=0.000 aa=0.009 se=19.500 so=13.745 ae=-0.009 ao=0.194 pwm=14 pc=14 hd=0 y=-1.433 yr=-4.767 L=14 R=14 OL=14 OR=14 el=15 er=16 ed=-1 dl=15 dr=16 cl=0 cr=0 ok=5248 fail=0 vofa=firewater rx=798 txdrop=24882
1775110893.3161623,1775110893316162200,6772099992100,HB,1293650,0.0,1,-1.669,-3.511,15.0,16.0,-1.0,13.0,13.0,13.0,13.0,15.0,16.0,0,0,,HB tick=1293650 run=1 ts=35.000 as=15.500 ta=0.000 aa=-1.441 se=19.500 so=13.793 ae=1.441 ao=0.411 pwm=13 pc=13 hd=0 y=-1.669 yr=-3.511 L=13 R=13 OL=13 OR=13 el=15 er=16 ed=-1 dl=15 dr=16 cl=0 cr=0 ok=5249 fail=0 vofa=firewater rx=798 txdrop=24882
1775110893.4960666,1775110893496066500,6772279896500,HB,1293855,0.0,1,-2.135,-3.074,15.0,16.0,-1.0,14.0,14.0,14.0,14.0,15.0,16.0,0,0,,HB tick=1293855 run=1 ts=35.000 as=15.500 ta=0.000 aa=-1.677 se=19.500 so=13.840 ae=1.677 ao=0.377 pwm=14 pc=14 hd=0 y=-2.135 yr=-3.074 L=14 R=14 OL=14 OR=14 el=15 er=16 ed=-1 dl=15 dr=16 cl=0 cr=0 ok=5250 fail=0 vofa=firewater rx=798 txdrop=24882
1775110893.9100616,1775110893910061500,6772693891500,HB,1294247,0.0,1,-3.161,-2.792,17.0,16.0,1.0,14.0,12.0,14.0,12.0,17.0,16.0,0,0,,HB tick=1294247 run=1 ts=35.000 as=16.500 ta=0.000 aa=-2.769 se=18.500 so=13.329 ae=2.769 ao=0.500 pwm=13 pc=13 hd=1 y=-3.161 yr=-2.792 L=14 R=12 OL=14 OR=12 el=17 er=16 ed=1 dl=17 dr=16 cl=0 cr=0 ok=5251 fail=0 vofa=firewater rx=798 txdrop=24882
1775110894.0969203,1775110894096920300,6772880750500,HB,1294453,0.0,1,-3.019,-1.575,16.0,16.0,0.0,15.0,13.0,15.0,13.0,16.0,16.0,0,0,,HB tick=1294453 run=1 ts=35.000 as=16.000 ta=0.000 aa=-3.169 se=19.000 so=13.677 ae=3.169 ao=0.520 pwm=14 pc=14 hd=1 y=-3.019 yr=-1.575 L=15 R=13 OL=15 OR=13 el=16 er=16 ed=0 dl=16 dr=16 cl=0 cr=0 ok=5252 fail=0 vofa=firewater rx=798 txdrop=24882
1775110894.3243415,1775110894324341400,6773108171600,HB,1294658,0.0,1,-2.029,0.676,16.0,16.0,0.0,14.0,14.0,14.0,14.0,16.0,16.0,0,0,,HB tick=1294658 run=1 ts=35.000 as=16.000 ta=0.000 aa=-2.036 se=19.000 so=13.724 ae=2.036 ao=0.211 pwm=14 pc=14 hd=0 y=-2.029 yr=0.676 L=14 R=14 OL=14 OR=14 el=16 er=16 ed=0 dl=16 dr=16 cl=0 cr=0 ok=5253 fail=0 vofa=firewater rx=819 txdrop=24882
1775110894.5104818,1775110894510482000,6773294312300,HB,1294869,0.0,1,-1.443,1.407,16.0,16.0,0.0,14.0,14.0,14.0,14.0,16.0,16.0,0,0,,HB tick=1294869 run=1 ts=35.000 as=16.000 ta=0.000 aa=-2.036 se=19.000 so=13.771 ae=2.036 ao=0.211 pwm=14 pc=14 hd=0 y=-1.443 yr=1.407 L=14 R=14 OL=14 OR=14 el=16 er=16 ed=0 dl=16 dr=16 cl=0 cr=0 ok=5254 fail=0 vofa=firewater rx=819 txdrop=24882
1775110894.740378,1775110894740377900,6773524207800,HB,1295075,0.0,1,-1.019,1.638,15.0,16.0,-1.0,14.0,14.0,14.0,14.0,15.0,16.0,0,0,,HB tick=1295075 run=1 ts=35.000 as=15.500 ta=0.000 aa=-1.450 se=19.500 so=14.120 ae=1.450 ao=0.104 pwm=14 pc=14 hd=0 y=-1.019 yr=1.638 L=14 R=14 OL=14 OR=14 el=15 er=16 ed=-1 dl=15 dr=16 cl=0 cr=0 ok=5255 fail=0 vofa=firewater rx=819 txdrop=24882
1775110894.9177265,1775110894917726400,6773701556200,HB,1295280,0.0,1,-0.61,1.759,16.0,16.0,0.0,15.0,15.0,15.0,15.0,16.0,16.0,0,0,,HB tick=1295280 run=1 ts=35.000 as=16.000 ta=0.000 aa=-1.027 se=19.000 so=13.869 ae=1.027 ao=0.041 pwm=15 pc=15 hd=0 y=-0.610 yr=1.759 L=15 R=15 OL=15 OR=15 el=16 er=16 ed=0 dl=16 dr=16 cl=0 cr=0 ok=5256 fail=0 vofa=firewater rx=819 txdrop=24882
1775110895.3435009,1775110895343500800,6774127331100,HB,1295676,0.0,1,-0.059,1.552,16.0,17.0,-1.0,14.0,14.0,14.0,14.0,16.0,17.0,0,0,,HB tick=1295676 run=1 ts=35.000 as=16.500 ta=0.000 aa=-0.414 se=18.500 so=13.658 ae=0.414 ao=-0.029 pwm=14 pc=14 hd=0 y=-0.059 yr=1.552 L=14 R=14 OL=14 OR=14 el=16 er=17 ed=-1 dl=16 dr=17 cl=0 cr=0 ok=5257 fail=0 vofa=firewater rx=819 txdrop=24882
1775110895.5300143,1775110895530014200,6774313843800,HB,1295886,0.0,1,-0.074,0.985,16.0,16.0,0.0,14.0,14.0,14.0,14.0,16.0,16.0,0,0,,HB tick=1295886 run=1 ts=35.000 as=16.000 ta=0.000 aa=-0.067 se=19.000 so=14.007 ae=0.067 ao=-0.070 pwm=14 pc=14 hd=0 y=-0.074 yr=0.985 L=14 R=14 OL=14 OR=14 el=16 er=16 ed=0 dl=16 dr=16 cl=0 cr=0 ok=5258 fail=0 vofa=firewater rx=819 txdrop=24882
1775110895.7580552,1775110895758055200,6774541885600,HB,1296092,0.0,1,-0.305,0.245,16.0,16.0,0.0,14.0,14.0,14.0,14.0,16.0,16.0,0,0,,HB tick=1296092 run=1 ts=35.000 as=16.000 ta=0.000 aa=-0.081 se=19.000 so=14.055 ae=0.081 ao=-0.039 pwm=14 pc=14 hd=0 y=-0.305 yr=0.245 L=14 R=14 OL=14 OR=14 el=16 er=16 ed=0 dl=16 dr=16 cl=0 cr=0 ok=5259 fail=0 vofa=firewater rx=819 txdrop=24882
1775110895.9449313,1775110895944931400,6774728760900,HB,1296297,0.0,1,-0.683,-0.483,16.0,16.0,0.0,14.0,14.0,14.0,14.0,16.0,16.0,0,0,,HB tick=1296297 run=1 ts=35.000 as=16.000 ta=0.000 aa=-0.313 se=19.000 so=14.101 ae=0.313 ao=0.025 pwm=14 pc=14 hd=0 y=-0.683 yr=-0.483 L=14 R=14 OL=14 OR=14 el=16 er=16 ed=0 dl=16 dr=16 cl=0 cr=0 ok=5260 fail=0 vofa=firewater rx=819 txdrop=24882
1775110896.1707897,1775110896170789700,6774954621300,HB,1296507,0.0,1,-1.036,-0.904,15.0,16.0,-1.0,14.0,14.0,14.0,14.0,15.0,16.0,0,0,,HB tick=1296507 run=1 ts=35.000 as=15.500 ta=0.000 aa=-0.691 se=19.500 so=14.449 ae=0.691 ao=0.107 pwm=14 pc=14 hd=0 y=-1.036 yr=-0.904 L=14 R=14 OL=14 OR=14 el=15 er=16 ed=-1 dl=15 dr=16 cl=0 cr=0 ok=5261 fail=0 vofa=firewater rx=840 txdrop=24882
1775110896.3569896,1775110896356989800,6775140820500,HB,1296713,0.0,1,-1.368,-1.149,16.0,16.0,0.0,14.0,14.0,14.0,14.0,16.0,16.0,0,0,,HB tick=1296713 run=1 ts=35.000 as=16.000 ta=0.000 aa=-1.044 se=19.000 so=14.196 ae=1.044 ao=0.170 pwm=14 pc=14 hd=0 y=-1.368 yr=-1.149 L=14 R=14 OL=14 OR=14 el=16 er=16 ed=0 dl=16 dr=16 cl=0 cr=0 ok=5262 fail=0 vofa=firewater rx=840 txdrop=24882
1775110896.772714,1775110896772714100,6775556544000,HB,1297106,0.0,1,-2.0,-1.403,16.0,16.0,0.0,14.0,14.0,14.0,14.0,16.0,16.0,0,0,,HB tick=1297106 run=1 ts=35.000 as=16.000 ta=0.000 aa=-1.769 se=19.000 so=14.283 ae=1.769 ao=0.292 pwm=14 pc=14 hd=0 y=-2.000 yr=-1.403 L=14 R=14 OL=14 OR=14 el=16 er=16 ed=0 dl=16 dr=16 cl=0 cr=0 ok=5263 fail=0 vofa=firewater rx=840 txdrop=24882
1775110896.9486802,1775110896948680300,6775732510300,HB,1297311,0.0,1,-2.261,-1.355,17.0,16.0,1.0,14.0,14.0,14.0,14.0,17.0,16.0,0,0,,HB tick=1297311 run=1 ts=35.000 as=16.500 ta=0.000 aa=-2.008 se=18.500 so=14.031 ae=2.008 ao=0.311 pwm=14 pc=14 hd=0 y=-2.261 yr=-1.355 L=14 R=14 OL=14 OR=14 el=17 er=16 ed=1 dl=17 dr=16 cl=0 cr=0 ok=5264 fail=0 vofa=firewater rx=840 txdrop=24882
1775110897.1771617,1775110897177161700,6775960992000,HB,1297517,0.0,1,-2.44,-1.187,16.0,16.0,0.0,14.0,14.0,14.0,14.0,16.0,16.0,0,0,,HB tick=1297517 run=1 ts=35.000 as=16.000 ta=0.000 aa=-2.268 se=19.000 so=14.375 ae=2.268 ao=0.340 pwm=14 pc=14 hd=0 y=-2.440 yr=-1.187 L=14 R=14 OL=14 OR=14 el=16 er=16 ed=0 dl=16 dr=16 cl=0 cr=0 ok=5265 fail=0 vofa=firewater rx=840 txdrop=24882
1775110897.5500119,1775110897550012000,6776333841800,HB,1297908,0.0,1,-2.359,-0.378,16.0,15.0,1.0,15.0,15.0,15.0,15.0,16.0,15.0,0,0,,HB tick=1297908 run=1 ts=35.000 as=15.500 ta=0.000 aa=-2.443 se=19.500 so=14.763 ae=2.443 ao=0.331 pwm=15 pc=15 hd=0 y=-2.359 yr=-0.378 L=15 R=15 OL=15 OR=15 el=16 er=15 ed=1 dl=16 dr=15 cl=0 cr=0 ok=5266 fail=0 vofa=firewater rx=840 txdrop=24882
1775110897.7781518,1775110897778151800,6776561982400,HB,1298114,0.0,1,-2.107,0.184,16.0,16.0,0.0,15.0,15.0,15.0,15.0,16.0,16.0,0,0,,HB tick=1298114 run=1 ts=35.000 as=16.000 ta=0.000 aa=-2.366 se=19.000 so=14.510 ae=2.366 ao=0.303 pwm=15 pc=15 hd=0 y=-2.107 yr=0.184 L=15 R=15 OL=15 OR=15 el=16 er=16 ed=0 dl=16 dr=16 cl=0 cr=0 ok=5267 fail=0 vofa=firewater rx=840 txdrop=24882
1775110897.962982,1775110897962982000,6776746811600,HB,1298319,0.0,1,-1.853,0.551,17.0,17.0,0.0,14.0,14.0,14.0,14.0,17.0,17.0,0,0,,HB tick=1298319 run=1 ts=35.000 as=17.000 ta=0.000 aa=-2.114 se=18.000 so=13.954 ae=2.114 ao=0.245 pwm=14 pc=14 hd=0 y=-1.853 yr=0.551 L=14 R=14 OL=14 OR=14 el=17 er=17 ed=0 dl=17 dr=17 cl=0 cr=0 ok=5268 fail=0 vofa=firewater rx=840 txdrop=24882
1775110898.1913354,1775110898191335300,6776975165100,HB,1298530,0.0,1,-1.371,1.166,16.0,16.0,0.0,14.0,14.0,14.0,14.0,16.0,16.0,0,0,,HB tick=1298530 run=1 ts=35.000 as=16.000 ta=0.000 aa=-1.860 se=19.000 so=14.603 ae=1.860 ao=0.196 pwm=14 pc=14 hd=0 y=-1.371 yr=1.166 L=14 R=14 OL=14 OR=14 el=16 er=16 ed=0 dl=16 dr=16 cl=0 cr=0 ok=5269 fail=0 vofa=firewater rx=845 txdrop=24882
1775110898.379089,1775110898379089100,6777162918800,HB,1298735,0.0,1,-1.188,1.066,16.0,17.0,-1.0,14.0,14.0,14.0,14.0,16.0,17.0,0,0,,HB tick=1298735 run=1 ts=35.000 as=16.500 ta=0.000 aa=-1.378 se=18.500 so=14.348 ae=1.378 ao=0.107 pwm=14 pc=14 hd=0 y=-1.188 yr=1.066 L=14 R=14 OL=14 OR=14 el=16 er=17 ed=-1 dl=16 dr=17 cl=0 cr=0 ok=5270 fail=0 vofa=firewater rx=845 txdrop=24882
1775110898.6085863,1775110898608586300,6777392416100,HB,1298945,0.0,1,-0.887,1.198,17.0,17.0,0.0,14.0,14.0,14.0,14.0,17.0,17.0,0,0,,HB tick=1298945 run=1 ts=35.000 as=17.000 ta=0.000 aa=-1.196 se=18.000 so=14.094 ae=1.196 ao=0.090 pwm=14 pc=14 hd=0 y=-0.887 yr=1.198 L=14 R=14 OL=14 OR=14 el=17 er=17 ed=0 dl=17 dr=17 cl=0 cr=0 ok=5271 fail=0 vofa=firewater rx=845 txdrop=24882
1775110898.9292061,1775110898929206000,6777713036000,HB,1299293,0.0,1,-0.403,1.23,17.0,16.0,1.0,14.0,14.0,14.0,14.0,17.0,16.0,0,0,,HB tick=1299293 run=1 ts=35.000 as=16.500 ta=0.000 aa=-0.510 se=18.500 so=14.473 ae=0.510 ao=-0.019 pwm=14 pc=14 hd=0 y=-0.403 yr=1.230 L=14 R=14 OL=14 OR=14 el=17 er=16 ed=1 dl=17 dr=16 cl=0 cr=0 ok=5272 fail=0 vofa=firewater rx=845 txdrop=24882
1775110899.1901748,1775110899190174600,6777974004500,HB,1299527,0.0,1,0.173,1.668,17.0,17.0,0.0,14.0,14.0,14.0,14.0,17.0,17.0,0,0,,HB tick=1299527 run=1 ts=35.000 as=17.000 ta=0.000 aa=-0.410 se=18.000 so=14.224 ae=0.410 ao=-0.012 pwm=14 pc=14 hd=0 y=0.173 yr=1.668 L=14 R=14 OL=14 OR=14 el=17 er=17 ed=0 dl=17 dr=17 cl=0 cr=0 ok=5273 fail=0 vofa=firewater rx=845 txdrop=24882
1775110899.3766026,1775110899376602700,6778160432600,HB,1299732,0.0,1,0.357,1.396,16.0,17.0,-1.0,15.0,15.0,15.0,15.0,16.0,17.0,0,0,,HB tick=1299732 run=1 ts=35.000 as=16.500 ta=0.000 aa=0.166 se=18.500 so=14.570 ae=-0.166 ao=-0.103 pwm=15 pc=15 hd=0 y=0.357 yr=1.396 L=15 R=15 OL=15 OR=15 el=16 er=17 ed=-1 dl=16 dr=17 cl=0 cr=0 ok=5274 fail=0 vofa=firewater rx=845 txdrop=24882
1775110899.7814658,1775110899781465900,6778565295900,HB,1300124,0.0,1,0.356,0.568,17.0,17.0,0.0,14.0,14.0,14.0,14.0,17.0,17.0,0,0,,HB tick=1300124 run=1 ts=35.000 as=17.000 ta=0.000 aa=0.540 se=18.000 so=14.355 ae=-0.540 ao=-0.131 pwm=14 pc=14 hd=0 y=0.356 yr=0.568 L=14 R=14 OL=14 OR=14 el=17 er=17 ed=0 dl=17 dr=17 cl=0 cr=0 ok=5275 fail=0 vofa=firewater rx=845 txdrop=24882
1775110899.9681737,1775110899968173800,6778752004300,HB,1300330,0.0,1,-0.003,-0.238,16.0,17.0,-1.0,15.0,15.0,15.0,15.0,16.0,17.0,0,0,,HB tick=1300330 run=1 ts=35.000 as=16.500 ta=0.000 aa=0.349 se=18.500 so=14.701 ae=-0.349 ao=-0.070 pwm=15 pc=15 hd=0 y=-0.003 yr=-0.238 L=15 R=15 OL=15 OR=15 el=16 er=17 ed=-1 dl=16 dr=17 cl=0 cr=0 ok=5276 fail=0 vofa=firewater rx=845 txdrop=24882
1775110900.5720978,1775110900572097900,6779355928300,HB,1300927,0.0,1,-0.927,-1.25,16.0,16.0,0.0,15.0,15.0,15.0,15.0,16.0,16.0,0,0,,HB tick=1300927 run=1 ts=35.000 as=16.000 ta=0.000 aa=-0.623 se=19.000 so=15.130 ae=0.623 ao=0.134 pwm=15 pc=15 hd=0 y=-0.927 yr=-1.250 L=15 R=15 OL=15 OR=15 el=16 er=16 ed=0 dl=16 dr=16 cl=0 cr=0 ok=5278 fail=0 vofa=firewater rx=845 txdrop=24882
1775110900.7907717,1775110900790771700,6779574601300,HB,1301133,0.0,1,-1.338,-1.513,17.0,18.0,-1.0,14.0,14.0,14.0,14.0,17.0,18.0,0,0,,HB tick=1301133 run=1 ts=35.000 as=17.500 ta=0.000 aa=-1.345 se=17.500 so=14.276 ae=1.345 ao=0.237 pwm=14 pc=14 hd=0 y=-1.338 yr=-1.513 L=14 R=14 OL=14 OR=14 el=17 er=18 ed=-1 dl=17 dr=18 cl=0 cr=0 ok=5279 fail=0 vofa=firewater rx=845 txdrop=24882
1775110901.1624231,1775110901162423000,6779946252800,HB,1301525,0.0,1,-1.993,-1.59,17.0,17.0,0.0,15.0,15.0,15.0,15.0,17.0,17.0,0,0,,HB tick=1301525 run=1 ts=35.000 as=17.000 ta=0.000 aa=-1.712 se=18.000 so=14.659 ae=1.712 ao=0.294 pwm=15 pc=15 hd=0 y=-1.993 yr=-1.590 L=15 R=15 OL=15 OR=15 el=17 er=17 ed=0 dl=17 dr=17 cl=0 cr=0 ok=5280 fail=0 vofa=firewater rx=845 txdrop=24882
1775110901.3912623,1775110901391262200,6780175092100,HB,1301731,0.0,1,-2.365,-1.669,17.0,17.0,0.0,15.0,15.0,15.0,15.0,17.0,17.0,0,0,,HB tick=1301731 run=1 ts=35.000 as=17.000 ta=0.000 aa=-2.000 se=18.000 so=14.705 ae=2.000 ao=0.319 pwm=15 pc=15 hd=0 y=-2.365 yr=-1.669 L=15 R=15 OL=15 OR=15 el=17 er=17 ed=0 dl=17 dr=17 cl=0 cr=0 ok=5281 fail=0 vofa=firewater rx=845 txdrop=24882
1775110901.527552,1775110901527552000,6780311382500,HB,1301893,17658.0,1,-2.609,-1.609,17.0,17.0,0.0,15.0,15.0,15.0,15.0,17.0,17.0,0,0,,HB tick=1301893 exp_id=245 t_ms=17658 run=1 ts=35.000 as=17.000 ta=0.000 aa=-2.373 se=18.000 so=14.739 ae=2.373 ao=0.368 pwm=15 pc=15 hd=0 y=-2.609 yr=-1.609 L=15 R=15 OL=15 OR=15 el=17 er=17 ed=0 dl=17 dr=17 cl=0 cr=0 ok=5282 fail=0 vofa=firewater rx=859 txdrop=24882
1775110901.765973,1775110901765973000,6780549802500,HB,1302125,17890.0,1,-2.882,-1.457,17.0,17.0,0.0,15.0,15.0,15.0,15.0,17.0,17.0,0,0,,HB tick=1302125 exp_id=245 t_ms=17890 run=1 ts=35.000 as=17.000 ta=0.000 aa=-2.617 se=18.000 so=14.788 ae=2.617 ao=0.394 pwm=15 pc=15 hd=0 y=-2.882 yr=-1.457 L=15 R=15 OL=15 OR=15 el=17 er=17 ed=0 dl=17 dr=17 cl=0 cr=0 ok=5283 fail=0 vofa=firewater rx=859 txdrop=24882
1775110901.9843028,1775110901984302800,6780768133600,HB,1302346,18111.0,1,-2.895,-0.969,18.0,17.0,1.0,15.0,15.0,15.0,15.0,18.0,17.0,0,0,,HB tick=1302346 exp_id=245 t_ms=18111 run=1 ts=35.000 as=17.500 ta=0.000 aa=-2.890 se=17.500 so=14.536 ae=2.890 ao=0.420 pwm=15 pc=15 hd=0 y=-2.895 yr=-0.969 L=15 R=15 OL=15 OR=15 el=18 er=17 ed=1 dl=18 dr=17 cl=0 cr=0 ok=5284 fail=0 vofa=firewater rx=859 txdrop=24882
1775110902.1397362,1775110902139736100,6780923566000,HB,1302502,18267.0,1,-2.863,-0.556,18.0,18.0,0.0,15.0,15.0,15.0,15.0,18.0,18.0,0,0,,HB tick=1302502 exp_id=245 t_ms=18267 run=1 ts=35.000 as=18.000 ta=0.000 aa=-2.903 se=17.000 so=14.269 ae=2.903 ao=0.397 pwm=15 pc=15 hd=0 y=-2.863 yr=-0.556 L=15 R=15 OL=15 OR=15 el=18 er=18 ed=0 dl=18 dr=18 cl=0 cr=0 ok=5285 fail=0 vofa=firewater rx=859 txdrop=24882
1775110902.3785942,1775110902378594100,6781162424100,HB,1302734,18499.0,1,-2.713,-0.136,18.0,17.0,1.0,15.0,15.0,15.0,15.0,18.0,17.0,0,0,,HB tick=1302734 exp_id=245 t_ms=18499 run=1 ts=35.000 as=17.500 ta=0.000 aa=-2.870 se=17.500 so=14.618 ae=2.870 ao=0.372 pwm=15 pc=15 hd=0 y=-2.713 yr=-0.136 L=15 R=15 OL=15 OR=15 el=18 er=17 ed=1 dl=18 dr=17 cl=0 cr=0 ok=5286 fail=0 vofa=firewater rx=859 txdrop=24882
1775110902.5863705,1775110902586370500,6781370200200,HB,1302943,18708.0,1,-2.302,0.601,18.0,16.0,2.0,15.0,15.0,15.0,15.0,18.0,16.0,0,0,,HB tick=1302943 exp_id=245 t_ms=18708 run=1 ts=35.000 as=17.000 ta=0.000 aa=-2.721 se=18.000 so=14.963 ae=2.721 ao=0.333 pwm=15 pc=15 hd=0 y=-2.302 yr=0.601 L=15 R=15 OL=15 OR=15 el=18 er=16 ed=2 dl=18 dr=16 cl=0 cr=0 ok=5287 fail=0 vofa=firewater rx=859 txdrop=24882
1775110902.7408574,1775110902740857400,6781524687500,HB,1303104,18869.0,1,-1.945,1.166,18.0,18.0,0.0,14.0,14.0,14.0,14.0,18.0,18.0,0,0,,HB tick=1303104 exp_id=245 t_ms=18869 run=1 ts=35.000 as=18.000 ta=0.000 aa=-2.309 se=17.000 so=14.397 ae=2.309 ao=0.247 pwm=14 pc=14 hd=0 y=-1.945 yr=1.166 L=14 R=14 OL=14 OR=14 el=18 er=18 ed=0 dl=18 dr=18 cl=0 cr=0 ok=5288 fail=0 vofa=firewater rx=866 txdrop=24882
1775110902.9708436,1775110902970843600,6781754673500,HB,1303336,19101.0,1,-1.673,1.168,17.0,17.0,0.0,15.0,15.0,15.0,15.0,17.0,17.0,0,0,,HB tick=1303336 exp_id=245 t_ms=19101 run=1 ts=35.000 as=17.000 ta=0.000 aa=-1.953 se=18.000 so=15.045 ae=1.953 ao=0.176 pwm=15 pc=15 hd=0 y=-1.673 yr=1.168 L=15 R=15 OL=15 OR=15 el=17 er=17 ed=0 dl=17 dr=17 cl=0 cr=0 ok=5289 fail=0 vofa=firewater rx=873 txdrop=24882
1775110903.1381645,1775110903138164600,6781921994600,HB,1303501,19266.0,1,-1.303,1.544,17.0,17.0,0.0,15.0,15.0,15.0,15.0,17.0,17.0,0,0,,HB tick=1303501 exp_id=245 t_ms=19266 run=1 ts=35.000 as=17.000 ta=0.000 aa=-1.680 se=18.000 so=15.082 ae=1.680 ao=0.143 pwm=15 pc=15 hd=0 y=-1.303 yr=1.544 L=15 R=15 OL=15 OR=15 el=17 er=17 ed=0 dl=17 dr=17 cl=0 cr=0 ok=5290 fail=0 vofa=firewater rx=873 txdrop=24882
1775110903.376822,1775110903376822100,6782160652400,HB,1303733,19498.0,1,-1.033,1.412,18.0,18.0,0.0,15.0,15.0,15.0,15.0,18.0,18.0,0,0,,HB tick=1303733 exp_id=245 t_ms=19498 run=1 ts=35.000 as=18.000 ta=0.000 aa=-1.311 se=17.000 so=14.530 ae=1.311 ao=0.080 pwm=15 pc=15 hd=0 y=-1.033 yr=1.412 L=15 R=15 OL=15 OR=15 el=18 er=18 ed=0 dl=18 dr=18 cl=0 cr=0 ok=5291 fail=0 vofa=firewater rx=873 txdrop=24882
1775110903.5951946,1775110903595194500,6782379024500,HB,1303959,19724.0,1,0.009,2.53,18.0,17.0,1.0,15.0,15.0,15.0,15.0,18.0,17.0,0,0,,HB tick=1303959 exp_id=245 t_ms=19724 run=1 ts=35.000 as=17.500 ta=0.000 aa=-1.040 se=17.500 so=14.875 ae=1.040 ao=0.054 pwm=15 pc=15 hd=0 y=0.009 yr=2.530 L=15 R=15 OL=15 OR=15 el=18 er=17 ed=1 dl=18 dr=17 cl=0 cr=0 ok=5292 fail=0 vofa=firewater rx=873 txdrop=24882
1775110903.8028228,1775110903802823000,6782586653100,HB,1304160,19925.0,1,0.157,1.902,17.0,17.0,0.0,15.0,15.0,15.0,15.0,17.0,17.0,0,0,,HB tick=1304160 exp_id=245 t_ms=19925 run=1 ts=35.000 as=17.000 ta=0.000 aa=0.001 se=18.000 so=15.220 ae=-0.001 ao=-0.127 pwm=15 pc=15 hd=0 y=0.157 yr=1.902 L=15 R=15 OL=15 OR=15 el=17 er=17 ed=0 dl=17 dr=17 cl=0 cr=0 ok=5293 fail=0 vofa=firewater rx=873 txdrop=24882
1775110903.9671044,1775110903967104400,6782750934100,HB,1304321,20086.0,1,0.408,1.782,18.0,17.0,1.0,14.0,14.0,14.0,14.0,18.0,17.0,0,0,,HB tick=1304321 exp_id=245 t_ms=20086 run=1 ts=35.000 as=17.500 ta=0.000 aa=0.149 se=17.500 so=14.953 ae=-0.149 ao=-0.113 pwm=14 pc=14 hd=0 y=0.408 yr=1.782 L=14 R=14 OL=14 OR=14 el=18 er=17 ed=1 dl=18 dr=17 cl=0 cr=0 ok=5294 fail=0 vofa=firewater rx=873 txdrop=24882
1775110904.123216,1775110904123216000,6782907045800,STAT,1304465,20230.0,1,0.407874,1.782291,18.0,18.0,0.0,15.0,15.0,15.0,15.0,18.0,18.0,0,0,,STAT tick=1304465 exp_id=245 t_ms=20230 run=1 ts=35.000000 as=18.000000 ta=0.000000 aa=0.400326 se=17.000000 so=14.681974 ae=-0.400326 ao=-0.137154 pwm=15 pc=15 hd=0 y=0.407874 p=-0.363225 r=4.945103 yr=1.782291 ax=0 ay=0 az=0 gx=0 gy=0 gz=0 who=0x85 addr=0x4A icm_ok=6529 icm_fail=0 L=15 R=15 OL=15 OR=15 el=18 er=18 ed=0 dl=18 dr=18 cl=0 cr=0 skp=0.600000 ski=0.012000 skd=0.000000 akp=0.120000 aki=0.000000 akd=0.050000 ok=5295 fail=0 rx=879 txdrop=24882
1775110904.1953862,1775110904195386100,6782979216100,HB,1304556,20321.0,1,0.965,1.988,18.0,17.0,1.0,15.0,15.0,15.0,15.0,18.0,17.0,0,0,,HB tick=1304556 exp_id=245 t_ms=20321 run=1 ts=35.000 as=17.500 ta=0.000 aa=0.400 se=17.500 so=15.001 ae=-0.400 ao=-0.137 pwm=15 pc=15 hd=0 y=0.965 yr=1.988 L=15 R=15 OL=15 OR=15 el=18 er=17 ed=1 dl=18 dr=17 cl=0 cr=0 ok=5295 fail=0 vofa=firewater rx=879 txdrop=24882
1775110904.3617127,1775110904361712700,6783145542300,HB,1304721,20486.0,1,1.518,2.466,18.0,17.0,1.0,15.0,15.0,15.0,15.0,18.0,17.0,0,0,,HB tick=1304721 exp_id=245 t_ms=20486 run=1 ts=35.000 as=17.500 ta=0.000 aa=0.957 se=17.500 so=15.037 ae=-0.957 ao=-0.214 pwm=15 pc=15 hd=0 y=1.518 yr=2.466 L=15 R=15 OL=15 OR=15 el=18 er=17 ed=1 dl=18 dr=17 cl=0 cr=0 ok=5296 fail=0 vofa=firewater rx=879 txdrop=24882
1775110904.5892699,1775110904589269800,6783373099600,HB,1304953,20718.0,1,1.895,2.172,18.0,18.0,0.0,15.0,15.0,15.0,15.0,18.0,18.0,0,0,,HB tick=1304953 exp_id=245 t_ms=20718 run=1 ts=35.000 as=18.000 ta=0.000 aa=1.510 se=17.000 so=14.785 ae=-1.510 ao=-0.305 pwm=15 pc=15 hd=0 y=1.895 yr=2.172 L=15 R=15 OL=15 OR=15 el=18 er=18 ed=0 dl=18 dr=18 cl=0 cr=0 ok=5297 fail=0 vofa=firewater rx=879 txdrop=24882
1775110904.7560446,1775110904756044500,6783539874400,HB,1305118,20883.0,1,2.482,2.657,19.0,17.0,2.0,15.0,15.0,15.0,15.0,19.0,17.0,0,0,,HB tick=1305118 exp_id=245 t_ms=20883 run=1 ts=35.000 as=18.000 ta=0.000 aa=1.888 se=17.000 so=14.818 ae=-1.888 ao=-0.335 pwm=15 pc=15 hd=0 y=2.482 yr=2.657 L=15 R=15 OL=15 OR=15 el=19 er=17 ed=2 dl=19 dr=17 cl=0 cr=0 ok=5298 fail=0 vofa=firewater rx=879 txdrop=24882
1775110904.9847262,1775110904984726200,6783768556000,HB,1305351,21116.0,1,3.058,2.592,17.0,16.0,1.0,15.0,15.0,15.0,15.0,17.0,16.0,0,0,,HB tick=1305351 exp_id=245 t_ms=21116 run=1 ts=35.000 as=16.500 ta=0.000 aa=2.475 se=18.500 so=15.769 ae=-2.475 ao=-0.430 pwm=15 pc=15 hd=0 y=3.058 yr=2.592 L=15 R=15 OL=15 OR=15 el=17 er=16 ed=1 dl=17 dr=16 cl=0 cr=0 ok=5299 fail=0 vofa=firewater rx=879 txdrop=24882
1775110905.1912842,1775110905191284100,6783975114000,HB,1305555,21320.0,1,3.467,2.386,18.0,18.0,0.0,15.0,15.0,15.0,15.0,18.0,18.0,0,0,,HB tick=1305555 exp_id=245 t_ms=21320 run=1 ts=35.000 as=18.000 ta=0.000 aa=3.051 se=17.000 so=14.911 ae=-3.051 ao=-0.496 pwm=15 pc=15 hd=0 y=3.467 yr=2.386 L=15 R=15 OL=15 OR=15 el=18 er=18 ed=0 dl=18 dr=18 cl=0 cr=0 ok=5300 fail=0 vofa=firewater rx=879 txdrop=24882
1775110905.3686094,1775110905368609500,6784152439200,HB,1305720,21485.0,1,4.032,2.75,18.0,17.0,1.0,14.0,16.0,14.0,16.0,18.0,17.0,0,0,,HB tick=1305720 exp_id=245 t_ms=21485 run=1 ts=35.000 as=17.500 ta=0.000 aa=3.459 se=17.500 so=15.246 ae=-3.459 ao=-0.534 pwm=15 pc=15 hd=-1 y=4.032 yr=2.750 L=14 R=16 OL=14 OR=16 el=18 er=17 ed=1 dl=18 dr=17 cl=0 cr=0 ok=5301 fail=0 vofa=firewater rx=879 txdrop=24882
1775110905.5966368,1775110905596636700,6784380466400,HB,1305952,21717.0,1,3.968,1.69,17.0,18.0,-1.0,15.0,17.0,15.0,17.0,17.0,18.0,0,0,,HB tick=1305952 exp_id=245 t_ms=21717 run=1 ts=35.000 as=17.500 ta=0.000 aa=4.025 se=17.500 so=15.295 ae=-4.025 ao=-0.620 pwm=16 pc=16 hd=-1 y=3.968 yr=1.690 L=15 R=17 OL=15 OR=17 el=17 er=18 ed=-1 dl=17 dr=18 cl=0 cr=0 ok=5302 fail=0 vofa=firewater rx=879 txdrop=24882
1775110905.8574681,1775110905857468100,6784641298900,HB,1306161,21926.0,1,3.221,-0.152,16.0,18.0,-2.0,14.0,16.0,14.0,16.0,16.0,18.0,0,0,,HB tick=1306161 exp_id=245 t_ms=21926 run=1 ts=35.000 as=17.000 ta=0.000 aa=3.960 se=18.000 so=15.600 ae=-3.960 ao=-0.560 pwm=15 pc=15 hd=-1 y=3.221 yr=-0.152 L=14 R=16 OL=14 OR=16 el=16 er=18 ed=-2 dl=16 dr=18 cl=0 cr=0 ok=5303 fail=0 vofa=firewater rx=879 txdrop=24882
1775110906.0027778,1775110906002777800,6784786607600,HB,1306367,22132.0,1,2.197,-1.838,17.0,18.0,-1.0,15.0,15.0,15.0,15.0,17.0,18.0,0,0,,HB tick=1306367 exp_id=245 t_ms=22132 run=1 ts=35.000 as=17.500 ta=0.000 aa=3.213 se=17.500 so=15.300 ae=-3.213 ao=-0.378 pwm=15 pc=15 hd=0 y=2.197 yr=-1.838 L=15 R=15 OL=15 OR=15 el=17 er=18 ed=-1 dl=17 dr=18 cl=0 cr=0 ok=5304 fail=0 vofa=firewater rx=879 txdrop=24882
1775110906.2108636,1775110906210863500,6784994694900,HB,1306571,22336.0,1,1.244,-2.837,17.0,18.0,-1.0,15.0,15.0,15.0,15.0,17.0,18.0,0,0,,HB tick=1306571 exp_id=245 t_ms=22336 run=1 ts=35.000 as=17.500 ta=0.000 aa=2.189 se=17.500 so=15.300 ae=-2.189 ao=-0.171 pwm=15 pc=15 hd=0 y=1.244 yr=-2.837 L=15 R=15 OL=15 OR=15 el=17 er=18 ed=-1 dl=17 dr=18 cl=0 cr=0 ok=5305 fail=0 vofa=firewater rx=879 txdrop=24882
1775110906.4089162,1775110906408916100,6785192745900,HB,1306775,22540.0,1,0.501,-3.113,18.0,18.0,0.0,15.0,15.0,15.0,15.0,18.0,18.0,0,0,,HB tick=1306775 exp_id=245 t_ms=22540 run=1 ts=35.000 as=18.000 ta=0.000 aa=1.237 se=17.000 so=15.000 ae=-1.237 ao=-0.007 pwm=15 pc=15 hd=0 y=0.501 yr=-3.113 L=15 R=15 OL=15 OR=15 el=18 er=18 ed=0 dl=18 dr=18 cl=0 cr=0 ok=5306 fail=0 vofa=firewater rx=879 txdrop=24882
1775110906.5856795,1775110906585679500,6785369509100,HB,1306941,22706.0,1,0.005,-3.07,18.0,18.0,0.0,15.0,15.0,15.0,15.0,18.0,18.0,0,0,,HB tick=1306941 exp_id=245 t_ms=22706 run=1 ts=35.000 as=18.000 ta=0.000 aa=0.493 se=17.000 so=15.000 ae=-0.493 ao=0.096 pwm=15 pc=15 hd=0 y=0.005 yr=-3.070 L=15 R=15 OL=15 OR=15 el=18 er=18 ed=0 dl=18 dr=18 cl=0 cr=0 ok=5307 fail=0 vofa=firewater rx=879 txdrop=24882
1775110906.7628717,1775110906762871700,6785546701800,HB,1307129,22894.0,1,-0.122,-2.232,17.0,17.0,0.0,16.0,16.0,16.0,16.0,17.0,17.0,0,0,,HB tick=1307129 exp_id=245 t_ms=22894 run=1 ts=35.000 as=17.000 ta=0.000 aa=-0.003 se=18.000 so=15.600 ae=0.003 ao=0.154 pwm=16 pc=16 hd=0 y=-0.122 yr=-2.232 L=16 R=16 OL=16 OR=16 el=17 er=17 ed=0 dl=17 dr=17 cl=0 cr=0 ok=5308 fail=0 vofa=firewater rx=879 txdrop=24882
1775110907.012744,1775110907012744000,6785796573900,HB,1307378,23143.0,1,-1.401,-3.256,18.0,18.0,0.0,15.0,15.0,15.0,15.0,18.0,18.0,0,0,,HB tick=1307378 exp_id=245 t_ms=23143 run=1 ts=35.000 as=18.000 ta=0.000 aa=-1.409 se=17.000 so=15.000 ae=1.409 ao=0.332 pwm=15 pc=15 hd=0 y=-1.401 yr=-3.256 L=15 R=15 OL=15 OR=15 el=18 er=18 ed=0 dl=18 dr=18 cl=0 cr=0 ok=5309 fail=0 vofa=firewater rx=879 txdrop=24882
1775110907.2205143,1775110907220514300,6786004343900,HB,1307578,23343.0,1,-1.478,-2.25,18.0,19.0,-1.0,15.0,15.0,15.0,15.0,18.0,19.0,0,0,,HB tick=1307578 exp_id=245 t_ms=23343 run=1 ts=35.000 as=18.500 ta=0.000 aa=-1.409 se=16.500 so=14.700 ae=1.409 ao=0.332 pwm=15 pc=15 hd=0 y=-1.478 yr=-2.250 L=15 R=15 OL=15 OR=15 el=18 er=19 ed=-1 dl=18 dr=19 cl=0 cr=0 ok=5310 fail=0 vofa=firewater rx=879 txdrop=24882
1775110907.3769667,1775110907376966600,6786160796200,HB,1307739,23504.0,1,-1.901,-2.381,18.0,19.0,-1.0,15.0,15.0,15.0,15.0,18.0,19.0,0,0,,HB tick=1307739 exp_id=245 t_ms=23504 run=1 ts=35.000 as=18.500 ta=0.000 aa=-1.485 se=16.500 so=14.700 ae=1.485 ao=0.291 pwm=15 pc=15 hd=0 y=-1.901 yr=-2.381 L=15 R=15 OL=15 OR=15 el=18 er=19 ed=-1 dl=18 dr=19 cl=0 cr=0 ok=5311 fail=0 vofa=firewater rx=879 txdrop=24882
1775110907.614654,1775110907614653900,6786398484000,HB,1307972,23736.0,1,-2.32,-2.181,19.0,18.0,1.0,15.0,15.0,15.0,15.0,19.0,18.0,0,0,,HB tick=1307972 exp_id=245 t_ms=23736 run=1 ts=35.000 as=18.500 ta=0.000 aa=-1.908 se=16.500 so=14.700 ae=1.908 ao=0.348 pwm=15 pc=15 hd=0 y=-2.320 yr=-2.181 L=15 R=15 OL=15 OR=15 el=19 er=18 ed=1 dl=19 dr=18 cl=0 cr=0 ok=5312 fail=0 vofa=firewater rx=879 txdrop=24882
1775110907.8216646,1775110907821664600,6786605494300,HB,1308181,23946.0,1,-2.848,-2.297,18.0,18.0,0.0,15.0,15.0,15.0,15.0,18.0,18.0,0,0,,HB tick=1308181 exp_id=245 t_ms=23946 run=1 ts=35.000 as=18.000 ta=0.000 aa=-2.328 se=17.000 so=15.000 ae=2.328 ao=0.388 pwm=15 pc=15 hd=0 y=-2.848 yr=-2.297 L=15 R=15 OL=15 OR=15 el=18 er=18 ed=0 dl=18 dr=18 cl=0 cr=0 ok=5313 fail=0 vofa=firewater rx=879 txdrop=24882
1775110908.0302007,1775110908030200900,6786814030800,HB,1308386,24151.0,1,-3.327,-2.311,18.0,18.0,0.0,15.0,15.0,15.0,15.0,18.0,18.0,0,0,,HB tick=1308386 exp_id=245 t_ms=24151 run=1 ts=35.000 as=18.000 ta=0.000 aa=-2.855 se=17.000 so=15.000 ae=2.855 ao=0.458 pwm=15 pc=15 hd=0 y=-3.327 yr=-2.311 L=15 R=15 OL=15 OR=15 el=18 er=18 ed=0 dl=18 dr=18 cl=0 cr=0 ok=5314 fail=0 vofa=firewater rx=879 txdrop=24882
1775110908.2381678,1775110908238167800,6787021997800,HB,1308590,24355.0,1,-3.851,-2.401,19.0,18.0,1.0,16.0,14.0,16.0,14.0,19.0,18.0,0,0,,HB tick=1308590 exp_id=245 t_ms=24355 run=1 ts=35.000 as=18.500 ta=0.000 aa=-3.334 se=16.500 so=14.700 ae=3.334 ao=0.516 pwm=15 pc=15 hd=1 y=-3.851 yr=-2.401 L=16 R=14 OL=16 OR=14 el=19 er=18 ed=1 dl=19 dr=18 cl=0 cr=0 ok=5315 fail=0 vofa=firewater rx=879 txdrop=24882
1775110908.436418,1775110908436418000,6787220247900,HB,1308795,24560.0,1,-3.684,-1.276,19.0,18.0,1.0,16.0,14.0,16.0,14.0,19.0,18.0,0,0,,HB tick=1308795 exp_id=245 t_ms=24560 run=1 ts=35.000 as=18.500 ta=0.000 aa=-3.858 se=16.500 so=14.700 ae=3.858 ao=0.583 pwm=15 pc=15 hd=1 y=-3.684 yr=-1.276 L=16 R=14 OL=16 OR=14 el=19 er=18 ed=1 dl=19 dr=18 cl=0 cr=0 ok=5316 fail=0 vofa=firewater rx=879 txdrop=24882
1775110908.7875478,1775110908787547800,6787571378800,HB,1309004,24769.0,1,-1.819,2.294,19.0,16.0,3.0,16.0,14.0,16.0,14.0,19.0,16.0,0,0,,HB tick=1309004 exp_id=245 t_ms=24769 run=1 ts=35.000 as=17.500 ta=0.000 aa=-3.692 se=17.500 so=15.300 ae=3.692 ao=0.507 pwm=15 pc=15 hd=1 y=-1.819 yr=2.294 L=16 R=14 OL=16 OR=14 el=19 er=16 ed=3 dl=19 dr=16 cl=0 cr=0 ok=5317 fail=0 vofa=firewater rx=879 txdrop=24882
1775110908.8611681,1775110908861168000,6787644997800,HB,1309224,24989.0,1,2.846,8.913,19.0,17.0,2.0,15.0,15.0,15.0,15.0,19.0,17.0,0,0,,HB tick=1309224 exp_id=245 t_ms=24989 run=1 ts=35.000 as=18.000 ta=0.000 aa=-1.827 se=17.000 so=15.000 ae=1.827 ao=0.104 pwm=15 pc=15 hd=0 y=2.846 yr=8.913 L=15 R=15 OL=15 OR=15 el=19 er=17 ed=2 dl=19 dr=17 cl=0 cr=0 ok=5318 fail=0 vofa=firewater rx=879 txdrop=24882
1775110909.016732,1775110909016731900,6787800561800,HB,1309379,25144.0,1,3.259,6.724,17.0,18.0,-1.0,14.0,16.0,14.0,16.0,17.0,18.0,0,0,,HB tick=1309379 exp_id=245 t_ms=25144 run=1 ts=35.000 as=17.500 ta=0.000 aa=2.839 se=17.500 so=15.300 ae=-2.839 ao=-0.786 pwm=15 pc=15 hd=-1 y=3.259 yr=6.724 L=14 R=16 OL=14 OR=16 el=17 er=18 ed=-1 dl=17 dr=18 cl=0 cr=0 ok=5319 fail=0 vofa=firewater rx=879 txdrop=24882
1775110909.2039826,1775110909203982700,6787987812200,HB,1309568,25333.0,1,3.477,4.776,17.0,17.0,0.0,15.0,17.0,15.0,17.0,17.0,17.0,0,0,,HB tick=1309568 exp_id=245 t_ms=25333 run=1 ts=35.000 as=17.000 ta=0.000 aa=3.251 se=18.000 so=15.600 ae=-3.251 ao=-0.726 pwm=16 pc=16 hd=-1 y=3.477 yr=4.776 L=15 R=17 OL=15 OR=17 el=17 er=17 ed=0 dl=17 dr=17 cl=0 cr=0 ok=5320 fail=0 vofa=firewater rx=879 txdrop=24882
1775110909.4331794,1775110909433179500,6788217009400,HB,1309800,25565.0,1,4.796,5.095,18.0,18.0,0.0,14.0,16.0,14.0,16.0,18.0,18.0,0,0,,HB tick=1309800 exp_id=245 t_ms=25565 run=1 ts=35.000 as=18.000 ta=0.000 aa=3.470 se=17.000 so=15.000 ae=-3.470 ao=-0.655 pwm=15 pc=15 hd=-1 y=4.796 yr=5.095 L=14 R=16 OL=14 OR=16 el=18 er=18 ed=0 dl=18 dr=18 cl=0 cr=0 ok=5321 fail=0 vofa=firewater rx=879 txdrop=24882
1775110909.599652,1775110909599652200,6788383482200,HB,1309961,25726.0,1,4.624,2.936,18.0,18.0,0.0,14.0,16.0,14.0,16.0,18.0,18.0,0,0,,HB tick=1309961 exp_id=245 t_ms=25726 run=1 ts=35.000 as=18.000 ta=0.000 aa=4.789 se=17.000 so=15.000 ae=-4.789 ao=-0.829 pwm=15 pc=15 hd=-1 y=4.624 yr=2.936 L=14 R=16 OL=14 OR=16 el=18 er=18 ed=0 dl=18 dr=18 cl=0 cr=0 ok=5322 fail=0 vofa=firewater rx=879 txdrop=24882
1775110909.8368623,1775110909836862100,6788620691700,HB,1310193,25958.0,1,3.849,0.739,17.0,19.0,-2.0,14.0,16.0,14.0,16.0,17.0,19.0,0,0,,HB tick=1310193 exp_id=245 t_ms=25958 run=1 ts=35.000 as=18.000 ta=0.000 aa=4.616 se=17.000 so=15.000 ae=-4.616 ao=-0.701 pwm=15 pc=15 hd=-1 y=3.849 yr=0.739 L=14 R=16 OL=14 OR=16 el=17 er=19 ed=-2 dl=17 dr=19 cl=0 cr=0 ok=5323 fail=0 vofa=firewater rx=879 txdrop=24882
1775110909.9920182,1775110909992018200,6788775847900,HB,1310358,26123.0,1,2.634,-2.096,18.0,19.0,-1.0,15.0,15.0,15.0,15.0,18.0,19.0,0,0,,HB tick=1310358 exp_id=245 t_ms=26123 run=1 ts=35.000 as=18.500 ta=0.000 aa=3.841 se=16.500 so=14.700 ae=-3.841 ao=-0.498 pwm=15 pc=15 hd=0 y=2.634 yr=-2.096 L=15 R=15 OL=15 OR=15 el=18 er=19 ed=-1 dl=18 dr=19 cl=0 cr=0 ok=5324 fail=0 vofa=firewater rx=879 txdrop=24882
1775110910.2297168,1775110910229716800,6789013546500,HB,1310590,26355.0,1,1.539,-3.015,18.0,18.0,0.0,15.0,15.0,15.0,15.0,18.0,18.0,0,0,,HB tick=1310590 exp_id=245 t_ms=26355 run=1 ts=35.000 as=18.000 ta=0.000 aa=2.626 se=17.000 so=15.000 ae=-2.626 ao=-0.210 pwm=15 pc=15 hd=0 y=1.539 yr=-3.015 L=15 R=15 OL=15 OR=15 el=18 er=18 ed=0 dl=18 dr=18 cl=0 cr=0 ok=5325 fail=0 vofa=firewater rx=879 txdrop=24882
1775110910.4389808,1775110910438980900,6789222811300,HB,1310799,26564.0,1,0.948,-2.948,18.0,18.0,0.0,15.0,15.0,15.0,15.0,18.0,18.0,0,0,,HB tick=1310799 exp_id=245 t_ms=26564 run=1 ts=35.000 as=18.000 ta=0.000 aa=1.531 se=17.000 so=15.000 ae=-1.531 ao=-0.033 pwm=15 pc=15 hd=0 y=0.948 yr=-2.948 L=15 R=15 OL=15 OR=15 el=18 er=18 ed=0 dl=18 dr=18 cl=0 cr=0 ok=5326 fail=0 vofa=firewater rx=879 txdrop=24882
1775110910.6465845,1775110910646584600,6789430414500,HB,1311005,26770.0,1,0.432,-2.799,18.0,18.0,0.0,15.0,15.0,15.0,15.0,18.0,18.0,0,0,,HB tick=1311005 exp_id=245 t_ms=26770 run=1 ts=35.000 as=18.000 ta=0.000 aa=0.941 se=17.000 so=15.000 ae=-0.941 ao=0.034 pwm=15 pc=15 hd=0 y=0.432 yr=-2.799 L=15 R=15 OL=15 OR=15 el=18 er=18 ed=0 dl=18 dr=18 cl=0 cr=0 ok=5327 fail=0 vofa=firewater rx=879 txdrop=24882
1775110910.8541641,1775110910854164200,6789637994000,HB,1311209,26974.0,1,-0.026,-2.601,17.0,18.0,-1.0,15.0,15.0,15.0,15.0,17.0,18.0,0,0,,HB tick=1311209 exp_id=245 t_ms=26974 run=1 ts=35.000 as=17.500 ta=0.000 aa=0.424 se=17.500 so=15.300 ae=-0.424 ao=0.089 pwm=15 pc=15 hd=0 y=-0.026 yr=-2.601 L=15 R=15 OL=15 OR=15 el=17 er=18 ed=-1 dl=17 dr=18 cl=0 cr=0 ok=5328 fail=0 vofa=firewater rx=879 txdrop=24882
1775110911.010624,1775110911010623900,6789794453500,HB,1311370,27135.0,1,-0.297,-2.279,18.0,18.0,0.0,16.0,16.0,16.0,16.0,18.0,18.0,0,0,,HB tick=1311370 exp_id=245 t_ms=27135 run=1 ts=35.000 as=18.000 ta=0.000 aa=-0.034 se=17.000 so=15.000 ae=0.034 ao=0.134 pwm=16 pc=16 hd=0 y=-0.297 yr=-2.279 L=16 R=16 OL=16 OR=16 el=18 er=18 ed=0 dl=18 dr=18 cl=0 cr=0 ok=5329 fail=0 vofa=firewater rx=879 txdrop=24882
1775110911.2388396,1775110911238839600,6790022669500,HB,1311602,27367.0,1,-0.896,-2.385,18.0,18.0,0.0,15.0,15.0,15.0,15.0,18.0,18.0,0,0,,HB tick=1311602 exp_id=245 t_ms=27367 run=1 ts=35.000 as=18.000 ta=0.000 aa=-0.304 se=17.000 so=15.000 ae=0.304 ao=0.150 pwm=15 pc=15 hd=0 y=-0.896 yr=-2.385 L=15 R=15 OL=15 OR=15 el=18 er=18 ed=0 dl=18 dr=18 cl=0 cr=0 ok=5330 fail=0 vofa=firewater rx=879 txdrop=24882
1775110911.445586,1775110911445585800,6790229415600,HB,1311807,27572.0,1,-1.309,-2.256,17.0,17.0,0.0,16.0,16.0,16.0,16.0,17.0,17.0,0,0,,HB tick=1311807 exp_id=245 t_ms=27572 run=1 ts=35.000 as=17.000 ta=0.000 aa=-0.903 se=18.000 so=15.600 ae=0.903 ao=0.228 pwm=16 pc=16 hd=0 y=-1.309 yr=-2.256 L=16 R=16 OL=16 OR=16 el=17 er=17 ed=0 dl=17 dr=17 cl=0 cr=0 ok=5331 fail=0 vofa=firewater rx=879 txdrop=24882
1775110911.603762,1775110911603762000,6790387592000,HB,1311968,27733.0,1,-1.519,-1.922,18.0,19.0,-1.0,15.0,15.0,15.0,15.0,18.0,19.0,0,0,,HB tick=1311968 exp_id=245 t_ms=27733 run=1 ts=35.000 as=18.500 ta=0.000 aa=-1.317 se=16.500 so=14.700 ae=1.317 ao=0.271 pwm=15 pc=15 hd=0 y=-1.519 yr=-1.922 L=15 R=15 OL=15 OR=15 el=18 er=19 ed=-1 dl=18 dr=19 cl=0 cr=0 ok=5332 fail=0 vofa=firewater rx=879 txdrop=24882
1775110911.8418076,1775110911841807600,6790625637400,HB,1312200,27965.0,1,-2.032,-2.024,17.0,18.0,-1.0,15.0,15.0,15.0,15.0,17.0,18.0,0,0,,HB tick=1312200 exp_id=245 t_ms=27965 run=1 ts=35.000 as=17.500 ta=0.000 aa=-1.527 se=17.500 so=15.300 ae=1.527 ao=0.279 pwm=15 pc=15 hd=0 y=-2.032 yr=-2.024 L=15 R=15 OL=15 OR=15 el=17 er=18 ed=-1 dl=17 dr=18 cl=0 cr=0 ok=5333 fail=0 vofa=firewater rx=879 txdrop=24882
1775110912.0392203,1775110912039220200,6790823050300,HB,1312405,28170.0,1,-2.46,-2.045,17.0,17.0,0.0,16.0,16.0,16.0,16.0,17.0,17.0,0,0,,HB tick=1312405 exp_id=245 t_ms=28170 run=1 ts=35.000 as=17.000 ta=0.000 aa=-2.040 se=18.000 so=15.600 ae=2.040 ao=0.346 pwm=16 pc=16 hd=0 y=-2.460 yr=-2.045 L=16 R=16 OL=16 OR=16 el=17 er=17 ed=0 dl=17 dr=17 cl=0 cr=0 ok=5334 fail=0 vofa=firewater rx=879 txdrop=24882
1775110912.247285,1775110912247285100,6791031115500,HB,1312609,28374.0,1,-2.86,-2.016,18.0,19.0,-1.0,15.0,15.0,15.0,15.0,18.0,19.0,0,0,,HB tick=1312609 exp_id=245 t_ms=28374 run=1 ts=35.000 as=18.500 ta=0.000 aa=-2.467 se=16.500 so=14.700 ae=2.467 ao=0.398 pwm=15 pc=15 hd=0 y=-2.860 yr=-2.016 L=15 R=15 OL=15 OR=15 el=18 er=19 ed=-1 dl=18 dr=19 cl=0 cr=0 ok=5335 fail=0 vofa=firewater rx=879 txdrop=24882
1775110912.4544291,1775110912454429300,6791238259300,HB,1312818,28583.0,1,-3.395,-2.207,17.0,18.0,-1.0,15.0,15.0,15.0,15.0,17.0,18.0,0,0,,HB tick=1312818 exp_id=245 t_ms=28583 run=1 ts=35.000 as=17.500 ta=0.000 aa=-2.867 se=17.500 so=15.300 ae=2.867 ao=0.445 pwm=15 pc=15 hd=0 y=-3.395 yr=-2.207 L=15 R=15 OL=15 OR=15 el=17 er=18 ed=-1 dl=17 dr=18 cl=0 cr=0 ok=5336 fail=0 vofa=firewater rx=879 txdrop=24882
1775110912.6620119,1775110912662012000,6791445841800,HB,1313023,28788.0,1,-3.744,-2.031,17.0,17.0,0.0,17.0,15.0,17.0,15.0,17.0,17.0,0,0,,HB tick=1313023 exp_id=245 t_ms=28788 run=1 ts=35.000 as=17.000 ta=0.000 aa=-3.403 se=18.000 so=15.600 ae=3.403 ao=0.519 pwm=16 pc=16 hd=1 y=-3.744 yr=-2.031 L=17 R=15 OL=17 OR=15 el=17 er=17 ed=0 dl=17 dr=17 cl=0 cr=0 ok=5337 fail=0 vofa=firewater rx=879 txdrop=24882
1775110912.869067,1775110912869066900,6791652896800,HB,1313227,28992.0,1,-3.64,-1.141,18.0,18.0,0.0,16.0,14.0,16.0,14.0,18.0,18.0,0,0,,HB tick=1313227 exp_id=245 t_ms=28992 run=1 ts=35.000 as=18.000 ta=0.000 aa=-3.752 se=17.000 so=15.000 ae=3.752 ao=0.552 pwm=15 pc=15 hd=1 y=-3.640 yr=-1.141 L=16 R=14 OL=16 OR=14 el=18 er=18 ed=0 dl=18 dr=18 cl=0 cr=0 ok=5338 fail=0 vofa=firewater rx=879 txdrop=24882
1775110913.0660765,1775110913066076400,6791849906600,HB,1313432,29197.0,1,-3.108,0.167,18.0,18.0,0.0,15.0,15.0,15.0,15.0,18.0,18.0,0,0,,HB tick=1313432 exp_id=245 t_ms=29197 run=1 ts=35.000 as=18.000 ta=0.000 aa=-3.647 se=17.000 so=15.000 ae=3.647 ao=0.495 pwm=15 pc=15 hd=0 y=-3.108 yr=0.167 L=15 R=15 OL=15 OR=15 el=18 er=18 ed=0 dl=18 dr=18 cl=0 cr=0 ok=5339 fail=0 vofa=firewater rx=879 txdrop=24882
1775110913.2338336,1775110913233833500,6792017664600,HB,1313597,29362.0,1,-2.509,1.378,17.0,17.0,0.0,16.0,16.0,16.0,16.0,17.0,17.0,0,0,,HB tick=1313597 exp_id=245 t_ms=29362 run=1 ts=35.000 as=17.000 ta=0.000 aa=-3.115 se=18.000 so=15.600 ae=3.115 ao=0.365 pwm=16 pc=16 hd=0 y=-2.509 yr=1.378 L=16 R=16 OL=16 OR=16 el=17 er=17 ed=0 dl=17 dr=17 cl=0 cr=0 ok=5340 fail=0 vofa=firewater rx=879 txdrop=24882
1775110913.4627228,1775110913462722700,6792246552300,HB,1313828,29593.0,1,-2.029,1.623,18.0,18.0,0.0,15.0,15.0,15.0,15.0,18.0,18.0,0,0,,HB tick=1313828 exp_id=245 t_ms=29593 run=1 ts=35.000 as=18.000 ta=0.000 aa=-2.517 se=17.000 so=15.000 ae=2.517 ao=0.233 pwm=15 pc=15 hd=0 y=-2.029 yr=1.623 L=15 R=15 OL=15 OR=15 el=18 er=18 ed=0 dl=18 dr=18 cl=0 cr=0 ok=5341 fail=0 vofa=firewater rx=879 txdrop=24882
1775110913.6799736,1775110913679973600,6792463803300,HB,1314038,29803.0,1,-1.927,1.225,17.0,18.0,-1.0,15.0,15.0,15.0,15.0,17.0,18.0,0,0,,HB tick=1314038 exp_id=245 t_ms=29803 run=1 ts=35.000 as=17.500 ta=0.000 aa=-2.037 se=17.500 so=15.300 ae=2.037 ao=0.163 pwm=15 pc=15 hd=0 y=-1.927 yr=1.225 L=15 R=15 OL=15 OR=15 el=17 er=18 ed=-1 dl=17 dr=18 cl=0 cr=0 ok=5342 fail=0 vofa=firewater rx=879 txdrop=24882
1775110913.8778963,1775110913877896100,6792661725700,HB,1314244,30009.0,1,-1.805,1.004,17.0,17.0,0.0,16.0,16.0,16.0,16.0,17.0,17.0,0,0,,HB tick=1314244 exp_id=245 t_ms=30009 run=1 ts=35.000 as=17.000 ta=0.000 aa=-1.935 se=18.000 so=15.600 ae=1.935 ao=0.171 pwm=16 pc=16 hd=0 y=-1.805 yr=1.004 L=16 R=16 OL=16 OR=16 el=17 er=17 ed=0 dl=17 dr=17 cl=0 cr=0 ok=5343 fail=0 vofa=firewater rx=879 txdrop=24882
1775110914.0851939,1775110914085194000,6792869024000,HB,1314448,30213.0,1,-1.895,0.498,18.0,18.0,0.0,15.0,15.0,15.0,15.0,18.0,18.0,0,0,,HB tick=1314448 exp_id=245 t_ms=30213 run=1 ts=35.000 as=18.000 ta=0.000 aa=-1.813 se=17.000 so=15.000 ae=1.813 ao=0.167 pwm=15 pc=15 hd=0 y=-1.895 yr=0.498 L=15 R=15 OL=15 OR=15 el=18 er=18 ed=0 dl=18 dr=18 cl=0 cr=0 ok=5344 fail=0 vofa=firewater rx=879 txdrop=24882
1775110914.2913501,1775110914291350100,6793075180000,HB,1314658,30423.0,1,-1.669,0.701,18.0,18.0,0.0,15.0,15.0,15.0,15.0,18.0,18.0,0,0,,HB tick=1314658 exp_id=245 t_ms=30423 run=1 ts=35.000 as=18.000 ta=0.000 aa=-1.903 se=17.000 so=15.000 ae=1.903 ao=0.203 pwm=15 pc=15 hd=0 y=-1.669 yr=0.701 L=15 R=15 OL=15 OR=15 el=18 er=18 ed=0 dl=18 dr=18 cl=0 cr=0 ok=5345 fail=0 vofa=firewater rx=879 txdrop=24882
1775110914.4998858,1775110914499885700,6793283715600,HB,1314863,30628.0,1,-1.33,1.034,17.0,17.0,0.0,16.0,16.0,16.0,16.0,17.0,17.0,0,0,,HB tick=1314863 exp_id=245 t_ms=30628 run=1 ts=35.000 as=17.000 ta=0.000 aa=-1.676 se=18.000 so=15.600 ae=1.676 ao=0.166 pwm=16 pc=16 hd=0 y=-1.330 yr=1.034 L=16 R=16 OL=16 OR=16 el=17 er=17 ed=0 dl=17 dr=17 cl=0 cr=0 ok=5346 fail=0 vofa=firewater rx=879 txdrop=24882
1775110914.7075117,1775110914707511600,6793491341400,HB,1315067,30832.0,1,-1.184,0.923,18.0,19.0,-1.0,15.0,15.0,15.0,15.0,18.0,19.0,0,0,,HB tick=1315067 exp_id=245 t_ms=30832 run=1 ts=35.000 as=18.500 ta=0.000 aa=-1.338 se=16.500 so=14.700 ae=1.338 ao=0.109 pwm=15 pc=15 hd=0 y=-1.184 yr=0.923 L=15 R=15 OL=15 OR=15 el=18 er=19 ed=-1 dl=18 dr=19 cl=0 cr=0 ok=5347 fail=0 vofa=firewater rx=879 txdrop=24882
1775110914.9163387,1775110914916338600,6793700168500,HB,1315277,31042.0,1,-0.909,1.058,18.0,18.0,0.0,15.0,15.0,15.0,15.0,18.0,18.0,0,0,,HB tick=1315277 exp_id=245 t_ms=31042 run=1 ts=35.000 as=18.000 ta=0.000 aa=-1.191 se=17.000 so=15.000 ae=1.191 ao=0.097 pwm=15 pc=15 hd=0 y=-0.909 yr=1.058 L=15 R=15 OL=15 OR=15 el=18 er=18 ed=0 dl=18 dr=18 cl=0 cr=0 ok=5348 fail=0 vofa=firewater rx=879 txdrop=24882
1775110915.1240335,1775110915124033500,6793907863600,HB,1315481,31246.0,1,-0.571,1.267,18.0,17.0,1.0,15.0,15.0,15.0,15.0,18.0,17.0,0,0,,HB tick=1315481 exp_id=245 t_ms=31246 run=1 ts=35.000 as=17.500 ta=0.000 aa=-0.917 se=17.500 so=15.300 ae=0.917 ao=0.057 pwm=15 pc=15 hd=0 y=-0.571 yr=1.267 L=15 R=15 OL=15 OR=15 el=18 er=17 ed=1 dl=18 dr=17 cl=0 cr=0 ok=5349 fail=0 vofa=firewater rx=879 txdrop=24882
1775110915.3212993,1775110915321299300,6794105128900,HB,1315686,31451.0,1,-0.777,0.472,18.0,18.0,0.0,15.0,15.0,15.0,15.0,18.0,18.0,0,0,,HB tick=1315686 exp_id=245 t_ms=31451 run=1 ts=35.000 as=18.000 ta=0.000 aa=-0.579 se=17.000 so=15.000 ae=0.579 ao=0.006 pwm=15 pc=15 hd=0 y=-0.777 yr=0.472 L=15 R=15 OL=15 OR=15 el=18 er=18 ed=0 dl=18 dr=18 cl=0 cr=0 ok=5350 fail=0 vofa=firewater rx=879 txdrop=24882
1775110915.4883158,1775110915488315900,6794272145900,HB,1315846,31611.0,1,-0.657,0.571,18.0,18.0,0.0,15.0,15.0,15.0,15.0,18.0,18.0,0,0,,HB tick=1315846 exp_id=245 t_ms=31611 run=1 ts=35.000 as=18.000 ta=0.000 aa=-0.785 se=17.000 so=15.000 ae=0.785 ao=0.071 pwm=15 pc=15 hd=0 y=-0.657 yr=0.571 L=15 R=15 OL=15 OR=15 el=18 er=18 ed=0 dl=18 dr=18 cl=0 cr=0 ok=5351 fail=0 vofa=firewater rx=879 txdrop=24882
1775110915.7163029,1775110915716302800,6794500132600,HB,1316079,31844.0,1,-0.687,0.326,18.0,17.0,1.0,15.0,15.0,15.0,15.0,18.0,17.0,0,0,,HB tick=1316079 exp_id=245 t_ms=31844 run=1 ts=35.000 as=17.500 ta=0.000 aa=-0.664 se=17.500 so=15.300 ae=0.664 ao=0.051 pwm=15 pc=15 hd=0 y=-0.687 yr=0.326 L=15 R=15 OL=15 OR=15 el=18 er=17 ed=1 dl=18 dr=17 cl=0 cr=0 ok=5352 fail=0 vofa=firewater rx=879 txdrop=24882
1775110915.92342,1775110915923419900,6794707249900,HB,1316283,32048.0,1,-0.752,0.1,17.0,18.0,-1.0,15.0,15.0,15.0,15.0,17.0,18.0,0,0,,HB tick=1316283 exp_id=245 t_ms=32048 run=1 ts=35.000 as=17.500 ta=0.000 aa=-0.694 se=17.500 so=15.300 ae=0.694 ao=0.067 pwm=15 pc=15 hd=0 y=-0.752 yr=0.100 L=15 R=15 OL=15 OR=15 el=17 er=18 ed=-1 dl=17 dr=18 cl=0 cr=0 ok=5353 fail=0 vofa=firewater rx=879 txdrop=24882
1775110916.1198864,1775110916119886300,6794903716700,HB,1316487,32252.0,1,-0.581,0.358,17.0,18.0,-1.0,15.0,15.0,15.0,15.0,17.0,18.0,0,0,,HB tick=1316487 exp_id=245 t_ms=32252 run=1 ts=35.000 as=17.500 ta=0.000 aa=-0.760 se=17.500 so=15.300 ae=0.760 ao=0.086 pwm=15 pc=15 hd=0 y=-0.581 yr=0.358 L=15 R=15 OL=15 OR=15 el=17 er=18 ed=-1 dl=17 dr=18 cl=0 cr=0 ok=5354 fail=0 vofa=firewater rx=879 txdrop=24882
1775110916.337882,1775110916337882100,6795121711900,HB,1316697,32462.0,1,-0.59,0.217,17.0,17.0,0.0,16.0,16.0,16.0,16.0,17.0,17.0,0,0,,HB tick=1316697 exp_id=245 t_ms=32462 run=1 ts=35.000 as=17.000 ta=0.000 aa=-0.589 se=18.000 so=15.600 ae=0.589 ao=0.053 pwm=16 pc=16 hd=0 y=-0.590 yr=0.217 L=16 R=16 OL=16 OR=16 el=17 er=17 ed=0 dl=17 dr=17 cl=0 cr=0 ok=5355 fail=0 vofa=firewater rx=879 txdrop=24882
1775110916.535261,1775110916535261000,6795319090900,HB,1316902,32667.0,1,-0.889,-0.368,17.0,18.0,-1.0,15.0,15.0,15.0,15.0,17.0,18.0,0,0,,HB tick=1316902 exp_id=245 t_ms=32667 run=1 ts=35.000 as=17.500 ta=0.000 aa=-0.598 se=17.500 so=15.300 ae=0.598 ao=0.061 pwm=15 pc=15 hd=0 y=-0.889 yr=-0.368 L=15 R=15 OL=15 OR=15 el=17 er=18 ed=-1 dl=17 dr=18 cl=0 cr=0 ok=5356 fail=0 vofa=firewater rx=879 txdrop=24882
1775110916.743301,1775110916743300800,6795527131000,HB,1317106,32871.0,1,-0.794,-0.076,18.0,18.0,0.0,15.0,15.0,15.0,15.0,18.0,18.0,0,0,,HB tick=1317106 exp_id=245 t_ms=32871 run=1 ts=35.000 as=18.000 ta=0.000 aa=-0.896 se=17.000 so=15.000 ae=0.896 ao=0.126 pwm=15 pc=15 hd=0 y=-0.794 yr=-0.076 L=15 R=15 OL=15 OR=15 el=18 er=18 ed=0 dl=18 dr=18 cl=0 cr=0 ok=5357 fail=0 vofa=firewater rx=879 txdrop=24882
1775110916.9495394,1775110916949539400,6795733369000,HB,1317311,33075.0,1,-0.965,-0.344,17.0,17.0,0.0,15.0,15.0,15.0,15.0,17.0,17.0,0,0,,HB tick=1317311 exp_id=245 t_ms=33075 run=1 ts=35.000 as=17.000 ta=0.000 aa=-0.801 se=18.000 so=15.600 ae=0.801 ao=0.100 pwm=15 pc=15 hd=0 y=-0.965 yr=-0.344 L=15 R=15 OL=15 OR=15 el=17 er=17 ed=0 dl=17 dr=17 cl=0 cr=0 ok=5358 fail=0 vofa=firewater rx=879 txdrop=24882
1775110917.1154916,1775110917115491500,6795899321600,HB,1317476,33241.0,1,-1.201,-0.721,18.0,18.0,0.0,15.0,15.0,15.0,15.0,18.0,18.0,0,0,,HB tick=1317476 exp_id=245 t_ms=33241 run=1 ts=35.000 as=18.000 ta=0.000 aa=-0.973 se=17.000 so=15.000 ae=0.973 ao=0.134 pwm=15 pc=15 hd=0 y=-1.201 yr=-0.721 L=15 R=15 OL=15 OR=15 el=18 er=18 ed=0 dl=18 dr=18 cl=0 cr=0 ok=5359 fail=0 vofa=firewater rx=879 txdrop=24882
1775110917.3642323,1775110917364232200,6796148062100,HB,1317729,33494.0,1,-1.665,-1.11,18.0,18.0,0.0,15.0,15.0,15.0,15.0,18.0,18.0,0,0,,HB tick=1317729 exp_id=245 t_ms=33494 run=1 ts=35.000 as=18.000 ta=0.000 aa=-1.209 se=17.000 so=15.000 ae=1.209 ao=0.181 pwm=15 pc=15 hd=0 y=-1.665 yr=-1.110 L=15 R=15 OL=15 OR=15 el=18 er=18 ed=0 dl=18 dr=18 cl=0 cr=0 ok=5360 fail=0 vofa=firewater rx=879 txdrop=24882
1775110917.5198376,1775110917519837600,6796303667300,HB,1317885,33650.0,1,-1.699,-0.798,17.0,17.0,0.0,16.0,16.0,16.0,16.0,17.0,17.0,0,0,,HB tick=1317885 exp_id=245 t_ms=33650 run=1 ts=35.000 as=17.000 ta=0.000 aa=-1.673 se=18.000 so=15.600 ae=1.673 ao=0.256 pwm=16 pc=16 hd=0 y=-1.699 yr=-0.798 L=16 R=16 OL=16 OR=16 el=17 er=17 ed=0 dl=17 dr=17 cl=0 cr=0 ok=5361 fail=0 vofa=firewater rx=879 txdrop=24882
1775110917.7574074,1775110917757407600,6796541237300,HB,1318117,33882.0,1,-1.931,-0.869,18.0,17.0,1.0,15.0,15.0,15.0,15.0,18.0,17.0,0,0,,HB tick=1318117 exp_id=245 t_ms=33882 run=1 ts=35.000 as=17.500 ta=0.000 aa=-1.707 se=17.500 so=15.300 ae=1.707 ao=0.245 pwm=15 pc=15 hd=0 y=-1.931 yr=-0.869 L=15 R=15 OL=15 OR=15 el=18 er=17 ed=1 dl=18 dr=17 cl=0 cr=0 ok=5362 fail=0 vofa=firewater rx=879 txdrop=24882
1775110917.9113953,1775110917911395300,6796695225200,HB,1318278,34043.0,1,-2.171,-1.087,18.0,18.0,0.0,15.0,15.0,15.0,15.0,18.0,18.0,0,0,,HB tick=1318278 exp_id=245 t_ms=34043 run=1 ts=35.000 as=18.000 ta=0.000 aa=-1.939 se=17.000 so=15.000 ae=1.939 ao=0.276 pwm=15 pc=15 hd=0 y=-2.171 yr=-1.087 L=15 R=15 OL=15 OR=15 el=18 er=18 ed=0 dl=18 dr=18 cl=0 cr=0 ok=5363 fail=0 vofa=firewater rx=879 txdrop=24882
1775110918.1515877,1775110918151587800,6796935417500,HB,1318510,34275.0,1,-2.502,-1.205,17.0,18.0,-1.0,15.0,15.0,15.0,15.0,17.0,18.0,0,0,,HB tick=1318510 exp_id=245 t_ms=34275 run=1 ts=35.000 as=17.500 ta=0.000 aa=-2.179 se=17.500 so=15.300 ae=2.179 ao=0.316 pwm=15 pc=15 hd=0 y=-2.502 yr=-1.205 L=15 R=15 OL=15 OR=15 el=17 er=18 ed=-1 dl=17 dr=18 cl=0 cr=0 ok=5364 fail=0 vofa=firewater rx=879 txdrop=24882
1775110918.3167195,1775110918316719600,6797100550100,HB,1318674,34439.0,1,-2.681,-1.165,18.0,18.0,0.0,15.0,15.0,15.0,15.0,18.0,18.0,0,0,,HB tick=1318674 exp_id=245 t_ms=34439 run=1 ts=35.000 as=18.000 ta=0.000 aa=-2.509 se=17.000 so=15.000 ae=2.509 ao=0.361 pwm=15 pc=15 hd=0 y=-2.681 yr=-1.165 L=15 R=15 OL=15 OR=15 el=18 er=18 ed=0 dl=18 dr=18 cl=0 cr=0 ok=5365 fail=0 vofa=firewater rx=879 txdrop=24882
1775110918.5439043,1775110918543904200,6797327734200,HB,1318907,34672.0,1,-3.01,-1.251,18.0,17.0,1.0,15.0,15.0,15.0,15.0,18.0,17.0,0,0,,HB tick=1318907 exp_id=245 t_ms=34672 run=1 ts=35.000 as=17.500 ta=0.000 aa=-2.688 se=17.500 so=15.300 ae=2.688 ao=0.381 pwm=15 pc=15 hd=0 y=-3.010 yr=-1.251 L=15 R=15 OL=15 OR=15 el=18 er=17 ed=1 dl=18 dr=17 cl=0 cr=0 ok=5366 fail=0 vofa=firewater rx=879 txdrop=24882
1775110918.7507348,1775110918750734800,6797534564500,HB,1319116,34881.0,1,-3.2,-1.133,17.0,17.0,0.0,16.0,16.0,16.0,16.0,17.0,17.0,0,0,,HB tick=1319116 exp_id=245 t_ms=34881 run=1 ts=35.000 as=17.000 ta=0.000 aa=-3.017 se=18.000 so=15.600 ae=3.017 ao=0.425 pwm=16 pc=16 hd=0 y=-3.200 yr=-1.133 L=16 R=16 OL=16 OR=16 el=17 er=17 ed=0 dl=17 dr=17 cl=0 cr=0 ok=5367 fail=0 vofa=firewater rx=879 txdrop=24882
1775110918.9578488,1775110918957848800,6797741678500,HB,1319321,35086.0,1,-3.299,-0.905,17.0,18.0,-1.0,15.0,15.0,15.0,15.0,17.0,18.0,0,0,,HB tick=1319321 exp_id=245 t_ms=35086 run=1 ts=35.000 as=17.500 ta=0.000 aa=-3.208 se=17.500 so=15.300 ae=3.208 ao=0.442 pwm=15 pc=15 hd=0 y=-3.299 yr=-0.905 L=15 R=15 OL=15 OR=15 el=17 er=18 ed=-1 dl=17 dr=18 cl=0 cr=0 ok=5368 fail=0 vofa=firewater rx=879 txdrop=24882
1775110919.166413,1775110919166413000,6797950242700,HB,1319525,35290.0,1,-3.582,-1.074,17.0,18.0,-1.0,15.0,15.0,15.0,15.0,17.0,18.0,0,0,,HB tick=1319525 exp_id=245 t_ms=35290 run=1 ts=35.000 as=17.500 ta=0.000 aa=-3.307 se=17.500 so=15.300 ae=3.307 ao=0.442 pwm=15 pc=15 hd=0 y=-3.582 yr=-1.074 L=15 R=15 OL=15 OR=15 el=17 er=18 ed=-1 dl=17 dr=18 cl=0 cr=0 ok=5369 fail=0 vofa=firewater rx=879 txdrop=24882
1775110919.3746169,1775110919374616800,6798158446500,HB,1319729,35494.0,1,-3.766,-1.013,17.0,17.0,0.0,16.0,16.0,16.0,16.0,17.0,17.0,0,0,,HB tick=1319729 exp_id=245 t_ms=35494 run=1 ts=35.000 as=17.000 ta=0.000 aa=-3.590 se=18.000 so=15.600 ae=3.590 ao=0.484 pwm=16 pc=16 hd=0 y=-3.766 yr=-1.013 L=16 R=16 OL=16 OR=16 el=17 er=17 ed=0 dl=17 dr=17 cl=0 cr=0 ok=5370 fail=0 vofa=firewater rx=879 txdrop=24882
1775110919.5299547,1775110919529954500,6798313784500,HB,1319894,35659.0,1,-3.926,-0.999,19.0,17.0,2.0,16.0,14.0,16.0,14.0,19.0,17.0,0,0,,HB tick=1319894 exp_id=245 t_ms=35659 run=1 ts=35.000 as=18.000 ta=0.000 aa=-3.773 se=17.000 so=15.000 ae=3.773 ao=0.503 pwm=15 pc=15 hd=1 y=-3.926 yr=-0.999 L=16 R=14 OL=16 OR=14 el=19 er=17 ed=2 dl=19 dr=17 cl=0 cr=0 ok=5371 fail=0 vofa=firewater rx=879 txdrop=24882
1775110919.7582874,1775110919758287300,6798542118700,HB,1320126,35891.0,1,-3.695,-0.3,18.0,17.0,1.0,16.0,14.0,16.0,14.0,18.0,17.0,0,0,,HB tick=1320126 exp_id=245 t_ms=35891 run=1 ts=35.000 as=17.500 ta=0.000 aa=-3.934 se=17.500 so=15.300 ae=3.934 ao=0.522 pwm=15 pc=15 hd=1 y=-3.695 yr=-0.300 L=16 R=14 OL=16 OR=14 el=18 er=17 ed=1 dl=18 dr=17 cl=0 cr=0 ok=5372 fail=0 vofa=firewater rx=879 txdrop=24882
1775110919.977129,1775110919977129000,6798760959200,HB,1320335,36100.0,1,-2.564,1.7,18.0,17.0,1.0,15.0,15.0,15.0,15.0,18.0,17.0,0,0,,HB tick=1320335 exp_id=245 t_ms=36100 run=1 ts=35.000 as=17.500 ta=0.000 aa=-3.702 se=17.500 so=15.300 ae=3.702 ao=0.459 pwm=15 pc=15 hd=0 y=-2.564 yr=1.700 L=15 R=15 OL=15 OR=15 el=18 er=17 ed=1 dl=18 dr=17 cl=0 cr=0 ok=5373 fail=0 vofa=firewater rx=879 txdrop=24882
1775110920.1752217,1775110920175221700,6798959052200,HB,1320540,36305.0,1,-1.69,2.597,18.0,18.0,0.0,15.0,15.0,15.0,15.0,18.0,18.0,0,0,,HB tick=1320540 exp_id=245 t_ms=36305 run=1 ts=35.000 as=18.000 ta=0.000 aa=-2.571 se=17.000 so=15.000 ae=2.571 ao=0.224 pwm=15 pc=15 hd=0 y=-1.690 yr=2.597 L=15 R=15 OL=15 OR=15 el=18 er=18 ed=0 dl=18 dr=18 cl=0 cr=0 ok=5374 fail=0 vofa=firewater rx=879 txdrop=24882
1775110920.38346,1775110920383460000,6799167289600,HB,1320745,36510.0,1,-1.104,2.687,18.0,17.0,1.0,15.0,15.0,15.0,15.0,18.0,17.0,0,0,,HB tick=1320745 exp_id=245 t_ms=36510 run=1 ts=35.000 as=17.500 ta=0.000 aa=-1.697 se=17.500 so=15.300 ae=1.697 ao=0.074 pwm=15 pc=15 hd=0 y=-1.104 yr=2.687 L=15 R=15 OL=15 OR=15 el=18 er=17 ed=1 dl=18 dr=17 cl=0 cr=0 ok=5375 fail=0 vofa=firewater rx=879 txdrop=24882
1775110920.5916314,1775110920591631300,6799375461100,HB,1320949,36714.0,1,-0.366,3.014,18.0,17.0,1.0,15.0,15.0,15.0,15.0,18.0,17.0,0,0,,HB tick=1320949 exp_id=245 t_ms=36714 run=1 ts=35.000 as=17.500 ta=0.000 aa=-1.112 se=17.500 so=15.300 ae=1.112 ao=-0.001 pwm=15 pc=15 hd=0 y=-0.366 yr=3.014 L=15 R=15 OL=15 OR=15 el=18 er=17 ed=1 dl=18 dr=17 cl=0 cr=0 ok=5376 fail=0 vofa=firewater rx=879 txdrop=24882
1775110920.7985878,1775110920798587800,6799582417700,HB,1321158,36923.0,1,0.304,3.081,19.0,18.0,1.0,15.0,15.0,15.0,15.0,19.0,18.0,0,0,,HB tick=1321158 exp_id=245 t_ms=36923 run=1 ts=35.000 as=18.500 ta=0.000 aa=-0.373 se=16.500 so=14.700 ae=0.373 ao=-0.106 pwm=15 pc=15 hd=0 y=0.304 yr=3.081 L=15 R=15 OL=15 OR=15 el=19 er=18 ed=1 dl=19 dr=18 cl=0 cr=0 ok=5377 fail=0 vofa=firewater rx=879 txdrop=24882
1775110920.9947698,1775110920994769900,6799778600000,HB,1321362,37127.0,1,0.891,3.009,17.0,18.0,-1.0,16.0,16.0,16.0,16.0,17.0,18.0,0,0,,HB tick=1321362 exp_id=245 t_ms=37127 run=1 ts=35.000 as=17.500 ta=0.000 aa=0.297 se=17.500 so=15.300 ae=-0.297 ao=-0.190 pwm=16 pc=16 hd=0 y=0.891 yr=3.009 L=16 R=16 OL=16 OR=16 el=17 er=18 ed=-1 dl=17 dr=18 cl=0 cr=0 ok=5378 fail=0 vofa=firewater rx=879 txdrop=24882
1775110921.1610086,1775110921161008700,6799944838600,HB,1321523,37288.0,1,1.521,3.325,18.0,17.0,1.0,15.0,15.0,15.0,15.0,18.0,17.0,0,0,,HB tick=1321523 exp_id=245 t_ms=37288 run=1 ts=35.000 as=17.500 ta=0.000 aa=0.883 se=17.500 so=15.300 ae=-0.883 ao=-0.256 pwm=15 pc=15 hd=0 y=1.521 yr=3.325 L=15 R=15 OL=15 OR=15 el=18 er=17 ed=1 dl=18 dr=17 cl=0 cr=0 ok=5379 fail=0 vofa=firewater rx=879 txdrop=24882
1775110921.3889165,1775110921388916500,6800172746500,HB,1321756,37520.0,1,1.878,2.701,19.0,18.0,1.0,15.0,15.0,15.0,15.0,19.0,18.0,0,0,,HB tick=1321756 exp_id=245 t_ms=37520 run=1 ts=35.000 as=18.500 ta=0.000 aa=1.513 se=16.500 so=14.700 ae=-1.513 ao=-0.348 pwm=15 pc=15 hd=0 y=1.878 yr=2.701 L=15 R=15 OL=15 OR=15 el=19 er=18 ed=1 dl=19 dr=18 cl=0 cr=0 ok=5380 fail=0 vofa=firewater rx=879 txdrop=24882
1775110921.5963695,1775110921596369500,6800380199800,HB,1321960,37725.0,1,2.504,2.824,18.0,17.0,1.0,15.0,15.0,15.0,15.0,18.0,17.0,0,0,,HB tick=1321960 exp_id=245 t_ms=37725 run=1 ts=35.000 as=17.500 ta=0.000 aa=1.871 se=17.500 so=15.300 ae=-1.871 ao=-0.360 pwm=15 pc=15 hd=0 y=2.504 yr=2.824 L=15 R=15 OL=15 OR=15 el=18 er=17 ed=1 dl=18 dr=17 cl=0 cr=0 ok=5381 fail=0 vofa=firewater rx=879 txdrop=24882
1775110921.8031716,1775110921803171700,6800587001600,HB,1322164,37929.0,1,3.013,2.709,18.0,17.0,1.0,15.0,15.0,15.0,15.0,18.0,17.0,0,0,,HB tick=1322164 exp_id=245 t_ms=37929 run=1 ts=35.000 as=17.500 ta=0.000 aa=2.497 se=17.500 so=15.300 ae=-2.497 ao=-0.441 pwm=15 pc=15 hd=0 y=3.013 yr=2.709 L=15 R=15 OL=15 OR=15 el=18 er=17 ed=1 dl=18 dr=17 cl=0 cr=0 ok=5382 fail=0 vofa=firewater rx=879 txdrop=24882
1775110922.011186,1775110922011186000,6800795016200,HB,1322374,38139.0,1,3.318,2.27,18.0,18.0,0.0,15.0,15.0,15.0,15.0,18.0,18.0,0,0,,HB tick=1322374 exp_id=245 t_ms=38139 run=1 ts=35.000 as=18.000 ta=0.000 aa=3.005 se=17.000 so=15.000 ae=-3.005 ao=-0.496 pwm=15 pc=15 hd=0 y=3.318 yr=2.270 L=15 R=15 OL=15 OR=15 el=18 er=18 ed=0 dl=18 dr=18 cl=0 cr=0 ok=5383 fail=0 vofa=firewater rx=879 txdrop=24882
1775110922.2185454,1775110922218545400,6801002375100,HB,1322579,38344.0,1,3.97,2.587,17.0,17.0,0.0,15.0,17.0,15.0,17.0,17.0,17.0,0,0,,HB tick=1322579 exp_id=245 t_ms=38344 run=1 ts=35.000 as=17.000 ta=0.000 aa=3.311 se=18.000 so=15.600 ae=-3.311 ao=-0.511 pwm=16 pc=16 hd=-1 y=3.970 yr=2.587 L=15 R=17 OL=15 OR=17 el=17 er=17 ed=0 dl=17 dr=17 cl=0 cr=0 ok=5384 fail=0 vofa=firewater rx=879 txdrop=24882
1775110922.3736753,1775110922373675200,6801157504900,HB,1322739,38504.0,1,3.866,1.454,18.0,17.0,1.0,14.0,16.0,14.0,16.0,18.0,17.0,0,0,,HB tick=1322739 exp_id=245 t_ms=38504 run=1 ts=35.000 as=17.500 ta=0.000 aa=3.962 se=17.500 so=15.300 ae=-3.962 ao=-0.605 pwm=15 pc=15 hd=-1 y=3.866 yr=1.454 L=14 R=16 OL=14 OR=16 el=18 er=17 ed=1 dl=18 dr=17 cl=0 cr=0 ok=5385 fail=0 vofa=firewater rx=879 txdrop=24882
1775110922.6219022,1775110922621902300,6801405732100,HB,1322987,38752.0,1,2.189,-1.421,18.0,19.0,-1.0,14.0,16.0,14.0,16.0,18.0,19.0,0,0,,HB tick=1322987 exp_id=245 t_ms=38752 run=1 ts=35.000 as=18.500 ta=0.000 aa=3.858 se=16.500 so=14.700 ae=-3.858 ao=-0.536 pwm=15 pc=15 hd=-1 y=2.189 yr=-1.421 L=14 R=16 OL=14 OR=16 el=18 er=19 ed=-1 dl=18 dr=19 cl=0 cr=0 ok=5386 fail=0 vofa=firewater rx=879 txdrop=24882
1775110922.7771204,1775110922777120200,6801560949900,HB,1323143,38908.0,1,1.941,-1.48,17.0,18.0,-1.0,15.0,15.0,15.0,15.0,17.0,18.0,0,0,,HB tick=1323143 exp_id=245 t_ms=38908 run=1 ts=35.000 as=17.500 ta=0.000 aa=2.181 se=17.500 so=15.300 ae=-2.181 ao=-0.191 pwm=15 pc=15 hd=0 y=1.941 yr=-1.480 L=15 R=15 OL=15 OR=15 el=17 er=18 ed=-1 dl=17 dr=18 cl=0 cr=0 ok=5387 fail=0 vofa=firewater rx=879 txdrop=24882
1775110923.015691,1775110923015690900,6801799520700,HB,1323376,39140.0,1,1.216,-2.056,18.0,17.0,1.0,15.0,15.0,15.0,15.0,18.0,17.0,0,0,,HB tick=1323376 exp_id=245 t_ms=39140 run=1 ts=35.000 as=17.500 ta=0.000 aa=1.933 se=17.500 so=15.300 ae=-1.933 ao=-0.158 pwm=15 pc=15 hd=0 y=1.216 yr=-2.056 L=15 R=15 OL=15 OR=15 el=18 er=17 ed=1 dl=18 dr=17 cl=0 cr=0 ok=5388 fail=0 vofa=firewater rx=879 txdrop=24882
1775110923.2216551,1775110923221655100,6802005485000,HB,1323580,39345.0,1,0.361,-2.796,17.0,18.0,-1.0,15.0,15.0,15.0,15.0,17.0,18.0,0,0,,HB tick=1323580 exp_id=245 t_ms=39345 run=1 ts=35.000 as=17.500 ta=0.000 aa=1.208 se=17.500 so=15.300 ae=-1.208 ao=-0.042 pwm=15 pc=15 hd=0 y=0.361 yr=-2.796 L=15 R=15 OL=15 OR=15 el=17 er=18 ed=-1 dl=17 dr=18 cl=0 cr=0 ok=5389 fail=0 vofa=firewater rx=879 txdrop=24882
1775110923.4182127,1775110923418212600,6802202042300,HB,1323784,39549.0,1,-0.082,-2.577,17.0,17.0,0.0,16.0,16.0,16.0,16.0,17.0,17.0,0,0,,HB tick=1323784 exp_id=245 t_ms=39549 run=1 ts=35.000 as=17.000 ta=0.000 aa=0.353 se=18.000 so=15.600 ae=-0.353 ao=0.097 pwm=16 pc=16 hd=0 y=-0.082 yr=-2.577 L=16 R=16 OL=16 OR=16 el=17 er=17 ed=0 dl=17 dr=17 cl=0 cr=0 ok=5390 fail=0 vofa=firewater rx=879 txdrop=24882
1775110923.633781,1775110923633781100,6802417611400,HB,1323994,39759.0,1,-0.783,-2.844,18.0,19.0,-1.0,15.0,15.0,15.0,15.0,18.0,19.0,0,0,,HB tick=1323994 exp_id=245 t_ms=39759 run=1 ts=35.000 as=18.500 ta=0.000 aa=-0.090 se=16.500 so=14.700 ae=0.090 ao=0.140 pwm=15 pc=15 hd=0 y=-0.783 yr=-2.844 L=15 R=15 OL=15 OR=15 el=18 er=19 ed=-1 dl=18 dr=19 cl=0 cr=0 ok=5391 fail=0 vofa=firewater rx=879 txdrop=24882
1775110923.830896,1775110923830895900,6802614725700,HB,1324199,39963.0,1,-1.352,-2.824,17.0,19.0,-2.0,15.0,15.0,15.0,15.0,17.0,19.0,0,0,,HB tick=1324199 exp_id=245 t_ms=39963 run=1 ts=35.000 as=18.000 ta=0.000 aa=-0.791 se=17.000 so=15.000 ae=0.791 ao=0.237 pwm=15 pc=15 hd=0 y=-1.352 yr=-2.824 L=15 R=15 OL=15 OR=15 el=17 er=19 ed=-2 dl=17 dr=19 cl=0 cr=0 ok=5392 fail=0 vofa=firewater rx=879 txdrop=24882
1775110924.039258,1775110924039258000,6802823087900,HB,1324402,40167.0,1,-1.732,-2.488,17.0,18.0,-1.0,15.0,15.0,15.0,15.0,17.0,18.0,0,0,,HB tick=1324402 exp_id=245 t_ms=40167 run=1 ts=35.000 as=17.500 ta=0.000 aa=-1.359 se=17.500 so=15.300 ae=1.359 ao=0.304 pwm=15 pc=15 hd=0 y=-1.732 yr=-2.488 L=15 R=15 OL=15 OR=15 el=17 er=18 ed=-1 dl=17 dr=18 cl=0 cr=0 ok=5393 fail=0 vofa=firewater rx=879 txdrop=24882
1775110951.9053068,1775110951905306800,6830689136900,HB,1352168,0.0,0,-1.494,-0.0,0.0,0.0,0.0,0.0,0.0,0.0,0.0,0.0,0.0,0,0,,HB tick=1352168 run=0 ts=0.000 as=0.000 ta=0.000 aa=0.000 se=0.000 so=0.000 ae=0.000 ao=0.000 pwm=0 pc=0 hd=0 y=-1.494 yr=-0.000 L=0 R=0 OL=0 OR=0 el=0 er=0 ed=0 dl=0 dr=0 cl=0 cr=0 ok=5394 fail=0 vofa=firewater rx=935 txdrop=37440
1775110952.0095074,1775110952009507200,6830793337600,HB,1352380,0.0,0,-1.495,-0.001,0.0,0.0,0.0,0.0,0.0,0.0,0.0,0.0,0.0,0,0,,HB tick=1352380 run=0 ts=0.000 as=0.000 ta=0.000 aa=0.000 se=0.000 so=0.000 ae=0.000 ao=0.000 pwm=0 pc=0 hd=0 y=-1.495 yr=-0.001 L=0 R=0 OL=0 OR=0 el=0 er=0 ed=0 dl=0 dr=0 cl=0 cr=0 ok=5395 fail=0 vofa=firewater rx=935 txdrop=37440
1775110952.3939753,1775110952393975300,6831177805200,HB,1352768,0.0,0,-1.495,-0.0,0.0,0.0,0.0,0.0,0.0,0.0,0.0,0.0,0.0,0,0,,HB tick=1352768 run=0 ts=0.000 as=0.000 ta=0.000 aa=0.000 se=0.000 so=0.000 ae=0.000 ao=0.000 pwm=0 pc=0 hd=0 y=-1.495 yr=-0.000 L=0 R=0 OL=0 OR=0 el=0 er=0 ed=0 dl=0 dr=0 cl=0 cr=0 ok=5396 fail=0 vofa=firewater rx=935 txdrop=37440
1775110952.6016657,1775110952601665800,6831385495600,HB,1352971,0.0,0,-1.495,-0.0,0.0,0.0,0.0,0.0,0.0,0.0,0.0,0.0,0.0,0,0,,HB tick=1352971 run=0 ts=0.000 as=0.000 ta=0.000 aa=0.000 se=0.000 so=0.000 ae=0.000 ao=0.000 pwm=0 pc=0 hd=0 y=-1.495 yr=-0.000 L=0 R=0 OL=0 OR=0 el=0 er=0 ed=0 dl=0 dr=0 cl=0 cr=0 ok=5397 fail=0 vofa=firewater rx=935 txdrop=37440
1775110952.8304265,1775110952830426400,6831614256400,HB,1353175,0.0,0,-1.495,-0.001,0.0,0.0,0.0,0.0,0.0,0.0,0.0,0.0,0.0,0,0,,HB tick=1353175 run=0 ts=0.000 as=0.000 ta=0.000 aa=0.000 se=0.000 so=0.000 ae=0.000 ao=0.000 pwm=0 pc=0 hd=0 y=-1.495 yr=-0.001 L=0 R=0 OL=0 OR=0 el=0 er=0 ed=0 dl=0 dr=0 cl=0 cr=0 ok=5398 fail=0 vofa=firewater rx=935 txdrop=37440
1775110953.017418,1775110953017418100,6831801247800,HB,1353383,0.0,0,-1.495,-0.0,0.0,0.0,0.0,0.0,0.0,0.0,0.0,0.0,0.0,0,0,,HB tick=1353383 run=0 ts=0.000 as=0.000 ta=0.000 aa=0.000 se=0.000 so=0.000 ae=0.000 ao=0.000 pwm=0 pc=0 hd=0 y=-1.495 yr=-0.000 L=0 R=0 OL=0 OR=0 el=0 er=0 ed=0 dl=0 dr=0 cl=0 cr=0 ok=5399 fail=0 vofa=firewater rx=935 txdrop=37440
1775110953.2144663,1775110953214466300,6831998296300,HB,1353587,0.0,0,-1.495,-0.0,0.0,0.0,0.0,0.0,0.0,0.0,0.0,0.0,0.0,0,0,,HB tick=1353587 run=0 ts=0.000 as=0.000 ta=0.000 aa=0.000 se=0.000 so=0.000 ae=0.000 ao=0.000 pwm=0 pc=0 hd=0 y=-1.495 yr=-0.000 L=0 R=0 OL=0 OR=0 el=0 er=0 ed=0 dl=0 dr=0 cl=0 cr=0 ok=5400 fail=0 vofa=firewater rx=935 txdrop=37440
1775110953.421641,1775110953421641300,6832205471300,HB,1353789,0.0,0,-1.495,-0.0,0.0,0.0,0.0,0.0,0.0,0.0,0.0,0.0,0.0,0,0,,HB tick=1353789 run=0 ts=0.000 as=0.000 ta=0.000 aa=0.000 se=0.000 so=0.000 ae=0.000 ao=0.000 pwm=0 pc=0 hd=0 y=-1.495 yr=-0.000 L=0 R=0 OL=0 OR=0 el=0 er=0 ed=0 dl=0 dr=0 cl=0 cr=0 ok=5401 fail=0 vofa=firewater rx=935 txdrop=37440
1775110953.82653,1775110953826530100,6832610360400,HB,1354179,0.0,0,-1.494,0.001,0.0,0.0,0.0,0.0,0.0,0.0,0.0,0.0,0.0,0,0,,HB tick=1354179 run=0 ts=0.000 as=0.000 ta=0.000 aa=0.000 se=0.000 so=0.000 ae=0.000 ao=0.000 pwm=0 pc=0 hd=0 y=-1.494 yr=0.001 L=0 R=0 OL=0 OR=0 el=0 er=0 ed=0 dl=0 dr=0 cl=0 cr=0 ok=5402 fail=0 vofa=firewater rx=935 txdrop=37440
1775110954.0126803,1775110954012680100,6832796510100,HB,1354383,0.0,0,-1.494,0.001,0.0,0.0,0.0,0.0,0.0,0.0,0.0,0.0,0.0,0,0,,HB tick=1354383 run=0 ts=0.000 as=0.000 ta=0.000 aa=0.000 se=0.000 so=0.000 ae=0.000 ao=0.000 pwm=0 pc=0 hd=0 y=-1.494 yr=0.001 L=0 R=0 OL=0 OR=0 el=0 er=0 ed=0 dl=0 dr=0 cl=0 cr=0 ok=5403 fail=0 vofa=firewater rx=935 txdrop=37440
1775110954.22117,1775110954221170000,6833004999800,HB,1354586,0.0,0,-1.495,-0.0,0.0,0.0,0.0,0.0,0.0,0.0,0.0,0.0,0.0,0,0,,HB tick=1354586 run=0 ts=0.000 as=0.000 ta=0.000 aa=0.000 se=0.000 so=0.000 ae=0.000 ao=0.000 pwm=0 pc=0 hd=0 y=-1.495 yr=-0.000 L=0 R=0 OL=0 OR=0 el=0 er=0 ed=0 dl=0 dr=0 cl=0 cr=0 ok=5404 fail=0 vofa=firewater rx=935 txdrop=37440
1775110954.417811,1775110954417811000,6833201641100,HB,1354789,0.0,0,-1.495,-0.0,0.0,0.0,0.0,0.0,0.0,0.0,0.0,0.0,0.0,0,0,,HB tick=1354789 run=0 ts=0.000 as=0.000 ta=0.000 aa=0.000 se=0.000 so=0.000 ae=0.000 ao=0.000 pwm=0 pc=0 hd=0 y=-1.495 yr=-0.000 L=0 R=0 OL=0 OR=0 el=0 er=0 ed=0 dl=0 dr=0 cl=0 cr=0 ok=5405 fail=0 vofa=firewater rx=935 txdrop=37440
