:020000040800F2
:10000000984D0020C5010008DD4D00083D40000866
:10001000BD4B0008453300085F5A0008000000008F
:10002000000000000000000000000000D1520008A5
:10003000853B00080000000069510008C353000818
:10004000DF010008DF010008DF010008DF01000810
:10005000DF010008DF010008DF010008DF01000800
:10006000DF010008DF010008DF010008DF010008F0
:10007000DF010008DF010008DF010008DF010008E0
:10008000DF010008DF010008DF010008DF010008D0
:10009000DF010008DF010008DF010008DF010008C0
:1000A000DF010008DF010008DF010008DF010008B0
:1000B000DF010008DF01000825540008DF01000807
:1000C000DF010008DF010008DF010008DF01000890
:1000D000DF0100088D57000815580008DF010008EF
:1000E000DF010008DF010008DF01000800F002F86E
:1000F00000F059F80AA090E8000C82448344AAF169
:100100000107DA4501D100F04EF8AFF2090EBAE866
:100110000F0013F0010F18BFFB1A43F0010318473B
:10012000A4BF0000C4BF0000103A24BF78C878C143
:10013000FAD8520724BF30C830C144BF04680C60ED
:10014000704700000023002400250026103A28BF35
:1001500078C1FBD8520728BF30C148BF0B60704739
:1001600066290AF0E186642900F0B880752900F05C
:10017000B580782900F0EE80732900F05E860020BB
:1001800070471FB500F0F4FE0400002000210AF0C3
:1001900087F9401C6060002000210AF06BF9E060E4
:1001A0001FBD10B510BD01F0A9F91146FFF7E9FF19
:1001B00008F00AFC01F04CFC03B4FFF7F2FF03BCAB
:1001C00005F0BAFF0948804709480047FEE7FEE707
:1001D000FEE7FEE7FEE7FEE7FEE7FEE7FEE7FEE7F7
:1001E00004480549054A064B70470000C5530008FE
:1001F000ED00000898470020984D00209849002005
:1002000098490020704700000FB41CB50C0007AAE5
:10021000009001D02044401E074B7B44694601906A
:10022000069800F0D8FD002C03D06946002000F0AD
:10023000E5FD1CBC5DF814FBE90B000070B504463D
:1002400085690068C10601D5302600E02026C00778
:1002500007D070BDD4E9012130469047206A401C88
:1002600020626D1EF6D570BD70B5044685690078B4
:10027000C00707D170BDD4E9012120209047206A32
:10028000401C20626D1EF6D570BD70B50C4605464B
:10029000012A05D02878800600D5EA69002302E00B
:1002A000012305E05B1C934202D2E05C0028F9D1F7
:1002B000A869E618C01AA861286A18442862284666
:1002C000FFF7BCFF04E0D5E9012114F8010B9047CA
:1002D000B442F8D32846FFF7C7FF70BD2DE9F041BF
:1002E0000646002410687529314616A510D0AFF3D4
:1002F0000080002802DA404213A507E031688A072F
:1003000001D512A502E0490704D511A5012401E099
:10031000AFF3008000210A2206F1240709E0B0FBB8
:10032000F2FCB0FBF2F302FB1C00303078541846AC
:10033000491C0028F3D123462A463046BDE8F04147
:1003400000F0DBBA000000002D0000002B000000D0
:100350002000000070B504460D4621461068AFF33A
:1003600000802188090502D50F4A7A4402E00E4A2E
:100370007A440E32002104F1240305E000F00F0658
:100380000009965D5E54491C0028F7D120780023AF
:10039000000704D5702D02D009B102231132204686
:1003A000BDE8704000F0A9BA0AB300002DE9F05F83
:1003B000894604464FF0000ADFF874B1FB44C0F8E8
:1003C00020A02046E1688847002874D0252806D060
:1003D000D4E901219047206A401C2062F1E7002601
:1003E0005F462046E16888472028054607DB312D17
:1003F00005D2781910F8200C08B10643F1E7B007D0
:1004000001D526F00406C4F81CA00027C4F818A0E3
:100410002A2D09D0284605F088FE38B304EB87085A
:10042000303DC8F8185019E059F8041B204604EB79
:1004300087029161E1688847012F054618D1E0697C
:10044000002820DA26F020061DE0D8F8180000EB7E
:10045000800005EB40003038C8F818002046E168FD
:100460008847054605F061FE0028EED1012F0AD02D
:100470002E2D08D12046E16888477F1C0546022FB3
:1004800046F02006C4DBA069002803DA404246F0AB
:100490000106A061F00701D026F010066C2D0BD0EC
:1004A000682D09D04C2D39D06A2D35D0742D35D01A
:1004B0007A2D33D016E038E0E1682F462046884791
:1004C000B842054609D16C2F26D04FF48060E16810
:1004D000064320468847054604E06C2F1AD04FF4A7
:1004E000807006430DB3A5F14100192802D82035CC
:1004F00046F400664A462946204626604E46FFF7E7
:100500002FFE80B101280BD0F61D26F0070000F168
:10051000080956E74020E4E78020D8E70020D6E726
:1005200006F104094DE7284652E7206ABDE8F09F2E
:10053000E0B200000FB400B58DB010A90990009191
:100540000B904FF0FF300A9000200C900648784442
:100550000690064878446A4607900F9909A800F06B
:1005600085FC0DB05DF814FB3B0900005309000049
:100570002DE9FF5F1D464FF0FF3B91464FF000080D
:100580005F46D5E90146A96901987F1C8847296A19
:10059000824688470028F6D1BAF1FF3F0CD0002EE2
:1005A00024F4C06419DD600614D5BAF12B0F09D00C
:1005B000BAF12D0F0ED103E0584604B0BDE8F09F0C
:1005C00044F48064A96901987F1C8847761E82469E
:1005D000002E02DDBAF1300F03D0B9F1000F26D0A2
:1005E00032E0A969761E01987F1C44F400748847A4
:1005F000002E824605DDBAF1780F06D0BAF1580F09
:1006000003D0B9F1000F10D01EE0B9F1000F02D0F5
:10061000B9F1100F18D1A969761E01987F1C24F436
:10062000007488478246102002E0082000E00A207B
:10063000814609E0A96908FB0908761E01987F1C1C
:1006400044F4007488478246002E05DD4946504632
:1006500000F0F7FB0028EDDAE96901988847A0056A
:1006600002D46FF00100A8E7E00725D1600613D59A
:10067000600502D5C8F1000000E0404629680A1D67
:100680002A600968220501D5087015E0220701D506
:10069000088011E008600FE02868011D29600068EB
:1006A000210502D580F8008006E0210702D5A0F8D8
:1006B000008001E0C0F8008038467EE7401ECAB2E4
:1006C00010F8011F8A4202D00029F9D1002070479A
:1006D00040EA010370B59B072ED14FF00136042A82
:1006E0002AD308C810C99D1B9D43121F15EAC615C1
:1006F00017D0D8B2E1B2401A50EA056110D198B2D1
:10070000A1B2401A50EA05410AD123F07F4024F0FB
:100710007F41401A50EA052102D1180EA0EB146067
:1007200070BDA342DBD018BA21BA884201D901209A
:1007300070BD4FF0FF3070BD0AB9002070BD10F8D9
:10074000013B11F8014B63B1A3420AD1521E08D0FC
:1007500010F8013B11F8014B1BB1A34201D1521E0D
:10076000EDD1181B70BD10B5203AC0F00B80B1E878
:100770001850203AA0E81850B1E81850A0E81850D6
:10078000BFF4F5AF5FEA027C24BFB1E81850A0E8DF
:10079000185044BF18C918C0BDE810405FEA827CF9
:1007A00024BF51F8043B40F8043B08BF7047D20710
:1007B00028BF31F8023B48BF11F8012B28BF20F8B1
:1007C000023B48BF00F8012B70474FF0000204299C
:1007D000C0F0128010F0030C00F01B80CCF1040C70
:1007E000BCF1020F18BF00F8012BA8BF20F8022BA4
:1007F000A1EB0C0100F00DB85FEAC17C24BF00F84A
:10080000012B00F8012B48BF00F8012B70474FF077
:10081000000200B5134694469646203922BFA0E850
:100820000C50A0E80C50B1F12001BFF4F7AF09075C
:1008300028BFA0E80C5048BF0CC05DF804EB89004D
:1008400028BF40F8042B08BF704748BF20F8022B90
:1008500011F0804F18BF00F8012B70474FF0013C9A
:1008600050F8042B51F8043B9A4221D1A2EB0C031F
:10087000934313EACC1317D150F8042B51F8043BDF
:100880009A4215D1A2EB0C03934313EACC130BD17C
:1008900050F8042B51F8043B9A4209D1A2EB0C0307
:1008A000934313EACC13DBD04FF00000704700BF36
:1008B000D01A01BAB1FA81F101F0180122FA01F05F
:1008C000CB40C1F12001DBB2C0B2C01A2CFA01F357
:1008D000D11A914311EAC311E6D1704770477047AE
:1008E0007047704710B500F047FB006810BD10B5A9
:1008F000044600F041FB046010BD2DE9F0470D46B1
:1009000099469246044600F124080168880604D5F9
:10091000E06921F01001216000E00120A84201DD22
:10092000471B00E00027A1697A1902EB0900081AA9
:10093000A0612078C00602D42046FFF77FFC002685
:1009400008E0D4E901211AF806009047206A401C0B
:10095000761C20624E45F4DB2078C0060AD520467E
:10096000FFF76CFC06E0D4E9012130209047206AB3
:10097000401C2062381EA7F10107F4DC07E0D4E92F
:10098000012118F805009047206A401C2062281EAB
:10099000A5F10105F3DC2046FFF766FC2078000690
:1009A00002D50220BDE8F0870120FBE770472DE962
:1009B000FF4F0C461E464FF0FF378BB0D2E90001C7
:1009C000DDF860800A908A46C1F30A5505B93D46B4
:1009D000002108464FF00000BAF1000F00F440007B
:1009E00005DA00EB80004FF4400101EA50004FEAC5
:1009F0009059B9F1010F00DDB9460A9850EA4A0052
:100A00000ED044F61050A5F2FF3545432F14B8F12F
:100A1000000F1ED07542291E1EDDC9F100021CE028
:100A2000B8F1010F4FF0000001D0302103E0F24394
:100A300005E02154401CB042FBDB3046002200217F
:100A400021540B99C1F80880C1E900200FB0BDE81E
:100A5000F08FBD1B6D1CDEE74A4600DA694206A82E
:100A600000F0D6FC06AB93E8070003AB83E8070071
:100A700050460A9901F033FA8DE80700A0F50050BE
:100A80001F3800900398002D0ADD42F21F014A46EC
:100A90000844002303A90390684601F0DFFC09E045
:100AA000A0F500504A461F38002303A9039068466A
:100AB00001F0FEFC8DE807000004000C03D04FF0AD
:100AC000FF30410800E01046B8F1000F03D00022CB
:100AD000009215461EE0751E05D400F051FA303222
:100AE00062556D1EF9D5B3460122084302D000229B
:100AF0007F1C04E02078302801D100227F1E002ACC
:100B0000099784D01DE0112D07DA00F039FA303250
:100B100062556D1C50EA0102F5D1084302D00098DD
:100B2000C8B10EE00021681E05E0235C625C6354DE
:100B30002254401E491C8142F7DBAB46A81B401ED5
:100B40000990002004F80B000B98099AC0F808805F
:100B5000C0E9002B7AE711264FF0000857E72DE98E
:100B6000F04F88460446D21D22F0070191B0D1E92A
:100B70000001CDE90A0105F023FA02460B98C00FE7
:100B800001D02D2007E02068810701D52B2002E04D
:100B9000202101EAC000032A099001D0072A05DBC1
:100BA00003464146204600F039FA0BE120788006E2
:100BB00001D5E06900E00620B8F1650F814606D056
:100BC000B8F1660F18D0B8F1670F70D131E000208E
:100BD000B9F1110F009001DB112301E009F10103CC
:100BE0000AAA01A90CA8FFF7E2FEDDE90C700026B5
:100BF00009F10105834647E001204B4600904FF084
:100C000000470AAA01A90CA8FFF7D1FEDDE90DB043
:100C10000C995D46002610B909F101000D18B9EBD9
:100C2000050003D4C0F1FF3609F10105A5EB090069
:100C30002BE0B9F1010F01DA4FF001090020B9F101
:100C4000110F0090484601DD112300E003460AAA77
:100C500001A90CA8FFF7ABFEDDE90C704D4600269C
:100C60008346207800070AD4AB4500DA5D4601A828
:100C7000012D04DD411911F8011C302907D04F4521
:100C800002DA17F1040F04DA012082460FE06D1E2C
:100C9000EEE7002F02DCED1B3E4403E0781CA84287
:100CA00000DD7D1CB81B00F1010A4FF000472078E1
:100CB000000703D4AA4501DB4FF0FF3A0021B7F14A
:100CC000004F0DF143088DF8431024D002202B2350
:100CD000002F01DA7F422D230A21021EA0F101001C
:100CE00000DC5FB197FBF1FC97FBF1F201FB1C7C90
:100CF00017460CF1300C08F801CDEEE7A8F1010021
:100D000003702188090501D5452100E06521A0F186
:100D1000010800F8011C09980FA9A1EB0807FF1DA5
:100D200000B10120411901EBEA70A1693844081AA9
:100D3000401EA0612078C00602D42046FFF77EFA4C
:100D4000099828B1D4E901219047206A401C20620B
:100D50002078C00622D52046FFF770FA1EE0002E4C
:100D600004DBB34502DD01A8805D00E03020D4E95A
:100D700001219047206A401C2062761CAAF10100E4
:100D80005FEA000A0AD100F0F3F8C0680168405C2D
:100D9000D4E901219047206A401C2062281EA5F159
:100DA0000105DCDC07E0D4E9012118F8010B9047CC
:100DB000206A401C2062381EA7F10107F3DC2046A0
:100DC000FFF752FA032011B041E6000001694A1C06
:100DD00002610878704700B58FB0CDE9013100217C
:100DE000059105497944CDE9031011466846FFF79E
:100DF000DDFA0FB000BD0000E5FFFFFF0A6802F852
:100E0000010B0A607047D1E900239A4202D2531CB9
:100E10000B601070704710B5436913B1AFF30080D9
:100E200001E0FFF732FA012010BD127800F1240131
:100E30000A7000224A700122EDE711684FF0FF327C
:100E4000E9E73A2800D2303820F02002412A01D3C5
:100E5000A2F13700884201D34FF0FF307047000005
:100E6000026811441378016018467047D160054943
:100E7000794451610449794411620021116111469C
:100E800000F00CB9EDFFFFFF91010000426842B194
:100E9000016811F8013B23B1521EC0E90012184647
:100EA00070470121C160881E704742685AB1C3680B
:100EB000016843B983688B4205D0491E521CC0E9C2
:100EC0000012002070474FF0FF3070470FB400232E
:100ED00000B589B00CA900910B99CB60214B7B44E4
:100EE0000693214B7B44079304236FF00042CDE926
:100EF00001321E4A7A446B460892024600200AF0EC
:100F00009BF809B05DF814FB70B506464FF0FF3052
:100F100015460C46324686B00091CDE9010169467E
:100F20000020049004A8FFF7D1FF0246049821187E
:100F300025B108B1084600E0204628600498002842
:100F40000DD0002A02DD0098884208D03246081BE6
:100F500069460094CDE9010404A8FFF7B7FF06B085
:100F600070BD0000ABFFFFFFC3FFFFFF13010000D8
:100F70000048704758470020004870473847002015
:100F800030B5B0F10A024FEA900E71F100034EEA5B
:100F9000817EB0EB0E0061EB91014FEA101E4EEA2C
:100FA000017E10EB0E0041EB11114FEA102E4EEABC
:100FB000016E10EB0E0041EB11214FEA104E4EEA8C
:100FC000014E10EB0E0041EB1141401841F10001C0
:100FD0004FEAD00040EA41704FEAD10110EB8005A2
:100FE0004FEA810444EA907444EB01046D1944EB28
:100FF0000404521BA3414FF0000348BF0A3200D53E
:1010000030BD401C41F1000130BD10B5044600F078
:101010009BFA0068005D00F0010010BD2DE9F04171
:101020001F46044603260168072A01F4006004DB1A
:1010300008B116A505E016A503E008B115A500E066
:1010400015A521F010002060A069C01EA0610FB19D
:10105000401EA0612046FFF7F1F84FB1D4E901210D
:1010600038469047206A401C2062C01C206206E07F
:10107000206AFAE7D4E9012115F8010B9047761EA2
:10108000F8D22046FFF7F0F8BDE8F0814E414E005F
:101090006E616E00494E4600696E66002DE9F34FA1
:1010A0004FF0000A0C4656468DB001200C9001F11D
:1010B0000C000B9062690B9801219047051E2DD002
:1010C000252D2CD0216A8847C0B162690B98012177
:1010D0009047216A88470028F7D16269411E0B9822
:1010E000904700E0761CA1690D988847216A8847DF
:1010F0000028F7D1E1690D988847DBE7A1690D98D1
:101100008847A842074601D1761CD3E7E1690D98CC
:1011100088477F1C02D1BAF1000F6FD06BE1626982
:101120000B9800273D46394690472A2804D162692A
:101130000B98012190470125DFF8D08262690B9856
:1011400001219047A0F130010A290AD24745E5DC88
:1011500007EB870100EB4107303FDFD445F0100576
:10116000ECE7E90601D46FF000476C280AD04C2860
:1011700014D0682815D06A280DD074281CD07A287D
:101180001AD01DE062690B98012190476C2802D0AB
:1011900045F0040514E045F002050DE045F020059A
:1011A0000AE062690B9801219047682802D045F057
:1011B000080505E045F4006562690B980121904738
:1011C000C4E9015765283DD019DC58287AD00CDCD9
:1011D000452837D004DC252826D041289ED131E08F
:1011E00046282FD0472899D12CE05B2877D061285A
:1011F00028D063287CD0642823D15AE0F6E06F28F9
:1012000048D008DC66281DD067281BD0692821D06B
:101210006E2816D127E0702845D0732868D075282D
:1012200047D078280DD14DE0A1690D988847252831
:1012300005463FF469AFE1690D9888476D1C3FF49E
:101240006AAFD8E00D9923466A466FF0010009F0B5
:10125000F3FEC5E045F0400023464FF00002606019
:10126000A80736D43EE0E8077FF447AF2068011DA9
:1012700021600068290501D506701BE7290701D503
:10128000068017E7A90703D5F117C0E9006111E748
:1012900006600FE745F0400023464FF0080260600B
:1012A000A80716D41EE040F60E0125EA0100606092
:1012B00016E045F0400023464FF00A026060A807A0
:1012C00007D40FE045F040006060A80708D523462A
:1012D00010220D996FF00100AFF3008080E007E06D
:1012E000102223460D996FF00100FFF741F977E0D6
:1012F0004FF0000963284F46C8464B46CB4602D004
:101300005B2806D038E0E80601D40120A060012760
:1013100032E06269D4F80CB00B98012190475E2846
:1013200007D14FF0010949466269D4F80CB00B9817
:101330009047216939B900210A4603AB43F82120BF
:10134000491C0829FADBD8B3216949B308F101081F
:1013500062690B98012190475D28F4D1B9F1000F23
:1013600009D0002003A951F82020D24341F82020C1
:10137000401C0828F7DB03AB2069002820794FEADE
:1013800040701ED05B462246CDF80080CDE9019723
:101390000D9900286FF0010020DAAFF300801FE004
:1013A000C11703AA00EBD1614B1121F01F0102EB21
:1013B0008302411A13680120884003431360C7E782
:1013C00019E00D99224600286FF00100009702DA1B
:1013D000AFF3008004E0AFF3008001E0AFF30080E2
:1013E00000280ADA401C06D10C9820B14FF0FF30DB
:1013F0000FB0BDE8F08F5046FAE7E90701D10AF1D6
:10140000010A064400200C9054E60000CCCCCC0C21
:101410002DE9F047814616468AB0354878440DC814
:101420008DE80D0032487844801C03AC0DC884E878
:101430000D0041F69B300844372190FBF1F290FB00
:10144000F1F5A5F1800501FB12041B3C02D56442B5
:10145000012000E00020DFF898A080460027FA4431
:10146000AAF1BE0A0EE0E0070AD03246684607EB52
:10147000470101230AEB810101F01AF88DE807000A
:1014800064107F1C002CEED1194F7F44AE3F19E051
:10149000E80715D007EB04100DF1180A90E80E00CC
:1014A0008AE80E00C068F04201D1981908903246CF
:1014B000012306A903A800F0FBFF03AB83E80700A4
:1014C0006D10641C002DE3D14FF0010332466946D4
:1014D000B8F1000F03A802D000F0C0FF01E000F057
:1014E000E7FFC9E90001C9F808200AB0BDE8F087A4
:1014F00010A3000000487047384700207546FFF7EA
:10150000F9FFAE4605006946534620F007008546C0
:1015100018B020B5FEF764FEBDE820404FF000068D
:101520004FF000074FF000084FF0000B21F00701CB
:10153000AC46ACE8C009ACE8C009ACE8C009ACE80E
:10154000C0098D467047000010B5FFF711FD001D62
:1015500010BD00BF4D8F00002DE9FF4F06468BB038
:101560000878FF2806D0491C2D2805D000244FF00C
:10157000000908E000200CE00124F8E709EB8903EA
:10158000491C00EB43090878FF28F7D114B1C9F1D1
:1015900000008146107800252C46AA4629462D28B1
:1015A00001D02B2804D1521C2D2813D000208246B4
:1015B0008B461078FF280FD04FF0000C0A21521CE8
:1015C000A5FB017804FB018105FB0C11C5194BEB50
:1015D0000104EEE70120EAE7002108464FF0000091
:1015E000BAF1000F02D000EB80004008C0F3815731
:1015F000012F01DD4FF0FF370E9955EA040009EB8A
:1016000001080BD04FF0020918F5FA7F16DA4FEAFD
:10161000CA70002F706008DD012007E04FEACA7031
:10162000C6E900B00FB0BDE8F08F00203060FFF7D2
:10163000A3FCC0F800901821084616E0B8F5FA7F20
:1016400018DD002F02DAF748784401E0F6487844C4
:10165000D0E90010C6E9001040EACA707060FFF7D8
:101660008BFCC0F80090142108460FB0BDE8F04F85
:1016700009F057BC002108464FF00000B8F1000106
:10168000099002DAC7F1000200E03A4601DAC8F137
:10169000000106A8FFF7BCFE06AB93E8070003AB0A
:1016A00083E8070044F23E005BEA040100905846DC
:1016B00004D144F21E012C465D460091210C090420
:1016C000014306D10099240444EA15442D0410393D
:1016D000009104F07F41014306D10099240244EABD
:1016E00015642D020839009104F07041014306D1C0
:1016F0000099240144EA15742D01091F009104F09A
:101700004041014306D10099A40044EA9574AD001C
:10171000891E009104F00041084304D100986D191E
:101720006441401E00904FF001033A466846B8F10C
:10173000000FCDE9014503A902DD00F0CEFE01E076
:1017400000F0A1FEBAF1000F04460D4601D084F06E
:101750000044002108464FF00000099940F2FF774D
:10176000484010F00C0F07D124F00040284303D06C
:10177000C4F30A50B84212D1FFF7FEFBC0F8009044
:10178000C4F30A50B8420AD1A8487844D0E90010FE
:10179000C6E9001004F000410843706042E7C6E962
:1017A00000543FE72DE9FF4F1F464FF0000A4FF06E
:1017B000FF38454691B0D7E90146CDF83CA0FFF788
:1017C000D7FBC0680168405C1090B96912986D1C25
:1017D0008847396A814688470028F6D1B9F1FF3F2A
:1017E0000AD0002E24F4D06411DDB9F12B0F08D0FB
:1017F000B9F12D0F0BD102E0404615B013E744F4C8
:101800008064B96912986D1C8847761E8146600510
:1018100004A901D52D2000E02B20002E01F1010BA1
:101820000DF130088DF810003FDDB9F1690F08D0D7
:10183000B9F1490F05D0B9F16E0F02D0B9F14E0FD1
:101840001CD13B4601A8009580E85002DDE9121248
:101850006FF0020009F0F4FBC11CCED10EE0B969B3
:1018600012986D1C884781461398761E44F40074C4
:1018700005600F98401C002E0F9016DDB9F1300F57
:10188000EDD0B9F1780F02D0B9F1580F0DD10F9802
:1018900001280AD13B46CDE90054DDE91212001FB0
:1018A000029609F0CBFBC11CA7D1109989453ED106
:1018B00044F0800406E01399681CAAF1010A44F47C
:1018C00000740860B9696D1C1298761E884730282C
:1018D0008146F0D02BE01099894505D1200603D42C
:1018E000761E44F0800418E0484604F01EFC08B35D
:1018F000761E0DF123018B4544F4007408D2A9F142
:1019000030000BF8010B200607D5AAF1010003E017
:10191000200602D40AF101008246A00502D51399DF
:10192000681C0860B96912986D1C88478146002EB2
:10193000D1DC53E0002E51DDB9F1650F02D0B9F1D1
:10194000450F4BD1A00549D5B9696D1C1298761E7B
:1019500024F440748847002E81460CDD2B2804D0E7
:10196000B9F12D0F07D144F48074B96912986D1C38
:101970008847761E8146E00501D52D2100E02B2108
:1019800008F8011BCDF8008021E0761E0DF1390129
:10199000884544F400740CD2A9F1300010F0FF0027
:1019A00088F8000002D10099884509D908F101089A
:1019B00006E0E00501D51E4801E042F20F708246C4
:1019C000B96912986D1C8847814613980560002EEE
:1019D00004DD484604F0A9FB0028D6D1F969129825
:1019E0008847FF2053468BF8000088F8000000204D
:1019F0000A900B9004AA0CA90AA8FFF7ADFDA00558
:101A000002D46FF00100F8E614F0240F12D0E007C2
:101A10001CD13868DDE90A12031D3B600068C0E98B
:101A2000001213E0A0AA000092AA000056A900002C
:101A3000F1D8FFFF0AA9684604F006FBE00705D1CC
:101A40003868009A011D3960006802602846D4E6B3
:101A500010B50446AFF300802046BDE81040FEF705
:101A6000ABBB00002DE9FF4F1F464FF03C0987B08C
:101A70004FF00042DDE9141001F10108DDF858A033
:101A800002EA405003900020059083460546044634
:101A90000490B969461E08988847AAF1010A029085
:101AA000BAF1000F3BDD02982E2815D01021FFF768
:101AB000C8F900282EDB4FF0010B0599014317D020
:101AC000B9F1000F0BDB4A46C11700F0F5F90543E9
:101AD0000C43A9F1040905E0012004900BE008B1D2
:101AE00045F0010501200590049820B9361D02E05B
:101AF000049800B1361FB969089808F101088847B1
:101B0000BBF1000FAAF1010A0290C9D00999C1F8EE
:101B10000080C5E70298702808D0502806D0F969DF
:101B200008988847BBF1000F14D04FE000200290C6
:101B30000120BBF1000F049009D0B969089808F1A1
:101B400001088847AAF10109B9F1000F07DCF9691A
:101B5000089888476FF001000BB0BDE8F08F2B2884
:101B600004D02D280CD14FF0FF300490B9690898AB
:101B700008F101088847A9F10109B9F1000FE6DD74
:101B8000411CE4D00A21FFF75CF90028DFDB029951
:101B900008F1010801EB810100EB41000290B969F5
:101BA000089888470A21FFF74CF9099AA9F1010919
:101BB000B9F1000FC2F8008001DD0028E7DAF96909
:101BC000089888470499029800FB016655EA0400CA
:101BD00004D004F04041090002D006E0039898E0E8
:101BE000A40044EA9574AD00B61E04F0004108005C
:101BF00002D16D196441761E159810F0240F03D0A0
:101C00004FF00B095C4803E04FF028096FF07D00AE
:101C10008246564507DAAAEB06018944B9F1410F1D
:101C200001DD4FF0410901200021A9F1010200F07E
:101C300043F9024628400B462140084301D00121C8
:101C400000E00021501E029143F1FF312840214065
:101C5000084301D0012000E000200299834651EAA8
:101C60000B014FD0002108464FF00000039900F40B
:101C7000400039B100EB80004FF4400100EBD07020
:101C800001EA60008015012802DD4FF0FF3000E01E
:101C900013D0401C36D0029860B3BBF1000F0CD1BA
:101CA0004A460120002100F007F92840214008435E
:101CB00001D0012000E00020E0B101204A460021CF
:101CC00000F0FAF8034640190A4661412D1A8C418A
:101CD00011D3B9F1400F09DD159810F0240F02D08F
:101CE000AAF1340603E0AAF1170600E0761C0025ED
:101CF0004FF0004406E05B1E42F1FF3220EA03058C
:101D000021EA0204CAF10100B04206DA1B49039835
:101D100008430190002000900EE0039AC4F3D32101
:101D2000E80A0A43164940EA44500A433146CDE9DD
:101D30000002684604F0EEF9159810F0240F0BD05D
:101D40001598C00715D13868DDE90012031D3B6006
:101D50000068C0E900120CE002A8694604F074F9BA
:101D60001598C00705D13868029A011D39600068CE
:101D700002604046F0E6000002FCFFFF0000F07F3A
:101D80000000F03F2DE9FF4F92461D4685B04FF011
:101D90000041DDE9124BDDE914727F1E01EA4B5070
:101DA000414940F0FF4940EA0108002122F02000AB
:101DB0004928049102D04E2828D04CE03BA00126AF
:101DC00007C88DE80700A9690698641C88477F1E2C
:101DD000014606D41DF8060018B121F02001814209
:101DE0000BD0E96906988847032E34D0082E32D0EC
:101DF0006FF0010009B0BDE8F08F761C032E01D012
:101E0000082EE0D1601CCAF80000DCE7A96906983A
:101E1000641C88477F1E2AD420F02000412826D148
:101E2000A9690698641C88477F1E20D420F02000F2
:101E30004E281CD1A9690698641C88477F1E48F467
:101E4000002849F48009CAF8004001D4282806D0A7
:101E5000E969069888475FEACB7012D022E0A96949
:101E60000698641C88477F1E01D4002803DAE969BC
:101E700006988847BCE72928F1D1641CCAF80040BD
:101E8000E9E71BF0240F07D028680499031D2B6095
:101E90000068C0E9001805E02868021D2A60006893
:101EA000C0F800902046A5E70000F07F494E464963
:101EB0004E49545900000000B2F120030AD5C2F186
:101EC000200301FA02F120FA03F300FA02F041EADA
:101ED0000301704700FA03F14FF0000070475FEA1A
:101EE000400C08BF91F0000F4FEA8C234FEAC1224B
:101EF00043EA51514FEA1C5018BF00F5F0404FEA39
:101F0000300018BF41F000415FEA6C5C00F02980AE
:101F1000BCF1FF3F08BF40F080407047130C06BF84
:101F200012044FF0100C4FF0000C130E04BF1202FD
:101F30000CF1080C130F04BF12010CF1040C930FE9
:101F400004BF92000CF1020CD30F04BF52000CF13D
:101F5000010C11464FF00002A0F11F00A0EB0C0095
:101F6000704711F0004F08BF704731F000413FF457
:101F7000D5AF0B0C06BF09044FF0100C4FF0000C4E
:101F80000B0E04BF09020CF1080C0B0F04BF090172
:101F90000CF1040C8B0F04BF89000CF1020CCB0F69
:101FA00004BF49000CF1010CCCF12003A0EB0C00A4
:101FB00022FA03F302FA0CF241EA030100F10100F4
:101FC000704720F07F4C80EA030023F07F47ACEBA2
:101FD000070303F57C5300F0004003F1FF032DE9F4
:101FE00080494FEA154B09B44FEA144325EA0B4EDA
:101FF00024EA03480FF2042606EB132749083E782B
:102000005FEA320203FB0667C7F5000707FB06F627
:102010004FEA54374FEAD64606F1020607FB066C34
:10202000CCF1005C4FEA1C472CEA074C07FB06F496
:102030000CFB06F504EB15464FEA961634BF00205C
:102040004FF000404FEAD13706FB07FC4FEA1C4C2B
:102050000CFB0BF7D21B03FB0CF761EB07010CFB2E
:102060000EF7B0EB074072EB17420CFB08F734BFDA
:10207000A2EB0742B2EB074261EB17414FEA0C4477
:102080004FEA910706FB07FC4FEA1C4C0CFB0BF7D1
:10209000B0EBC74072EB573203FB0CF734BFA2EB37
:1020A000C742B2EBC74261EB57310CFB0EF7B0EB06
:1020B000C70072EB57720CFB08F734BFA2EBC702E4
:1020C000B2EBC70261EB5771039F4FEA816141EAAE
:1020D000921104EBCC044FEAD1374FEA826206FB3F
:1020E00007FC42EA90124FEA80604FEA1C4C0CFB5E
:1020F0000BF7D21B03FB0CF761EB07010CFB0EF790
:10210000B0EB074072EB17420CFB08F734BFA2EBB1
:102110000742B2EB074261EB17414FEA8C554FEA99
:10212000910704EB9C2406FB07FC4FEA1C4C0CFBBC
:102130000BF7B0EBC74072EB573203FB0CF734BF21
:10214000A2EBC742B2EBC74261EB57310CFB0EF773
:10215000B0EBC70072EB57720CFB08F734BFA2EB71
:10216000C702B2EBC70261EB577115EB4C254FEA82
:10217000816141EA92114FEA82624FEAD13742EA25
:10218000901206FB07FC44F100044FEA80604FEA1E
:102190001C4C0CFB0BF7D21B03FB0CF761EB07018C
:1021A0000CFB0EF7B0EB074072EB17420CFB08F785
:1021B00034BFA2EB0742B2EB074261EB174115EBCC
:1021C0001C154FEA813141EA92414FEA823242EADC
:1021D00090424FEA80304FEA0C7644F1000448EA1E
:1021E00003434EEA0B484FF0000EB2EB080C71EBC4
:1021F000030724BF624639464EEB0E0E4FF0000B2C
:102200000018524149414BEB0B0BB2EB080C71EB40
:1022100003077BF1000B24BF624639464EEB0E0EDE
:102220004FF0000B0018524149414BEB0B0BB2EB46
:10223000080C71EB03077BF1000B24BF62463946A3
:102240004EEB0E0E51EA020718BF46F0010616EBE0
:102250000E7655F1000254F1000103D5BDE8890165
:10226000BDE80088BDE88901BDE80048B6195241C3
:1022700041EB0101A3F10103704780807F7E7D7CEB
:102280007B7A7978777676757473727171706F6E08
:102290006E6D6C6C6B6A6A696868676666656464B3
:1022A000636362616160605F5F5E5E5D5D5C5C5B3D
:1022B0005B5A5A59595858575756565555555454AC
:1022C000535352525251515050504F4F4F4E4E4D0A
:1022D0004D4D4C4C4C4B4B4B4A4A4A494949484856
:1022E0004847474747464646454545444444444396
:1022F00043434342424242414141000046EA0646CE
:10230000A3F570534FEA164646EA42564FEAD222E8
:1023100042EA415210B54FEAD121A3F1010300F086
:102320002FF820F0004000F1020C00F0004701EB14
:1023300000501146BCF5006F40EA070000D210BD06
:10234000BAF1000F0AD01CB503B44FF004004FF0EF
:1023500004014FF000000FBCBDE810404FF0000139
:10236000BBF1010FB9BF04484FF0FF310348002112
:1023700040EA070010BD00BFFFFFEF7F0000F07FC5
:10238000002B9C4630D477002BD01CB54FEA370782
:1023900003B44FF010004FF01001BAF1000F06D057
:1023A000BCF1000FDCBF40F0080040F008014FF026
:1023B00000000FBCBDE810400BF1010BBBF1010F99
:1023C00008BF5FEA170722BF12F1010211F10101F4
:1023D0004FF0004143F1000300F0004043EA0000E9
:1023E0007047F9D35708D0E746EA064613F1400F85
:1023F0004FEA16461FDD13F1200FDFBF16430A46D2
:10240000002120335B42BED0C3F1200746EA0646D6
:1024100002FA07F74FEA164646EA0706C3F1200715
:1024200022FA03F201FA07F721FA03F14FF0000351
:1024300042EA0702A7E746EA020646EA06464FEAEC
:10244000164646EA0106BCBF46EA0646360C4FF081
:1024500000034FF000024FF0000194E72DE9804C9B
:102460009A46934670B491E8380007C831EA400CA8
:1024700048BF34EA430C03D5FFF7A3FDFFF780FF05
:10248000F0BCBDE8008C2DE9804C9A46934670B4B0
:1024900091E8380007C831EA400C48BF34EA430CE1
:1024A00003D5FFF78EFDFFF729FFF0BCBDE8008CD8
:1024B0002DE9804C9A46934670B491E8380007C8DD
:1024C00010F0804F08BF13F0804F03D100F01AF8CE
:1024D000FFF756FFF0BCBDE8008C2DE9804C9A4612
:1024E000934670B491E8380007C810F0804F08BFD9
:1024F00013F0804F03D100F005F8FFF7FFFEF0BCAA
:10250000BDE8008C20F07F4780EA030023F07F4C79
:1025100007EB0C03A3F57C5300F00040A3F1FE038E
:1025200092F0000F00F0B38095F0000F00F077807C
:102530002DE901494FEA11404FEA144621EA0048CB
:1025400000FB06FC24EA064708FB06F607FB08F832
:1025500000FB07F718EB06484CEB164C4FEA124B02
:1025600018EB07484FEA15464CEB174022EA0B4E92
:102570000BFB06FC25EA06470EFB06F607FB0EFEE4
:102580000BFB07F71EEB064E4CEB164C4FF000060C
:102590001EEB074E4CEB174B18EB0B0840F10000FD
:1025A00018EB0E0B58EB000840F100008F1A4FF0AB
:1025B00000013CBFC943661B14BFB5EB040C0021EE
:1025C0003CBFC943F61B4FEA17444EEA8E0E27EA7A
:1025D00004454FEA1C4704FB07622CEA074C05FB45
:1025E00007F70CFB05F604FB0CFC16EB074642EB69
:1025F000174216EB0C4642EB1C421BEB060658EB4F
:102600000202414146EA9E0601D5BDE80189B6199C
:10261000524141EB0101A3F10103BDE801894FEAF9
:1026200014454FEA114724EA054621EA074C05FB09
:1026300007F406FB07F70CFB06F105FB0CFC11EB9E
:10264000074144EB17444FEA124711EB0C4144EBAE
:102650001C4422EA074C05FB07F206FB07F70CFBBC
:1026600006F605FB0CFC16EB074642EB174216EB91
:102670000C4642EB1C456A1854F1000148BF7047F4
:10268000B619524141EB0101A3F10103704795F0E6
:10269000000F37D04FEA11424FEA144721EA0246B1
:1026A00024EA074C02FB07F106FB07F70CFB06F4D4
:1026B00002FB0CFC14EB074441EB17414FEA1547B2
:1026C00014EB0C4441EB1C4125EA074C02FB07F5D7
:1026D00006FB07F70CFB06F602FB0CFC16EB0746A5
:1026E00045EB174516EB0C4645EB1C42121951F110
:1026F000000148BF7047B619524141EB0101A3F1F7
:10270000010370474FEA14454FEA114724EA054692
:1027100021EA074C05FB07F106FB07F70CFB06F265
:102720004FF0000605FB0CFC12EB074241EB174192
:1027300012EB0C4251EB1C4148BF7047921841EB21
:102740000101A3F10103704708B501460020009084
:10275000034800900098084400900098008808BD45
:10276000006C004008B500220092044A0092009AD2
:1027700002440092009A116008BD0000006C004005
:102780002DE9F04104460D4616461F4642480470A6
:10279000424804700120424908704248002101600B
:1027A00081800020404908704049087045B140A030
:1027B00000F0B8FB00F018F9502001F0E4F905E052
:1027C0003DA000F0AFFBFA2001F0DDF93DA000F0E4
:1027D000A9FB304600F032FD38B93DA000F0A2FB65
:1027E00000202D490870BDE8F0810321B42000F0DD
:1027F00037FD30B939A000F095FB0020264908705C
:10280000F1E70220264908700020374908700320AC
:102810002349087035A000F085FB00F091FA10B94B
:1028200035A000F07FFB04201D49087035A000F0A2
:1028300079FB44F62061082000F0A2F830B934A0FA
:1028400000F070FB002014490870CCE70120164905
:10285000087005201249087030A000F063FB40F2B8
:10286000DC51384600F03EFC50B92FA000F05AFB76
:1028700000200D4908700D49087007490870B2E73B
:1028800085200A49087006200549087029A000F033
:1028900049FB0120A7E70000280000204D00002090
:1028A0004E000020380000204C00002029000020AD
:1028B00042493A48520D0A0042493A57544E0D0ACD
:1028C0000000000042493A5052450D0A0000000045
:1028D00042493A465052450D0A00000042493A46E4
:1028E0005052530D0A0000004F00002042493A5058
:1028F00049440D0A0000000042493A465049440D3F
:102900000A00000042493A4654520D0A00000000F5
:1029100042493A464654520D0A00000042493A578D
:1029200046520D0A0000000042493A465746520DF1
:102930000A00000042493A5244590D0A00000000C2
:1029400010B5002415E001F015FF0C49097849067F
:10295000080E01F0B7FE01F04FFF18B901F02AFF91
:10296000012010BD01F026FF012001F00CF9601CD0
:10297000C4B2032CE7D30020F3E7000028000020B6
:1029800030B585B005460C4614216846FDF73FFF7B
:10299000FD208DF800008DF80150E0B28DF80500A3
:1029A000200A8DF80600200C8DF80700200E8DF807
:1029B000080011226946022000F06AFA05B030BD15
:1029C0007CB5044600250BE0694601A800F042F9F9
:1029D00018B9022001F0D7F800E000BF681CC5B2AA
:1029E000A542F1DB7CBD000010B54FF480410748E3
:1029F00001F01BFB0A2001F0C6F84FF480410348A8
:102A000001F015FB502001F0BEF810BD000C014094
:102A10002DE9F04104460E46092E02D20020BDE801
:102A2000F08162480078FB2801D00020F7E75F487A
:102A300045795F480570012D39D10F2E37D35B489A
:102A4000093000F0FFF80746082100F0B9F8A0614E
:102A500056480B3000F0F6F80746082100F0B0F8B1
:102A6000E06152480D3000F0EDF80746082100F013
:102A7000A7F820624F49A06908F04EF8074607F012
:102A8000CFFF00B220804B49E06908F045F80746C7
:102A900007F0C6FF00B260804649206A08F03CF8A3
:102AA000074607F0BDFF00B2A0800120B7E7022D66
:102AB00045D10F2E43D33D48093000F0C3F880467E
:102AC000092100F07DF807463B4908F025F86062CF
:102AD00036480B3000F0B6F88046092100F070F857
:102AE0000746354908F018F8A06230480D3000F06C
:102AF000A9F88046092100F063F807462E4908F03E
:102B00000BF8E0622D49606A08F006F8074607F006
:102B100087FF00B2E0802949A06A07F0FDFF074661
:102B200007F07EFF00B220812449E06A07F0F4FF3D
:102B3000074607F075FF00B2608101206FE7052DA1
:102B400001D0082D2FD1112E2DD31848093000F0B7
:102B500079F807460E2100F033F8A06413480B30D3
:102B600000F070F807460E2100F02AF8E0640F48E4
:102B70000D3000F067F807460E2100F021F82065BF
:102B80000A480F3000F05EF807460E2100F018F8F2
:102B90006064012084F8600084F86200204600F040
:102BA000DFF901203BE7002039E700004406002060
:102BB0005400002000007A44E12E65420000C84223
:102BC0002DE9F04105460C46012101FA04F007F019
:102BD0005BFF0646284607F03FFF0746314607F0F1
:102BE0005DFEBDE8F081000070B506460D460DB9EA
:102BF000002070BD01F0BEFD11490978012202EBF1
:102C00004101C8B201F05EFD01F0F6FD18B101F01E
:102C1000D1FD0020EDE700240CE001F003FD30556C
:102C2000601CA84202D201F033FD01E001F088FDF2
:102C3000601C84B2AC42F0DB01F0BCFD0120D8E79F
:102C400028000020014608784A7840EA022000B2B5
:102C5000704700002DE9F041E2B006460F464FF400
:102C60000041314801F0D8F918B1002062B0BDE848
:102C7000F0812E480068401C2C49086000202C4937
:102C800008702C48002101600421FFF7ADFF20B936
:102C90000120274908700020E8E7264800782549E8
:102CA000497840EA0128C8F30E08B8F1040F04D2AD
:102CB00002201F4908700020D8E7A8F1040084B260
:102CC00014B1B4F5C07F04D903201949087000205D
:102CD000CCE7201D81B201A8FFF786FF20B90420B0
:102CE000134908700020C1E74FF4C0711248FDF786
:102CF0008EFD002506E001A9281D085C0E494855F7
:102D0000681C85B2A542F6DB0020094908700B4813
:102D10000068401C0949086016B106488078307088
:102D200007B13C800120A1E70008014064000020B9
:102D30006C0000203E0000204406002068000020B7
:102D40003EB50025F9208DF8080000208DF8090017
:102D50000820FFF735FE142000F015FF1FA000F03B
:102D6000E1F8022202A9104600F092F820B91EA054
:102D700000F0D8F800203EBD002426E0694601A8F6
:102D8000FFF768FFE0B11DB901251AA000F0CAF8ED
:102D90001B4800781B4908709DF8040002280FD1D9
:102DA000BDF8000002280BD315480078F82807D199
:102DB00015A000F0B7F88520164908700120DAE761
:102DC000012000F0E0FE601C84B2B4F5FA6FD5D3A8
:102DD00011A000F0A7F80020CDE7000042493A50CA
:102DE0004944530D0A00000042493A4650494453B1
:102DF0000D0A000042493A504944504B0D0A000068
:102E0000440600204F00002042493A504944520DE8
:102E10000A0000002900002042493A545049440D5C
:102E20000A00000070B516480578002015490870A2
:102E3000154908701549087008241BE010480470F3
:102E4000FFF77EFD00B913E01048007808B90D487F
:102E500004700D4804700D480078FF2804D20B4818
:102E60000078401C09490870012000F08CFE00BF6A
:102E7000601CC4B2782CE1D30148057070BD00001D
:102E800028000020500000205100002052000020A7
:102E90002DE9F047E0B00446894617463D1DB5F5DB
:102EA000C07F03D9002060B0BDE8F0871A480470E5
:102EB0001A4805801A4810F804A0005D401C184903
:102EC0000855E8B28DF80000280A8DF801008DF849
:102ED00002408DF803A0002606E019F80610301D08
:102EE0000DF80010701CC6B2BE42F6DB4FF00008B1
:102EF0000DE02946684600F0F1F908B10120D2E75B
:102F0000052000F040FE08F1010000F0FF08B8F1D4
:102F1000030FEED30020C6E7580000205A0000201F
:102F20003800002010B50446204602F09BFF10BD7B
:102F300010B504460948007800B110BD4CB100201E
:102F400084F8600060632063A06384F8610084F803
:102F5000620001F005F900BFEFE700005E0000200D
:102F60002DE9FF5F0446656CA06C0390E06C029055
:102F7000206D01904FF08040019907F0CDFD009049
:102F8000019907F0C9FD82464FF04040029907F0D1
:102F9000C3FD0090029907F0BFFD8346514607F03C
:102FA0004BFF81464FF07E5107F004FC074629464F
:102FB0004FF0804007F0B0FD8346019907F0ACFD6B
:102FC00081464FF08040039907F0A6FD83460299A1
:102FD00007F0A2FD8246494607F0ECFB80463946E1
:102FE00003F054F980F000463A49304607F094FD6A
:102FF00039490860394801683748006807F01CFF04
:10300000064600F04BF9606329464FF0804007F018
:1030100083FD8346029907F07FFD81464FF04040D3
:10302000039907F079FD8346019907F075FD824603
:10303000494607F0BFFB80464FF07E52284901F019
:1030400052F8074603F090F880F0004621493046D8
:1030500007F062FDE0634FF08040029907F05CFDED
:103060000090029907F058FD82464FF040400399C6
:1030700007F052FD0090039907F04EFD834651463C
:1030800007F0DAFE81464FF07E5107F093FB0746CA
:1030900029464FF0804007F03FFD8346039907F033
:1030A0003BFD81464FF08040029907F035FD834695
:1030B000019907F031FD8246494607F07BFB8046C7
:1030C000394603F0E3F80646024907F025FD20647F
:1030D000BDE8FF9FE12E654248000020440000202B
:1030E000000080BF2DE9F04790B004460D463148FE
:1030F000D0F800903048D0F800A00026B046002755
:1031000024E0204601F032F948B194F8600030B173
:103110002AA0FFF707FF012010B0BDE8F087B8F143
:10312000000F05D123480068484501D04FF0010841
:103130003EB921480068504503D0012622A0FFF780
:10314000F1FE012000F01FFD781C87B2AF42D8DBF2
:1031500086B12048008820490978CDE900101F4831
:1031600003781FA2302104A8FDF74EF804A8FFF74A
:10317000D9FE1CE0B8F1000F16D02248C0782149D2
:103180008978204A52781F4B1B78CDE90032CDE96F
:1031900002101D4803781DA2302104A8FDF734F861
:1031A00004A8FFF7BFFE02E021A0FFF7BBFE00204E
:1031B000B2E70000640000206800002042493A5253
:1031C00050540D0A0000000042493A5746504B0D3A
:1031D0000A00000056000020540000205300002088
:1031E00042493A57464E502063683D257520726922
:1031F000643D307825303258206C656E3D25750D64
:103200000A0000003E0000206C00002042493A57AE
:1032100046524120633D257520683D2530325825B2
:1032200030325825303258253032580D0A0000000F
:1032300042493A57464E4F0D0A00000070B5044609
:10324000002509E0FFF77CFB08B1012070BD0520D7
:1032500000F099FC681D85B2A542F3DB0020F5E77C
:103260002DE9F04106460C460027002512E0FFF745
:1032700067FB40B1A54201DA681CC5B2A54203DB79
:103280000120BDE8F08100250A2000F07CFC07F158
:103290000A0087B2B742EADB0020F2E710B5044625
:1032A00004E00B49204607F0C7FD044609492046C3
:1032B00007F0FEFCF5D304E00549204607F07AFA52
:1032C00004460549204607F0F3FBF5D3204610BD20
:1032D0000000B44300003443000034C370B5054619
:1032E0000E4600201549088001F044FA1449097877
:1032F0004906080E01F0E6F901F07EFA30B100202F
:103300000E49088001F056FA002070BD00240EE03E
:10331000285D01F0D7F901F06FFA30B1601C074960
:10332000088001F047FA0020EFE7601C84B2B44245
:10333000EEDB01F03FFA0120E7E700005C0000202F
:1033400028000020032005F08BFA10B50446204623
:1033500000F026F910BD70B504460D4629462046FA
:1033600000F0D8F970BD10B50446204600F044FACC
:1033700010BD10B50446204600F088FA10BD10B507
:103380000446204600F09EFA10BD10B504462046C3
:1033900000F088FB10BD10B50446204600F0AAFBE3
:1033A00010BD70B594B0044600260CB914B070BDC1
:1033B0000CE05021684602F079FD054605B907E0AA
:1033C0006946204605F008FF701CC6B2102EF0D3E7
:1033D00000BF204605F06AFE94F82F00D8B109E03E
:1033E000E0680A30E060204607F000F894F82F000B
:1033F00000B904E06068E168401A0A28F0D200BF12
:1034000060682169401A142804D36068206120464E
:1034100006F0B0FACAE7207868B994F82E0048B1EF
:1034200060682169401A142804D36068206120462E
:1034300006F0A0FABAE708E0E0680A30E06020464B
:1034400005F076FD207800B904E06068E168401A74
:103450000A28F1D200BF60682169401A142804D3F9
:1034600060682061204606F085FA00BF9EE70000F4
:1034700010B5044604B910BD4FF4AA712046FDF7FB
:10348000C6F906F0E1FD0C4844F8580F0B48E0651A
:103490004FF07A502066002060660948A06609480F
:1034A000E06600202067482024F8260C583C20467F
:1034B00006F086FE00BFDEE70000904100002041DC
:1034C000CDCCCC3E6F12833B10B504460CB9002026
:1034D00010BD204606F0E6F908B90020F8E71C21E7
:1034E00004F1D400FDF793F9642104F1F000FDF735
:1034F0008EF900F0BFFB04F1F00000F037FF30B1AF
:1035000004F1F00000F0BAFF012084F82C00012043
:1035100020706068A0606068E0606068206160683A
:10352000606160686062002084F82B00A0862046FD
:1035300006F09EF9204606F093F96068A061A06B42
:10354000E063A06BA064A06B2064A06B60650020AA
:10355000A4F8D000A4F8D20001F03CFB0120B7E7AA
:1035600010B5044604B910BD0020207084F82B006B
:10357000A08620616062A061204606F079F92046AD
:1035800006F06EF900F076FB204606F019FE00BF4B
:10359000E9E700B970474168491C416000BFF9E79D
:1035A00070B59EB0044600260CE050210AA802F037
:1035B0007DFC054605B907E00AA9204603F0BCFAE0
:1035C000701CC6B2102EF0DB00BF42F2245001592D
:1035D00042F210500059081A052802D3204603F081
:1035E00083FE42480078D0B142F22450015942F2A1
:1035F00018500059081A0A282CD342F224500159B5
:1036000042F21850015139480078052803D120466C
:1036100004F007F81EE0204603F0F1FF1AE094F8EA
:103620009C0010B194F89D00A0B994F8A80088B946
:1036300042F22450015942F214500059081AC82885
:1036400008D342F22450015942F21450015120464D
:1036500004F0A8F894F89C00C8B194F89D00B0B1AB
:1036600042F224500059D4F8A010461A42F22050D9
:103670000059301A0A2809D342F2205006511B483B
:10368000007818B93146204605F0DCF800BF94F800
:103690009C0048B3D4F8A40030B342F2245000593F
:1036A000D4F8A010461AD4F8A400B0421BD8204683
:1036B00000F0F8F9002004F89C0F012020736388C3
:1036C0000BA228216846FCF79FFD684604F002FE25
:1036D00063889C3C0BA2242101A8FCF795FD01A85E
:1036E00004F0F8FD00BF00BF1EB070BD84000020D4
:1036F0004558505F54494D454F55542069643D2508
:10370000750D0A004558505F454E442069643D25BB
:10371000750D0A0070B504460D464FF4155120464C
:10372000FDF775F801F05EFA01F03EFB01F04AFA90
:1037300000F0C6FA02F000FA05F058FA012000F095
:10374000B1FE204600F058F8002D38D100F008FDF9
:1037500000F000FD85282ED16421204600F071FC88
:10376000204600F003FE204603F0C6F9204600F094
:1037700085FE42F2B840E16B015142F23050E16BFC
:103780000151001D616B0151001D216B015142F27D
:10379000B8421159E06B07F04FFB42F2C4410851A7
:1037A00042F22450015942F208500151012142F2E3
:1037B0002850015503E064212046FDF728F8002039
:1037C0000749086007490860074908600749086019
:1037D0000749086007490860204604F0AFFF70BD44
:1037E000880000208C000020900000209400002021
:1037F000980000209C00002010B504461F4880342B
:1038000060601F48A0600020E0604FF07F502061A2
:10381000002060611B48A0611B4844F8800900211A
:1038200042F2B840015142F2D840015142F20C50EC
:103830000151001F015142F210500151001D015170
:10384000001D0151001D0151001D015142F228507F
:103850000155001D0151001D0151001D0151001DA8
:10386000015142F2E840015142F23C5001552046DC
:1038700003F089FE204603F0A1FE10BD9A99193F7E
:10388000A69B443C8FC2F53D00000C4270B5044637
:1038900002F077FF054642F23050015942F2B8403B
:1038A000015142F23450015942F2D84001510021F5
:1038B00042F23C500155204603F065FE284602F0D6
:1038C00066FF70BD70B504465CA005F015FA204691
:1038D00000F0E8F85DA005F00FFA4FF4967120466D
:1038E00004F02AFE40B9002142F2FA4001555CA0E2
:1038F00005F002FA002070BD5EA005F0FDF920463B
:1039000003F0FAF8204600F0B9FD42F2B840E16B4E
:10391000015142F2D840616B0151002142F23C500A
:10392000015542F23050E16B0151001D616B0151B4
:10393000001D216B015142F22450015942F22C50DA
:10394000015142F22450015942F208500151012123
:1039500042F2285001551421204604F071FD204602
:1039600003F011FE204603F029FE42F224500159D3
:1039700042F20450015142F22450015942F20850DF
:10398000015142F22450015942F21050015142F2C9
:103990002450015942F20C50015142F22450015975
:1039A00042F21450015142F22450015942F218508F
:1039B00001510021001D0151001D015142F2305002
:1039C000E16B0151001D616B0151001D216B015123
:1039D00042F2B842115942F23052105907F02CFA13
:1039E00042F2C441085142F22450015942F22C5093
:1039F00001510121001F015522A005F07DF902F0BF
:103A0000C0FE0546012142F2FA40015542F224501F
:103A1000015942F2FC400151204603F0CFFD00F075
:103A200029F9002000F03EFD01F0D4F8284602F00C
:103A3000AEFE18A005F060F901205CE752554E5F1C
:103A4000535445503D454E544552000052554E5F2B
:103A5000535445503D524541445F494D5500000087
:103A600052554E5F535445503D494D555F4641496F
:103A70004C00000052554E5F535445503D494D5542
:103A80005F4F4B0052554E5F535445503D454E419C
:103A9000424C450052554E5F535445503D444F4EA5
:103AA0004500000070B5044602F06BFE054600219B
:103AB00042F2FA400155204603F080FD204603F013
:103AC00062FD002142F23C50015542F20450015186
:103AD00042F210500151001F0151012000F0E2FCA0
:103AE00001F062F901F06EF800F0C4F8284602F027
:103AF0004EFE70BD70B5044604B970BD42F224504C
:103B00000059401C42F2245108514FF414500059FE
:103B1000401C4FF414510851084600590A21B0FBCB
:103B2000F1F201FB120010B9204604F0F1FB42F261
:103B30002450015942F20C500059081A052802D3AA
:103B4000204602F0C3FE94F89C00C8B1B4F8AC0063
:103B5000002815DD42F224500059D4F8A010451A6F
:103B600042F21C500059281AB4F8AC10884206D30F
:103B700042F21C5005512946204602F03FFD00BF8D
:103B800000BFBAE7704700B5034603E04FF47A7010
:103B900000F005F8181EA3F10103F7D100BD00EBFA
:103BA000C001C9004FF0E02251610021916105215F
:103BB000116100BF4FF0E021096901F48031002953
:103BC000F8D004214FF0E022116170472DE9F04751
:103BD00006460C4614B90020BDE8F08700F020F836
:103BE00005460DB90020F7E7204606F04DFF814657
:103BF00049460A4806F052FE0746284606F044FFAA
:103C00008146304606F028FF8246494606F046FEC9
:103C10008046394606F080FFDEE7000000606A4714
:103C20000D48008810B10C48008800E00B200146C8
:103C30000948408810B10848408800E01E2002462C
:103C40000548007910B10448007900E004200346DB
:103C500001FB02F0584370471C00002070B5044679
:103C6000204601F03AFC05B20021204601F0FEFC9E
:103C7000284670BD10B500214FF0804001F0F6FCE1
:103C80000021024801F0F2FC10BD000000040040D9
:103C9000002801DB012101E04FF0FF31014A5171A1
:103CA000704700001C000020002801DB012101E01A
:103CB0004FF0FF31014A9171704700001C00002055
:103CC0001FB50121084601F051FA0121022001F03F
:103CD0004DFA0121042001F059FA48208DF80F0017
:103CE00003208DF80E00C320ADF80C0003A929486D
:103CF00000F0BEF80020ADF80600ADF802004FF667
:103D0000FF70ADF804000020ADF800008DF8080049
:103D100069464FF0804001F0ABFC00231A460321B6
:103D20004FF0804001F0B8FB4FF08040008B40F630
:103D30000F71084040F0C00040F440404FF0804117
:103D400008836946144801F093FC00231A460321B6
:103D5000114801F0A1FB10481830008840F60F719F
:103D6000084040F0C00040F440400B491831088042
:103D70000121880701F075FB0121074801F071FB63
:103D800000214FF0804001F071FC0021024801F059
:103D90006DFC1FBD00080140000400402DE9F0410A
:103DA00004460F464FF08040FFF758FF0546214874
:103DB000FFF754FF0646204890F90500684305B216
:103DC0001D4890F90600704306B2A581E6810020E7
:103DD00020746074284602F0BEF91749098909B2B7
:103DE000884202DD002501202074304602F0B3F93C
:103DF0001149098909B2884202DD00260120607458
:103E000025816681B4F90810206808442060B4F95F
:103E10000A10606808446060B4F908003946FFF78A
:103E2000D5FE6061B4F90A003946FFF7CFFEA06104
:103E3000BDE8F081000400401C00002070B50025A2
:103E400001214FF0C05001F091F9012001F086F9F5
:103E50000420FEF779FC044604F47F40B0F5254FBA
:103E600000D1E5B200210420FEF77CFC284670BD9D
:103E70002DE9F04102460025002600200023002401
:103E8000002791F803C00CF00F0591F803C00CF067
:103E9000100CBCF1000F03D091F802C04CEA0505EC
:103EA00091F800C0BCF1000F31D0146800202BE065
:103EB0004FF0010C0CFA00F3B1F800C00CEA030655
:103EC0009E4220D183004FF00F0C0CFA03F7BC4345
:103ED00005FA03FC4CEA040491F803C0BCF1280F76
:103EE00006D14FF0010C0CFA00FCC2F814C00AE035
:103EF00091F803C0BCF1480F05D14FF0010C0CFA4A
:103F000000FCC2F810C0401C0828D1D31460B1F8DE
:103F100000C0BCF1FF0F34DD546800202EE000F13A
:103F2000080C4FF0010808FA0CF3B1F800C00CEAD5
:103F300003069E4221D183004FF00F0C0CFA03F7C9
:103F4000BC4305FA03FC4CEA040491F803C0BCF13D
:103F5000280F05D100F1080C08FA0CF8C2F81480FB
:103F600091F803C0BCF1480F07D100F1080C4FF0E5
:103F7000010808FA0CF8C2F81080401C0828CED3BB
:103F80005460BDE8F0810000F0B50A46002300242B
:103F90000021002500F00046B6F1004F02D11D4E71
:103FA000F16901E01B4E7168C0F3034583B200F470
:103FB0004016B6F5401F08D121F07061154E7668A5
:103FC00026F07066134F7E6012E000F48016B6F59E
:103FD000801F06D1032606FA05F4A14341F0706163
:103FE00006E0460D360103FA06F6B14341F0706172
:103FF00022B1460D360103FA06F6314300F00046C1
:10400000B6F1004F02D1034EF16101E0014E716043
:10401000F0BD0000000001400246002093680B4004
:104020000BB1012000E00020704741617047016141
:1040300070470AB1016100E041617047012004F05E
:104040000FFC2DE9F05F04460E464FF00008C14614
:10405000C246002500271EE0204600F087F918B967
:104060000520FFF790FD14E04046616A06F0A2FBD0
:1040700080464846A16A06F09DFB81465046E16AAB
:1040800006F098FB8246681C85B20520FFF77BFD91
:1040900000BF781C87B2B742DEDBDDB1284606F0F0
:1040A000F3FC83465946404606F0F8FBE06028469C
:1040B00006F0EAFC83465946484606F0EFFB2061CD
:1040C000284606F0E1FC83465946504606F0E6FBDA
:1040D000606103E00020E06020616061204600F044
:1040E000CDF9BDE8F09F70B506460D461446294649
:1040F000304606F0DDFC01D2284670BD2146304630
:1041000006F0D6FD01D22046F7E73046F5E700007D
:1041100008B501210D2001F039F801210848FFF709
:1041200033FF4FF40040ADF8000048208DF8030045
:1041300003208DF8020069460248FFF799FE08BD8A
:10414000000230000008014001480078704700007C
:104150002800002001480078704700002900002056
:1041600010B59AB001206149087061A0FEF7DAFE2F
:1041700001210D2001F00AF801216048FFF704FF3A
:104180004FF44050ADF8640014208DF86700032010
:104190008DF8660019A95A48FFF76AFE4FF480406F
:1041A000ADF8640010208DF8670003208DF86600DC
:1041B00019A95348FFF75CFE4FF40040ADF86400C6
:1041C00048208DF8670003208DF8660019A94D4836
:1041D000FFF74EFE4FF480414948FFF728FF4FF4A8
:1041E00080514748FFF723FF4FF400514448FFF741
:1041F0001EFF4548002101608180444801604FF462
:10420000C0714348FCF703FB002042490860424963
:1042100008604249087042490870424908704249A2
:104220000870424908704249087042490870424982
:104230000870424908704249087042490870424972
:1042400008804249088064216846FCF7E0FA0024AF
:104250000BE03F49085D6B464FF47A720021FEF790
:104260008FFA00B103E0601CC4B2042CF1DB00BF84
:104270003148007885281FD036A0FEF753FEFEF7A0
:10428000D1FD2C480078B8B135A0FEF74BFE6B4647
:104290009622002125480078FEF772FA60B924487A
:1042A000007822490978884206D06B469622002180
:1042B0001F480078FEF764FA1F480078852810D060
:1042C00000240BE02249085D6B464FF47A7201210D
:1042D000FEF756FA00B103E0601CC4B2042CF1DB17
:1042E00000BF0020014908701AB010BD5E00002018
:1042F00042493A494E490D0A0000000000023000D0
:10430000000C014000080140380000203E00002061
:104310004406002044000020480000204C000020FB
:104320004D0000204E0000204F00002050000020D3
:104330005100002052000020290000202800002009
:104340005300002054000020560000206000002090
:1043500064B6000842493A53434E0D0A000000007B
:1043600042493A534849540D0A0000002DE9FC41E6
:1043700004460027002514B1002084F86200384864
:104380000078D0B937480078A0B9374800884FF690
:10439000FF71884204D234480088401C32490880AA
:1043A00031480088C82805D300202F4908802046BE
:1043B000FEF7BEFD0020BDE8FC8100261EE0694638
:1043C00001A8FEF747FC00B91AE001279DF8040098
:1043D00026490870BDF80000254908809DF80400B2
:1043E000032803D09DF80400042805D1BDF800106F
:1043F0002046FEF70DFB0543701CC6B2062EDED329
:1044000000BF1DB994F8600028B127B900201649F3
:1044100008800120CFE713480078D8B912480088F7
:104420004FF6FF71884204D20F480088401C0E49A5
:1044300008800D48008828280CD300200A490880ED
:10444000074908700B49087001200B490870204685
:10445000FEF76EFD0DB10120ADE70020ABE70000D7
:104460004C0000205E00002060000020530000206F
:1044700056000020290000204E000020074909684E
:10448000074A1160002141658165C165416381630F
:10449000016380F8611080F86210704748000020C6
:1044A0004400002008B1012100E00021014A117000
:1044B00070470000370000202DE9F0470446894688
:1044C00094F8600008B9BDE8F0874B4801684B4894
:1044D000006806F0B1FC0746FEF7E0FE804694F85F
:1044E000610000287DD00021484606F0E1FB78D22B
:1044F0004046A16B06F0A0FC054604E04049284672
:1045000006F09AFC05463F49284606F0D1FBF5D354
:1045100004E03B49284606F04DF905463A4928464D
:1045200006F0C6FAF5D34946284606F0B7F906461E
:1045300000BF25F000400746344906F0B9FB07D319
:1045400000BF26F0004007462E4906F0B1FB2DD2F1
:1045500049462C4806F0E0FA07460021384606F0A6
:10456000A7FA00D8294F2949384606F0A1FB00D206
:10457000264F3946284606F09BFB00D23D4687F081
:10458000004A2946504606F093FB01D287F00045C9
:104590002946A06B06F00EF98246FEF77FFE8046A4
:1045A0004946284606F07AF9064600BF15493046C6
:1045B00006F07EFB00D2134E1349304606F078FA1F
:1045C00000D2114E3046216B06F036FC824610496F
:1045D00006F0A2FA0746216B06F0ECF8206305E02E
:1045E000FFE700202063012084F86100C4F83480D4
:1045F000C4F8388000BF66E744000020480000206F
:104600000000B44300003443000034C300003442CF
:104610003333B33E002002E000BF411CC8B2FF2884
:10462000FADB704770B5002400F042F9002523E062
:104630004FF480511548FFF7F8FCFFF7EBFF4FF4FC
:1046400080511248FFF7F3FC00F01AF930B94FF42B
:1046500080510E48FFF7E9FC204670BD6006040E4D
:104660004FF400510948FFF7D7FC08B144F00104AA
:10467000FFF7D0FF681CC5B2082DD9DB4FF480517D
:104680000248FFF7D2FC2046E7E70000000C01409B
:1046900010B500F01DF94FF400510948FFF7C5FCB3
:1046A0004FF480510648FFF7C2FC00F0E9F8FFF72D
:1046B000B1FF4FF480510248FFF7B7FC10BD000076
:1046C000000C014070B5044600F002F94FF480512F
:1046D0001A48FFF7AAFCFFF79DFF00252AE004F027
:1046E000800028B14FF400511448FFF7A0FC04E00B
:1046F0004FF400511148FFF798FC6006040EFFF7D5
:1047000089FF4FF480510D48FFF791FC00F0B8F895
:1047100028B94FF480510948FFF787FC70BDFFF7B7
:1047200079FF4FF480510548FFF77FFCFFF772FFD8
:10473000681CC5B2082DD2DB00BFEFE7000C0140BA
:1047400010B500F0C5F84FF400510948FFF76FFCB1
:104750004FF480510648FFF76AFC00F091F8FFF72C
:1047600059FF4FF480510248FFF75FFC10BD000075
:10477000000C014010B500F0ABF84FF400510C48AC
:10478000FFF755FC4FF480510948FFF750FC00F04B
:1047900077F8FFF73FFF4FF400510548FFF745FC5E
:1047A000FFF738FF4FF480510148FFF73EFC10BD82
:1047B000000C014010B500F08BF84FF480510D480B
:1047C000FFF733FC4FF400510A48FFF72EFCFFF7C8
:1047D00021FF4FF480510748FFF729FC00F050F803
:1047E000FFF718FF4FF400510248FFF720FCFFF7D6
:1047F00011FF10BD000C014010B5002400F058F866
:104800004FF400511D48FFF712FC4FF480511B4834
:10481000FFF70DFC00F034F840B94FF48051174811
:10482000FFF703FC00F054F8012010BDFFF7F2FE83
:1048300010E0601C80B20446B0F5966F08DB4FF4C0
:1048400080510E48FFF7F1FB00F042F80120ECE741
:10485000FFF7E0FE4FF400510848FFF7DDFB0028AA
:10486000E7D14FF480510548FFF7DFFBFFF7D2FE99
:1048700000F02EF8FFF7CEFE0020D6E7000C014036
:1048800010B5002409E0601C80B20446B0F5166F34
:1048900001DB002010BDFFF7BDFE4FF4805103483F
:1048A000FFF7BAFB0028EED00120F3E7000C01402F
:1048B00008B54FF40050ADF8000048208DF8030013
:1048C00069460248FFF7D4FA08BD0000000C014019
:1048D00008B54FF40050ADF8000014208DF8030027
:1048E00003208DF8020069460148FFF7C1FA08BDB0
:1048F000000C014070B520211C4804F01FF805464B
:104900006DB31B48007850BB0F20FFF73CF9202106
:10491000164804F013F808B3002403E00A20FFF758
:1049200032F90A342021114804F008F810B1B4F526
:104930007A7FF3D300BF20210C4803F0FFFF00284B
:10494000F9D10F20FFF71FF9012009490870B4F5CC
:10495000487F01D3022070BD0120FCE700BF15B9DC
:104960000020034908700020F5E70000000C01401A
:104970001A00002008B50121082000F007FC48209B
:104980008DF8030003208DF802002020ADF8000010
:1049900069460248FFF76CFA08BD0000000C0140B0
:1049A0000146012901D102A0704703A0FCE70000E5
:1049B000545241434B00000053545241494748541C
:1049C0000000000010B57E2000F064FC08B111A0CA
:1049D00010BD7D2000F05EFC08B110A0F8E77C203F
:1049E00000F058FC08B10FA0F2E77B2000F052FC69
:1049F00008B10EA0ECE77A2000F04CFC08B10DA045
:104A0000E6E77F2000F046FC08B10CA0E0E70DA02F
:104A1000DEE700005757444700000000495744476D
:104A2000000000005346542000000000504F522068
:104A30000000000050494E20000000004C5057522A
:104A400000000000554E4B4E00000000014619B911
:104A5000034890F8FA04704702480078FBE700002A
:104A6000A4400020E445002070B590B005460C46F7
:104A70002846FFF795FF064633461DA211210BA8D5
:104A8000FBF7C2FB2CB11DA2112106A8FBF7BCFB52
:104A900004E01EA2112106A8FBF7B6FB012D0CD1E4
:104AA0002CB11EA2112101A8FBF7AEFB0AE01FA248
:104AB000112101A8FBF7A8FB04E020A2112101A805
:104AC000FBF7A2FB0BAA0121084600F0EBFA1FA29C
:104AD0000121022000F0E6FA06AA0121032000F0DD
:104AE000E1FA01AA0121042000F0DCFA10B070BD47
:104AF0004D4F44453A252D313173000053544154F4
:104B0000453A52554E4E494E472020005354415489
:104B1000453A5245414459202020200054524143F7
:104B20004B3A52554E4E494E472020005452414375
:104B30004B3A50454E44494E472020005452414381
:104B40004B3A4F464620202020202000533D52550E
:104B50004E204C3D4D4F44452020200010B50446CA
:104B600014B900F005F810BD00F010F8FBE70000E4
:104B700010B50548FEF7F7FB0348FEF7FAFB0248BD
:104B8000FEF7FDFB10BD0000A420002010B5024878
:104B9000FEF79AFC10BD0000E445002010B5044665
:104BA0001CB90448FEF7F1FB02E00348FEF7D8FC0D
:104BB00010BD0000A4200020E4450020022003F0E6
:104BC0004FFE000010B501210148FFF72EFA10BD7D
:104BD000000C014010B501210148FFF728FA10BD73
:104BE000000C014000B589B00121042000F0CEFA8C
:104BF0000121082000F0CAFA0121C80200F0C6FA1B
:104C000010208DF8230003208DF822000120ADF83C
:104C1000200008A92E48FFF72BF901212C48FFF7A7
:104C200004FA3020ADF8200008A92A48FFF720F93F
:104C300030212848FFF7F9F940F20240ADF8200092
:104C400008A92348FFF714F940F202412048FFF772
:104C5000ECF918208DF823004001ADF8200008A9D8
:104C60001C48FFF705F90020ADF81A00ADF8160052
:104C70006320ADF8180040F2CF20ADF814000020FA
:104C80008DF81C0005A9144800F0F2FC01A800F002
:104C9000DFFC6020ADF804000020ADF80C0001201E
:104CA000ADF806000020ADF80A0001A90A4800F09E
:104CB00031FC01A9084800F079FC0121064800F008
:104CC000DCFB0121044800F0CCFB09B000BD000072
:104CD000000C014000080140002C014070B5054661
:104CE0000C46002D04DB0021284600F013F804E0F8
:104CF0000121684200B200F00DF8002C04DB002115
:104D0000204600F02BF804E00121604200B200F0E0
:104D100025F870BD70B504460D46642C00DD642492
:104D2000002C00DA002445B910210A48FFF77FF96A
:104D300020210848FFF779F907E010210548FFF71F
:104D400074F920210348FFF772F9A1B2024800F07C
:104D500089FC70BD00080140002C014070B504467C
:104D60000D46642C00DD6424002C00DA00244DB9CB
:104D700002210B48FFF75BF94FF480610848FFF709
:104D800054F908E002210648FFF74FF94FF480611B
:104D90000348FFF74CF9A1B2024800F065FC70BD72
:104DA000000C0140002C014010B530210848FFF7ED
:104DB0003CF940F202410748FFF737F90021064865
:104DC00000F050FC0021044800F04EFC10BD000033
:104DD00000080140000C0140002C01407047000019
:104DE00070B5002100230F22C47804B3154C246849
:104DF00004F4E064C4F5E064210AC1F10403CA408C
:104E0000447804FA03F184781440214309010E4CDC
:104E10000678A155047804F01F050124AC400578FC
:104E20006D11AD0005F1E025C5F8004109E00478F9
:104E300004F01F050124AC40044D0678761145F8B6
:104E4000264070BD0CED00E000E400E080E100E0F1
:104E500002490143024A1160704700000000FA0550
:104E60000CED00E070B500240EE00021204600F0BB
:104E7000C0F8002504E0002000F060F9681CC5B20D
:104E8000802DF8DB601CC4B2082CEEDB70BD000086
:104E900008B50121082000F079F910208DF80300F1
:104EA00003208DF802008020ADF800006946094813
:104EB000FEF7DEFF4FF48070ADF80000694605484C
:104EC000FEF7D6FF012000F00BF9012000F016F9E3
:104ED00008BD0000000C014070B50446002511E03B
:104EE000C4F3C01000F00AF903F054FE012000F0F2
:104EF000F7F803F04FFE002000F0F2F86006040E11
:104F0000681CC5B2082DEBDB012000F0E9F803F0C6
:104F100041FE002000F0E4F870BD10B5012000F063
:104F2000EDF8012000F0DCF803F034FE002000F082
:104F3000E5F803F02FFE002000F0D2F810BD10B508
:104F4000002000F0DBF8012000F0CAF803F022FE98
:104F5000012000F0D3F803F01DFE10BD10B5FFF7DF
:104F600097FFAE2000F0DAF8D52000F0D7F88020C7
:104F700000F0D4F8A82000F0D1F83F2000F0CEF8DF
:104F8000D32000F0CBF8002000F0C8F8402000F05B
:104F9000C5F8A12000F0C2F8C82000F0BFF8DA2060
:104FA00000F0BCF8122000F0B9F8812000F0B6F84B
:104FB000CF2000F0B3F8D92000F0B0F8F12000F0D5
:104FC000ADF8DB2000F0AAF8302000F0A7F8A4200C
:104FD00000F0A4F8A62000F0A1F88D2000F09EF8C3
:104FE000142000F09BF8AF2000F098F8FFF73AFF8C
:104FF00010BD70B505460C4645F0B00000F08EF8C7
:10500000102141EA141000F089F804F00F0000F0BC
:1050100085F870BD2DE9F04704460D461646374623
:10502000202F01DB7E2F00DD2027A7F1200000F0DC
:10503000FF086A1ED206110E621E5206100EFFF7FE
:10504000D8FF4FF000090AE0154901EB081111F8EB
:10505000090000F073F809F1010000F0FF09B9F14F
:10506000080FF1DB6A1ED206110E621E012303EB4C
:105070004202D0B2FFF7BDFF4FF000090BE0084934
:1050800001EB081209F10801505C00F057F809F132
:10509000010000F0FF09B9F1080FF0DBBDE8F0876F
:1050A00074B000082DE9F04107460E46154600246D
:1050B0000DB9BDE8F0810CE02A5D3019C1B2384667
:1050C000FFF7A8FF601CC4B23019C0B2102800DD81
:1050D00002E0285D0028EFD100BF00BFE9E7000033
:1050E00010B504460CB1012000E0002002468021EA
:1050F0000148FEF79EFF10BD000C014010B50446AC
:105100000CB1012000E0002002464FF480710248FB
:10511000FEF78FFF10BD0000000C014010B50446E3
:10512000FFF7FBFE7820FFF7D7FE0020FFF7D4FE45
:105130002046FFF7D1FEFFF702FF10BD10B5044671
:10514000FFF7EBFE7820FFF7C7FE4020FFF7C4FE15
:105150002046FFF7C1FEFFF7F2FE10BD01490862CD
:105160007047000000000E427047000029B1064A57
:10517000D2690243044BDA6104E0034AD2698243F4
:10518000014BDA61704700000010024029B1064A65
:1051900092690243044B9A6104E0034A9269824394
:1051A000014B9A6170470000001002400348406ABA
:1051B00040F08070014948627047000000100240D2
:1051C00030B500210022002400232D4D6D6805F02C
:1051D0000C0121B1042905D0082923D105E0294D6E
:1051E000056022E0274D05601FE0254D6D6805F440
:1051F0007012234D6D6805F48034022505EB924250
:105200001CB9214D554305600BE01D4D6D6805F43B
:1052100000351DB11C4D5543056002E0194D554345
:10522000056002E0174D056000BF00BF144D6D68BA
:1052300005F0F0010909154D6B5C0568DD4045601E
:105240000F4D6D6805F4E061090A104D6B5C45680F
:10525000DD4085600A4D6D6805F46051C90A0B4D4B
:105260006B5C4568DD40C560054D6D6805F44041E7
:10527000890B074D6B5CC568B5FBF3F5056130BD67
:105280000010024000127A0000093D0000000020DA
:105290001000002010B501460022002300204A1112
:1052A000012A02D1094C236806E0022A02D1074CE8
:1052B000236A01E0054C636A01F01F020124944057
:1052C0001C400CB1012000E0002010BD0010024085
:1052D000704710B500F002F810BD00000CB50020BA
:1052E000019000903348006840F4803031490860F4
:1052F00000BF3048006800F4003000900198401C66
:105300000190009818B90198B0F5A06FF1D1294823
:10531000006800F4003010B10120009001E000208E
:1053200000900098012843D12348006840F0100005
:10533000214908600846006820F00300086008461C
:10534000006840F0020008601A4840681949486047
:105350000846406848600846406840F480604860FD
:105360000846406820F47C1048600846406840F4D5
:10537000E81048600846006840F08070086000BF90
:105380000C48006800F000700028F9D00948406817
:1053900020F00300074948600846406840F00200DA
:1053A000486000BF0348406800F00C000828F9D1AD
:1053B0000CBD000000100240002002407047704702
:1053C0007047704710B51348006840F0010011495C
:1053D000086008464068104908400E494860084681
:1053E00000680E4908400B4908600846006820F430
:1053F000802008600846406820F4FE0048604FF4B2
:105400001F008860FFF765FF4FF0006004490860E7
:1054100010BD0000001002400000FFF8FFFFF6FE84
:1054200008ED00E010B50121084800F059F860B11E
:105430000121064800F012F80548FEF7AAF80548D1
:10544000007810B90448FDF7A6FF10BD0008004021
:10545000E4450020AC000020A4200020CA430282C2
:10546000704721B1028842F00102028004E0028804
:105470004FF6FE731A400280704731B1B0F84420F5
:1054800042F40042A0F8442005E0B0F84420C2F302
:105490000E02A0F844207047F0B50C4615461E4693
:1054A0000021002200230189028B038C4FF6F8773C
:1054B000394021434FF6FC473A4040F201173A4346
:1054C0004FF6DD773B404FF6FF7707EA06172F438D
:1054D0003B43018102830384F0BD0146888C704701
:1054E00030B50246002000230024158A05EA010396
:1054F000958905EA010413B10CB1012000E00020F8
:1055000030BD1AB183890B43838102E083898B43C9
:105510008381704770B5002400220023058C4FF66C
:10552000FE7635400584028C8388048B4FF68F7598
:105530002C40B51E2C400D882C43751E2A400D8929
:105540002A434D882A43144DA8420BD0134DA8423C
:1055500008D0134DA84205D0124DA84202D0124DDA
:10556000A84213D14FF6F7752A404D892A434FF6CA
:10557000FB752A408D882A434FF6FF652B404FF676
:10558000FF552B408D892B43CD892B43838004838A
:10559000CD888586028470BD002C01400034014016
:1055A00000400140004401400048014070B5002423
:1055B00000220023058C4FF6EF7635400584028CDF
:1055C0008388048B48F6FF752C404FF6FF452C402E
:1055D0000D884FF6FF7606EA05252C434FF6DF755A
:1055E0002A400D8906EA05152A434D8806EA051565
:1055F0002A43154DA84202D0144DA8421DD14FF6A2
:105600007F752A404D894FF6FF7606EA05152A4335
:105610004FF6BF752A408D8806EA05152A434FF6D6
:10562000FF352B404FF2FF752B408D8906EA85052B
:105630002B43CD8906EA85052B4383800483CD88DF
:105640000587028470BD0000002C01400034014039
:105650000021018041808180C1800181418181815F
:10566000C181704781867047018770478184704788
:10567000002202881D4B98420ED01D4B98420BD041
:10568000B0F1804F08D01B4B984205D01A4B98427E
:1056900002D01A4B984204D14FF68F731A404B88B0
:1056A0001A43174B984207D0164B984204D04FF636
:1056B000FF431A40CB881A4302808B8883850B886E
:1056C00003850A4B98420BD0094B984208D00E4BE9
:1056D000984205D00D4B984202D00D4B984201D113
:1056E0000B7A03860123838270470000002C01405F
:1056F000003401400004004000080040000C00405D
:1057000000100040001400400040014000440140EF
:10571000004801401FB501210420FFF727FD0020AC
:10572000ADF80A00ADF8060040F2E730ADF8080029
:105730004720ADF8040000208DF80C0001A91248A4
:10574000FFF796FF012211460F48FFF7DAFE01210D
:105750000D48FFF783FE4FF4A060FFF779FB1E2092
:105760008DF8000001208DF8030002208DF8010063
:1057700000208DF802006846FFF732FB0121024845
:10578000FFF76FFE1FBD00000008004010B540F29B
:1057900025511D4800F09FF810B31B4800F056F942
:1057A000C4B21A48008800F40040C8B917480088FD
:1057B00000F4804060B10A2C03D000201349088017
:1057C00020E01248008840F400401049088019E0A9
:1057D0000D2C06D10D48008840F480400B4908800C
:1057E00010E00A480088C0F30D0009490C5407482E
:1057F0000088401C0549088008460088C72801DD4C
:105800000020088010BD0000003801401800002072
:10581000B400002010B540F225511D4800F05BF89F
:1058200060B11B4800F012F9C4B21A480068401C6D
:1058300018490860204600F015F900BF08211448F7
:1058400000F03CF810B1124800F000F940F2277166
:105850000F4800F040F8D0B10F4800880F49098880
:1058600088420ED00E480C490988445C0A480088DA
:1058700004F0F9FD084908802146054800F0EBF8DE
:1058800005E0002240F22771014800F04EF810BDFB
:1058900000440040740000207A00002078000020BE
:1058A0000408002021B1828942F40052828104E080
:1058B00082894DF6FF731A408281704702460020AC
:1058C000B1F5007F00D100BF13880B400BB1012060
:1058D00000E00020704770B5024600240023002538
:1058E000002040F66A16B14200D100BFC1F3421554
:1058F00001F01F03012606FA03F3012D02D1968958
:10590000334006E0022D02D1168A334001E0968A28
:1059100033400C12012606FA04F41688344013B101
:105920000CB1012000E0002070BDF0B5034600245A
:1059300000260025002040F66A17B94200D100BFBA
:105940001846C1F3421401F01F06012707FA06F5B5
:10595000012C01D10C3004E0022C01D1103000E008
:1059600014301AB107682F43076002E00768AF439D
:105970000760F0BD2DE9F04786B005460E460024CD
:10598000A24600BFA1460027B08900B100BF2F4644
:105990002C8A4CF6FF700440F08804432C82AC89BA
:1059A0004EF6F3100440B0883189084371890843EA
:1059B0000443AC81AC8A4FF6FF400440B0890443F5
:1059C000AC8201A8FFF7FCFB1F48874202D1DDF83B
:1059D00010A001E0DDF80CA0A88900F4004040B15F
:1059E0000AEBCA0000EB0A1031684900B0FBF1F87D
:1059F00007E00AEBCA0000EB0A1031688900B0FB2F
:105A0000F1F86420B8FBF0F004012009642101FBE7
:105A10001089A88900F4004040B1322000EBC90091
:105A2000B0FBF1F000F00700044308E0322000EB87
:105A300009106421B0FBF1F000F00F0004432C8149
:105A400006B0BDE8F08700000038014001468888B4
:105A5000C0F308007047C1F3080282807047042039
:105A600002F0FEFE2B49097821B1012911D002294B
:105A70004DD13DE023280BD10021274A1170117828
:105A80004A1C254B1A70254A50540121214A117095
:105A90003DE021280ED1204909783F2906DA1E4A27
:105AA00011784A1C1C4B1A701C4A50540221194A86
:105AB00011701CE0232809D10021174A11701178B8
:105AC0004A1C154B1A70154A505410E012490978B7
:105AD0003F2907DA104A11784A1C0F4B1A700F4AF7
:105AE000505404E000210B4A11700B4A11700EE073
:105AF00023280BD10021084A117011784A1C064B4B
:105B00001A70064A50540121024A117000BF00BFAA
:105B1000704700007100002070000020C4070020C2
:105B200001480068704700007400002001480068C8
:105B3000704700007C00002000B587B001210420E0
:105B4000FFF724FB01214804FFF710FB03208DF829
:105B50001A000420ADF8180018208DF81B0006A9C3
:105B60002A48FEF785F90820ADF8180048208DF87E
:105B70001B0006A92548FEF77BF94FF4E13002909F
:105B80000020ADF814000C20ADF812000020ADF894
:105B90001000ADF80E00ADF80C0002A91C48FFF78C
:105BA000E9FE012240F225511948FFF7BEFE00220E
:105BB00040F227711648FFF7B8FE4FF4A060FFF7D8
:105BC00047F926208DF8040001208DF807008DF894
:105BD00005008DF8060001A8FFF702F901210C4825
:105BE000FFF760FEFFF7EAFB00200A4908700A4948
:105BF000087040210948FAF7E8FD002008490880AC
:105C0000084908800849086007B000BD0008014045
:105C1000004400407000002071000020C4070020F4
:105C2000780000207A0000207C00002010B50CE0F5
:105C30000D48FFF70BFFC4B20C480068401C0B492D
:105C400008602046FFF70EFF00BF20210648FFF73F
:105C500035FE0028ECD108210348FFF72FFE10B1D4
:105C60000148FFF7F3FE10BD00440040740000201F
:105C700010B50446204600F06FF910BD7CB504460F
:105C80000D4616462DA0006800902D48007818B1EA
:105C90002B480078022842D101949DF80400FFF7B8
:105CA000E7FF9DF80500FFF7E3FF9DF80600FFF70B
:105CB000DFFF9DF80700FFF7DBFF01959DF804006B
:105CC000FFF7D6FF9DF80500FFF7D2FF9DF806000D
:105CD000FFF7CEFF9DF80700FFF7CAFF01969DF87A
:105CE0000400FFF7C5FF9DF80500FFF7C1FF9DF811
:105CF0000600FFF7BDFF9DF80700FFF7B9FF9DF80D
:105D00000000FFF7B5FF9DF80100FFF7B1FF9DF818
:105D10000200FFF7ADFF9DF80300FFF7A9FF084859
:105D20000078012803D006480078022804D13246C2
:105D300029462046FFF743FB7CBD00000000807F22
:105D4000720000202DE9FC4105460E4617461C4610
:105D5000DDF8208041A0006800904148007818B12B
:105D60003F480078022865D101959DF80400FFF7AF
:105D70007FFF9DF80500FFF77BFF9DF80600FFF70A
:105D800077FF9DF80700FFF773FF01969DF8040069
:105D9000FFF76EFF9DF80500FFF76AFF9DF806000C
:105DA000FFF766FF9DF80700FFF762FF01979DF878
:105DB0000400FFF75DFF9DF80500FFF759FF9DF810
:105DC0000600FFF755FF9DF80700FFF751FF01940C
:105DD0009DF80400FFF74CFF9DF80500FFF748FF12
:105DE0009DF80600FFF744FF9DF80700FFF740FF0E
:105DF000CDF804809DF80400FFF73AFF9DF80500F8
:105E0000FFF736FF9DF80600FFF732FF9DF8070009
:105E1000FFF72EFF9DF80000FFF72AFF9DF8010015
:105E2000FFF726FF9DF80200FFF722FF9DF8030011
:105E3000FFF71EFF0A480078012803D008480078C1
:105E4000022809D13A4631462846FFF7B8FA00221F
:105E500041462046FFF7B3FABDE8FC810000807F91
:105E60007200002070B5054605B970BD2C460E487D
:105E7000007818B10C480078022807D103E014F824
:105E8000010BFFF7F5FE20780028F8D106480078CE
:105E9000012803D004480078022802D12846FFF7E1
:105EA0008FFA00BFE1E70000720000202DE9F04109
:105EB00004460F4604B117B90020BDE8F081FFF792
:105EC000B5FE00BFEFF31080064672B61F4800789B
:105ED000022803D006B962B60020EEE71C4800781D
:105EE00002280ADB1B480078232806D118480078CE
:105EF000401E1849085C212809D000201349087069
:105F000013490870207006B962B60020D5E7104822
:105F10000078401E00F0FF08B84502DB781E00F054
:105F2000FF08002504E00B48405D6055681CC5B2C1
:105F30004545F8DB002004F80800044908700449CE
:105F4000087006B962B60120B7E7000071000020B2
:105F500070000020C407002070B5044600BFEFF3B6
:105F60001080064672B60D48008804F07CFA05469B
:105F70000B480088854208D00A48084909884454DB
:105F80000648058000F012F804E007480068401C4D
:105F90000549086006B962B670BD000078000020AF
:105FA0007A000020040800207C00002010B50122A7
:105FB00040F227710148FFF7B8FC10BD00440040D3
:105FC000490050EAC12018BF04204A0D18BF40F014
:105FD000010040F2FF72B2EB515F08BF40F00200D7
:105FE000012808BF052070474100080218BF04209F
:105FF0000A0E18BF40F001004FF07F4232EA010163
:1060000008BF40F00200012808BF0520704740F299
:10601000013200204FF0E04104F0BABF024A0020F4
:10602000110704F0B5BF000001FDFFFF012104F0DE
:10603000DDBF04F0BFBB0021084604F02FBC6FF0A9
:106040005E01080704F0D2BF10B50446D1E9000193
:1060500000F002F8206010BDF8B504460D466A460F
:1060600002F040FC00987E30009000281EDC0022E8
:1060700013462046294604F06FFA17D0002140F657
:1060800008004FF0000006462046294604F01EFA9C
:10609000044640F6080006EA00014FF0000034F024
:1060A000004004BF0220FAF722FC29E00098FF28F4
:1060B00028DB002108464FF0000000F440060022D3
:1060C00013462046294604F013FB8CBF002501250A
:1060D0000220FAF70CFC4FF0FF4446B1002D0CBF34
:1060E0004FF400004FF48000B04218BF084C042168
:1060F00008464FF00000002D04BF84F00040F8BDBA
:106100002046F8BD20462946BDE8F84004F0DEB937
:10611000FFFF7F7F10B504460A46D4E90003194605
:1061200002F018FCC4E9000110BD30380A2801D281
:106130000120704700207047014600BF704710B52E
:1061400004460021204604F0B3FC02D284F0004053
:1061500010BD2046FCE70146002902DA484200B2A1
:1061600070470846FCE700002DE9F04104464FF077
:106170000E4000EB4400B0F1506F204655D84FF070
:10618000FC41B1EB440F1CD224F000404FF07E5193
:1061900004F0BFFD4FF0FF3104F028FF054602F088
:1061A000BFFD14F0004F1DBF2F4F304E80F0004058
:1061B0002F4F08BF2F4E4FF0404104F0ADFC044676
:1061C00005E000273E46014604F0A6FC05462A49A4
:1061D000284604F0A1FC294904F0ECFA294604F011
:1061E0009BFC274904F0E6FA294604F095FC254972
:1061F00004F0E0FA294604F08FFC234904F0DAFAAF
:1062000080462946204604F087FC414604F084FC81
:1062100005463146204604F0CDFA294604F0CAFA74
:106220003946BDE8F04104F0C5BA4FF0E441B1EBA6
:10623000440F08D9FFF7D8FE042808BFFFF7FFFE78
:106240002046BDE8F0814FF07F41B1EB440F03D20F
:10625000BDE8F041FFF7EABE0120FAF748FBBDE8D0
:10626000F041FFF7E8BE00000000C9BF22AAFDB957
:106270000000C93F22AAFD3924FE1C3DC78AD83C34
:106280001E67383D1B93993DAFAA2A3E2DE9F04782
:106290004FF0684202EB40030C460546B3F1654FF0
:1062A0003CBF02EB4102B2F1654F7CD2C0F3C75351
:1062B000C1F3C7529A1A1B2A06DD10F0004F14BF13
:1062C00076487748BDE8F08712F11A0F17DA11F017
:1062D000004F06D010F0004F0CBF72487248BDE866
:1062E000F0872146284604F0D9FA0446FFF77CFEE1
:1062F000042808BFFFF7A3FE2046BDE8F087420050
:10630000B2EB410F25D910F0004F19BF674F684E0F
:10631000684F694E224685F0004415460A4680F0D3
:10632000004110460A1A5200B2F1807F40D2484024
:106330006249DFF88CA110F0004F18D04FF03F48B1
:10634000384604F079FD07465146304604F074FDA6
:1063500017E011F0004F04BF00263746E2D010F0DE
:10636000004F19BF574F584E584F594EDAE74FF06C
:106370007C58384604F01EFA07465146304604F071
:1063800019FA06464146284604F0C6FB214604F0A9
:1063900011FA82462146404604F0BEFB294604F02D
:1063A000B8FC514600E037E004F078FA044604E017
:1063B0002146284604F072FA0446014604F0ACFB7C
:1063C0008046444904F0A8FB434904F0F3F94146F0
:1063D00004F0A2FB414904F0EDF9414604F09CFBB6
:1063E0003F4904F0E7F9414604F096FB3D4904F0CB
:1063F000E1F905464146204604F08EFB294604F0AB
:106400008BFB314604F0D6F9214604F0D3F9394626
:10641000BDE8F04704F0CEB94FF07F42B2EB400F39
:1064200028BFB2EB410F03D2BDE8F047FFF701BE32
:1064300040EA01035B0008BF44F0FF410AD0B2EB21
:10644000400F08BFB2EB410F06D125F0804024F089
:10645000804105460C4629E7B2EB400F12BF5FEAC8
:10646000410245F0FF4004F000413FF41FAF4A00F5
:1064700092EA40033FF51AAF002AACBF4FF09F46A7
:106480004FF03E56314604F047FB05463146204664
:1064900004F042FB04462846214607E7DB0FC9BF4C
:1064A000DB0FC93FDB0F4940DB0F49C00000C9BF0C
:1064B00022AAFDB90000C93F22AAFD390060ED3EC5
:1064C000C30ACE37000049C022AA7DBA0000494065
:1064D00022AA7D3A2DAD65BD8FB8D53D0FB511BE51
:1064E00061C84C3EA8AAAABE30B583B00446FAF7EC
:1064F000F9F905460020CDE900000246214668462C
:10650000FAF702FD2846FAF7F2F9DDE9000103B0D7
:1065100030BD70B506460D4614462946304604F097
:10652000C7FA01D2284670BD2146304604F0C0FBB0
:1065300001D22046F7E73046F5E703468B4201DA01
:1065400008467047934201DD1046FAE71846F8E71F
:106550002DE9FE4F04460E46904645464FF0000B8F
:10656000002002908146824601900027304600F0CC
:1065700002F901902A463046019900F053F9074686
:10658000BD4201DD3D4604E07842854201DA7842B1
:1065900005B2701900F0E6F88346701B00F0E2F8CF
:1065A0000290584600F0E7F88146029800F0E3F8C0
:1065B000824642F2F6400653801C055342F2EC40FC
:1065C00020F804B042F2EE4102980853881C20F8EB
:1065D0000490801C20F804A009EB0A0000EBD071A5
:1065E0000090481000F0BEF842F2F44108535146C2
:1065F0004846FEF773FB2846BDE8FE8F2DE9F047BD
:1066000004460E46B4F8AA00C8287DDA42F2FA40E1
:10661000005D002878D034F8AA7F2088401C24F838
:10662000AA09C7EBC70000EB071104F1AE0000EBAD
:1066300041056C20015B6E20005B081A0FFA80F8A0
:106640002E8042F2FA40005DA87042F2A041085943
:10665000424904F061FA814604F0E2F900B2A880F0
:1066600042F2A44108593D4904F056FA814604F02B
:10667000D7F900B2E88042F2BC410859374904F02A
:106680004BFA814604F0CCF900B228814FF4135143
:106690000859324904F040FA814604F0C1F900B2C9
:1066A000688142F2A84108592C4904F035FA814624
:1066B00004F0B6F900B2A88142F2B4410859274962
:1066C00004F02AFA814604F0ABF900B2E88142F204
:1066D000C8410859214904F01FFA814604F0A0F985
:1066E00000B2288242F2D44108591C4904F014FA3D
:1066F000814604F095F900B2688242F2EC40005BFA
:10670000A88242F2EE4000E025E0005BE8826C20C7
:10671000005B28836E20005B6883A5F81C8042F232
:10672000F440005BE88342F2385108590C4904F008
:10673000F3F9814604F074F900B228842088688453
:106740006088A884A088E884E088288520896885F6
:106750006089A88500BFBDE8F087000000002041E7
:106760000000C84210B504463C2251422046FFF7C3
:10677000E4FE00B210BD10B504462046FFF7F2FF5C
:1067800010BD00BFEFF31081084672B6704700B924
:1067900062B670470146052901D104A0704703295C
:1067A00001D105A0FAE707A0F8E700006A75737445
:1067B000666C6F61743500006A757374666C6F6126
:1067C0007433000066697265776174657200000059
:1067D00070B5044642F2FA40005D08B9002070BD71
:1067E00042F22450015942F2FC400059814201D248
:1067F0000020F4E742F22450015942F2FC400059D3
:106800000D1AB5F5487F02D34FF07E50E7E72846D2
:1068100004F03AF90646024904F040F8DFE70000C8
:10682000000048442DE9F04305460E461746281E51
:1068300001DB814601E0C0F100090FFA89F1301E49
:1068400001DB814601E0C0F100090FFA89FC072253
:10685000002300244FF00808002902DC0020BDE8D6
:10686000F083BCF1000F01DC0020F8E7381E01DBEB
:10687000814601E0C0F100090FFA89F9B9F1040F6E
:1068800001DB4FF00708ACEB080003B2002B00DA85
:106890000023934200DA1A46012901DC012409E0B1
:1068A000032901DC022405E0052901DC032401E0C1
:1068B000881E04B2002C00DA0024944200DA22463A
:1068C000002A00DA00221046C9E700002DE9F04F47
:1068D00085B00446804E00250027A946002004907C
:1068E00003900290804642F20C500059D8B142F217
:1068F0002450015942F20C500059814213D342F204
:1069000024510A5942F20C510959501A04F0BCF8AA
:106910008246724904F000F906460021304604F030
:10692000C7F800D86C4E42F22450015942F20C5084
:10693000015142F2FA40005D40B9204600F023FECA
:10694000204600F03BFE05B0BDE8F08F002142F28A
:10695000BC40015142F2B441085901F0C5FC02901B
:1069600042F22850005DB0B900214FF4135001519C
:1069700042F2CC40015142F2D440015142F2E04097
:106980000151001D0151001D0151002220460299B4
:10699000FFF7DEFDD7E742F2D842115942F23452F6
:1069A000105904F049FA824601F0F0FD4FF41351FA
:1069B000085142F23452115942F2D842105904F0AF
:1069C0003BFA824601F0E2FD054642F2C84005511D
:1069D000015942F2D04001514FF413500159001DAA
:1069E000015142F2DC40055142F2385050F8049017
:1069F00049464FF07A5004F08FF8824642F2E44064
:106A000001594FF07D5004F087F88346514603F05A
:106A1000D1FE42F2E44108510859314A3149FFF7A9
:106A200078FD074642F2E44007512046FFF7D0FECA
:106A300003903146284604F06FF8824642F2CC407B
:106A40000159504603F0B6FE42F2CC4108510859B4
:106A5000254A2649FFF75DFD42F2CC4108513946EF
:106A6000D4F8980004F058F80190039904F054F811
:106A700080F0004A42F2CC421159D4F8940004F05C
:106A80004BF801902946D4F8900004F045F80090A6
:106A9000019903F08FFE8346514603F08BFE04906C
:106AA000134A14490498FFF734FD42F2D4410851C7
:106AB00008460159204600F09DFC8046424620468B
:106AC0000299FFF745FD8046404603F0C5FF42F2BC
:106AD000E041085100BF36E70AD7A33B6F12833A63
:106AE0000000C8410000C8C100004843000048C37E
:106AF00000007042000070C20188094A118041887C
:106B0000084A11808188084A1180C188074A11808B
:106B10000189074A11804189064A118070470000A7
:106B2000A0000020A2000020A4000020A600002059
:106B3000A8000020AA0000202DE9FC4104460D46D3
:106B40000DB9BDE8FC81F7A12846F9F787FE20B111
:106B5000F6A12846F9F782FEF0B942F2FA40005D4C
:106B600018B1F4A002F0B6F8EBE7F3A002F0C4F815
:106B70002046FCF7A7FE48B1F1A002F0BDF8EDA059
:106B800002F0A8F8204600F061FD04E0EEA002F05B
:106B9000B3F802F095F8D4E7EEA12846F9F75EFEC7
:106BA00020B1EEA12846F9F759FE30B92046FCF78E
:106BB00079FFECA002F08EF8C3E7ECA12846F9F7C4
:106BC0004DFE20B1EBA12846F9F748FE18B9204642
:106BD00001F038F8B5E7E9A12846F9F73FFE20B102
:106BE000E8A12846F9F73AFE70B942F2FA40005D92
:106BF00018B1E6A002F06EF8A3E72046FCF746FEC7
:106C0000E2A002F067F89CE7E1A12846F9F726FE2A
:106C100020B1E2A12846F9F721FE00BB64212046FD
:106C2000F9F7F5FDFDF79CFAFDF794FA852813D1E5
:106C30002046FDF79BFB2046FFF75EFF2046FDF751
:106C40001DFC42F2B840E16B0151204600F09BFC74
:106C5000D5A002F03FF801E002F032F871E7D5A1CB
:106C60002846F9F7FBFD20B1D5A12846F9F7F6FD36
:106C700068B942F2FA40005D10B102F021F860E715
:106C80000120D3490870D3A002F024F859E7D3A11A
:106C90002846F9F7E3FD20B1D4A12846F9F7DEFD37
:106CA00030B90020CA490870CAA002F013F848E7BA
:106CB0000522D2A12846F9F70BFDD8B9284601F0E4
:106CC0008AFF07460326002F01DC002602E0052F7D
:106CD00000D105262EB9CB480670CBA001F0FAFFF3
:106CE00007E001F01FFC10B1C7A001F0F3FFC54899
:106CF000067026E70622C5A12846F9F7E9FCD8B9AF
:106D0000284601F068FF07460326002F01DC002615
:106D100002E0052F00D105262EB9BA480670BDA0A5
:106D200001F0D8FF07E001F0FDFB10B1B9A001F0C0
:106D3000D1FFB448067004E70C22B8A12846F9F741
:106D4000C7FC80B9284601F046FF0646002E01DB4D
:106D5000012101E04FF0FF310846FCF799FFB3A095
:106D600001F0B8FFEDE60C22B3A12846F9F7B0FC1C
:106D700080B9284601F02FFF0646002E01DB0121D5
:106D800001E04FF0FF310846FCF78EFFAEA001F0A6
:106D9000A1FFD6E6AFA1284601F0D8FF38B3002006
:106DA000019000906B4601AAADA12846F9F7C2FBFD
:106DB000022819D194F89C0060B1B4F89E000199A2
:106DC00089B2884203D1ABA001F084FF01E001F059
:106DD00077FFB6E6019881B22046009A01F0BCFC2C
:106DE000A4A001F077FF01E001F06AFFA9E6A4A1E9
:106DF000284601F0ABFFB0B10020019001AAA3A189
:106E00002846F9F797FB01280AD1019808B101201B
:106E100000E0002084F89D00A0A001F05BFF01E0ED
:106E200001F04EFF8DE6A0A1284601F08FFFE8B3E8
:106E30000020019000906B4601AA9EA12846F9F718
:106E400079FB02283CD142F2FA40005D10B994F877
:106E50009C00B0B142F2FA40005D78B194F89C0019
:106E600060B1B4F89E00019989B2884206D181A030
:106E700001F030FF2FA001F02DFF01E001F020FF15
:106E80005FE6019881B22046009A01F065FC79A086
:106E900001F020FF2046FCF7F9FC3CA001F01AFFAE
:106EA0002046FCF70FFD40B122A000E00BE001F00E
:106EB00011FF204600F0CAFB04E001F001FF01E0F1
:106EC00001F0FEFE3DE67FA1284601F03FFF88B1BC
:106ED0000020019001AA7EA12846F9F72BFB01288A
:106EE00005D1019881B2204601F078FC01E001F063
:106EF000E7FE26E67AA1284601F028FF88B10020A7
:106F0000019001AA79A12846F9F714FB012805D1BF
:106F1000019881B2204601F059FB01E001F0D0FE5A
:106F20000FE6EBE02352554E000000002352554E71
:106F30002100000052554E0052554E5F434D440013
:106F400052554E5F4F4B000052554E5F4641494CE3
:106F5000000000002353544F500000002353544FAF
:106F60005021000053544F5000000000235354415F
:106F70005400000023535441542100002343414C4A
:106F8000000000002343414C2100000043414C001D
:106F900023494D555F494E495400000023494D5542
:106FA0005F494E4954210000494D555F494E4954AF
:106FB00000000000234D4F44453D545241434B00D7
:106FC000234D4F44453D545241434B2100000000A6
:106FD000AC0000204D4F444500000000234D4F44BD
:106FE000453D53545241494748540000234D4F44B6
:106FF000453D535452414947485421002342494E8C
:107000003D0000008400002042494E0023564F46B8
:10701000413D0000564F46410000000023454E43CD
:107020005F4C5F5349474E3D00000000454E435FB3
:107030004C5F5349474E000023454E435F525F5318
:1070400049474E3D00000000454E435F525F5349A3
:10705000474E0000234558503D53544152540000C0
:10706000234558503D53544152542C25752C2575B9
:10707000000000004558505F535441525400000036
:10708000234558503D53545245414D0023455850D7
:107090003D53545245414D2C257500004558505FD5
:1070A00053545245414D0000234558503D52554ED2
:1070B00000000000234558503D52554E2C25752C9C
:1070C00025750000234558503D53544F5000000093
:1070D000234558503D53544F502C25750000000057
:1070E000234558503D44554D50000000234558500D
:1070F0003D44554D502C257500000000072257A136
:107100002846F9F7E5FA10B901F0DAFD19E555A1BD
:107110002846F9F7A3FB20B154A12846F9F79EFBB6
:1071200010B901F0CDFD0CE5042252A12846F9F773
:10713000CFFA40B9284601F03BFDC4F880004FA0CB
:1071400001F0C8FDFDE405224DA12846F9F7C0FA7B
:1071500058B9284601F02CFDC4F88400204600F000
:1071600012FA49A001F0B6FDEBE4052247A128463A
:10717000F9F7AEFA58B9284601F01AFDC4F88800AC
:10718000204600F000FA43A001F0A4FDD9E4052256
:1071900041A12846F9F79CFA58B9284601F008FDA4
:1071A000C4F88C00204600F0EEF93DA001F092FDFD
:1071B000C7E405223BA12846F9F78AFA28B1042240
:1071C0003AA12846F9F784FA58B9284601F0F0FCAC
:1071D000C4F89000204600F0D6F936A001F07AFD00
:1071E000AFE4052234A12846F9F772FA28B1042247
:1071F00033A12846F9F76CFA58B9284601F0D8FCB3
:10720000C4F89400204600F0BEF92FA001F062FD02
:1072100097E405222DA12846F9F75AFA28B104224D
:107220002CA12846F9F754FA58B9284601F0C0FCB9
:10723000C4F89800204600F0A6F928A001F04AFD05
:107240007FE4052226A12846F9F742FA10B901F099
:1072500037FD76E401F034FD00BF72E42353444966
:1072600041473D00235344554D500000235344559E
:107270004D5021002354533D0000000054530000A2
:1072800023534B503D000000534B500023534B49B8
:107290003D000000534B490023534B443D00000088
:1072A000534B440023414B503D000000234B503DC5
:1072B00000000000414B500023414B493D000000BD
:1072C000234B493D00000000414B490023414B4402
:1072D0003D000000234B443D00000000414B4400B2
:1072E000235241573D0000002DE9F0419AB0044679
:1072F0003A4F6422214601A8F9F735FA42F20850C4
:10730000065901A8FDF732F8002855D03448006826
:10731000401C33490860084600683249086042F260
:10732000245005599DF86600A0B17EB1B5420DD339
:10733000A81B03F0A9FB80462B4903F0EDFB074691
:107340000021384603F0B4FB00D8244F394601A889
:10735000FDF7B2F8FFF715FA8046642201A920462E
:10736000F9F701FA42F2305010990151001D0E99BF
:107370000151001D0D99015142F22C5005519DF80B
:10738000660070B142F23C50005D38B142F2D84024
:107390000E990151002142F23C50015542F2085031
:1073A0000551012142F2285001554046FFF7EFF9FF
:1073B00042F20450055108E00C480068401C0B499B
:1073C0000860084600680A49086042F224500159E2
:1073D00042F2105001511AB0BDE8F0810AD7A33B28
:1073E00090000020980000206F12833A9400002043
:1073F0009C0000202DE9F05F04460D464FF08146C9
:107400003146284603F04AFA8146134A1349FFF7EA
:1074100080F8074642F2E8400159384603F0CAF9BD
:107420008246504601F045FA8146FFF79BF98046B7
:10743000404603F011FB8346514603F06AFC814647
:107440004FF07C524FF03F41FFF763F842F2E841C2
:1074500008514046BDE8F09F0000E0400000E0C059
:107460002DE9FC5F044688464046FEF768FE054667
:107470004FF082460021284603F01AFB02D8002074
:10748000BDE8FC9F42F2FA40005D08B94046F7E7CC
:107490002946304603F00CFC00D22E4631462846E1
:1074A00003F006FB01D84046EAE742F224500159B6
:1074B00042F2FC400059814209D80021404603F0C5
:1074C000F7FB01D83046DBE786F00040D8E73146CD
:1074D000284603F0B1FC2149009003F0DFF9834610
:1074E0001F4903F019FB07460021384603F0E0FA74
:1074F00001D84046C4E742F224510A5942F2FC4105
:107500000959501A03F0C0FA01903946019803F066
:10751000CFFB01D84046B3E73946019803F0BEF9E6
:1075200083464FF07E520021FEF7F3FF814631463D
:10753000284603F081FC4946009003F0EDFA8346AB
:10754000314603F037F982460021404603F0B0FB94
:1075500001D8504694E78AF0004091E7000040418E
:1075600000007A44002242F2BC410A50091D0A5030
:10757000091D0A50091D0A50091D0A50091D0A500B
:10758000091D0A50704710B50446204600F027F840
:107590002046FFF7E7FF204600F005F8002142F201
:1075A000F440015310BD002242F2DC410A50091D93
:1075B0000A50091D0A50091D0A507047002242F264
:1075C000EC410A52891C0A52891C0A52891C0A522F
:1075D000891C0A52891C0A52891C0A5270470022CF
:1075E00042F2A8410A50091D0A50091D0A50091DFE
:1075F0000A5042F2A0410A50091D0A50704770B566
:10760000044642F2F441085F03F026FA054642F2CE
:10761000A44211594FF4135210592A46FEF72EFB7B
:1076200070BD38B5044642F2D440005942F2B44528
:1076300000902B5942F2A4452A594FF41355295969
:107640002D1F2859FEF77EFB38BD00002DE9F047BD
:1076500098B0824600F066FF10B918B0BDE8F08718
:107660009AF89C0000284BD0DAF8980003F076F8DE
:1076700004460D46DAF8940003F070F806460F460B
:10768000DAF8900003F06AF880468946DAF88C0050
:1076900003F064F8CDE91601DAF8880003F05EF82B
:1076A000CDE91401DAF8840003F058F8CDE91201AD
:1076B000DAF8800003F052F8CDE90A89CDE90C67C9
:1076C000CDE90E45CDE91001DDE91601CDE908014E
:1076D000DDE91401CDE90601DDE91201CDE904017E
:1076E000DDE91001CDE90201DAF8A4000090BAF852
:1076F0009E30294A4FF420712848F8F785FD45E06F
:10770000DAF8980003F02AF804460D46DAF89400F7
:1077100003F024F8CDE91601DAF8900003F01EF822
:1077200006460F46DAF88C0003F018F8CDE914018C
:10773000DAF8880003F012F8CDE91201DAF88400D3
:1077400003F00CF8CDE91001DAF8800003F006F838
:1077500080468946CDE90C45DDE91601CDE908678B
:10776000CDE90A01DDE91401CDE90601DDE91201E7
:10777000CDE90401DDE91001094ACDE90089CDE92F
:1077800002014FF420710548F8F73EFD034800F070
:10779000A1FD00BF61E70000D8B700080410002079
:1077A00094B7000810B5044600F0BCFE00B910BD47
:1077B00000221146204600F003F800BFF7E7000062
:1077C00007B5C6B04698B0F86C10B0F86E00081A4D
:1077D00000B2459000F0A6FE08B949B000BD479838
:1077E00000287DD0FEF7A2F94490FEF799F9439066
:1077F000FD480078FEF7CEFF42904698006B2D9032
:1078000002F0ACFF419140904698406B2D9002F001
:10781000A5FFCDE93E01469800F50050D0F8D4040C
:107820002D9002F09BFFCDE93C01469800F50050F9
:10783000D0F8C8042D9002F091FFCDE93A014698A6
:1078400000F50050D0F8B4042D9002F087FFCDE988
:107850003801469800F50050D0F8A8042D9002F0A9
:107860007DFFCDE93601469800F50050D0F8C00400
:107870002D9002F073FFCDE93401469800F50050D9
:10788000D0F8BC042D9002F069FFCDE93201469892
:1078900000F50050D0F8A4042D9002F05FFFCDE970
:1078A0003001469800F50050D0F8A0042D9002F069
:1078B00055FFCDE92E01CD4B429A439944981B6860
:1078C000CDE92832CDE92A10C9480368469890F8D6
:1078D000751090F87420B0F97200CDE9261300E01D
:1078E0006FE0CDE924024698B0F97010B0F96E301F
:1078F000B0F96C00459ACDE921322391209042F2F3
:10790000F2414698415E42F2F042825E42F2EE431C
:10791000C35E00F50050B0F9EC04CDE91D321F91B3
:107920001C9041994098CDE91A01DDE93E01CDE96D
:10793000180142F2F8414698415E42F2F642825EF8
:1079400000F50050B0F9F404CDE915211490DDE9FB
:107950003C01CDE91201DDE93A01CDE91001DDE993
:107960003801CDE90E01DDE93601CDE90C01DDE993
:107970003401CDE90A01DDE93201CDE90801DDE993
:107980003001CDE90601DDE92E01CDE9040146987B
:1079900000F5005090F8FA14469AB2F89E204898E4
:1079A000CDE900200291469800F50050D0F824055A
:1079B0000346904A4FF440712D908F48F8F724FC0D
:1079C000E5E0FEF7B3F84490FEF7AAF84390864846
:1079D0000078FEF7DFFE42904698006B2D9002F093
:1079E000BDFE419140904698406B2D9002F0B6FE4E
:1079F000CDE93E01469800F50050D0F8D4042D9012
:107A000002F0ACFECDE93C01469800F50050D0F8FC
:107A1000C8042D9002F0A2FECDE93A01469800F587
:107A20000050D0F8B4042D9002F098FECDE9380152
:107A3000469800F50050D0F8A8042D9002F08EFE74
:107A4000CDE93601469800F50050D0F8C0042D90DD
:107A500002F084FECDE93401469800F50050D0F8DC
:107A6000BC042D9002F07AFECDE93201469800F573
:107A70000050D0F8A4042D9002F070FECDE9300142
:107A8000469800F50050D0F8A0042D9002F066FE54
:107A9000CDE92E01554B429A439944981B68CDE994
:107AA0002632CDE9281052480368469890F87510A0
:107AB00090F87420B0F97200CDE92413CDE92202C8
:107AC0004698B0F97010B0F96E30B0F96C00459A74
:107AD000CDE91F3221911E9042F2F2414698415E5B
:107AE00042F2F042825E42F2EE43C35E00F5005085
:107AF000B0F9EC04CDE91B321D911A9041994098E0
:107B0000CDE91801DDE93E01CDE9160142F2F84167
:107B10004698415E42F2F642825E00F50050B0F9AE
:107B2000F404CDE913211290DDE93C01CDE9100107
:107B3000DDE93A01CDE90E01DDE93801CDE90C01BD
:107B4000DDE93601CDE90A01DDE93401CDE90801BD
:107B5000DDE93201CDE90601DDE93001CDE90401BD
:107B6000DDE92E01CDE90201469800F5005090F8BC
:107B7000FA040090469800F50050D0F8240503461A
:107B80001E4A4FF440712D901B48F8F73DFB1A48F0
:107B900000F0A0FB479830BB469800F5005090F8E5
:107BA000FA0400B3469800F50050D0F8A4043F90C2
:107BB00002F0D4FD43914290469800F50050D0F871
:107BC000C0043F9002F0CAFD41914090469800F5F4
:107BD0000050B0F9F404049043994298CDE90201B1
:107BE000419940980CE015E0840000208C000020B2
:107BF0008800002014B900088412002030B8000862
:107C000008A2CDE9000160210C48F8F7FDFA0B4805
:107C100000F060FB0A480068401C0949086000BF8A
:107C2000DBE5000073616D706C65733A252E366676
:107C30002C252E36662C25640D0A000084150020A4
:107C40008800002011B5F3B07398B0F86C10B0F84C
:107C50006E00081A00B271900020709000F062FC73
:107C600008B974B010BD739890F89C0000287CD0BF
:107C7000739800F50050D0F824157398D0F8A00040
:107C8000081A7090FDF752FF6F90FDF749FF6E9054
:107C90007398D0F89800479002F060FD6D916C9059
:107CA0007398D0F89400479002F058FD6B916A9059
:107CB0007398D0F89000479002F050FD6991689059
:107CC0007398D0F88C00479002F048FD6791669059
:107CD0007398D0F88800479002F040FD6591649059
:107CE0007398D0F88400479002F038FD6391629059
:107CF000FCF72AFA6190FCF72DFA60907398006BFC
:107D0000479002F02BFD5F915E907398006C479056
:107D100002F024FD5D915C907398C06B479002F077
:107D20001DFD5B915A907398406B479002F016FDD1
:107D300059915890739800F50050D0F8D4044790AA
:107D400002F00CFD57915690739800F50050D0F852
:107D5000C804479002F002FD55915490739800F5C5
:107D60000050D0F8B404479000E011E102F0F6FCB6
:107D700053915290739800F50050D0F8A8044790A2
:107D800002F0ECFC51915090739800F50050D0F83F
:107D9000C004479002F0E2FC4F914E90739800F5BA
:107DA0000050D0F8BC04479002F0D8FC4D914C90A4
:107DB000739800F50050D0F8A404479002F0CEFC70
:107DC0004B914A90739800F50050D0F8A00447906A
:107DD00002F0C4FC49914890FE4A6E996F9812686F
:107DE000FD4B1B6842934392449145906D996C986A
:107DF000419140906B996A98CDE93E0169996898E4
:107E0000CDE93C0167996698CDE93A016599649896
:107E1000CDE9380163996298CDE93601739890F8FD
:107E2000751090F87420B0F97230B0F97000CDE997
:107E30003232349131907398B0F96E20B0F96C30D1
:107E400000F50050B0F9F2047199CDE92E3230916D
:107E50002D9042F2F0417398415E42F2EE42825E12
:107E600000F50050B0F9EC04DC4B1B68CDE929307B
:107E7000CDE92B21DA480368739AB2F90A20D94C6C
:107E8000B4F90040121B6199609826AC0BC425928E
:107E90007398B0F90800D449B1F90010411A7398E9
:107EA000B0F90600D14AB2F90020821A7398B0F9ED
:107EB0000400CF4BB3F90030C01A739BB3F9023002
:107EC000CC4CB4F900401B1BCDE92130CDE9232176
:107ED0007398B0F90000C849B1F90010401A209019
:107EE0005F995E98CDE91E015D995C98CDE91C0112
:107EF0005B995A98CDE91A0159995898CDE918011A
:107F000042F2F8417398415E42F2F642825E00F519
:107F10000050B0F9F404CDE9152114905799569802
:107F2000CDE9120155995498CDE910015399529811
:107F3000CDE90E0151995098CDE90C014F994E9819
:107F4000CDE90A014D994C98CDE908014B994A9821
:107F5000CDE9060149994898CDE90401739800F5E7
:107F6000005090F8FA04739AB2F89E207099CDE907
:107F700000210290739800F50050D0F824050346C4
:107F80009E4A4FF4A06147909D48F8F73DF996E16D
:107F9000FDF7CCFD6F90FDF7C3FD6E907398D0F8A0
:107FA0009800479002F0DAFB6D916C907398D0F8CE
:107FB0009400479002F0D2FB6B916A907398D0F8CE
:107FC0009000479002F0CAFB699168907398D0F8CE
:107FD0008C00479002F0C2FB679166907398D0F8CE
:107FE0008800479002F0BAFB659164907398D0F8CE
:107FF0008400479002F0B2FB63916290FCF7A4F812
:108000006190FCF7A7F860907398006B479002F0BE
:10801000A5FB5F915E907398006C479002F09EFB09
:108020005D915C907398C06B479002F097FB5B91F9
:108030005A907398406B479002F090FB599158907A
:10804000739800F50050D0F8D404479002F086FBF6
:1080500057915690739800F50050D0F8C804479097
:1080600002F07CFB55915490739800F50050D0F8C5
:10807000B404479002F072FB53915290739800F54C
:108080000050D0F8A804479002F068FB519150903E
:10809000739800F50050D0F8C004479002F05EFBE2
:1080A0004F914E90739800F50050D0F8BC04479063
:1080B00002F054FB4D914C90739800F50050D0F8AD
:1080C000A404479002F04AFB4B914A90739800F544
:1080D0000050D0F8A004479002F040FB499148902E
:1080E0003C4A6E996F9812683B4B1B6840934192D3
:1080F000429143906D996C98CDE93E016B996A98D5
:10810000CDE93C0169996898CDE93A01679966988B
:10811000CDE9380165996498CDE936016399629893
:10812000CDE93401739890F8751090F87420B0F987
:108130007230B0F97000CDE9303232912F907398DF
:10814000B0F96E20B0F96C3000F50050B0F9F204CF
:108150007199CDE92C322E912B9042F2F042739816
:10816000825E42F2EE41415E00F50050B0F9EC044F
:108170001A4B1B68CDE92730CDE92912184803684E
:10818000739AB2F90A20174CB4F90040121B619996
:10819000609824AC0BC423927398B0F9080012497C
:1081A000B1F90010411A7398B0F906000F4AB2F9FC
:1081B0000020821A7398B0F904000D4BB3F9003017
:1081C000C01A739BB3F902300A4CB4F900401B1B70
:1081D00018E000008C00002088000020940000209F
:1081E00090000020AA000020A8000020A600002087
:1081F000A4000020A2000020A00000207CBB0008FA
:10820000E4150020CDE91F30CDE921217398B0F9A4
:1082100000002D49B1F90010401A1E905F995E9838
:10822000CDE91C015D995C98CDE91A015B995A98DA
:10823000CDE9180159995898CDE9160142F2F84153
:108240007398415E42F2F642825E00F50050B0F94A
:10825000F404CDE91321129057995698CDE91001F5
:1082600055995498CDE90E0153995298CDE90C01D6
:1082700051995098CDE90A014F994E98CDE90801DE
:108280004D994C98CDE906014B994A98CDE90401E6
:1082900049994898CDE90201739800F5005090F88B
:1082A000FA040090739800F50050D0F824050346B6
:1082B000064A4FF4A06147900548F7F7A5FF044828
:1082C00000F008F800BFCCE4A000002008BA0008C5
:1082D000E415002010B5044604B910BD2046FDF792
:1082E000C1FD00BFF9E7000070B50446064A074922
:1082F0002046FEF70EF90446204600F0DAFA05465D
:10830000FEF730FA70BD000000007042000070C23D
:108310002DE9F047044600250A2104F16400FBF72B
:108320003DFD42F2FA40005D40B92046FFF746F9B4
:10833000FCF73AFDFCF746FCBDE8F0872046D4F890
:108340008010FFF78DF842F2A0410851B4F96E0099
:1083500002F082FB0746B4F96C0002F07DFB804618
:10836000394602F027FA06464FF07C5102F0D4FB62
:1083700042F2A44108510A461159121F105902F045
:108380005BFD42F2A84108510859284902F0C4FB9C
:10839000064642F2AC400159304602F00BFA42F276
:1083A000AC4108510859224A2249FEF7B2F842F27C
:1083B000AC4108510A1D115942F2A842105902F06D
:1083C0003BFD0646194902F069FA05462946D4F8EC
:1083D0008C0002F0A1FB074642F2AC421159D4F8DE
:1083E000880002F099FB804642F2A8421159D4F865
:1083F000840002F091FB8146414602F0DBF906461B
:10840000394602F0D7F942F2B441085108590A4AF4
:108410000A49FEF77EF842F2B441085142F2A84000
:10842000015942F2B040015100BF85E70AD7233C11
:108430000000C8430000C8C300007042000070C2C2
:10844000F0B599B004460D46642221466846F8F717
:108450008AF9002658E06846FBF788FF002845D0D7
:108460009DF86000002841D029480068401C284938
:10847000086008460068274908609DF8620098B3C4
:1084800025496846FCF718F8FEF77BF90746642291
:1084900069462046F8F767F942F230500F990151CA
:1084A000001D0D990151001D0C99015142F22450FB
:1084B000015942F22C50015142F22450015942F22A
:1084C00008500151012142F22850015542F2D84092
:1084D0000D990151002142F23C5001553846FEF7FA
:1084E00056F9012019B0F0BDFFE708E00B4800681D
:1084F000401C0A49086008460068094908600120D4
:10850000FBF741FB701C86B2AE42A4DB0020E9E71A
:1085100090000020980000200AD7A33B9400002080
:108520009C0000200348007808B901207047002013
:10853000FCE700008400002070B504460D460026CC
:108540001AE02046FBF712FF88B194F8600070B182
:108550000B480068401C0A49086008460068094941
:10856000086009492046FBF7A7FF012070BD0120E4
:10857000FBF709FB701C86B2AE42E2DB0020F5E798
:1085800090000020980000200AD7A33B10B50446B5
:1085900004E00B49204602F04FFC044609492046FE
:1085A00002F086FBF5D304E00549204602F002F90B
:1085B00004460549204602F07BFAF5D3204610BD5B
:1085C0000000B44300003443000034C3F0B5D7B01A
:1085D00005460E46FFF7A6FF08B957B0F0BDB5F83F
:1085E0009E00B04202D000F06BFBF6E795F89C00CD
:1085F00010B995F8A80010B900F062FBEDE733461A
:108600003DA24FF4807117A8F7F7FEFD17A8FFF7FA
:1086100061FE3F48FFF75EFE002757E0C7EBC7004B
:1086200000EB071105F1AE0000EB4104B4F92C009A
:10863000B4F92A10B4F92820B4F92630CDE9133260
:10864000CDE91510B4F92400B4F92210B4F92020B2
:10865000B4F91E30CDE90F32CDE91110B4F91C1078
:10866000B4F91A00B4F91820B4F91630CDE90B3278
:10867000CDE90D01B4F91400B4F91210B4F91020C9
:10868000B4F90E30CDE90732CDE90910B4F90C1078
:10869000B4F90A20B4F90800B4F90630CDE9033082
:1086A000CDE90521B4F90410A0782288CDE9002095
:1086B0000291B5F89E30174A4FF4807117A8F7F76A
:1086C000A3FD17A8FFF706FE781C87B2B5F8AA002D
:1086D000B842A3DC334610A24FF4807117A8F7F715
:1086E00093FD17A8FFF7F6FD002085F8A80010A05D
:1086F00000F0F0FA00BF70E74558505F44554D5008
:108700005F424547494E2069643D25750D0A0000CA
:1087100004BD000848B700084558505F44554D5007
:108720005F454E442069643D25750D0A0000000038
:108730004558505F44554D5000000000002100F89E
:108740009C1F41704180416081600173C1810A2199
:1087500001829C387047000070B58EB004460E460A
:108760001546012084F89C00A4F89E6042F2245033
:10877000005944F8A00F6560002020726081A03C81
:10878000002142F21C500151001D01510DB90A2077
:1087900007E005F1C701C822B1FBF2F00A2800D2B8
:1087A0000A20A4F8AC00334605A2302102A80095A7
:1087B000F7F72AFD02A8FFF78DFD0EB070BD00008F
:1087C0004558505F53544152542069643D257520EB
:1087D0006D733D256C750D0A0000000030B589B041
:1087E00004460D4694F89C00D0B1B4F89E00A8420F
:1087F00016D12046FBF756F9002084F89C00012092
:1088000084F8A8002B4608A224216846F7F7FCFC50
:108810006846FFF75FFD08A000F05CFA09B030BDC4
:1088200000F04EFA00BFF9E74558505F454E44202E
:1088300069643D25750D0A004558505F53544F50EB
:108840000000000070B505460C46FFF76BFE00B94E
:1088500070BD224601212846FEF7B2FF00BFF7E7B0
:108860000446204600F014F800BF0748006800F4F2
:10887000E06006490843001D03490860BFF34F8FBD
:1088800000BF00BFFEE700000CED00E00000FA05AD
:1088900010B5044601214FF0C050FCF767FC0120E1
:1088A000FCF75CFCE0B240F425410420F9F75AFFE4
:1088B00010BD10B504460021204602F0F9F906D893
:1088C0004FF07C51204601F075FF044605E04FF063
:1088D0007C51204602F0B0FA0446204602F0A0F88F
:1088E00000B210BD10B5144600222260114A21F0DA
:1088F00000439342A8BF10BD53EA000208BF10BD59
:10890000B3F5801FA8BF226807DA362202F040FBC9
:108910006FF0350221F000432260DFF81CC06FF3D6
:108920001E510CEB23531A4441F0FF5141F000510A
:10893000226010BD0000F07F02FCFFFF70B504460E
:108940000D4629462046FBF767FB08B9012070BD9C
:108950000020FCE72DE9F04106460C4640F2FF7589
:10896000174635EA14502BD000221346304601F04A
:10897000F3FD25D03A463046214602F009FB064673
:108980000C4635EA145010D000221346304601F050
:10899000E3FD15D10220F7F7AAFFFDF73FFB0A46DA
:1089A000214662F31E01BDE8F0810220F7F79FFF28
:1089B000FDF72DFB0A46214662F31E01BDE8F0815A
:1089C00030462146BDE8F08186B0FBF7FBFF8046CC
:1089D000FBF734FA07460024FCF7C0FA4DA2012148
:1089E0000846FCF75FFB4EA201210220FCF75AFB70
:1089F00043464FA2112101A80097F7F705FC01AAF1
:108A000001210320FCF74EFB4DA201210420FCF7BD
:108A100049FBFCF7CBFB4EA201210420FCF742FBF3
:108A2000FBF7A8FFFBF774FB4DA201210420FCF724
:108A300039FB00214E48FAF78EFC4E48FAF718FD34
:108A40004DA201210420FCF72DFBFCF763FE002161
:108A50002046FCF709F85BE04B480078844209D0D7
:108A60002046FBF7F3FF28B9474804780021204649
:108A7000FBF7FAFF1CB93E48FAF767FC02E03D48F5
:108A8000FAF78FFCFBF736FF0546022D0DD1204685
:108A9000FBF7DCFF20BB601C00F001043A480470C7
:108AA00000212046FBF7E0FF1AE0012D18D12046F7
:108AB000FBF7CCFF68B92046FCF750F820B1012144
:108AC0002046FBF7D1FF0BE000212046FBF7CCFF4F
:108AD00006E02046FCF762F800212046FBF7C4FFC1
:108AE0001CB92A48D0F8240501E02248406806460F
:108AF00027480068301A322809D3254806602046E6
:108B0000FBF7A4FF814649462046FBF7ADFF00BFB7
:108B1000A2E70000436172204578616D706C6500CA
:108B2000496E697469616C697A696E672E2E2E00D0
:108B30005253543D257320463D25303275000000C8
:108B4000424F4F543D4F4C454420202020202000D0
:108B5000424F4F543D4B45592020202020202000DB
:108B6000424F4F543D4354524C202020202020009F
:108B7000A4200020E4450020424F4F543D544D5264
:108B80002020202020202000AC000020A440002035
:108B9000B000002008B50020009004E09DF800001F
:108BA000401CC0B200909DF800000C28F6DB08BD08
:108BB0002DE9F04105463D212846F7F77FFD0446A3
:108BC00014B90020BDE8F081601CFDF78DFC06465D
:108BD00001F07CFCF6E770B504462046FFF7E8FF9D
:108BE000054601F01DFF00B270BD00002DE9F04701
:108BF000A6B0FBF723F982467F20FCF74BFB08B1B8
:108C0000012000E0002004467E20FCF743FB08B171
:108C1000012000E0002005467D20FCF73BFB08B169
:108C2000012000E0002006467C20FCF733FB08B161
:108C3000012000E0002007467B20FCF72BFB08B159
:108C4000012000E0002080467A20FCF723FB08B1D9
:108C5000012000E0002081464B4609A2802106A8A1
:108C6000CDE9044ACDE90087CDE90265F7F7CCFAF2
:108C700006A8FFF72FFBFCF799FA26B0BDE8F087AE
:108C8000424F4F542070696E3D257520706F723DC4
:108C9000257520736674723D257520697764673D7C
:108CA000257520777764673D2575206C7077723D58
:108CB0002575206661756C743D25750D0A000000F0
:108CC00010B502A0FFF706FB10BD00004552520D83
:108CD0000A00000010B586B00446234604A21821FD
:108CE0006846F7F791FA6846FFF7F4FA06B010BD48
:108CF0004F4B2025730D0A0010B58CB00446234657
:108D000004A230216846F7F77FFA6846FFF7E2FAD7
:108D10000CB010BD54524143452025730D0A00008C
:108D200070B5054602F000F8044620F00040C0F19E
:108D3000FF40C00F08D025F00040C0F1FF40C00F39
:108D400004BF0120F7F7D3FD204670BD10B50246E1
:108D500002B109B9002010BD07E012F8013B11F87B
:108D6000014BA34201D00020F5E708780028F4D198
:108D70000120F0E710B504460021204601F098FFDD
:108D800001D8204610BD84F00040FBE770B50546D1
:108D90000C46284601F0E2F906463146204601F02D
:108DA000BBFE0446024A0021204600F0ACF870BD2C
:108DB0006666E63F70B504460E461546A4F8D060D8
:108DC000A4F8D25029463046FBF788FF70BD00005A
:108DD00070B504460D460F49284601F0EBFC0646E7
:108DE000214601F065FE04D20A49284601F0E2FC62
:108DF00070BD0849284602F01FF80646214601F0DA
:108E000057FF04D20349284602F016F8F0E720463F
:108E1000EEE700000000C0402DE9FC5F04460F466D
:108E200090469946DDE90D560CB105B10EB9BDE885
:108E3000FC9F6068A168A0EB010ABAF5487F00D3E7
:108E4000F5E72349384601F033FE05D22049404674
:108E500001F02EFE00D2EAE74846FFF78BFF4FF005
:108E60007C51009001F024FF08D30C98FFF782FF9B
:108E70004FF07C51009001F01BFF00D2D7E7316822
:108E8000286801F097FC4FF07C51009001F044FEFF
:108E900083461049584601F00BFF00D8C7E73168F8
:108EA000286801F0C9FF4FF07C51009001F034FEBA
:108EB0000190DFF820B05846019901F07BFC286052
:108EC0005846019901F0B8FF306000BFAFE70000DD
:108ED0009A99193F0000D0410146002005E001F0B9
:108EE00001020AB1421CD0B249100029F7D17047E3
:108EF00003468B4201DA08467047934201DD104673
:108F0000FAE71846F8E770B506460D4614462946B6
:108F1000304601F0CDFD01D2284670BD21463046D5
:108F200001F0C6FE01D22046F7E73046F5E7000023
:108F30002DE9F04F85B00446204600F0D7FB2046CF
:108F400001F054F98146B9F1000F04D0E06FA0663A
:108F5000D4F88000E066204601F0B8F9207810B916
:108F600005B0BDE8F08F204600F0FCFB04902046E1
:108F70000499FFF70BFF04902046049900F0C0F815
:108F8000256E666E4FF08341284601F0C5FD83468D
:108F90004FF08341304601F0BFFD0390B4F9D0009B
:108FA00001F05AFD824651465846FFF711FFC4F8BA
:108FB0009C00B4F9D20001F04FFD8246514603985F
:108FC000FFF706FFC4F8A00004F1A000011FE26E45
:108FD000CDE9002102902046D4E91923216EFFF744
:108FE0001BFF00203434E06720676067A0672E4ACB
:108FF0000021A06EFFF787FFA0662B4A0021E06EDC
:10900000FFF781FFE066B4F99C0001F025FD824680
:109010005146A06EFFF7DCFEA066B4F99E0001F099
:109020001BFD82465146E06EFFF7D2FEE066284601
:10903000616B01F001FF20653046A16B01F0FCFE81
:109040006065D4E91A0101F0B5FB4FF07C51029044
:1090500001F062FD824601F0E3FC00B2A4F8980042
:10906000A06E01F0DDFC0FFA80FA34F8020C02B2B7
:1090700000215046FFF73CFF0746E06E01F0D0FCB0
:109080000FFA80FA34F8020C343C02B20021504648
:10909000FFF72EFF8046FBF79DFD424639462046EE
:1090A000FFF788FE00BF5BE70000C84210B58AB03A
:1090B000044694F82D0008B90AB010BD6068E16953
:1090C000401A216A884200D2F6E7204601F070F883
:1090D000207810B12046FAF743FA238E04A2282103
:1090E0006846F7F791F8684600F0A4FF00BFE3E791
:1090F0004558505F454E442069643D25750D0A0072
:109100002DE9F04704460E462D4A2E49E06CFFF744
:10911000FAFE05462946206D01F0CAFC0BD22A4909
:10912000206D01F047FB20652946206D01F0C0FD50
:1091300011D225650FE02946206D01F0B9FD0AD254
:109140002149206D01F078FE20652946206D01F04F
:10915000AFFC00D225653046216D01F02BFB0746A0
:109160003046216D01F068FE80460021304601F056
:109170009FFD15D21549304601F09AFD01D81348DC
:1091800000E000208146124A49463846FFF7BBFE00
:1091900007460F4A49464046FFF7B5FE804601E0C4
:1091A0000027B8460B4A00213846FFF7ACFE206680
:1091B000084A00214046FFF7A6FE6066BDE8F0873A
:1091C000CDCCCC3ECDCCCCBECDCC4C3D3333B33E60
:1091D0006666E63F0000A041FEB504460D4604B1B8
:1091E00005B9FEBDD0A12846F7F738FB20B1D0A1C4
:1091F0002846F7F733FB98B994F82F0018B10021EF
:10920000204600F062FF207830B92046FAF75CF97A
:1092100010B900F0A5FBE4E7C7A000F003FDE0E70C
:10922000C6A12846F7F71AFB20B1C6A12846F7F7D2
:1092300015FB48B9204600F0BBFF2046FAF790F92D
:10924000C2A000F0EFFCCCE7C2A12846F7F706FB6E
:1092500020B1C2A12846F7F701FB18B9204600F05B
:10926000F3FCBEE7BFA12846F7F7F8FA20B1BFA18B
:109270002846F7F7F3FA88B904F1F000FBF776F81F
:1092800040B104F1F000FBF7F9F86068606101207B
:1092900084F82C00B7A000F0C5FCA2E7B6A12846D0
:1092A000F7F7DCFA20B1B7A12846F7F7D7FA30B9BB
:1092B0000120B8490870B8A000F0B4FC91E7B8A14B
:1092C0002846F7F7CBFA20B1B9A12846F7F7C6FA36
:1092D00058B9207810B100F043FB82E70020AD4977
:1092E0000870ADA000F09EFC7BE70C22B4A12846DC
:1092F000F7F7EEF9B0B9002000906A46B4A128460D
:10930000F7F718F901280AD1009808B1012000E008
:10931000002084F82E00B2A000F084FC01E000F0F0
:109320001FFB5EE701AB02AAB0A12846F7F702F9DE
:1093300002281FD194F82F0018B10021204600F018
:10934000C4FE029820866068E061019820620120D6
:1093500084F82D00207848B92046FAF7B5F828B9E6
:10936000204600F025FF00F0FBFA3AE7A3A000F04A
:1093700059FC36E702AAA4A12846F7F7DBF8012832
:1093800013D1029880B2218E884201D0208E48B934
:10939000204600F00DFF2046FAF7E2F89EA000F00C
:1093A00041FC1EE700F0DCFA1BE704229DA12846E1
:1093B000F7F78EF938B9284600F07AF9A0659BA036
:1093C00000F030FC0DE7052299A12846F7F780F957
:1093D00058B9284600F06CF9C4F8B400204600F0F3
:1093E00047FA95A000F01EFCFBE6052293A1284653
:1093F000F7F76EF958B9284600F05AF9C4F8B800E2
:10940000204600F035FA8FA000F00CFCE9E60522BA
:109410008DA12846F7F75CF958B9284600F048F9BD
:10942000C4F8BC00204600F023FA89A000F0FAFB43
:10943000D7E6052287A12846F7F74AF928B1042282
:1094400086A12846F7F744F958B9284600F030F9C4
:10945000C4F8C000204600F003FA82A000F0E2FB4E
:10946000BFE6052280A12846F7F732F928B1042289
:109470007FA12846F7F72CF958B9284600F018F9CB
:10948000C4F8C400204600F0EBF97BA000F0CAFB52
:10949000A7E6052279A12846F7F71AF928B1042290
:1094A00078A12846F7F714F958B9284600F000F9D2
:1094B000C4F8C800204600F0D3F974A000F0B2FB55
:1094C0008FE6052272A12846F7F702F998B92846D7
:1094D00000F001F90646207828B1204600F068FE29
:1094E0002046FAF73DF83146204600F0EEFD6AA02E
:1094F00000F098FB75E6092268A12846F7F7E8F81E
:1095000068B9284600F0E7F8064664220021304694
:10951000FFF7EEFC608664A000F084FB61E600F0DB
:109520001FFA00BF5DE600002352554E0000000008
:109530002352554E2100000052554E002353544FE4
:10954000500000002353544F5021000053544F50FB
:1095500000000000235354415400000023535441A1
:10956000542100002343414C000000002343414CA0
:109570002100000043414C00234D4F44453D5452CF
:1095800041434B00234D4F44453D545241434B21F1
:1095900000000000AC0000204D4F444500000000DA
:1095A000234D4F44453D53545241494748540000D0
:1095B000234D4F44453D535452414947485421009F
:1095C000234558503D53545245414D2C0000000056
:1095D000234558503D53545245414D2C25750000AC
:1095E0004558505F53545245414D00002345585053
:1095F0003D52554E2C25752C257500004558505F61
:109600005354415254000000234558503D53544F89
:10961000502C2575000000004558505F53544F50A2
:10962000000000002354533D00000000545300008C
:1096300023534B503D000000534B500023534B49E4
:109640003D000000534B490023534B443D000000B4
:10965000534B440023414B503D000000234B503DF1
:1096600000000000414B500023414B493D000000E9
:10967000234B493D00000000414B490023414B442E
:109680003D000000234B443D00000000414B4400DE
:10969000235241573D000000524157002350574D7F
:1096A0005F4D41583D00000050574D5F4D415800FF
:1096B0002DE9F04105463D212846F6F7FFFF044617
:1096C00014B90020BDE8F081601CFCF70DFF0646D0
:1096D00000F0FCFEF6E770B504462046FFF7E8FF11
:1096E000054601F09DF900B270BD00002DE9F04182
:1096F0009AB00446194F642204F1F00101A8F7F76B
:1097000032F8666901A8FAF731FE10B91AB0BDE85F
:10971000F08165689DF86600A8B17EB1B5420DD3B1
:10972000A81B01F0B1F980460D4901F0F5F9074693
:109730000021384601F0BCF900D8084F394601A88D
:10974000FAF7BAFE6561642201A904F1F000F7F7A7
:109750000AF8012084F82C0000BFD7E70AD7A33B02
:109760006F12833A70B50446164A0021A06DFFF7C8
:10977000CAFB0646144901F0CFF905462946E06DBB
:1097800001F096F90BD21149E06D01F013F8E06594
:109790002946E06D01F08CFA11D2E5650FE029460B
:1097A000E06D01F085FA0AD20849E06D01F044FB52
:1097B000E0652946E06D01F07BF900D2E565E06DDA
:1097C00070BD00000000C842CDCCCC3D8FC2F53D3D
:1097D00010B500244FF480611E4800F065FC08B10C
:1097E00044F001044FF400611A4800F05DFC08B138
:1097F00044F002044FF48051164800F055FC08B1C3
:1098000044F004040821144800F04EFC08B144F070
:1098100008041021104800F047FC08B144F010047F
:109820004FF400710C4800F03FFC08B144F02004F4
:109830004FF40061084800F037FC08B144F04004E0
:109840004FF40051054800F02FFC08B144F08004AB
:10985000204610BD00080140000C014000100140EE
:109860000021016441648164C16401654165704700
:10987000002140F85C1F41608160C160016141616D
:1098800081610177016241628162C162016341636A
:109890008163C163016441648164C16401654165A0
:1098A0005C3870472DE9FE4F04464FF0000AFFF781
:1098B0008FFF07463846FFF70FFB064684F82870EF
:1098C00084F8296026B9002084F82A00BDE8FE8FBC
:1098D000002509E00120A840384018B11D4830F9A2
:1098E00015008244681CC5B2082DF3D394F82AB041
:1098F000304601F0C9F80190504601F0ADF80090F3
:10990000019900F0CBFF1449029000F0C7FF804698
:109910003146404600F021FC8146012084F82A00AF
:10992000C4F83C80BBF1000F02D094F82B0010B1BA
:10993000C4F838900CE04846A16B01F07DFA074965
:10994000019001F0E9F80290A16B00F033FFA063F1
:109950000120BBE768B600080000C8426666E63E24
:1099600010B502A000F066FB10BD00004552520D7C
:109970000A0000002DE9F04FEDB0824600206B9008
:109980009AF8000028B99AF82D0010B99AF82F001B
:1099900028B1DAF80400DAF80810401A6B90FCF7E6
:1099A000C5F88346FCF7BCF86A90DAE91F0101F0BC
:1099B00043FA439000F0D2FE04460D46DAF88000E8
:1099C00000F0CCFE06460F46DAF87C0000F0C6FE3A
:1099D000804689464FF4907151F80A0000F0BEFEAF
:1099E000699168904FF4927151F80A0000F0B6FE48
:1099F00067916690DAF83C0000F0B0FE65916490E3
:109A0000DAF8380000F0AAFE63916290DAF8B0004C
:109A100000F0A4FE61916090DAF8A40000F09EFED0
:109A20005F915E90DAF8A00000F098FE5D915C9086
:109A3000DAF89C0000F092FE5B915A90DAF8880008
:109A400000F08CFE59915890DAF8840000F086FE00
:109A500057915690DAF86C0000F080FE55915490C2
:109A6000DAF8680000F07AFE53915290DAF8640058
:109A700000F074FE51915090DAF8600000F06EFE34
:109A80004F914E90DAF85C0000F068FE4D914C90DA
:109A9000DAF8C80000F062FE4B914A90DAF8C40090
:109AA00000F05CFE49914890DAF8C00000F056FEE4
:109AB00047914690DAF8580000F050FE45914490E6
:109AC0009AF82800C0099AF82820C2F380126A99EF
:109AD00041ABA3E8030840929AF82800C0F3401174
:109AE000C0F30012C0F3C0009AF82830C3F380031B
:109AF000CDE93C30CDE93E219AF82800C0F3400181
:109B000000F00102BAF9D200BAF9D030CDE938300C
:109B1000CDE93A21E52010F80A00E42111F80A10F5
:109B2000BAF9E220BAF9E030CDE92E89CDE9306703
:109B3000CDE93245CDE93432CDE9361069996898DE
:109B4000CDE92C0167996698CDE92A016599649859
:109B5000CDE9280163996298CDE926016199609861
:109B6000CDE924015F995E98CDE92201D82050F813
:109B70000A00DAF8D410081AD82151F80A10DAF8D5
:109B8000D420CDE91E2120905D995C98CDE91C017F
:109B90005B995A98CDE91A0159995898CDE918015D
:109BA00057995698CDE9160155995498CDE9140165
:109BB00053995298CDE9120151995098CDE910016D
:109BC0004F994E98CDE90E014D994C98CDE90C0175
:109BD0004B994A98CDE90A0149994898CDE908017D
:109BE00047994698CDE9060145994498CDE9040185
:109BF0009AF80000BAF830206B99CDE90021029064
:109C0000DAF80430054A4FF420710548F6F7FCFAFB
:109C1000034800F00FFA6DB0BDE8F08FB0BD00084A
:109C2000E41A002010B588B00446234604A220217F
:109C30006846F6F7E9FA684600F0FCF908B010BD8E
:109C40004F4B2025730D0A0001B5ADF5187D00209E
:109C500096909898007838B9989890F82D0018B98F
:109C6000989890F82F0020B1989841688068081A59
:109C70009690FBF75BFF9590FBF752FF94909898B6
:109C8000D0F8800056909898C06F5590569901F082
:109C9000D3F8579000F062FD939192909898D0F885
:109CA0008000579000F05AFD919190909898C06F65
:109CB000579000F053FD8F918E909898D0F8200126
:109CC000579000F04BFD8D918C909898D0F824011E
:109CD000579000F043FD8B918A909898006D5790B3
:109CE00000F03CFD899188909898C06C579000F0E6
:109CF00035FD879186909898406C579000F02EFD26
:109D0000859184909898006C579000F027FD83917E
:109D100082909898C06B579000F020FD81918090C0
:109D20009898806B579000F019FD7F917E909898DD
:109D3000D0F8B000579000F011FD7D917C9098987C
:109D4000D0F8A800579000F009FD7B917A90989880
:109D5000D0F8A400579000F001FD79917890989880
:109D6000D0F8A000579000F0F9FC77917690989881
:109D7000D0F89C00579000F0F1FC75917490989881
:109D8000D0F88800579000F0E9FC73917290989891
:109D9000D0F88400579000F0E1FC71917090989891
:109DA000C06E579000F0DAFC6F916E909898806EBC
:109DB000579000F0D3FC6D916C909898406E57903E
:109DC00000F0CCFC6B916A909898006E579000F070
:109DD000C5FC699168909898C06D579000F0BEFCE2
:109DE000679166909898D0F8C800579000F0B6FC3C
:109DF000659164909898D0F8C400579000F0AEFC3C
:109E0000639162909898D0F8C000579000F0A6FC3B
:109E1000619160909898D0F8BC00579000F09EFC3B
:109E20005F915E909898D0F8B800579000F096FC3B
:109E30005D915C909898D0F8B400579000F08EFC3B
:109E40005B915A909898806D579000F087FC5991DB
:109E50005890989A92F82820D209989B93F8283025
:109E6000C3F38013949995985393549255915690B7
:109E7000989890F82800C0F34010989991F828100D
:109E8000C1F30011989A92F82820C2F3C002989B5F
:109E900093F82830C3F380034F935092519152901E
:109EA000989890F82800C0F34000989991F82810ED
:109EB00001F00101989A928E989B93F82B304B9366
:109EC0004C924D914E909898418EB0F9D220B0F9B5
:109ED000D03090F8E500489349924A91479098987D
:109EE00090F8E420B0F9E210B0F9E00044AB07C309
:109EF0009399929843914290919990984191409072
:109F00008F998E98CDE93E018D998C98CDE93C01D1
:109F10008B998A98CDE93A0189998898CDE93801D9
:109F200087998698CDE9360185998498CDE93401E1
:109F300083998298CDE9320181998098CDE93001E9
:109F40007F997E98CDE92E017D997C98CDE92C01F1
:109F50007B997A98CDE92A0179997898CDE92801F9
:109F60009898D0E93510091A9898D0F8D800989A9E
:109F7000D2F8D420CDE92420269177997698CDE99E
:109F8000220175997498CDE9200173997298CDE9F1
:109F90001E0171997098CDE91C016F996E98CDE9F9
:109FA0001A016D996C98CDE918016B996A98CDE901
:109FB000160169996898CDE9140167996698CDE909
:109FC000120165996498CDE9100163996298CDE911
:109FD0000E0161996098CDE90C015F995E98CDE919
:109FE0000A015D995C98CDE908015B995A98CDE921
:109FF000060159995898CDE9040198980078989AE3
:10A00000128E9699CDE900210290989840680346F7
:10A01000064A4FF4507157900548F6F7F5F8044892
:10A0200000F008F80DF5197D00BD000008BF00081C
:10A03000641D002010B5044604B910BD2046FBF78E
:10A0400011FF00BFF9E7000008B501211D20FBF753
:10A050009DF801211048F9F797FF48208DF803007B
:10A0600003208DF802004FF4E050ADF8000069467F
:10A070000A48F9F7FDFE40F61820ADF800006946E1
:10A080000748F9F7F5FE4FF40050ADF800006946B7
:10A090000448F9F7EDFE08BD000230000008014059
:10A0A000000C01400010014070B504460D462946E1
:10A0B0002046F9F7B1FF012800D100E00020064654
:10A0C0000EB9012070BD0020FCE770B504460E46B5
:10A0D00004B970BD608E02B2404201B23046FEF754
:10A0E00007FF05462046FFF7C3FB2046FFF7B8FBF6
:10A0F000A4F8CE500DB1012000E000202034E07320
:10A10000A4F8AC500020607320822060E072A0822E
:10A11000A07220726072A061E06120626063203CE6
:10A120001C2104F1D400F6F772FBF9F7A3FD606877
:10A13000A0606068E060606820616068A0611DB92F
:10A14000204600F03DF8C4E7FAF744FD2A462946C8
:10A150002046FEF72FFE00BFBBE770472DE9F04118
:10A1600004460CB1207818B94FF07E50BDE8F0815C
:10A170006068A168451AB5F5167F02D34FF07E508E
:10A18000F4E7284600F080FC8046064900F086FB94
:10A190000746054900F0C0FC0646044900F00AFBEA
:10A1A000E4E70000000016446666263F3333B33E02
:10A1B00000B97047002180F82D10016200BFF8E758
:10A1C00010B5044600209434A087E087608704F827
:10A1D000650C208744F8480C44F8440CA060E0600B
:10A1E000943CFAF7E1FDFAF7EDFC10BD2DE9F047DC
:10A1F000044614B90020BDE8F087A06918B960686A
:10A20000A0610020F7E76068A169451A0A2D01D214
:10A210000020F0E7A9B204F1D400F9F7BFFD6068AF
:10A22000A061E8210859274900F076FC0646EC2198
:10A230000859244900F070FC0746284600F024FC29
:10A240008146214900F02AFB80464FF07E524FF0B4
:10A250007A514046FEF757FE804694F8780018B9C8
:10A26000E667C4F880701BE054F87C1F304600F0AD
:10A27000E3FD8246414600F04FFC8146216800F034
:10A2800099FA20603846616800F0D6FD8246414662
:10A2900000F042FC8146616800F08CFA60607C3C12
:10A2A000B4F9DC002067B4F9DE00606794F8780048
:10A2B000FF2804D294F87800401C84F8780001202C
:10A2C00099E700008988883C000020422DE9F05F72
:10A2D00004462046FFF7E6FA50BB94F82B00FF280F
:10A2E00004D294F82B00401C84F82B00002004F8C2
:10A2F0002A0F6078608160782A3C502804D3204679
:10A30000F9F72EF9BDE8F09F656D2846FEF732FD9E
:10A3100007462F4900F0CCFB08D20021284600F068
:10A32000C7FC01D82A4800E02A480546A56305E095
:10A33000002084F82B00A086A56B6565256428465F
:10A34000FEF718FD0746244900F0B2FB0AD84FF08B
:10A350007D51606C00F0E0FB60640020E0642065EB
:10A36000A564CFE72946606C00F024FA60641B4ABC
:10A370001B49606CFEF7C7FD60642846A16C00F0C5
:10A380005BFD80464146D4F8C80000F0C5FB81461D
:10A39000616CD4F8C40000F0BFFB82462946D4F8B3
:10A3A000C00000F0B9FB8346514600F003FA0746AF
:10A3B000494600F0FFF906460A4A0B493046FEF7C7
:10A3C000A2FDE064E06C2065A56400BF9AE7000090
:10A3D0009A99993E9A9999BE9A99193E0000F0422D
:10A3E0000000F0C2CDCCCC3ECDCCCCBE70B5044686
:10A3F00014B194F82F0000B970BD2046FFF776F92C
:10A400002046FFF7F3FE054625B1E06FA066D4F8BD
:10A410008000E066002028346063A063E063E065AC
:10A420002066B4F9A80000F017FB6067B4F9AA0031
:10A4300000F012FBA067B4F8A600A4F8A400FFF790
:10A44000C7F920702078FEF747FD60706078283CDF
:10A4500008B1012000E0002084F82A000020A06359
:10A46000E06300BFC8E7411C88B2B0F5006F00DBB5
:10A470000020704710B500290AD00878002807D0BE
:10A4800005487844F6F7EAF9002801D0002010BD0D
:10A490000248784410BD0000721C00006A1C0000D5
:10A4A00010B500290AD00878002807D0054878445C
:10A4B000F6F7D4F9002801D0002010BD02487844F6
:10A4C00010BD0000621C00005A1C000021F0004278
:10A4D000A2F16052B2F5801F01F0004328BFD2F113
:10A4E0007F6C0BD95FEA001C43EAC20242EB50705A
:10A4F00018BF704728BF20F001007047B2F5801FD9
:10A50000BCBF184670474FEA410C1CF5001F02D231
:10A51000084600F0C8BB70B500F096F8000000894E
:10A52000FFF7F6BF4FF00040A0F580007047000035
:10A5300002494FF0000000F0F9BC00BF0000F87FB6
:10A54000491058BFC1F140415B1058BFC3F14043AF
:10A550008B42EFF30080704751EA030C17D41CF5CF
:10A56000801F58BFBCF5801F00F10680994218BFBC
:10A57000704708BF9042704707D711F5801F58BF3A
:10A5800013F5801F19D499427047894270471CF512
:10A59000801F08D5BCF5801FF7D58B4218BF7047C8
:10A5A00008BF824270474FF4001C1CEB410F38BFBC
:10A5B0001CEB430F01D28B42704770B500F044F89A
:10A5C000922449004FF000514FF08053FFF7B8BF7D
:10A5D00051EA030C17D41CF5801F58BFBCF5801F2F
:10A5E00000F10680994218BF704708BF904270473B
:10A5F00007D711F5801F58BF13F5801F19D4994252
:10A600007047894270471CF5801F08D5BCF5801F34
:10A61000F7D58B4218BF704708BF824270474FF48E
:10A62000001C1CEB410F38BF1CEB430F01D28B42C7
:10A63000704770B500F008F8922449004FF00051BF
:10A640004FF08053FFF77CBF0EF1020E2EF0030E89
:10A650005EF8046B364205D4012A43EB030515F579
:10A66000001F12D8012841EB010C1CF5001F0CD86B
:10A670000ED14FEAD17C15F5001F0CEB4C0C0CF100
:10A68000020C08BF4CEBD37C04E04FF0080C01E057
:10A690004FEAD37C0CEB4C0526FA05F606F00706CC
:10A6A000B6F1040C06D20EEB860CBDE870404CF0FF
:10A6B000010C6047DFE80CF0090B02024FF000418B
:10A6C0004FF00000A1F5002170BD19461046012889
:10A6D00051EB010418BFD4F5001484BF002001F031
:10A6E000004170BD0808A0F500114FEA3101704724
:10A6F00053EA010C17D41CF5801F58BFBCF5801F0E
:10A7000000F106808B4218BF704708BF8242704735
:10A7100007D713F5801F58BF11F5801F19D48B423E
:10A7200070479B4270471CF5801F08D5BCF5801F01
:10A73000F7D5994218BF704708BF904270474FF451
:10A74000001C1CEB430F38BF1CEB410F01D2994298
:10A7500070470FB40CBC03BCFFF76BBF43004FEA5C
:10A76000D30C4FEA3C0C43401FBF40070CF1605133
:10A7700013F0FE4F70471CF0006F03D100200CF067
:10A78000004170470CF0004343EA507010B540EAB6
:10A79000CC0000F042FA00BF000000924FEA000136
:10A7A000FFF7A0BF4FF000414FF00000A1F50021DE
:10A7B0007047000090EA010F48BF81F0004100F1AE
:10A7C0004283421A3CBF801A89184FEAD0524FF098
:10A7D0007F4C1CEA410FA2EBD15318BF9CEA026FD9
:10A7E00000F03B804FF0004C4CEA00204CEA012185
:10A7F00021FA03FC10EB0C0C1ED202F1FF325FEACF
:10A800001C2040EBC25038BF70471CF07F0F4FEA4E
:10A81000400C18BFBCF17F4F38BF7047C3F1200315
:10A82000994008BF20F00100BCF17F4F38BF70474E
:10A83000A0F1C04000F037BA4FEA3C00000A40EBFC
:10A84000C25028BF1CF0FF0F4FEA400CE6D018BFE3
:10A85000BCF17F4F38BF7047EAE79CEA026F05D032
:10A8600010EA5C0F08BF00F00040704710B500F020
:10A87000D4F900BF64FBBE3E014800F057BB00BFE7
:10A880000000C07F401058BFC0F14040491058BF81
:10A89000C1F140418142EFF3008070474FF47F0CDB
:10A8A0001CEAD0121EBF1CEAD11392EA0C0F93EAE5
:10A8B0000C0F00F0858090EA010F48BF42F48072CF
:10A8C00040F4000C41F400002CF07F4120F07F4068
:10A8D00000B58142A2EB03020FF2081CACEB504E14
:10A8E000C0F100009EF800E04FEA4E0E00FB0EFCA7
:10A8F00038BF49004FEA2C1C02F5FA020CFB0EF39C
:10A900004FEACE1E4FEA112C4FEAC1210EEB635ED7
:10A9100042EB22420EFB0CFC4FEA1C5300FB0311DE
:10A920004FEA112C4FEA01310EFB0CFC4FEADC4CD4
:10A9300000FB0C11C14228BF09184CEB03335DF832
:10A9400004EB10EB410143EBC250B2F57C0F38BF72
:10A95000704729D512F0F00F1CBF00F1C04000F085
:10A9600000407047008182838485868788898B8C2C
:10A970008D8E8F919293959697999A9C9D9FA0A268
:10A98000A3A5A7A8AAACAEB0B2B3B5B7B9BCBEC0B8
:10A99000C2C5C7C9CCCED1D4D7D9DCDFE2E6E9EC59
:10A9A000F0F3F7FAFE0000004FEA400C0CF1807C57
:10A9B000BCF17E4F28BF7047B0F1C04000F073B9C2
:10A9C00090EA010F0CEAD11348BF42F4807262454D
:10A9D00038BF634507D213F47F0F16D080EA010019
:10A9E00000F00040704710B500F017F9097EFC3EFA
:10A9F00000F005B880EA010000F00040704780EAEE
:10AA0000010000F0004000F04EB912F47F0F04BFC7
:10AA10000248704780EA010000F045B90000C07F9D
:10AA200041000B0ED3F19E0208D950F400034FEA07
:10AA3000032323FA02F048BF4042704710B500F0EC
:10AA4000ECF800BF49922480002070476FF000426C
:10AA500082EA20007047000010F0004148BF4042E9
:10AA6000B0FA80F310FA03F2C3F19D030BD051EA60
:10AA7000C35101EB1220530638BF704700F10100AB
:10AA800008BF20F001007047B0FA80F310FA03F21B
:10AA9000C3F19D030AD0D90501EB1220530638BF3C
:10AAA000704700F1010008BF20F00100704700006E
:10AAB00050EA010C00F113801CF5000F58BFBCF5E3
:10AAC000000F01D48842704707D710F5000F58BF18
:10AAD00011F5000F15D488427047894270471CF564
:10AAE000000F04D5BCF5000FF7D5814270474FF039
:10AAF000807C1CEB400F38BF1CEB410F01D2814220
:10AB0000704710B500F089F8922449004FF00050CA
:10AB10004FF08051FFF7B6BE4FF47F0C1CEAD01205
:10AB20001EBF1CEAD11392EA0C0F93EA0C0F00F03F
:10AB3000478090EA010F48BF42F480724FF0004C0A
:10AB40004CEA00204CEA012102EB0302A0FB0113B6
:10AB5000A2F50002002918BF43F001035B0028BFE3
:10AB60004FEA330342EB22425FEA132C4CEBC25014
:10AB70002EBFBCEB436FB2F57C0F70474FEA036CFE
:10AB8000BCF1004F08BF20F00100B2F57C0F38BFC8
:10AB900070470BD582F0FF0212F5803FC8BF7047A7
:10ABA00000F1C040D8BF00F00040704700F5000C35
:10ABB0005FEA4C0C48BF7047B0F1C04000F073B87A
:10ABC00090EA010F0CEAD11348BF42F4807262454B
:10ABD00038BF634504D280EA010000F000407047AE
:10ABE00010B500F01AF800BF8900013E00F007B868
:10ABF00000F009B85FEA410C5FEA1C6C08D080EAFB
:10AC0000010000F050B85FEA400C5FEA1C6CF6D11E
:10AC10004FF00040A0F5800070470EF1020E2EF0BC
:10AC2000030E5EF8044B244204D44FEA4102B2F111
:10AC30007F4F11D84FEA4003B3F17F4F0CD80ED1AC
:10AC40004FEAD07CB2F17F4F0CEB4C0C0CF1020CB4
:10AC500008BF4CEBD17C04E04FF0080C01E04FEA58
:10AC6000D17C0CEB4C0324FA03F404F00704B4F198
:10AC7000040C06D20EEB840CBDE810404CF0010C25
:10AC80006047DFE80CF0070802024FF00040A0F533
:10AC9000800010BD0846420018BFD2F1807288BF04
:10ACA00000F0004010BDFF2141EAD050C0057047C0
:10ACB00051EA000C00F113801CF5000F58BFBCF5E1
:10ACC000000F01D48142704707D711F5000F58BF1C
:10ACD00010F5000F15D481427047894270471CF56A
:10ACE000000F04D5BCF5000FF7D5884270474FF030
:10ACF000807C1CEB410F38BF1CEB400F01D2884217
:10AD0000704780EA010081EA000180EA0100FFF754
:10AD1000F8BE80F0004090EA010F7FF552AD81F05F
:10AD2000004100F090B800004FEAD051002988BFE0
:10AD3000D1F1FF0240F2758001F17D014FEA002060
:10AD400070B5490840F0004038BF40080EA2430EDD
:10AD5000040CD25C02FB02F304FB03F3C3F1404397
:10AD6000A3FB0254ED0D45EA442202FB02F3A0FBD3
:10AD700003546D42C4F1404438BF641EA2FB053544
:10AD80000023E2FB0453EA0B42EA4342A0FB0232F7
:10AD900012F14004A2F12103E40903F07F031F2B09
:10ADA00032D904EBC15070BDFEFAF7F3F0ECE9E6DE
:10ADB000E4E1DEDCD9D7D4D2D0CECCCAC8C6C4C276
:10ADC000C1BFBDBCBAB9B7B6B4B3B2B0AFAEACAB2D
:10ADD000AAA9A8A7A6A4A3A2A1A09F9E9E9D9C9B52
:10ADE0009A999897979695949393929190908F8E25
:10ADF0008E8D8C8C8B8A8A898988878786868584C4
:10AE0000848383828281818004FB04F6B6EB004652
:10AE100003D5E64248BF641CC3E7A64258BF641C82
:10AE2000BFE711F0FF0F02D100F00040704710B5EE
:10AE3000FFF7F3FE7FDBFFBE90EA010F48BF81F012
:10AE400000413FF5BEAC421A04D882F00042A0EBAC
:10AE5000020011444FEAD0524FF07F4C1CEA410FE0
:10AE6000A2EBD15318BF9CEA026F4AD04FF0004CBE
:10AE70004CEA00204CEA012121FA03FCB0EB0C0C57
:10AE80000FD412F0FE0F36D05FEA4C001DD5001231
:10AE900040EBC25038BF70471CF03F0F18BF7047DF
:10AEA0000BE0A2F101025FEA1C2040EBC25038BF68
:10AEB00070471CF07F0F18BF7047C3F12003994003
:10AEC00014BF401E20F00100704780084FEA122393
:10AED00008BF7047B0FA80FCA2EB0C02CCF1280C42
:10AEE00060FA0CF093EA122F04BF00EBC2507047D7
:10AEF0004FEAC3707047130A5FEADC1008BF70475F
:10AF0000F6E79CEA026F04D010EA5C0F08BF00204D
:10AF1000704710B5FFF781FE40DFF63E81F000403C
:10AF200070474FF000007047F5F719BE0CF00F03A3
:10AF3000092B08BF082000F085800A2B0BD0082BB6
:10AF400018BF704708BF1CF0400F0AD04FF0000038
:10AF50004FF0000170471CF0400F18BF4FF0004049
:10AF600070471CF0100F08D020F0704300F07F42B3
:10AF700042EAD3014FEA4370704700F0604021F08D
:10AF80007F4242EA000201F07F4040EA727070475F
:10AF90004FF0FF0C4CF4E06C1CEA11531CBF9CEA10
:10AFA000030C9445C2BFDA4201EB02517047002BFB
:10AFB0000DD0BCF1000F0FD0002A01F00041A4BF5A
:10AFC00041F0E04141F07F614FF00000704701F037
:10AFD00000414FF00000704750EA01334FF09B0CE6
:10AFE00018BF4CF0806C7FF4A3AA70474FF0FF02AB
:10AFF00012EAD0521CBF92F0FF038B42C2BFD14273
:10B0000000EBC1507047002A0AD0002B0BD000295A
:10B0100000F00040A4BF40F0FE4040F40000704744
:10B0200000F00040704743024FF00B0C18BF4CF08B
:10B03000806C7FF421AC7047F6F7B4BBF6F712BD15
:10B04000F6F7A0BE1CF4801F11D01CF4E02F03D033
:10B050006FEACC31490070474FF04050EFF3008267
:10B0600022F0704242EA000282F3008870474FF0FB
:10B070000000704700000000000000000000000019
:10B0800000000000000000F8000000000000003395
:10B090003000000000100C06100C0600000000003C
:10B0A0000000000040C07840C0784000043F040425
:10B0B0003F040400007088FC08300000001820FFE6
:10B0C000211E0000F008F000E018000000211C0321
:10B0D0001E211E0000F00888700000001E2123249D
:10B0E0001927211010160E000000000000000000BB
:10B0F00000000000000000E018040200000000074B
:10B100001820400000020418E00000000040201851
:10B1100007000000404080F0804040000202010F24
:10B1200001020200000000F0000000000101011F08
:10B1300001010100000000000000000080B070006C
:10B1400000000000000000000000000000010101FC
:10B15000010101010000000000000000003030008B
:10B160000000000000000000806018040060180665
:10B170000100000000E010080810E000000F10209F
:10B1800020100F00001010F8000000000020203FE9
:10B190002020000000700808088870000030282473
:10B1A0002221300000300888884830000018202014
:10B1B00020110E000000C02010F800000007042439
:10B1C000243F240000F8088888080800001921207E
:10B1D00020110E0000E0108888180000000F1120D8
:10B1E00020110E0000380808C83808000000003F91
:10B1F000000000000070880808887000001C2221F0
:10B2000021221C0000E010080810E000000031229C
:10B2100022110F00000000C0C0000000000000303C
:10B22000300000000000008000000000000080608E
:10B23000000000000000804020100800000102040F
:10B2400008102000404040404040400004040404F6
:10B2500004040400000810204080000000201008B2
:10B2600004020100007048080808F00000000030E7
:10B2700036010000C030C828E810E0000718272475
:10B2800023140B000000C038E0000000203C230223
:10B290000227382008F8888888700000203F202086
:10B2A00020110E00C03008080808380007182020B8
:10B2B0002010080008F808080810E000203F2020AF
:10B2C00020100F0008F88888E8081000203F202090
:10B2D0002320180008F88888E8081000203F200084
:10B2E00003000000C03008080838000007182020BC
:10B2F000221E020008F808000008F808203F21017B
:10B3000001213F20000808F8080800000020203F25
:10B310002020000000000808F8080800C080808095
:10B320007F00000008F888C028180800203F20018E
:10B330002638200008F8080000000000203F2020E8
:10B340002020300008F8F800F8F80800203F003FFF
:10B35000003F200008F830C00008F808203F200017
:10B3600007183F00E01008080810E0000F10202028
:10B3700020100F0008F808080808F000203F2101FD
:10B3800001010000E01008080810E0000F18242454
:10B3900038504F0008F8888888887000203F2000C7
:10B3A000030C30200070880808083800003820217D
:10B3B00021221C00180808F8080818000000203F87
:10B3C0002000000008F808000008F808001F2020EE
:10B3D00020201F000878880000C8380800000738BF
:10B3E0000E010000F80800F80008F800033C070010
:10B3F000073C0300081868808068180820302C0378
:10B40000032C30200838C800C83808000000203F4E
:10B410002000000010080808C8380800203826213D
:10B4200020201800000000FE020202000000007F41
:10B4300040404000000C30C000000000000000014F
:10B440000638C00000020202FE000000004040403A
:10B450007F0000000000040202020400000000005F
:10B4600000000000000000000000000080808080DC
:10B4700080808080000202040000000000000000C4
:10B48000000000000000808080800000001924225D
:10B4900022223F2008F8008080000000003F112099
:10B4A00020110E000000008080800000000E11209E
:10B4B00020201100000000808088F800000E11207C
:10B4C00020103F200000808080800000001F22228A
:10B4D00022221300008080F0888888180020203FF6
:10B4E000202000000000808080808000006B949409
:10B4F0009493600008F8008080800000203F2100C5
:10B5000000203F2000809898000000000020203F8D
:10B5100020200000000000809898000000C080807B
:10B52000807F000008F8000080808000203F240217
:10B530002D302000000808F8000000000020203F07
:10B54000202000008080808080808000203F2000BC
:10B550003F20003F8080008080800000203F21004D
:10B5600000203F200000808080800000001F2020FD
:10B5700020201F00808000808000000080FFA1202C
:10B5800020110E000000008080808000000E11203D
:10B5900020A0FF80808080008080800020203F21CC
:10B5A000200001000000808080808000003324247F
:10B5B00024241900008080E0808000000000001F2B
:10B5C000202000008080000000808000001F2020DC
:10B5D00020103F20808080000080808000010E309D
:10B5E0000806010080800080008080800F300C03FE
:10B5F0000C300F0000808000808080000020312E01
:10B600000E312000808080000080808080818E70DC
:10B610001806010000808080808080000021302C8E
:10B620002221300000000000807C020200000000A7
:10B63000003F404000000000FF000000000000004C
:10B64000FF0000000002027C800000000040403F3C
:10B6500000000000000601010202040400000000D6
:10B66000000000004A4B2928A2FE06FF6AFFCEFF19
:10B6700032009600FA005E0130313233343536370D
:10B680003839414243444546403058003031323326
:10B690003435363738396162636465664030780026
:10B6A000040000080000000000000002000100008B
:10B6B0001000000002400000000000A00000000098
:10B6C00005400000000000C8000000000C40000021
:10B6D0000000409C00000000194000000020BCBE9B
:10B6E0000000000034400000BFC91B8E00000004B1
:10B6F000B5400000504BCFD06607E2CF01000000FC
:10B700006C4100003E8251AADFEEA7340100000028
:10B71000D9420000DCB5A0E23A301F97FFFFFFFFDF
:10B72000B4450000FD25A0C8E9A3C14FFFFFFFFFFE
:10B73000FF3F00000000008000000000FF3F00000D
:10B740000000008000000000442025752C25752C89
:10B7500025752C25642C25642C25642C25642C252A
:10B76000642C25642C25642C25642C25642C2564EC
:10B770002C25642C25642C25642C25642C25642C14
:10B7800025642C25642C25642C25642C25642C250B
:10B79000640D0A004346472074733D252E3666200B
:10B7A000736B703D252E366620736B693D252E36F2
:10B7B0006620736B643D252E366620616B703D25D7
:10B7C0002E366620616B693D252E366620616B64DE
:10B7D0003D252E36660D0A00434647206578705F8A
:10B7E00069643D2575206D733D256C752074733D2E
:10B7F000252E366620736B703D252E366620736BC2
:10B80000693D252E366620736B643D252E366620F5
:10B81000616B703D252E366620616B693D252E36A5
:10B820006620616B643D252E36660D0A000000001F
:10B830004842207469636B3D256C752072756E3DBE
:10B8400025752074733D252E33662061733D252EAA
:10B8500033662074613D252E33662061613D252EBF
:10B8600033662073653D252E336620736F3D252E8C
:10B8700033662061653D252E336620616F3D252EA0
:10B8800033662070776D3D25642070633D2564200C
:10B8900068643D256420793D252E33662079723D0C
:10B8A000252E3366204C3D256420523D2564204FD3
:10B8B0004C3D2564204F523D256420656C3D256438
:10B8C0002065723D25642065643D256420646C3DDF
:10B8D00025642064723D256420636C3D25752063DA
:10B8E000723D2575206F6B3D256C75206661696C16
:10B8F0003D256C7520766F66613D25732072783D1D
:10B90000256C7520747864726F703D256C750D0A16
:10B91000000000004842207469636B3D256C75206F
:10B920006578705F69643D257520745F6D733D2592
:10B930006C752072756E3D25752074733D252E3310
:10B94000662061733D252E33662074613D252E33BC
:10B95000662061613D252E33662073653D252E33BB
:10B960006620736F3D252E33662061653D252E339D
:10B970006620616F3D252E33662070776D3D25640E
:10B980002070633D25642068643D256420793D2551
:10B990002E33662079723D252E3366204C3D25647A
:10B9A00020523D2564204F4C3D2564204F523D25BB
:10B9B0006420656C3D25642065723D2564206564C6
:10B9C0003D256420646C3D25642064723D2564201F
:10B9D000636C3D25752063723D2575206F6B3D2599
:10B9E0006C75206661696C3D256C7520766F6661AB
:10B9F0003D25732072783D256C7520747864726FD4
:10BA0000703D256C750D0A005354415420746963D0
:10BA10006B3D256C752072756E3D25752074733DE8
:10BA2000252E36662061733D252E36662074613DD5
:10BA3000252E36662061613D252E36662073653DD4
:10BA4000252E366620736F3D252E36662061653DB6
:10BA5000252E366620616F3D252E36662070776D67
:10BA60003D25642070633D25642068643D25642085
:10BA7000793D252E366620703D252E366620723D96
:10BA8000252E36662079723D252E36662061783D5A
:10BA900025642061793D256420617A3D2564206715
:10BAA000783D25642067793D256420677A3D2564CB
:10BAB0002077686F3D307825303258206164647299
:10BAC0003D3078253032582069636D5F6F6B3D25BE
:10BAD0006C752069636D5F6661696C3D256C7520CE
:10BAE0004C3D256420523D2564204F4C3D2564206B
:10BAF0004F523D256420656C3D25642065723D25CF
:10BB0000642065643D256420646C3D256420647276
:10BB10003D256420636C3D25752063723D257520AD
:10BB2000736B703D252E366620736B693D252E366E
:10BB30006620736B643D252E366620616B703D2553
:10BB40002E366620616B693D252E366620616B645A
:10BB50003D252E3666206F6B3D256C75206661692C
:10BB60006C3D256C752072783D256C752074786469
:10BB7000726F703D256C750D0A00000053544154DE
:10BB8000207469636B3D256C75206578705F69640E
:10BB90003D257520745F6D733D256C752072756E43
:10BBA0003D25752074733D252E36662061733D2535
:10BBB0002E36662074613D252E36662061613D2556
:10BBC0002E36662073653D252E366620736F3D2523
:10BBD0002E36662061653D252E366620616F3D2537
:10BBE0002E36662070776D3D25642070633D256498
:10BBF0002068643D256420793D252E366620703D01
:10BC0000252E366620723D252E36662079723D251A
:10BC10002E36662061783D25642061793D256420BB
:10BC2000617A3D25642067783D25642067793D254C
:10BC30006420677A3D25642077686F3D3078253031
:10BC4000325820616464723D307825303258206962
:10BC5000636D5F6F6B3D256C752069636D5F666119
:10BC6000696C3D256C75204C3D256420523D256452
:10BC7000204F4C3D2564204F523D256420656C3D8E
:10BC800025642065723D25642065643D256420643B
:10BC90006C3D25642064723D256420636C3D2575F0
:10BCA0002063723D257520736B703D252E3666200E
:10BCB000736B693D252E366620736B643D252E36E9
:10BCC0006620616B703D252E366620616B693D25CF
:10BCD0002E366620616B643D252E3666206F6B3DE7
:10BCE000256C75206661696C3D256C752072783D08
:10BCF000256C7520747864726F703D256C750D0A23
:10BD0000000000004649454C44533A6578705F692D
:10BD1000642C745F6D732C72756E2C746172676520
:10BD200074537065656431302C61637475616C5354
:10BD30007065656431302C746172676574416E673B
:10BD40006C6531302C61637475616C416E676C6534
:10BD500031302C737065656445727231302C7370AC
:10BD60006565644F757431302C616E676C65457222
:10BD70007231302C616E676C654F757431302C4CAC
:10BD80002C522C656C2C65722C65642C70776D2C94
:10BD9000796177526174653130302C61782C61792A
:10BDA0002C617A2C67782C67792C677A0D0A000051
:10BDB00054524B207469636B3D256C752065787017
:10BDC0005F69643D257520745F6D733D256C75203A
:10BDD00072756E3D25752074733D252E3366206B7C
:10BDE000703D252E3366206B693D252E3366206B12
:10BDF000643D252E33662073743D252E3366206CFA
:10BE0000743D252E33662072743D252E3366206CDA
:10BE1000613D252E33662072613D252E3366206CF0
:10BE200073653D252E3366207273653D252E33667E
:10BE3000206C736F3D252E33662072736F3D252E67
:10BE40003366206C633D256C642072633D256C6411
:10BE50002063643D256C64206364653D252E336654
:10BE60002063646F3D252E3366206C703D252E3394
:10BE700066206C70723D252E336620793D252E3369
:10BE8000662079723D252E336620656C3D252E3364
:10BE9000662065723D252E33662065643D252E3370
:10BEA0006620646C3D25642064723D256420636CCB
:10BEB0003D25752063723D2575204C3D256420523B
:10BEC0003D25642073313D25752073323D25752055
:10BED00073333D25752073343D25752073353D251D
:10BEE000752073363D25752073373D2575207338D1
:10BEF0003D25752072783D256C7520747864726FCD
:10BF0000703D256C750D0A005354415420746963CB
:10BF10006B3D256C75206578705F69643D257520E3
:10BF2000745F6D733D256C752072756E3D257520AF
:10BF300074733D252E366620736B703D252E366654
:10BF400020736B693D252E366620736B643D252E6C
:10BF50003666206B703D252E3666206B693D252E9A
:10BF60003666206B643D252E36662073743D252E83
:10BF70003666206C743D252E36662072743D252E63
:10BF80003666206C613D252E36662072613D252E79
:10BF90003666206C73653D252E3666207273653DCE
:10BFA000252E3666206C736F3D252E366620727303
:10BFB0006F3D252E3666206C633D256C64207263D0
:10BFC0003D256C642063643D256C64206364653D9D
:10BFD000252E3666206364693D252E36662063640F
:10BFE0006F3D252E3666206C703D252E3666206C02
:10BFF00070723D252E3666206C653D252E366620F6
:10C000006C693D252E3666206C6F75743D252E3685
:10C010006620646966663D252E366620793D252EAC
:10C0200036662079723D252E366620656C3D252EBC
:10C0300033662065723D252E33662065643D252ECE
:10C04000336620646C3D25642064723D2564206362
:10C050006C3D25752063723D2575204C3D2564207F
:10C06000523D25642070776D5F6D61783D257520A8
:10C070006D6973733D2575206C6F73743D25752054
:10C0800073313D25752073323D25752073333D2571
:10C09000752073343D25752073353D257520733625
:10C0A0003D25752073373D25752073383D25752056
:10C0B00072783D256C7520747864726F703D256CC4
:10C0C000750D0A0020C2000800000020B400000026
:10C0D00028010008D4C20008B4000020E44C00008D
:10C0E00044010008000000000000F07FFFFFFFFF98
:10C0F000FFFFEF7F1C00000043000000F8FFFFFF80
:10C100000C0000000E0000000F0000002E000000D8
:10C110001001000043000000F8FFFFFF0040404016
:10C12000404040404040414141414140404040400A
:10C1300040404040404040404040404040050202B6
:10C140000202020202020202020202020220202075
:10C1500020202020202020020202020202029090D1
:10C1600090909090101010101010101010101010CF
:10C170001010101010101010020202020202888823
:10C18000888888880808080808080808080808082F
:10C190000808080808080808020202024000000017
:10C1A000000000000000000000000000000000008F
:10C1B000000000000000000000000000000000007F
:10C1C000000000000000000000000000000000006F
:10C1D000000000000000000000000000000000005F
:10C1E000000000000000000000000000000000004F
:10C1F000000000000000000000000000000000003F
:10C20000000000000000000000000000000000002E
:10C21000000000000000000000000000000000001E
:10C2200000000000010203040102030406070809DC
:10C230000204060800000000000000000B001E00C1
:10C2400004FF0100280A0000680000000000FA3D19
:10C250000000FA3C000000010000000000000000A7
:10C2600000000000000000000000000000000000CE
:10C2700000000000000000000000000000000000BE
:10C2800000000000000000000000000000000000AE
:10C29000000000000000000000000000000000009E
:10C2A000000000000000000000000000000000008E
:10C2B000000000000000000000000000000000007E
:10C2C000000000000000000000000000000000006E
:04C2D000000000006A
:04000005080000ED02
:00000001FF
