host_time_s,host_time_ns,host_monotonic_ns,source,tick,t_ms,run,yaw,yaw_rate,left_encoder,right_encoder,encoder_diff,left_output,right_output,left_core,right_core,raw_left_delta,raw_right_delta,left_clamped,right_clamped,anomaly_flags,raw_line
1774961583.7441895,1774961583744189401,31383528150201,HB,11372,0.0,0,0.838,0.0,0.0,0.0,0.0,0.0,0.0,0.0,0.0,0.0,0.0,0,0,,HB tick=11372 run=0 spd=1 ts=0.000 as=0.000 ta=0.000 aa=0.000 se=0.000 so=0.000 ae=0.000 ao=0.000 pwm=0 pc=0 hd=0 y=0.838 yr=0.000 L=0 R=0 OL=0 OR=0 el=0 er=0 ed=0 dl=0 dr=0 cl=0 cr=0 ok=47 fail=0 vofa=firewater rx=0 txdrop=0
1774961583.7441895,1774961583744189402,31383528150202,HB,11592,0.0,0,0.838,0.001,0.0,0.0,0.0,0.0,0.0,0.0,0.0,0.0,0.0,0,0,,HB tick=11592 run=0 spd=1 ts=0.000 as=0.000 ta=0.000 aa=0.000 se=0.000 so=0.000 ae=0.000 ao=0.000 pwm=0 pc=0 hd=0 y=0.838 yr=0.001 L=0 R=0 OL=0 OR=0 el=0 er=0 ed=0 dl=0 dr=0 cl=0 cr=0 ok=48 fail=0 vofa=firewater rx=0 txdrop=0
1774961583.7441895,1774961583744189403,31383528150203,HB,11927,0.0,0,0.838,0.0,0.0,0.0,0.0,0.0,0.0,0.0,0.0,0.0,0.0,0,0,,HB tick=11927 run=0 spd=1 ts=0.000 as=0.000 ta=0.000 aa=0.000 se=0.000 so=0.000 ae=0.000 ao=0.000 pwm=0 pc=0 hd=0 y=0.838 yr=0.000 L=0 R=0 OL=0 OR=0 el=0 er=0 ed=0 dl=0 dr=0 cl=0 cr=0 ok=49 fail=0 vofa=firewater rx=0 txdrop=0
1774961583.9112566,1774961583911256500,31383695216500,HB,12158,0.0,0,0.838,0.0,0.0,0.0,0.0,0.0,0.0,0.0,0.0,0.0,0.0,0,0,,HB tick=12158 run=0 spd=1 ts=0.000 as=0.000 ta=0.000 aa=0.000 se=0.000 so=0.000 ae=0.000 ao=0.000 pwm=0 pc=0 hd=0 y=0.838 yr=0.000 L=0 R=0 OL=0 OR=0 el=0 er=0 ed=0 dl=0 dr=0 cl=0 cr=0 ok=50 fail=0 vofa=firewater rx=0 txdrop=0
1774961584.1102884,1774961584110288500,31383894249700,HB,12361,0.0,0,0.838,0.0,0.0,0.0,0.0,0.0,0.0,0.0,0.0,0.0,0.0,0,0,,HB tick=12361 run=0 spd=1 ts=0.000 as=0.000 ta=0.000 aa=0.000 se=0.000 so=0.000 ae=0.000 ao=0.000 pwm=0 pc=0 hd=0 y=0.838 yr=0.000 L=0 R=0 OL=0 OR=0 el=0 er=0 ed=0 dl=0 dr=0 cl=0 cr=0 ok=51 fail=0 vofa=firewater rx=0 txdrop=0
1774961584.2767758,1774961584276776000,31384060736100,STAT,12504,0.0,0,0.838234,3e-06,0.0,0.0,0.0,0.0,0.0,0.0,0.0,0.0,0.0,0,0,,STAT tick=12504 run=0 spd=1 ts=0.000000 as=0.000000 ta=0.000000 aa=0.000000 se=0.000000 so=0.000000 ae=0.000000 ao=0.000000 pwm=0 pc=0 hd=0 y=0.838234 p=-0.719142 r=3.312773 yr=0.000003 ax=0 ay=0 az=0 gx=0 gy=0 gz=0 who=0x85 addr=0x4A icm_ok=62 icm_fail=0 L=0 R=0 OL=0 OR=0 el=0 er=0 ed=0 dl=0 dr=0 cl=0 cr=0 skp=0.100000 ski=0.012000 skd=0.000000 akp=0.240000 aki=0.002400 akd=0.050000 ok=52 fail=0 vofa=firewater rx=6 txdrop=0
1774961584.3391838,1774961584339183800,31384123145400,HB,12567,0.0,0,0.838,-0.0,0.0,0.0,0.0,0.0,0.0,0.0,0.0,0.0,0.0,0,0,,HB tick=12567 run=0 spd=1 ts=0.000 as=0.000 ta=0.000 aa=0.000 se=0.000 so=0.000 ae=0.000 ao=0.000 pwm=0 pc=0 hd=0 y=0.838 yr=-0.000 L=0 R=0 OL=0 OR=0 el=0 er=0 ed=0 dl=0 dr=0 cl=0 cr=0 ok=52 fail=0 vofa=firewater rx=6 txdrop=0
1774961584.5268035,1774961584526803400,31384310763900,HB,12771,0.0,0,0.838,-0.0,0.0,0.0,0.0,0.0,0.0,0.0,0.0,0.0,0.0,0,0,,HB tick=12771 run=0 spd=1 ts=0.000 as=0.000 ta=0.000 aa=0.000 se=0.000 so=0.000 ae=0.000 ao=0.000 pwm=0 pc=0 hd=0 y=0.838 yr=-0.000 L=0 R=0 OL=0 OR=0 el=0 er=0 ed=0 dl=0 dr=0 cl=0 cr=0 ok=53 fail=0 vofa=firewater rx=6 txdrop=0
1774961584.724212,1774961584724211900,31384508172300,HB,12978,0.0,0,0.838,-0.001,0.0,0.0,0.0,0.0,0.0,0.0,0.0,0.0,0.0,0,0,,HB tick=12978 run=0 spd=1 ts=0.000 as=0.000 ta=0.000 aa=0.000 se=0.000 so=0.000 ae=0.000 ao=0.000 pwm=0 pc=0 hd=0 y=0.838 yr=-0.001 L=0 R=0 OL=0 OR=0 el=0 er=0 ed=0 dl=0 dr=0 cl=0 cr=0 ok=54 fail=0 vofa=firewater rx=6 txdrop=0
1774961584.931597,1774961584931597000,31384715558400,HB,13181,0.0,0,0.838,-0.0,0.0,0.0,0.0,0.0,0.0,0.0,0.0,0.0,0.0,0,0,,HB tick=13181 run=0 spd=1 ts=0.000 as=0.000 ta=0.000 aa=0.000 se=0.000 so=0.000 ae=0.000 ao=0.000 pwm=0 pc=0 hd=0 y=0.838 yr=-0.000 L=0 R=0 OL=0 OR=0 el=0 er=0 ed=0 dl=0 dr=0 cl=0 cr=0 ok=55 fail=0 vofa=firewater rx=6 txdrop=0
1774961585.1298232,1774961585129823300,31384913783800,HB,13384,0.0,0,0.838,0.0,0.0,0.0,0.0,0.0,0.0,0.0,0.0,0.0,0.0,0,0,,HB tick=13384 run=0 spd=1 ts=0.000 as=0.000 ta=0.000 aa=0.000 se=0.000 so=0.000 ae=0.000 ao=0.000 pwm=0 pc=0 hd=0 y=0.838 yr=0.000 L=0 R=0 OL=0 OR=0 el=0 er=0 ed=0 dl=0 dr=0 cl=0 cr=0 ok=56 fail=0 vofa=firewater rx=6 txdrop=0
1774961585.3582215,1774961585358221500,31385142181400,HB,13588,0.0,0,0.838,0.0,0.0,0.0,0.0,0.0,0.0,0.0,0.0,0.0,0.0,0,0,,HB tick=13588 run=0 spd=1 ts=0.000 as=0.000 ta=0.000 aa=0.000 se=0.000 so=0.000 ae=0.000 ao=0.000 pwm=0 pc=0 hd=0 y=0.838 yr=0.000 L=0 R=0 OL=0 OR=0 el=0 er=0 ed=0 dl=0 dr=0 cl=0 cr=0 ok=57 fail=0 vofa=firewater rx=6 txdrop=0
1774961585.544587,1774961585544586900,31385328547000,HB,13796,0.0,0,0.838,-0.0,0.0,0.0,0.0,0.0,0.0,0.0,0.0,0.0,0.0,0,0,,HB tick=13796 run=0 spd=1 ts=0.000 as=0.000 ta=0.000 aa=0.000 se=0.000 so=0.000 ae=0.000 ao=0.000 pwm=0 pc=0 hd=0 y=0.838 yr=-0.000 L=0 R=0 OL=0 OR=0 el=0 er=0 ed=0 dl=0 dr=0 cl=0 cr=0 ok=58 fail=0 vofa=firewater rx=6 txdrop=0
1774961585.8863792,1774961585886379300,31385670339500,HB,14140,0.0,0,0.838,0.0,0.0,0.0,0.0,0.0,0.0,0.0,0.0,0.0,0.0,0,0,,HB tick=14140 run=0 spd=1 ts=0.000 as=0.000 ta=0.000 aa=0.000 se=0.000 so=0.000 ae=0.000 ao=0.000 pwm=0 pc=0 hd=0 y=0.838 yr=0.000 L=0 R=0 OL=0 OR=0 el=0 er=0 ed=0 dl=0 dr=0 cl=0 cr=0 ok=59 fail=0 vofa=firewater rx=6 txdrop=0
1774961586.1152964,1774961586115296200,31385899256700,HB,14370,0.0,0,0.838,0.001,0.0,0.0,0.0,0.0,0.0,0.0,0.0,0.0,0.0,0,0,,HB tick=14370 run=0 spd=1 ts=0.000 as=0.000 ta=0.000 aa=0.000 se=0.000 so=0.000 ae=0.000 ao=0.000 pwm=0 pc=0 hd=0 y=0.838 yr=0.001 L=0 R=0 OL=0 OR=0 el=0 er=0 ed=0 dl=0 dr=0 cl=0 cr=0 ok=60 fail=0 vofa=firewater rx=6 txdrop=0
1774961586.3233423,1774961586323342400,31386107302500,HB,14573,0.0,0,0.838,0.001,0.0,0.0,0.0,0.0,0.0,0.0,0.0,0.0,0.0,0,0,,HB tick=14573 run=0 spd=1 ts=0.000 as=0.000 ta=0.000 aa=0.000 se=0.000 so=0.000 ae=0.000 ao=0.000 pwm=0 pc=0 hd=0 y=0.838 yr=0.001 L=0 R=0 OL=0 OR=0 el=0 er=0 ed=0 dl=0 dr=0 cl=0 cr=0 ok=61 fail=0 vofa=firewater rx=12 txdrop=0
1774961586.5621219,1774961586562122100,31386346082100,HB,14793,0.0,0,0.839,0.001,0.0,0.0,0.0,0.0,0.0,0.0,0.0,0.0,0.0,0,0,,HB tick=14793 run=0 spd=1 ts=0.000 as=0.000 ta=0.000 aa=0.000 se=0.000 so=0.000 ae=0.000 ao=0.000 pwm=0 pc=0 hd=0 y=0.839 yr=0.001 L=0 R=0 OL=0 OR=0 el=0 er=0 ed=0 dl=0 dr=0 cl=0 cr=0 ok=62 fail=0 vofa=firewater rx=12 txdrop=0
1774961586.73907,1774961586739069900,31386523032000,HB,14992,0.0,0,0.839,0.0,0.0,0.0,0.0,0.0,0.0,0.0,0.0,0.0,0.0,0,0,,HB tick=14992 run=0 spd=1 ts=0.000 as=0.000 ta=0.000 aa=0.000 se=0.000 so=0.000 ae=0.000 ao=0.000 pwm=0 pc=0 hd=0 y=0.839 yr=0.000 L=0 R=0 OL=0 OR=0 el=0 er=0 ed=0 dl=0 dr=0 cl=0 cr=0 ok=63 fail=0 vofa=firewater rx=12 txdrop=0
1774961587.176433,1774961587176433200,31386960393200,HB,15195,0.0,0,0.838,0.0,0.0,0.0,0.0,0.0,0.0,0.0,0.0,0.0,0.0,0,0,,HB tick=15195 run=0 spd=1 ts=0.000 as=0.000 ta=0.000 aa=0.000 se=0.000 so=0.000 ae=0.000 ao=0.000 pwm=0 pc=0 hd=0 y=0.838 yr=0.000 L=0 R=0 OL=0 OR=0 el=0 er=0 ed=0 dl=0 dr=0 cl=0 cr=0 ok=64 fail=0 vofa=firewater rx=12 txdrop=0
1774961587.3325872,1774961587332587300,31387116547400,HB,15584,0.0,0,0.838,-0.001,0.0,0.0,0.0,0.0,0.0,0.0,0.0,0.0,0.0,0,0,,HB tick=15584 run=0 spd=1 ts=0.000 as=0.000 ta=0.000 aa=0.000 se=0.000 so=0.000 ae=0.000 ao=0.000 pwm=0 pc=0 hd=0 y=0.838 yr=-0.001 L=0 R=0 OL=0 OR=0 el=0 er=0 ed=0 dl=0 dr=0 cl=0 cr=0 ok=65 fail=0 vofa=firewater rx=17 txdrop=0
1774961587.5401037,1774961587540103600,31387324063700,HB,15786,0.0,0,0.838,-0.0,0.0,0.0,0.0,0.0,0.0,0.0,0.0,0.0,0.0,0,0,,HB tick=15786 run=0 spd=1 ts=0.000 as=0.000 ta=0.000 aa=0.000 se=0.000 so=0.000 ae=0.000 ao=0.000 pwm=0 pc=0 hd=0 y=0.838 yr=-0.000 L=0 R=0 OL=0 OR=0 el=0 er=0 ed=0 dl=0 dr=0 cl=0 cr=0 ok=66 fail=0 vofa=firewater rx=17 txdrop=0
1774961587.7686403,1774961587768640300,31387552600700,HB,15995,0.0,0,0.838,-0.0,0.0,0.0,0.0,0.0,0.0,0.0,0.0,0.0,0.0,0,0,,HB tick=15995 run=0 spd=1 ts=0.000 as=0.000 ta=0.000 aa=0.000 se=0.000 so=0.000 ae=0.000 ao=0.000 pwm=0 pc=0 hd=0 y=0.838 yr=-0.000 L=0 R=0 OL=0 OR=0 el=0 er=0 ed=0 dl=0 dr=0 cl=0 cr=0 ok=67 fail=0 vofa=firewater rx=17 txdrop=0
1774961587.9442177,1774961587944217600,31387728177800,HB,16199,0.0,0,0.838,0.0,0.0,0.0,0.0,0.0,0.0,0.0,0.0,0.0,0.0,0,0,,HB tick=16199 run=0 spd=1 ts=0.000 as=0.000 ta=0.000 aa=0.000 se=0.000 so=0.000 ae=0.000 ao=0.000 pwm=0 pc=0 hd=0 y=0.838 yr=0.000 L=0 R=0 OL=0 OR=0 el=0 er=0 ed=0 dl=0 dr=0 cl=0 cr=0 ok=68 fail=0 vofa=firewater rx=17 txdrop=0
1774961588.1515014,1774961588151501400,31387935462500,HB,16402,0.0,0,0.838,0.0,0.0,0.0,0.0,0.0,0.0,0.0,0.0,0.0,0.0,0,0,,HB tick=16402 run=0 spd=1 ts=0.000 as=0.000 ta=0.000 aa=0.000 se=0.000 so=0.000 ae=0.000 ao=0.000 pwm=0 pc=0 hd=0 y=0.838 yr=0.000 L=0 R=0 OL=0 OR=0 el=0 er=0 ed=0 dl=0 dr=0 cl=0 cr=0 ok=69 fail=0 vofa=firewater rx=17 txdrop=0
1774961588.3491943,1774961588349194200,31388133154200,HB,16604,0.0,0,0.839,0.001,0.0,0.0,0.0,0.0,0.0,0.0,0.0,0.0,0.0,0,0,,HB tick=16604 run=0 spd=1 ts=0.000 as=0.000 ta=0.000 aa=0.000 se=0.000 so=0.000 ae=0.000 ao=0.000 pwm=0 pc=0 hd=0 y=0.839 yr=0.001 L=0 R=0 OL=0 OR=0 el=0 er=0 ed=0 dl=0 dr=0 cl=0 cr=0 ok=70 fail=0 vofa=firewater rx=17 txdrop=0
1774961588.7451115,1774961588745111500,31388529071800,HB,16993,0.0,0,0.838,0.0,0.0,0.0,0.0,0.0,0.0,0.0,0.0,0.0,0.0,0,0,,HB tick=16993 run=0 spd=1 ts=0.000 as=0.000 ta=0.000 aa=0.000 se=0.000 so=0.000 ae=0.000 ao=0.000 pwm=0 pc=0 hd=0 y=0.838 yr=0.000 L=0 R=0 OL=0 OR=0 el=0 er=0 ed=0 dl=0 dr=0 cl=0 cr=0 ok=71 fail=0 vofa=firewater rx=22 txdrop=0
1774961588.963731,1774961588963730901,31388747691801,HB,17197,0.0,0,0.839,0.0,0.0,0.0,0.0,0.0,0.0,0.0,0.0,0.0,0.0,0,0,,HB tick=17197 run=0 spd=1 ts=0.000 as=0.000 ta=0.000 aa=0.000 se=0.000 so=0.000 ae=0.000 ao=0.000 pwm=0 pc=0 hd=0 y=0.839 yr=0.000 L=0 R=0 OL=0 OR=0 el=0 er=0 ed=0 dl=0 dr=0 cl=0 cr=0 ok=72 fail=0 vofa=firewater rx=22 txdrop=0
1774961589.15013,1774961589150130000,31388934090500,HB,17401,0.0,0,0.839,0.0,0.0,0.0,0.0,0.0,0.0,0.0,0.0,0.0,0.0,0,0,,HB tick=17401 run=0 spd=1 ts=0.000 as=0.000 ta=0.000 aa=0.000 se=0.000 so=0.000 ae=0.000 ao=0.000 pwm=0 pc=0 hd=0 y=0.839 yr=0.000 L=0 R=0 OL=0 OR=0 el=0 er=0 ed=0 dl=0 dr=0 cl=0 cr=0 ok=73 fail=0 vofa=firewater rx=22 txdrop=0
1774961589.3673124,1774961589367312400,31389151272900,HB,17619,0.0,0,0.838,-0.0,0.0,0.0,0.0,0.0,0.0,0.0,0.0,0.0,0.0,0,0,,HB tick=17619 run=0 spd=1 ts=0.000 as=0.000 ta=0.000 aa=0.000 se=0.000 so=0.000 ae=0.000 ao=0.000 pwm=0 pc=0 hd=0 y=0.838 yr=-0.000 L=0 R=0 OL=0 OR=0 el=0 er=0 ed=0 dl=0 dr=0 cl=0 cr=0 ok=74 fail=0 vofa=firewater rx=22 txdrop=0
1774961589.7083797,1774961589708379700,31389492339800,HB,17958,0.0,0,0.838,-0.0,0.0,0.0,0.0,0.0,0.0,0.0,0.0,0.0,0.0,0,0,,HB tick=17958 run=0 spd=1 ts=0.000 as=0.000 ta=0.000 aa=0.000 se=0.000 so=0.000 ae=0.000 ao=0.000 pwm=0 pc=0 hd=0 y=0.838 yr=-0.000 L=0 R=0 OL=0 OR=0 el=0 er=0 ed=0 dl=0 dr=0 cl=0 cr=0 ok=75 fail=0 vofa=firewater rx=22 txdrop=0
1774961589.9469202,1774961589946920200,31389730880400,HB,18189,0.0,0,0.839,0.0,0.0,0.0,0.0,0.0,0.0,0.0,0.0,0.0,0.0,0,0,,HB tick=18189 run=0 spd=1 ts=0.000 as=0.000 ta=0.000 aa=0.000 se=0.000 so=0.000 ae=0.000 ao=0.000 pwm=0 pc=0 hd=0 y=0.839 yr=0.000 L=0 R=0 OL=0 OR=0 el=0 er=0 ed=0 dl=0 dr=0 cl=0 cr=0 ok=76 fail=0 vofa=firewater rx=29 txdrop=0
1774961590.166029,1774961590166029000,31389949989200,HB,18393,0.0,0,0.839,0.0,0.0,0.0,0.0,0.0,0.0,0.0,0.0,0.0,0.0,0,0,,HB tick=18393 run=0 spd=1 ts=0.000 as=0.000 ta=0.000 aa=0.000 se=0.000 so=0.000 ae=0.000 ao=0.000 pwm=0 pc=0 hd=0 y=0.839 yr=0.000 L=0 R=0 OL=0 OR=0 el=0 er=0 ed=0 dl=0 dr=0 cl=0 cr=0 ok=77 fail=0 vofa=firewater rx=29 txdrop=0
1774961590.529728,1774961590529728000,31390313688000,HB,18782,0.0,0,0.839,0.0,0.0,0.0,0.0,0.0,0.0,0.0,0.0,0.0,0.0,0,0,,HB tick=18782 run=0 spd=1 ts=0.000 as=0.000 ta=0.000 aa=0.000 se=0.000 so=0.000 ae=0.000 ao=0.000 pwm=0 pc=0 hd=0 y=0.839 yr=0.000 L=0 R=0 OL=0 OR=0 el=0 er=0 ed=0 dl=0 dr=0 cl=0 cr=0 ok=78 fail=0 vofa=firewater rx=38 txdrop=0
1774961590.8724332,1774961590872433100,31390656393100,HB,19127,0.0,0,0.839,-0.0,0.0,0.0,0.0,0.0,0.0,0.0,0.0,0.0,0.0,0,0,,HB tick=19127 run=0 spd=1 ts=0.000 as=0.000 ta=0.000 aa=0.000 se=0.000 so=0.000 ae=0.000 ao=0.000 pwm=0 pc=0 hd=0 y=0.839 yr=-0.000 L=0 R=0 OL=0 OR=0 el=0 er=0 ed=0 dl=0 dr=0 cl=0 cr=0 ok=79 fail=0 vofa=firewater rx=38 txdrop=0
1774961591.1106167,1774961591110616500,31390894576600,HB,19357,0.0,0,0.839,0.0,0.0,0.0,0.0,0.0,0.0,0.0,0.0,0.0,0.0,0,0,,HB tick=19357 run=0 spd=1 ts=0.000 as=0.000 ta=0.000 aa=0.000 se=0.000 so=0.000 ae=0.000 ao=0.000 pwm=0 pc=0 hd=0 y=0.839 yr=0.000 L=0 R=0 OL=0 OR=0 el=0 er=0 ed=0 dl=0 dr=0 cl=0 cr=0 ok=80 fail=0 vofa=firewater rx=49 txdrop=0
1774961591.3287537,1774961591328753600,31391112713900,HB,19562,0.0,0,0.839,0.0,0.0,0.0,0.0,0.0,0.0,0.0,0.0,0.0,0.0,0,0,,HB tick=19562 run=0 spd=1 ts=0.000 as=0.000 ta=0.000 aa=0.000 se=0.000 so=0.000 ae=0.000 ao=0.000 pwm=0 pc=0 hd=0 y=0.839 yr=0.000 L=0 R=0 OL=0 OR=0 el=0 er=0 ed=0 dl=0 dr=0 cl=0 cr=0 ok=81 fail=0 vofa=firewater rx=49 txdrop=0
1774961591.7122252,1774961591712225200,31391496186000,HB,19907,0.0,0,0.839,-0.0,0.0,0.0,0.0,0.0,0.0,0.0,0.0,0.0,0.0,0,0,,HB tick=19907 run=0 spd=1 ts=0.000 as=0.000 ta=0.000 aa=0.000 se=0.000 so=0.000 ae=0.000 ao=0.000 pwm=0 pc=0 hd=0 y=0.839 yr=-0.000 L=0 R=0 OL=0 OR=0 el=0 er=0 ed=0 dl=0 dr=0 cl=0 cr=0 ok=82 fail=0 vofa=firewater rx=49 txdrop=0
1774961591.8894112,1774961591889411300,31391673371300,HB,20138,0.0,0,0.839,-0.0,0.0,0.0,0.0,0.0,0.0,0.0,0.0,0.0,0.0,0,0,,HB tick=20138 run=0 spd=1 ts=0.000 as=0.000 ta=0.000 aa=0.000 se=0.000 so=0.000 ae=0.000 ao=0.000 pwm=0 pc=0 hd=0 y=0.839 yr=-0.000 L=0 R=0 OL=0 OR=0 el=0 er=0 ed=0 dl=0 dr=0 cl=0 cr=0 ok=83 fail=0 vofa=firewater rx=58 txdrop=0
1774961592.0862036,1774961592086203600,31391870163800,HB,20341,0.0,0,0.839,-0.0,0.0,0.0,0.0,0.0,0.0,0.0,0.0,0.0,0.0,0,0,,HB tick=20341 run=0 spd=1 ts=0.000 as=0.000 ta=0.000 aa=0.000 se=0.000 so=0.000 ae=0.000 ao=0.000 pwm=0 pc=0 hd=0 y=0.839 yr=-0.000 L=0 R=0 OL=0 OR=0 el=0 er=0 ed=0 dl=0 dr=0 cl=0 cr=0 ok=84 fail=0 vofa=firewater rx=58 txdrop=0
1774961592.2932274,1774961592293227400,31392077188300,HB,20544,0.0,0,0.839,-0.0,0.0,0.0,0.0,0.0,0.0,0.0,0.0,0.0,0.0,0,0,,HB tick=20544 run=0 spd=1 ts=0.000 as=0.000 ta=0.000 aa=0.000 se=0.000 so=0.000 ae=0.000 ao=0.000 pwm=0 pc=0 hd=0 y=0.839 yr=-0.000 L=0 R=0 OL=0 OR=0 el=0 er=0 ed=0 dl=0 dr=0 cl=0 cr=0 ok=85 fail=0 vofa=firewater rx=58 txdrop=0
1774961592.5207498,1774961592520749700,31392304710100,HB,20753,0.0,0,0.839,0.0,0.0,0.0,0.0,0.0,0.0,0.0,0.0,0.0,0.0,0,0,,HB tick=20753 run=0 spd=1 ts=0.000 as=0.000 ta=0.000 aa=0.000 se=0.000 so=0.000 ae=0.000 ao=0.000 pwm=0 pc=0 hd=0 y=0.839 yr=0.000 L=0 R=0 OL=0 OR=0 el=0 er=0 ed=0 dl=0 dr=0 cl=0 cr=0 ok=86 fail=0 vofa=firewater rx=68 txdrop=0
1774961592.7081418,1774961592708141700,31392492101700,HB,20957,0.0,0,0.839,0.0,0.0,0.0,0.0,0.0,0.0,0.0,0.0,0.0,0.0,0,0,,HB tick=20957 run=0 spd=1 ts=0.000 as=0.000 ta=0.000 aa=0.000 se=0.000 so=0.000 ae=0.000 ao=0.000 pwm=0 pc=0 hd=0 y=0.839 yr=0.000 L=0 R=0 OL=0 OR=0 el=0 er=0 ed=0 dl=0 dr=0 cl=0 cr=0 ok=87 fail=0 vofa=firewater rx=68 txdrop=0
1774961592.9062953,1774961592906295200,31392690255200,HB,21160,0.0,0,0.839,0.0,0.0,0.0,0.0,0.0,0.0,0.0,0.0,0.0,0.0,0,0,,HB tick=21160 run=0 spd=1 ts=0.000 as=0.000 ta=0.000 aa=0.000 se=0.000 so=0.000 ae=0.000 ao=0.000 pwm=0 pc=0 hd=0 y=0.839 yr=0.000 L=0 R=0 OL=0 OR=0 el=0 er=0 ed=0 dl=0 dr=0 cl=0 cr=0 ok=88 fail=0 vofa=firewater rx=68 txdrop=0
1774961593.1125624,1774961593112562500,31392896523500,HB,21363,0.0,0,0.839,-0.0,0.0,0.0,0.0,0.0,0.0,0.0,0.0,0.0,0.0,0,0,,HB tick=21363 run=0 spd=1 ts=0.000 as=0.000 ta=0.000 aa=0.000 se=0.000 so=0.000 ae=0.000 ao=0.000 pwm=0 pc=0 hd=0 y=0.839 yr=-0.000 L=0 R=0 OL=0 OR=0 el=0 er=0 ed=0 dl=0 dr=0 cl=0 cr=0 ok=89 fail=0 vofa=firewater rx=80 txdrop=0
1774961593.31053,1774961593310530100,31393094490200,HB,21566,0.0,0,0.838,-0.0,0.0,0.0,0.0,0.0,0.0,0.0,0.0,0.0,0.0,0,0,,HB tick=21566 run=0 spd=1 ts=0.000 as=0.000 ta=0.000 aa=0.000 se=0.000 so=0.000 ae=0.000 ao=0.000 pwm=0 pc=0 hd=0 y=0.838 yr=-0.000 L=0 R=0 OL=0 OR=0 el=0 er=0 ed=0 dl=0 dr=0 cl=0 cr=0 ok=90 fail=0 vofa=firewater rx=80 txdrop=0
1774961593.5397518,1774961593539751700,31393323712100,HB,21774,0.0,0,0.838,-0.0,0.0,0.0,0.0,0.0,0.0,0.0,0.0,0.0,0.0,0,0,,HB tick=21774 run=0 spd=1 ts=0.000 as=0.000 ta=0.000 aa=0.000 se=0.000 so=0.000 ae=0.000 ao=0.000 pwm=0 pc=0 hd=0 y=0.838 yr=-0.000 L=0 R=0 OL=0 OR=0 el=0 er=0 ed=0 dl=0 dr=0 cl=0 cr=0 ok=91 fail=0 vofa=firewater rx=80 txdrop=0
1774961593.734558,1774961593734558100,31393518518400,HB,21978,0.0,0,0.838,-0.001,0.0,0.0,0.0,0.0,0.0,0.0,0.0,0.0,0.0,0,0,,HB tick=21978 run=0 spd=1 ts=0.000 as=0.000 ta=0.000 aa=0.000 se=0.000 so=0.000 ae=0.000 ao=0.000 pwm=0 pc=0 hd=0 y=0.838 yr=-0.001 L=0 R=0 OL=0 OR=0 el=0 er=0 ed=0 dl=0 dr=0 cl=0 cr=0 ok=92 fail=0 vofa=firewater rx=80 txdrop=0
1774961593.931214,1774961593931214100,31393715174100,HB,22181,0.0,0,0.838,-0.001,0.0,0.0,0.0,0.0,0.0,0.0,0.0,0.0,0.0,0,0,,HB tick=22181 run=0 spd=1 ts=0.000 as=0.000 ta=0.000 aa=0.000 se=0.000 so=0.000 ae=0.000 ao=0.000 pwm=0 pc=0 hd=0 y=0.838 yr=-0.001 L=0 R=0 OL=0 OR=0 el=0 er=0 ed=0 dl=0 dr=0 cl=0 cr=0 ok=93 fail=0 vofa=firewater rx=90 txdrop=0
1774961594.2738178,1774961594273817900,31394057778200,HB,22526,0.0,0,0.838,-0.001,0.0,0.0,0.0,0.0,0.0,0.0,0.0,0.0,0.0,0,0,,HB tick=22526 run=0 spd=1 ts=0.000 as=0.000 ta=0.000 aa=0.000 se=0.000 so=0.000 ae=0.000 ao=0.000 pwm=0 pc=0 hd=0 y=0.838 yr=-0.001 L=0 R=0 OL=0 OR=0 el=0 er=0 ed=0 dl=0 dr=0 cl=0 cr=0 ok=94 fail=0 vofa=firewater rx=90 txdrop=0
1774961594.501126,1774961594501126100,31394285086200,HB,22756,0.0,0,0.838,-0.0,0.0,0.0,0.0,0.0,0.0,0.0,0.0,0.0,0.0,0,0,,HB tick=22756 run=0 spd=1 ts=0.000 as=0.000 ta=0.000 aa=0.000 se=0.000 so=0.000 ae=0.000 ao=0.000 pwm=0 pc=0 hd=0 y=0.838 yr=-0.000 L=0 R=0 OL=0 OR=0 el=0 er=0 ed=0 dl=0 dr=0 cl=0 cr=0 ok=95 fail=0 vofa=firewater rx=96 txdrop=0
1774961594.6679094,1774961594667909500,31394451869600,STAT,22899,0.0,0,0.838075,-0.000112,0.0,0.0,0.0,0.0,0.0,0.0,0.0,0.0,0.0,0,0,,STAT tick=22899 run=0 spd=1 ts=0.000000 as=0.000000 ta=0.000000 aa=0.000000 se=0.000000 so=0.000000 ae=0.000000 ao=0.000000 pwm=0 pc=0 hd=0 y=0.838075 p=-0.726031 r=3.305674 yr=-0.000112 ax=0 ay=0 az=0 gx=0 gy=0 gz=0 who=0x85 addr=0x4A icm_ok=114 icm_fail=0 L=0 R=0 OL=0 OR=0 el=0 er=0 ed=0 dl=0 dr=0 cl=0 cr=0 skp=0.100000 ski=0.012000 skd=0.000000 akp=0.240000 aki=0.002400 akd=0.320000 ok=96 fail=0 vofa=firewater rx=96 txdrop=0
1774961594.7317567,1774961594731756700,31394515716900,HB,22962,0.0,0,0.838,0.0,0.0,0.0,0.0,0.0,0.0,0.0,0.0,0.0,0.0,0,0,,HB tick=22962 run=0 spd=1 ts=0.000 as=0.000 ta=0.000 aa=0.000 se=0.000 so=0.000 ae=0.000 ao=0.000 pwm=0 pc=0 hd=0 y=0.838 yr=0.000 L=0 R=0 OL=0 OR=0 el=0 er=0 ed=0 dl=0 dr=0 cl=0 cr=0 ok=96 fail=0 vofa=firewater rx=96 txdrop=0
1774961595.3435278,1774961595343527600,31395127487400,HB,23575,0.0,1,0.907,0.0,11.0,9.0,2.0,12.0,12.0,1.0,1.0,11.0,9.0,0,0,,HB tick=23575 run=1 spd=1 ts=20.000 as=10.000 ta=0.000 aa=0.000 se=10.000 so=1.035 ae=0.000 ao=0.000 pwm=12 pc=1 hd=0 y=0.907 yr=0.000 L=1 R=1 OL=12 OR=12 el=11 er=9 ed=2 dl=11 dr=9 cl=0 cr=0 ok=97 fail=0 vofa=firewater rx=115 txdrop=0
1774961595.5199733,1774961595519973400,31395303933700,HB,23775,0.0,1,1.711,1.4,14.0,10.0,4.0,12.0,12.0,1.0,1.0,14.0,10.0,0,0,,HB tick=23775 run=1 spd=1 ts=20.000 as=12.000 ta=0.000 aa=0.000 se=8.000 so=0.856 ae=0.000 ao=0.000 pwm=12 pc=1 hd=0 y=1.711 yr=1.400 L=1 R=1 OL=12 OR=12 el=14 er=10 ed=4 dl=14 dr=10 cl=0 cr=0 ok=98 fail=0 vofa=firewater rx=115 txdrop=0
1774961595.7588894,1774961595758889500,31395542849500,HB,23981,0.0,1,4.488,5.651,14.0,12.0,2.0,12.0,12.0,1.0,1.0,14.0,12.0,0,0,,HB tick=23981 run=1 spd=1 ts=20.000 as=13.000 ta=0.000 aa=0.804 se=7.000 so=0.775 ae=-0.804 ao=-0.543 pwm=12 pc=1 hd=0 y=4.488 yr=5.651 L=1 R=1 OL=12 OR=12 el=14 er=12 ed=2 dl=14 dr=12 cl=0 cr=0 ok=99 fail=0 vofa=firewater rx=115 txdrop=0
1774961595.9659374,1774961595965937400,31395749897600,HB,24207,0.0,1,8.57,9.967,13.0,13.0,0.0,11.0,13.0,0.0,2.0,13.0,13.0,0,0,,HB tick=24207 run=1 spd=1 ts=20.000 as=13.000 ta=0.000 aa=3.581 se=7.000 so=0.793 ae=-3.581 ao=-2.670 pwm=12 pc=1 hd=-1 y=8.570 yr=9.967 L=0 R=2 OL=11 OR=13 el=13 er=13 ed=0 dl=13 dr=13 cl=0 cr=0 ok=100 fail=0 vofa=firewater rx=115 txdrop=0
1774961596.3308637,1774961596330863700,31396114824100,HB,24551,0.0,1,8.897,4.72,13.0,14.0,-1.0,11.0,13.0,0.0,2.0,13.0,14.0,0,0,,HB tick=24551 run=1 spd=1 ts=20.000 as=13.500 ta=0.000 aa=7.911 se=6.500 so=0.770 ae=-7.911 ao=-4.159 pwm=12 pc=1 hd=-1 y=8.897 yr=4.720 L=0 R=2 OL=11 OR=13 el=13 er=14 ed=-1 dl=13 dr=14 cl=0 cr=0 ok=101 fail=0 vofa=firewater rx=115 txdrop=0
1774961596.5380836,1774961596538083600,31396322044400,HB,24785,1521.0,1,8.375,2.291,13.0,13.0,0.0,11.0,13.0,0.0,2.0,13.0,13.0,0,0,,HB tick=24785 exp_id=181 t_ms=1521 run=1 spd=1 ts=20.000 as=13.000 ta=0.000 aa=7.990 se=7.000 so=0.839 ae=-7.990 ao=-3.441 pwm=12 pc=1 hd=-1 y=8.375 yr=2.291 L=0 R=2 OL=11 OR=13 el=13 er=13 ed=0 dl=13 dr=13 cl=0 cr=0 ok=102 fail=0 vofa=firewater rx=129 txdrop=0
1774961596.7468276,1774961596746827600,31396530787700,HB,24993,1729.0,1,8.007,0.871,14.0,14.0,0.0,11.0,13.0,0.0,2.0,14.0,14.0,0,0,,HB tick=24993 exp_id=181 t_ms=1729 run=1 spd=1 ts=20.000 as=14.000 ta=0.000 aa=7.468 se=6.000 so=0.755 ae=-7.468 ao=-2.542 pwm=12 pc=1 hd=-1 y=8.007 yr=0.871 L=0 R=2 OL=11 OR=13 el=14 er=14 ed=0 dl=14 dr=14 cl=0 cr=0 ok=103 fail=0 vofa=firewater rx=129 txdrop=0
1774961596.9640863,1774961596964086400,31396748047800,HB,25214,1950.0,1,6.326,-2.097,13.0,14.0,-1.0,11.0,13.0,0.0,2.0,13.0,14.0,0,0,,HB tick=25214 exp_id=181 t_ms=1950 run=1 spd=1 ts=20.000 as=13.500 ta=0.000 aa=7.100 se=6.500 so=0.821 ae=-7.100 ao=-2.003 pwm=12 pc=1 hd=-1 y=6.326 yr=-2.097 L=0 R=2 OL=11 OR=13 el=13 er=14 ed=-1 dl=13 dr=14 cl=0 cr=0 ok=104 fail=0 vofa=firewater rx=129 txdrop=0
1774961597.1819088,1774961597181908800,31396965869700,HB,25431,2167.0,1,4.645,-4.075,13.0,13.0,0.0,11.0,13.0,0.0,2.0,13.0,13.0,0,0,,HB tick=25431 exp_id=181 t_ms=2167 run=1 spd=1 ts=20.000 as=13.000 ta=0.000 aa=5.419 se=7.000 so=0.889 ae=-5.419 ao=-0.653 pwm=12 pc=1 hd=-1 y=4.645 yr=-4.075 L=0 R=2 OL=11 OR=13 el=13 er=13 ed=0 dl=13 dr=13 cl=0 cr=0 ok=105 fail=0 vofa=firewater rx=129 txdrop=0
1774961597.3379502,1774961597337950300,31397121910300,HB,25587,2323.0,1,4.436,-3.117,14.0,14.0,0.0,12.0,12.0,1.0,1.0,14.0,14.0,0,0,,HB tick=25587 exp_id=181 t_ms=2323 run=1 spd=1 ts=20.000 as=14.000 ta=0.000 aa=3.738 se=6.000 so=0.801 ae=-3.738 ao=0.382 pwm=12 pc=1 hd=0 y=4.436 yr=-3.117 L=1 R=1 OL=12 OR=12 el=14 er=14 ed=0 dl=14 dr=14 cl=0 cr=0 ok=106 fail=0 vofa=firewater rx=129 txdrop=0
1774961597.606428,1774961597606428000,31397390388200,HB,25836,2572.0,1,3.179,-3.793,14.0,14.0,0.0,12.0,12.0,1.0,1.0,14.0,14.0,0,0,,HB tick=25836 exp_id=181 t_ms=2572 run=1 spd=1 ts=20.000 as=14.000 ta=0.000 aa=3.529 se=6.000 so=0.818 ae=-3.529 ao=0.123 pwm=12 pc=1 hd=0 y=3.179 yr=-3.793 L=1 R=1 OL=12 OR=12 el=14 er=14 ed=0 dl=14 dr=14 cl=0 cr=0 ok=107 fail=0 vofa=firewater rx=129 txdrop=0
1774961597.8049777,1774961597804977700,31397588937800,HB,26053,2789.0,1,2.768,-3.128,14.0,13.0,1.0,13.0,11.0,2.0,0.0,14.0,13.0,0,0,,HB tick=26053 exp_id=181 t_ms=2789 run=1 spd=1 ts=20.000 as=13.500 ta=0.000 aa=2.272 se=6.500 so=0.884 ae=-2.272 ao=0.640 pwm=12 pc=1 hd=1 y=2.768 yr=-3.128 L=2 R=0 OL=13 OR=11 el=14 er=13 ed=1 dl=14 dr=13 cl=0 cr=0 ok=108 fail=0 vofa=firewater rx=143 txdrop=0
1774961597.9714441,1774961597971444100,31397755404300,HB,26209,2945.0,1,2.69,-2.208,14.0,13.0,1.0,13.0,11.0,2.0,0.0,14.0,13.0,0,0,,HB tick=26209 exp_id=181 t_ms=2945 run=1 spd=1 ts=20.000 as=13.500 ta=0.000 aa=1.861 se=6.500 so=0.896 ae=-1.861 ao=0.525 pwm=12 pc=1 hd=1 y=2.690 yr=-2.208 L=2 R=0 OL=13 OR=11 el=14 er=13 ed=1 dl=14 dr=13 cl=0 cr=0 ok=109 fail=0 vofa=firewater rx=143 txdrop=0
1774961598.1896088,1774961598189608800,31397973569400,HB,26442,3178.0,1,2.572,-1.612,14.0,14.0,0.0,12.0,12.0,1.0,1.0,14.0,14.0,0,0,,HB tick=26442 exp_id=181 t_ms=3178 run=1 spd=1 ts=20.000 as=14.000 ta=0.000 aa=1.783 se=6.000 so=0.863 ae=-1.783 ao=0.249 pwm=12 pc=1 hd=0 y=2.572 yr=-1.612 L=1 R=1 OL=12 OR=12 el=14 er=14 ed=0 dl=14 dr=14 cl=0 cr=0 ok=110 fail=0 vofa=firewater rx=143 txdrop=0
1774961598.4078748,1774961598407874800,31398191835000,HB,26651,3387.0,1,3.084,-0.191,14.0,14.0,0.0,12.0,12.0,1.0,1.0,14.0,14.0,0,0,,HB tick=26651 exp_id=181 t_ms=3387 run=1 spd=1 ts=20.000 as=14.000 ta=0.000 aa=1.665 se=6.000 so=0.877 ae=-1.665 ao=0.085 pwm=12 pc=1 hd=0 y=3.084 yr=-0.191 L=1 R=1 OL=12 OR=12 el=14 er=14 ed=0 dl=14 dr=14 cl=0 cr=0 ok=111 fail=0 vofa=firewater rx=143 txdrop=0
1774961598.626863,1774961598626863200,31398410823400,HB,26872,3608.0,1,3.289,0.2,14.0,14.0,0.0,12.0,12.0,1.0,1.0,14.0,14.0,0,0,,HB tick=26872 exp_id=181 t_ms=3608 run=1 spd=1 ts=20.000 as=14.000 ta=0.000 aa=2.177 se=6.000 so=0.893 ae=-2.177 ao=-0.493 pwm=12 pc=1 hd=0 y=3.289 yr=0.200 L=1 R=1 OL=12 OR=12 el=14 er=14 ed=0 dl=14 dr=14 cl=0 cr=0 ok=112 fail=0 vofa=firewater rx=143 txdrop=0
1774961598.7832108,1774961598783210700,31398567170700,HB,27028,3764.0,1,3.224,-0.014,14.0,14.0,0.0,12.0,12.0,1.0,1.0,14.0,14.0,0,0,,HB tick=27028 exp_id=181 t_ms=3764 run=1 spd=1 ts=20.000 as=14.000 ta=0.000 aa=2.382 se=6.000 so=0.905 ae=-2.382 ao=-0.669 pwm=12 pc=1 hd=0 y=3.224 yr=-0.014 L=1 R=1 OL=12 OR=12 el=14 er=14 ed=0 dl=14 dr=14 cl=0 cr=0 ok=113 fail=0 vofa=firewater rx=143 txdrop=0
1774961598.9388175,1774961598938817600,31398722777800,STAT,27173,3909.0,1,3.224422,-0.014148,15.0,15.0,0.0,12.0,12.0,1.0,1.0,15.0,15.0,0,0,,STAT tick=27173 exp_id=181 t_ms=3909 run=1 spd=1 ts=20.000000 as=15.000000 ta=0.000000 aa=2.317517 se=5.000000 so=0.816499 ae=-2.317517 ao=-0.585387 pwm=12 pc=1 hd=0 y=3.224422 p=-0.817590 r=3.256001 yr=-0.014148 ax=0 ay=0 az=0 gx=0 gy=0 gz=0 who=0x85 addr=0x4A icm_ok=135 icm_fail=0 L=1 R=1 OL=12 OR=12 el=15 er=15 ed=0 dl=15 dr=15 cl=0 cr=0 skp=0.100000 ski=0.012000 skd=0.000000 akp=0.240000 aki=0.002400 akd=0.320000 ok=114 fail=0 vofa=firewater rx=149 txdrop=0
1774961599.0113163,1774961599011316200,31398795276700,HB,27264,4000.0,1,3.198,-0.048,14.0,14.0,0.0,11.0,13.0,0.0,2.0,14.0,14.0,0,0,,HB tick=27264 exp_id=181 t_ms=4000 run=1 spd=1 ts=20.000 as=14.000 ta=0.000 aa=2.318 se=6.000 so=0.923 ae=-2.318 ao=-0.586 pwm=12 pc=1 hd=-1 y=3.198 yr=-0.048 L=0 R=2 OL=11 OR=13 el=14 er=14 ed=0 dl=14 dr=14 cl=0 cr=0 ok=114 fail=0 vofa=firewater rx=149 txdrop=0
1774961599.2303987,1774961599230398700,31399014359600,HB,27473,4209.0,1,2.832,-0.645,13.0,15.0,-2.0,11.0,13.0,0.0,2.0,13.0,15.0,0,0,,HB tick=27473 exp_id=181 t_ms=4209 run=1 spd=1 ts=20.000 as=14.000 ta=0.000 aa=2.291 se=6.000 so=0.937 ae=-2.291 ao=-0.570 pwm=12 pc=1 hd=-1 y=2.832 yr=-0.645 L=0 R=2 OL=11 OR=13 el=13 er=15 ed=-2 dl=13 dr=15 cl=0 cr=0 ok=115 fail=0 vofa=firewater rx=149 txdrop=0
1774961599.4272635,1774961599427263500,31399211223500,HB,27678,4414.0,1,2.244,-1.422,13.0,14.0,-1.0,12.0,12.0,1.0,1.0,13.0,14.0,0,0,,HB tick=27678 exp_id=181 t_ms=4414 run=1 spd=1 ts=20.000 as=13.500 ta=0.000 aa=1.925 se=6.500 so=1.002 ae=-1.925 ao=-0.292 pwm=12 pc=1 hd=0 y=2.244 yr=-1.422 L=1 R=1 OL=12 OR=12 el=13 er=14 ed=-1 dl=13 dr=14 cl=0 cr=0 ok=116 fail=0 vofa=firewater rx=149 txdrop=0
1774961599.594209,1774961599594208900,31399378169600,HB,27839,4575.0,1,1.524,-2.491,14.0,13.0,1.0,12.0,12.0,1.0,1.0,14.0,13.0,0,0,,HB tick=27839 exp_id=181 t_ms=4575 run=1 spd=1 ts=20.000 as=13.500 ta=0.000 aa=1.338 se=6.500 so=1.015 ae=-1.338 ao=0.097 pwm=12 pc=1 hd=0 y=1.524 yr=-2.491 L=1 R=1 OL=12 OR=12 el=14 er=13 ed=1 dl=14 dr=13 cl=0 cr=0 ok=117 fail=0 vofa=firewater rx=149 txdrop=0
1774961599.7809424,1774961599780942300,31399564902300,HB,28028,4764.0,1,1.418,-1.814,15.0,14.0,1.0,12.0,12.0,1.0,1.0,15.0,14.0,0,0,,HB tick=28028 exp_id=181 t_ms=4764 run=1 spd=1 ts=20.000 as=14.500 ta=0.000 aa=0.617 se=5.500 so=0.928 ae=-0.617 ao=0.612 pwm=12 pc=1 hd=0 y=1.418 yr=-1.814 L=1 R=1 OL=12 OR=12 el=15 er=14 ed=1 dl=15 dr=14 cl=0 cr=0 ok=118 fail=0 vofa=firewater rx=149 txdrop=0
1774961600.0315242,1774961600031524000,31399815484500,HB,28282,5018.0,1,1.993,-0.387,14.0,13.0,1.0,13.0,11.0,2.0,0.0,14.0,13.0,0,0,,HB tick=28282 exp_id=181 t_ms=5018 run=1 spd=1 ts=20.000 as=13.500 ta=0.000 aa=0.511 se=6.500 so=1.047 ae=-0.511 ao=0.420 pwm=12 pc=1 hd=1 y=1.993 yr=-0.387 L=2 R=0 OL=13 OR=11 el=14 er=13 ed=1 dl=14 dr=13 cl=0 cr=0 ok=119 fail=0 vofa=firewater rx=149 txdrop=0
1774961600.2282584,1774961600228258400,31400012218600,HB,28477,5213.0,1,2.208,0.133,14.0,13.0,1.0,11.0,13.0,0.0,2.0,14.0,13.0,0,0,,HB tick=28477 exp_id=181 t_ms=5213 run=1 spd=1 ts=20.000 as=13.500 ta=0.000 aa=1.087 se=6.500 so=1.061 ae=-1.087 ao=-0.175 pwm=12 pc=1 hd=-1 y=2.208 yr=0.133 L=0 R=2 OL=11 OR=13 el=14 er=13 ed=1 dl=14 dr=13 cl=0 cr=0 ok=120 fail=0 vofa=firewater rx=149 txdrop=0
1774961600.3935673,1774961600393567200,31400177527400,HB,28638,5374.0,1,2.355,0.406,14.0,14.0,0.0,12.0,12.0,1.0,1.0,14.0,14.0,0,0,,HB tick=28638 exp_id=181 t_ms=5374 run=1 spd=1 ts=20.000 as=14.000 ta=0.000 aa=1.301 se=6.000 so=1.024 ae=-1.301 ao=-0.393 pwm=12 pc=1 hd=0 y=2.355 yr=0.406 L=1 R=1 OL=12 OR=12 el=14 er=14 ed=0 dl=14 dr=14 cl=0 cr=0 ok=121 fail=0 vofa=firewater rx=149 txdrop=0
1774961600.642417,1774961600642416800,31400426376900,HB,28887,5623.0,1,2.748,0.816,14.0,15.0,-1.0,12.0,12.0,1.0,1.0,14.0,15.0,0,0,,HB tick=28887 exp_id=181 t_ms=5623 run=1 spd=1 ts=20.000 as=14.500 ta=0.000 aa=1.448 se=5.500 so=0.991 ae=-1.448 ao=-0.517 pwm=12 pc=1 hd=0 y=2.748 yr=0.816 L=1 R=1 OL=12 OR=12 el=14 er=15 ed=-1 dl=14 dr=15 cl=0 cr=0 ok=122 fail=0 vofa=firewater rx=149 txdrop=0
1774961600.839355,1774961600839354800,31400623314900,HB,29088,5824.0,1,2.683,0.418,13.0,14.0,-1.0,11.0,13.0,0.0,2.0,13.0,14.0,0,0,,HB tick=29088 exp_id=181 t_ms=5824 run=1 spd=1 ts=20.000 as=13.500 ta=0.000 aa=1.841 se=6.500 so=1.105 ae=-1.841 ao=-0.743 pwm=12 pc=1 hd=-1 y=2.683 yr=0.418 L=0 R=2 OL=11 OR=13 el=13 er=14 ed=-1 dl=13 dr=14 cl=0 cr=0 ok=123 fail=0 vofa=firewater rx=149 txdrop=0
1774961601.0478935,1774961601047893400,31400831853500,HB,29293,6029.0,1,2.252,-0.465,14.0,13.0,1.0,12.0,12.0,1.0,1.0,14.0,13.0,0,0,,HB tick=29293 exp_id=181 t_ms=6029 run=1 spd=1 ts=20.000 as=13.500 ta=0.000 aa=1.776 se=6.500 so=1.122 ae=-1.776 ao=-0.601 pwm=12 pc=1 hd=0 y=2.252 yr=-0.465 L=1 R=1 OL=12 OR=12 el=14 er=13 ed=1 dl=14 dr=13 cl=0 cr=0 ok=124 fail=0 vofa=firewater rx=149 txdrop=0
1774961601.2459896,1774961601245989700,31401029949700,HB,29498,6233.0,1,1.739,-1.181,14.0,14.0,0.0,12.0,12.0,1.0,1.0,14.0,14.0,0,0,,HB tick=29498 exp_id=181 t_ms=6233 run=1 spd=1 ts=20.000 as=14.000 ta=0.000 aa=0.832 se=6.000 so=1.087 ae=-0.832 ao=-0.035 pwm=12 pc=1 hd=0 y=1.739 yr=-1.181 L=1 R=1 OL=12 OR=12 el=14 er=14 ed=0 dl=14 dr=14 cl=0 cr=0 ok=125 fail=0 vofa=firewater rx=149 txdrop=0
1774961601.4740033,1774961601474003100,31401257963800,HB,29724,6460.0,1,1.29,-1.46,14.0,14.0,0.0,12.0,12.0,1.0,1.0,14.0,14.0,0,0,,HB tick=29724 exp_id=181 t_ms=6460 run=1 spd=1 ts=20.000 as=14.000 ta=0.000 aa=0.832 se=6.000 so=1.103 ae=-0.832 ao=0.136 pwm=12 pc=1 hd=0 y=1.290 yr=-1.460 L=1 R=1 OL=12 OR=12 el=14 er=14 ed=0 dl=14 dr=14 cl=0 cr=0 ok=126 fail=0 vofa=firewater rx=149 txdrop=0
1774961601.672864,1774961601672864100,31401456824600,HB,29924,6660.0,1,1.177,-1.147,13.0,13.0,0.0,12.0,12.0,1.0,1.0,13.0,13.0,0,0,,HB tick=29924 exp_id=181 t_ms=6660 run=1 spd=1 ts=20.000 as=13.000 ta=0.000 aa=0.383 se=7.000 so=1.218 ae=-0.383 ao=0.333 pwm=12 pc=1 hd=0 y=1.177 yr=-1.147 L=1 R=1 OL=12 OR=12 el=13 er=13 ed=0 dl=13 dr=13 cl=0 cr=0 ok=127 fail=0 vofa=firewater rx=149 txdrop=0
1774961601.9006736,1774961601900673500,31401684633600,HB,30145,6881.0,1,1.525,-0.195,15.0,14.0,1.0,13.0,11.0,2.0,0.0,15.0,14.0,0,0,,HB tick=30145 exp_id=181 t_ms=6881 run=1 spd=1 ts=20.000 as=14.500 ta=0.000 aa=0.270 se=5.500 so=1.085 ae=-0.270 ao=0.260 pwm=12 pc=1 hd=1 y=1.525 yr=-0.195 L=2 R=0 OL=13 OR=11 el=15 er=14 ed=1 dl=15 dr=14 cl=0 cr=0 ok=128 fail=0 vofa=firewater rx=149 txdrop=0
1774961602.0971658,1774961602097165900,31401881126100,HB,30346,7082.0,1,1.663,0.114,15.0,13.0,2.0,11.0,13.0,0.0,2.0,15.0,13.0,0,0,,HB tick=30346 exp_id=181 t_ms=7082 run=1 spd=1 ts=20.000 as=14.000 ta=0.000 aa=0.618 se=6.000 so=1.150 ae=-0.618 ao=-0.129 pwm=12 pc=1 hd=-1 y=1.663 yr=0.114 L=0 R=2 OL=11 OR=13 el=15 er=13 ed=2 dl=15 dr=13 cl=0 cr=0 ok=129 fail=0 vofa=firewater rx=149 txdrop=0
1774961602.2593384,1774961602259338400,31402043298800,HB,30507,7243.0,1,1.982,0.766,14.0,14.0,0.0,11.0,13.0,0.0,2.0,14.0,14.0,0,0,,HB tick=30507 exp_id=181 t_ms=7243 run=1 spd=1 ts=20.000 as=14.000 ta=0.000 aa=0.756 se=6.000 so=1.161 ae=-0.756 ao=-0.261 pwm=12 pc=1 hd=-1 y=1.982 yr=0.766 L=0 R=2 OL=11 OR=13 el=14 er=14 ed=0 dl=14 dr=14 cl=0 cr=0 ok=130 fail=0 vofa=firewater rx=149 txdrop=0
1774961602.4462392,1774961602446239300,31402230200400,HB,30696,7432.0,1,2.066,0.654,13.0,14.0,-1.0,11.0,13.0,0.0,2.0,13.0,14.0,0,0,,HB tick=30696 exp_id=181 t_ms=7432 run=1 spd=1 ts=20.000 as=13.500 ta=0.000 aa=1.075 se=6.500 so=1.227 ae=-1.075 ao=-0.547 pwm=12 pc=1 hd=-1 y=2.066 yr=0.654 L=0 R=2 OL=11 OR=13 el=13 er=14 ed=-1 dl=13 dr=14 cl=0 cr=0 ok=131 fail=0 vofa=firewater rx=149 txdrop=0
1774961602.694686,1774961602694685900,31402478646200,HB,30945,7681.0,1,1.941,0.25,14.0,13.0,1.0,12.0,12.0,1.0,1.0,14.0,13.0,0,0,,HB tick=30945 exp_id=181 t_ms=7681 run=1 spd=1 ts=20.000 as=13.500 ta=0.000 aa=1.159 se=6.500 so=1.247 ae=-1.159 ao=-0.532 pwm=12 pc=1 hd=0 y=1.941 yr=0.250 L=1 R=1 OL=12 OR=12 el=14 er=13 ed=1 dl=14 dr=13 cl=0 cr=0 ok=132 fail=0 vofa=firewater rx=149 txdrop=0
1774961602.9019618,1774961602901961800,31402685925900,HB,31146,7882.0,1,1.923,0.131,14.0,14.0,0.0,11.0,13.0,0.0,2.0,14.0,14.0,0,0,,HB tick=31146 exp_id=181 t_ms=7882 run=1 spd=1 ts=20.000 as=14.000 ta=0.000 aa=1.034 se=6.000 so=1.211 ae=-1.034 ao=-0.373 pwm=12 pc=1 hd=-1 y=1.923 yr=0.131 L=0 R=2 OL=11 OR=13 el=14 er=14 ed=0 dl=14 dr=14 cl=0 cr=0 ok=133 fail=0 vofa=firewater rx=149 txdrop=0
1774961603.1011055,1774961603101105500,31402885065600,HB,31351,8087.0,1,1.899,0.044,13.0,14.0,-1.0,12.0,12.0,1.0,1.0,13.0,14.0,0,0,,HB tick=31351 exp_id=181 t_ms=8087 run=1 spd=1 ts=20.000 as=13.500 ta=0.000 aa=1.016 se=6.500 so=1.277 ae=-1.016 ao=-0.331 pwm=12 pc=1 hd=0 y=1.899 yr=0.044 L=1 R=1 OL=12 OR=12 el=13 er=14 ed=-1 dl=13 dr=14 cl=0 cr=0 ok=134 fail=0 vofa=firewater rx=149 txdrop=0
1774961603.267215,1774961603267215100,31403051176700,HB,31512,8248.0,1,1.63,-0.557,14.0,13.0,1.0,12.0,12.0,1.0,1.0,14.0,13.0,0,0,,HB tick=31512 exp_id=181 t_ms=8248 run=1 spd=1 ts=20.000 as=13.500 ta=0.000 aa=0.992 se=6.500 so=1.290 ae=-0.992 ao=-0.298 pwm=12 pc=1 hd=0 y=1.630 yr=-0.557 L=1 R=1 OL=12 OR=12 el=14 er=13 ed=1 dl=14 dr=13 cl=0 cr=0 ok=135 fail=0 vofa=firewater rx=149 txdrop=0
1774961603.496193,1774961603496193000,31403280154000,HB,31744,8480.0,1,1.458,-0.62,14.0,14.0,0.0,12.0,12.0,1.0,1.0,14.0,14.0,0,0,,HB tick=31744 exp_id=181 t_ms=8480 run=1 spd=1 ts=20.000 as=14.000 ta=0.000 aa=0.723 se=6.000 so=1.258 ae=-0.723 ao=-0.041 pwm=12 pc=1 hd=0 y=1.458 yr=-0.620 L=1 R=1 OL=12 OR=12 el=14 er=14 ed=0 dl=14 dr=14 cl=0 cr=0 ok=136 fail=0 vofa=firewater rx=149 txdrop=0
1774961603.7037919,1774961603703791900,31403487752500,HB,31949,8685.0,1,1.799,0.179,14.0,14.0,0.0,12.0,12.0,1.0,1.0,14.0,14.0,0,0,,HB tick=31949 exp_id=181 t_ms=8685 run=1 spd=1 ts=20.000 as=14.000 ta=0.000 aa=0.551 se=6.000 so=1.273 ae=-0.551 ao=0.020 pwm=12 pc=1 hd=0 y=1.799 yr=0.179 L=1 R=1 OL=12 OR=12 el=14 er=14 ed=0 dl=14 dr=14 cl=0 cr=0 ok=137 fail=0 vofa=firewater rx=149 txdrop=0
1774961603.9229069,1774961603922906900,31403706867500,HB,32170,8906.0,1,2.317,0.936,13.0,13.0,0.0,12.0,12.0,1.0,1.0,13.0,13.0,0,0,,HB tick=32170 exp_id=181 t_ms=8906 run=1 spd=1 ts=20.000 as=13.000 ta=0.000 aa=0.892 se=7.000 so=1.390 ae=-0.892 ao=-0.318 pwm=12 pc=1 hd=0 y=2.317 yr=0.936 L=1 R=1 OL=12 OR=12 el=13 er=13 ed=0 dl=13 dr=13 cl=0 cr=0 ok=138 fail=0 vofa=firewater rx=149 txdrop=0
1774961604.0792966,1774961604079296400,31403863256800,HB,32326,9062.0,1,2.31,0.592,13.0,13.0,0.0,12.0,12.0,1.0,1.0,13.0,13.0,0,0,,HB tick=32326 exp_id=181 t_ms=9062 run=1 spd=1 ts=20.000 as=13.000 ta=0.000 aa=1.410 se=7.000 so=1.402 ae=-1.410 ao=-0.685 pwm=12 pc=1 hd=0 y=2.310 yr=0.592 L=1 R=1 OL=12 OR=12 el=13 er=13 ed=0 dl=13 dr=13 cl=0 cr=0 ok=139 fail=0 vofa=firewater rx=149 txdrop=0
1774961604.3285973,1774961604328597300,31404112558000,HB,32580,9316.0,1,2.638,0.837,14.0,14.0,0.0,11.0,13.0,0.0,2.0,14.0,14.0,0,0,,HB tick=32580 exp_id=181 t_ms=9316 run=1 spd=1 ts=20.000 as=14.000 ta=0.000 aa=1.403 se=6.000 so=1.323 ae=-1.403 ao=-0.574 pwm=12 pc=1 hd=-1 y=2.638 yr=0.837 L=0 R=2 OL=11 OR=13 el=14 er=14 ed=0 dl=14 dr=14 cl=0 cr=0 ok=140 fail=0 vofa=firewater rx=149 txdrop=0
1774961604.5375152,1774961604537515300,31404321476400,HB,32791,9527.0,1,2.561,0.417,13.0,14.0,-1.0,11.0,13.0,0.0,2.0,13.0,14.0,0,0,,HB tick=32791 exp_id=181 t_ms=9527 run=1 spd=1 ts=20.000 as=13.500 ta=0.000 aa=1.731 se=6.500 so=1.389 ae=-1.731 ao=-0.732 pwm=12 pc=1 hd=-1 y=2.561 yr=0.417 L=0 R=2 OL=11 OR=13 el=13 er=14 ed=-1 dl=13 dr=14 cl=0 cr=0 ok=141 fail=0 vofa=firewater rx=149 txdrop=0
1774961604.765234,1774961604765234000,31404549194100,HB,33019,9755.0,1,1.293,-1.676,13.0,14.0,-1.0,11.0,13.0,0.0,2.0,13.0,14.0,0,0,,HB tick=33019 exp_id=181 t_ms=9755 run=1 spd=1 ts=20.000 as=13.500 ta=0.000 aa=1.655 se=6.500 so=1.406 ae=-1.655 ao=-0.581 pwm=12 pc=1 hd=-1 y=1.293 yr=-1.676 L=0 R=2 OL=11 OR=13 el=13 er=14 ed=-1 dl=13 dr=14 cl=0 cr=0 ok=142 fail=0 vofa=firewater rx=149 txdrop=0
1774961604.9209821,1774961604920982000,31404704942500,HB,33175,9911.0,1,1.21,-1.276,13.0,13.0,0.0,13.0,11.0,2.0,0.0,13.0,13.0,0,0,,HB tick=33175 exp_id=181 t_ms=9911 run=1 spd=1 ts=20.000 as=13.000 ta=0.000 aa=0.386 se=7.000 so=1.470 ae=-0.386 ao=0.393 pwm=12 pc=1 hd=1 y=1.210 yr=-1.276 L=2 R=0 OL=13 OR=11 el=13 er=13 ed=0 dl=13 dr=13 cl=0 cr=0 ok=143 fail=0 vofa=firewater rx=149 txdrop=0
1774961605.1596565,1774961605159656500,31404943616600,HB,33408,10144.0,1,1.171,-0.887,14.0,14.0,0.0,12.0,12.0,1.0,1.0,14.0,14.0,0,0,,HB tick=33408 exp_id=181 t_ms=10144 run=1 spd=1 ts=20.000 as=14.000 ta=0.000 aa=0.303 se=6.000 so=1.388 ae=-0.303 ao=0.285 pwm=12 pc=1 hd=0 y=1.171 yr=-0.887 L=1 R=1 OL=12 OR=12 el=14 er=14 ed=0 dl=14 dr=14 cl=0 cr=0 ok=144 fail=0 vofa=firewater rx=149 txdrop=0
1774961605.3784535,1774961605378453600,31405162413600,HB,33629,10365.0,1,2.092,0.882,14.0,13.0,1.0,12.0,12.0,1.0,1.0,14.0,13.0,0,0,,HB tick=33629 exp_id=181 t_ms=10365 run=1 spd=1 ts=20.000 as=13.500 ta=0.000 aa=0.265 se=6.500 so=1.454 ae=-0.265 ao=0.170 pwm=12 pc=1 hd=0 y=2.092 yr=0.882 L=1 R=1 OL=12 OR=12 el=14 er=13 ed=1 dl=14 dr=13 cl=0 cr=0 ok=145 fail=0 vofa=firewater rx=149 txdrop=0
1774961605.5345843,1774961605534584300,31405318544300,HB,33786,10522.0,1,2.184,0.778,13.0,14.0,-1.0,12.0,12.0,1.0,1.0,13.0,14.0,0,0,,HB tick=33786 exp_id=181 t_ms=10522 run=1 spd=1 ts=20.000 as=13.500 ta=0.000 aa=1.185 se=6.500 so=1.467 ae=-1.185 ao=-0.617 pwm=12 pc=1 hd=0 y=2.184 yr=0.778 L=1 R=1 OL=12 OR=12 el=13 er=14 ed=-1 dl=13 dr=14 cl=0 cr=0 ok=146 fail=0 vofa=firewater rx=149 txdrop=0
1774961605.7215939,1774961605721593800,31405505553800,HB,33974,10710.0,1,2.241,0.612,14.0,13.0,1.0,12.0,12.0,1.0,1.0,14.0,13.0,0,0,,HB tick=33974 exp_id=181 t_ms=10710 run=1 spd=1 ts=20.000 as=13.500 ta=0.000 aa=1.277 se=6.500 so=1.482 ae=-1.277 ao=-0.607 pwm=12 pc=1 hd=0 y=2.241 yr=0.612 L=1 R=1 OL=12 OR=12 el=14 er=13 ed=1 dl=14 dr=13 cl=0 cr=0 ok=147 fail=0 vofa=firewater rx=149 txdrop=0
1774961605.9713447,1774961605971344600,31405755304800,HB,34224,10960.0,1,2.5,0.76,14.0,14.0,0.0,11.0,13.0,0.0,2.0,14.0,14.0,0,0,,HB tick=34224 exp_id=181 t_ms=10960 run=1 spd=1 ts=20.000 as=14.000 ta=0.000 aa=1.334 se=6.000 so=1.451 ae=-1.334 ao=-0.568 pwm=12 pc=1 hd=-1 y=2.500 yr=0.760 L=0 R=2 OL=11 OR=13 el=14 er=14 ed=0 dl=14 dr=14 cl=0 cr=0 ok=148 fail=0 vofa=firewater rx=149 txdrop=0
1774961606.1792605,1774961606179260400,31405963220900,HB,34425,11161.0,1,2.449,0.405,14.0,14.0,0.0,11.0,13.0,0.0,2.0,14.0,14.0,0,0,,HB tick=34425 exp_id=181 t_ms=11161 run=1 spd=1 ts=20.000 as=14.000 ta=0.000 aa=1.593 se=6.000 so=1.465 ae=-1.593 ao=-0.678 pwm=12 pc=1 hd=-1 y=2.449 yr=0.405 L=0 R=2 OL=11 OR=13 el=14 er=14 ed=0 dl=14 dr=14 cl=0 cr=0 ok=149 fail=0 vofa=firewater rx=149 txdrop=0
1774961606.3355987,1774961606335598500,31406119558700,HB,34586,11322.0,1,2.47,0.311,14.0,14.0,0.0,11.0,13.0,0.0,2.0,14.0,14.0,0,0,,HB tick=34586 exp_id=181 t_ms=11322 run=1 spd=1 ts=20.000 as=14.000 ta=0.000 aa=1.542 se=6.000 so=1.477 ae=-1.542 ao=-0.553 pwm=12 pc=1 hd=-1 y=2.470 yr=0.311 L=0 R=2 OL=11 OR=13 el=14 er=14 ed=0 dl=14 dr=14 cl=0 cr=0 ok=150 fail=0 vofa=firewater rx=149 txdrop=0
1774961606.5231895,1774961606523189400,31406307149900,HB,34774,11510.0,1,2.437,0.14,14.0,15.0,-1.0,12.0,12.0,1.0,1.0,14.0,15.0,0,0,,HB tick=34774 exp_id=181 t_ms=11510 run=1 spd=1 ts=20.000 as=14.500 ta=0.000 aa=1.563 se=5.500 so=1.442 ae=-1.563 ao=-0.529 pwm=12 pc=1 hd=0 y=2.437 yr=0.140 L=1 R=1 OL=12 OR=12 el=14 er=15 ed=-1 dl=14 dr=15 cl=0 cr=0 ok=151 fail=0 vofa=firewater rx=149 txdrop=0
1774961606.7838683,1774961606783868500,31406567828500,HB,35024,11760.0,1,2.113,-0.363,14.0,15.0,-1.0,11.0,13.0,0.0,2.0,14.0,15.0,0,0,,HB tick=35024 exp_id=181 t_ms=11760 run=1 spd=1 ts=20.000 as=14.500 ta=0.000 aa=1.530 se=5.500 so=1.459 ae=-1.530 ao=-0.467 pwm=12 pc=1 hd=-1 y=2.113 yr=-0.363 L=0 R=2 OL=11 OR=13 el=14 er=15 ed=-1 dl=14 dr=15 cl=0 cr=0 ok=152 fail=0 vofa=firewater rx=149 txdrop=0
1774961606.98031,1774961606980310100,31406764270200,HB,35225,11961.0,1,2.055,-0.337,14.0,13.0,1.0,13.0,13.0,2.0,2.0,14.0,13.0,0,0,,HB tick=35225 exp_id=181 t_ms=11961 run=1 spd=1 ts=20.000 as=13.500 ta=0.000 aa=1.206 se=6.500 so=1.572 ae=-1.206 ao=-0.229 pwm=13 pc=2 hd=0 y=2.055 yr=-0.337 L=2 R=2 OL=13 OR=13 el=14 er=13 ed=1 dl=14 dr=13 cl=0 cr=0 ok=153 fail=0 vofa=firewater rx=149 txdrop=0
1774961607.1887553,1774961607188755200,31406972715300,HB,35430,12166.0,1,2.0,-0.313,14.0,15.0,-1.0,13.0,13.0,2.0,2.0,14.0,15.0,0,0,,HB tick=35430 exp_id=181 t_ms=12166 run=1 spd=1 ts=20.000 as=14.500 ta=0.000 aa=1.148 se=5.500 so=1.487 ae=-1.148 ao=-0.224 pwm=13 pc=2 hd=0 y=2.000 yr=-0.313 L=2 R=2 OL=13 OR=13 el=14 er=15 ed=-1 dl=14 dr=15 cl=0 cr=0 ok=154 fail=0 vofa=firewater rx=149 txdrop=0
1774961607.3446777,1774961607344677700,31407128637600,HB,35590,12326.0,1,1.739,-0.773,14.0,14.0,0.0,12.0,12.0,1.0,1.0,14.0,14.0,0,0,,HB tick=35590 exp_id=181 t_ms=12326 run=1 spd=1 ts=20.000 as=14.000 ta=0.000 aa=1.093 se=6.000 so=1.548 ae=-1.093 ao=-0.219 pwm=12 pc=1 hd=0 y=1.739 yr=-0.773 L=1 R=1 OL=12 OR=12 el=14 er=14 ed=0 dl=14 dr=14 cl=0 cr=0 ok=155 fail=0 vofa=firewater rx=149 txdrop=0
1774961607.5715055,1774961607571505600,31407355466200,HB,35823,12559.0,1,1.83,-0.367,15.0,15.0,0.0,12.0,12.0,1.0,1.0,15.0,15.0,0,0,,HB tick=35823 exp_id=181 t_ms=12559 run=1 spd=1 ts=20.000 as=15.000 ta=0.000 aa=0.832 se=5.000 so=1.462 ae=-0.832 ao=-0.010 pwm=12 pc=1 hd=0 y=1.830 yr=-0.367 L=1 R=1 OL=12 OR=12 el=15 er=15 ed=0 dl=15 dr=15 cl=0 cr=0 ok=156 fail=0 vofa=firewater rx=149 txdrop=0
1774961607.8035944,1774961607803594300,31407587554800,HB,36045,12781.0,1,1.827,-0.243,15.0,14.0,1.0,13.0,13.0,2.0,2.0,15.0,14.0,0,0,,HB tick=36045 exp_id=181 t_ms=12781 run=1 spd=1 ts=20.000 as=14.500 ta=0.000 aa=0.923 se=5.500 so=1.527 ae=-0.923 ao=-0.162 pwm=13 pc=2 hd=0 y=1.827 yr=-0.243 L=2 R=2 OL=13 OR=13 el=15 er=14 ed=1 dl=15 dr=14 cl=0 cr=0 ok=157 fail=0 vofa=firewater rx=149 txdrop=0
1774961608.0005028,1774961608000502900,31407784463300,HB,36245,12981.0,1,1.863,-0.095,15.0,14.0,1.0,13.0,13.0,2.0,2.0,15.0,14.0,0,0,,HB tick=36245 exp_id=181 t_ms=12981 run=1 spd=1 ts=20.000 as=14.500 ta=0.000 aa=0.920 se=5.500 so=1.540 ae=-0.920 ao=-0.201 pwm=13 pc=2 hd=0 y=1.863 yr=-0.095 L=2 R=2 OL=13 OR=13 el=15 er=14 ed=1 dl=15 dr=14 cl=0 cr=0 ok=158 fail=0 vofa=firewater rx=149 txdrop=0
1774961608.218928,1774961608218928100,31408002888300,HB,36467,13203.0,1,1.921,0.03,15.0,15.0,0.0,13.0,13.0,2.0,2.0,15.0,15.0,0,0,,HB tick=36467 exp_id=181 t_ms=13203 run=1 spd=1 ts=20.000 as=15.000 ta=0.000 aa=0.956 se=5.000 so=1.503 ae=-0.956 ao=-0.258 pwm=13 pc=2 hd=0 y=1.921 yr=0.030 L=2 R=2 OL=13 OR=13 el=15 er=15 ed=0 dl=15 dr=15 cl=0 cr=0 ok=159 fail=0 vofa=firewater rx=149 txdrop=0
1774961608.4364622,1774961608436462000,31408220422300,HB,36683,13419.0,1,1.702,-0.336,14.0,16.0,-2.0,12.0,14.0,1.0,3.0,14.0,16.0,0,0,,HB tick=36683 exp_id=181 t_ms=13419 run=1 spd=1 ts=20.000 as=15.000 ta=0.000 aa=1.014 se=5.000 so=1.516 ae=-1.014 ao=-0.312 pwm=13 pc=2 hd=-1 y=1.702 yr=-0.336 L=1 R=3 OL=12 OR=14 el=14 er=16 ed=-2 dl=14 dr=16 cl=0 cr=0 ok=160 fail=0 vofa=firewater rx=149 txdrop=0
1774961608.6325347,1774961608632534800,31408416495200,HB,36884,13620.0,1,1.64,-0.327,16.0,14.0,2.0,13.0,13.0,2.0,2.0,16.0,14.0,0,0,,HB tick=36884 exp_id=181 t_ms=13620 run=1 spd=1 ts=20.000 as=15.000 ta=0.000 aa=0.795 se=5.000 so=1.529 ae=-0.795 ao=-0.143 pwm=13 pc=2 hd=0 y=1.640 yr=-0.327 L=2 R=2 OL=13 OR=13 el=16 er=14 ed=2 dl=16 dr=14 cl=0 cr=0 ok=161 fail=0 vofa=firewater rx=149 txdrop=0
1774961608.840767,1774961608840767000,31408624727300,HB,37089,13825.0,1,1.524,-0.409,15.0,15.0,0.0,13.0,13.0,2.0,2.0,15.0,15.0,0,0,,HB tick=37089 exp_id=181 t_ms=13825 run=1 spd=1 ts=20.000 as=15.000 ta=0.000 aa=0.733 se=5.000 so=1.541 ae=-0.733 ao=-0.131 pwm=13 pc=2 hd=0 y=1.524 yr=-0.409 L=2 R=2 OL=13 OR=13 el=15 er=15 ed=0 dl=15 dr=15 cl=0 cr=0 ok=162 fail=0 vofa=firewater rx=149 txdrop=0
1774961609.0389946,1774961609038994400,31408822954600,HB,37294,14029.0,1,1.604,-0.13,16.0,15.0,1.0,13.0,13.0,2.0,2.0,16.0,15.0,0,0,,HB tick=37294 exp_id=181 t_ms=14029 run=1 spd=1 ts=20.000 as=15.500 ta=0.000 aa=0.618 se=4.500 so=1.503 ae=-0.618 ao=-0.078 pwm=13 pc=2 hd=0 y=1.604 yr=-0.130 L=2 R=2 OL=13 OR=13 el=16 er=15 ed=1 dl=16 dr=15 cl=0 cr=0 ok=163 fail=0 vofa=firewater rx=149 txdrop=0
1774961609.2575614,1774961609257561300,31409041521400,HB,37499,14235.0,1,1.665,0.021,14.0,14.0,0.0,13.0,13.0,2.0,2.0,14.0,14.0,0,0,,HB tick=37499 exp_id=181 t_ms=14235 run=1 spd=1 ts=20.000 as=14.000 ta=0.000 aa=0.697 se=6.000 so=1.666 ae=-0.697 ao=-0.186 pwm=13 pc=2 hd=0 y=1.665 yr=0.021 L=2 R=2 OL=13 OR=13 el=14 er=14 ed=0 dl=14 dr=14 cl=0 cr=0 ok=164 fail=0 vofa=firewater rx=149 txdrop=0
1774961609.4147856,1774961609414785600,31409198746300,HB,37664,14400.0,1,1.509,-0.317,14.0,14.0,0.0,13.0,13.0,2.0,2.0,14.0,14.0,0,0,,HB tick=37664 exp_id=181 t_ms=14400 run=1 spd=1 ts=20.000 as=14.000 ta=0.000 aa=0.758 se=6.000 so=1.676 ae=-0.758 ao=-0.250 pwm=13 pc=2 hd=0 y=1.509 yr=-0.317 L=2 R=2 OL=13 OR=13 el=14 er=14 ed=0 dl=14 dr=14 cl=0 cr=0 ok=165 fail=0 vofa=firewater rx=149 txdrop=0
1774961609.6647534,1774961609664753400,31409448713600,HB,37917,14653.0,1,1.537,-0.168,15.0,15.0,0.0,13.0,13.0,2.0,2.0,15.0,15.0,0,0,,HB tick=37917 exp_id=181 t_ms=14653 run=1 spd=1 ts=20.000 as=15.000 ta=0.000 aa=0.602 se=5.000 so=1.591 ae=-0.602 ao=-0.104 pwm=13 pc=2 hd=0 y=1.537 yr=-0.168 L=2 R=2 OL=13 OR=13 el=15 er=15 ed=0 dl=15 dr=15 cl=0 cr=0 ok=166 fail=0 vofa=firewater rx=149 txdrop=0
1774961609.821055,1774961609821054900,31409605015400,HB,38073,14809.0,1,1.617,0.071,15.0,15.0,0.0,13.0,13.0,2.0,2.0,15.0,15.0,0,0,,HB tick=38073 exp_id=181 t_ms=14809 run=1 spd=1 ts=20.000 as=15.000 ta=0.000 aa=0.630 se=5.000 so=1.600 ae=-0.630 ao=-0.159 pwm=13 pc=2 hd=0 y=1.617 yr=0.071 L=2 R=2 OL=13 OR=13 el=15 er=15 ed=0 dl=15 dr=15 cl=0 cr=0 ok=167 fail=0 vofa=firewater rx=149 txdrop=0
1774961610.0608335,1774961610060833500,31409844793700,HB,38306,15042.0,1,1.512,-0.112,15.0,14.0,1.0,13.0,13.0,2.0,2.0,15.0,14.0,0,0,,HB tick=38306 exp_id=181 t_ms=15042 run=1 spd=1 ts=20.000 as=14.500 ta=0.000 aa=0.710 se=5.500 so=1.665 ae=-0.710 ao=-0.255 pwm=13 pc=2 hd=0 y=1.512 yr=-0.112 L=2 R=2 OL=13 OR=13 el=15 er=14 ed=1 dl=15 dr=14 cl=0 cr=0 ok=168 fail=0 vofa=firewater rx=149 txdrop=0
1774961610.280135,1774961610280134900,31410064095100,HB,38528,15263.0,1,1.659,0.16,15.0,15.0,0.0,13.0,13.0,2.0,2.0,15.0,15.0,0,0,,HB tick=38528 exp_id=181 t_ms=15263 run=1 spd=1 ts=20.000 as=15.000 ta=0.000 aa=0.752 se=5.000 so=1.629 ae=-0.605 ao=-0.172 pwm=13 pc=2 hd=0 y=1.659 yr=0.160 L=2 R=2 OL=13 OR=13 el=15 er=15 ed=0 dl=15 dr=15 cl=0 cr=0 ok=169 fail=0 vofa=firewater rx=149 txdrop=0
1774961610.435419,1774961610435419100,31410219379300,HB,38683,15419.0,1,1.666,0.12,15.0,15.0,0.0,12.0,14.0,1.0,3.0,15.0,15.0,0,0,,HB tick=38683 exp_id=181 t_ms=15419 run=1 spd=1 ts=20.000 as=15.000 ta=0.000 aa=0.752 se=5.000 so=1.639 ae=-0.752 ao=-0.294 pwm=13 pc=2 hd=-1 y=1.666 yr=0.120 L=1 R=3 OL=12 OR=14 el=15 er=15 ed=0 dl=15 dr=15 cl=0 cr=0 ok=170 fail=0 vofa=firewater rx=149 txdrop=0
1774961610.6219816,1774961610621981800,31410405941800,HB,38872,15608.0,1,1.665,0.076,14.0,15.0,-1.0,13.0,13.0,2.0,2.0,14.0,15.0,0,0,,HB tick=38872 exp_id=181 t_ms=15608 run=1 spd=1 ts=20.000 as=14.500 ta=0.000 aa=0.759 se=5.500 so=1.700 ae=-0.759 ao=-0.284 pwm=13 pc=2 hd=0 y=1.665 yr=0.076 L=2 R=2 OL=13 OR=13 el=14 er=15 ed=-1 dl=14 dr=15 cl=0 cr=0 ok=171 fail=0 vofa=firewater rx=149 txdrop=0
1774961610.8732214,1774961610873221400,31410657182500,HB,39122,15858.0,1,1.62,-0.014,15.0,15.0,0.0,12.0,14.0,1.0,3.0,15.0,15.0,0,0,,HB tick=39122 exp_id=181 t_ms=15858 run=1 spd=1 ts=20.000 as=15.000 ta=0.000 aa=0.758 se=5.000 so=1.667 ae=-0.758 ao=-0.270 pwm=13 pc=2 hd=-1 y=1.620 yr=-0.014 L=1 R=3 OL=12 OR=14 el=15 er=15 ed=0 dl=15 dr=15 cl=0 cr=0 ok=172 fail=0 vofa=firewater rx=149 txdrop=0
1774961611.081361,1774961611081361100,31410865321500,HB,39323,16059.0,1,1.67,0.078,15.0,15.0,0.0,13.0,13.0,2.0,2.0,15.0,15.0,0,0,,HB tick=39323 exp_id=181 t_ms=16059 run=1 spd=1 ts=20.000 as=15.000 ta=0.000 aa=0.713 se=5.000 so=1.679 ae=-0.713 ao=-0.230 pwm=13 pc=2 hd=0 y=1.670 yr=0.078 L=2 R=2 OL=13 OR=13 el=15 er=15 ed=0 dl=15 dr=15 cl=0 cr=0 ok=173 fail=0 vofa=firewater rx=149 txdrop=0
1774961611.300518,1774961611300518200,31411084478300,HB,39544,16280.0,1,1.808,0.269,15.0,15.0,0.0,13.0,13.0,2.0,2.0,15.0,15.0,0,0,,HB tick=39544 exp_id=181 t_ms=16280 run=1 spd=1 ts=20.000 as=15.000 ta=0.000 aa=0.763 se=5.000 so=1.692 ae=-0.763 ao=-0.272 pwm=13 pc=2 hd=0 y=1.808 yr=0.269 L=2 R=2 OL=13 OR=13 el=15 er=15 ed=0 dl=15 dr=15 cl=0 cr=0 ok=174 fail=0 vofa=firewater rx=149 txdrop=0
1774961611.5078628,1774961611507862900,31411291822800,HB,39761,16497.0,1,1.595,-0.169,15.0,14.0,1.0,12.0,14.0,1.0,3.0,15.0,14.0,0,0,,HB tick=39761 exp_id=181 t_ms=16497 run=1 spd=1 ts=20.000 as=14.500 ta=0.000 aa=0.901 se=5.500 so=1.757 ae=-0.901 ao=-0.367 pwm=13 pc=2 hd=-1 y=1.595 yr=-0.169 L=1 R=3 OL=12 OR=14 el=15 er=14 ed=1 dl=15 dr=14 cl=0 cr=0 ok=175 fail=0 vofa=firewater rx=149 txdrop=0
1774961611.7156394,1774961611715639200,31411499600200,HB,39962,16698.0,1,1.682,0.042,15.0,15.0,0.0,13.0,13.0,2.0,2.0,15.0,15.0,0,0,,HB tick=39962 exp_id=181 t_ms=16698 run=1 spd=1 ts=20.000 as=15.000 ta=0.000 aa=0.688 se=5.000 so=1.720 ae=-0.688 ao=-0.176 pwm=13 pc=2 hd=0 y=1.682 yr=0.042 L=2 R=2 OL=13 OR=13 el=15 er=15 ed=0 dl=15 dr=15 cl=0 cr=0 ok=176 fail=0 vofa=firewater rx=149 txdrop=0
1774961611.9133365,1774961611913336500,31411697296400,HB,40167,16903.0,1,1.812,0.25,15.0,16.0,-1.0,13.0,13.0,2.0,2.0,15.0,16.0,0,0,,HB tick=40167 exp_id=181 t_ms=16903 run=1 spd=1 ts=20.000 as=15.500 ta=0.000 aa=0.775 se=4.500 so=1.681 ae=-0.775 ao=-0.265 pwm=13 pc=2 hd=0 y=1.812 yr=0.250 L=2 R=2 OL=13 OR=13 el=15 er=16 ed=-1 dl=15 dr=16 cl=0 cr=0 ok=177 fail=0 vofa=firewater rx=149 txdrop=0
1774961612.1214473,1774961612121447500,31411905408000,HB,40372,17108.0,1,1.97,0.431,15.0,15.0,0.0,13.0,13.0,2.0,2.0,15.0,15.0,0,0,,HB tick=40372 exp_id=181 t_ms=17108 run=1 spd=1 ts=20.000 as=15.000 ta=0.000 aa=0.905 se=5.000 so=1.744 ae=-0.905 ao=-0.363 pwm=13 pc=2 hd=0 y=1.970 yr=0.431 L=2 R=2 OL=13 OR=13 el=15 er=15 ed=0 dl=15 dr=15 cl=0 cr=0 ok=178 fail=0 vofa=firewater rx=149 txdrop=0
1774961612.3498862,1774961612349886300,31412133846600,HB,40598,17334.0,1,1.756,-0.05,15.0,15.0,0.0,13.0,13.0,2.0,2.0,15.0,15.0,0,0,,HB tick=40598 exp_id=181 t_ms=17334 run=1 spd=1 ts=20.000 as=15.000 ta=0.000 aa=1.063 se=5.000 so=1.758 ae=-1.063 ao=-0.459 pwm=13 pc=2 hd=0 y=1.756 yr=-0.050 L=2 R=2 OL=13 OR=13 el=15 er=15 ed=0 dl=15 dr=15 cl=0 cr=0 ok=179 fail=0 vofa=firewater rx=149 txdrop=0
1774961612.5468154,1774961612546815500,31412330775900,HB,40798,17534.0,1,1.785,0.018,16.0,15.0,1.0,13.0,13.0,2.0,2.0,16.0,15.0,0,0,,HB tick=40798 exp_id=181 t_ms=17534 run=1 spd=1 ts=20.000 as=15.500 ta=0.000 aa=0.849 se=4.500 so=1.720 ae=-0.849 ao=-0.254 pwm=13 pc=2 hd=0 y=1.785 yr=0.018 L=2 R=2 OL=13 OR=13 el=16 er=15 ed=1 dl=16 dr=15 cl=0 cr=0 ok=180 fail=0 vofa=firewater rx=149 txdrop=0
1774961612.7752774,1774961612775277200,31412559237800,HB,41019,17755.0,1,1.596,-0.288,14.0,15.0,-1.0,13.0,13.0,2.0,2.0,14.0,15.0,0,0,,HB tick=41019 exp_id=181 t_ms=17755 run=1 spd=1 ts=20.000 as=14.500 ta=0.000 aa=0.878 se=5.500 so=1.833 ae=-0.878 ao=-0.284 pwm=13 pc=2 hd=0 y=1.596 yr=-0.288 L=2 R=2 OL=13 OR=13 el=14 er=15 ed=-1 dl=14 dr=15 cl=0 cr=0 ok=181 fail=0 vofa=firewater rx=149 txdrop=0
1774961612.96733,1774961612967330100,31412751290700,HB,41220,17956.0,1,1.455,-0.432,15.0,14.0,1.0,13.0,13.0,2.0,2.0,15.0,14.0,0,0,,HB tick=41220 exp_id=181 t_ms=17956 run=1 spd=1 ts=20.000 as=14.500 ta=0.000 aa=0.689 se=5.500 so=1.846 ae=-0.689 ao=-0.141 pwm=13 pc=2 hd=0 y=1.455 yr=-0.432 L=2 R=2 OL=13 OR=13 el=15 er=14 ed=1 dl=15 dr=14 cl=0 cr=0 ok=182 fail=0 vofa=firewater rx=149 txdrop=0
1774961613.1331136,1774961613133113700,31412917073900,HB,41381,18117.0,1,1.314,-0.587,16.0,15.0,1.0,13.0,13.0,2.0,2.0,16.0,15.0,0,0,,HB tick=41381 exp_id=181 t_ms=18117 run=1 spd=1 ts=20.000 as=15.500 ta=0.000 aa=0.548 se=4.500 so=1.755 ae=-0.548 ao=-0.061 pwm=13 pc=2 hd=0 y=1.314 yr=-0.587 L=2 R=2 OL=13 OR=13 el=16 er=15 ed=1 dl=16 dr=15 cl=0 cr=0 ok=183 fail=0 vofa=firewater rx=149 txdrop=0
1774961613.3825805,1774961613382580500,31413166540600,HB,41635,18371.0,1,1.692,0.138,15.0,16.0,-1.0,13.0,13.0,2.0,2.0,15.0,16.0,0,0,,HB tick=41635 exp_id=181 t_ms=18371 run=1 spd=1 ts=20.000 as=15.500 ta=0.000 aa=0.408 se=4.500 so=1.769 ae=-0.408 ao=0.022 pwm=13 pc=2 hd=0 y=1.692 yr=0.138 L=2 R=2 OL=13 OR=13 el=15 er=16 ed=-1 dl=15 dr=16 cl=0 cr=0 ok=184 fail=0 vofa=firewater rx=149 txdrop=0
1774961613.5374048,1774961613537404700,31413321364900,HB,41791,18527.0,1,1.749,0.218,15.0,15.0,0.0,13.0,13.0,2.0,2.0,15.0,15.0,0,0,,HB tick=41791 exp_id=181 t_ms=18527 run=1 spd=1 ts=20.000 as=15.000 ta=0.000 aa=0.785 se=5.000 so=1.828 ae=-0.785 ao=-0.301 pwm=13 pc=2 hd=0 y=1.749 yr=0.218 L=2 R=2 OL=13 OR=13 el=15 er=15 ed=0 dl=15 dr=15 cl=0 cr=0 ok=185 fail=0 vofa=firewater rx=149 txdrop=0
1774961613.775989,1774961613775989000,31413559949300,HB,42024,18760.0,1,1.773,0.178,16.0,15.0,1.0,13.0,13.0,2.0,2.0,16.0,15.0,0,0,,HB tick=42024 exp_id=181 t_ms=18760 run=1 spd=1 ts=20.000 as=15.500 ta=0.000 aa=0.842 se=4.500 so=1.793 ae=-0.842 ao=-0.341 pwm=13 pc=2 hd=0 y=1.773 yr=0.178 L=2 R=2 OL=13 OR=13 el=16 er=15 ed=1 dl=16 dr=15 cl=0 cr=0 ok=186 fail=0 vofa=firewater rx=149 txdrop=0
1774961613.9957366,1774961613995736700,31413779696800,HB,42245,18981.0,1,2.157,0.723,15.0,17.0,-2.0,12.0,14.0,1.0,3.0,15.0,17.0,0,0,,HB tick=42245 exp_id=181 t_ms=18981 run=1 spd=1 ts=20.000 as=16.000 ta=0.000 aa=0.866 se=4.000 so=1.754 ae=-0.866 ao=-0.334 pwm=13 pc=2 hd=-1 y=2.157 yr=0.723 L=1 R=3 OL=12 OR=14 el=15 er=17 ed=-2 dl=15 dr=17 cl=0 cr=0 ok=187 fail=0 vofa=firewater rx=149 txdrop=0
1774961614.1520474,1774961614152047300,31413936007300,HB,42401,19137.0,1,2.169,0.497,16.0,15.0,1.0,12.0,14.0,1.0,3.0,16.0,15.0,0,0,,HB tick=42401 exp_id=181 t_ms=19137 run=1 spd=1 ts=20.000 as=15.500 ta=0.000 aa=1.250 se=4.500 so=1.813 ae=-1.250 ao=-0.601 pwm=13 pc=2 hd=-1 y=2.169 yr=0.497 L=1 R=3 OL=12 OR=14 el=16 er=15 ed=1 dl=16 dr=15 cl=0 cr=0 ok=188 fail=0 vofa=firewater rx=149 txdrop=0
1774961614.3401268,1774961614340126800,31414124088800,HB,42590,19326.0,1,2.153,0.294,15.0,15.0,0.0,13.0,13.0,2.0,2.0,15.0,15.0,0,0,,HB tick=42590 exp_id=181 t_ms=19326 run=1 spd=1 ts=20.000 as=15.000 ta=0.000 aa=1.262 se=5.000 so=1.874 ae=-1.262 ao=-0.532 pwm=13 pc=2 hd=0 y=2.153 yr=0.294 L=2 R=2 OL=13 OR=13 el=15 er=15 ed=0 dl=15 dr=15 cl=0 cr=0 ok=189 fail=0 vofa=firewater rx=149 txdrop=0
1774961614.5892491,1774961614589249100,31414373209700,HB,42840,19576.0,1,2.02,0.004,16.0,16.0,0.0,12.0,14.0,1.0,3.0,16.0,16.0,0,0,,HB tick=42840 exp_id=181 t_ms=19576 run=1 spd=1 ts=20.000 as=16.000 ta=0.000 aa=1.246 se=4.000 so=1.789 ae=-1.246 ao=-0.464 pwm=13 pc=2 hd=-1 y=2.020 yr=0.004 L=1 R=3 OL=12 OR=14 el=16 er=16 ed=0 dl=16 dr=16 cl=0 cr=0 ok=190 fail=0 vofa=firewater rx=149 txdrop=0
1774961614.7873523,1774961614787352400,31414571314100,HB,43041,19776.0,1,2.093,0.131,15.0,16.0,-1.0,13.0,13.0,2.0,2.0,15.0,16.0,0,0,,HB tick=43041 exp_id=181 t_ms=19776 run=1 spd=1 ts=20.000 as=15.500 ta=0.000 aa=1.113 se=4.500 so=1.849 ae=-1.113 ao=-0.340 pwm=13 pc=2 hd=0 y=2.093 yr=0.131 L=2 R=2 OL=13 OR=13 el=15 er=16 ed=-1 dl=15 dr=16 cl=0 cr=0 ok=191 fail=0 vofa=firewater rx=149 txdrop=0
1774961615.0174525,1774961615017452500,31414801412700,HB,43262,19998.0,1,1.892,-0.233,15.0,14.0,1.0,13.0,13.0,2.0,2.0,15.0,14.0,0,0,,HB tick=43262 exp_id=181 t_ms=19998 run=1 spd=1 ts=20.000 as=14.500 ta=0.000 aa=1.187 se=5.500 so=1.962 ae=-1.187 ao=-0.399 pwm=13 pc=2 hd=0 y=1.892 yr=-0.233 L=2 R=2 OL=13 OR=13 el=15 er=14 ed=1 dl=15 dr=14 cl=0 cr=0 ok=192 fail=0 vofa=firewater rx=149 txdrop=0
1774961615.2361462,1774961615236146200,31415020106900,HB,43479,20215.0,1,1.993,0.012,16.0,16.0,0.0,12.0,14.0,1.0,3.0,16.0,16.0,0,0,,HB tick=43479 exp_id=181 t_ms=20215 run=1 spd=1 ts=20.000 as=16.000 ta=0.000 aa=0.985 se=4.000 so=1.824 ae=-0.985 ao=-0.234 pwm=13 pc=2 hd=-1 y=1.993 yr=0.012 L=1 R=3 OL=12 OR=14 el=16 er=16 ed=0 dl=16 dr=16 cl=0 cr=0 ok=193 fail=0 vofa=firewater rx=149 txdrop=0
1774961615.4339757,1774961615433975900,31415217935800,HB,43680,20416.0,1,2.049,0.105,16.0,16.0,0.0,12.0,14.0,1.0,3.0,16.0,16.0,0,0,,HB tick=43680 exp_id=181 t_ms=20416 run=1 spd=1 ts=20.000 as=16.000 ta=0.000 aa=1.086 se=4.000 so=1.835 ae=-1.086 ao=-0.338 pwm=13 pc=2 hd=-1 y=2.049 yr=0.105 L=1 R=3 OL=12 OR=14 el=16 er=16 ed=0 dl=16 dr=16 cl=0 cr=0 ok=194 fail=0 vofa=firewater rx=149 txdrop=0
1774961615.6642566,1774961615664256400,31415448217100,HB,43913,20649.0,1,2.102,0.148,15.0,15.0,0.0,12.0,14.0,1.0,3.0,15.0,15.0,0,0,,HB tick=43913 exp_id=181 t_ms=20649 run=1 spd=1 ts=20.000 as=15.000 ta=0.000 aa=1.142 se=5.000 so=1.948 ae=-1.142 ao=-0.382 pwm=13 pc=2 hd=-1 y=2.102 yr=0.148 L=1 R=3 OL=12 OR=14 el=15 er=15 ed=0 dl=15 dr=15 cl=0 cr=0 ok=195 fail=0 vofa=firewater rx=149 txdrop=0
1774961615.8616202,1774961615861620100,31415645580400,HB,44108,20844.0,1,2.168,0.214,15.0,15.0,0.0,12.0,14.0,1.0,3.0,15.0,15.0,0,0,,HB tick=44108 exp_id=181 t_ms=20844 run=1 spd=1 ts=20.000 as=15.000 ta=0.000 aa=1.195 se=5.000 so=1.959 ae=-1.195 ao=-0.409 pwm=13 pc=2 hd=-1 y=2.168 yr=0.214 L=1 R=3 OL=12 OR=14 el=15 er=15 ed=0 dl=15 dr=15 cl=0 cr=0 ok=196 fail=0 vofa=firewater rx=149 txdrop=0
1774961616.017739,1774961616017738900,31415801699300,HB,44270,21006.0,1,2.38,0.597,16.0,16.0,0.0,12.0,14.0,1.0,3.0,16.0,16.0,0,0,,HB tick=44270 exp_id=181 t_ms=21006 run=1 spd=1 ts=20.000 as=16.000 ta=0.000 aa=1.261 se=4.000 so=1.868 ae=-1.261 ao=-0.446 pwm=13 pc=2 hd=-1 y=2.380 yr=0.597 L=1 R=3 OL=12 OR=14 el=16 er=16 ed=0 dl=16 dr=16 cl=0 cr=0 ok=197 fail=0 vofa=firewater rx=149 txdrop=0
1774961616.2675276,1774961616267527600,31416051488600,HB,44519,21255.0,1,1.996,-0.151,15.0,15.0,0.0,13.0,13.0,2.0,2.0,15.0,15.0,0,0,,HB tick=44519 exp_id=181 t_ms=21255 run=1 spd=1 ts=20.000 as=15.000 ta=0.000 aa=1.473 se=5.000 so=1.980 ae=-1.473 ao=-0.620 pwm=13 pc=2 hd=0 y=1.996 yr=-0.151 L=2 R=2 OL=13 OR=13 el=15 er=15 ed=0 dl=15 dr=15 cl=0 cr=0 ok=198 fail=0 vofa=firewater rx=149 txdrop=0
1774961616.4656165,1774961616465616500,31416249576400,HB,44720,21456.0,1,1.854,-0.346,16.0,15.0,1.0,12.0,14.0,1.0,3.0,16.0,15.0,0,0,,HB tick=44720 exp_id=181 t_ms=21456 run=1 spd=1 ts=20.000 as=15.500 ta=0.000 aa=1.089 se=4.500 so=1.943 ae=-1.089 ao=-0.289 pwm=13 pc=2 hd=-1 y=1.854 yr=-0.346 L=1 R=3 OL=12 OR=14 el=16 er=15 ed=1 dl=16 dr=15 cl=0 cr=0 ok=199 fail=0 vofa=firewater rx=149 txdrop=0
1774961616.694392,1774961616694392000,31416478352500,HB,44941,21677.0,1,1.995,-0.001,16.0,15.0,1.0,13.0,13.0,2.0,2.0,16.0,15.0,0,0,,HB tick=44941 exp_id=181 t_ms=21677 run=1 spd=1 ts=20.000 as=15.500 ta=0.000 aa=0.947 se=4.500 so=1.954 ae=-0.947 ao=-0.194 pwm=13 pc=2 hd=0 y=1.995 yr=-0.001 L=2 R=2 OL=13 OR=13 el=16 er=15 ed=1 dl=16 dr=15 cl=0 cr=0 ok=200 fail=0 vofa=firewater rx=149 txdrop=0
1774961616.9114292,1774961616911429100,31416695389700,HB,45158,21894.0,1,1.963,-0.052,15.0,16.0,-1.0,13.0,13.0,2.0,2.0,15.0,16.0,0,0,,HB tick=45158 exp_id=181 t_ms=21894 run=1 spd=1 ts=20.000 as=15.500 ta=0.000 aa=1.088 se=4.500 so=1.964 ae=-1.088 ao=-0.338 pwm=13 pc=2 hd=0 y=1.963 yr=-0.052 L=2 R=2 OL=13 OR=13 el=15 er=16 ed=-1 dl=15 dr=16 cl=0 cr=0 ok=201 fail=0 vofa=firewater rx=149 txdrop=0
1774961617.1096902,1774961617109690000,31416893652000,HB,45360,22095.0,1,1.738,-0.427,16.0,14.0,2.0,13.0,13.0,2.0,2.0,16.0,14.0,0,0,,HB tick=45360 exp_id=181 t_ms=22095 run=1 spd=1 ts=20.000 as=15.000 ta=0.000 aa=1.057 se=5.000 so=2.025 ae=-1.057 ao=-0.315 pwm=13 pc=2 hd=0 y=1.738 yr=-0.427 L=2 R=2 OL=13 OR=13 el=16 er=14 ed=2 dl=16 dr=14 cl=0 cr=0 ok=202 fail=0 vofa=firewater rx=149 txdrop=0
1774961617.3202615,1774961617320261400,31417104221500,HB,45565,22301.0,1,1.696,-0.348,16.0,16.0,0.0,12.0,14.0,1.0,3.0,16.0,16.0,0,0,,HB tick=45565 exp_id=181 t_ms=22301 run=1 spd=1 ts=20.000 as=16.000 ta=0.000 aa=0.831 se=4.000 so=1.936 ae=-0.831 ao=-0.141 pwm=13 pc=2 hd=-1 y=1.696 yr=-0.348 L=1 R=3 OL=12 OR=14 el=16 er=16 ed=0 dl=16 dr=16 cl=0 cr=0 ok=203 fail=0 vofa=firewater rx=149 txdrop=0
1774961617.517475,1774961617517474900,31417301435100,HB,45769,22505.0,1,1.75,-0.133,16.0,15.0,1.0,13.0,13.0,2.0,2.0,16.0,15.0,0,0,,HB tick=45769 exp_id=181 t_ms=22505 run=1 spd=1 ts=20.000 as=15.500 ta=0.000 aa=0.789 se=4.500 so=1.997 ae=-0.789 ao=-0.157 pwm=13 pc=2 hd=0 y=1.750 yr=-0.133 L=2 R=2 OL=13 OR=13 el=16 er=15 ed=1 dl=16 dr=15 cl=0 cr=0 ok=204 fail=0 vofa=firewater rx=149 txdrop=0
1774961617.754555,1774961617754554800,31417538515400,HB,45996,22732.0,1,1.453,-0.545,15.0,15.0,0.0,12.0,14.0,1.0,3.0,15.0,15.0,0,0,,HB tick=45996 exp_id=181 t_ms=22732 run=1 spd=1 ts=20.000 as=15.000 ta=0.000 aa=0.843 se=5.000 so=2.060 ae=-0.843 ao=-0.239 pwm=13 pc=2 hd=-1 y=1.453 yr=-0.545 L=1 R=3 OL=12 OR=14 el=15 er=15 ed=0 dl=15 dr=15 cl=0 cr=0 ok=205 fail=0 vofa=firewater rx=149 txdrop=0
1774961617.962395,1774961617962394900,31417746355100,HB,46213,22949.0,1,1.751,0.128,16.0,15.0,1.0,13.0,13.0,2.0,2.0,16.0,15.0,0,0,,HB tick=46213 exp_id=181 t_ms=22949 run=1 spd=1 ts=20.000 as=15.500 ta=0.000 aa=0.546 se=4.500 so=2.023 ae=-0.546 ao=-0.036 pwm=13 pc=2 hd=0 y=1.751 yr=0.128 L=2 R=2 OL=13 OR=13 el=16 er=15 ed=1 dl=16 dr=15 cl=0 cr=0 ok=206 fail=0 vofa=firewater rx=149 txdrop=0
1774961618.1181958,1774961618118195800,31417902155900,HB,46369,23105.0,1,1.778,0.145,16.0,15.0,1.0,13.0,13.0,2.0,2.0,16.0,15.0,0,0,,HB tick=46369 exp_id=181 t_ms=23105 run=1 spd=1 ts=20.000 as=15.500 ta=0.000 aa=0.844 se=4.500 so=2.031 ae=-0.844 ao=-0.323 pwm=13 pc=2 hd=0 y=1.778 yr=0.145 L=2 R=2 OL=13 OR=13 el=16 er=15 ed=1 dl=16 dr=15 cl=0 cr=0 ok=207 fail=0 vofa=firewater rx=149 txdrop=0
1774961618.367901,1774961618367901300,31418151861700,HB,46618,23354.0,1,1.636,-0.106,15.0,15.0,0.0,12.0,14.0,1.0,3.0,15.0,15.0,0,0,,HB tick=46618 exp_id=181 t_ms=23354 run=1 spd=1 ts=20.000 as=15.000 ta=0.000 aa=0.872 se=5.000 so=2.095 ae=-0.872 ao=-0.336 pwm=13 pc=2 hd=-1 y=1.636 yr=-0.106 L=1 R=3 OL=12 OR=14 el=15 er=15 ed=0 dl=15 dr=15 cl=0 cr=0 ok=208 fail=0 vofa=firewater rx=149 txdrop=0
1774961618.5724208,1774961618572420800,31418356380800,HB,46819,23555.0,1,1.556,-0.208,15.0,15.0,0.0,12.0,14.0,1.0,3.0,15.0,15.0,0,0,,HB tick=46819 exp_id=181 t_ms=23555 run=1 spd=1 ts=20.000 as=15.000 ta=0.000 aa=0.729 se=5.000 so=2.108 ae=-0.729 ao=-0.222 pwm=13 pc=2 hd=-1 y=1.556 yr=-0.208 L=1 R=3 OL=12 OR=14 el=15 er=15 ed=0 dl=15 dr=15 cl=0 cr=0 ok=209 fail=0 vofa=firewater rx=149 txdrop=0
1774961618.7903316,1774961618790331600,31418574292000,HB,47041,23777.0,1,1.768,0.198,15.0,16.0,-1.0,13.0,13.0,2.0,2.0,15.0,16.0,0,0,,HB tick=47041 exp_id=181 t_ms=23777 run=1 spd=1 ts=20.000 as=15.500 ta=0.000 aa=0.649 se=4.500 so=2.071 ae=-0.649 ao=-0.170 pwm=13 pc=2 hd=0 y=1.768 yr=0.198 L=2 R=2 OL=13 OR=13 el=15 er=16 ed=-1 dl=15 dr=16 cl=0 cr=0 ok=210 fail=0 vofa=firewater rx=149 txdrop=0
1774961619.0080585,1774961619008058500,31418792018900,HB,47258,23994.0,1,1.609,-0.127,14.0,15.0,-1.0,13.0,13.0,2.0,2.0,14.0,15.0,0,0,,HB tick=47258 exp_id=181 t_ms=23994 run=1 spd=1 ts=20.000 as=14.500 ta=0.000 aa=0.861 se=5.500 so=2.183 ae=-0.861 ao=-0.351 pwm=13 pc=2 hd=0 y=1.609 yr=-0.127 L=2 R=2 OL=13 OR=13 el=14 er=15 ed=-1 dl=14 dr=15 cl=0 cr=0 ok=211 fail=0 vofa=firewater rx=149 txdrop=0
1774961619.1642497,1774961619164249700,31418948210300,HB,47414,24150.0,1,1.568,-0.174,16.0,15.0,1.0,13.0,13.0,2.0,2.0,16.0,15.0,0,0,,HB tick=47414 exp_id=181 t_ms=24150 run=1 spd=1 ts=20.000 as=15.500 ta=0.000 aa=0.702 se=4.500 so=2.093 ae=-0.702 ao=-0.210 pwm=13 pc=2 hd=0 y=1.568 yr=-0.174 L=2 R=2 OL=13 OR=13 el=16 er=15 ed=1 dl=16 dr=15 cl=0 cr=0 ok=212 fail=0 vofa=firewater rx=149 txdrop=0
1774961619.3918629,1774961619391862800,31419175822700,HB,47647,24383.0,1,1.469,-0.262,16.0,16.0,0.0,13.0,13.0,2.0,2.0,16.0,16.0,0,0,,HB tick=47647 exp_id=181 t_ms=24383 run=1 spd=1 ts=20.000 as=16.000 ta=0.000 aa=0.661 se=4.000 so=2.057 ae=-0.661 ao=-0.185 pwm=13 pc=2 hd=0 y=1.469 yr=-0.262 L=2 R=2 OL=13 OR=13 el=16 er=16 ed=0 dl=16 dr=16 cl=0 cr=0 ok=213 fail=0 vofa=firewater rx=149 txdrop=0
1774961619.557769,1774961619557769000,31419341729000,HB,47808,24544.0,1,1.673,0.273,16.0,15.0,1.0,13.0,13.0,2.0,2.0,16.0,15.0,0,0,,HB tick=47808 exp_id=181 t_ms=24544 run=1 spd=1 ts=20.000 as=15.500 ta=0.000 aa=0.562 se=4.500 so=2.115 ae=-0.562 ao=-0.133 pwm=13 pc=2 hd=0 y=1.673 yr=0.273 L=2 R=2 OL=13 OR=13 el=16 er=15 ed=1 dl=16 dr=15 cl=0 cr=0 ok=214 fail=0 vofa=firewater rx=149 txdrop=0
1774961619.807072,1774961619807072000,31419591033100,HB,48058,24793.0,1,1.688,0.198,15.0,14.0,1.0,13.0,13.0,2.0,2.0,15.0,14.0,0,0,,HB tick=48058 exp_id=181 t_ms=24793 run=1 spd=1 ts=20.000 as=14.500 ta=0.000 aa=0.766 se=5.500 so=2.230 ae=-0.766 ao=-0.354 pwm=13 pc=2 hd=0 y=1.688 yr=0.198 L=2 R=2 OL=13 OR=13 el=15 er=14 ed=1 dl=15 dr=14 cl=0 cr=0 ok=215 fail=0 vofa=firewater rx=149 txdrop=0
1774961620.025789,1774961620025788800,31419809749100,HB,48275,25011.0,1,1.883,0.444,15.0,16.0,-1.0,12.0,14.0,1.0,3.0,15.0,16.0,0,0,,HB tick=48275 exp_id=181 t_ms=25011 run=1 spd=1 ts=20.000 as=15.500 ta=0.000 aa=0.781 se=4.500 so=2.143 ae=-0.781 ao=-0.334 pwm=13 pc=2 hd=-1 y=1.883 yr=0.444 L=1 R=3 OL=12 OR=14 el=15 er=16 ed=-1 dl=15 dr=16 cl=0 cr=0 ok=216 fail=0 vofa=firewater rx=149 txdrop=0
1774961620.2441154,1774961620244115400,31420028076600,HB,48491,25227.0,1,1.976,0.438,16.0,16.0,0.0,13.0,13.0,2.0,2.0,16.0,16.0,0,0,,HB tick=48491 exp_id=181 t_ms=25227 run=1 spd=1 ts=20.000 as=16.000 ta=0.000 aa=0.977 se=4.000 so=2.105 ae=-0.977 ao=-0.460 pwm=13 pc=2 hd=0 y=1.976 yr=0.438 L=2 R=2 OL=13 OR=13 el=16 er=16 ed=0 dl=16 dr=16 cl=0 cr=0 ok=217 fail=0 vofa=firewater rx=149 txdrop=0
1774961620.4007869,1774961620400787000,31420184748600,HB,48648,25384.0,1,1.99,0.315,15.0,15.0,0.0,12.0,14.0,1.0,3.0,15.0,15.0,0,0,,HB tick=48648 exp_id=181 t_ms=25384 run=1 spd=1 ts=20.000 as=15.000 ta=0.000 aa=1.069 se=5.000 so=2.213 ae=-1.069 ao=-0.481 pwm=13 pc=2 hd=-1 y=1.990 yr=0.315 L=1 R=3 OL=12 OR=14 el=15 er=15 ed=0 dl=15 dr=15 cl=0 cr=0 ok=218 fail=0 vofa=firewater rx=149 txdrop=0
1774961620.6300993,1774961620630099200,31420414059600,HB,48881,25617.0,1,1.87,0.025,15.0,15.0,0.0,13.0,13.0,2.0,2.0,15.0,15.0,0,0,,HB tick=48881 exp_id=181 t_ms=25617 run=1 spd=1 ts=20.000 as=15.000 ta=0.000 aa=1.083 se=5.000 so=2.228 ae=-1.083 ao=-0.445 pwm=13 pc=2 hd=0 y=1.870 yr=0.025 L=2 R=2 OL=13 OR=13 el=15 er=15 ed=0 dl=15 dr=15 cl=0 cr=0 ok=219 fail=0 vofa=firewater rx=149 txdrop=0
1774961620.8391466,1774961620839146600,31420623108000,HB,49086,25822.0,1,1.866,0.009,15.0,15.0,0.0,13.0,13.0,2.0,2.0,15.0,15.0,0,0,,HB tick=49086 exp_id=181 t_ms=25822 run=1 spd=1 ts=20.000 as=15.000 ta=0.000 aa=0.963 se=5.000 so=2.239 ae=-0.963 ao=-0.324 pwm=13 pc=2 hd=0 y=1.866 yr=0.009 L=2 R=2 OL=13 OR=13 el=15 er=15 ed=0 dl=15 dr=15 cl=0 cr=0 ok=220 fail=0 vofa=firewater rx=149 txdrop=0
1774961621.0567927,1774961621056792900,31420840753400,HB,49311,26047.0,1,1.9,0.059,16.0,15.0,1.0,13.0,13.0,2.0,2.0,16.0,15.0,0,0,,HB tick=49311 exp_id=181 t_ms=26047 run=1 spd=1 ts=20.000 as=15.500 ta=0.000 aa=0.959 se=4.500 so=2.201 ae=-0.959 ao=-0.319 pwm=13 pc=2 hd=0 y=1.900 yr=0.059 L=2 R=2 OL=13 OR=13 el=16 er=15 ed=1 dl=16 dr=15 cl=0 cr=0 ok=221 fail=0 vofa=firewater rx=149 txdrop=0
1774961621.212487,1774961621212486800,31420996446900,HB,49468,26204.0,1,1.809,-0.164,15.0,15.0,0.0,13.0,13.0,2.0,2.0,15.0,15.0,0,0,,HB tick=49468 exp_id=181 t_ms=26204 run=1 spd=1 ts=20.000 as=15.000 ta=0.000 aa=0.993 se=5.000 so=2.261 ae=-0.993 ao=-0.343 pwm=13 pc=2 hd=0 y=1.809 yr=-0.164 L=2 R=2 OL=13 OR=13 el=15 er=15 ed=0 dl=15 dr=15 cl=0 cr=0 ok=222 fail=0 vofa=firewater rx=149 txdrop=0
1774961621.4518433,1774961621451843400,31421235803800,HB,49701,26437.0,1,1.84,-0.06,16.0,15.0,1.0,13.0,13.0,2.0,2.0,16.0,15.0,0,0,,HB tick=49701 exp_id=181 t_ms=26437 run=1 spd=1 ts=20.000 as=15.500 ta=0.000 aa=0.902 se=4.500 so=2.225 ae=-0.902 ao=-0.250 pwm=13 pc=2 hd=0 y=1.840 yr=-0.060 L=2 R=2 OL=13 OR=13 el=16 er=15 ed=1 dl=16 dr=15 cl=0 cr=0 ok=223 fail=0 vofa=firewater rx=149 txdrop=0
1774961621.649988,1774961621649987900,31421433948200,HB,49906,26642.0,1,2.028,0.281,16.0,15.0,1.0,12.0,14.0,1.0,3.0,16.0,15.0,0,0,,HB tick=49906 exp_id=181 t_ms=26642 run=1 spd=1 ts=20.000 as=15.500 ta=0.000 aa=0.933 se=4.500 so=2.236 ae=-0.933 ao=-0.292 pwm=13 pc=2 hd=-1 y=2.028 yr=0.281 L=1 R=3 OL=12 OR=14 el=16 er=15 ed=1 dl=16 dr=15 cl=0 cr=0 ok=224 fail=0 vofa=firewater rx=149 txdrop=0
1774961621.8158634,1774961621815863300,31421599823300,HB,50067,26803.0,1,2.206,0.571,15.0,15.0,0.0,12.0,14.0,1.0,3.0,15.0,15.0,0,0,,HB tick=50067 exp_id=181 t_ms=26803 run=1 spd=1 ts=20.000 as=15.000 ta=0.000 aa=1.121 se=5.000 so=2.295 ae=-1.121 ao=-0.446 pwm=13 pc=2 hd=-1 y=2.206 yr=0.571 L=1 R=3 OL=12 OR=14 el=15 er=15 ed=0 dl=15 dr=15 cl=0 cr=0 ok=225 fail=0 vofa=firewater rx=149 txdrop=0
1774961622.0452685,1774961622045268600,31421829229200,HB,50300,27036.0,1,2.016,0.085,15.0,14.0,1.0,12.0,14.0,1.0,3.0,15.0,14.0,0,0,,HB tick=50300 exp_id=181 t_ms=27036 run=1 spd=1 ts=20.000 as=14.500 ta=0.000 aa=1.299 se=5.500 so=2.361 ae=-1.299 ao=-0.583 pwm=13 pc=2 hd=-1 y=2.016 yr=0.085 L=1 R=3 OL=12 OR=14 el=15 er=14 ed=1 dl=15 dr=14 cl=0 cr=0 ok=226 fail=0 vofa=firewater rx=149 txdrop=0
1774961622.2746682,1774961622274668400,31422058628500,HB,50521,27257.0,1,2.038,0.09,16.0,15.0,1.0,13.0,13.0,2.0,2.0,16.0,15.0,0,0,,HB tick=50521 exp_id=181 t_ms=27257 run=1 spd=1 ts=20.000 as=15.500 ta=0.000 aa=1.109 se=4.500 so=2.274 ae=-1.109 ao=-0.382 pwm=13 pc=2 hd=0 y=2.038 yr=0.090 L=2 R=2 OL=13 OR=13 el=16 er=15 ed=1 dl=16 dr=15 cl=0 cr=0 ok=227 fail=0 vofa=firewater rx=149 txdrop=0
1774961622.4291565,1774961622429156500,31422213116900,HB,50677,27413.0,1,2.038,0.059,14.0,15.0,-1.0,13.0,13.0,2.0,2.0,14.0,15.0,0,0,,HB tick=50677 exp_id=181 t_ms=27413 run=1 spd=1 ts=20.000 as=14.500 ta=0.000 aa=1.131 se=5.500 so=2.382 ae=-1.131 ao=-0.389 pwm=13 pc=2 hd=0 y=2.038 yr=0.059 L=2 R=2 OL=13 OR=13 el=14 er=15 ed=-1 dl=14 dr=15 cl=0 cr=0 ok=228 fail=0 vofa=firewater rx=149 txdrop=0
1774961622.6586545,1774961622658654500,31422442614500,HB,50910,27646.0,1,1.9,-0.169,15.0,14.0,1.0,13.0,13.0,2.0,2.0,15.0,14.0,0,0,,HB tick=50910 exp_id=181 t_ms=27646 run=1 spd=1 ts=20.000 as=14.500 ta=0.000 aa=1.131 se=5.500 so=2.397 ae=-1.131 ao=-0.380 pwm=13 pc=2 hd=0 y=1.900 yr=-0.169 L=2 R=2 OL=13 OR=13 el=15 er=14 ed=1 dl=15 dr=14 cl=0 cr=0 ok=229 fail=0 vofa=firewater rx=149 txdrop=0
1774961622.8250742,1774961622825074100,31422609034200,HB,51075,27811.0,1,1.696,-0.543,14.0,15.0,-1.0,13.0,13.0,2.0,2.0,14.0,15.0,0,0,,HB tick=51075 exp_id=181 t_ms=27811 run=1 spd=1 ts=20.000 as=14.500 ta=0.000 aa=0.993 se=5.500 so=2.407 ae=-0.993 ao=-0.274 pwm=13 pc=2 hd=0 y=1.696 yr=-0.543 L=2 R=2 OL=13 OR=13 el=14 er=15 ed=-1 dl=14 dr=15 cl=0 cr=0 ok=230 fail=0 vofa=firewater rx=149 txdrop=0
1774961623.074261,1774961623074261000,31422858220900,HB,51324,28060.0,1,1.983,0.05,16.0,16.0,0.0,13.0,13.0,2.0,2.0,16.0,16.0,0,0,,HB tick=51324 exp_id=181 t_ms=28060 run=1 spd=1 ts=20.000 as=16.000 ta=0.000 aa=0.789 se=4.000 so=2.270 ae=-0.789 ao=-0.106 pwm=13 pc=2 hd=0 y=1.983 yr=0.050 L=2 R=2 OL=13 OR=13 el=16 er=16 ed=0 dl=16 dr=16 cl=0 cr=0 ok=231 fail=0 vofa=firewater rx=149 txdrop=0
1774961623.2928581,1774961623292858000,31423076818700,HB,51541,28277.0,1,1.736,-0.365,15.0,15.0,0.0,13.0,13.0,2.0,2.0,15.0,15.0,0,0,,HB tick=51541 exp_id=181 t_ms=28277 run=1 spd=1 ts=20.000 as=15.000 ta=0.000 aa=1.076 se=5.000 so=2.384 ae=-1.076 ao=-0.365 pwm=13 pc=2 hd=0 y=1.736 yr=-0.365 L=2 R=2 OL=13 OR=13 el=15 er=15 ed=0 dl=15 dr=15 cl=0 cr=0 ok=232 fail=0 vofa=firewater rx=149 txdrop=0
1774961623.4487782,1774961623448778200,31423232738400,HB,51697,28433.0,1,1.686,-0.349,15.0,15.0,0.0,13.0,13.0,2.0,2.0,15.0,15.0,0,0,,HB tick=51697 exp_id=181 t_ms=28433 run=1 spd=1 ts=20.000 as=15.000 ta=0.000 aa=0.829 se=5.000 so=2.393 ae=-0.829 ao=-0.173 pwm=13 pc=2 hd=0 y=1.686 yr=-0.349 L=2 R=2 OL=13 OR=13 el=15 er=15 ed=0 dl=15 dr=15 cl=0 cr=0 ok=233 fail=0 vofa=firewater rx=149 txdrop=0
1774961623.637119,1774961623637119000,31423421079400,HB,51886,28622.0,1,1.7,-0.201,15.0,16.0,-1.0,13.0,13.0,2.0,2.0,15.0,16.0,0,0,,HB tick=51886 exp_id=181 t_ms=28622 run=1 spd=1 ts=20.000 as=15.500 ta=0.000 aa=0.779 se=4.500 so=2.354 ae=-0.779 ao=-0.167 pwm=13 pc=2 hd=0 y=1.700 yr=-0.201 L=2 R=2 OL=13 OR=13 el=15 er=16 ed=-1 dl=15 dr=16 cl=0 cr=0 ok=234 fail=0 vofa=firewater rx=149 txdrop=0
1774961623.8865902,1774961623886590100,31423670550500,HB,52135,28871.0,1,2.083,0.407,15.0,15.0,0.0,13.0,13.0,2.0,2.0,15.0,15.0,0,0,,HB tick=52135 exp_id=181 t_ms=28871 run=1 spd=1 ts=20.000 as=15.000 ta=0.000 aa=0.793 se=5.000 so=2.417 ae=-0.793 ao=-0.218 pwm=13 pc=2 hd=0 y=2.083 yr=0.407 L=2 R=2 OL=13 OR=13 el=15 er=15 ed=0 dl=15 dr=15 cl=0 cr=0 ok=235 fail=0 vofa=firewater rx=149 txdrop=0
1774961624.103967,1774961624103967000,31423887926900,HB,52353,29089.0,1,1.933,0.024,15.0,14.0,1.0,13.0,13.0,2.0,2.0,15.0,14.0,0,0,,HB tick=52353 exp_id=181 t_ms=29089 run=1 spd=1 ts=20.000 as=14.500 ta=0.000 aa=1.176 se=5.500 so=2.481 ae=-1.176 ao=-0.506 pwm=13 pc=2 hd=0 y=1.933 yr=0.024 L=2 R=2 OL=13 OR=13 el=15 er=14 ed=1 dl=15 dr=14 cl=0 cr=0 ok=236 fail=0 vofa=firewater rx=149 txdrop=0
1774961624.3030233,1774961624303023400,31424086983900,HB,52553,29289.0,1,1.984,0.103,15.0,15.0,0.0,12.0,14.0,1.0,3.0,15.0,15.0,0,0,,HB tick=52553 exp_id=181 t_ms=29289 run=1 spd=1 ts=20.000 as=15.000 ta=0.000 aa=1.027 se=5.000 so=2.443 ae=-1.027 ao=-0.347 pwm=13 pc=2 hd=-1 y=1.984 yr=0.103 L=1 R=3 OL=12 OR=14 el=15 er=15 ed=0 dl=15 dr=15 cl=0 cr=0 ok=237 fail=0 vofa=firewater rx=149 txdrop=0
1774961624.5211682,1774961624521168200,31424305128700,HB,52773,29509.0,1,2.053,0.177,14.0,15.0,-1.0,13.0,15.0,2.0,4.0,14.0,15.0,0,0,,HB tick=52773 exp_id=181 t_ms=29509 run=1 spd=1 ts=20.000 as=14.500 ta=0.000 aa=1.077 se=5.500 so=2.505 ae=-1.077 ao=-0.385 pwm=14 pc=3 hd=-1 y=2.053 yr=0.177 L=2 R=4 OL=13 OR=15 el=14 er=15 ed=-1 dl=14 dr=15 cl=0 cr=0 ok=238 fail=0 vofa=firewater rx=149 txdrop=0
1774961624.7195175,1774961624719517400,31424503478000,HB,52974,29710.0,1,2.034,0.081,15.0,15.0,0.0,12.0,14.0,1.0,3.0,15.0,15.0,0,0,,HB tick=52974 exp_id=181 t_ms=29710 run=1 spd=1 ts=20.000 as=15.000 ta=0.000 aa=1.146 se=5.000 so=2.467 ae=-1.146 ao=-0.426 pwm=13 pc=2 hd=-1 y=2.034 yr=0.081 L=1 R=3 OL=12 OR=14 el=15 er=15 ed=0 dl=15 dr=15 cl=0 cr=0 ok=239 fail=0 vofa=firewater rx=149 txdrop=0
1774961624.948344,1774961624948344100,31424732304200,HB,53195,29931.0,1,1.963,-0.058,16.0,15.0,1.0,12.0,14.0,1.0,3.0,16.0,15.0,0,0,,HB tick=53195 exp_id=181 t_ms=29931 run=1 spd=1 ts=20.000 as=15.500 ta=0.000 aa=1.127 se=4.500 so=2.430 ae=-1.127 ao=-0.392 pwm=13 pc=2 hd=-1 y=1.963 yr=-0.058 L=1 R=3 OL=12 OR=14 el=16 er=15 ed=1 dl=16 dr=15 cl=0 cr=0 ok=240 fail=0 vofa=firewater rx=149 txdrop=0
1774961625.1461024,1774961625146102600,31424930062700,HB,53396,30132.0,1,2.0,0.027,15.0,16.0,-1.0,13.0,13.0,2.0,2.0,15.0,16.0,0,0,,HB tick=53396 exp_id=181 t_ms=30132 run=1 spd=1 ts=20.000 as=15.500 ta=0.000 aa=1.056 se=4.500 so=2.441 ae=-1.056 ao=-0.330 pwm=13 pc=2 hd=0 y=2.000 yr=0.027 L=2 R=2 OL=13 OR=13 el=15 er=16 ed=-1 dl=15 dr=16 cl=0 cr=0 ok=241 fail=0 vofa=firewater rx=149 txdrop=0
1774961625.312556,1774961625312556100,31425096516500,HB,53557,30293.0,1,1.912,-0.174,15.0,15.0,0.0,12.0,14.0,1.0,3.0,15.0,15.0,0,0,,HB tick=53557 exp_id=181 t_ms=30293 run=1 spd=1 ts=20.000 as=15.000 ta=0.000 aa=1.094 se=5.000 so=2.500 ae=-1.094 ao=-0.367 pwm=13 pc=2 hd=-1 y=1.912 yr=-0.174 L=1 R=3 OL=12 OR=14 el=15 er=15 ed=0 dl=15 dr=15 cl=0 cr=0 ok=242 fail=0 vofa=firewater rx=149 txdrop=0
1774961625.4995692,1774961625499569200,31425283529200,HB,53746,30482.0,1,1.925,-0.089,15.0,15.0,0.0,13.0,15.0,2.0,4.0,15.0,15.0,0,0,,HB tick=53746 exp_id=181 t_ms=30482 run=1 spd=1 ts=20.000 as=15.000 ta=0.000 aa=1.005 se=5.000 so=2.511 ae=-1.005 ao=-0.282 pwm=14 pc=3 hd=-1 y=1.925 yr=-0.089 L=2 R=4 OL=13 OR=15 el=15 er=15 ed=0 dl=15 dr=15 cl=0 cr=0 ok=243 fail=0 vofa=firewater rx=149 txdrop=0
1774961625.6863732,1774961625686373100,31425470333100,HB,53935,30671.0,1,1.846,-0.205,15.0,16.0,-1.0,12.0,14.0,1.0,3.0,15.0,16.0,0,0,,HB tick=53935 exp_id=181 t_ms=30671 run=1 spd=1 ts=20.000 as=15.500 ta=0.000 aa=1.018 se=4.500 so=2.471 ae=-1.018 ao=-0.313 pwm=13 pc=2 hd=-1 y=1.846 yr=-0.205 L=1 R=3 OL=12 OR=14 el=15 er=16 ed=-1 dl=15 dr=16 cl=0 cr=0 ok=244 fail=0 vofa=firewater rx=149 txdrop=0
1774961625.9362888,1774961625936288700,31425720248900,HB,54188,30924.0,1,2.016,0.103,15.0,16.0,-1.0,13.0,13.0,2.0,2.0,15.0,16.0,0,0,,HB tick=54188 exp_id=181 t_ms=30924 run=1 spd=1 ts=20.000 as=15.500 ta=0.000 aa=0.939 se=4.500 so=2.484 ae=-0.939 ao=-0.257 pwm=13 pc=2 hd=0 y=2.016 yr=0.103 L=2 R=2 OL=13 OR=13 el=15 er=16 ed=-1 dl=15 dr=16 cl=0 cr=0 ok=245 fail=0 vofa=firewater rx=149 txdrop=0
1774961626.1346853,1774961626134685200,31425918645500,HB,54383,31119.0,1,1.956,-0.042,15.0,16.0,-1.0,13.0,13.0,2.0,2.0,15.0,16.0,0,0,,HB tick=54383 exp_id=181 t_ms=31119 run=1 spd=1 ts=20.000 as=15.500 ta=0.000 aa=1.109 se=4.500 so=2.495 ae=-1.109 ao=-0.397 pwm=13 pc=2 hd=0 y=1.956 yr=-0.042 L=2 R=2 OL=13 OR=13 el=15 er=16 ed=-1 dl=15 dr=16 cl=0 cr=0 ok=246 fail=0 vofa=firewater rx=149 txdrop=0
1774961626.2902546,1774961626290254700,31426074215700,HB,54544,31280.0,1,1.931,-0.082,15.0,16.0,-1.0,14.0,14.0,3.0,3.0,15.0,16.0,0,0,,HB tick=54544 exp_id=181 t_ms=31280 run=1 spd=1 ts=20.000 as=15.500 ta=0.000 aa=1.049 se=4.500 so=2.504 ae=-1.049 ao=-0.337 pwm=14 pc=3 hd=0 y=1.931 yr=-0.082 L=3 R=3 OL=14 OR=14 el=15 er=16 ed=-1 dl=15 dr=16 cl=0 cr=0 ok=247 fail=0 vofa=firewater rx=149 txdrop=0
1774961626.5409818,1774961626540981800,31426324942400,HB,54794,31530.0,1,2.11,0.197,16.0,16.0,0.0,13.0,13.0,2.0,2.0,16.0,16.0,0,0,,HB tick=54794 exp_id=181 t_ms=31530 run=1 spd=1 ts=20.000 as=16.000 ta=0.000 aa=1.024 se=4.000 so=2.466 ae=-1.024 ao=-0.319 pwm=13 pc=2 hd=0 y=2.110 yr=0.197 L=2 R=2 OL=13 OR=13 el=16 er=16 ed=0 dl=16 dr=16 cl=0 cr=0 ok=248 fail=0 vofa=firewater rx=149 txdrop=0
1774961626.746877,1774961626746877000,31426530837100,HB,54995,31731.0,1,2.038,0.003,16.0,16.0,0.0,12.0,14.0,1.0,3.0,16.0,16.0,0,0,,HB tick=54995 exp_id=181 t_ms=31731 run=1 spd=1 ts=20.000 as=16.000 ta=0.000 aa=1.203 se=4.000 so=2.476 ae=-1.203 ao=-0.452 pwm=13 pc=2 hd=-1 y=2.038 yr=0.003 L=1 R=3 OL=12 OR=14 el=16 er=16 ed=0 dl=16 dr=16 cl=0 cr=0 ok=249 fail=0 vofa=firewater rx=149 txdrop=0
1774961626.9033642,1774961626903364000,31426687325700,HB,55156,31891.0,1,1.928,-0.238,16.0,16.0,0.0,12.0,14.0,1.0,3.0,16.0,16.0,0,0,,HB tick=55156 exp_id=181 t_ms=31891 run=1 spd=1 ts=20.000 as=16.000 ta=0.000 aa=1.131 se=4.000 so=2.484 ae=-1.131 ao=-0.372 pwm=13 pc=2 hd=-1 y=1.928 yr=-0.238 L=1 R=3 OL=12 OR=14 el=16 er=16 ed=0 dl=16 dr=16 cl=0 cr=0 ok=250 fail=0 vofa=firewater rx=149 txdrop=0
1774961627.0906115,1774961627090611500,31426874572200,HB,55344,32080.0,1,1.915,-0.178,17.0,16.0,1.0,13.0,13.0,2.0,2.0,17.0,16.0,0,0,,HB tick=55344 exp_id=181 t_ms=32080 run=1 spd=1 ts=20.000 as=16.500 ta=0.000 aa=1.021 se=3.500 so=2.444 ae=-1.021 ao=-0.270 pwm=13 pc=2 hd=0 y=1.915 yr=-0.178 L=2 R=2 OL=13 OR=13 el=17 er=16 ed=1 dl=17 dr=16 cl=0 cr=0 ok=251 fail=0 vofa=firewater rx=149 txdrop=0
1774961627.3407683,1774961627340768300,31427124728500,HB,55594,32330.0,1,1.608,-0.546,16.0,15.0,1.0,14.0,14.0,3.0,3.0,16.0,15.0,0,0,,HB tick=55594 exp_id=181 t_ms=32330 run=1 spd=1 ts=20.000 as=15.500 ta=0.000 aa=1.008 se=4.500 so=2.556 ae=-1.008 ao=-0.286 pwm=14 pc=3 hd=0 y=1.608 yr=-0.546 L=3 R=3 OL=14 OR=14 el=16 er=15 ed=1 dl=16 dr=15 cl=0 cr=0 ok=252 fail=0 vofa=firewater rx=149 txdrop=0
1774961627.4965796,1774961627496579500,31427280539600,HB,55750,32486.0,1,1.581,-0.416,16.0,16.0,0.0,14.0,14.0,3.0,3.0,16.0,16.0,0,0,,HB tick=55750 exp_id=181 t_ms=32486 run=1 spd=1 ts=20.000 as=16.000 ta=0.000 aa=0.701 se=4.000 so=2.513 ae=-0.701 ao=-0.095 pwm=14 pc=3 hd=0 y=1.581 yr=-0.416 L=3 R=3 OL=14 OR=14 el=16 er=16 ed=0 dl=16 dr=16 cl=0 cr=0 ok=253 fail=0 vofa=firewater rx=149 txdrop=0
1774961627.7358289,1774961627735828900,31427519789100,HB,55983,32719.0,1,1.663,-0.147,17.0,16.0,1.0,13.0,13.0,2.0,2.0,17.0,16.0,0,0,,HB tick=55983 exp_id=181 t_ms=32719 run=1 spd=1 ts=20.000 as=16.500 ta=0.000 aa=0.674 se=3.500 so=2.475 ae=-0.674 ao=-0.130 pwm=13 pc=2 hd=0 y=1.663 yr=-0.147 L=2 R=2 OL=13 OR=13 el=17 er=16 ed=1 dl=17 dr=16 cl=0 cr=0 ok=254 fail=0 vofa=firewater rx=149 txdrop=0
1774961627.8908615,1774961627890861500,31427674821600,HB,56144,32880.0,1,2.986,2.781,16.0,15.0,1.0,14.0,14.0,3.0,3.0,16.0,15.0,0,0,,HB tick=56144 exp_id=181 t_ms=32880 run=1 spd=1 ts=20.000 as=15.500 ta=0.000 aa=0.756 se=4.500 so=2.582 ae=-0.756 ao=-0.236 pwm=14 pc=3 hd=0 y=2.986 yr=2.781 L=3 R=3 OL=14 OR=14 el=16 er=15 ed=1 dl=16 dr=15 cl=0 cr=0 ok=255 fail=0 vofa=firewater rx=149 txdrop=0
1774961628.1399717,1774961628139971900,31427923932300,HB,56393,33129.0,1,4.455,3.872,16.0,17.0,-1.0,12.0,14.0,1.0,3.0,16.0,17.0,0,0,,HB tick=56393 exp_id=181 t_ms=33129 run=1 spd=1 ts=20.000 as=16.500 ta=0.000 aa=2.079 se=3.500 so=2.494 ae=-2.079 ao=-1.492 pwm=13 pc=2 hd=-1 y=4.455 yr=3.872 L=1 R=3 OL=12 OR=14 el=16 er=17 ed=-1 dl=16 dr=17 cl=0 cr=0 ok=256 fail=0 vofa=firewater rx=149 txdrop=0
1774961628.3583362,1774961628358336200,31428142296300,HB,56610,33346.0,1,3.595,1.13,16.0,17.0,-1.0,13.0,15.0,2.0,4.0,16.0,17.0,0,0,,HB tick=56610 exp_id=181 t_ms=33346 run=1 spd=1 ts=20.000 as=16.500 ta=0.000 aa=3.548 se=3.500 so=2.503 ae=-3.548 ao=-2.196 pwm=14 pc=3 hd=-1 y=3.595 yr=1.130 L=2 R=4 OL=13 OR=15 el=16 er=17 ed=-1 dl=16 dr=17 cl=0 cr=0 ok=257 fail=0 vofa=firewater rx=149 txdrop=0
1774961628.5556085,1774961628555608700,31428339568700,HB,56811,33546.0,1,3.373,0.346,16.0,16.0,0.0,13.0,15.0,2.0,4.0,16.0,16.0,0,0,,HB tick=56811 exp_id=181 t_ms=33546 run=1 spd=1 ts=20.000 as=16.000 ta=0.000 aa=2.688 se=4.000 so=2.561 ae=-2.688 ao=-1.113 pwm=14 pc=3 hd=-1 y=3.373 yr=0.346 L=2 R=4 OL=13 OR=15 el=16 er=16 ed=0 dl=16 dr=16 cl=0 cr=0 ok=258 fail=0 vofa=firewater rx=149 txdrop=0
1774961628.7217488,1774961628721748800,31428505709000,HB,56971,33707.0,1,2.313,-2.079,15.0,17.0,-2.0,13.0,15.0,2.0,4.0,15.0,17.0,0,0,,HB tick=56971 exp_id=181 t_ms=33707 run=1 spd=1 ts=20.000 as=16.000 ta=0.000 aa=2.466 se=4.000 so=2.569 ae=-2.466 ao=-0.810 pwm=14 pc=3 hd=-1 y=2.313 yr=-2.079 L=2 R=4 OL=13 OR=15 el=15 er=17 ed=-2 dl=15 dr=17 cl=0 cr=0 ok=259 fail=0 vofa=firewater rx=149 txdrop=0
1774961628.9501956,1774961628950195500,31428734156900,HB,57204,33940.0,1,1.094,-3.182,15.0,15.0,0.0,14.0,14.0,3.0,3.0,15.0,15.0,0,0,,HB tick=57204 exp_id=181 t_ms=33940 run=1 spd=1 ts=20.000 as=15.000 ta=0.000 aa=1.406 se=5.000 so=2.683 ae=-1.406 ao=0.220 pwm=14 pc=3 hd=0 y=1.094 yr=-3.182 L=3 R=3 OL=14 OR=14 el=15 er=15 ed=0 dl=15 dr=15 cl=0 cr=0 ok=260 fail=0 vofa=firewater rx=149 txdrop=0
1774961629.178657,1774961629178656900,31428962618100,HB,57430,34166.0,1,0.749,-2.602,16.0,15.0,1.0,15.0,13.0,4.0,2.0,16.0,15.0,0,0,,HB tick=57430 exp_id=181 t_ms=34166 run=1 spd=1 ts=20.000 as=15.500 ta=0.000 aa=0.187 se=4.500 so=2.647 ae=-0.187 ao=0.865 pwm=14 pc=3 hd=1 y=0.749 yr=-2.602 L=4 R=2 OL=15 OR=13 el=16 er=15 ed=1 dl=16 dr=15 cl=0 cr=0 ok=261 fail=0 vofa=firewater rx=149 txdrop=0
1774961629.3352509,1774961629335250900,31429119210900,HB,57586,34322.0,1,0.938,-1.269,14.0,14.0,0.0,15.0,13.0,4.0,2.0,14.0,14.0,0,0,,HB tick=57586 exp_id=181 t_ms=34322 run=1 spd=1 ts=20.000 as=14.000 ta=0.000 aa=-0.157 se=6.000 so=2.806 ae=0.157 ao=0.762 pwm=14 pc=3 hd=1 y=0.938 yr=-1.269 L=4 R=2 OL=15 OR=13 el=14 er=14 ed=0 dl=14 dr=14 cl=0 cr=0 ok=262 fail=0 vofa=firewater rx=149 txdrop=0
1774961629.587756,1774961629587756100,31429371717200,HB,57835,34571.0,1,1.386,-0.195,15.0,14.0,1.0,14.0,14.0,3.0,3.0,15.0,14.0,0,0,,HB tick=57835 exp_id=181 t_ms=34571 run=1 spd=1 ts=20.000 as=14.500 ta=0.000 aa=0.031 se=5.500 so=2.774 ae=-0.031 ao=0.290 pwm=14 pc=3 hd=0 y=1.386 yr=-0.195 L=3 R=3 OL=14 OR=14 el=15 er=14 ed=1 dl=15 dr=14 cl=0 cr=0 ok=263 fail=0 vofa=firewater rx=149 txdrop=0
1774961629.8066194,1774961629806619400,31429590579400,HB,58052,34788.0,1,1.215,-0.401,14.0,14.0,0.0,14.0,14.0,3.0,3.0,14.0,14.0,0,0,,HB tick=58052 exp_id=181 t_ms=34788 run=1 spd=1 ts=20.000 as=14.000 ta=0.000 aa=0.479 se=6.000 so=2.840 ae=-0.479 ao=-0.161 pwm=14 pc=3 hd=0 y=1.215 yr=-0.401 L=3 R=3 OL=14 OR=14 el=14 er=14 ed=0 dl=14 dr=14 cl=0 cr=0 ok=264 fail=0 vofa=firewater rx=149 txdrop=0
1774961630.0040145,1774961630004014500,31429787974900,HB,58253,34989.0,1,0.92,-0.775,14.0,16.0,-2.0,14.0,14.0,3.0,3.0,14.0,16.0,0,0,,HB tick=58253 exp_id=181 t_ms=34989 run=1 spd=1 ts=20.000 as=15.000 ta=0.000 aa=0.309 se=5.000 so=2.752 ae=-0.309 ao=-0.054 pwm=14 pc=3 hd=0 y=0.920 yr=-0.775 L=3 R=3 OL=14 OR=14 el=14 er=16 ed=-2 dl=14 dr=16 cl=0 cr=0 ok=265 fail=0 vofa=firewater rx=149 txdrop=0
1774961630.2228742,1774961630222874100,31430006834300,HB,58475,35211.0,1,-1.444,-4.231,13.0,14.0,-1.0,14.0,14.0,3.0,3.0,13.0,14.0,0,0,,HB tick=58475 exp_id=181 t_ms=35211 run=1 spd=1 ts=20.000 as=13.500 ta=0.000 aa=0.013 se=6.500 so=2.918 ae=-0.013 ao=0.136 pwm=14 pc=3 hd=0 y=-1.444 yr=-4.231 L=3 R=3 OL=14 OR=14 el=13 er=14 ed=-1 dl=13 dr=14 cl=0 cr=0 ok=266 fail=0 vofa=firewater rx=149 txdrop=0
1774961630.4420974,1774961630442097300,31430226058900,HB,58692,35428.0,1,-1.817,-3.352,15.0,15.0,0.0,15.0,13.0,4.0,2.0,15.0,15.0,0,0,,HB tick=58692 exp_id=181 t_ms=35428 run=1 spd=1 ts=20.000 as=15.000 ta=0.000 aa=-2.351 se=5.000 so=2.783 ae=2.351 ao=1.811 pwm=14 pc=3 hd=1 y=-1.817 yr=-3.352 L=4 R=2 OL=15 OR=13 el=15 er=15 ed=0 dl=15 dr=15 cl=0 cr=0 ok=267 fail=0 vofa=firewater rx=149 txdrop=0
1774961630.6389117,1774961630638911700,31430422871600,HB,58893,35629.0,1,-1.833,-2.207,15.0,13.0,2.0,15.0,13.0,4.0,2.0,15.0,13.0,0,0,,HB tick=58893 exp_id=181 t_ms=35629 run=1 spd=1 ts=20.000 as=14.000 ta=0.000 aa=-2.724 se=6.000 so=2.898 ae=2.724 ao=1.620 pwm=14 pc=3 hd=1 y=-1.833 yr=-2.207 L=4 R=2 OL=15 OR=13 el=15 er=13 ed=2 dl=15 dr=13 cl=0 cr=0 ok=268 fail=0 vofa=firewater rx=149 txdrop=0
1774961630.8678606,1774961630867860600,31430651821000,HB,59115,35851.0,1,-0.955,-0.051,14.0,14.0,0.0,15.0,13.0,4.0,2.0,14.0,14.0,0,0,,HB tick=59115 exp_id=181 t_ms=35851 run=1 spd=1 ts=20.000 as=14.000 ta=0.000 aa=-2.740 se=6.000 so=2.911 ae=2.740 ao=1.259 pwm=14 pc=3 hd=1 y=-0.955 yr=-0.051 L=4 R=2 OL=15 OR=13 el=14 er=14 ed=0 dl=14 dr=14 cl=0 cr=0 ok=269 fail=0 vofa=firewater rx=149 txdrop=0
1774961631.0654743,1774961631065474400,31430849434500,HB,59315,36051.0,1,-0.858,0.138,14.0,13.0,1.0,14.0,14.0,3.0,3.0,14.0,13.0,0,0,,HB tick=59315 exp_id=181 t_ms=36051 run=1 spd=1 ts=20.000 as=13.500 ta=0.000 aa=-1.862 se=6.500 so=2.979 ae=1.862 ao=0.359 pwm=14 pc=3 hd=0 y=-0.858 yr=0.138 L=3 R=3 OL=14 OR=14 el=14 er=13 ed=1 dl=14 dr=13 cl=0 cr=0 ok=270 fail=0 vofa=firewater rx=149 txdrop=0
1774961631.2819343,1774961631281934300,31431065894300,HB,59536,36272.0,1,-0.439,0.752,14.0,14.0,0.0,14.0,14.0,3.0,3.0,14.0,14.0,0,0,,HB tick=59536 exp_id=181 t_ms=36272 run=1 spd=1 ts=20.000 as=14.000 ta=0.000 aa=-1.765 se=6.000 so=2.944 ae=1.765 ao=0.277 pwm=14 pc=3 hd=0 y=-0.439 yr=0.752 L=3 R=3 OL=14 OR=14 el=14 er=14 ed=0 dl=14 dr=14 cl=0 cr=0 ok=271 fail=0 vofa=firewater rx=149 txdrop=0
1774961631.4383268,1774961631438326800,31431222287500,HB,59692,36428.0,1,-0.483,0.391,15.0,16.0,-1.0,14.0,14.0,3.0,3.0,15.0,16.0,0,0,,HB tick=59692 exp_id=181 t_ms=36428 run=1 spd=1 ts=20.000 as=15.500 ta=0.000 aa=-1.346 se=4.500 so=2.803 ae=1.346 ao=-0.020 pwm=14 pc=3 hd=0 y=-0.483 yr=0.391 L=3 R=3 OL=14 OR=14 el=15 er=16 ed=-1 dl=15 dr=16 cl=0 cr=0 ok=272 fail=0 vofa=firewater rx=149 txdrop=0
1774961631.6984692,1774961631698469000,31431482429600,HB,59946,36682.0,1,-0.822,-0.212,15.0,14.0,1.0,14.0,14.0,3.0,3.0,15.0,14.0,0,0,,HB tick=59946 exp_id=181 t_ms=36682 run=1 spd=1 ts=20.000 as=14.500 ta=0.000 aa=-1.390 se=5.500 so=2.916 ae=1.390 ao=0.107 pwm=14 pc=3 hd=0 y=-0.822 yr=-0.212 L=3 R=3 OL=14 OR=14 el=15 er=14 ed=1 dl=15 dr=14 cl=0 cr=0 ok=273 fail=0 vofa=firewater rx=149 txdrop=0
1774961631.8549917,1774961631854991600,31431638953200,HB,60102,36838.0,1,-1.044,-0.637,16.0,16.0,0.0,15.0,13.0,4.0,2.0,16.0,16.0,0,0,,HB tick=60102 exp_id=181 t_ms=36838 run=1 spd=1 ts=20.000 as=16.000 ta=0.000 aa=-1.728 se=4.000 so=2.776 ae=1.728 ao=0.382 pwm=14 pc=3 hd=1 y=-1.044 yr=-0.637 L=4 R=2 OL=15 OR=13 el=16 er=16 ed=0 dl=16 dr=16 cl=0 cr=0 ok=274 fail=0 vofa=firewater rx=149 txdrop=0
1774961632.115965,1774961632115964900,31431899924900,HB,60363,37099.0,1,0.284,1.367,17.0,18.0,-1.0,15.0,13.0,4.0,2.0,17.0,18.0,0,0,,HB tick=60363 exp_id=181 t_ms=37099 run=1 spd=1 ts=20.000 as=17.500 ta=0.000 aa=-1.951 se=2.500 so=2.635 ae=1.951 ao=0.572 pwm=14 pc=3 hd=1 y=0.284 yr=1.367 L=4 R=2 OL=15 OR=13 el=17 er=18 ed=-1 dl=17 dr=18 cl=0 cr=0 ok=275 fail=0 vofa=firewater rx=149 txdrop=0
1774961632.323927,1774961632323927100,31432107887000,HB,60575,37311.0,1,0.677,1.538,18.0,16.0,2.0,13.0,15.0,2.0,4.0,18.0,16.0,0,0,,HB tick=60575 exp_id=181 t_ms=37311 run=1 spd=1 ts=20.000 as=17.000 ta=0.000 aa=-0.623 se=3.000 so=2.692 ae=0.623 ao=-0.387 pwm=14 pc=3 hd=-1 y=0.677 yr=1.538 L=2 R=4 OL=13 OR=15 el=18 er=16 ed=2 dl=18 dr=16 cl=0 cr=0 ok=276 fail=0 vofa=firewater rx=149 txdrop=0
1774961632.5207183,1774961632520718300,31432304680100,HB,60775,37511.0,1,0.934,1.449,18.0,18.0,0.0,14.0,14.0,3.0,3.0,18.0,18.0,0,0,,HB tick=60775 exp_id=181 t_ms=37511 run=1 spd=1 ts=20.000 as=18.000 ta=0.000 aa=-0.230 se=2.000 so=2.599 ae=0.230 ao=-0.536 pwm=14 pc=3 hd=0 y=0.934 yr=1.449 L=3 R=3 OL=14 OR=14 el=18 er=18 ed=0 dl=18 dr=18 cl=0 cr=0 ok=277 fail=0 vofa=firewater rx=149 txdrop=0
1774961632.7498965,1774961632749896500,31432533856900,HB,60996,37732.0,1,1.912,2.49,17.0,16.0,1.0,14.0,14.0,3.0,3.0,17.0,16.0,0,0,,HB tick=60996 exp_id=181 t_ms=37732 run=1 spd=1 ts=20.000 as=16.500 ta=0.000 aa=0.027 se=3.500 so=2.754 ae=-0.027 ao=-0.570 pwm=14 pc=3 hd=0 y=1.912 yr=2.490 L=3 R=3 OL=14 OR=14 el=17 er=16 ed=1 dl=17 dr=16 cl=0 cr=0 ok=278 fail=0 vofa=firewater rx=149 txdrop=0
1774961632.906066,1774961632906065800,31432690027900,HB,61152,37888.0,1,1.928,1.655,17.0,18.0,-1.0,13.0,15.0,2.0,4.0,17.0,18.0,0,0,,HB tick=61152 exp_id=181 t_ms=37888 run=1 spd=1 ts=20.000 as=17.500 ta=0.000 aa=1.005 se=2.500 so=2.660 ae=-1.005 ao=-1.137 pwm=14 pc=3 hd=-1 y=1.928 yr=1.655 L=2 R=4 OL=13 OR=15 el=17 er=18 ed=-1 dl=17 dr=18 cl=0 cr=0 ok=279 fail=0 vofa=firewater rx=149 txdrop=0
1774961633.1344602,1774961633134460200,31432918420200,HB,61385,38121.0,1,0.878,-0.501,17.0,18.0,-1.0,14.0,14.0,3.0,3.0,17.0,18.0,0,0,,HB tick=61385 exp_id=181 t_ms=38121 run=1 spd=1 ts=20.000 as=17.500 ta=0.000 aa=1.021 se=2.500 so=2.667 ae=-1.021 ao=-0.875 pwm=14 pc=3 hd=0 y=0.878 yr=-0.501 L=3 R=3 OL=14 OR=14 el=17 er=18 ed=-1 dl=17 dr=18 cl=0 cr=0 ok=280 fail=0 vofa=firewater rx=149 txdrop=0
1774961633.3614852,1774961633361485300,31433145445400,HB,61611,38347.0,1,-0.186,-1.974,18.0,17.0,1.0,14.0,14.0,3.0,3.0,18.0,17.0,0,0,,HB tick=61611 exp_id=181 t_ms=38347 run=1 spd=1 ts=20.000 as=17.500 ta=0.000 aa=-0.029 se=2.500 so=2.672 ae=0.029 ao=0.067 pwm=14 pc=3 hd=0 y=-0.186 yr=-1.974 L=3 R=3 OL=14 OR=14 el=18 er=17 ed=1 dl=18 dr=17 cl=0 cr=0 ok=281 fail=0 vofa=firewater rx=149 txdrop=0
1774961633.5591707,1774961633559170900,31433343131500,HB,61812,38548.0,1,-0.177,-1.268,17.0,17.0,0.0,15.0,13.0,4.0,2.0,17.0,17.0,0,0,,HB tick=61812 exp_id=181 t_ms=38548 run=1 spd=1 ts=20.000 as=17.000 ta=0.000 aa=-1.093 se=3.000 so=2.729 ae=1.093 ao=0.794 pwm=14 pc=3 hd=1 y=-0.177 yr=-1.268 L=4 R=2 OL=15 OR=13 el=17 er=17 ed=0 dl=17 dr=17 cl=0 cr=0 ok=282 fail=0 vofa=firewater rx=149 txdrop=0
1774961633.7665908,1774961633766590600,31433550550900,HB,62017,38753.0,1,0.25,-0.095,17.0,17.0,0.0,15.0,13.0,4.0,2.0,17.0,17.0,0,0,,HB tick=62017 exp_id=181 t_ms=38753 run=1 spd=1 ts=20.000 as=17.000 ta=0.000 aa=-1.084 se=3.000 so=2.736 ae=1.084 ao=0.567 pwm=14 pc=3 hd=1 y=0.250 yr=-0.095 L=4 R=2 OL=15 OR=13 el=17 er=17 ed=0 dl=17 dr=17 cl=0 cr=0 ok=283 fail=0 vofa=firewater rx=149 txdrop=0
1774961633.973825,1774961633973824900,31433757785100,HB,62221,38957.0,1,1.26,1.672,17.0,17.0,0.0,14.0,14.0,3.0,3.0,17.0,17.0,0,0,,HB tick=62221 exp_id=181 t_ms=38957 run=1 spd=1 ts=20.000 as=17.000 ta=0.000 aa=-0.657 se=3.000 so=2.743 ae=0.657 ao=0.090 pwm=14 pc=3 hd=0 y=1.260 yr=1.672 L=3 R=3 OL=14 OR=14 el=17 er=17 ed=0 dl=17 dr=17 cl=0 cr=0 ok=284 fail=0 vofa=firewater rx=149 txdrop=0
1774961634.1721094,1774961634172109300,31433956071100,HB,62426,39162.0,1,2.055,2.444,16.0,16.0,0.0,13.0,15.0,2.0,4.0,16.0,16.0,0,0,,HB tick=62426 exp_id=181 t_ms=39162 run=1 spd=1 ts=20.000 as=16.000 ta=0.000 aa=0.353 se=4.000 so=2.851 ae=-0.353 ao=-0.719 pwm=14 pc=3 hd=-1 y=2.055 yr=2.444 L=2 R=4 OL=13 OR=15 el=16 er=16 ed=0 dl=16 dr=16 cl=0 cr=0 ok=285 fail=0 vofa=firewater rx=149 txdrop=0
1774961634.3374248,1774961634337424700,31434121384900,HB,62591,39327.0,1,2.247,1.995,16.0,17.0,-1.0,13.0,15.0,2.0,4.0,16.0,17.0,0,0,,HB tick=62591 exp_id=181 t_ms=39327 run=1 spd=1 ts=20.000 as=16.500 ta=0.000 aa=1.148 se=3.500 so=2.809 ae=-1.148 ao=-1.157 pwm=14 pc=3 hd=-1 y=2.247 yr=1.995 L=2 R=4 OL=13 OR=15 el=16 er=17 ed=-1 dl=16 dr=17 cl=0 cr=0 ok=286 fail=0 vofa=firewater rx=149 txdrop=0
1774961634.5245574,1774961634524557200,31434308517300,HB,62780,39516.0,1,2.26,1.321,17.0,17.0,0.0,13.0,15.0,2.0,4.0,17.0,17.0,0,0,,HB tick=62780 exp_id=181 t_ms=39516 run=1 spd=1 ts=20.000 as=17.000 ta=0.000 aa=1.340 se=3.000 so=2.766 ae=-1.340 ao=-1.060 pwm=14 pc=3 hd=-1 y=2.260 yr=1.321 L=2 R=4 OL=13 OR=15 el=17 er=17 ed=0 dl=17 dr=17 cl=0 cr=0 ok=287 fail=0 vofa=firewater rx=149 txdrop=0
1774961634.7834804,1774961634783480300,31434567440600,HB,63030,39766.0,1,1.782,0.19,16.0,17.0,-1.0,13.0,15.0,2.0,4.0,16.0,17.0,0,0,,HB tick=63030 exp_id=181 t_ms=39766 run=1 spd=1 ts=20.000 as=16.500 ta=0.000 aa=1.353 se=3.500 so=2.825 ae=-1.353 ao=-0.848 pwm=14 pc=3 hd=-1 y=1.782 yr=0.190 L=2 R=4 OL=13 OR=15 el=16 er=17 ed=-1 dl=16 dr=17 cl=0 cr=0 ok=288 fail=0 vofa=firewater rx=149 txdrop=0
1774961634.9403608,1774961634940360600,31434724320500,HB,63186,39922.0,1,1.692,-0.078,17.0,16.0,1.0,14.0,14.0,3.0,3.0,17.0,16.0,0,0,,HB tick=63186 exp_id=181 t_ms=39922 run=1 spd=1 ts=20.000 as=16.500 ta=0.000 aa=0.875 se=3.500 so=2.832 ae=-0.875 ao=-0.372 pwm=14 pc=3 hd=0 y=1.692 yr=-0.078 L=3 R=3 OL=14 OR=14 el=17 er=16 ed=1 dl=17 dr=16 cl=0 cr=0 ok=289 fail=0 vofa=firewater rx=149 txdrop=0
1774961635.1696007,1774961635169600700,31434953561000,HB,63419,40155.0,1,1.545,-0.272,17.0,18.0,-1.0,13.0,15.0,2.0,4.0,17.0,18.0,0,0,,HB tick=63419 exp_id=181 t_ms=40155 run=1 spd=1 ts=20.000 as=17.500 ta=0.000 aa=0.785 se=2.500 so=2.740 ae=-0.785 ao=-0.265 pwm=14 pc=3 hd=-1 y=1.545 yr=-0.272 L=2 R=4 OL=13 OR=15 el=17 er=18 ed=-1 dl=17 dr=18 cl=0 cr=0 ok=290 fail=0 vofa=firewater rx=149 txdrop=0
1774961635.3268042,1774961635326804200,31435110764800,HB,63580,40316.0,1,1.708,0.178,17.0,17.0,0.0,14.0,14.0,3.0,3.0,17.0,17.0,0,0,,HB tick=63580 exp_id=181 t_ms=40316 run=1 spd=1 ts=20.000 as=17.000 ta=0.000 aa=0.638 se=3.000 so=2.796 ae=-0.638 ao=-0.168 pwm=14 pc=3 hd=0 y=1.708 yr=0.178 L=3 R=3 OL=14 OR=14 el=17 er=17 ed=0 dl=17 dr=17 cl=0 cr=0 ok=291 fail=0 vofa=firewater rx=149 txdrop=0
1774961635.5582294,1774961635558229500,31435342190400,HB,63813,40549.0,1,1.637,0.009,17.0,17.0,0.0,14.0,14.0,3.0,3.0,17.0,17.0,0,0,,HB tick=63813 exp_id=181 t_ms=40549 run=1 spd=1 ts=20.000 as=17.000 ta=0.000 aa=0.801 se=3.000 so=2.805 ae=-0.801 ao=-0.351 pwm=14 pc=3 hd=0 y=1.637 yr=0.009 L=3 R=3 OL=14 OR=14 el=17 er=17 ed=0 dl=17 dr=17 cl=0 cr=0 ok=292 fail=0 vofa=firewater rx=149 txdrop=0
1774961635.787304,1774961635787303900,31435571265100,HB,64034,40770.0,1,2.018,0.609,18.0,17.0,1.0,13.0,15.0,2.0,4.0,18.0,17.0,0,0,,HB tick=64034 exp_id=181 t_ms=40770 run=1 spd=1 ts=20.000 as=17.500 ta=0.000 aa=0.730 se=2.500 so=2.762 ae=-0.730 ao=-0.281 pwm=14 pc=3 hd=-1 y=2.018 yr=0.609 L=2 R=4 OL=13 OR=15 el=18 er=17 ed=1 dl=18 dr=17 cl=0 cr=0 ok=293 fail=0 vofa=firewater rx=149 txdrop=0
1774961635.9338617,1774961635933861600,31435717822100,HB,64191,40927.0,1,2.067,0.506,17.0,18.0,-1.0,13.0,15.0,2.0,4.0,17.0,18.0,0,0,,HB tick=64191 exp_id=181 t_ms=40927 run=1 spd=1 ts=20.000 as=17.500 ta=0.000 aa=1.111 se=2.500 so=2.767 ae=-1.111 ao=-0.565 pwm=14 pc=3 hd=-1 y=2.067 yr=0.506 L=2 R=4 OL=13 OR=15 el=17 er=18 ed=-1 dl=17 dr=18 cl=0 cr=0 ok=294 fail=0 vofa=firewater rx=149 txdrop=0
1774961636.192707,1774961636192707100,31435976667400,HB,64444,41180.0,1,2.041,0.293,17.0,17.0,0.0,13.0,15.0,2.0,4.0,17.0,17.0,0,0,,HB tick=64444 exp_id=181 t_ms=41180 run=1 spd=1 ts=20.000 as=17.000 ta=0.000 aa=1.160 se=3.000 so=2.826 ae=-1.160 ao=-0.544 pwm=14 pc=3 hd=-1 y=2.041 yr=0.293 L=2 R=4 OL=13 OR=15 el=17 er=17 ed=0 dl=17 dr=17 cl=0 cr=0 ok=295 fail=0 vofa=firewater rx=149 txdrop=0
1774961636.349511,1774961636349510900,31436133471700,HB,64601,41336.0,1,2.033,0.172,18.0,17.0,1.0,14.0,14.0,3.0,3.0,18.0,17.0,0,0,,HB tick=64601 exp_id=181 t_ms=41336 run=1 spd=1 ts=20.000 as=17.500 ta=0.000 aa=1.134 se=2.500 so=2.781 ae=-1.134 ao=-0.470 pwm=14 pc=3 hd=0 y=2.033 yr=0.172 L=3 R=3 OL=14 OR=14 el=18 er=17 ed=1 dl=18 dr=17 cl=0 cr=0 ok=296 fail=0 vofa=firewater rx=149 txdrop=0
1774961636.5999997,1774961636599999700,31436383959900,HB,64850,41586.0,1,1.882,-0.1,17.0,17.0,0.0,13.0,15.0,2.0,4.0,17.0,17.0,0,0,,HB tick=64850 exp_id=181 t_ms=41586 run=1 spd=1 ts=20.000 as=17.000 ta=0.000 aa=1.126 se=3.000 so=2.840 ae=-1.126 ao=-0.430 pwm=14 pc=3 hd=-1 y=1.882 yr=-0.100 L=2 R=4 OL=13 OR=15 el=17 er=17 ed=0 dl=17 dr=17 cl=0 cr=0 ok=297 fail=0 vofa=firewater rx=149 txdrop=0
1774961636.7964404,1774961636796440200,31436580400200,HB,65051,41787.0,1,1.811,-0.188,17.0,16.0,1.0,14.0,14.0,3.0,3.0,17.0,16.0,0,0,,HB tick=65051 exp_id=181 t_ms=41787 run=1 spd=1 ts=20.000 as=16.500 ta=0.000 aa=0.975 se=3.500 so=2.898 ae=-0.975 ao=-0.307 pwm=14 pc=3 hd=0 y=1.811 yr=-0.188 L=3 R=3 OL=14 OR=14 el=17 er=16 ed=1 dl=17 dr=16 cl=0 cr=0 ok=298 fail=0 vofa=firewater rx=149 txdrop=0
1774961637.0347924,1774961637034792500,31436818752400,HB,65285,42021.0,1,1.933,0.061,18.0,17.0,1.0,14.0,14.0,3.0,3.0,18.0,17.0,0,0,,HB tick=65285 exp_id=181 t_ms=42021 run=1 spd=1 ts=20.000 as=17.500 ta=0.000 aa=0.904 se=2.500 so=2.806 ae=-0.904 ao=-0.263 pwm=14 pc=3 hd=0 y=1.933 yr=0.061 L=3 R=3 OL=14 OR=14 el=18 er=17 ed=1 dl=18 dr=17 cl=0 cr=0 ok=299 fail=0 vofa=firewater rx=149 txdrop=0
1774961637.19051,1774961637190510000,31436974471800,HB,65440,42176.0,1,1.943,0.062,17.0,16.0,1.0,14.0,14.0,3.0,3.0,17.0,16.0,0,0,,HB tick=65440 exp_id=181 t_ms=42176 run=1 spd=1 ts=20.000 as=16.500 ta=0.000 aa=1.027 se=3.500 so=2.912 ae=-1.027 ao=-0.372 pwm=14 pc=3 hd=0 y=1.943 yr=0.062 L=3 R=3 OL=14 OR=14 el=17 er=16 ed=1 dl=17 dr=16 cl=0 cr=0 ok=300 fail=0 vofa=firewater rx=149 txdrop=0
1774961637.4205716,1774961637420571600,31437204532200,HB,65674,42410.0,1,1.655,-0.391,17.0,16.0,1.0,13.0,15.0,2.0,4.0,17.0,16.0,0,0,,HB tick=65674 exp_id=181 t_ms=42410 run=1 spd=1 ts=20.000 as=16.500 ta=0.000 aa=1.037 se=3.500 so=2.921 ae=-1.037 ao=-0.375 pwm=14 pc=3 hd=-1 y=1.655 yr=-0.391 L=2 R=4 OL=13 OR=15 el=17 er=16 ed=1 dl=17 dr=16 cl=0 cr=0 ok=301 fail=0 vofa=firewater rx=149 txdrop=0
1774961637.6288521,1774961637628852200,31437412812900,HB,65879,42615.0,1,1.693,-0.188,17.0,16.0,1.0,14.0,14.0,3.0,3.0,17.0,16.0,0,0,,HB tick=65879 exp_id=181 t_ms=42615 run=1 spd=1 ts=20.000 as=16.500 ta=0.000 aa=0.748 se=3.500 so=2.929 ae=-0.748 ao=-0.161 pwm=14 pc=3 hd=0 y=1.693 yr=-0.188 L=3 R=3 OL=14 OR=14 el=17 er=16 ed=1 dl=17 dr=16 cl=0 cr=0 ok=302 fail=0 vofa=firewater rx=149 txdrop=0
1774961637.7850578,1774961637785057900,31437569017900,HB,66040,42776.0,1,1.686,-0.139,16.0,17.0,-1.0,14.0,14.0,3.0,3.0,16.0,17.0,0,0,,HB tick=66040 exp_id=181 t_ms=42776 run=1 spd=1 ts=20.000 as=16.500 ta=0.000 aa=0.787 se=3.500 so=2.935 ae=-0.787 ao=-0.236 pwm=14 pc=3 hd=0 y=1.686 yr=-0.139 L=3 R=3 OL=14 OR=14 el=16 er=17 ed=-1 dl=16 dr=17 cl=0 cr=0 ok=303 fail=0 vofa=firewater rx=149 txdrop=0
1774961638.0231454,1774961638023145600,31437807106000,HB,66272,43008.0,1,1.775,0.044,17.0,16.0,1.0,13.0,15.0,2.0,4.0,17.0,16.0,0,0,,HB tick=66272 exp_id=181 t_ms=43008 run=1 spd=1 ts=20.000 as=16.500 ta=0.000 aa=0.779 se=3.500 so=2.944 ae=-0.779 ao=-0.250 pwm=14 pc=3 hd=-1 y=1.775 yr=0.044 L=2 R=4 OL=13 OR=15 el=17 er=16 ed=1 dl=17 dr=16 cl=0 cr=0 ok=304 fail=0 vofa=firewater rx=149 txdrop=0
1774961638.2406867,1774961638240686600,31438024646600,HB,66494,43230.0,1,1.836,0.125,18.0,17.0,1.0,14.0,14.0,3.0,3.0,18.0,17.0,0,0,,HB tick=66494 exp_id=181 t_ms=43230 run=1 spd=1 ts=20.000 as=17.500 ta=0.000 aa=0.868 se=2.500 so=2.853 ae=-0.868 ao=-0.331 pwm=14 pc=3 hd=0 y=1.836 yr=0.125 L=3 R=3 OL=14 OR=14 el=18 er=17 ed=1 dl=18 dr=17 cl=0 cr=0 ok=305 fail=0 vofa=firewater rx=149 txdrop=0
1774961638.3956902,1774961638395690300,31438179650700,HB,66650,43386.0,1,1.777,-0.05,16.0,17.0,-1.0,13.0,15.0,2.0,4.0,16.0,17.0,0,0,,HB tick=66650 exp_id=181 t_ms=43386 run=1 spd=1 ts=20.000 as=16.500 ta=0.000 aa=0.929 se=3.500 so=2.959 ae=-0.929 ao=-0.372 pwm=14 pc=3 hd=-1 y=1.777 yr=-0.050 L=2 R=4 OL=13 OR=15 el=16 er=17 ed=-1 dl=16 dr=17 cl=0 cr=0 ok=306 fail=0 vofa=firewater rx=149 txdrop=0
1774961638.5828981,1774961638582898300,31438366858700,HB,66839,43574.0,1,1.741,-0.1,16.0,14.0,2.0,14.0,14.0,3.0,3.0,16.0,14.0,0,0,,HB tick=66839 exp_id=181 t_ms=43574 run=1 spd=1 ts=20.000 as=15.000 ta=0.000 aa=0.870 se=5.000 so=3.117 ae=-0.870 ao=-0.302 pwm=14 pc=3 hd=0 y=1.741 yr=-0.100 L=3 R=3 OL=14 OR=14 el=16 er=14 ed=2 dl=16 dr=14 cl=0 cr=0 ok=307 fail=0 vofa=firewater rx=149 txdrop=0
1774961638.833354,1774961638833354100,31438617314300,HB,67087,43823.0,1,4.177,3.359,17.0,17.0,0.0,14.0,14.0,3.0,3.0,17.0,17.0,0,0,,HB tick=67087 exp_id=181 t_ms=43823 run=1 spd=1 ts=20.000 as=17.000 ta=0.000 aa=0.834 se=3.000 so=2.930 ae=-0.834 ao=-0.278 pwm=14 pc=3 hd=0 y=4.177 yr=3.359 L=3 R=3 OL=14 OR=14 el=17 er=17 ed=0 dl=17 dr=17 cl=0 cr=0 ok=308 fail=0 vofa=firewater rx=149 txdrop=0
1774961638.9902477,1774961638990247700,31438774207900,HB,67244,43980.0,1,4.428,2.744,17.0,17.0,0.0,13.0,15.0,2.0,4.0,17.0,17.0,0,0,,HB tick=67244 exp_id=181 t_ms=43980 run=1 spd=1 ts=20.000 as=17.000 ta=0.000 aa=3.270 se=3.000 so=2.936 ae=-3.270 ao=-1.971 pwm=14 pc=3 hd=-1 y=4.428 yr=2.744 L=2 R=4 OL=13 OR=15 el=17 er=17 ed=0 dl=17 dr=17 cl=0 cr=0 ok=309 fail=0 vofa=firewater rx=149 txdrop=0
1774961639.2190418,1774961639219041900,31439003001800,HB,67476,44212.0,1,4.757,2.28,17.0,17.0,0.0,13.0,15.0,2.0,4.0,17.0,17.0,0,0,,HB tick=67476 exp_id=181 t_ms=44212 run=1 spd=1 ts=20.000 as=17.000 ta=0.000 aa=3.521 se=3.000 so=2.945 ae=-3.521 ao=-1.836 pwm=14 pc=3 hd=-1 y=4.757 yr=2.280 L=2 R=4 OL=13 OR=15 el=17 er=17 ed=0 dl=17 dr=17 cl=0 cr=0 ok=310 fail=0 vofa=firewater rx=149 txdrop=0
1774961639.4490688,1774961639449068700,31439233028800,HB,67697,44433.0,1,4.278,0.723,17.0,17.0,0.0,13.0,15.0,2.0,4.0,17.0,17.0,0,0,,HB tick=67697 exp_id=181 t_ms=44433 run=1 spd=1 ts=20.000 as=17.000 ta=0.000 aa=3.850 se=3.000 so=2.954 ae=-3.850 ao=-1.768 pwm=14 pc=3 hd=-1 y=4.278 yr=0.723 L=2 R=4 OL=13 OR=15 el=17 er=17 ed=0 dl=17 dr=17 cl=0 cr=0 ok=311 fail=0 vofa=firewater rx=149 txdrop=0
1774961639.6463196,1774961639646319500,31439430279800,HB,67898,44633.0,1,4.258,0.434,16.0,17.0,-1.0,13.0,15.0,2.0,4.0,16.0,17.0,0,0,,HB tick=67898 exp_id=181 t_ms=44633 run=1 spd=1 ts=20.000 as=16.500 ta=0.000 aa=3.351 se=3.500 so=3.011 ae=-3.351 ao=-1.129 pwm=14 pc=3 hd=-1 y=4.258 yr=0.434 L=2 R=4 OL=13 OR=15 el=16 er=17 ed=-1 dl=16 dr=17 cl=0 cr=0 ok=312 fail=0 vofa=firewater rx=149 txdrop=0
1774961639.8033752,1774961639803375400,31439587335900,HB,68059,44795.0,1,3.776,-0.759,17.0,17.0,0.0,13.0,15.0,2.0,4.0,17.0,17.0,0,0,,HB tick=68059 exp_id=181 t_ms=44795 run=1 spd=1 ts=20.000 as=17.000 ta=0.000 aa=3.351 se=3.000 so=2.967 ae=-3.351 ao=-1.061 pwm=14 pc=3 hd=-1 y=3.776 yr=-0.759 L=2 R=4 OL=13 OR=15 el=17 er=17 ed=0 dl=17 dr=17 cl=0 cr=0 ok=313 fail=0 vofa=firewater rx=149 txdrop=0
1774961640.0427933,1774961640042793300,31439826756300,HB,68291,45027.0,1,3.017,-1.638,17.0,17.0,0.0,14.0,14.0,3.0,3.0,17.0,17.0,0,0,,HB tick=68291 exp_id=181 t_ms=45027 run=1 spd=1 ts=20.000 as=17.000 ta=0.000 aa=2.869 se=3.000 so=2.977 ae=-2.869 ao=-0.565 pwm=14 pc=3 hd=0 y=3.017 yr=-1.638 L=3 R=3 OL=14 OR=14 el=17 er=17 ed=0 dl=17 dr=17 cl=0 cr=0 ok=314 fail=0 vofa=firewater rx=149 txdrop=0
1774961640.2625542,1774961640262554100,31440046519500,HB,68512,45248.0,1,1.842,-2.926,17.0,17.0,0.0,14.0,14.0,3.0,3.0,17.0,17.0,0,0,,HB tick=68512 exp_id=181 t_ms=45248 run=1 spd=1 ts=20.000 as=17.000 ta=0.000 aa=2.110 se=3.000 so=2.985 ae=-2.110 ao=-0.103 pwm=14 pc=3 hd=0 y=1.842 yr=-2.926 L=3 R=3 OL=14 OR=14 el=17 er=17 ed=0 dl=17 dr=17 cl=0 cr=0 ok=315 fail=0 vofa=firewater rx=149 txdrop=0
1774961640.418354,1774961640418354000,31440202314100,HB,68669,45404.0,1,1.692,-2.238,17.0,16.0,1.0,14.0,14.0,3.0,3.0,17.0,16.0,0,0,,HB tick=68669 exp_id=181 t_ms=45404 run=1 spd=1 ts=20.000 as=16.500 ta=0.000 aa=0.935 se=3.500 so=3.040 ae=-0.935 ao=0.591 pwm=14 pc=3 hd=0 y=1.692 yr=-2.238 L=3 R=3 OL=14 OR=14 el=17 er=16 ed=1 dl=17 dr=16 cl=0 cr=0 ok=316 fail=0 vofa=firewater rx=149 txdrop=0
1774961640.668103,1774961640668103000,31440452063100,HB,68922,45658.0,1,2.102,-0.89,17.0,16.0,1.0,14.0,14.0,3.0,3.0,17.0,16.0,0,0,,HB tick=68922 exp_id=181 t_ms=45658 run=1 spd=1 ts=20.000 as=16.500 ta=0.000 aa=0.785 se=3.500 so=3.051 ae=-0.785 ao=0.406 pwm=14 pc=3 hd=0 y=2.102 yr=-0.890 L=3 R=3 OL=14 OR=14 el=17 er=16 ed=1 dl=17 dr=16 cl=0 cr=0 ok=317 fail=0 vofa=firewater rx=149 txdrop=0
1774961640.8245327,1774961640824532700,31440608493000,HB,69078,45814.0,1,2.39,0.068,17.0,16.0,1.0,14.0,14.0,3.0,3.0,17.0,16.0,0,0,,HB tick=69078 exp_id=181 t_ms=45814 run=1 spd=1 ts=20.000 as=16.500 ta=0.000 aa=1.195 se=3.500 so=3.057 ae=-1.195 ao=-0.124 pwm=14 pc=3 hd=0 y=2.390 yr=0.068 L=3 R=3 OL=14 OR=14 el=17 er=16 ed=1 dl=17 dr=16 cl=0 cr=0 ok=318 fail=0 vofa=firewater rx=149 txdrop=0
1774961641.084533,1774961641084533000,31440868494200,HB,69340,46076.0,1,3.502,1.529,16.0,16.0,0.0,13.0,15.0,2.0,4.0,16.0,16.0,0,0,,HB tick=69340 exp_id=181 t_ms=46076 run=1 spd=1 ts=20.000 as=16.000 ta=0.000 aa=1.483 se=4.000 so=3.118 ae=-1.483 ao=-0.501 pwm=14 pc=3 hd=-1 y=3.502 yr=1.529 L=2 R=4 OL=13 OR=15 el=16 er=16 ed=0 dl=16 dr=16 cl=0 cr=0 ok=319 fail=0 vofa=firewater rx=149 txdrop=0
1774961641.2822862,1774961641282286100,31441066246400,HB,69535,46271.0,1,3.581,1.136,16.0,16.0,0.0,13.0,15.0,2.0,4.0,16.0,16.0,0,0,,HB tick=69535 exp_id=181 t_ms=46271 run=1 spd=1 ts=20.000 as=16.000 ta=0.000 aa=2.595 se=4.000 so=3.126 ae=-2.595 ao=-1.236 pwm=14 pc=3 hd=-1 y=3.581 yr=1.136 L=2 R=4 OL=13 OR=15 el=16 er=16 ed=0 dl=16 dr=16 cl=0 cr=0 ok=320 fail=0 vofa=firewater rx=149 txdrop=0
1774961641.5130866,1774961641513086400,31441297046400,HB,69761,46497.0,1,3.568,0.719,17.0,17.0,0.0,13.0,15.0,2.0,4.0,17.0,17.0,0,0,,HB tick=69761 exp_id=181 t_ms=46497 run=1 spd=1 ts=20.000 as=17.000 ta=0.000 aa=2.674 se=3.000 so=3.035 ae=-2.674 ao=-1.130 pwm=14 pc=3 hd=-1 y=3.568 yr=0.719 L=2 R=4 OL=13 OR=15 el=17 er=17 ed=0 dl=17 dr=17 cl=0 cr=0 ok=321 fail=0 vofa=firewater rx=149 txdrop=0
1774961641.6693432,1774961641669343200,31441453302900,HB,69918,46654.0,1,3.543,0.411,15.0,17.0,-2.0,13.0,15.0,2.0,4.0,15.0,17.0,0,0,,HB tick=69918 exp_id=181 t_ms=46654 run=1 spd=1 ts=20.000 as=16.000 ta=0.000 aa=2.661 se=4.000 so=3.142 ae=-2.661 ao=-0.995 pwm=14 pc=3 hd=-1 y=3.543 yr=0.411 L=2 R=4 OL=13 OR=15 el=15 er=17 ed=-2 dl=15 dr=17 cl=0 cr=0 ok=322 fail=0 vofa=firewater rx=149 txdrop=0
1774961641.9190674,1774961641919067500,31441703028200,HB,70167,46903.0,1,2.199,-1.622,16.0,17.0,-1.0,13.0,15.0,2.0,4.0,16.0,17.0,0,0,,HB tick=70167 exp_id=181 t_ms=46903 run=1 spd=1 ts=20.000 as=16.500 ta=0.000 aa=2.636 se=3.500 so=3.103 ae=-2.636 ao=-0.892 pwm=14 pc=3 hd=-1 y=2.199 yr=-1.622 L=2 R=4 OL=13 OR=15 el=16 er=17 ed=-1 dl=16 dr=17 cl=0 cr=0 ok=323 fail=0 vofa=firewater rx=149 txdrop=0
1774961642.117381,1774961642117381100,31441901341400,HB,70368,47104.0,1,1.951,-1.486,17.0,17.0,0.0,14.0,14.0,3.0,3.0,17.0,17.0,0,0,,HB tick=70368 exp_id=181 t_ms=47104 run=1 spd=1 ts=20.000 as=17.000 ta=0.000 aa=1.292 se=3.000 so=3.061 ae=-1.292 ao=0.081 pwm=14 pc=3 hd=0 y=1.951 yr=-1.486 L=3 R=3 OL=14 OR=14 el=17 er=17 ed=0 dl=17 dr=17 cl=0 cr=0 ok=324 fail=0 vofa=firewater rx=149 txdrop=0
1774961642.3249023,1774961642324902400,31442108862500,HB,70573,47309.0,1,1.698,-1.398,17.0,16.0,1.0,14.0,14.0,3.0,3.0,17.0,16.0,0,0,,HB tick=70573 exp_id=181 t_ms=47309 run=1 spd=1 ts=20.000 as=16.500 ta=0.000 aa=1.044 se=3.500 so=3.119 ae=-1.044 ao=0.096 pwm=14 pc=3 hd=0 y=1.698 yr=-1.398 L=3 R=3 OL=14 OR=14 el=17 er=16 ed=1 dl=17 dr=16 cl=0 cr=0 ok=325 fail=0 vofa=firewater rx=149 txdrop=0
1774961642.5222876,1774961642522287500,31442306247700,HB,70778,47514.0,1,1.56,-1.144,17.0,16.0,1.0,14.0,14.0,3.0,3.0,17.0,16.0,0,0,,HB tick=70778 exp_id=181 t_ms=47514 run=1 spd=1 ts=20.000 as=16.500 ta=0.000 aa=0.791 se=3.500 so=3.127 ae=-0.791 ao=0.128 pwm=14 pc=3 hd=0 y=1.560 yr=-1.144 L=3 R=3 OL=14 OR=14 el=17 er=16 ed=1 dl=17 dr=16 cl=0 cr=0 ok=326 fail=0 vofa=firewater rx=149 txdrop=0
1774961642.7508814,1774961642750881600,31442534844000,HB,71004,47740.0,1,2.216,0.273,17.0,18.0,-1.0,14.0,14.0,3.0,3.0,17.0,18.0,0,0,,HB tick=71004 exp_id=181 t_ms=47740 run=1 spd=1 ts=20.000 as=17.500 ta=0.000 aa=0.653 se=2.500 so=3.036 ae=-0.653 ao=0.080 pwm=14 pc=3 hd=0 y=2.216 yr=0.273 L=3 R=3 OL=14 OR=14 el=17 er=18 ed=-1 dl=17 dr=18 cl=0 cr=0 ok=327 fail=0 vofa=firewater rx=149 txdrop=0
1774961642.9482634,1774961642948263500,31442732223800,HB,71204,47940.0,1,2.46,0.604,17.0,16.0,1.0,13.0,15.0,2.0,4.0,17.0,16.0,0,0,,HB tick=71204 exp_id=181 t_ms=47940 run=1 spd=1 ts=20.000 as=16.500 ta=0.000 aa=1.309 se=3.500 so=3.143 ae=-1.309 ao=-0.532 pwm=14 pc=3 hd=-1 y=2.460 yr=0.604 L=2 R=4 OL=13 OR=15 el=17 er=16 ed=1 dl=17 dr=16 cl=0 cr=0 ok=328 fail=0 vofa=firewater rx=149 txdrop=0
1774961643.1773243,1774961643177324300,31442961284400,HB,71426,48162.0,1,1.998,-0.336,17.0,16.0,1.0,14.0,14.0,3.0,3.0,17.0,16.0,0,0,,HB tick=71426 exp_id=181 t_ms=48162 run=1 spd=1 ts=20.000 as=16.500 ta=0.000 aa=1.553 se=3.500 so=3.152 ae=-1.553 ao=-0.697 pwm=14 pc=3 hd=0 y=1.998 yr=-0.336 L=3 R=3 OL=14 OR=14 el=17 er=16 ed=1 dl=17 dr=16 cl=0 cr=0 ok=329 fail=0 vofa=firewater rx=149 txdrop=0
1774961643.3957949,1774961643395795000,31443179754900,HB,71643,48379.0,1,1.905,-0.369,17.0,17.0,0.0,14.0,14.0,3.0,3.0,17.0,17.0,0,0,,HB tick=71643 exp_id=181 t_ms=48379 run=1 spd=1 ts=20.000 as=17.000 ta=0.000 aa=1.091 se=3.000 so=3.110 ae=-1.091 ao=-0.286 pwm=14 pc=3 hd=0 y=1.905 yr=-0.369 L=3 R=3 OL=14 OR=14 el=17 er=17 ed=0 dl=17 dr=17 cl=0 cr=0 ok=330 fail=0 vofa=firewater rx=149 txdrop=0
1774961643.6029363,1774961643602936400,31443386896400,HB,71860,48596.0,1,1.662,-0.631,16.0,17.0,-1.0,13.0,15.0,2.0,4.0,16.0,17.0,0,0,,HB tick=71860 exp_id=181 t_ms=48596 run=1 spd=1 ts=20.000 as=16.500 ta=0.000 aa=0.998 se=3.500 so=3.168 ae=-0.998 ao=-0.254 pwm=14 pc=3 hd=-1 y=1.662 yr=-0.631 L=2 R=4 OL=13 OR=15 el=16 er=17 ed=-1 dl=16 dr=17 cl=0 cr=0 ok=331 fail=0 vofa=firewater rx=149 txdrop=0
1774961643.7702086,1774961643770208400,31443554168400,HB,72016,48752.0,1,1.578,-0.6,17.0,16.0,1.0,14.0,14.0,3.0,3.0,17.0,16.0,0,0,,HB tick=72016 exp_id=181 t_ms=48752 run=1 spd=1 ts=20.000 as=16.500 ta=0.000 aa=0.755 se=3.500 so=3.174 ae=-0.755 ao=-0.112 pwm=14 pc=3 hd=0 y=1.578 yr=-0.600 L=3 R=3 OL=14 OR=14 el=17 er=16 ed=1 dl=17 dr=16 cl=0 cr=0 ok=332 fail=0 vofa=firewater rx=149 txdrop=0
1774961644.0080118,1774961644008011800,31443791971800,HB,72265,49001.0,1,1.862,0.011,18.0,17.0,1.0,13.0,15.0,2.0,4.0,18.0,17.0,0,0,,HB tick=72265 exp_id=181 t_ms=49001 run=1 spd=1 ts=20.000 as=17.500 ta=0.000 aa=0.671 se=2.500 so=3.083 ae=-0.671 ao=-0.102 pwm=14 pc=3 hd=-1 y=1.862 yr=0.011 L=2 R=4 OL=13 OR=15 el=18 er=17 ed=1 dl=18 dr=17 cl=0 cr=0 ok=333 fail=0 vofa=firewater rx=149 txdrop=0
1774961644.2163804,1774961644216380400,31444000340500,HB,72466,49202.0,1,1.868,0.017,17.0,17.0,0.0,13.0,15.0,2.0,4.0,17.0,17.0,0,0,,HB tick=72466 exp_id=181 t_ms=49202 run=1 spd=1 ts=20.000 as=17.000 ta=0.000 aa=0.956 se=3.000 so=3.140 ae=-0.956 ao=-0.366 pwm=14 pc=3 hd=-1 y=1.868 yr=0.017 L=2 R=4 OL=13 OR=15 el=17 er=17 ed=0 dl=17 dr=17 cl=0 cr=0 ok=334 fail=0 vofa=firewater rx=149 txdrop=0
1774961644.434545,1774961644434545100,31444218505400,HB,72688,49424.0,1,1.764,-0.153,16.0,17.0,-1.0,14.0,14.0,3.0,3.0,16.0,17.0,0,0,,HB tick=72688 exp_id=181 t_ms=49424 run=1 spd=1 ts=20.000 as=16.500 ta=0.000 aa=0.961 se=3.500 so=3.199 ae=-0.961 ao=-0.370 pwm=14 pc=3 hd=0 y=1.764 yr=-0.153 L=3 R=3 OL=14 OR=14 el=16 er=17 ed=-1 dl=16 dr=17 cl=0 cr=0 ok=335 fail=0 vofa=firewater rx=149 txdrop=0
1774961644.653028,1774961644653028200,31444436988400,HB,72905,49641.0,1,1.915,0.143,17.0,17.0,0.0,14.0,14.0,3.0,3.0,17.0,17.0,0,0,,HB tick=72905 exp_id=181 t_ms=49641 run=1 spd=1 ts=20.000 as=17.000 ta=0.000 aa=0.857 se=3.000 so=3.157 ae=-0.857 ao=-0.291 pwm=14 pc=3 hd=0 y=1.915 yr=0.143 L=3 R=3 OL=14 OR=14 el=17 er=17 ed=0 dl=17 dr=17 cl=0 cr=0 ok=336 fail=0 vofa=firewater rx=149 txdrop=0
1774961644.8510127,1774961644851012700,31444634972800,HB,73106,49842.0,1,1.926,0.114,17.0,17.0,0.0,13.0,15.0,2.0,4.0,17.0,17.0,0,0,,HB tick=73106 exp_id=181 t_ms=49842 run=1 spd=1 ts=20.000 as=17.000 ta=0.000 aa=1.008 se=3.000 so=3.164 ae=-1.008 ao=-0.422 pwm=14 pc=3 hd=-1 y=1.926 yr=0.114 L=2 R=4 OL=13 OR=15 el=17 er=17 ed=0 dl=17 dr=17 cl=0 cr=0 ok=337 fail=0 vofa=firewater rx=149 txdrop=0
1774961645.0587826,1774961645058782400,31444842743300,HB,73311,50047.0,1,1.768,-0.197,17.0,17.0,0.0,13.0,15.0,2.0,4.0,17.0,17.0,0,0,,HB tick=73311 exp_id=181 t_ms=50047 run=1 spd=1 ts=20.000 as=17.000 ta=0.000 aa=1.020 se=3.000 so=3.173 ae=-1.020 ao=-0.416 pwm=14 pc=3 hd=-1 y=1.768 yr=-0.197 L=2 R=4 OL=13 OR=15 el=17 er=17 ed=0 dl=17 dr=17 cl=0 cr=0 ok=338 fail=0 vofa=firewater rx=149 txdrop=0
1774961645.26646,1774961645266459800,31445050420100,HB,73516,50252.0,1,1.659,-0.313,17.0,17.0,0.0,14.0,14.0,3.0,3.0,17.0,17.0,0,0,,HB tick=73516 exp_id=181 t_ms=50252 run=1 spd=1 ts=20.000 as=17.000 ta=0.000 aa=0.861 se=3.000 so=3.181 ae=-0.861 ao=-0.280 pwm=14 pc=3 hd=0 y=1.659 yr=-0.313 L=3 R=3 OL=14 OR=14 el=17 er=17 ed=0 dl=17 dr=17 cl=0 cr=0 ok=339 fail=0 vofa=firewater rx=149 txdrop=0
1774961645.4641562,1774961645464156100,31445248116400,HB,73721,50457.0,1,1.737,-0.072,16.0,16.0,0.0,14.0,14.0,3.0,3.0,16.0,16.0,0,0,,HB tick=73721 exp_id=181 t_ms=50457 run=1 spd=1 ts=20.000 as=16.000 ta=0.000 aa=0.753 se=4.000 so=3.289 ae=-0.753 ao=-0.217 pwm=14 pc=3 hd=0 y=1.737 yr=-0.072 L=3 R=3 OL=14 OR=14 el=16 er=16 ed=0 dl=16 dr=16 cl=0 cr=0 ok=340 fail=0 vofa=firewater rx=149 txdrop=0
1774961645.6320028,1774961645632002900,31445415963200,HB,73886,50622.0,1,1.558,-0.426,17.0,16.0,1.0,14.0,14.0,3.0,3.0,17.0,16.0,0,0,,HB tick=73886 exp_id=181 t_ms=50622 run=1 spd=1 ts=20.000 as=16.500 ta=0.000 aa=0.830 se=3.500 so=3.246 ae=-0.830 ao=-0.313 pwm=14 pc=3 hd=0 y=1.558 yr=-0.426 L=3 R=3 OL=14 OR=14 el=17 er=16 ed=1 dl=17 dr=16 cl=0 cr=0 ok=341 fail=0 vofa=firewater rx=149 txdrop=0
1774961645.892622,1774961645892622100,31445676582300,HB,74139,50875.0,1,1.545,-0.295,17.0,17.0,0.0,14.0,14.0,3.0,3.0,17.0,17.0,0,0,,HB tick=74139 exp_id=181 t_ms=50875 run=1 spd=1 ts=20.000 as=17.000 ta=0.000 aa=0.651 se=3.000 so=3.206 ae=-0.651 ao=-0.157 pwm=14 pc=3 hd=0 y=1.545 yr=-0.295 L=3 R=3 OL=14 OR=14 el=17 er=17 ed=0 dl=17 dr=17 cl=0 cr=0 ok=342 fail=0 vofa=firewater rx=149 txdrop=0
1774961646.0388746,1774961646038874600,31445822834900,HB,74296,51032.0,1,1.559,-0.16,17.0,16.0,1.0,14.0,14.0,3.0,3.0,17.0,16.0,0,0,,HB tick=74296 exp_id=181 t_ms=51032 run=1 spd=1 ts=20.000 as=16.500 ta=0.000 aa=0.638 se=3.500 so=3.261 ae=-0.638 ao=-0.196 pwm=14 pc=3 hd=0 y=1.559 yr=-0.160 L=3 R=3 OL=14 OR=14 el=17 er=16 ed=1 dl=17 dr=16 cl=0 cr=0 ok=343 fail=0 vofa=firewater rx=149 txdrop=0
1774961646.2886822,1774961646288682300,31446072642800,HB,74545,51281.0,1,1.383,-0.35,16.0,16.0,0.0,13.0,15.0,2.0,4.0,16.0,16.0,0,0,,HB tick=74545 exp_id=181 t_ms=51281 run=1 spd=1 ts=20.000 as=16.000 ta=0.000 aa=0.652 se=4.000 so=3.322 ae=-0.652 ao=-0.243 pwm=14 pc=3 hd=-1 y=1.383 yr=-0.350 L=2 R=4 OL=13 OR=15 el=16 er=16 ed=0 dl=16 dr=16 cl=0 cr=0 ok=344 fail=0 vofa=firewater rx=149 txdrop=0
1774961646.4970896,1774961646497089500,31446281049800,HB,74746,51482.0,1,1.374,-0.244,17.0,17.0,0.0,14.0,14.0,3.0,3.0,17.0,17.0,0,0,,HB tick=74746 exp_id=181 t_ms=51482 run=1 spd=1 ts=20.000 as=17.000 ta=0.000 aa=0.477 se=3.000 so=3.230 ae=-0.477 ao=-0.140 pwm=14 pc=3 hd=0 y=1.374 yr=-0.244 L=3 R=3 OL=14 OR=14 el=17 er=17 ed=0 dl=17 dr=17 cl=0 cr=0 ok=345 fail=0 vofa=firewater rx=149 txdrop=0
1774961646.695155,1774961646695154900,31446479114900,HB,74952,51688.0,1,1.465,-0.004,17.0,17.0,0.0,14.0,14.0,3.0,3.0,17.0,17.0,0,0,,HB tick=74952 exp_id=181 t_ms=51688 run=1 spd=1 ts=20.000 as=17.000 ta=0.000 aa=0.467 se=3.000 so=3.238 ae=-0.467 ao=-0.172 pwm=14 pc=3 hd=0 y=1.465 yr=-0.004 L=3 R=3 OL=14 OR=14 el=17 er=17 ed=0 dl=17 dr=17 cl=0 cr=0 ok=346 fail=0 vofa=firewater rx=149 txdrop=0
1774961646.9231567,1774961646923156800,31446707117000,HB,75173,51908.0,1,1.37,-0.154,16.0,16.0,0.0,14.0,14.0,3.0,3.0,16.0,16.0,0,0,,HB tick=75173 exp_id=181 t_ms=51908 run=1 spd=1 ts=20.000 as=16.000 ta=0.000 aa=0.463 se=4.000 so=3.348 ae=-0.463 ao=-0.236 pwm=14 pc=3 hd=0 y=1.370 yr=-0.154 L=3 R=3 OL=14 OR=14 el=16 er=16 ed=0 dl=16 dr=16 cl=0 cr=0 ok=347 fail=0 vofa=firewater rx=149 txdrop=0
1774961647.1316197,1774961647131619500,31446915579600,HB,75373,52109.0,1,1.446,0.032,17.0,17.0,0.0,14.0,14.0,3.0,3.0,17.0,17.0,0,0,,HB tick=75373 exp_id=181 t_ms=52109 run=1 spd=1 ts=20.000 as=17.000 ta=0.000 aa=0.463 se=3.000 so=3.255 ae=-0.463 ao=-0.200 pwm=14 pc=3 hd=0 y=1.446 yr=0.032 L=3 R=3 OL=14 OR=14 el=17 er=17 ed=0 dl=17 dr=17 cl=0 cr=0 ok=348 fail=0 vofa=firewater rx=149 txdrop=0
1774961647.2770069,1774961647277006900,31447060967900,HB,75534,52270.0,1,1.477,0.089,17.0,17.0,0.0,14.0,14.0,3.0,3.0,17.0,17.0,0,0,,HB tick=75534 exp_id=181 t_ms=52270 run=1 spd=1 ts=20.000 as=17.000 ta=0.000 aa=0.539 se=3.000 so=3.261 ae=-0.539 ao=-0.278 pwm=14 pc=3 hd=0 y=1.477 yr=0.089 L=3 R=3 OL=14 OR=14 el=17 er=17 ed=0 dl=17 dr=17 cl=0 cr=0 ok=349 fail=0 vofa=firewater rx=149 txdrop=0
1774961647.5277627,1774961647527762700,31447311725400,HB,75782,52518.0,1,1.406,-0.043,16.0,16.0,0.0,14.0,14.0,3.0,3.0,16.0,16.0,0,0,,HB tick=75782 exp_id=181 t_ms=52518 run=1 spd=1 ts=20.000 as=16.000 ta=0.000 aa=0.570 se=4.000 so=3.371 ae=-0.570 ao=-0.305 pwm=14 pc=3 hd=0 y=1.406 yr=-0.043 L=3 R=3 OL=14 OR=14 el=16 er=16 ed=0 dl=16 dr=16 cl=0 cr=0 ok=350 fail=0 vofa=firewater rx=149 txdrop=0
1774961647.684498,1774961647684498200,31447468458200,HB,75938,52674.0,1,1.464,0.103,17.0,16.0,1.0,14.0,14.0,3.0,3.0,17.0,16.0,0,0,,HB tick=75938 exp_id=181 t_ms=52674 run=1 spd=1 ts=20.000 as=16.500 ta=0.000 aa=0.499 se=3.500 so=3.327 ae=-0.499 ao=-0.245 pwm=14 pc=3 hd=0 y=1.464 yr=0.103 L=3 R=3 OL=14 OR=14 el=17 er=16 ed=1 dl=17 dr=16 cl=0 cr=0 ok=351 fail=0 vofa=firewater rx=149 txdrop=0
1774961647.9226422,1774961647922642300,31447706602400,HB,76171,52907.0,1,1.587,0.251,17.0,17.0,0.0,14.0,14.0,3.0,3.0,17.0,17.0,0,0,,HB tick=76171 exp_id=181 t_ms=52907 run=1 spd=1 ts=20.000 as=17.000 ta=0.000 aa=0.557 se=3.000 so=3.286 ae=-0.557 ao=-0.306 pwm=14 pc=3 hd=0 y=1.587 yr=0.251 L=3 R=3 OL=14 OR=14 el=17 er=17 ed=0 dl=17 dr=17 cl=0 cr=0 ok=352 fail=0 vofa=firewater rx=149 txdrop=0
1774961648.1404696,1774961648140469400,31447924429600,HB,76392,53128.0,1,1.653,0.269,17.0,16.0,1.0,13.0,15.0,2.0,4.0,17.0,16.0,0,0,,HB tick=76392 exp_id=181 t_ms=53128 run=1 spd=1 ts=20.000 as=16.500 ta=0.000 aa=0.680 se=3.500 so=3.344 ae=-0.680 ao=-0.384 pwm=14 pc=3 hd=-1 y=1.653 yr=0.269 L=2 R=4 OL=13 OR=15 el=17 er=16 ed=1 dl=17 dr=16 cl=0 cr=0 ok=353 fail=0 vofa=firewater rx=149 txdrop=0
1774961648.3361843,1774961648336184300,31448120144600,HB,76592,53328.0,1,1.816,0.459,17.0,16.0,1.0,13.0,15.0,2.0,4.0,17.0,16.0,0,0,,HB tick=76592 exp_id=181 t_ms=53328 run=1 spd=1 ts=20.000 as=16.500 ta=0.000 aa=0.746 se=3.500 so=3.353 ae=-0.746 ao=-0.405 pwm=14 pc=3 hd=-1 y=1.816 yr=0.459 L=2 R=4 OL=13 OR=15 el=17 er=16 ed=1 dl=17 dr=16 cl=0 cr=0 ok=354 fail=0 vofa=firewater rx=149 txdrop=0
1774961648.5646024,1774961648564602400,31448348562800,HB,76818,53554.0,1,4.212,4.009,17.0,17.0,0.0,13.0,15.0,2.0,4.0,17.0,17.0,0,0,,HB tick=76818 exp_id=181 t_ms=53554 run=1 spd=1 ts=20.000 as=17.000 ta=0.000 aa=0.909 se=3.000 so=3.312 ae=-0.909 ao=-0.506 pwm=14 pc=3 hd=-1 y=4.212 yr=4.009 L=2 R=4 OL=13 OR=15 el=17 er=17 ed=0 dl=17 dr=17 cl=0 cr=0 ok=355 fail=0 vofa=firewater rx=149 txdrop=0
1774961648.7204258,1774961648720425700,31448504386400,HB,76974,53710.0,1,4.536,3.333,17.0,16.0,1.0,13.0,15.0,2.0,4.0,17.0,16.0,0,0,,HB tick=76974 exp_id=181 t_ms=53710 run=1 spd=1 ts=20.000 as=16.500 ta=0.000 aa=3.305 se=3.500 so=3.368 ae=-3.305 ao=-2.218 pwm=14 pc=3 hd=-1 y=4.536 yr=3.333 L=2 R=4 OL=13 OR=15 el=17 er=16 ed=1 dl=17 dr=16 cl=0 cr=0 ok=356 fail=0 vofa=firewater rx=149 txdrop=0
1774961648.9707038,1774961648970704000,31448754664100,HB,77224,53960.0,1,4.876,2.643,17.0,17.0,0.0,13.0,15.0,2.0,4.0,17.0,17.0,0,0,,HB tick=77224 exp_id=181 t_ms=53960 run=1 spd=1 ts=20.000 as=17.000 ta=0.000 aa=3.629 se=3.000 so=3.329 ae=-3.629 ao=-2.082 pwm=14 pc=3 hd=-1 y=4.876 yr=2.643 L=2 R=4 OL=13 OR=15 el=17 er=17 ed=0 dl=17 dr=17 cl=0 cr=0 ok=357 fail=0 vofa=firewater rx=149 txdrop=0
1774961649.1682658,1774961649168265700,31448952226500,HB,77424,54160.0,1,4.768,1.529,16.0,17.0,-1.0,13.0,15.0,2.0,4.0,16.0,17.0,0,0,,HB tick=77424 exp_id=181 t_ms=54160 run=1 spd=1 ts=20.000 as=16.500 ta=0.000 aa=3.969 se=3.500 so=3.386 ae=-3.969 ao=-1.944 pwm=14 pc=3 hd=-1 y=4.768 yr=1.529 L=2 R=4 OL=13 OR=15 el=16 er=17 ed=-1 dl=16 dr=17 cl=0 cr=0 ok=358 fail=0 vofa=firewater rx=149 txdrop=0
1774961649.3883572,1774961649388357200,31449172317300,HB,77646,54382.0,1,3.505,-0.998,16.0,17.0,-1.0,13.0,15.0,2.0,4.0,16.0,17.0,0,0,,HB tick=77646 exp_id=181 t_ms=54382 run=1 spd=1 ts=20.000 as=16.500 ta=0.000 aa=3.861 se=3.500 so=3.395 ae=-3.861 ao=-1.564 pwm=14 pc=3 hd=-1 y=3.505 yr=-0.998 L=2 R=4 OL=13 OR=15 el=16 er=17 ed=-1 dl=16 dr=17 cl=0 cr=0 ok=359 fail=0 vofa=firewater rx=149 txdrop=0
1774961649.5467098,1774961649546709800,31449330669900,HB,77802,54538.0,1,3.343,-1.012,16.0,16.0,0.0,13.0,15.0,2.0,4.0,16.0,16.0,0,0,,HB tick=77802 exp_id=181 t_ms=54538 run=1 spd=1 ts=20.000 as=16.000 ta=0.000 aa=2.598 se=4.000 so=3.452 ae=-2.598 ao=-0.453 pwm=14 pc=3 hd=-1 y=3.343 yr=-1.012 L=2 R=4 OL=13 OR=15 el=16 er=16 ed=0 dl=16 dr=16 cl=0 cr=0 ok=360 fail=0 vofa=firewater rx=149 txdrop=0
1774961649.7986734,1774961649798673300,31449582633700,HB,78051,54787.0,1,2.247,-2.199,17.0,17.0,0.0,14.0,14.0,3.0,3.0,17.0,17.0,0,0,,HB tick=78051 exp_id=181 t_ms=54787 run=1 spd=1 ts=20.000 as=17.000 ta=0.000 aa=2.436 se=3.000 so=3.361 ae=-2.436 ao=-0.411 pwm=14 pc=3 hd=0 y=2.247 yr=-2.199 L=3 R=3 OL=14 OR=14 el=17 er=17 ed=0 dl=17 dr=17 cl=0 cr=0 ok=361 fail=0 vofa=firewater rx=149 txdrop=0
1774961649.9551954,1774961649955195400,31449739156100,HB,78207,54943.0,1,2.101,-1.755,16.0,17.0,-1.0,14.0,14.0,3.0,3.0,16.0,17.0,0,0,,HB tick=78207 exp_id=181 t_ms=54943 run=1 spd=1 ts=20.000 as=16.500 ta=0.000 aa=1.340 se=3.500 so=3.417 ae=-1.340 ao=0.231 pwm=14 pc=3 hd=0 y=2.101 yr=-1.755 L=3 R=3 OL=14 OR=14 el=16 er=17 ed=-1 dl=16 dr=17 cl=0 cr=0 ok=362 fail=0 vofa=firewater rx=149 txdrop=0
1774961650.2056978,1774961650205697700,31449989658000,HB,78456,55192.0,1,1.253,-2.333,17.0,18.0,-1.0,14.0,14.0,3.0,3.0,17.0,18.0,0,0,,HB tick=78456 exp_id=181 t_ms=55192 run=1 spd=1 ts=20.000 as=17.500 ta=0.000 aa=1.195 se=2.500 so=3.326 ae=-1.195 ao=0.123 pwm=14 pc=3 hd=0 y=1.253 yr=-2.333 L=3 R=3 OL=14 OR=14 el=17 er=18 ed=-1 dl=17 dr=18 cl=0 cr=0 ok=363 fail=0 vofa=firewater rx=149 txdrop=0
1774961650.3617418,1774961650361741800,31450145702100,HB,78613,55349.0,1,1.289,-1.436,17.0,17.0,0.0,14.0,14.0,3.0,3.0,17.0,17.0,0,0,,HB tick=78613 exp_id=181 t_ms=55349 run=1 spd=1 ts=20.000 as=17.000 ta=0.000 aa=0.346 se=3.000 so=3.381 ae=-0.346 ao=0.512 pwm=14 pc=3 hd=0 y=1.289 yr=-1.436 L=3 R=3 OL=14 OR=14 el=17 er=17 ed=0 dl=17 dr=17 cl=0 cr=0 ok=364 fail=0 vofa=firewater rx=149 txdrop=0
1774961650.5903587,1774961650590358900,31450374319300,HB,78846,55582.0,1,1.377,-0.801,17.0,16.0,1.0,14.0,14.0,3.0,3.0,17.0,16.0,0,0,,HB tick=78846 exp_id=181 t_ms=55582 run=1 spd=1 ts=20.000 as=16.500 ta=0.000 aa=0.382 se=3.500 so=3.439 ae=-0.382 ao=0.216 pwm=14 pc=3 hd=0 y=1.377 yr=-0.801 L=3 R=3 OL=14 OR=14 el=17 er=16 ed=1 dl=17 dr=16 cl=0 cr=0 ok=365 fail=0 vofa=firewater rx=149 txdrop=0
1774961650.798328,1774961650798327700,31450582288700,HB,79051,55787.0,1,1.449,-0.398,17.0,17.0,0.0,14.0,14.0,3.0,3.0,17.0,17.0,0,0,,HB tick=79051 exp_id=181 t_ms=55787 run=1 spd=1 ts=20.000 as=17.000 ta=0.000 aa=0.470 se=3.000 so=3.397 ae=-0.470 ao=-0.009 pwm=14 pc=3 hd=0 y=1.449 yr=-0.398 L=3 R=3 OL=14 OR=14 el=17 er=17 ed=0 dl=17 dr=17 cl=0 cr=0 ok=366 fail=0 vofa=firewater rx=149 txdrop=0
1774961651.0287063,1774961651028706400,31450812666800,HB,79277,56013.0,1,1.72,0.162,17.0,18.0,-1.0,14.0,14.0,3.0,3.0,17.0,18.0,0,0,,HB tick=79277 exp_id=181 t_ms=56013 run=1 spd=1 ts=20.000 as=17.500 ta=0.000 aa=0.542 se=2.500 so=3.353 ae=-0.542 ao=-0.155 pwm=14 pc=3 hd=0 y=1.720 yr=0.162 L=3 R=3 OL=14 OR=14 el=17 er=18 ed=-1 dl=17 dr=18 cl=0 cr=0 ok=367 fail=0 vofa=firewater rx=149 txdrop=0
1774961651.175093,1774961651175093000,31450959054300,HB,79433,56169.0,1,1.727,0.119,18.0,17.0,1.0,13.0,15.0,2.0,4.0,18.0,17.0,0,0,,HB tick=79433 exp_id=181 t_ms=56169 run=1 spd=1 ts=20.000 as=17.500 ta=0.000 aa=0.814 se=2.500 so=3.359 ae=-0.814 ao=-0.400 pwm=14 pc=3 hd=-1 y=1.727 yr=0.119 L=2 R=4 OL=13 OR=15 el=18 er=17 ed=1 dl=18 dr=17 cl=0 cr=0 ok=368 fail=0 vofa=firewater rx=149 txdrop=0
1774961651.434522,1774961651434521800,31451218482600,HB,79683,56419.0,1,1.379,-0.409,18.0,17.0,1.0,14.0,14.0,3.0,3.0,18.0,17.0,0,0,,HB tick=79683 exp_id=181 t_ms=56419 run=1 spd=1 ts=20.000 as=17.500 ta=0.000 aa=0.820 se=2.500 so=3.368 ae=-0.820 ao=-0.388 pwm=14 pc=3 hd=0 y=1.379 yr=-0.409 L=3 R=3 OL=14 OR=14 el=18 er=17 ed=1 dl=18 dr=17 cl=0 cr=0 ok=369 fail=0 vofa=firewater rx=149 txdrop=0
1774961651.6312659,1774961651631265800,31451415226400,HB,79883,56619.0,1,1.38,-0.265,18.0,18.0,0.0,14.0,14.0,3.0,3.0,18.0,18.0,0,0,,HB tick=79883 exp_id=181 t_ms=56619 run=1 spd=1 ts=20.000 as=18.000 ta=0.000 aa=0.472 se=2.000 so=3.323 ae=-0.472 ao=-0.136 pwm=14 pc=3 hd=0 y=1.380 yr=-0.265 L=3 R=3 OL=14 OR=14 el=18 er=18 ed=0 dl=18 dr=18 cl=0 cr=0 ok=370 fail=0 vofa=firewater rx=149 txdrop=0
1774961651.8504105,1774961651850410500,31451634371200,HB,80105,56841.0,1,1.219,-0.426,17.0,17.0,0.0,14.0,14.0,3.0,3.0,17.0,17.0,0,0,,HB tick=80105 exp_id=181 t_ms=56841 run=1 spd=1 ts=20.000 as=17.000 ta=0.000 aa=0.473 se=3.000 so=3.431 ae=-0.473 ao=-0.183 pwm=14 pc=3 hd=0 y=1.219 yr=-0.426 L=3 R=3 OL=14 OR=14 el=17 er=17 ed=0 dl=17 dr=17 cl=0 cr=0 ok=371 fail=0 vofa=firewater rx=149 txdrop=0
1774961652.0480442,1774961652048044300,31451832004800,HB,80305,57041.0,1,1.241,-0.238,17.0,17.0,0.0,14.0,14.0,3.0,3.0,17.0,17.0,0,0,,HB tick=80305 exp_id=181 t_ms=57041 run=1 spd=1 ts=20.000 as=17.000 ta=0.000 aa=0.312 se=3.000 so=3.438 ae=-0.312 ao=-0.093 pwm=14 pc=3 hd=0 y=1.241 yr=-0.238 L=3 R=3 OL=14 OR=14 el=17 er=17 ed=0 dl=17 dr=17 cl=0 cr=0 ok=372 fail=0 vofa=firewater rx=149 txdrop=0
1774961652.2780008,1774961652278001000,31452061963300,HB,80526,57262.0,1,1.418,0.125,17.0,17.0,0.0,13.0,15.0,2.0,4.0,17.0,17.0,0,0,,HB tick=80526 exp_id=181 t_ms=57262 run=1 spd=1 ts=20.000 as=17.000 ta=0.000 aa=0.334 se=3.000 so=3.445 ae=-0.334 ao=-0.158 pwm=14 pc=3 hd=-1 y=1.418 yr=0.125 L=2 R=4 OL=13 OR=15 el=17 er=17 ed=0 dl=17 dr=17 cl=0 cr=0 ok=373 fail=0 vofa=firewater rx=149 txdrop=0
1774961652.4965377,1774961652496537500,31452280500000,HB,80743,57479.0,1,1.235,-0.213,17.0,17.0,0.0,14.0,14.0,3.0,3.0,17.0,17.0,0,0,,HB tick=80743 exp_id=181 t_ms=57479 run=1 spd=1 ts=20.000 as=17.000 ta=0.000 aa=0.511 se=3.000 so=3.453 ae=-0.511 ao=-0.317 pwm=14 pc=3 hd=0 y=1.235 yr=-0.213 L=3 R=3 OL=14 OR=14 el=17 er=17 ed=0 dl=17 dr=17 cl=0 cr=0 ok=374 fail=0 vofa=firewater rx=149 txdrop=0
1774961652.7046213,1774961652704621400,31452488581400,HB,80960,57696.0,1,1.341,0.032,17.0,17.0,0.0,13.0,15.0,2.0,4.0,17.0,17.0,0,0,,HB tick=80960 exp_id=181 t_ms=57696 run=1 spd=1 ts=20.000 as=17.000 ta=0.000 aa=0.328 se=3.000 so=3.461 ae=-0.328 ao=-0.165 pwm=14 pc=3 hd=-1 y=1.341 yr=0.032 L=2 R=4 OL=13 OR=15 el=17 er=17 ed=0 dl=17 dr=17 cl=0 cr=0 ok=375 fail=0 vofa=firewater rx=149 txdrop=0
1774961652.9241738,1774961652924173700,31452708134000,HB,81177,57912.0,1,1.419,0.148,17.0,18.0,-1.0,14.0,14.0,3.0,3.0,17.0,18.0,0,0,,HB tick=81177 exp_id=181 t_ms=57912 run=1 spd=1 ts=20.000 as=17.500 ta=0.000 aa=0.434 se=2.500 so=3.418 ae=-0.434 ao=-0.269 pwm=14 pc=3 hd=0 y=1.419 yr=0.148 L=3 R=3 OL=14 OR=14 el=17 er=18 ed=-1 dl=17 dr=18 cl=0 cr=0 ok=376 fail=0 vofa=firewater rx=149 txdrop=0
1774961653.0804234,1774961653080423400,31452864384600,HB,81333,58069.0,1,1.327,-0.111,17.0,17.0,0.0,14.0,14.0,3.0,3.0,17.0,17.0,0,0,,HB tick=81333 exp_id=181 t_ms=58069 run=1 spd=1 ts=20.000 as=17.000 ta=0.000 aa=0.512 se=3.000 so=3.474 ae=-0.512 ao=-0.325 pwm=14 pc=3 hd=0 y=1.327 yr=-0.111 L=3 R=3 OL=14 OR=14 el=17 er=17 ed=0 dl=17 dr=17 cl=0 cr=0 ok=377 fail=0 vofa=firewater rx=149 txdrop=0
1774961653.3186553,1774961653318655300,31453102615800,HB,81566,58302.0,1,1.194,-0.271,18.0,18.0,0.0,13.0,15.0,2.0,4.0,18.0,18.0,0,0,,HB tick=81566 exp_id=181 t_ms=58302 run=1 spd=1 ts=20.000 as=18.000 ta=0.000 aa=0.420 se=2.000 so=3.382 ae=-0.420 ao=-0.220 pwm=14 pc=3 hd=-1 y=1.194 yr=-0.271 L=2 R=4 OL=13 OR=15 el=18 er=18 ed=0 dl=18 dr=18 cl=0 cr=0 ok=378 fail=0 vofa=firewater rx=149 txdrop=0
1774961653.5151258,1774961653515125800,31453299088500,HB,81771,58507.0,1,1.361,0.109,17.0,17.0,0.0,14.0,14.0,3.0,3.0,17.0,17.0,0,0,,HB tick=81771 exp_id=181 t_ms=58507 run=1 spd=1 ts=20.000 as=17.000 ta=0.000 aa=0.287 se=3.000 so=3.489 ae=-0.287 ao=-0.138 pwm=14 pc=3 hd=0 y=1.361 yr=0.109 L=3 R=3 OL=14 OR=14 el=17 er=17 ed=0 dl=17 dr=17 cl=0 cr=0 ok=379 fail=0 vofa=firewater rx=149 txdrop=0
1774961653.6811526,1774961653681152400,31453465113100,HB,81932,58668.0,1,1.53,0.44,17.0,17.0,0.0,14.0,16.0,3.0,5.0,17.0,17.0,0,0,,HB tick=81932 exp_id=181 t_ms=58668 run=1 spd=1 ts=20.000 as=17.000 ta=0.000 aa=0.454 se=3.000 so=3.495 ae=-0.454 ao=-0.299 pwm=15 pc=4 hd=-1 y=1.530 yr=0.440 L=3 R=5 OL=14 OR=16 el=17 er=17 ed=0 dl=17 dr=17 cl=0 cr=0 ok=380 fail=0 vofa=firewater rx=149 txdrop=0
1774961653.9314992,1774961653931499200,31453715459300,HB,82181,58917.0,1,1.195,-0.185,12.0,15.0,-3.0,14.0,16.0,3.0,5.0,12.0,15.0,0,0,,HB tick=82181 exp_id=181 t_ms=58917 run=1 spd=1 ts=20.000 as=13.500 ta=0.000 aa=0.623 se=6.500 so=3.860 ae=-0.623 ao=-0.446 pwm=15 pc=4 hd=-1 y=1.195 yr=-0.185 L=3 R=5 OL=14 OR=16 el=12 er=15 ed=-3 dl=12 dr=15 cl=0 cr=0 ok=381 fail=0 vofa=firewater rx=149 txdrop=0
1774961654.128327,1774961654128326800,31453912287000,HB,82382,59118.0,1,0.78,-0.844,18.0,19.0,-1.0,14.0,14.0,3.0,3.0,18.0,19.0,0,0,,HB tick=82382 exp_id=181 t_ms=59118 run=1 spd=1 ts=20.000 as=18.500 ta=0.000 aa=0.289 se=1.500 so=3.366 ae=-0.289 ao=-0.166 pwm=14 pc=3 hd=0 y=0.780 yr=-0.844 L=3 R=3 OL=14 OR=14 el=18 er=19 ed=-1 dl=18 dr=19 cl=0 cr=0 ok=382 fail=0 vofa=firewater rx=149 txdrop=0
1774961654.336048,1774961654336047800,31454120008100,HB,82587,59323.0,1,-4.63,-9.784,20.0,19.0,1.0,14.0,14.0,3.0,3.0,20.0,19.0,0,0,,HB tick=82587 exp_id=181 t_ms=59323 run=1 spd=1 ts=20.000 as=19.500 ta=0.000 aa=-0.127 se=0.500 so=3.267 ae=0.127 ao=0.144 pwm=14 pc=3 hd=0 y=-4.630 yr=-9.784 L=3 R=3 OL=14 OR=14 el=20 er=19 ed=1 dl=20 dr=19 cl=0 cr=0 ok=383 fail=0 vofa=firewater rx=149 txdrop=0
1774961654.5537977,1774961654553797700,31454337758700,HB,82807,59543.0,1,2.871,5.573,22.0,14.0,8.0,15.0,13.0,4.0,2.0,22.0,14.0,0,0,,HB tick=82807 exp_id=181 t_ms=59543 run=1 spd=1 ts=20.000 as=18.000 ta=0.000 aa=-5.537 se=2.000 so=3.419 ae=5.537 ao=4.307 pwm=14 pc=3 hd=1 y=2.871 yr=5.573 L=4 R=2 OL=15 OR=13 el=22 er=14 ed=8 dl=22 dr=14 cl=0 cr=0 ok=384 fail=0 vofa=firewater rx=149 txdrop=0
1774961654.7515278,1774961654751527800,31454535488100,HB,83008,59744.0,1,5.605,8.383,18.0,17.0,1.0,13.0,15.0,2.0,4.0,18.0,17.0,0,0,,HB tick=83008 exp_id=181 t_ms=59744 run=1 spd=1 ts=20.000 as=17.500 ta=0.000 aa=1.964 se=2.500 so=3.475 ae=-1.964 ao=-2.409 pwm=14 pc=3 hd=-1 y=5.605 yr=8.383 L=2 R=4 OL=13 OR=15 el=18 er=17 ed=1 dl=18 dr=17 cl=0 cr=0 ok=385 fail=0 vofa=firewater rx=149 txdrop=0
1774961654.918839,1774961654918839000,31454702799100,HB,83169,59905.0,1,9.799,14.566,18.0,17.0,1.0,13.0,15.0,2.0,4.0,18.0,17.0,0,0,,HB tick=83169 exp_id=181 t_ms=59905 run=1 spd=1 ts=20.000 as=17.500 ta=0.000 aa=4.698 se=2.500 so=3.480 ae=-4.698 ao=-3.966 pwm=14 pc=3 hd=-1 y=9.799 yr=14.566 L=2 R=4 OL=13 OR=15 el=18 er=17 ed=1 dl=18 dr=17 cl=0 cr=0 ok=386 fail=0 vofa=firewater rx=149 txdrop=0
1774961655.1472,1774961655147199900,31454931160500,HB,83402,60138.0,1,11.621,12.205,18.0,18.0,0.0,13.0,15.0,2.0,4.0,18.0,18.0,0,0,,HB tick=83402 exp_id=181 t_ms=60138 run=1 spd=1 ts=20.000 as=18.000 ta=0.000 aa=8.892 se=2.000 so=3.437 ae=-8.892 ao=-6.956 pwm=14 pc=3 hd=-1 y=11.621 yr=12.205 L=2 R=4 OL=13 OR=15 el=18 er=18 ed=0 dl=18 dr=18 cl=0 cr=0 ok=387 fail=0 vofa=firewater rx=149 txdrop=0
1774961666.4635444,1774961666463544200,31466247504300,HB,94616,0.0,0,33.063,-7.753,0.0,0.0,0.0,0.0,0.0,0.0,0.0,0.0,0.0,0,0,,HB tick=94616 run=0 spd=1 ts=0.000 as=0.000 ta=0.000 aa=0.000 se=0.000 so=0.000 ae=0.000 ao=0.000 pwm=0 pc=0 hd=0 y=33.063 yr=-7.753 L=0 R=0 OL=0 OR=0 el=0 er=0 ed=0 dl=0 dr=0 cl=0 cr=0 ok=388 fail=0 vofa=firewater rx=205 txdrop=12098
1774961666.5670786,1774961666567078700,31466351038800,HB,94824,0.0,0,23.689,-20.813,0.0,0.0,0.0,0.0,0.0,0.0,0.0,0.0,0.0,0,0,yaw_jump,HB tick=94824 run=0 spd=1 ts=0.000 as=0.000 ta=0.000 aa=0.000 se=0.000 so=0.000 ae=0.000 ao=0.000 pwm=0 pc=0 hd=0 y=23.689 yr=-20.813 L=0 R=0 OL=0 OR=0 el=0 er=0 ed=0 dl=0 dr=0 cl=0 cr=0 ok=389 fail=0 vofa=firewater rx=205 txdrop=12098
1774961666.7644863,1774961666764486500,31466548446700,HB,95027,0.0,0,13.322,-31.314,0.0,0.0,0.0,0.0,0.0,0.0,0.0,0.0,0.0,0,0,yaw_jump,HB tick=95027 run=0 spd=1 ts=0.000 as=0.000 ta=0.000 aa=0.000 se=0.000 so=0.000 ae=0.000 ao=0.000 pwm=0 pc=0 hd=0 y=13.322 yr=-31.314 L=0 R=0 OL=0 OR=0 el=0 er=0 ed=0 dl=0 dr=0 cl=0 cr=0 ok=390 fail=0 vofa=firewater rx=205 txdrop=12098
1774961667.1183627,1774961667118362700,31466902322800,HB,95371,0.0,0,8.239,-20.883,0.0,0.0,0.0,0.0,0.0,0.0,0.0,0.0,0.0,0,0,,HB tick=95371 run=0 spd=1 ts=0.000 as=0.000 ta=0.000 aa=0.000 se=0.000 so=0.000 ae=0.000 ao=0.000 pwm=0 pc=0 hd=0 y=8.239 yr=-20.883 L=0 R=0 OL=0 OR=0 el=0 er=0 ed=0 dl=0 dr=0 cl=0 cr=0 ok=391 fail=0 vofa=firewater rx=205 txdrop=12098
1774961667.347967,1774961667347966900,31467131927200,HB,95602,0.0,0,8.41,-13.315,0.0,0.0,0.0,0.0,0.0,0.0,0.0,0.0,0.0,0,0,,HB tick=95602 run=0 spd=1 ts=0.000 as=0.000 ta=0.000 aa=0.000 se=0.000 so=0.000 ae=0.000 ao=0.000 pwm=0 pc=0 hd=0 y=8.410 yr=-13.315 L=0 R=0 OL=0 OR=0 el=0 er=0 ed=0 dl=0 dr=0 cl=0 cr=0 ok=392 fail=0 vofa=firewater rx=205 txdrop=12098
1774961667.566628,1774961667566628000,31467350587900,HB,95805,0.0,0,7.464,-10.293,0.0,0.0,0.0,0.0,0.0,0.0,0.0,0.0,0.0,0,0,,HB tick=95805 run=0 spd=1 ts=0.000 as=0.000 ta=0.000 aa=0.000 se=0.000 so=0.000 ae=0.000 ao=0.000 pwm=0 pc=0 hd=0 y=7.464 yr=-10.293 L=0 R=0 OL=0 OR=0 el=0 er=0 ed=0 dl=0 dr=0 cl=0 cr=0 ok=393 fail=0 vofa=firewater rx=205 txdrop=12098
1774961667.8885884,1774961667888588600,31467672548800,HB,96151,0.0,0,0.151,-15.394,0.0,0.0,0.0,0.0,0.0,0.0,0.0,0.0,0.0,0,0,,HB tick=96151 run=0 spd=1 ts=0.000 as=0.000 ta=0.000 aa=0.000 se=0.000 so=0.000 ae=0.000 ao=0.000 pwm=0 pc=0 hd=0 y=0.151 yr=-15.394 L=0 R=0 OL=0 OR=0 el=0 er=0 ed=0 dl=0 dr=0 cl=0 cr=0 ok=394 fail=0 vofa=firewater rx=205 txdrop=12098
1774961668.1276212,1774961668127621000,31467911595800,HB,96381,0.0,0,-7.687,-21.933,0.0,0.0,0.0,0.0,0.0,0.0,0.0,0.0,0.0,0,0,,HB tick=96381 run=0 spd=1 ts=0.000 as=0.000 ta=0.000 aa=0.000 se=0.000 so=0.000 ae=0.000 ao=0.000 pwm=0 pc=0 hd=0 y=-7.687 yr=-21.933 L=0 R=0 OL=0 OR=0 el=0 er=0 ed=0 dl=0 dr=0 cl=0 cr=0 ok=395 fail=0 vofa=firewater rx=205 txdrop=12098
1774961668.4713333,1774961668471333400,31468255294000,HB,96725,0.0,0,-9.371,-11.607,0.0,0.0,0.0,0.0,0.0,0.0,0.0,0.0,0.0,0,0,,HB tick=96725 run=0 spd=1 ts=0.000 as=0.000 ta=0.000 aa=0.000 se=0.000 so=0.000 ae=0.000 ao=0.000 pwm=0 pc=0 hd=0 y=-9.371 yr=-11.607 L=0 R=0 OL=0 OR=0 el=0 er=0 ed=0 dl=0 dr=0 cl=0 cr=0 ok=396 fail=0 vofa=firewater rx=205 txdrop=12098
1774961668.7320309,1774961668732030900,31468515991200,HB,96957,0.0,0,-6.308,-2.903,0.0,0.0,0.0,0.0,0.0,0.0,0.0,0.0,0.0,0,0,,HB tick=96957 run=0 spd=1 ts=0.000 as=0.000 ta=0.000 aa=0.000 se=0.000 so=0.000 ae=0.000 ao=0.000 pwm=0 pc=0 hd=0 y=-6.308 yr=-2.903 L=0 R=0 OL=0 OR=0 el=0 er=0 ed=0 dl=0 dr=0 cl=0 cr=0 ok=397 fail=0 vofa=firewater rx=205 txdrop=12098
1774961668.8984144,1774961668898414300,31468682374400,HB,97161,0.0,0,-1.302,6.66,0.0,0.0,0.0,0.0,0.0,0.0,0.0,0.0,0.0,0,0,,HB tick=97161 run=0 spd=1 ts=0.000 as=0.000 ta=0.000 aa=0.000 se=0.000 so=0.000 ae=0.000 ao=0.000 pwm=0 pc=0 hd=0 y=-1.302 yr=6.660 L=0 R=0 OL=0 OR=0 el=0 er=0 ed=0 dl=0 dr=0 cl=0 cr=0 ok=398 fail=0 vofa=firewater rx=205 txdrop=12098
1774961669.106116,1774961669106116000,31468890076900,HB,97364,0.0,0,-2.589,2.099,0.0,1.0,-1.0,0.0,0.0,0.0,0.0,0.0,1.0,0,0,,HB tick=97364 run=0 spd=1 ts=0.000 as=0.000 ta=0.000 aa=0.000 se=0.000 so=0.000 ae=0.000 ao=0.000 pwm=0 pc=0 hd=0 y=-2.589 yr=2.099 L=0 R=0 OL=0 OR=0 el=0 er=1 ed=-1 dl=0 dr=1 cl=0 cr=0 ok=399 fail=0 vofa=firewater rx=205 txdrop=12098
