host_time_s,host_time_ns,host_monotonic_ns,source,tick,t_ms,run,yaw,yaw_rate,left_encoder,right_encoder,encoder_diff,left_output,right_output,left_core,right_core,raw_left_delta,raw_right_delta,left_clamped,right_clamped,anomaly_flags,raw_line
1775028538.7622194,1775028538762219401,5849547397501,HB,187003,0.0,0,-56.593,-0.0,0.0,0.0,0.0,0.0,0.0,0.0,0.0,0.0,0.0,0,0,,HB tick=187003 run=0 spd=1 ts=0.000 as=0.000 ta=0.000 aa=0.000 se=0.000 so=0.000 ae=0.000 ao=0.000 pwm=0 pc=0 hd=0 y=-56.593 yr=-0.000 L=0 R=0 OL=0 OR=0 el=0 er=0 ed=0 dl=0 dr=0 cl=0 cr=0 ok=754 fail=0 vofa=firewater rx=0 txdrop=0
1775028538.8797095,1775028538879709400,5849664886900,HB,187343,0.0,0,-56.593,-0.0,0.0,0.0,0.0,0.0,0.0,0.0,0.0,0.0,0.0,0,0,,HB tick=187343 run=0 spd=1 ts=0.000 as=0.000 ta=0.000 aa=0.000 se=0.000 so=0.000 ae=0.000 ao=0.000 pwm=0 pc=0 hd=0 y=-56.593 yr=-0.000 L=0 R=0 OL=0 OR=0 el=0 er=0 ed=0 dl=0 dr=0 cl=0 cr=0 ok=755 fail=0 vofa=firewater rx=0 txdrop=0
1775028539.129021,1775028539129020800,5849914197900,HB,187574,0.0,0,-56.593,-0.0,0.0,0.0,0.0,0.0,0.0,0.0,0.0,0.0,0.0,0,0,,HB tick=187574 run=0 spd=1 ts=0.000 as=0.000 ta=0.000 aa=0.000 se=0.000 so=0.000 ae=0.000 ao=0.000 pwm=0 pc=0 hd=0 y=-56.593 yr=-0.000 L=0 R=0 OL=0 OR=0 el=0 er=0 ed=0 dl=0 dr=0 cl=0 cr=0 ok=756 fail=0 vofa=firewater rx=0 txdrop=0
1775028539.275726,1775028539275726000,5850060903900,STAT,187718,0.0,0,-56.593094,-0.000281,0.0,0.0,0.0,0.0,0.0,0.0,0.0,0.0,0.0,0,0,,STAT tick=187718 run=0 spd=1 ts=0.000000 as=0.000000 ta=0.000000 aa=0.000000 se=0.000000 so=0.000000 ae=0.000000 ao=0.000000 pwm=0 pc=0 hd=0 y=-56.593094 p=-0.874031 r=4.843039 yr=-0.000281 ax=0 ay=0 az=0 gx=0 gy=0 gz=0 who=0x85 addr=0x4A icm_ok=941 icm_fail=0 L=0 R=0 OL=0 OR=0 el=0 er=0 ed=0 dl=0 dr=0 cl=0 cr=0 skp=0.100000 ski=0.012000 skd=0.000000 akp=0.240000 aki=0.002400 akd=0.050000 ok=757 fail=0 vofa=firewater rx=6 txdrop=0
1775028539.3276227,1775028539327622600,5850112802000,HB,187785,0.0,0,-56.593,0.001,0.0,0.0,0.0,0.0,0.0,0.0,0.0,0.0,0.0,0,0,,HB tick=187785 run=0 spd=1 ts=0.000 as=0.000 ta=0.000 aa=0.000 se=0.000 so=0.000 ae=0.000 ao=0.000 pwm=0 pc=0 hd=0 y=-56.593 yr=0.001 L=0 R=0 OL=0 OR=0 el=0 er=0 ed=0 dl=0 dr=0 cl=0 cr=0 ok=757 fail=0 vofa=firewater rx=6 txdrop=0
1775028539.7120137,1775028539712013700,5850497192300,HB,188173,0.0,0,-56.593,-0.0,0.0,0.0,0.0,0.0,0.0,0.0,0.0,0.0,0.0,0,0,,HB tick=188173 run=0 spd=1 ts=0.000 as=0.000 ta=0.000 aa=0.000 se=0.000 so=0.000 ae=0.000 ao=0.000 pwm=0 pc=0 hd=0 y=-56.593 yr=-0.000 L=0 R=0 OL=0 OR=0 el=0 er=0 ed=0 dl=0 dr=0 cl=0 cr=0 ok=758 fail=0 vofa=firewater rx=6 txdrop=0
1775028539.9202635,1775028539920263300,5850705440700,HB,188380,0.0,0,-56.593,-0.0,0.0,0.0,0.0,0.0,0.0,0.0,0.0,0.0,0.0,0,0,,HB tick=188380 run=0 spd=1 ts=0.000 as=0.000 ta=0.000 aa=0.000 se=0.000 so=0.000 ae=0.000 ao=0.000 pwm=0 pc=0 hd=0 y=-56.593 yr=-0.000 L=0 R=0 OL=0 OR=0 el=0 er=0 ed=0 dl=0 dr=0 cl=0 cr=0 ok=759 fail=0 vofa=firewater rx=6 txdrop=0
1775028540.141665,1775028540141665100,5850926843100,HB,188584,0.0,0,-56.593,0.001,0.0,0.0,0.0,0.0,0.0,0.0,0.0,0.0,0.0,0,0,,HB tick=188584 run=0 spd=1 ts=0.000 as=0.000 ta=0.000 aa=0.000 se=0.000 so=0.000 ae=0.000 ao=0.000 pwm=0 pc=0 hd=0 y=-56.593 yr=0.001 L=0 R=0 OL=0 OR=0 el=0 er=0 ed=0 dl=0 dr=0 cl=0 cr=0 ok=760 fail=0 vofa=firewater rx=6 txdrop=0
1775028540.3290296,1775028540329029700,5851114207100,HB,188787,0.0,0,-56.593,-0.0,0.0,0.0,0.0,0.0,0.0,0.0,0.0,0.0,0.0,0,0,,HB tick=188787 run=0 spd=1 ts=0.000 as=0.000 ta=0.000 aa=0.000 se=0.000 so=0.000 ae=0.000 ao=0.000 pwm=0 pc=0 hd=0 y=-56.593 yr=-0.000 L=0 R=0 OL=0 OR=0 el=0 er=0 ed=0 dl=0 dr=0 cl=0 cr=0 ok=761 fail=0 vofa=firewater rx=6 txdrop=0
1775028540.7149842,1775028540714984300,5851500161900,HB,189176,0.0,0,-56.593,-0.0,0.0,0.0,0.0,0.0,0.0,0.0,0.0,0.0,0.0,0,0,,HB tick=189176 run=0 spd=1 ts=0.000 as=0.000 ta=0.000 aa=0.000 se=0.000 so=0.000 ae=0.000 ao=0.000 pwm=0 pc=0 hd=0 y=-56.593 yr=-0.000 L=0 R=0 OL=0 OR=0 el=0 er=0 ed=0 dl=0 dr=0 cl=0 cr=0 ok=762 fail=0 vofa=firewater rx=6 txdrop=0
1775028541.3109565,1775028541310956600,5852096134100,HB,189752,0.0,0,-56.593,0.0,0.0,0.0,0.0,0.0,0.0,0.0,0.0,0.0,0.0,0,0,,HB tick=189752 run=0 spd=1 ts=0.000 as=0.000 ta=0.000 aa=0.000 se=0.000 so=0.000 ae=0.000 ao=0.000 pwm=0 pc=0 hd=0 y=-56.593 yr=0.000 L=0 R=0 OL=0 OR=0 el=0 er=0 ed=0 dl=0 dr=0 cl=0 cr=0 ok=764 fail=0 vofa=firewater rx=6 txdrop=0
1775028541.5228713,1775028541522871200,5852308048400,HB,189983,0.0,0,-56.593,0.0,0.0,0.0,0.0,0.0,0.0,0.0,0.0,0.0,0.0,0,0,,HB tick=189983 run=0 spd=1 ts=0.000 as=0.000 ta=0.000 aa=0.000 se=0.000 so=0.000 ae=0.000 ao=0.000 pwm=0 pc=0 hd=0 y=-56.593 yr=0.000 L=0 R=0 OL=0 OR=0 el=0 er=0 ed=0 dl=0 dr=0 cl=0 cr=0 ok=765 fail=0 vofa=firewater rx=12 txdrop=0
1775028541.7202287,1775028541720228600,5852505406500,HB,190186,0.0,0,-56.593,0.0,0.0,0.0,0.0,0.0,0.0,0.0,0.0,0.0,0.0,0,0,,HB tick=190186 run=0 spd=1 ts=0.000 as=0.000 ta=0.000 aa=0.000 se=0.000 so=0.000 ae=0.000 ao=0.000 pwm=0 pc=0 hd=0 y=-56.593 yr=0.000 L=0 R=0 OL=0 OR=0 el=0 er=0 ed=0 dl=0 dr=0 cl=0 cr=0 ok=766 fail=0 vofa=firewater rx=12 txdrop=0
1775028541.9286387,1775028541928638700,5852713817100,HB,190389,0.0,0,-56.593,0.0,0.0,0.0,0.0,0.0,0.0,0.0,0.0,0.0,0.0,0,0,,HB tick=190389 run=0 spd=1 ts=0.000 as=0.000 ta=0.000 aa=0.000 se=0.000 so=0.000 ae=0.000 ao=0.000 pwm=0 pc=0 hd=0 y=-56.593 yr=0.000 L=0 R=0 OL=0 OR=0 el=0 er=0 ed=0 dl=0 dr=0 cl=0 cr=0 ok=767 fail=0 vofa=firewater rx=12 txdrop=0
1775028542.3679097,1775028542367909700,5853153087000,HB,190597,0.0,0,-56.593,0.0,0.0,0.0,0.0,0.0,0.0,0.0,0.0,0.0,0.0,0,0,,HB tick=190597 run=0 spd=1 ts=0.000 as=0.000 ta=0.000 aa=0.000 se=0.000 so=0.000 ae=0.000 ao=0.000 pwm=0 pc=0 hd=0 y=-56.593 yr=0.000 L=0 R=0 OL=0 OR=0 el=0 er=0 ed=0 dl=0 dr=0 cl=0 cr=0 ok=768 fail=0 vofa=firewater rx=12 txdrop=0
1775028542.5445683,1775028542544568200,5853329745400,HB,190986,0.0,0,-56.593,0.0,0.0,0.0,0.0,0.0,0.0,0.0,0.0,0.0,0.0,0,0,,HB tick=190986 run=0 spd=1 ts=0.000 as=0.000 ta=0.000 aa=0.000 se=0.000 so=0.000 ae=0.000 ao=0.000 pwm=0 pc=0 hd=0 y=-56.593 yr=0.000 L=0 R=0 OL=0 OR=0 el=0 er=0 ed=0 dl=0 dr=0 cl=0 cr=0 ok=769 fail=0 vofa=firewater rx=17 txdrop=0
1775028542.9168558,1775028542916855700,5853702032900,HB,191376,0.0,0,-56.593,-0.001,0.0,0.0,0.0,0.0,0.0,0.0,0.0,0.0,0.0,0,0,,HB tick=191376 run=0 spd=1 ts=0.000 as=0.000 ta=0.000 aa=0.000 se=0.000 so=0.000 ae=0.000 ao=0.000 pwm=0 pc=0 hd=0 y=-56.593 yr=-0.001 L=0 R=0 OL=0 OR=0 el=0 er=0 ed=0 dl=0 dr=0 cl=0 cr=0 ok=770 fail=0 vofa=firewater rx=17 txdrop=0
1775028543.1142092,1775028543114209300,5853899386800,HB,191578,0.0,0,-56.592,0.002,0.0,0.0,0.0,0.0,0.0,0.0,0.0,0.0,0.0,0,0,,HB tick=191578 run=0 spd=1 ts=0.000 as=0.000 ta=0.000 aa=0.000 se=0.000 so=0.000 ae=0.000 ao=0.000 pwm=0 pc=0 hd=0 y=-56.592 yr=0.002 L=0 R=0 OL=0 OR=0 el=0 er=0 ed=0 dl=0 dr=0 cl=0 cr=0 ok=771 fail=0 vofa=firewater rx=17 txdrop=0
1775028543.3227582,1775028543322758200,5854107935800,HB,191782,0.0,0,-56.592,0.001,0.0,0.0,0.0,0.0,0.0,0.0,0.0,0.0,0.0,0,0,,HB tick=191782 run=0 spd=1 ts=0.000 as=0.000 ta=0.000 aa=0.000 se=0.000 so=0.000 ae=0.000 ao=0.000 pwm=0 pc=0 hd=0 y=-56.592 yr=0.001 L=0 R=0 OL=0 OR=0 el=0 er=0 ed=0 dl=0 dr=0 cl=0 cr=0 ok=772 fail=0 vofa=firewater rx=17 txdrop=0
1775028543.5409055,1775028543540905600,5854326082900,HB,191986,0.0,0,-56.592,0.001,0.0,0.0,0.0,0.0,0.0,0.0,0.0,0.0,0.0,0,0,,HB tick=191986 run=0 spd=1 ts=0.000 as=0.000 ta=0.000 aa=0.000 se=0.000 so=0.000 ae=0.000 ao=0.000 pwm=0 pc=0 hd=0 y=-56.592 yr=0.001 L=0 R=0 OL=0 OR=0 el=0 er=0 ed=0 dl=0 dr=0 cl=0 cr=0 ok=773 fail=0 vofa=firewater rx=17 txdrop=0
1775028543.914318,1775028543914318000,5854699495500,HB,192375,0.0,0,-56.593,-0.0,0.0,0.0,0.0,0.0,0.0,0.0,0.0,0.0,0.0,0,0,,HB tick=192375 run=0 spd=1 ts=0.000 as=0.000 ta=0.000 aa=0.000 se=0.000 so=0.000 ae=0.000 ao=0.000 pwm=0 pc=0 hd=0 y=-56.593 yr=-0.000 L=0 R=0 OL=0 OR=0 el=0 er=0 ed=0 dl=0 dr=0 cl=0 cr=0 ok=774 fail=0 vofa=firewater rx=22 txdrop=0
1775028544.112181,1775028544112180900,5854897358000,HB,192578,0.0,0,-56.593,-0.0,0.0,0.0,0.0,0.0,0.0,0.0,0.0,0.0,0.0,0,0,,HB tick=192578 run=0 spd=1 ts=0.000 as=0.000 ta=0.000 aa=0.000 se=0.000 so=0.000 ae=0.000 ao=0.000 pwm=0 pc=0 hd=0 y=-56.593 yr=-0.000 L=0 R=0 OL=0 OR=0 el=0 er=0 ed=0 dl=0 dr=0 cl=0 cr=0 ok=775 fail=0 vofa=firewater rx=22 txdrop=0
1775028544.3199236,1775028544319923700,5855105101300,HB,192782,0.0,0,-56.592,-0.0,0.0,0.0,0.0,0.0,0.0,0.0,0.0,0.0,0.0,0,0,,HB tick=192782 run=0 spd=1 ts=0.000 as=0.000 ta=0.000 aa=0.000 se=0.000 so=0.000 ae=0.000 ao=0.000 pwm=0 pc=0 hd=0 y=-56.592 yr=-0.000 L=0 R=0 OL=0 OR=0 el=0 er=0 ed=0 dl=0 dr=0 cl=0 cr=0 ok=776 fail=0 vofa=firewater rx=22 txdrop=0
1775028544.5481932,1775028544548193200,5855333370500,HB,192986,0.0,0,-56.593,-0.001,0.0,0.0,0.0,0.0,0.0,0.0,0.0,0.0,0.0,0,0,,HB tick=192986 run=0 spd=1 ts=0.000 as=0.000 ta=0.000 aa=0.000 se=0.000 so=0.000 ae=0.000 ao=0.000 pwm=0 pc=0 hd=0 y=-56.593 yr=-0.001 L=0 R=0 OL=0 OR=0 el=0 er=0 ed=0 dl=0 dr=0 cl=0 cr=0 ok=777 fail=0 vofa=firewater rx=22 txdrop=0
1775028544.9092498,1775028544909249700,5855694427300,HB,193375,0.0,0,-56.592,0.001,0.0,0.0,0.0,0.0,0.0,0.0,0.0,0.0,0.0,0,0,,HB tick=193375 run=0 spd=1 ts=0.000 as=0.000 ta=0.000 aa=0.000 se=0.000 so=0.000 ae=0.000 ao=0.000 pwm=0 pc=0 hd=0 y=-56.592 yr=0.001 L=0 R=0 OL=0 OR=0 el=0 er=0 ed=0 dl=0 dr=0 cl=0 cr=0 ok=778 fail=0 vofa=firewater rx=29 txdrop=0
1775028545.119595,1775028545119595000,5855904772500,HB,193578,0.0,0,-56.592,-0.0,0.0,0.0,0.0,0.0,0.0,0.0,0.0,0.0,0.0,0,0,,HB tick=193578 run=0 spd=1 ts=0.000 as=0.000 ta=0.000 aa=0.000 se=0.000 so=0.000 ae=0.000 ao=0.000 pwm=0 pc=0 hd=0 y=-56.592 yr=-0.000 L=0 R=0 OL=0 OR=0 el=0 er=0 ed=0 dl=0 dr=0 cl=0 cr=0 ok=779 fail=0 vofa=firewater rx=29 txdrop=0
1775028545.3391452,1775028545339145300,5856124323400,HB,193797,0.0,0,-56.592,-0.0,0.0,0.0,0.0,0.0,0.0,0.0,0.0,0.0,0.0,0,0,,HB tick=193797 run=0 spd=1 ts=0.000 as=0.000 ta=0.000 aa=0.000 se=0.000 so=0.000 ae=0.000 ao=0.000 pwm=0 pc=0 hd=0 y=-56.592 yr=-0.000 L=0 R=0 OL=0 OR=0 el=0 er=0 ed=0 dl=0 dr=0 cl=0 cr=0 ok=780 fail=0 vofa=firewater rx=29 txdrop=0
1775028545.753102,1775028545753102001,5856538279601,HB,194199,0.0,0,-56.592,-0.0,0.0,0.0,0.0,0.0,0.0,0.0,0.0,0.0,0.0,0,0,,HB tick=194199 run=0 spd=1 ts=0.000 as=0.000 ta=0.000 aa=0.000 se=0.000 so=0.000 ae=0.000 ao=0.000 pwm=0 pc=0 hd=0 y=-56.592 yr=-0.000 L=0 R=0 OL=0 OR=0 el=0 er=0 ed=0 dl=0 dr=0 cl=0 cr=0 ok=781 fail=0 vofa=firewater rx=38 txdrop=0
1775028545.939965,1775028545939965000,5856725142800,HB,194402,0.0,0,-56.593,-0.001,0.0,0.0,0.0,0.0,0.0,0.0,0.0,0.0,0.0,0,0,,HB tick=194402 run=0 spd=1 ts=0.000 as=0.000 ta=0.000 aa=0.000 se=0.000 so=0.000 ae=0.000 ao=0.000 pwm=0 pc=0 hd=0 y=-56.593 yr=-0.001 L=0 R=0 OL=0 OR=0 el=0 er=0 ed=0 dl=0 dr=0 cl=0 cr=0 ok=782 fail=0 vofa=firewater rx=38 txdrop=0
1775028546.1474745,1775028546147474500,5856932652300,HB,194605,0.0,0,-56.593,-0.001,0.0,0.0,0.0,0.0,0.0,0.0,0.0,0.0,0.0,0,0,,HB tick=194605 run=0 spd=1 ts=0.000 as=0.000 ta=0.000 aa=0.000 se=0.000 so=0.000 ae=0.000 ao=0.000 pwm=0 pc=0 hd=0 y=-56.593 yr=-0.001 L=0 R=0 OL=0 OR=0 el=0 er=0 ed=0 dl=0 dr=0 cl=0 cr=0 ok=783 fail=0 vofa=firewater rx=38 txdrop=0
1775028546.3444319,1775028546344431900,5857129609100,HB,194808,0.0,0,-56.593,-0.0,0.0,0.0,0.0,0.0,0.0,0.0,0.0,0.0,0.0,0,0,,HB tick=194808 run=0 spd=1 ts=0.000 as=0.000 ta=0.000 aa=0.000 se=0.000 so=0.000 ae=0.000 ao=0.000 pwm=0 pc=0 hd=0 y=-56.593 yr=-0.000 L=0 R=0 OL=0 OR=0 el=0 er=0 ed=0 dl=0 dr=0 cl=0 cr=0 ok=784 fail=0 vofa=firewater rx=49 txdrop=0
1775028546.5531554,1775028546553155300,5857338332400,HB,195016,0.0,0,-56.593,-0.0,0.0,0.0,0.0,0.0,0.0,0.0,0.0,0.0,0.0,0,0,,HB tick=195016 run=0 spd=1 ts=0.000 as=0.000 ta=0.000 aa=0.000 se=0.000 so=0.000 ae=0.000 ao=0.000 pwm=0 pc=0 hd=0 y=-56.593 yr=-0.000 L=0 R=0 OL=0 OR=0 el=0 er=0 ed=0 dl=0 dr=0 cl=0 cr=0 ok=785 fail=0 vofa=firewater rx=49 txdrop=0
1775028546.9666545,1775028546966654500,5857751831700,HB,195405,0.0,0,-56.593,0.001,0.0,0.0,0.0,0.0,0.0,0.0,0.0,0.0,0.0,0,0,,HB tick=195405 run=0 spd=1 ts=0.000 as=0.000 ta=0.000 aa=0.000 se=0.000 so=0.000 ae=0.000 ao=0.000 pwm=0 pc=0 hd=0 y=-56.593 yr=0.001 L=0 R=0 OL=0 OR=0 el=0 er=0 ed=0 dl=0 dr=0 cl=0 cr=0 ok=786 fail=0 vofa=firewater rx=58 txdrop=0
1775028547.1638038,1775028547163804000,5857948981400,HB,195631,0.0,0,-56.592,0.002,0.0,0.0,0.0,0.0,0.0,0.0,0.0,0.0,0.0,0,0,,HB tick=195631 run=0 spd=1 ts=0.000 as=0.000 ta=0.000 aa=0.000 se=0.000 so=0.000 ae=0.000 ao=0.000 pwm=0 pc=0 hd=0 y=-56.592 yr=0.002 L=0 R=0 OL=0 OR=0 el=0 er=0 ed=0 dl=0 dr=0 cl=0 cr=0 ok=787 fail=0 vofa=firewater rx=58 txdrop=0
1775028547.7323287,1775028547732328600,5858517505600,HB,196197,0.0,0,-56.592,0.0,0.0,0.0,0.0,0.0,0.0,0.0,0.0,0.0,0.0,0,0,,HB tick=196197 run=0 spd=1 ts=0.000 as=0.000 ta=0.000 aa=0.000 se=0.000 so=0.000 ae=0.000 ao=0.000 pwm=0 pc=0 hd=0 y=-56.592 yr=0.000 L=0 R=0 OL=0 OR=0 el=0 er=0 ed=0 dl=0 dr=0 cl=0 cr=0 ok=789 fail=0 vofa=firewater rx=68 txdrop=0
1775028547.9396136,1775028547939613600,5858724791100,HB,196401,0.0,0,-56.593,-0.001,0.0,0.0,0.0,0.0,0.0,0.0,0.0,0.0,0.0,0,0,,HB tick=196401 run=0 spd=1 ts=0.000 as=0.000 ta=0.000 aa=0.000 se=0.000 so=0.000 ae=0.000 ao=0.000 pwm=0 pc=0 hd=0 y=-56.593 yr=-0.001 L=0 R=0 OL=0 OR=0 el=0 er=0 ed=0 dl=0 dr=0 cl=0 cr=0 ok=790 fail=0 vofa=firewater rx=68 txdrop=0
1775028548.159108,1775028548159107900,5858944285200,HB,196604,0.0,0,-56.592,-0.0,0.0,0.0,0.0,0.0,0.0,0.0,0.0,0.0,0.0,0,0,,HB tick=196604 run=0 spd=1 ts=0.000 as=0.000 ta=0.000 aa=0.000 se=0.000 so=0.000 ae=0.000 ao=0.000 pwm=0 pc=0 hd=0 y=-56.592 yr=-0.000 L=0 R=0 OL=0 OR=0 el=0 er=0 ed=0 dl=0 dr=0 cl=0 cr=0 ok=791 fail=0 vofa=firewater rx=68 txdrop=0
1775028548.3444748,1775028548344474900,5859129652200,HB,196809,0.0,0,-56.592,-0.0,0.0,0.0,0.0,0.0,0.0,0.0,0.0,0.0,0.0,0,0,,HB tick=196809 run=0 spd=1 ts=0.000 as=0.000 ta=0.000 aa=0.000 se=0.000 so=0.000 ae=0.000 ao=0.000 pwm=0 pc=0 hd=0 y=-56.592 yr=-0.000 L=0 R=0 OL=0 OR=0 el=0 er=0 ed=0 dl=0 dr=0 cl=0 cr=0 ok=792 fail=0 vofa=firewater rx=77 txdrop=0
1775028548.552933,1775028548552932800,5859338110300,HB,197016,0.0,0,-56.593,-0.001,0.0,0.0,0.0,0.0,0.0,0.0,0.0,0.0,0.0,0,0,,HB tick=197016 run=0 spd=1 ts=0.000 as=0.000 ta=0.000 aa=0.000 se=0.000 so=0.000 ae=0.000 ao=0.000 pwm=0 pc=0 hd=0 y=-56.593 yr=-0.001 L=0 R=0 OL=0 OR=0 el=0 er=0 ed=0 dl=0 dr=0 cl=0 cr=0 ok=793 fail=0 vofa=firewater rx=77 txdrop=0
1775028548.7547443,1775028548754744200,5859539921700,HB,197220,0.0,0,-56.593,0.0,0.0,0.0,0.0,0.0,0.0,0.0,0.0,0.0,0.0,0,0,,HB tick=197220 run=0 spd=1 ts=0.000 as=0.000 ta=0.000 aa=0.000 se=0.000 so=0.000 ae=0.000 ao=0.000 pwm=0 pc=0 hd=0 y=-56.593 yr=0.000 L=0 R=0 OL=0 OR=0 el=0 er=0 ed=0 dl=0 dr=0 cl=0 cr=0 ok=794 fail=0 vofa=firewater rx=77 txdrop=0
1775028548.9622655,1775028548962265700,5859747443200,HB,197423,0.0,0,-56.593,0.0,0.0,0.0,0.0,0.0,0.0,0.0,0.0,0.0,0.0,0,0,,HB tick=197423 run=0 spd=1 ts=0.000 as=0.000 ta=0.000 aa=0.000 se=0.000 so=0.000 ae=0.000 ao=0.000 pwm=0 pc=0 hd=0 y=-56.593 yr=0.000 L=0 R=0 OL=0 OR=0 el=0 er=0 ed=0 dl=0 dr=0 cl=0 cr=0 ok=795 fail=0 vofa=firewater rx=77 txdrop=0
1775028549.2017732,1775028549201773100,5859986950400,HB,197647,0.0,0,-56.593,0.0,0.0,0.0,0.0,0.0,0.0,0.0,0.0,0.0,0.0,0,0,,HB tick=197647 run=0 spd=1 ts=0.000 as=0.000 ta=0.000 aa=0.000 se=0.000 so=0.000 ae=0.000 ao=0.000 pwm=0 pc=0 hd=0 y=-56.593 yr=0.000 L=0 R=0 OL=0 OR=0 el=0 er=0 ed=0 dl=0 dr=0 cl=0 cr=0 ok=796 fail=0 vofa=firewater rx=87 txdrop=0
1775028549.6981072,1775028549698107100,5860483284700,STAT,198142,0.0,0,-56.592033,0.001073,0.0,0.0,0.0,0.0,0.0,0.0,0.0,0.0,0.0,0,0,,STAT tick=198142 run=0 spd=1 ts=0.000000 as=0.000000 ta=0.000000 aa=0.000000 se=0.000000 so=0.000000 ae=0.000000 ao=0.000000 pwm=0 pc=0 hd=0 y=-56.592033 p=-0.871676 r=4.823341 yr=0.001073 ax=0 ay=0 az=0 gx=0 gy=0 gz=0 who=0x85 addr=0x4A icm_ok=993 icm_fail=0 L=0 R=0 OL=0 OR=0 el=0 er=0 ed=0 dl=0 dr=0 cl=0 cr=0 skp=0.100000 ski=0.005000 skd=0.000000 akp=0.750000 aki=0.000000 akd=0.450000 ok=798 fail=0 vofa=firewater rx=93 txdrop=0
1775028549.7714221,1775028549771422300,5860556599200,HB,198232,0.0,0,-56.592,0.001,0.0,0.0,0.0,0.0,0.0,0.0,0.0,0.0,0.0,0,0,,HB tick=198232 run=0 spd=1 ts=0.000 as=0.000 ta=0.000 aa=0.000 se=0.000 so=0.000 ae=0.000 ao=0.000 pwm=0 pc=0 hd=0 y=-56.592 yr=0.001 L=0 R=0 OL=0 OR=0 el=0 er=0 ed=0 dl=0 dr=0 cl=0 cr=0 ok=798 fail=0 vofa=firewater rx=93 txdrop=0
1775028549.970098,1775028549970097800,5860755276000,HB,198434,0.0,0,-56.593,-0.0,0.0,0.0,0.0,0.0,0.0,0.0,0.0,0.0,0.0,0,0,,HB tick=198434 run=0 spd=1 ts=0.000 as=0.000 ta=0.000 aa=0.000 se=0.000 so=0.000 ae=0.000 ao=0.000 pwm=0 pc=0 hd=0 y=-56.593 yr=-0.000 L=0 R=0 OL=0 OR=0 el=0 er=0 ed=0 dl=0 dr=0 cl=0 cr=0 ok=799 fail=0 vofa=firewater rx=93 txdrop=0
1775028550.604813,1775028550604813000,5861389990300,HB,199043,0.0,1,0.141,0.214,14.0,13.0,1.0,12.0,12.0,1.0,1.0,14.0,13.0,0,0,,HB tick=199043 run=1 spd=1 ts=20.000 as=13.500 ta=0.000 aa=0.000 se=6.500 so=0.670 ae=0.000 ao=0.000 pwm=12 pc=1 hd=0 y=0.141 yr=0.214 L=1 R=1 OL=12 OR=12 el=14 er=13 ed=1 dl=14 dr=13 cl=0 cr=0 ok=800 fail=0 vofa=firewater rx=112 txdrop=0
1775028550.8129163,1775028550812916200,5861598093500,HB,199270,0.0,1,1.608,2.401,15.0,13.0,2.0,11.0,13.0,0.0,2.0,15.0,13.0,0,0,,HB tick=199270 run=1 spd=1 ts=20.000 as=14.000 ta=0.000 aa=1.608 se=6.000 so=0.627 ae=-1.608 ao=-1.469 pwm=12 pc=1 hd=-1 y=1.608 yr=2.401 L=0 R=2 OL=11 OR=13 el=15 er=13 ed=2 dl=15 dr=13 cl=0 cr=0 ok=801 fail=0 vofa=firewater rx=112 txdrop=0
1775028551.03208,1775028551032079900,5861817257000,HB,199471,0.0,1,1.817,1.924,13.0,15.0,-2.0,11.0,13.0,0.0,2.0,13.0,15.0,0,0,,HB tick=199471 run=1 spd=1 ts=20.000 as=14.000 ta=0.000 aa=1.608 se=6.000 so=0.633 ae=-1.608 ao=-2.287 pwm=12 pc=1 hd=-1 y=1.817 yr=1.924 L=0 R=2 OL=11 OR=13 el=13 er=15 ed=-2 dl=13 dr=15 cl=0 cr=0 ok=802 fail=0 vofa=firewater rx=112 txdrop=0
1775028551.4478514,1775028551447851600,5862233029100,HB,199881,0.0,1,-1.013,-3.184,14.0,14.0,0.0,11.0,13.0,0.0,2.0,14.0,14.0,0,0,,HB tick=199881 run=1 spd=1 ts=20.000 as=14.000 ta=0.000 aa=1.174 se=6.000 so=0.645 ae=-1.174 ao=-0.821 pwm=12 pc=1 hd=-1 y=-1.013 yr=-3.184 L=0 R=2 OL=11 OR=13 el=14 er=14 ed=0 dl=14 dr=14 cl=0 cr=0 ok=803 fail=0 vofa=firewater rx=112 txdrop=0
1775028551.626371,1775028551626370900,5862411548000,HB,200083,0.0,1,-1.309,-2.58,14.0,14.0,0.0,13.0,11.0,2.0,0.0,14.0,14.0,0,0,,HB tick=200083 run=1 spd=1 ts=20.000 as=14.000 ta=0.000 aa=-1.013 se=6.000 so=0.651 ae=1.013 ao=2.193 pwm=12 pc=1 hd=1 y=-1.309 yr=-2.580 L=2 R=0 OL=13 OR=11 el=14 er=14 ed=0 dl=14 dr=14 cl=0 cr=0 ok=804 fail=0 vofa=firewater rx=112 txdrop=0
1775028551.8550856,1775028551855085500,5862640262600,HB,200289,0.0,1,-1.107,-1.331,14.0,14.0,0.0,13.0,11.0,2.0,0.0,14.0,14.0,0,0,,HB tick=200289 run=1 spd=1 ts=20.000 as=14.000 ta=0.000 aa=-1.309 se=6.000 so=0.657 ae=1.309 ao=2.143 pwm=12 pc=1 hd=1 y=-1.107 yr=-1.331 L=2 R=0 OL=13 OR=11 el=14 er=14 ed=0 dl=14 dr=14 cl=0 cr=0 ok=805 fail=0 vofa=firewater rx=112 txdrop=0
1775028552.0413926,1775028552041392600,5862826570500,HB,200499,0.0,1,-0.482,0.172,14.0,13.0,1.0,13.0,11.0,2.0,0.0,14.0,13.0,0,0,,HB tick=200499 run=1 spd=1 ts=20.000 as=13.500 ta=0.000 aa=-1.107 se=6.500 so=0.713 ae=1.107 ao=1.429 pwm=12 pc=1 hd=1 y=-0.482 yr=0.172 L=2 R=0 OL=13 OR=11 el=14 er=13 ed=1 dl=14 dr=13 cl=0 cr=0 ok=806 fail=0 vofa=firewater rx=112 txdrop=0
1775028552.2810273,1775028552281027400,5863066204400,HB,200721,0.0,1,2.013,4.062,14.0,13.0,1.0,12.0,12.0,1.0,1.0,14.0,13.0,0,0,,HB tick=200721 run=1 spd=1 ts=20.000 as=13.500 ta=0.000 aa=-0.482 se=6.500 so=0.720 ae=0.482 ao=0.284 pwm=12 pc=1 hd=0 y=2.013 yr=4.062 L=1 R=1 OL=12 OR=12 el=14 er=13 ed=1 dl=14 dr=13 cl=0 cr=0 ok=807 fail=0 vofa=firewater rx=112 txdrop=0
1775028552.4677122,1775028552467712200,5863252889500,HB,200922,0.0,1,2.515,3.51,13.0,15.0,-2.0,11.0,13.0,0.0,2.0,13.0,15.0,0,0,,HB tick=200922 run=1 spd=1 ts=20.000 as=14.000 ta=0.000 aa=2.013 se=6.000 so=0.676 ae=-2.013 ao=-3.337 pwm=12 pc=1 hd=-1 y=2.515 yr=3.510 L=0 R=2 OL=11 OR=13 el=13 er=15 ed=-2 dl=13 dr=15 cl=0 cr=0 ok=808 fail=0 vofa=firewater rx=112 txdrop=0
1775028552.7089496,1775028552708949400,5863494128800,HB,201150,0.0,1,0.584,-0.696,13.0,15.0,-2.0,11.0,13.0,0.0,2.0,13.0,15.0,0,0,,HB tick=201150 run=1 spd=1 ts=20.000 as=14.000 ta=0.000 aa=0.584 se=6.000 so=0.682 ae=-0.584 ao=-1.544 pwm=12 pc=1 hd=-1 y=0.584 yr=-0.696 L=0 R=2 OL=11 OR=13 el=13 er=15 ed=-2 dl=13 dr=15 cl=0 cr=0 ok=809 fail=0 vofa=firewater rx=112 txdrop=0
1775028552.8950014,1775028552895001400,5863680178700,HB,201352,0.0,1,0.048,-1.375,14.0,14.0,0.0,12.0,12.0,1.0,1.0,14.0,14.0,0,0,,HB tick=201352 run=1 spd=1 ts=20.000 as=14.000 ta=0.000 aa=0.584 se=6.000 so=0.688 ae=-0.584 ao=-0.125 pwm=12 pc=1 hd=0 y=0.048 yr=-1.375 L=1 R=1 OL=12 OR=12 el=14 er=14 ed=0 dl=14 dr=14 cl=0 cr=0 ok=810 fail=0 vofa=firewater rx=112 txdrop=0
1775028553.1442773,1775028553144277200,5863929454500,HB,201586,0.0,1,-1.458,-3.157,14.0,14.0,0.0,13.0,11.0,2.0,0.0,14.0,14.0,0,0,,HB tick=201586 run=1 spd=1 ts=20.000 as=14.000 ta=0.000 aa=0.048 se=6.000 so=0.695 ae=-0.048 ao=0.583 pwm=12 pc=1 hd=1 y=-1.458 yr=-3.157 L=2 R=0 OL=13 OR=11 el=14 er=14 ed=0 dl=14 dr=14 cl=0 cr=0 ok=811 fail=0 vofa=firewater rx=112 txdrop=0
1775028553.5526893,1775028553552689300,5864337868000,HB,201991,0.0,1,-0.825,-0.441,14.0,13.0,1.0,13.0,11.0,2.0,0.0,14.0,13.0,0,0,,HB tick=201991 run=1 spd=1 ts=20.000 as=13.500 ta=0.000 aa=-1.483 se=6.500 so=0.757 ae=1.483 ao=2.061 pwm=12 pc=1 hd=1 y=-0.825 yr=-0.441 L=2 R=0 OL=13 OR=11 el=14 er=13 ed=1 dl=14 dr=13 cl=0 cr=0 ok=812 fail=0 vofa=firewater rx=112 txdrop=0
1775028553.7468555,1775028553746855300,5864532032500,HB,202209,0.0,1,0.509,1.846,15.0,13.0,2.0,13.0,11.0,2.0,0.0,15.0,13.0,0,0,,HB tick=202209 run=1 spd=1 ts=20.000 as=14.000 ta=0.000 aa=-0.825 se=6.000 so=0.714 ae=0.825 ao=0.817 pwm=12 pc=1 hd=1 y=0.509 yr=1.846 L=2 R=0 OL=13 OR=11 el=15 er=13 ed=2 dl=15 dr=13 cl=0 cr=0 ok=813 fail=0 vofa=firewater rx=112 txdrop=0
1775028553.9826493,1775028553982649400,5864767826900,HB,202426,0.0,1,0.82,1.704,14.0,13.0,1.0,11.0,13.0,0.0,2.0,14.0,13.0,0,0,,HB tick=202426 run=1 spd=1 ts=20.000 as=13.500 ta=0.000 aa=0.509 se=6.500 so=0.771 ae=-0.509 ao=-1.213 pwm=12 pc=1 hd=-1 y=0.820 yr=1.704 L=0 R=2 OL=11 OR=13 el=14 er=13 ed=1 dl=14 dr=13 cl=0 cr=0 ok=814 fail=0 vofa=firewater rx=112 txdrop=0
1775028554.169753,1775028554169753100,5864954931900,HB,202627,0.0,1,0.497,0.546,14.0,15.0,-1.0,11.0,13.0,0.0,2.0,14.0,15.0,0,0,,HB tick=202627 run=1 spd=1 ts=20.000 as=14.500 ta=0.000 aa=0.820 se=5.500 so=0.677 ae=-0.820 ao=-1.382 pwm=12 pc=1 hd=-1 y=0.497 yr=0.546 L=0 R=2 OL=11 OR=13 el=14 er=15 ed=-1 dl=14 dr=15 cl=0 cr=0 ok=815 fail=0 vofa=firewater rx=112 txdrop=0
1775028554.5761292,1775028554576129200,5865361308600,HB,203019,0.0,1,-1.678,-2.946,14.0,14.0,0.0,13.0,11.0,2.0,0.0,14.0,14.0,0,0,,HB tick=203019 run=1 spd=1 ts=20.000 as=14.000 ta=0.000 aa=-0.715 se=6.000 so=0.739 ae=0.715 ao=1.561 pwm=12 pc=1 hd=1 y=-1.678 yr=-2.946 L=2 R=0 OL=13 OR=11 el=14 er=14 ed=0 dl=14 dr=14 cl=0 cr=0 ok=816 fail=0 vofa=firewater rx=112 txdrop=0
1775028554.948562,1775028554948561800,5865733739000,HB,203412,0.0,1,0.365,1.755,15.0,14.0,1.0,13.0,11.0,2.0,0.0,15.0,14.0,0,0,,HB tick=203412 run=1 spd=1 ts=20.000 as=14.500 ta=0.000 aa=-0.880 se=5.500 so=0.701 ae=0.880 ao=0.751 pwm=12 pc=1 hd=1 y=0.365 yr=1.755 L=2 R=0 OL=13 OR=11 el=15 er=14 ed=1 dl=15 dr=14 cl=0 cr=0 ok=817 fail=0 vofa=firewater rx=112 txdrop=0
1775028555.1782846,1775028555178284500,5865963461900,HB,203617,0.0,1,1.59,3.242,14.0,13.0,1.0,11.0,13.0,0.0,2.0,14.0,13.0,0,0,,HB tick=203617 run=1 spd=1 ts=20.000 as=13.500 ta=0.000 aa=0.365 se=6.500 so=0.807 ae=-0.365 ao=-1.063 pwm=12 pc=1 hd=-1 y=1.590 yr=3.242 L=0 R=2 OL=11 OR=13 el=14 er=13 ed=1 dl=14 dr=13 cl=0 cr=0 ok=818 fail=0 vofa=firewater rx=112 txdrop=0
1775028555.7932415,1775028555793241500,5866578418900,HB,204231,0.0,1,-11.869,-18.127,11.0,13.0,-2.0,13.0,11.0,2.0,0.0,11.0,13.0,0,0,yaw_jump,HB tick=204231 run=1 spd=1 ts=20.000 as=12.000 ta=0.000 aa=-1.663 se=8.000 so=0.818 ae=1.663 ao=2.055 pwm=12 pc=1 hd=1 y=-11.869 yr=-18.127 L=2 R=0 OL=13 OR=11 el=11 er=13 ed=-2 dl=11 dr=13 cl=0 cr=0 ok=819 fail=0 vofa=firewater rx=131 txdrop=0
1775028556.0021737,1775028556002173700,5866787351500,HB,204458,0.0,1,-22.244,-27.709,13.0,13.0,0.0,13.0,11.0,2.0,0.0,13.0,13.0,0,0,yaw_jump,HB tick=204458 run=1 spd=1 ts=20.000 as=13.000 ta=0.000 aa=-11.981 se=7.000 so=0.726 ae=11.981 ao=7.000 pwm=12 pc=1 hd=1 y=-22.244 yr=-27.709 L=2 R=0 OL=13 OR=11 el=13 er=13 ed=0 dl=13 dr=13 cl=0 cr=0 ok=820 fail=0 vofa=firewater rx=131 txdrop=0
1775028556.3677707,1775028556367770500,5867152947400,HB,204802,0.0,1,-22.474,-12.074,14.0,14.0,0.0,13.0,11.0,2.0,0.0,14.0,14.0,0,0,,HB tick=204802 run=1 spd=1 ts=20.000 as=14.000 ta=0.000 aa=-22.513 se=6.000 so=0.637 ae=22.513 ao=7.000 pwm=12 pc=1 hd=1 y=-22.474 yr=-12.074 L=2 R=0 OL=13 OR=11 el=14 er=14 ed=0 dl=14 dr=14 cl=0 cr=0 ok=821 fail=0 vofa=firewater rx=131 txdrop=0
1775028556.7849195,1775028556784919600,5867570096700,HB,205243,1480.0,1,-20.814,-2.73,14.0,13.0,1.0,13.0,11.0,2.0,0.0,14.0,13.0,0,0,,HB tick=205243 exp_id=192 t_ms=1480 run=1 spd=1 ts=20.000 as=13.500 ta=0.000 aa=-22.916 se=6.500 so=0.702 ae=22.916 ao=7.000 pwm=12 pc=1 hd=1 y=-20.814 yr=-2.730 L=2 R=0 OL=13 OR=11 el=14 er=13 ed=1 dl=14 dr=13 cl=0 cr=0 ok=822 fail=0 vofa=firewater rx=145 txdrop=0
1775028556.972487,1775028556972486800,5867757663800,HB,205438,1675.0,1,-20.211,-0.692,15.0,13.0,2.0,13.0,11.0,2.0,0.0,15.0,13.0,0,0,,HB tick=205438 exp_id=192 t_ms=1675 run=1 spd=1 ts=20.000 as=14.000 ta=0.000 aa=-20.926 se=6.000 so=0.658 ae=20.926 ao=7.000 pwm=12 pc=1 hd=1 y=-20.211 yr=-0.692 L=2 R=0 OL=13 OR=11 el=15 er=13 ed=2 dl=15 dr=13 cl=0 cr=0 ok=823 fail=0 vofa=firewater rx=145 txdrop=0
1775028557.1412756,1775028557141275600,5867926453200,HB,205599,1836.0,1,-19.24,1.659,14.0,14.0,0.0,13.0,11.0,2.0,0.0,14.0,14.0,0,0,,HB tick=205599 exp_id=192 t_ms=1836 run=1 spd=1 ts=20.000 as=14.000 ta=0.000 aa=-20.323 se=6.000 so=0.663 ae=20.323 ao=7.000 pwm=12 pc=1 hd=1 y=-19.240 yr=1.659 L=2 R=0 OL=13 OR=11 el=14 er=14 ed=0 dl=14 dr=14 cl=0 cr=0 ok=824 fail=0 vofa=firewater rx=145 txdrop=0
1775028557.3921883,1775028557392188400,5868177365800,HB,205849,2086.0,1,-16.458,4.974,14.0,13.0,1.0,13.0,11.0,2.0,0.0,14.0,13.0,0,0,,HB tick=205849 exp_id=192 t_ms=2086 run=1 spd=1 ts=20.000 as=13.500 ta=0.000 aa=-19.353 se=6.500 so=0.721 ae=19.353 ao=7.000 pwm=12 pc=1 hd=1 y=-16.458 yr=4.974 L=2 R=0 OL=13 OR=11 el=14 er=13 ed=1 dl=14 dr=13 cl=0 cr=0 ok=825 fail=0 vofa=firewater rx=145 txdrop=0
1775028557.550353,1775028557550353200,5868335530700,HB,206006,2243.0,1,-16.189,3.832,14.0,12.0,2.0,13.0,11.0,2.0,0.0,14.0,12.0,0,0,,HB tick=206006 exp_id=192 t_ms=2243 run=1 spd=1 ts=20.000 as=13.000 ta=0.000 aa=-16.570 se=7.000 so=0.776 ae=16.570 ao=7.000 pwm=12 pc=1 hd=1 y=-16.189 yr=3.832 L=2 R=0 OL=13 OR=11 el=14 er=12 ed=2 dl=14 dr=12 cl=0 cr=0 ok=826 fail=0 vofa=firewater rx=145 txdrop=0
1775028557.7288885,1775028557728888700,5868514066200,HB,206194,2431.0,1,-16.051,2.747,15.0,13.0,2.0,13.0,11.0,2.0,0.0,15.0,13.0,0,0,,HB tick=206194 exp_id=192 t_ms=2431 run=1 spd=1 ts=20.000 as=14.000 ta=0.000 aa=-16.302 se=6.000 so=0.683 ae=16.302 ao=7.000 pwm=12 pc=1 hd=1 y=-16.051 yr=2.747 L=2 R=0 OL=13 OR=11 el=15 er=13 ed=2 dl=15 dr=13 cl=0 cr=0 ok=827 fail=0 vofa=firewater rx=145 txdrop=0
1775028557.9777935,1775028557977793500,5868762970800,HB,206443,2680.0,1,-10.261,9.925,14.0,12.0,2.0,13.0,11.0,2.0,0.0,14.0,12.0,0,0,,HB tick=206443 exp_id=192 t_ms=2680 run=1 spd=1 ts=20.000 as=13.000 ta=0.000 aa=-16.164 se=7.000 so=0.790 ae=16.164 ao=7.000 pwm=12 pc=1 hd=1 y=-10.261 yr=9.925 L=2 R=0 OL=13 OR=11 el=14 er=12 ed=2 dl=14 dr=12 cl=0 cr=0 ok=828 fail=0 vofa=firewater rx=159 txdrop=0
1775028558.1450992,1775028558145099300,5868930278000,HB,206599,2836.0,1,-9.782,7.525,14.0,12.0,2.0,13.0,11.0,2.0,0.0,14.0,12.0,0,0,,HB tick=206599 exp_id=192 t_ms=2836 run=1 spd=1 ts=20.000 as=13.000 ta=0.000 aa=-10.373 se=7.000 so=0.795 ae=10.373 ao=3.314 pwm=12 pc=1 hd=1 y=-9.782 yr=7.525 L=2 R=0 OL=13 OR=11 el=14 er=12 ed=2 dl=14 dr=12 cl=0 cr=0 ok=829 fail=0 vofa=firewater rx=159 txdrop=0
1775028558.3925467,1775028558392546600,5869177724700,HB,206849,3086.0,1,-5.466,10.935,15.0,12.0,3.0,13.0,11.0,2.0,0.0,15.0,12.0,0,0,,HB tick=206849 exp_id=192 t_ms=3086 run=1 spd=1 ts=20.000 as=13.500 ta=0.000 aa=-9.895 se=6.500 so=0.753 ae=9.895 ao=4.035 pwm=12 pc=1 hd=1 y=-5.466 yr=10.935 L=2 R=0 OL=13 OR=11 el=15 er=12 ed=3 dl=15 dr=12 cl=0 cr=0 ok=830 fail=0 vofa=firewater rx=159 txdrop=0
1775028558.548585,1775028558548585000,5869333762100,HB,207005,3242.0,1,-4.95,8.264,14.0,13.0,1.0,12.0,12.0,1.0,1.0,14.0,13.0,0,0,,HB tick=207005 exp_id=192 t_ms=3242 run=1 spd=1 ts=20.000 as=13.500 ta=0.000 aa=-5.578 se=6.500 so=0.758 ae=5.578 ao=-0.737 pwm=12 pc=1 hd=0 y=-4.950 yr=8.264 L=1 R=1 OL=12 OR=12 el=14 er=13 ed=1 dl=14 dr=13 cl=0 cr=0 ok=831 fail=0 vofa=firewater rx=159 txdrop=0
1775028558.7880268,1775028558788027000,5869573206800,HB,207254,3491.0,1,-2.436,8.906,15.0,14.0,1.0,12.0,12.0,1.0,1.0,15.0,14.0,0,0,,HB tick=207254 exp_id=192 t_ms=3491 run=1 spd=1 ts=20.000 as=14.500 ta=0.000 aa=-5.063 se=5.500 so=0.666 ae=5.063 ao=0.078 pwm=12 pc=1 hd=0 y=-2.436 yr=8.906 L=1 R=1 OL=12 OR=12 el=15 er=14 ed=1 dl=15 dr=14 cl=0 cr=0 ok=832 fail=0 vofa=firewater rx=159 txdrop=0
1775028558.952616,1775028558952616000,5869737793400,HB,207410,3647.0,1,-2.299,6.095,14.0,14.0,0.0,11.0,13.0,0.0,2.0,14.0,14.0,0,0,,HB tick=207410 exp_id=192 t_ms=3647 run=1 spd=1 ts=20.000 as=14.000 ta=0.000 aa=-2.548 se=6.000 so=0.721 ae=2.548 ao=-2.097 pwm=12 pc=1 hd=-1 y=-2.299 yr=6.095 L=0 R=2 OL=11 OR=13 el=14 er=14 ed=0 dl=14 dr=14 cl=0 cr=0 ok=833 fail=0 vofa=firewater rx=159 txdrop=0
1775028559.1394377,1775028559139437500,5869924615500,HB,207599,3836.0,1,-2.218,4.111,14.0,13.0,1.0,11.0,13.0,0.0,2.0,14.0,13.0,0,0,,HB tick=207599 exp_id=192 t_ms=3836 run=1 spd=1 ts=20.000 as=13.500 ta=0.000 aa=-2.412 se=6.500 so=0.776 ae=2.412 ao=-0.934 pwm=12 pc=1 hd=-1 y=-2.218 yr=4.111 L=0 R=2 OL=11 OR=13 el=14 er=13 ed=1 dl=14 dr=13 cl=0 cr=0 ok=834 fail=0 vofa=firewater rx=159 txdrop=0
1775028559.306378,1775028559306378000,5870091555100,STAT,207743,3980.0,1,-2.218399,4.111314,13.0,13.0,0.0,12.0,12.0,1.0,1.0,13.0,13.0,0,0,,STAT tick=207743 exp_id=192 t_ms=3980 run=1 spd=1 ts=20.000000 as=13.000000 ta=0.000000 aa=-2.330856 se=7.000000 so=0.831325 ae=2.330856 ao=-0.102232 pwm=12 pc=1 hd=0 y=-2.218399 p=-0.220383 r=5.429236 yr=4.111314 ax=0 ay=0 az=0 gx=0 gy=0 gz=0 who=0x85 addr=0x4A icm_ok=1042 icm_fail=0 L=1 R=1 OL=12 OR=12 el=13 er=13 ed=0 dl=13 dr=13 cl=0 cr=0 skp=0.100000 ski=0.005000 skd=0.000000 akp=0.750000 aki=0.000000 akd=0.450000 ok=835 fail=0 vofa=firewater rx=165 txdrop=0
1775028559.378888,1775028559378888000,5870164065200,HB,207834,4071.0,1,-1.927,3.106,14.0,14.0,0.0,12.0,12.0,1.0,1.0,14.0,14.0,0,0,,HB tick=207834 exp_id=192 t_ms=4071 run=1 spd=1 ts=20.000 as=14.000 ta=0.000 aa=-2.331 se=6.000 so=0.734 ae=2.331 ao=-0.102 pwm=12 pc=1 hd=0 y=-1.927 yr=3.106 L=1 R=1 OL=12 OR=12 el=14 er=14 ed=0 dl=14 dr=14 cl=0 cr=0 ok=835 fail=0 vofa=firewater rx=165 txdrop=0
1775028559.534889,1775028559534889000,5870320066200,HB,207995,4232.0,1,-1.494,2.96,14.0,13.0,1.0,12.0,12.0,1.0,1.0,14.0,13.0,0,0,,HB tick=207995 exp_id=192 t_ms=4232 run=1 spd=1 ts=20.000 as=13.500 ta=0.000 aa=-2.040 se=6.500 so=0.789 ae=2.040 ao=0.132 pwm=12 pc=1 hd=0 y=-1.494 yr=2.960 L=1 R=1 OL=12 OR=12 el=14 er=13 ed=1 dl=14 dr=13 cl=0 cr=0 ok=836 fail=0 vofa=firewater rx=165 txdrop=0
1775028559.7840374,1775028559784037400,5870569214700,HB,208244,4481.0,1,-1.074,2.517,13.0,14.0,-1.0,12.0,12.0,1.0,1.0,13.0,14.0,0,0,,HB tick=208244 exp_id=192 t_ms=4481 run=1 spd=1 ts=20.000 as=13.500 ta=0.000 aa=-1.186 se=6.500 so=0.797 ae=1.186 ao=-0.392 pwm=12 pc=1 hd=0 y=-1.074 yr=2.517 L=1 R=1 OL=12 OR=12 el=13 er=14 ed=-1 dl=13 dr=14 cl=0 cr=0 ok=837 fail=0 vofa=firewater rx=165 txdrop=0
1775028559.9402223,1775028559940222100,5870725399700,HB,208399,4636.0,1,-0.933,1.952,14.0,13.0,1.0,12.0,12.0,1.0,1.0,14.0,13.0,0,0,,HB tick=208399 exp_id=192 t_ms=4636 run=1 spd=1 ts=20.000 as=13.500 ta=0.000 aa=-1.186 se=6.500 so=0.802 ae=1.186 ao=-0.243 pwm=12 pc=1 hd=0 y=-0.933 yr=1.952 L=1 R=1 OL=12 OR=12 el=14 er=13 ed=1 dl=14 dr=13 cl=0 cr=0 ok=838 fail=0 vofa=firewater rx=165 txdrop=0
1775028560.1699347,1775028560169934800,5870955113000,HB,208632,4869.0,1,-0.591,1.783,14.0,13.0,1.0,12.0,12.0,1.0,1.0,14.0,13.0,0,0,,HB tick=208632 exp_id=192 t_ms=4869 run=1 spd=1 ts=20.000 as=13.500 ta=0.000 aa=-1.046 se=6.500 so=0.810 ae=1.046 ao=-0.094 pwm=12 pc=1 hd=0 y=-0.591 yr=1.783 L=1 R=1 OL=12 OR=12 el=14 er=13 ed=1 dl=14 dr=13 cl=0 cr=0 ok=839 fail=0 vofa=firewater rx=165 txdrop=0
1775028560.3908296,1775028560390829600,5871176006700,HB,208853,5090.0,1,-0.022,2.059,13.0,14.0,-1.0,12.0,12.0,1.0,1.0,13.0,14.0,0,0,,HB tick=208853 exp_id=192 t_ms=5090 run=1 spd=1 ts=20.000 as=13.500 ta=0.000 aa=-0.703 se=6.500 so=0.817 ae=0.703 ao=-0.275 pwm=12 pc=1 hd=0 y=-0.022 yr=2.059 L=1 R=1 OL=12 OR=12 el=13 er=14 ed=-1 dl=13 dr=14 cl=0 cr=0 ok=840 fail=0 vofa=firewater rx=165 txdrop=0
1775028560.5553966,1775028560555396500,5871340574600,HB,209009,5246.0,1,-0.022,1.34,14.0,14.0,0.0,12.0,12.0,1.0,1.0,14.0,14.0,0,0,,HB tick=209009 exp_id=192 t_ms=5246 run=1 spd=1 ts=20.000 as=14.000 ta=0.000 aa=-0.135 se=6.000 so=0.771 ae=0.135 ao=-0.825 pwm=12 pc=1 hd=0 y=-0.022 yr=1.340 L=1 R=1 OL=12 OR=12 el=14 er=14 ed=0 dl=14 dr=14 cl=0 cr=0 ok=841 fail=0 vofa=firewater rx=165 txdrop=0
1775028560.7342591,1775028560734259100,5871519436500,HB,209198,5435.0,1,-0.03,0.855,13.0,13.0,0.0,11.0,13.0,0.0,2.0,13.0,13.0,0,0,,HB tick=209198 exp_id=192 t_ms=5435 run=1 spd=1 ts=20.000 as=13.000 ta=0.000 aa=-0.134 se=7.000 so=0.877 ae=0.134 ao=-0.502 pwm=12 pc=1 hd=-1 y=-0.030 yr=0.855 L=0 R=2 OL=11 OR=13 el=13 er=13 ed=0 dl=13 dr=13 cl=0 cr=0 ok=842 fail=0 vofa=firewater rx=165 txdrop=0
1775028560.9838817,1775028560983881600,5871769058900,HB,209447,5684.0,1,-0.835,-0.575,13.0,14.0,-1.0,12.0,12.0,1.0,1.0,13.0,14.0,0,0,,HB tick=209447 exp_id=192 t_ms=5684 run=1 spd=1 ts=20.000 as=13.500 ta=0.000 aa=-0.143 se=6.500 so=0.835 ae=0.143 ao=-0.278 pwm=12 pc=1 hd=0 y=-0.835 yr=-0.575 L=1 R=1 OL=12 OR=12 el=13 er=14 ed=-1 dl=13 dr=14 cl=0 cr=0 ok=843 fail=0 vofa=firewater rx=165 txdrop=0
1775028561.1823132,1775028561182313100,5871967490600,HB,209648,5885.0,1,-1.069,-0.781,13.0,14.0,-1.0,13.0,11.0,2.0,0.0,13.0,14.0,0,0,,HB tick=209648 exp_id=192 t_ms=5885 run=1 spd=1 ts=20.000 as=13.500 ta=0.000 aa=-0.947 se=6.500 so=0.842 ae=0.947 ao=0.969 pwm=12 pc=1 hd=1 y=-1.069 yr=-0.781 L=2 R=0 OL=13 OR=11 el=13 er=14 ed=-1 dl=13 dr=14 cl=0 cr=0 ok=844 fail=0 vofa=firewater rx=165 txdrop=0
1775028561.4104462,1775028561410446200,5872195623500,HB,209869,6106.0,1,-0.89,-0.224,14.0,13.0,1.0,13.0,11.0,2.0,0.0,14.0,13.0,0,0,,HB tick=209869 exp_id=192 t_ms=6106 run=1 spd=1 ts=20.000 as=13.500 ta=0.000 aa=-1.181 se=6.500 so=0.849 ae=1.181 ao=1.237 pwm=12 pc=1 hd=1 y=-0.890 yr=-0.224 L=2 R=0 OL=13 OR=11 el=14 er=13 ed=1 dl=14 dr=13 cl=0 cr=0 ok=845 fail=0 vofa=firewater rx=165 txdrop=0
1775028561.5658946,1775028561565894700,5872351072200,HB,210026,6263.0,1,-0.62,0.457,13.0,13.0,0.0,13.0,11.0,2.0,0.0,13.0,13.0,0,0,,HB tick=210026 exp_id=192 t_ms=6263 run=1 spd=1 ts=20.000 as=13.000 ta=0.000 aa=-1.002 se=7.000 so=0.904 ae=1.002 ao=0.853 pwm=12 pc=1 hd=1 y=-0.620 yr=0.457 L=2 R=0 OL=13 OR=11 el=13 er=13 ed=0 dl=13 dr=13 cl=0 cr=0 ok=846 fail=0 vofa=firewater rx=165 txdrop=0
1775028561.8161738,1775028561816173700,5872601351200,HB,210275,6512.0,1,0.79,2.278,13.0,14.0,-1.0,12.0,12.0,1.0,1.0,13.0,14.0,0,0,,HB tick=210275 exp_id=192 t_ms=6512 run=1 spd=1 ts=20.000 as=13.500 ta=0.000 aa=-0.732 se=6.500 so=0.862 ae=0.732 ao=0.343 pwm=12 pc=1 hd=0 y=0.790 yr=2.278 L=1 R=1 OL=12 OR=12 el=13 er=14 ed=-1 dl=13 dr=14 cl=0 cr=0 ok=847 fail=0 vofa=firewater rx=165 txdrop=0
1775028561.9730031,1775028561973003300,5872758181000,HB,210431,6668.0,1,0.846,1.608,13.0,14.0,-1.0,11.0,13.0,0.0,2.0,13.0,14.0,0,0,,HB tick=210431 exp_id=192 t_ms=6668 run=1 spd=1 ts=20.000 as=13.500 ta=0.000 aa=0.677 se=6.500 so=0.867 ae=-0.677 ao=-1.533 pwm=12 pc=1 hd=-1 y=0.846 yr=1.608 L=0 R=2 OL=11 OR=13 el=13 er=14 ed=-1 dl=13 dr=14 cl=0 cr=0 ok=848 fail=0 vofa=firewater rx=165 txdrop=0
1775028562.2041397,1775028562204139800,5872989317200,HB,210663,6900.0,1,0.407,0.381,13.0,14.0,-1.0,11.0,13.0,0.0,2.0,13.0,14.0,0,0,,HB tick=210663 exp_id=192 t_ms=6900 run=1 spd=1 ts=20.000 as=13.500 ta=0.000 aa=0.734 se=6.500 so=0.874 ae=-0.734 ao=-1.274 pwm=12 pc=1 hd=-1 y=0.407 yr=0.381 L=0 R=2 OL=11 OR=13 el=13 er=14 ed=-1 dl=13 dr=14 cl=0 cr=0 ok=849 fail=0 vofa=firewater rx=165 txdrop=0
1775028562.401618,1775028562401617800,5873186795300,HB,210868,7105.0,1,-0.287,-0.936,13.0,14.0,-1.0,12.0,12.0,1.0,1.0,13.0,14.0,0,0,,HB tick=210868 exp_id=192 t_ms=7105 run=1 spd=1 ts=20.000 as=13.500 ta=0.000 aa=0.294 se=6.500 so=0.881 ae=-0.294 ao=-0.392 pwm=12 pc=1 hd=0 y=-0.287 yr=-0.936 L=1 R=1 OL=12 OR=12 el=13 er=14 ed=-1 dl=13 dr=14 cl=0 cr=0 ok=850 fail=0 vofa=firewater rx=165 txdrop=0
1775028562.6314933,1775028562631493400,5873416671600,HB,211090,7327.0,1,-1.017,-1.76,13.0,14.0,-1.0,12.0,12.0,1.0,1.0,13.0,14.0,0,0,,HB tick=211090 exp_id=192 t_ms=7327 run=1 spd=1 ts=20.000 as=13.500 ta=0.000 aa=-0.399 se=6.500 so=0.889 ae=0.399 ao=0.721 pwm=12 pc=1 hd=0 y=-1.017 yr=-1.760 L=1 R=1 OL=12 OR=12 el=13 er=14 ed=-1 dl=13 dr=14 cl=0 cr=0 ok=851 fail=0 vofa=firewater rx=165 txdrop=0
1775028562.8416274,1775028562841627400,5873626806400,HB,211306,7543.0,1,-1.201,-1.441,14.0,13.0,1.0,13.0,11.0,2.0,0.0,14.0,13.0,0,0,,HB tick=211306 exp_id=192 t_ms=7543 run=1 spd=1 ts=20.000 as=13.500 ta=0.000 aa=-1.130 se=6.500 so=0.896 ae=1.130 ao=1.639 pwm=12 pc=1 hd=1 y=-1.201 yr=-1.441 L=2 R=0 OL=13 OR=11 el=14 er=13 ed=1 dl=14 dr=13 cl=0 cr=0 ok=852 fail=0 vofa=firewater rx=165 txdrop=0
1775028563.0404391,1775028563040439100,5873825616300,HB,211507,7744.0,1,-1.047,-0.669,14.0,13.0,1.0,13.0,11.0,2.0,0.0,14.0,13.0,0,0,,HB tick=211507 exp_id=192 t_ms=7744 run=1 spd=1 ts=20.000 as=13.500 ta=0.000 aa=-1.313 se=6.500 so=0.902 ae=1.313 ao=1.633 pwm=12 pc=1 hd=1 y=-1.047 yr=-0.669 L=2 R=0 OL=13 OR=11 el=14 er=13 ed=1 dl=14 dr=13 cl=0 cr=0 ok=853 fail=0 vofa=firewater rx=165 txdrop=0
1775028563.2486174,1775028563248617600,5874033796800,HB,211712,7949.0,1,0.004,1.36,15.0,14.0,1.0,13.0,11.0,2.0,0.0,15.0,14.0,0,0,,HB tick=211712 exp_id=192 t_ms=7949 run=1 spd=1 ts=20.000 as=14.500 ta=0.000 aa=-1.159 se=5.500 so=0.809 ae=1.159 ao=1.170 pwm=12 pc=1 hd=1 y=0.004 yr=1.360 L=2 R=0 OL=13 OR=11 el=15 er=14 ed=1 dl=15 dr=14 cl=0 cr=0 ok=854 fail=0 vofa=firewater rx=165 txdrop=0
1775028563.457142,1775028563457141900,5874242319300,HB,211917,8154.0,1,1.433,3.324,14.0,13.0,1.0,12.0,12.0,1.0,1.0,14.0,13.0,0,0,,HB tick=211917 exp_id=192 t_ms=8154 run=1 spd=1 ts=20.000 as=13.500 ta=0.000 aa=-0.108 se=6.500 so=0.915 ae=0.108 ao=-0.531 pwm=12 pc=1 hd=0 y=1.433 yr=3.324 L=1 R=1 OL=12 OR=12 el=14 er=13 ed=1 dl=14 dr=13 cl=0 cr=0 ok=855 fail=0 vofa=firewater rx=165 txdrop=0
1775028563.7612252,1775028563761225100,5874546402700,HB,212122,8359.0,1,1.98,3.093,14.0,14.0,0.0,11.0,13.0,0.0,2.0,14.0,14.0,0,0,,HB tick=212122 exp_id=192 t_ms=8359 run=1 spd=1 ts=20.000 as=14.000 ta=0.000 aa=1.321 se=6.000 so=0.872 ae=-1.321 ao=-2.486 pwm=12 pc=1 hd=-1 y=1.980 yr=3.093 L=0 R=2 OL=11 OR=13 el=14 er=14 ed=0 dl=14 dr=14 cl=0 cr=0 ok=856 fail=0 vofa=firewater rx=165 txdrop=0
1775028563.8239813,1775028563823981400,5874609159700,HB,212287,8524.0,1,1.868,1.773,13.0,14.0,-1.0,11.0,13.0,0.0,2.0,13.0,14.0,0,0,,HB tick=212287 exp_id=192 t_ms=8524 run=1 spd=1 ts=20.000 as=13.500 ta=0.000 aa=1.867 se=6.500 so=0.927 ae=-1.867 ao=-2.792 pwm=12 pc=1 hd=-1 y=1.868 yr=1.773 L=0 R=2 OL=11 OR=13 el=13 er=14 ed=-1 dl=13 dr=14 cl=0 cr=0 ok=857 fail=0 vofa=firewater rx=165 txdrop=0
1775028564.084305,1775028564084305200,5874869484100,HB,212541,8778.0,1,1.704,0.927,13.0,14.0,-1.0,11.0,13.0,0.0,2.0,13.0,14.0,0,0,,HB tick=212541 exp_id=192 t_ms=8778 run=1 spd=1 ts=20.000 as=13.500 ta=0.000 aa=1.755 se=6.500 so=0.935 ae=-1.755 ao=-2.114 pwm=12 pc=1 hd=-1 y=1.704 yr=0.927 L=0 R=2 OL=11 OR=13 el=13 er=14 ed=-1 dl=13 dr=14 cl=0 cr=0 ok=858 fail=0 vofa=firewater rx=165 txdrop=0
1775028564.2313833,1775028564231383400,5875016561200,HB,212697,8934.0,1,1.468,0.072,13.0,14.0,-1.0,11.0,13.0,0.0,2.0,13.0,14.0,0,0,,HB tick=212697 exp_id=192 t_ms=8934 run=1 spd=1 ts=20.000 as=13.500 ta=0.000 aa=1.592 se=6.500 so=0.940 ae=-1.592 ao=-1.611 pwm=12 pc=1 hd=-1 y=1.468 yr=0.072 L=0 R=2 OL=11 OR=13 el=13 er=14 ed=-1 dl=13 dr=14 cl=0 cr=0 ok=859 fail=0 vofa=firewater rx=165 txdrop=0
1775028564.46991,1775028564469909900,5875255087500,HB,212930,9167.0,1,0.789,-0.973,14.0,15.0,-1.0,11.0,13.0,0.0,2.0,14.0,15.0,0,0,,HB tick=212930 exp_id=192 t_ms=9167 run=1 spd=1 ts=20.000 as=14.500 ta=0.000 aa=1.356 se=5.500 so=0.848 ae=-1.356 ao=-1.049 pwm=12 pc=1 hd=-1 y=0.789 yr=-0.973 L=0 R=2 OL=11 OR=13 el=14 er=15 ed=-1 dl=14 dr=15 cl=0 cr=0 ok=860 fail=0 vofa=firewater rx=165 txdrop=0
1775028564.6263587,1775028564626358700,5875411536000,HB,213091,9328.0,1,-0.351,-3.11,17.0,13.0,4.0,12.0,12.0,1.0,1.0,17.0,13.0,0,0,,HB tick=213091 exp_id=192 t_ms=9328 run=1 spd=1 ts=20.000 as=15.000 ta=0.000 aa=0.676 se=5.000 so=0.801 ae=-0.676 ao=-0.069 pwm=12 pc=1 hd=0 y=-0.351 yr=-3.110 L=1 R=1 OL=12 OR=12 el=17 er=13 ed=4 dl=17 dr=13 cl=0 cr=0 ok=861 fail=0 vofa=firewater rx=165 txdrop=0
1775028565.2460659,1775028565246065900,5876031242800,HB,213340,9577.0,1,25.13,33.795,19.0,0.0,19.0,13.0,11.0,2.0,0.0,19.0,0.0,0,0,right_output_without_encoder|yaw_jump,HB tick=213340 exp_id=192 t_ms=9577 run=1 spd=1 ts=20.000 as=9.500 ta=0.000 aa=-0.464 se=10.500 so=1.361 ae=0.464 ao=1.747 pwm=12 pc=1 hd=1 y=25.130 yr=33.795 L=2 R=0 OL=13 OR=11 el=19 er=0 ed=19 dl=19 dr=0 cl=0 cr=0 ok=862 fail=0 vofa=firewater rx=165 txdrop=0
1775028565.2460659,1775028565246065901,5876031242801,HB,213534,9771.0,1,31.553,33.555,13.0,7.0,6.0,11.0,13.0,0.0,2.0,13.0,7.0,0,0,,HB tick=213534 exp_id=192 t_ms=9771 run=1 spd=1 ts=20.000 as=10.000 ta=0.000 aa=25.017 se=10.000 so=1.322 ae=-25.017 ao=-7.000 pwm=12 pc=1 hd=-1 y=31.553 yr=33.555 L=0 R=2 OL=11 OR=13 el=13 er=7 ed=6 dl=13 dr=7 cl=0 cr=0 ok=863 fail=0 vofa=firewater rx=165 txdrop=0
1775028565.2460659,1775028565246065902,5876031242802,HB,213696,9933.0,1,41.193,42.637,14.0,11.0,3.0,11.0,13.0,0.0,2.0,14.0,11.0,0,0,yaw_jump,HB tick=213696 exp_id=192 t_ms=9933 run=1 spd=1 ts=20.000 as=12.500 ta=0.000 aa=31.441 se=7.500 so=1.078 ae=-31.441 ao=-7.000 pwm=12 pc=1 hd=-1 y=41.193 yr=42.637 L=0 R=2 OL=11 OR=13 el=14 er=11 ed=3 dl=14 dr=11 cl=0 cr=0 ok=864 fail=0 vofa=firewater rx=165 txdrop=0
1775028565.4848082,1775028565484808200,5876269985900,HB,213949,10186.0,1,50.808,41.016,13.0,13.0,0.0,11.0,13.0,0.0,2.0,13.0,13.0,0,0,yaw_jump,HB tick=213949 exp_id=192 t_ms=10186 run=1 spd=1 ts=20.000 as=13.000 ta=0.000 aa=41.080 se=7.000 so=1.037 ae=-41.080 ao=-7.000 pwm=12 pc=1 hd=-1 y=50.808 yr=41.016 L=0 R=2 OL=11 OR=13 el=13 er=13 ed=0 dl=13 dr=13 cl=0 cr=0 ok=865 fail=0 vofa=firewater rx=165 txdrop=0
1775028565.6418574,1775028565641857300,5876427034700,HB,214106,10343.0,1,51.396,27.97,13.0,12.0,1.0,11.0,13.0,0.0,2.0,13.0,12.0,0,0,,HB tick=214106 exp_id=192 t_ms=10343 run=1 spd=1 ts=20.000 as=12.500 ta=0.000 aa=50.696 se=7.500 so=1.092 ae=-50.696 ao=-7.000 pwm=12 pc=1 hd=-1 y=51.396 yr=27.970 L=0 R=2 OL=11 OR=13 el=13 er=12 ed=1 dl=13 dr=12 cl=0 cr=0 ok=866 fail=0 vofa=firewater rx=165 txdrop=0
1775028565.828669,1775028565828669200,5876613846600,HB,214295,10531.0,1,51.518,18.408,13.0,12.0,1.0,11.0,13.0,0.0,2.0,13.0,12.0,0,0,,HB tick=214295 exp_id=192 t_ms=10531 run=1 spd=1 ts=20.000 as=12.500 ta=0.000 aa=51.283 se=7.500 so=1.098 ae=-51.283 ao=-7.000 pwm=12 pc=1 hd=-1 y=51.518 yr=18.408 L=0 R=2 OL=11 OR=13 el=13 er=12 ed=1 dl=13 dr=12 cl=0 cr=0 ok=867 fail=0 vofa=firewater rx=165 txdrop=0
1775028566.0790656,1775028566079065500,5876864242600,HB,214543,10780.0,1,53.687,15.014,14.0,15.0,-1.0,11.0,13.0,0.0,2.0,14.0,15.0,0,0,,HB tick=214543 exp_id=192 t_ms=10780 run=1 spd=1 ts=20.000 as=14.500 ta=0.000 aa=51.405 se=5.500 so=0.906 ae=-51.405 ao=-7.000 pwm=12 pc=1 hd=-1 y=53.687 yr=15.014 L=0 R=2 OL=11 OR=13 el=14 er=15 ed=-1 dl=14 dr=15 cl=0 cr=0 ok=868 fail=0 vofa=firewater rx=165 txdrop=0
1775028566.298029,1775028566298029000,5877083206700,HB,214760,10997.0,1,53.8,9.941,13.0,14.0,-1.0,11.0,13.0,0.0,2.0,13.0,14.0,0,0,,HB tick=214760 exp_id=192 t_ms=10997 run=1 spd=1 ts=20.000 as=13.500 ta=0.000 aa=53.574 se=6.500 so=1.013 ae=-53.574 ao=-7.000 pwm=12 pc=1 hd=-1 y=53.800 yr=9.941 L=0 R=2 OL=11 OR=13 el=13 er=14 ed=-1 dl=13 dr=14 cl=0 cr=0 ok=869 fail=0 vofa=firewater rx=165 txdrop=0
1775028566.454875,1775028566454874800,5877240052200,HB,214916,11153.0,1,53.704,6.248,14.0,15.0,-1.0,11.0,13.0,0.0,2.0,14.0,15.0,0,0,,HB tick=214916 exp_id=192 t_ms=11153 run=1 spd=1 ts=20.000 as=14.500 ta=0.000 aa=53.687 se=5.500 so=0.917 ae=-53.687 ao=-7.000 pwm=12 pc=1 hd=-1 y=53.704 yr=6.248 L=0 R=2 OL=11 OR=13 el=14 er=15 ed=-1 dl=14 dr=15 cl=0 cr=0 ok=870 fail=0 vofa=firewater rx=165 txdrop=0
1775028566.642039,1775028566642039000,5877427217100,HB,215100,11337.0,1,53.648,3.954,14.0,14.0,0.0,11.0,13.0,0.0,2.0,14.0,14.0,0,0,,HB tick=215100 exp_id=192 t_ms=11337 run=1 spd=1 ts=20.000 as=14.000 ta=0.000 aa=53.592 se=6.000 so=0.973 ae=-53.592 ao=-7.000 pwm=12 pc=1 hd=-1 y=53.648 yr=3.954 L=0 R=2 OL=11 OR=13 el=14 er=14 ed=0 dl=14 dr=14 cl=0 cr=0 ok=871 fail=0 vofa=firewater rx=165 txdrop=0
1775028566.8707254,1775028566870725300,5877655902300,HB,215332,11569.0,1,52.37,0.642,14.0,16.0,-2.0,11.0,13.0,0.0,2.0,14.0,16.0,0,0,,HB tick=215332 exp_id=192 t_ms=11569 run=1 spd=1 ts=20.000 as=15.000 ta=0.000 aa=53.535 se=5.000 so=0.880 ae=-53.535 ao=-7.000 pwm=12 pc=1 hd=-1 y=52.370 yr=0.642 L=0 R=2 OL=11 OR=13 el=14 er=16 ed=-2 dl=14 dr=16 cl=0 cr=0 ok=872 fail=0 vofa=firewater rx=165 txdrop=0
1775028567.0360434,1775028567036043600,5877821221200,HB,215493,11730.0,1,51.668,-1.108,14.0,15.0,-1.0,11.0,13.0,0.0,2.0,14.0,15.0,0,0,,HB tick=215493 exp_id=192 t_ms=11730 run=1 spd=1 ts=20.000 as=14.500 ta=0.000 aa=52.258 se=5.500 so=0.935 ae=-52.258 ao=-7.000 pwm=12 pc=1 hd=-1 y=51.668 yr=-1.108 L=0 R=2 OL=11 OR=13 el=14 er=15 ed=-1 dl=14 dr=15 cl=0 cr=0 ok=873 fail=0 vofa=firewater rx=165 txdrop=0
1775028567.2635584,1775028567263558500,5878048735600,HB,215726,11963.0,1,50.463,-2.532,13.0,15.0,-2.0,11.0,13.0,0.0,2.0,13.0,15.0,0,0,,HB tick=215726 exp_id=192 t_ms=11963 run=1 spd=1 ts=20.000 as=14.000 ta=0.000 aa=51.556 se=6.000 so=0.992 ae=-51.556 ao=-7.000 pwm=12 pc=1 hd=-1 y=50.463 yr=-2.532 L=0 R=2 OL=11 OR=13 el=13 er=15 ed=-2 dl=13 dr=15 cl=0 cr=0 ok=874 fail=0 vofa=firewater rx=165 txdrop=0
1775028567.4709048,1775028567470904900,5878256082200,HB,215930,12167.0,1,48.531,-4.96,13.0,14.0,-1.0,11.0,13.0,0.0,2.0,13.0,14.0,0,0,,HB tick=215930 exp_id=192 t_ms=12167 run=1 spd=1 ts=20.000 as=13.500 ta=0.000 aa=50.350 se=6.500 so=1.048 ae=-50.350 ao=-7.000 pwm=12 pc=1 hd=-1 y=48.531 yr=-4.960 L=0 R=2 OL=11 OR=13 el=13 er=14 ed=-1 dl=13 dr=14 cl=0 cr=0 ok=875 fail=0 vofa=firewater rx=165 txdrop=0
1775028567.668327,1775028567668327100,5878453504100,HB,216135,12372.0,1,47.171,-5.546,13.0,16.0,-3.0,11.0,13.0,0.0,2.0,13.0,16.0,0,0,,HB tick=216135 exp_id=192 t_ms=12372 run=1 spd=1 ts=20.000 as=14.500 ta=0.000 aa=48.418 se=5.500 so=0.954 ae=-48.418 ao=-7.000 pwm=12 pc=1 hd=-1 y=47.171 yr=-5.546 L=0 R=2 OL=11 OR=13 el=13 er=16 ed=-3 dl=13 dr=16 cl=0 cr=0 ok=876 fail=0 vofa=firewater rx=165 txdrop=0
1775028567.8758476,1775028567875847600,5878661025100,HB,216340,12577.0,1,45.35,-6.714,13.0,14.0,-1.0,11.0,13.0,0.0,2.0,13.0,14.0,0,0,,HB tick=216340 exp_id=192 t_ms=12577 run=1 spd=1 ts=20.000 as=13.500 ta=0.000 aa=47.058 se=6.500 so=1.060 ae=-47.058 ao=-7.000 pwm=12 pc=1 hd=-1 y=45.350 yr=-6.714 L=0 R=2 OL=11 OR=13 el=13 er=14 ed=-1 dl=13 dr=14 cl=0 cr=0 ok=877 fail=0 vofa=firewater rx=165 txdrop=0
1775028568.0416424,1775028568041642500,5878826820100,HB,216505,12742.0,1,43.796,-7.66,13.0,15.0,-2.0,11.0,13.0,0.0,2.0,13.0,15.0,0,0,,HB tick=216505 exp_id=192 t_ms=12742 run=1 spd=1 ts=20.000 as=14.000 ta=0.000 aa=45.237 se=6.000 so=1.015 ae=-45.237 ao=-7.000 pwm=12 pc=1 hd=-1 y=43.796 yr=-7.660 L=0 R=2 OL=11 OR=13 el=13 er=15 ed=-2 dl=13 dr=15 cl=0 cr=0 ok=878 fail=0 vofa=firewater rx=165 txdrop=0
1775028568.3136508,1775028568313651000,5879098828700,HB,216770,13007.0,1,38.869,-11.487,14.0,15.0,-1.0,11.0,13.0,0.0,2.0,14.0,15.0,0,0,,HB tick=216770 exp_id=192 t_ms=13007 run=1 spd=1 ts=20.000 as=14.500 ta=0.000 aa=43.683 se=5.500 so=0.974 ae=-43.683 ao=-7.000 pwm=12 pc=1 hd=-1 y=38.869 yr=-11.487 L=0 R=2 OL=11 OR=13 el=14 er=15 ed=-1 dl=14 dr=15 cl=0 cr=0 ok=879 fail=0 vofa=firewater rx=165 txdrop=0
1775028568.4992208,1775028568499220700,5879284398000,HB,216965,13202.0,1,38.413,-8.285,13.0,15.0,-2.0,11.0,13.0,0.0,2.0,13.0,15.0,0,0,,HB tick=216965 exp_id=192 t_ms=13202 run=1 spd=1 ts=20.000 as=14.000 ta=0.000 aa=38.756 se=6.000 so=1.029 ae=-38.756 ao=-7.000 pwm=12 pc=1 hd=-1 y=38.413 yr=-8.285 L=0 R=2 OL=11 OR=13 el=13 er=15 ed=-2 dl=13 dr=15 cl=0 cr=0 ok=880 fail=0 vofa=firewater rx=165 txdrop=0
1775028568.727432,1775028568727432000,5879512609800,HB,217187,13424.0,1,34.45,-11.632,13.0,15.0,-2.0,11.0,13.0,0.0,2.0,13.0,15.0,0,0,,HB tick=217187 exp_id=192 t_ms=13424 run=1 spd=1 ts=20.000 as=14.000 ta=0.000 aa=38.300 se=6.000 so=1.036 ae=-38.300 ao=-7.000 pwm=12 pc=1 hd=-1 y=34.450 yr=-11.632 L=0 R=2 OL=11 OR=13 el=13 er=15 ed=-2 dl=13 dr=15 cl=0 cr=0 ok=881 fail=0 vofa=firewater rx=165 txdrop=0
1775028568.9253125,1775028568925312400,5879710489700,HB,217387,13624.0,1,33.742,-8.801,4.0,10.0,-6.0,12.0,14.0,1.0,3.0,4.0,10.0,0,0,,HB tick=217387 exp_id=192 t_ms=13624 run=1 spd=1 ts=20.000 as=7.000 ta=0.000 aa=34.338 se=13.000 so=1.741 ae=-34.338 ao=-7.000 pwm=13 pc=2 hd=-1 y=33.742 yr=-8.801 L=1 R=3 OL=12 OR=14 el=4 er=10 ed=-6 dl=4 dr=10 cl=0 cr=0 ok=882 fail=0 vofa=firewater rx=165 txdrop=0
1775028569.1329987,1775028569132998600,5879918176100,HB,217592,13829.0,1,29.684,-12.648,5.0,12.0,-7.0,12.0,14.0,1.0,3.0,5.0,12.0,0,0,,HB tick=217592 exp_id=192 t_ms=13829 run=1 spd=1 ts=20.000 as=8.500 ta=0.000 aa=33.629 se=11.500 so=1.604 ae=-33.629 ao=-7.000 pwm=13 pc=2 hd=-1 y=29.684 yr=-12.648 L=1 R=3 OL=12 OR=14 el=5 er=12 ed=-7 dl=5 dr=12 cl=0 cr=0 ok=883 fail=0 vofa=firewater rx=165 txdrop=0
1775028569.2882788,1775028569288278800,5880073456000,HB,217753,13990.0,1,22.454,-23.939,6.0,13.0,-7.0,12.0,14.0,1.0,3.0,6.0,13.0,0,0,,HB tick=217753 exp_id=192 t_ms=13990 run=1 spd=1 ts=20.000 as=9.500 ta=0.000 aa=29.572 se=10.500 so=1.513 ae=-29.572 ao=-7.000 pwm=13 pc=2 hd=-1 y=22.454 yr=-23.939 L=1 R=3 OL=12 OR=14 el=6 er=13 ed=-7 dl=6 dr=13 cl=0 cr=0 ok=884 fail=0 vofa=firewater rx=165 txdrop=0
1775028569.541217,1775028569541217100,5880326394800,HB,218002,14239.0,1,-19.165,-74.061,5.0,5.0,0.0,12.0,14.0,1.0,3.0,5.0,5.0,0,0,yaw_jump,HB tick=218002 exp_id=192 t_ms=14239 run=1 spd=1 ts=20.000 as=5.000 ta=0.000 aa=22.341 se=15.000 so=1.978 ae=-22.341 ao=-5.983 pwm=13 pc=2 hd=-1 y=-19.165 yr=-74.061 L=1 R=3 OL=12 OR=14 el=5 er=5 ed=0 dl=5 dr=5 cl=0 cr=0 ok=885 fail=0 vofa=firewater rx=165 txdrop=0
1775028569.6966412,1775028569696641200,5880481818900,HB,218158,14395.0,1,-18.735,-47.174,6.0,0.0,6.0,14.0,12.0,3.0,1.0,6.0,0.0,0,0,right_output_without_encoder,HB tick=218158 exp_id=192 t_ms=14395 run=1 spd=1 ts=20.000 as=3.000 ta=0.000 aa=-19.277 se=17.000 so=2.191 ae=19.277 ao=7.000 pwm=13 pc=2 hd=1 y=-18.735 yr=-47.174 L=3 R=1 OL=14 OR=12 el=6 er=0 ed=6 dl=6 dr=0 cl=0 cr=0 ok=886 fail=0 vofa=firewater rx=165 txdrop=0
1775028569.8845012,1775028569884501200,5880669678900,HB,218347,14584.0,1,-18.281,-29.823,13.0,9.0,4.0,13.0,11.0,2.0,0.0,13.0,9.0,0,0,,HB tick=218347 exp_id=192 t_ms=14584 run=1 spd=1 ts=20.000 as=11.000 ta=0.000 aa=-18.847 se=9.000 so=1.402 ae=18.847 ao=7.000 pwm=12 pc=1 hd=1 y=-18.281 yr=-29.823 L=2 R=0 OL=13 OR=11 el=13 er=9 ed=4 dl=13 dr=9 cl=0 cr=0 ok=887 fail=0 vofa=firewater rx=165 txdrop=0
1775028570.1239316,1775028570123931700,5880909109600,HB,218579,14816.0,1,-6.712,-1.932,15.0,10.0,5.0,13.0,11.0,2.0,0.0,15.0,10.0,0,0,yaw_jump,HB tick=218579 exp_id=192 t_ms=14816 run=1 spd=1 ts=20.000 as=12.500 ta=0.000 aa=-18.394 se=7.500 so=1.261 ae=18.394 ao=7.000 pwm=12 pc=1 hd=1 y=-6.712 yr=-1.932 L=2 R=0 OL=13 OR=11 el=15 er=10 ed=5 dl=15 dr=10 cl=0 cr=0 ok=888 fail=0 vofa=firewater rx=165 txdrop=0
1775028570.279782,1775028570279782100,5881064959600,HB,218744,14981.0,1,-2.882,6.868,16.0,12.0,4.0,13.0,11.0,2.0,0.0,16.0,12.0,0,0,,HB tick=218744 exp_id=192 t_ms=14981 run=1 spd=1 ts=20.000 as=14.000 ta=0.000 aa=-6.824 se=6.000 so=1.117 ae=6.824 ao=5.988 pwm=12 pc=1 hd=1 y=-2.882 yr=6.868 L=2 R=0 OL=13 OR=11 el=16 er=12 ed=4 dl=16 dr=12 cl=0 cr=0 ok=889 fail=0 vofa=firewater rx=165 txdrop=0
1775028570.5396233,1775028570539623100,5881324800600,HB,218998,15235.0,1,5.338,15.791,15.0,13.0,2.0,11.0,13.0,0.0,2.0,15.0,13.0,0,0,yaw_jump,HB tick=218998 exp_id=192 t_ms=15235 run=1 spd=1 ts=20.000 as=14.000 ta=0.000 aa=-2.995 se=6.000 so=1.124 ae=2.995 ao=-0.844 pwm=12 pc=1 hd=-1 y=5.338 yr=15.791 L=0 R=2 OL=11 OR=13 el=15 er=13 ed=2 dl=15 dr=13 cl=0 cr=0 ok=890 fail=0 vofa=firewater rx=165 txdrop=0
1775028570.6959896,1775028570695989400,5881481167400,HB,219154,15391.0,1,5.921,11.572,13.0,12.0,1.0,11.0,13.0,0.0,2.0,13.0,12.0,0,0,,HB tick=219154 exp_id=192 t_ms=15391 run=1 spd=1 ts=20.000 as=12.500 ta=0.000 aa=5.226 se=7.500 so=1.280 ae=-5.226 ao=-7.000 pwm=12 pc=1 hd=-1 y=5.921 yr=11.572 L=0 R=2 OL=11 OR=13 el=13 er=12 ed=1 dl=13 dr=12 cl=0 cr=0 ok=891 fail=0 vofa=firewater rx=165 txdrop=0
1775028570.945732,1775028570945732100,5881730909800,HB,219404,15640.0,1,7.992,10.434,14.0,12.0,2.0,11.0,13.0,0.0,2.0,14.0,12.0,0,0,,HB tick=219404 exp_id=192 t_ms=15640 run=1 spd=1 ts=20.000 as=13.000 ta=0.000 aa=7.880 se=7.000 so=1.239 ae=-7.880 ao=-7.000 pwm=12 pc=1 hd=-1 y=7.992 yr=10.434 L=0 R=2 OL=11 OR=13 el=14 er=12 ed=2 dl=14 dr=12 cl=0 cr=0 ok=892 fail=0 vofa=firewater rx=165 txdrop=0
1775028571.1020496,1775028571102049600,5881887228700,HB,219560,15797.0,1,8.185,7.211,14.0,14.0,0.0,11.0,13.0,0.0,2.0,14.0,14.0,0,0,,HB tick=219560 exp_id=192 t_ms=15797 run=1 spd=1 ts=20.000 as=14.000 ta=0.000 aa=7.880 se=6.000 so=1.143 ae=-7.880 ao=-7.000 pwm=12 pc=1 hd=-1 y=8.185 yr=7.211 L=0 R=2 OL=11 OR=13 el=14 er=14 ed=0 dl=14 dr=14 cl=0 cr=0 ok=893 fail=0 vofa=firewater rx=165 txdrop=0
1775028571.361929,1775028571361928900,5882147106300,HB,219821,16058.0,1,8.484,5.09,14.0,15.0,-1.0,11.0,13.0,0.0,2.0,14.0,15.0,0,0,,HB tick=219821 exp_id=192 t_ms=16058 run=1 spd=1 ts=20.000 as=14.500 ta=0.000 aa=8.073 se=5.500 so=1.101 ae=-8.073 ao=-7.000 pwm=12 pc=1 hd=-1 y=8.484 yr=5.090 L=0 R=2 OL=11 OR=13 el=14 er=15 ed=-1 dl=14 dr=15 cl=0 cr=0 ok=894 fail=0 vofa=firewater rx=165 txdrop=0
1775028571.5172422,1775028571517242100,5882302419300,HB,219977,16214.0,1,8.435,3.199,13.0,14.0,-1.0,11.0,13.0,0.0,2.0,13.0,14.0,0,0,,HB tick=219977 exp_id=192 t_ms=16214 run=1 spd=1 ts=20.000 as=13.500 ta=0.000 aa=8.372 se=6.500 so=1.206 ae=-8.372 ao=-7.000 pwm=12 pc=1 hd=-1 y=8.435 yr=3.199 L=0 R=2 OL=11 OR=13 el=13 er=14 ed=-1 dl=13 dr=14 cl=0 cr=0 ok=895 fail=0 vofa=firewater rx=165 txdrop=0
1775028571.9346504,1775028571934650300,5882719828200,HB,220226,16463.0,1,6.945,-0.016,14.0,15.0,-1.0,11.0,13.0,0.0,2.0,14.0,15.0,0,0,,HB tick=220226 exp_id=192 t_ms=16463 run=1 spd=1 ts=20.000 as=14.500 ta=0.000 aa=8.322 se=5.500 so=1.114 ae=-8.322 ao=-7.000 pwm=12 pc=1 hd=-1 y=6.945 yr=-0.016 L=0 R=2 OL=11 OR=13 el=14 er=15 ed=-1 dl=14 dr=15 cl=0 cr=0 ok=896 fail=0 vofa=firewater rx=165 txdrop=0
1775028571.9346504,1775028571934650301,5882719828201,HB,220382,16619.0,1,6.712,-0.533,14.0,15.0,-1.0,11.0,13.0,0.0,2.0,14.0,15.0,0,0,,HB tick=220382 exp_id=192 t_ms=16619 run=1 spd=1 ts=20.000 as=14.500 ta=0.000 aa=6.832 se=5.500 so=1.119 ae=-6.832 ao=-5.117 pwm=12 pc=1 hd=-1 y=6.712 yr=-0.533 L=0 R=2 OL=11 OR=13 el=14 er=15 ed=-1 dl=14 dr=15 cl=0 cr=0 ok=897 fail=0 vofa=firewater rx=165 txdrop=0
1775028572.1735034,1775028572173503600,5882958681000,HB,220631,16868.0,1,4.214,-3.858,14.0,15.0,-1.0,11.0,13.0,0.0,2.0,14.0,15.0,0,0,,HB tick=220631 exp_id=192 t_ms=16868 run=1 spd=1 ts=20.000 as=14.500 ta=0.000 aa=6.599 se=5.500 so=1.126 ae=-6.599 ao=-4.709 pwm=12 pc=1 hd=-1 y=4.214 yr=-3.858 L=0 R=2 OL=11 OR=13 el=14 er=15 ed=-1 dl=14 dr=15 cl=0 cr=0 ok=898 fail=0 vofa=firewater rx=165 txdrop=0
1775028572.3704746,1775028572370474400,5883155651700,HB,220831,17068.0,1,3.648,-3.497,13.0,14.0,-1.0,11.0,13.0,0.0,2.0,13.0,14.0,0,0,,HB tick=220831 exp_id=192 t_ms=17068 run=1 spd=1 ts=20.000 as=13.500 ta=0.000 aa=4.101 se=6.500 so=1.232 ae=-4.101 ao=-1.340 pwm=12 pc=1 hd=-1 y=3.648 yr=-3.497 L=0 R=2 OL=11 OR=13 el=13 er=14 ed=-1 dl=13 dr=14 cl=0 cr=0 ok=899 fail=0 vofa=firewater rx=165 txdrop=0
1775028572.5263214,1775028572526321500,5883311499900,HB,220993,17230.0,1,2.214,-5.373,14.0,15.0,-1.0,11.0,13.0,0.0,2.0,14.0,15.0,0,0,,HB tick=220993 exp_id=192 t_ms=17230 run=1 spd=1 ts=20.000 as=14.500 ta=0.000 aa=3.536 se=5.500 so=1.137 ae=-3.536 ao=-1.078 pwm=12 pc=1 hd=-1 y=2.214 yr=-5.373 L=0 R=2 OL=11 OR=13 el=14 er=15 ed=-1 dl=14 dr=15 cl=0 cr=0 ok=900 fail=0 vofa=firewater rx=165 txdrop=0
1775028572.7659922,1775028572765992200,5883551169400,HB,221225,17462.0,1,0.694,-5.785,14.0,14.0,0.0,13.0,11.0,2.0,0.0,14.0,14.0,0,0,,HB tick=221225 exp_id=192 t_ms=17462 run=1 spd=1 ts=20.000 as=14.000 ta=0.000 aa=2.101 se=6.000 so=1.194 ae=-2.101 ao=0.842 pwm=12 pc=1 hd=1 y=0.694 yr=-5.785 L=2 R=0 OL=13 OR=11 el=14 er=14 ed=0 dl=14 dr=14 cl=0 cr=0 ok=901 fail=0 vofa=firewater rx=165 txdrop=0
1775028572.9314709,1775028572931470900,5883716648200,HB,221386,17623.0,1,0.143,-4.958,15.0,14.0,1.0,13.0,11.0,2.0,0.0,15.0,14.0,0,0,,HB tick=221386 exp_id=192 t_ms=17623 run=1 spd=1 ts=20.000 as=14.500 ta=0.000 aa=0.581 se=5.500 so=1.148 ae=-0.581 ao=2.167 pwm=12 pc=1 hd=1 y=0.143 yr=-4.958 L=2 R=0 OL=13 OR=11 el=15 er=14 ed=1 dl=15 dr=14 cl=0 cr=0 ok=902 fail=0 vofa=firewater rx=165 txdrop=0
1775028573.1723382,1775028573172338300,5883957516900,HB,221635,17872.0,1,2.323,-0.158,15.0,12.0,3.0,13.0,11.0,2.0,0.0,15.0,12.0,0,0,,HB tick=221635 exp_id=192 t_ms=17872 run=1 spd=1 ts=20.000 as=13.500 ta=0.000 aa=0.030 se=6.500 so=1.256 ae=-0.030 ao=2.208 pwm=12 pc=1 hd=1 y=2.323 yr=-0.158 L=2 R=0 OL=13 OR=11 el=15 er=12 ed=3 dl=15 dr=12 cl=0 cr=0 ok=903 fail=0 vofa=firewater rx=165 txdrop=0
1775028573.3799934,1775028573379993300,5884165170600,HB,221847,18084.0,1,3.444,1.748,15.0,15.0,0.0,11.0,13.0,0.0,2.0,15.0,15.0,0,0,,HB tick=221847 exp_id=192 t_ms=18084 run=1 spd=1 ts=20.000 as=15.000 ta=0.000 aa=2.210 se=5.000 so=1.112 ae=-2.210 ao=-1.587 pwm=12 pc=1 hd=-1 y=3.444 yr=1.748 L=0 R=2 OL=11 OR=13 el=15 er=15 ed=0 dl=15 dr=15 cl=0 cr=0 ok=904 fail=0 vofa=firewater rx=165 txdrop=0
1775028573.5356972,1775028573535697100,5884320874300,HB,222003,18239.0,1,3.544,1.362,14.0,14.0,0.0,11.0,13.0,0.0,2.0,14.0,14.0,0,0,,HB tick=222003 exp_id=192 t_ms=18239 run=1 spd=1 ts=20.000 as=14.000 ta=0.000 aa=3.331 se=6.000 so=1.216 ae=-3.331 ao=-3.285 pwm=12 pc=1 hd=-1 y=3.544 yr=1.362 L=0 R=2 OL=11 OR=13 el=14 er=14 ed=0 dl=14 dr=14 cl=0 cr=0 ok=905 fail=0 vofa=firewater rx=165 txdrop=0
1775028573.7978792,1775028573797879200,5884583056500,HB,222256,18493.0,1,3.43,0.729,13.0,15.0,-2.0,11.0,13.0,0.0,2.0,13.0,15.0,0,0,,HB tick=222256 exp_id=192 t_ms=18493 run=1 spd=1 ts=20.000 as=14.000 ta=0.000 aa=3.431 se=6.000 so=1.223 ae=-3.431 ao=-3.186 pwm=12 pc=1 hd=-1 y=3.430 yr=0.729 L=0 R=2 OL=11 OR=13 el=13 er=15 ed=-2 dl=13 dr=15 cl=0 cr=0 ok=906 fail=0 vofa=firewater rx=165 txdrop=0
1775028573.953088,1775028573953087900,5884738265600,HB,222412,18649.0,1,3.032,-0.419,13.0,14.0,-1.0,11.0,13.0,0.0,2.0,13.0,14.0,0,0,,HB tick=222412 exp_id=192 t_ms=18649 run=1 spd=1 ts=20.000 as=13.500 ta=0.000 aa=3.318 se=6.500 so=1.279 ae=-3.318 ao=-2.816 pwm=12 pc=1 hd=-1 y=3.032 yr=-0.419 L=0 R=2 OL=11 OR=13 el=13 er=14 ed=-1 dl=13 dr=14 cl=0 cr=0 ok=907 fail=0 vofa=firewater rx=165 txdrop=0
1775028574.2025716,1775028574202571600,5884987749200,HB,222662,18899.0,1,0.943,-3.198,13.0,16.0,-3.0,11.0,13.0,0.0,2.0,13.0,16.0,0,0,,HB tick=222662 exp_id=192 t_ms=18899 run=1 spd=1 ts=20.000 as=14.500 ta=0.000 aa=2.920 se=5.500 so=1.186 ae=-2.920 ao=-2.001 pwm=12 pc=1 hd=-1 y=0.943 yr=-3.198 L=0 R=2 OL=11 OR=13 el=13 er=16 ed=-3 dl=13 dr=16 cl=0 cr=0 ok=908 fail=0 vofa=firewater rx=165 txdrop=0
1775028574.399319,1775028574399319000,5885184497500,HB,222862,19099.0,1,0.44,-2.959,14.0,14.0,0.0,13.0,11.0,2.0,0.0,14.0,14.0,0,0,,HB tick=222862 exp_id=192 t_ms=19099 run=1 spd=1 ts=20.000 as=14.000 ta=0.000 aa=0.830 se=6.000 so=1.242 ae=-0.830 ao=0.816 pwm=12 pc=1 hd=1 y=0.440 yr=-2.959 L=2 R=0 OL=13 OR=11 el=14 er=14 ed=0 dl=14 dr=14 cl=0 cr=0 ok=909 fail=0 vofa=firewater rx=165 txdrop=0
1775028574.6076527,1775028574607652600,5885392830000,HB,223067,19304.0,1,0.177,-2.372,13.0,14.0,-1.0,13.0,11.0,2.0,0.0,13.0,14.0,0,0,,HB tick=223067 exp_id=192 t_ms=19304 run=1 spd=1 ts=20.000 as=13.500 ta=0.000 aa=0.327 se=6.500 so=1.298 ae=-0.327 ao=1.086 pwm=12 pc=1 hd=1 y=0.177 yr=-2.372 L=2 R=0 OL=13 OR=11 el=13 er=14 ed=-1 dl=13 dr=14 cl=0 cr=0 ok=910 fail=0 vofa=firewater rx=165 txdrop=0
1775028574.8271596,1775028574827159500,5885612336900,HB,223288,19525.0,1,1.209,0.092,15.0,13.0,2.0,13.0,11.0,2.0,0.0,15.0,13.0,0,0,,HB tick=223288 exp_id=192 t_ms=19525 run=1 spd=1 ts=20.000 as=14.000 ta=0.000 aa=0.065 se=6.000 so=1.255 ae=-0.065 ao=1.019 pwm=12 pc=1 hd=1 y=1.209 yr=0.092 L=2 R=0 OL=13 OR=11 el=15 er=13 ed=2 dl=15 dr=13 cl=0 cr=0 ok=911 fail=0 vofa=firewater rx=165 txdrop=0
1775028575.044975,1775028575044975000,5885830152200,HB,223505,19742.0,1,2.034,1.39,14.0,15.0,-1.0,11.0,13.0,0.0,2.0,14.0,15.0,0,0,,HB tick=223505 exp_id=192 t_ms=19742 run=1 spd=1 ts=20.000 as=14.500 ta=0.000 aa=1.096 se=5.500 so=1.212 ae=-1.096 ao=-0.864 pwm=12 pc=1 hd=-1 y=2.034 yr=1.390 L=0 R=2 OL=11 OR=13 el=14 er=15 ed=-1 dl=14 dr=15 cl=0 cr=0 ok=912 fail=0 vofa=firewater rx=165 txdrop=0
1775028575.201169,1775028575201168800,5885986346000,HB,223661,19898.0,1,2.055,0.952,13.0,13.0,0.0,11.0,13.0,0.0,2.0,13.0,13.0,0,0,,HB tick=223661 exp_id=192 t_ms=19898 run=1 spd=1 ts=20.000 as=13.000 ta=0.000 aa=1.921 se=7.000 so=1.367 ae=-1.921 ao=-2.066 pwm=12 pc=1 hd=-1 y=2.055 yr=0.952 L=0 R=2 OL=11 OR=13 el=13 er=13 ed=0 dl=13 dr=13 cl=0 cr=0 ok=913 fail=0 vofa=firewater rx=165 txdrop=0
1775028575.3883874,1775028575388387300,5886173564900,HB,223850,20087.0,1,2.063,0.634,12.0,14.0,-2.0,11.0,13.0,0.0,2.0,12.0,14.0,0,0,,HB tick=223850 exp_id=192 t_ms=20087 run=1 spd=1 ts=20.000 as=13.000 ta=0.000 aa=1.943 se=7.000 so=1.373 ae=-1.943 ao=-1.885 pwm=12 pc=1 hd=-1 y=2.063 yr=0.634 L=0 R=2 OL=11 OR=13 el=12 er=14 ed=-2 dl=12 dr=14 cl=0 cr=0 ok=914 fail=0 vofa=firewater rx=165 txdrop=0
1775028575.6375914,1775028575637591300,5886422768600,HB,224099,20336.0,1,0.285,-2.087,13.0,14.0,-1.0,11.0,13.0,0.0,2.0,13.0,14.0,0,0,,HB tick=224099 exp_id=192 t_ms=20336 run=1 spd=1 ts=20.000 as=13.500 ta=0.000 aa=1.951 se=6.500 so=1.331 ae=-1.951 ao=-1.748 pwm=12 pc=1 hd=-1 y=0.285 yr=-2.087 L=0 R=2 OL=11 OR=13 el=13 er=14 ed=-1 dl=13 dr=14 cl=0 cr=0 ok=915 fail=0 vofa=firewater rx=165 txdrop=0
1775028575.7937496,1775028575793749500,5886578929000,HB,224256,20493.0,1,0.067,-1.843,14.0,14.0,0.0,13.0,11.0,2.0,0.0,14.0,14.0,0,0,,HB tick=224256 exp_id=192 t_ms=20493 run=1 spd=1 ts=20.000 as=14.000 ta=0.000 aa=0.173 se=6.000 so=1.285 ae=-0.173 ao=0.809 pwm=12 pc=1 hd=1 y=0.067 yr=-1.843 L=2 R=0 OL=13 OR=11 el=14 er=14 ed=0 dl=14 dr=14 cl=0 cr=0 ok=916 fail=0 vofa=firewater rx=165 txdrop=0
1775028576.0234513,1775028576023451300,5886808632200,HB,224489,20725.0,1,-0.255,-1.684,14.0,14.0,0.0,13.0,11.0,2.0,0.0,14.0,14.0,0,0,,HB tick=224489 exp_id=192 t_ms=20725 run=1 spd=1 ts=20.000 as=14.000 ta=0.000 aa=-0.046 se=6.000 so=1.292 ae=0.046 ao=0.864 pwm=12 pc=1 hd=1 y=-0.255 yr=-1.684 L=2 R=0 OL=13 OR=11 el=14 er=14 ed=0 dl=14 dr=14 cl=0 cr=0 ok=917 fail=0 vofa=firewater rx=165 txdrop=0
1775028576.2477276,1775028576247727600,5887032906700,HB,224714,20951.0,1,1.192,1.146,14.0,13.0,1.0,13.0,11.0,2.0,0.0,14.0,13.0,0,0,,HB tick=224714 exp_id=192 t_ms=20951 run=1 spd=1 ts=20.000 as=13.500 ta=0.000 aa=-0.368 se=6.500 so=1.350 ae=0.368 ao=1.034 pwm=12 pc=1 hd=1 y=1.192 yr=1.146 L=2 R=0 OL=13 OR=11 el=14 er=13 ed=1 dl=14 dr=13 cl=0 cr=0 ok=918 fail=0 vofa=firewater rx=165 txdrop=0
1775028576.4045067,1775028576404506500,5887189684000,HB,224870,21107.0,1,1.501,1.44,15.0,14.0,1.0,11.0,13.0,0.0,2.0,15.0,14.0,0,0,,HB tick=224870 exp_id=192 t_ms=21107 run=1 spd=1 ts=20.000 as=14.500 ta=0.000 aa=1.079 se=5.500 so=1.255 ae=-1.079 ao=-1.325 pwm=12 pc=1 hd=-1 y=1.501 yr=1.440 L=0 R=2 OL=11 OR=13 el=15 er=14 ed=1 dl=15 dr=14 cl=0 cr=0 ok=919 fail=0 vofa=firewater rx=165 txdrop=0
1775028576.5924292,1775028576592429100,5887377606400,HB,225055,21291.0,1,1.63,1.182,14.0,15.0,-1.0,11.0,13.0,0.0,2.0,14.0,15.0,0,0,,HB tick=225055 exp_id=192 t_ms=21291 run=1 spd=1 ts=20.000 as=14.500 ta=0.000 aa=1.389 se=5.500 so=1.260 ae=-1.389 ao=-1.689 pwm=12 pc=1 hd=-1 y=1.630 yr=1.182 L=0 R=2 OL=11 OR=13 el=14 er=15 ed=-1 dl=14 dr=15 cl=0 cr=0 ok=920 fail=0 vofa=firewater rx=165 txdrop=0
1775028576.8218045,1775028576821804500,5887606982300,HB,225287,21524.0,1,1.971,1.28,13.0,14.0,-1.0,11.0,13.0,0.0,2.0,13.0,14.0,0,0,,HB tick=225287 exp_id=192 t_ms=21524 run=1 spd=1 ts=20.000 as=13.500 ta=0.000 aa=1.518 se=6.500 so=1.367 ae=-1.518 ao=-1.670 pwm=12 pc=1 hd=-1 y=1.971 yr=1.280 L=0 R=2 OL=11 OR=13 el=13 er=14 ed=-1 dl=13 dr=14 cl=0 cr=0 ok=921 fail=0 vofa=firewater rx=165 txdrop=0
1775028577.0297291,1775028577029729100,5887814908600,HB,225491,21728.0,1,1.409,-0.132,13.0,15.0,-2.0,11.0,13.0,0.0,2.0,13.0,15.0,0,0,,HB tick=225491 exp_id=192 t_ms=21728 run=1 spd=1 ts=20.000 as=14.000 ta=0.000 aa=1.859 se=6.000 so=1.325 ae=-1.859 ao=-1.970 pwm=12 pc=1 hd=-1 y=1.409 yr=-0.132 L=0 R=2 OL=11 OR=13 el=13 er=15 ed=-2 dl=13 dr=15 cl=0 cr=0 ok=922 fail=0 vofa=firewater rx=165 txdrop=0
1775028577.2578483,1775028577257848300,5888043025300,HB,225717,21954.0,1,-0.401,-2.89,13.0,15.0,-2.0,11.0,13.0,0.0,2.0,13.0,15.0,0,0,,HB tick=225717 exp_id=192 t_ms=21954 run=1 spd=1 ts=20.000 as=14.000 ta=0.000 aa=1.297 se=6.000 so=1.331 ae=-1.297 ao=-0.913 pwm=12 pc=1 hd=-1 y=-0.401 yr=-2.890 L=0 R=2 OL=11 OR=13 el=13 er=15 ed=-2 dl=13 dr=15 cl=0 cr=0 ok=923 fail=0 vofa=firewater rx=165 txdrop=0
1775028577.4551113,1775028577455111200,5888240288700,HB,225918,22155.0,1,-0.788,-2.551,14.0,14.0,0.0,13.0,11.0,2.0,0.0,14.0,14.0,0,0,,HB tick=225918 exp_id=192 t_ms=22155 run=1 spd=1 ts=20.000 as=14.000 ta=0.000 aa=-0.514 se=6.000 so=1.337 ae=0.514 ao=1.686 pwm=12 pc=1 hd=1 y=-0.788 yr=-2.551 L=2 R=0 OL=13 OR=11 el=14 er=14 ed=0 dl=14 dr=14 cl=0 cr=0 ok=924 fail=0 vofa=firewater rx=165 txdrop=0
1775028577.6732388,1775028577673238700,5888458416100,HB,226139,22376.0,1,0.43,0.27,13.0,13.0,0.0,13.0,11.0,2.0,0.0,13.0,13.0,0,0,,HB tick=226139 exp_id=192 t_ms=22376 run=1 spd=1 ts=20.000 as=13.000 ta=0.000 aa=-0.900 se=7.000 so=1.444 ae=0.900 ao=1.823 pwm=12 pc=1 hd=1 y=0.430 yr=0.270 L=2 R=0 OL=13 OR=11 el=13 er=13 ed=0 dl=13 dr=13 cl=0 cr=0 ok=925 fail=0 vofa=firewater rx=165 txdrop=0
1775028577.881741,1775028577881741100,5888666918600,HB,226340,22577.0,1,0.879,0.958,15.0,14.0,1.0,12.0,12.0,1.0,1.0,15.0,14.0,0,0,,HB tick=226340 exp_id=192 t_ms=22577 run=1 spd=1 ts=20.000 as=14.500 ta=0.000 aa=0.317 se=5.500 so=1.301 ae=-0.317 ao=-0.359 pwm=12 pc=1 hd=0 y=0.879 yr=0.958 L=1 R=1 OL=12 OR=12 el=15 er=14 ed=1 dl=15 dr=14 cl=0 cr=0 ok=926 fail=0 vofa=firewater rx=165 txdrop=0
1775028578.1006458,1775028578100645900,5888885823800,HB,226562,22799.0,1,2.388,3.001,15.0,13.0,2.0,11.0,13.0,0.0,2.0,15.0,13.0,0,0,,HB tick=226562 exp_id=192 t_ms=22799 run=1 spd=1 ts=20.000 as=14.000 ta=0.000 aa=0.766 se=6.000 so=1.357 ae=-0.766 ao=-1.006 pwm=12 pc=1 hd=-1 y=2.388 yr=3.001 L=0 R=2 OL=11 OR=13 el=15 er=13 ed=2 dl=15 dr=13 cl=0 cr=0 ok=927 fail=0 vofa=firewater rx=165 txdrop=0
1775028578.319381,1775028578319380900,5889104558100,HB,226779,23016.0,1,2.628,2.338,13.0,15.0,-2.0,11.0,13.0,0.0,2.0,13.0,15.0,0,0,,HB tick=226779 exp_id=192 t_ms=23016 run=1 spd=1 ts=20.000 as=14.000 ta=0.000 aa=2.275 se=6.000 so=1.364 ae=-2.275 ao=-3.057 pwm=12 pc=1 hd=-1 y=2.628 yr=2.338 L=0 R=2 OL=11 OR=13 el=13 er=15 ed=-2 dl=13 dr=15 cl=0 cr=0 ok=928 fail=0 vofa=firewater rx=165 txdrop=0
1775028578.5173893,1775028578517389300,5889302566500,HB,226980,23217.0,1,2.571,1.42,13.0,13.0,0.0,11.0,13.0,0.0,2.0,13.0,13.0,0,0,,HB tick=226980 exp_id=192 t_ms=23217 run=1 spd=1 ts=20.000 as=13.000 ta=0.000 aa=2.516 se=7.000 so=1.471 ae=-2.516 ao=-2.939 pwm=12 pc=1 hd=-1 y=2.571 yr=1.420 L=0 R=2 OL=11 OR=13 el=13 er=13 ed=0 dl=13 dr=13 cl=0 cr=0 ok=929 fail=0 vofa=firewater rx=165 txdrop=0
1775028578.723946,1775028578723946000,5889509123500,HB,227185,23422.0,1,2.347,0.541,14.0,15.0,-1.0,11.0,13.0,0.0,2.0,14.0,15.0,0,0,,HB tick=227185 exp_id=192 t_ms=23422 run=1 spd=1 ts=20.000 as=14.500 ta=0.000 aa=2.458 se=5.500 so=1.327 ae=-2.458 ao=-2.483 pwm=12 pc=1 hd=-1 y=2.347 yr=0.541 L=0 R=2 OL=11 OR=13 el=14 er=15 ed=-1 dl=14 dr=15 cl=0 cr=0 ok=930 fail=0 vofa=firewater rx=165 txdrop=0
1775028578.9320476,1775028578932047700,5889717225000,HB,227390,23627.0,1,1.594,-0.935,13.0,14.0,-1.0,11.0,13.0,0.0,2.0,13.0,14.0,0,0,,HB tick=227390 exp_id=192 t_ms=23627 run=1 spd=1 ts=20.000 as=13.500 ta=0.000 aa=2.234 se=6.500 so=1.434 ae=-2.234 ao=-1.919 pwm=12 pc=1 hd=-1 y=1.594 yr=-0.935 L=0 R=2 OL=11 OR=13 el=13 er=14 ed=-1 dl=13 dr=14 cl=0 cr=0 ok=931 fail=0 vofa=firewater rx=165 txdrop=0
1775028579.1292481,1775028579129248300,5889914425500,HB,227595,23832.0,1,0.754,-2.04,13.0,14.0,-1.0,11.0,13.0,0.0,2.0,13.0,14.0,0,0,,HB tick=227595 exp_id=192 t_ms=23832 run=1 spd=1 ts=20.000 as=13.500 ta=0.000 aa=1.481 se=6.500 so=1.440 ae=-1.481 ao=-0.690 pwm=12 pc=1 hd=-1 y=0.754 yr=-2.040 L=0 R=2 OL=11 OR=13 el=13 er=14 ed=-1 dl=13 dr=14 cl=0 cr=0 ok=932 fail=0 vofa=firewater rx=165 txdrop=0
1775028579.2951348,1775028579295134800,5890080313200,HB,227760,23997.0,1,0.005,-2.916,13.0,13.0,0.0,12.0,12.0,1.0,1.0,13.0,13.0,0,0,,HB tick=227760 exp_id=192 t_ms=23997 run=1 spd=1 ts=20.000 as=13.000 ta=0.000 aa=0.642 se=7.000 so=1.496 ae=-0.642 ao=0.437 pwm=12 pc=1 hd=0 y=0.005 yr=-2.916 L=1 R=1 OL=12 OR=12 el=13 er=13 ed=0 dl=13 dr=13 cl=0 cr=0 ok=933 fail=0 vofa=firewater rx=165 txdrop=0
1775028579.5548246,1775028579554824600,5890340002200,HB,228013,24250.0,1,-0.106,-2.049,15.0,14.0,1.0,13.0,11.0,2.0,0.0,15.0,14.0,0,0,,HB tick=228013 exp_id=192 t_ms=24250 run=1 spd=1 ts=20.000 as=14.500 ta=0.000 aa=-0.107 se=5.500 so=1.353 ae=0.107 ao=1.393 pwm=12 pc=1 hd=1 y=-0.106 yr=-2.049 L=2 R=0 OL=13 OR=11 el=15 er=14 ed=1 dl=15 dr=14 cl=0 cr=0 ok=934 fail=0 vofa=firewater rx=165 txdrop=0
1775028579.7111819,1775028579711181700,5890496358800,HB,228170,24406.0,1,0.143,-0.773,15.0,14.0,2.0,13.0,11.0,2.0,0.0,15.0,14.0,0,0,,HB tick=228170 exp_id=192 t_ms=24406 run=1 spd=1 ts=20.000 as=14.500 ta=0.000 aa=-0.219 se=5.500 so=1.358 ae=0.219 ao=1.086 pwm=12 pc=1 hd=1 y=0.143 yr=-0.773 L=2 R=0 OL=13 OR=11 el=15 er=14 ed=2 dl=15 dr=14 cl=0 cr=0 ok=935 fail=0 vofa=firewater rx=165 txdrop=0
1775028579.8988416,1775028579898841500,5890684018700,HB,228354,24591.0,1,0.256,-0.289,14.0,13.0,1.0,12.0,12.0,1.0,1.0,14.0,13.0,0,0,,HB tick=228354 exp_id=192 t_ms=24591 run=1 spd=1 ts=20.000 as=13.500 ta=0.000 aa=0.031 se=6.500 so=1.463 ae=-0.031 ao=0.325 pwm=12 pc=1 hd=0 y=0.256 yr=-0.289 L=1 R=1 OL=12 OR=12 el=14 er=13 ed=1 dl=14 dr=13 cl=0 cr=0 ok=936 fail=0 vofa=firewater rx=165 txdrop=0
1775028580.127056,1775028580127055800,5890912233100,HB,228586,24823.0,1,2.907,3.811,15.0,12.0,3.0,12.0,12.0,1.0,1.0,15.0,12.0,0,0,,HB tick=228586 exp_id=192 t_ms=24823 run=1 spd=1 ts=20.000 as=13.500 ta=0.000 aa=0.143 se=6.500 so=1.471 ae=-0.143 ao=0.023 pwm=12 pc=1 hd=0 y=2.907 yr=3.811 L=1 R=1 OL=12 OR=12 el=15 er=12 ed=3 dl=15 dr=12 cl=0 cr=0 ok=937 fail=0 vofa=firewater rx=165 txdrop=0
1775028580.282492,1775028580282492000,5891067669200,HB,228747,24984.0,1,4.105,5.082,14.0,14.0,0.0,11.0,13.0,0.0,2.0,14.0,14.0,0,0,,HB tick=228747 exp_id=192 t_ms=24984 run=1 spd=1 ts=20.000 as=14.000 ta=0.000 aa=2.794 se=6.000 so=1.426 ae=-2.794 ao=-3.811 pwm=12 pc=1 hd=-1 y=4.105 yr=5.082 L=0 R=2 OL=11 OR=13 el=14 er=14 ed=0 dl=14 dr=14 cl=0 cr=0 ok=938 fail=0 vofa=firewater rx=165 txdrop=0
1775028580.5210655,1775028580521065600,5891306243600,HB,228980,25217.0,1,5.012,4.667,14.0,13.0,1.0,11.0,13.0,0.0,2.0,14.0,13.0,0,0,,HB tick=228980 exp_id=192 t_ms=25217 run=1 spd=1 ts=20.000 as=13.500 ta=0.000 aa=3.992 se=6.500 so=1.483 ae=-3.992 ao=-5.281 pwm=12 pc=1 hd=-1 y=5.012 yr=4.667 L=0 R=2 OL=11 OR=13 el=14 er=13 ed=1 dl=14 dr=13 cl=0 cr=0 ok=939 fail=0 vofa=firewater rx=165 txdrop=0
1775028580.7376847,1775028580737684800,5891522861900,HB,229201,25438.0,1,4.951,2.937,13.0,14.0,-1.0,12.0,14.0,1.0,3.0,13.0,14.0,0,0,,HB tick=229201 exp_id=192 t_ms=25438 run=1 spd=1 ts=20.000 as=13.500 ta=0.000 aa=4.900 se=6.500 so=1.490 ae=-4.900 ao=-5.775 pwm=13 pc=2 hd=-1 y=4.951 yr=2.937 L=1 R=3 OL=12 OR=14 el=13 er=14 ed=-1 dl=13 dr=14 cl=0 cr=0 ok=940 fail=0 vofa=firewater rx=165 txdrop=0
1775028580.8937902,1775028580893790300,5891678969100,HB,229357,25594.0,1,4.796,1.56,14.0,14.0,0.0,11.0,13.0,0.0,2.0,14.0,14.0,0,0,,HB tick=229357 exp_id=192 t_ms=25594 run=1 spd=1 ts=20.000 as=14.000 ta=0.000 aa=4.839 se=6.000 so=1.445 ae=-4.839 ao=-4.951 pwm=12 pc=1 hd=-1 y=4.796 yr=1.560 L=0 R=2 OL=11 OR=13 el=14 er=14 ed=0 dl=14 dr=14 cl=0 cr=0 ok=941 fail=0 vofa=firewater rx=165 txdrop=0
1775028581.1462698,1775028581146269800,5891931447500,HB,229606,25843.0,1,3.291,-1.101,14.0,15.0,-1.0,11.0,13.0,0.0,2.0,14.0,15.0,0,0,,HB tick=229606 exp_id=192 t_ms=25843 run=1 spd=1 ts=20.000 as=14.500 ta=0.000 aa=4.683 se=5.500 so=1.402 ae=-4.683 ao=-4.214 pwm=12 pc=1 hd=-1 y=3.291 yr=-1.101 L=0 R=2 OL=11 OR=13 el=14 er=15 ed=-1 dl=14 dr=15 cl=0 cr=0 ok=942 fail=0 vofa=firewater rx=165 txdrop=0
1775028581.344618,1775028581344618000,5892129795300,HB,229807,26044.0,1,2.891,-1.412,13.0,15.0,-2.0,11.0,13.0,0.0,2.0,13.0,15.0,0,0,,HB tick=229807 exp_id=192 t_ms=26044 run=1 spd=1 ts=20.000 as=14.000 ta=0.000 aa=3.179 se=6.000 so=1.458 ae=-3.179 ao=-1.889 pwm=12 pc=1 hd=-1 y=2.891 yr=-1.412 L=0 R=2 OL=11 OR=13 el=13 er=15 ed=-2 dl=13 dr=15 cl=0 cr=0 ok=943 fail=0 vofa=firewater rx=165 txdrop=0
1775028581.5101683,1775028581510168300,5892295345400,HB,229968,26205.0,1,1.99,-2.877,14.0,14.0,0.0,11.0,13.0,0.0,2.0,14.0,14.0,0,0,,HB tick=229968 exp_id=192 t_ms=26205 run=1 spd=1 ts=20.000 as=14.000 ta=0.000 aa=2.779 se=6.000 so=1.462 ae=-2.779 ao=-1.449 pwm=12 pc=1 hd=-1 y=1.990 yr=-2.877 L=0 R=2 OL=11 OR=13 el=14 er=14 ed=0 dl=14 dr=14 cl=0 cr=0 ok=944 fail=0 vofa=firewater rx=165 txdrop=0
1775028581.7385027,1775028581738502600,5892523680500,HB,230201,26438.0,1,0.578,-3.991,14.0,14.0,0.0,12.0,12.0,1.0,1.0,14.0,14.0,0,0,,HB tick=230201 exp_id=192 t_ms=26438 run=1 spd=1 ts=20.000 as=14.000 ta=0.000 aa=1.878 se=6.000 so=1.470 ae=-1.878 ao=-0.114 pwm=12 pc=1 hd=0 y=0.578 yr=-3.991 L=1 R=1 OL=12 OR=12 el=14 er=14 ed=0 dl=14 dr=14 cl=0 cr=0 ok=945 fail=0 vofa=firewater rx=165 txdrop=0
1775028581.9384649,1775028581938464800,5892723642000,HB,230406,26643.0,1,-0.934,-5.175,15.0,15.0,0.0,13.0,11.0,2.0,0.0,15.0,15.0,0,0,,HB tick=230406 exp_id=192 t_ms=26643 run=1 spd=1 ts=20.000 as=15.000 ta=0.000 aa=0.465 se=5.000 so=1.375 ae=-0.465 ao=1.447 pwm=12 pc=1 hd=1 y=-0.934 yr=-5.175 L=2 R=0 OL=13 OR=11 el=15 er=15 ed=0 dl=15 dr=15 cl=0 cr=0 ok=946 fail=0 vofa=firewater rx=165 txdrop=0
1775028582.1693635,1775028582169363400,5892954542100,HB,230632,26869.0,1,-0.728,-3.046,14.0,13.0,1.0,13.0,11.0,2.0,0.0,14.0,13.0,0,0,,HB tick=230632 exp_id=192 t_ms=26869 run=1 spd=1 ts=20.000 as=13.500 ta=0.000 aa=-1.046 se=6.500 so=1.532 ae=1.046 ao=3.113 pwm=12 pc=1 hd=1 y=-0.728 yr=-3.046 L=2 R=0 OL=13 OR=11 el=14 er=13 ed=1 dl=14 dr=13 cl=0 cr=0 ok=947 fail=0 vofa=firewater rx=165 txdrop=0
1775028582.3673203,1775028582367320200,5893152497400,HB,230827,27064.0,1,-0.311,-1.232,15.0,13.0,2.0,13.0,11.0,2.0,0.0,15.0,13.0,0,0,,HB tick=230827 exp_id=192 t_ms=27064 run=1 spd=1 ts=20.000 as=14.000 ta=0.000 aa=-0.841 se=6.000 so=1.488 ae=0.841 ao=2.001 pwm=12 pc=1 hd=1 y=-0.311 yr=-1.232 L=2 R=0 OL=13 OR=11 el=15 er=13 ed=2 dl=15 dr=13 cl=0 cr=0 ok=948 fail=0 vofa=firewater rx=165 txdrop=0
1775028582.5234575,1775028582523457500,5893308634900,HB,230989,27226.0,1,0.317,0.556,15.0,13.0,2.0,13.0,11.0,2.0,0.0,15.0,13.0,0,0,,HB tick=230989 exp_id=192 t_ms=27226 run=1 spd=1 ts=20.000 as=14.000 ta=0.000 aa=-0.424 se=6.000 so=1.493 ae=0.424 ao=0.872 pwm=12 pc=1 hd=1 y=0.317 yr=0.556 L=2 R=0 OL=13 OR=11 el=15 er=13 ed=2 dl=15 dr=13 cl=0 cr=0 ok=949 fail=0 vofa=firewater rx=165 txdrop=0
1775028582.7537005,1775028582753700600,5893538878300,HB,231221,27458.0,1,1.765,2.547,15.0,14.0,1.0,11.0,13.0,0.0,2.0,15.0,14.0,0,0,,HB tick=231221 exp_id=192 t_ms=27458 run=1 spd=1 ts=20.000 as=14.500 ta=0.000 aa=0.204 se=5.500 so=1.449 ae=-0.204 ao=-0.403 pwm=12 pc=1 hd=-1 y=1.765 yr=2.547 L=0 R=2 OL=11 OR=13 el=15 er=14 ed=1 dl=15 dr=14 cl=0 cr=0 ok=950 fail=0 vofa=firewater rx=165 txdrop=0
1775028582.9221954,1775028582922195400,5893707375800,HB,231382,27619.0,1,3.007,4.355,14.0,14.0,0.0,12.0,14.0,1.0,3.0,14.0,14.0,0,0,,HB tick=231382 exp_id=192 t_ms=27619 run=1 spd=1 ts=20.000 as=14.000 ta=0.000 aa=1.653 se=6.000 so=1.504 ae=-1.653 ao=-2.386 pwm=13 pc=2 hd=-1 y=3.007 yr=4.355 L=1 R=3 OL=12 OR=14 el=14 er=14 ed=0 dl=14 dr=14 cl=0 cr=0 ok=951 fail=0 vofa=firewater rx=165 txdrop=0
1775028583.1521459,1775028583152145800,5893937324200,HB,231615,27852.0,1,3.872,4.13,15.0,15.0,0.0,11.0,13.0,0.0,2.0,15.0,15.0,0,0,,HB tick=231615 exp_id=192 t_ms=27852 run=1 spd=1 ts=20.000 as=15.000 ta=0.000 aa=2.894 se=5.000 so=1.411 ae=-2.894 ao=-4.130 pwm=12 pc=1 hd=-1 y=3.872 yr=4.130 L=0 R=2 OL=11 OR=13 el=15 er=15 ed=0 dl=15 dr=15 cl=0 cr=0 ok=952 fail=0 vofa=firewater rx=165 txdrop=0
1775028583.3733053,1775028583373305400,5894158483400,HB,231836,28073.0,1,4.166,3.15,14.0,15.0,-1.0,11.0,13.0,0.0,2.0,14.0,15.0,0,0,,HB tick=231836 exp_id=192 t_ms=28073 run=1 spd=1 ts=20.000 as=14.500 ta=0.000 aa=3.759 se=5.500 so=1.467 ae=-3.759 ao=-4.678 pwm=12 pc=1 hd=-1 y=4.166 yr=3.150 L=0 R=2 OL=11 OR=13 el=14 er=15 ed=-1 dl=14 dr=15 cl=0 cr=0 ok=953 fail=0 vofa=firewater rx=165 txdrop=0
1775028583.531384,1775028583531384000,5894316561600,HB,231992,28229.0,1,4.122,1.948,14.0,15.0,-1.0,12.0,14.0,1.0,3.0,14.0,15.0,0,0,,HB tick=231992 exp_id=192 t_ms=28229 run=1 spd=1 ts=20.000 as=14.500 ta=0.000 aa=4.054 se=5.500 so=1.471 ae=-4.054 ao=-4.458 pwm=13 pc=2 hd=-1 y=4.122 yr=1.948 L=1 R=3 OL=12 OR=14 el=14 er=15 ed=-1 dl=14 dr=15 cl=0 cr=0 ok=954 fail=0 vofa=firewater rx=165 txdrop=0
1775028583.7814035,1775028583781403600,5894566583600,HB,232241,28478.0,1,2.978,-0.341,14.0,15.0,-1.0,12.0,14.0,1.0,3.0,14.0,15.0,0,0,,HB tick=232241 exp_id=192 t_ms=28478 run=1 spd=1 ts=20.000 as=14.500 ta=0.000 aa=4.009 se=5.500 so=1.479 ae=-4.009 ao=-3.883 pwm=13 pc=2 hd=-1 y=2.978 yr=-0.341 L=1 R=3 OL=12 OR=14 el=14 er=15 ed=-1 dl=14 dr=15 cl=0 cr=0 ok=955 fail=0 vofa=firewater rx=165 txdrop=0
1775028583.939434,1775028583939433900,5894724613100,HB,232397,28634.0,1,2.783,-0.659,14.0,15.0,-1.0,11.0,13.0,0.0,2.0,14.0,15.0,0,0,,HB tick=232397 exp_id=192 t_ms=28634 run=1 spd=1 ts=20.000 as=14.500 ta=0.000 aa=2.866 se=5.500 so=1.483 ae=-2.866 ao=-1.996 pwm=12 pc=1 hd=-1 y=2.783 yr=-0.659 L=0 R=2 OL=11 OR=13 el=14 er=15 ed=-1 dl=14 dr=15 cl=0 cr=0 ok=956 fail=0 vofa=firewater rx=165 txdrop=0
1775028584.168096,1775028584168096100,5894953273200,HB,232630,28867.0,1,1.61,-2.191,14.0,15.0,-1.0,11.0,13.0,0.0,2.0,14.0,15.0,0,0,,HB tick=232630 exp_id=192 t_ms=28867 run=1 spd=1 ts=20.000 as=14.500 ta=0.000 aa=2.671 se=5.500 so=1.490 ae=-2.671 ao=-1.706 pwm=12 pc=1 hd=-1 y=1.610 yr=-2.191 L=0 R=2 OL=11 OR=13 el=14 er=15 ed=-1 dl=14 dr=15 cl=0 cr=0 ok=957 fail=0 vofa=firewater rx=165 txdrop=0
1775028584.3862414,1775028584386241500,5895171418500,HB,232855,29092.0,1,-1.247,-5.868,14.0,14.0,0.0,13.0,13.0,2.0,2.0,14.0,14.0,0,0,,HB tick=232855 exp_id=192 t_ms=29092 run=1 spd=1 ts=20.000 as=14.000 ta=0.000 aa=1.498 se=6.000 so=1.546 ae=-1.498 ao=-0.138 pwm=13 pc=2 hd=0 y=-1.247 yr=-5.868 L=2 R=2 OL=13 OR=13 el=14 er=14 ed=0 dl=14 dr=14 cl=0 cr=0 ok=958 fail=0 vofa=firewater rx=165 txdrop=0
1775028584.5529332,1775028584552933200,5895338110500,HB,233012,29249.0,1,-1.486,-4.347,14.0,14.0,0.0,14.0,12.0,3.0,1.0,14.0,14.0,0,0,,HB tick=233012 exp_id=192 t_ms=29249 run=1 spd=1 ts=20.000 as=14.000 ta=0.000 aa=-1.359 se=6.000 so=1.550 ae=1.359 ao=3.660 pwm=13 pc=2 hd=1 y=-1.486 yr=-4.347 L=3 R=1 OL=14 OR=12 el=14 er=14 ed=0 dl=14 dr=14 cl=0 cr=0 ok=959 fail=0 vofa=firewater rx=165 txdrop=0
1775028584.7812045,1775028584781204400,5895566381800,HB,233244,29481.0,1,-1.85,-3.375,16.0,15.0,1.0,13.0,11.0,2.0,0.0,16.0,15.0,0,0,,HB tick=233244 exp_id=192 t_ms=29481 run=1 spd=1 ts=20.000 as=15.500 ta=0.000 aa=-1.598 se=4.500 so=1.406 ae=1.598 ao=3.155 pwm=12 pc=1 hd=1 y=-1.850 yr=-3.375 L=2 R=0 OL=13 OR=11 el=16 er=15 ed=1 dl=16 dr=15 cl=0 cr=0 ok=960 fail=0 vofa=firewater rx=165 txdrop=0
1775028584.9368086,1775028584936808800,5895721985900,HB,233405,29642.0,1,-1.807,-2.1,17.0,10.0,7.0,14.0,12.0,3.0,1.0,17.0,10.0,0,0,,HB tick=233405 exp_id=192 t_ms=29642 run=1 spd=1 ts=20.000 as=13.500 ta=0.000 aa=-1.962 se=6.500 so=1.611 ae=1.962 ao=2.991 pwm=13 pc=2 hd=1 y=-1.807 yr=-2.100 L=3 R=1 OL=14 OR=12 el=17 er=10 ed=7 dl=17 dr=10 cl=0 cr=0 ok=961 fail=0 vofa=firewater rx=165 txdrop=0
1775028585.175113,1775028585175112900,5895960290400,HB,233638,29875.0,1,1.757,3.988,17.0,11.0,6.0,14.0,12.0,3.0,1.0,17.0,11.0,0,0,,HB tick=233638 exp_id=192 t_ms=29875 run=1 spd=1 ts=20.000 as=14.000 ta=0.000 aa=-1.919 se=6.000 so=1.568 ae=1.919 ao=2.385 pwm=13 pc=2 hd=1 y=1.757 yr=3.988 L=3 R=1 OL=14 OR=12 el=17 er=11 ed=6 dl=17 dr=11 cl=0 cr=0 ok=962 fail=0 vofa=firewater rx=165 txdrop=0
1775028585.4036565,1775028585403656500,5896188834100,HB,233871,30108.0,1,18.062,27.084,17.0,12.0,5.0,12.0,14.0,1.0,3.0,17.0,12.0,0,0,yaw_jump,HB tick=233871 exp_id=192 t_ms=30108 run=1 spd=1 ts=20.000 as=14.500 ta=0.000 aa=1.645 se=5.500 so=1.525 ae=-1.645 ao=-3.028 pwm=13 pc=2 hd=-1 y=18.062 yr=27.084 L=1 R=3 OL=12 OR=14 el=17 er=12 ed=5 dl=17 dr=12 cl=0 cr=0 ok=963 fail=0 vofa=firewater rx=165 txdrop=0
1775028585.5699396,1775028585569939600,5896355116900,HB,234027,30264.0,1,18.513,18.617,16.0,13.0,3.0,12.0,14.0,1.0,3.0,16.0,13.0,0,0,,HB tick=234027 exp_id=192 t_ms=30264 run=1 spd=1 ts=20.000 as=14.500 ta=0.000 aa=17.949 se=5.500 so=1.529 ae=-17.949 ao=-7.000 pwm=13 pc=2 hd=-1 y=18.513 yr=18.617 L=1 R=3 OL=12 OR=14 el=16 er=13 ed=3 dl=16 dr=13 cl=0 cr=0 ok=964 fail=0 vofa=firewater rx=165 txdrop=0
1775028585.8086812,1775028585808681100,5896593859100,HB,234277,30514.0,1,23.105,18.53,14.0,14.0,0.0,12.0,14.0,1.0,3.0,14.0,14.0,0,0,,HB tick=234277 exp_id=192 t_ms=30514 run=1 spd=1 ts=20.000 as=14.000 ta=0.000 aa=18.401 se=6.000 so=1.586 ae=-18.401 ao=-7.000 pwm=13 pc=2 hd=-1 y=23.105 yr=18.530 L=1 R=3 OL=12 OR=14 el=14 er=14 ed=0 dl=14 dr=14 cl=0 cr=0 ok=965 fail=0 vofa=firewater rx=165 txdrop=0
1775028586.0278757,1775028586027875600,5896813053400,HB,234494,30731.0,1,23.449,12.599,15.0,15.0,0.0,11.0,13.0,0.0,2.0,15.0,15.0,0,0,,HB tick=234494 exp_id=192 t_ms=30731 run=1 spd=1 ts=20.000 as=15.000 ta=0.000 aa=22.993 se=5.000 so=1.492 ae=-22.993 ao=-7.000 pwm=12 pc=1 hd=-1 y=23.449 yr=12.599 L=0 R=2 OL=11 OR=13 el=15 er=15 ed=0 dl=15 dr=15 cl=0 cr=0 ok=966 fail=0 vofa=firewater rx=165 txdrop=0
1775028586.1846375,1775028586184637500,5896969815100,HB,234650,30887.0,1,23.576,8.474,13.0,12.0,1.0,12.0,14.0,1.0,3.0,13.0,12.0,0,0,,HB tick=234650 exp_id=192 t_ms=30887 run=1 spd=1 ts=20.000 as=12.500 ta=0.000 aa=23.336 se=7.500 so=1.747 ae=-23.336 ao=-7.000 pwm=13 pc=2 hd=-1 y=23.576 yr=8.474 L=1 R=3 OL=12 OR=14 el=13 er=12 ed=1 dl=13 dr=12 cl=0 cr=0 ok=967 fail=0 vofa=firewater rx=165 txdrop=0
1775028586.4141169,1775028586414116800,5897199294500,HB,234882,31119.0,1,25.557,8.497,10.0,9.0,1.0,12.0,14.0,1.0,3.0,10.0,9.0,0,0,,HB tick=234882 exp_id=192 t_ms=31119 run=1 spd=1 ts=20.000 as=9.500 ta=0.000 aa=23.463 se=10.500 so=2.058 ae=-23.463 ao=-7.000 pwm=13 pc=2 hd=-1 y=25.557 yr=8.497 L=1 R=3 OL=12 OR=14 el=10 er=9 ed=1 dl=10 dr=9 cl=0 cr=0 ok=968 fail=0 vofa=firewater rx=165 txdrop=0
1775028586.582347,1775028586582347000,5897367524700,HB,235042,31279.0,1,28.795,12.606,6.0,4.0,2.0,13.0,15.0,2.0,4.0,6.0,4.0,0,0,,HB tick=235042 exp_id=192 t_ms=31279 run=1 spd=1 ts=20.000 as=5.000 ta=0.000 aa=25.444 se=15.000 so=2.518 ae=-25.444 ao=-7.000 pwm=14 pc=3 hd=-1 y=28.795 yr=12.606 L=2 R=4 OL=13 OR=15 el=6 er=4 ed=2 dl=6 dr=4 cl=0 cr=0 ok=969 fail=0 vofa=firewater rx=165 txdrop=0
1775028586.824117,1775028586824116900,5897609295800,HB,235291,31528.0,1,25.735,3.893,1.0,4.0,-3.0,13.0,15.0,2.0,4.0,1.0,4.0,0,0,,HB tick=235291 exp_id=192 t_ms=31528 run=1 spd=1 ts=20.000 as=2.500 ta=0.000 aa=28.682 se=17.500 so=2.787 ae=-28.682 ao=-7.000 pwm=14 pc=3 hd=-1 y=25.735 yr=3.893 L=2 R=4 OL=13 OR=15 el=1 er=4 ed=-3 dl=1 dr=4 cl=0 cr=0 ok=970 fail=0 vofa=firewater rx=165 txdrop=0
1775028586.9820154,1775028586982015500,5897767195700,HB,235447,31684.0,1,25.711,2.478,0.0,0.0,0.0,13.0,15.0,2.0,4.0,0.0,0.0,0,0,left_output_without_encoder|right_output_without_encoder,HB tick=235447 exp_id=192 t_ms=31684 run=1 spd=1 ts=20.000 as=0.000 ta=0.000 aa=25.622 se=20.000 so=3.052 ae=-25.622 ao=-7.000 pwm=14 pc=3 hd=-1 y=25.711 yr=2.478 L=2 R=4 OL=13 OR=15 el=0 er=0 ed=0 dl=0 dr=0 cl=0 cr=0 ok=971 fail=0 vofa=firewater rx=165 txdrop=0
1775028587.2344675,1775028587234467600,5898019645000,HB,235696,31933.0,1,25.712,1.612,0.0,0.0,0.0,13.0,15.0,2.0,4.0,0.0,0.0,0,0,left_output_without_encoder|right_output_without_encoder,HB tick=235696 exp_id=192 t_ms=31933 run=1 spd=1 ts=20.000 as=0.000 ta=0.000 aa=25.599 se=20.000 so=3.077 ae=-25.599 ao=-7.000 pwm=14 pc=3 hd=-1 y=25.712 yr=1.612 L=2 R=4 OL=13 OR=15 el=0 er=0 ed=0 dl=0 dr=0 cl=0 cr=0 ok=972 fail=0 vofa=firewater rx=165 txdrop=0
1775028587.3908522,1775028587390852000,5898176029600,HB,235853,32090.0,1,25.71,1.042,0.0,0.0,0.0,13.0,15.0,2.0,4.0,0.0,0.0,0,0,left_output_without_encoder|right_output_without_encoder,HB tick=235853 exp_id=192 t_ms=32090 run=1 spd=1 ts=20.000 as=0.000 ta=0.000 aa=25.600 se=20.000 so=3.093 ae=-25.600 ao=-7.000 pwm=14 pc=3 hd=-1 y=25.710 yr=1.042 L=2 R=4 OL=13 OR=15 el=0 er=0 ed=0 dl=0 dr=0 cl=0 cr=0 ok=973 fail=0 vofa=firewater rx=165 txdrop=0
1775028587.6194017,1775028587619401600,5898404578700,HB,236085,32322.0,1,25.707,0.672,0.0,0.0,0.0,13.0,15.0,2.0,4.0,0.0,0.0,0,0,left_output_without_encoder|right_output_without_encoder,HB tick=236085 exp_id=192 t_ms=32322 run=1 spd=1 ts=20.000 as=0.000 ta=0.000 aa=25.598 se=20.000 so=3.116 ae=-25.598 ao=-7.000 pwm=14 pc=3 hd=-1 y=25.707 yr=0.672 L=2 R=4 OL=13 OR=15 el=0 er=0 ed=0 dl=0 dr=0 cl=0 cr=0 ok=974 fail=0 vofa=firewater rx=165 txdrop=0
1775028587.7870965,1775028587787096700,5898572274700,HB,236246,32483.0,1,25.712,0.448,0.0,0.0,0.0,13.0,15.0,2.0,4.0,0.0,0.0,0,0,left_output_without_encoder|right_output_without_encoder,HB tick=236246 exp_id=192 t_ms=32483 run=1 spd=1 ts=20.000 as=0.000 ta=0.000 aa=25.594 se=20.000 so=3.132 ae=-25.594 ao=-7.000 pwm=14 pc=3 hd=-1 y=25.712 yr=0.448 L=2 R=4 OL=13 OR=15 el=0 er=0 ed=0 dl=0 dr=0 cl=0 cr=0 ok=975 fail=0 vofa=firewater rx=165 txdrop=0
1775028588.0265722,1775028588026572400,5898811749700,HB,236495,32732.0,1,25.724,0.308,0.0,0.0,0.0,13.0,15.0,2.0,4.0,0.0,0.0,0,0,left_output_without_encoder|right_output_without_encoder,HB tick=236495 exp_id=192 t_ms=32732 run=1 spd=1 ts=20.000 as=0.000 ta=0.000 aa=25.599 se=20.000 so=3.157 ae=-25.599 ao=-7.000 pwm=14 pc=3 hd=-1 y=25.724 yr=0.308 L=2 R=4 OL=13 OR=15 el=0 er=0 ed=0 dl=0 dr=0 cl=0 cr=0 ok=976 fail=0 vofa=firewater rx=165 txdrop=0
1775028588.4354823,1775028588435482400,5899220659800,HB,236696,32933.0,1,25.721,0.196,0.0,0.0,0.0,13.0,15.0,2.0,4.0,0.0,0.0,0,0,left_output_without_encoder|right_output_without_encoder,HB tick=236696 exp_id=192 t_ms=32933 run=1 spd=1 ts=20.000 as=0.000 ta=0.000 aa=25.611 se=20.000 so=3.177 ae=-25.611 ao=-7.000 pwm=14 pc=3 hd=-1 y=25.721 yr=0.196 L=2 R=4 OL=13 OR=15 el=0 er=0 ed=0 dl=0 dr=0 cl=0 cr=0 ok=977 fail=0 vofa=firewater rx=165 txdrop=0
1775028588.4354823,1775028588435482401,5899220659801,HB,236901,33138.0,1,25.728,0.139,0.0,0.0,0.0,13.0,15.0,2.0,4.0,0.0,0.0,0,0,left_output_without_encoder|right_output_without_encoder,HB tick=236901 exp_id=192 t_ms=33138 run=1 spd=1 ts=20.000 as=0.000 ta=0.000 aa=25.609 se=20.000 so=3.198 ae=-25.609 ao=-7.000 pwm=14 pc=3 hd=-1 y=25.728 yr=0.139 L=2 R=4 OL=13 OR=15 el=0 er=0 ed=0 dl=0 dr=0 cl=0 cr=0 ok=978 fail=0 vofa=firewater rx=165 txdrop=0
1775028588.6010506,1775028588601050600,5899386227700,HB,237061,33298.0,1,25.727,0.088,0.0,0.0,0.0,13.0,15.0,2.0,4.0,0.0,0.0,0,0,left_output_without_encoder|right_output_without_encoder,HB tick=237061 exp_id=192 t_ms=33298 run=1 spd=1 ts=20.000 as=0.000 ta=0.000 aa=25.616 se=20.000 so=3.214 ae=-25.616 ao=-7.000 pwm=14 pc=3 hd=-1 y=25.727 yr=0.088 L=2 R=4 OL=13 OR=15 el=0 er=0 ed=0 dl=0 dr=0 cl=0 cr=0 ok=979 fail=0 vofa=firewater rx=165 txdrop=0
1775028588.830776,1775028588830776100,5899615953500,HB,237294,33531.0,1,25.726,0.056,0.0,0.0,0.0,13.0,15.0,2.0,4.0,0.0,0.0,0,0,left_output_without_encoder|right_output_without_encoder,HB tick=237294 exp_id=192 t_ms=33531 run=1 spd=1 ts=20.000 as=0.000 ta=0.000 aa=25.614 se=20.000 so=3.237 ae=-25.614 ao=-7.000 pwm=14 pc=3 hd=-1 y=25.726 yr=0.056 L=2 R=4 OL=13 OR=15 el=0 er=0 ed=0 dl=0 dr=0 cl=0 cr=0 ok=980 fail=0 vofa=firewater rx=165 txdrop=0
1775028588.987253,1775028588987253000,5899772430100,HB,237455,33692.0,1,25.725,0.035,0.0,0.0,0.0,13.0,15.0,2.0,4.0,0.0,0.0,0,0,left_output_without_encoder|right_output_without_encoder,HB tick=237455 exp_id=192 t_ms=33692 run=1 spd=1 ts=20.000 as=0.000 ta=0.000 aa=25.614 se=20.000 so=3.253 ae=-25.614 ao=-7.000 pwm=14 pc=3 hd=-1 y=25.725 yr=0.035 L=2 R=4 OL=13 OR=15 el=0 er=0 ed=0 dl=0 dr=0 cl=0 cr=0 ok=981 fail=0 vofa=firewater rx=165 txdrop=0
1775028589.2381043,1775028589238104300,5900023282900,HB,237708,33945.0,1,25.724,0.021,0.0,0.0,0.0,13.0,15.0,2.0,4.0,0.0,0.0,0,0,left_output_without_encoder|right_output_without_encoder,HB tick=237708 exp_id=192 t_ms=33945 run=1 spd=1 ts=20.000 as=0.000 ta=0.000 aa=25.613 se=20.000 so=3.278 ae=-25.613 ao=-7.000 pwm=14 pc=3 hd=-1 y=25.724 yr=0.021 L=2 R=4 OL=13 OR=15 el=0 er=0 ed=0 dl=0 dr=0 cl=0 cr=0 ok=982 fail=0 vofa=firewater rx=165 txdrop=0
1775028589.4363303,1775028589436330200,5900221507600,HB,237903,34140.0,1,25.724,0.013,0.0,0.0,0.0,13.0,15.0,2.0,4.0,0.0,0.0,0,0,left_output_without_encoder|right_output_without_encoder,HB tick=237903 exp_id=192 t_ms=34140 run=1 spd=1 ts=20.000 as=0.000 ta=0.000 aa=25.612 se=20.000 so=3.298 ae=-25.612 ao=-7.000 pwm=14 pc=3 hd=-1 y=25.724 yr=0.013 L=2 R=4 OL=13 OR=15 el=0 er=0 ed=0 dl=0 dr=0 cl=0 cr=0 ok=983 fail=0 vofa=firewater rx=165 txdrop=0
1775028589.6648064,1775028589664806500,5900449983700,HB,238129,34366.0,1,25.732,0.02,0.0,0.0,0.0,13.0,15.0,2.0,4.0,0.0,0.0,0,0,left_output_without_encoder|right_output_without_encoder,HB tick=238129 exp_id=192 t_ms=34366 run=1 spd=1 ts=20.000 as=0.000 ta=0.000 aa=25.611 se=20.000 so=3.320 ae=-25.611 ao=-7.000 pwm=14 pc=3 hd=-1 y=25.732 yr=0.020 L=2 R=4 OL=13 OR=15 el=0 er=0 ed=0 dl=0 dr=0 cl=0 cr=0 ok=984 fail=0 vofa=firewater rx=165 txdrop=0
1775028589.821035,1775028589821035000,5900606212100,HB,238285,34522.0,1,25.732,0.013,0.0,0.0,0.0,13.0,15.0,2.0,4.0,0.0,0.0,0,0,left_output_without_encoder|right_output_without_encoder,HB tick=238285 exp_id=192 t_ms=34522 run=1 spd=1 ts=20.000 as=0.000 ta=0.000 aa=25.619 se=20.000 so=3.336 ae=-25.619 ao=-7.000 pwm=14 pc=3 hd=-1 y=25.732 yr=0.013 L=2 R=4 OL=13 OR=15 el=0 er=0 ed=0 dl=0 dr=0 cl=0 cr=0 ok=985 fail=0 vofa=firewater rx=165 txdrop=0
1775028590.0725653,1775028590072565200,5900857744400,HB,238535,34771.0,1,25.732,0.009,0.0,0.0,0.0,13.0,15.0,2.0,4.0,0.0,0.0,0,0,left_output_without_encoder|right_output_without_encoder,HB tick=238535 exp_id=192 t_ms=34771 run=1 spd=1 ts=20.000 as=0.000 ta=0.000 aa=25.619 se=20.000 so=3.361 ae=-25.619 ao=-7.000 pwm=14 pc=3 hd=-1 y=25.732 yr=0.009 L=2 R=4 OL=13 OR=15 el=0 er=0 ed=0 dl=0 dr=0 cl=0 cr=0 ok=986 fail=0 vofa=firewater rx=165 txdrop=0
1775028590.2284513,1775028590228451400,5901013629000,HB,238691,34928.0,1,25.732,0.006,0.0,0.0,0.0,13.0,15.0,2.0,4.0,0.0,0.0,0,0,left_output_without_encoder|right_output_without_encoder,HB tick=238691 exp_id=192 t_ms=34928 run=1 spd=1 ts=20.000 as=0.000 ta=0.000 aa=25.619 se=20.000 so=3.377 ae=-25.619 ao=-7.000 pwm=14 pc=3 hd=-1 y=25.732 yr=0.006 L=2 R=4 OL=13 OR=15 el=0 er=0 ed=0 dl=0 dr=0 cl=0 cr=0 ok=987 fail=0 vofa=firewater rx=165 txdrop=0
1775028590.4896567,1775028590489656700,5901274834400,HB,238952,35189.0,1,25.731,0.003,0.0,0.0,0.0,13.0,15.0,2.0,4.0,0.0,0.0,0,0,left_output_without_encoder|right_output_without_encoder,HB tick=238952 exp_id=192 t_ms=35189 run=1 spd=1 ts=20.000 as=0.000 ta=0.000 aa=25.619 se=20.000 so=3.403 ae=-25.619 ao=-7.000 pwm=14 pc=3 hd=-1 y=25.731 yr=0.003 L=2 R=4 OL=13 OR=15 el=0 er=0 ed=0 dl=0 dr=0 cl=0 cr=0 ok=988 fail=0 vofa=firewater rx=165 txdrop=0
1775028590.6466124,1775028590646612400,5901431789500,HB,239108,35345.0,1,25.731,0.002,0.0,0.0,0.0,13.0,15.0,2.0,4.0,0.0,0.0,0,0,left_output_without_encoder|right_output_without_encoder,HB tick=239108 exp_id=192 t_ms=35345 run=1 spd=1 ts=20.000 as=0.000 ta=0.000 aa=25.619 se=20.000 so=3.418 ae=-25.619 ao=-7.000 pwm=14 pc=3 hd=-1 y=25.731 yr=0.002 L=2 R=4 OL=13 OR=15 el=0 er=0 ed=0 dl=0 dr=0 cl=0 cr=0 ok=989 fail=0 vofa=firewater rx=165 txdrop=0
1775028590.896548,1775028590896548200,5901681725600,HB,239357,35593.0,1,25.731,0.002,0.0,0.0,0.0,13.0,15.0,2.0,4.0,0.0,0.0,0,0,left_output_without_encoder|right_output_without_encoder,HB tick=239357 exp_id=192 t_ms=35593 run=1 spd=1 ts=20.000 as=0.000 ta=0.000 aa=25.619 se=20.000 so=3.443 ae=-25.619 ao=-7.000 pwm=14 pc=3 hd=-1 y=25.731 yr=0.002 L=2 R=4 OL=13 OR=15 el=0 er=0 ed=0 dl=0 dr=0 cl=0 cr=0 ok=990 fail=0 vofa=firewater rx=165 txdrop=0
1775028591.115136,1775028591115136100,5901900313600,HB,239573,35810.0,1,25.731,0.001,0.0,0.0,0.0,13.0,15.0,2.0,4.0,0.0,0.0,0,0,left_output_without_encoder|right_output_without_encoder,HB tick=239573 exp_id=192 t_ms=35810 run=1 spd=1 ts=20.000 as=0.000 ta=0.000 aa=25.619 se=20.000 so=3.465 ae=-25.619 ao=-7.000 pwm=14 pc=3 hd=-1 y=25.731 yr=0.001 L=2 R=4 OL=13 OR=15 el=0 er=0 ed=0 dl=0 dr=0 cl=0 cr=0 ok=991 fail=0 vofa=firewater rx=165 txdrop=0
1775028591.3238552,1775028591323855100,5902109032400,HB,239789,36026.0,1,25.731,0.0,0.0,0.0,0.0,13.0,15.0,2.0,4.0,0.0,0.0,0,0,left_output_without_encoder|right_output_without_encoder,HB tick=239789 exp_id=192 t_ms=36026 run=1 spd=1 ts=20.000 as=0.000 ta=0.000 aa=25.619 se=20.000 so=3.486 ae=-25.619 ao=-7.000 pwm=14 pc=3 hd=-1 y=25.731 yr=0.000 L=2 R=4 OL=13 OR=15 el=0 er=0 ed=0 dl=0 dr=0 cl=0 cr=0 ok=992 fail=0 vofa=firewater rx=165 txdrop=0
1775028591.52248,1775028591522480000,5902307657600,HB,239984,36221.0,1,25.731,0.0,0.0,0.0,0.0,13.0,17.0,2.0,6.0,0.0,0.0,0,0,left_output_without_encoder|right_output_without_encoder,HB tick=239984 exp_id=192 t_ms=36221 run=1 spd=1 ts=20.000 as=0.000 ta=0.000 aa=25.619 se=20.000 so=3.506 ae=-25.619 ao=-7.000 pwm=15 pc=4 hd=-2 y=25.731 yr=0.000 L=2 R=6 OL=13 OR=17 el=0 er=0 ed=0 dl=0 dr=0 cl=0 cr=0 ok=993 fail=0 vofa=firewater rx=165 txdrop=0
1775028591.7297974,1775028591729797300,5902514974900,HB,240189,36426.0,1,25.722,-0.016,0.0,0.0,0.0,13.0,17.0,2.0,6.0,0.0,0.0,0,0,left_output_without_encoder|right_output_without_encoder,HB tick=240189 exp_id=192 t_ms=36426 run=1 spd=1 ts=20.000 as=0.000 ta=0.000 aa=25.619 se=20.000 so=3.526 ae=-25.619 ao=-7.000 pwm=15 pc=4 hd=-2 y=25.722 yr=-0.016 L=2 R=6 OL=13 OR=17 el=0 er=0 ed=0 dl=0 dr=0 cl=0 cr=0 ok=994 fail=0 vofa=firewater rx=165 txdrop=0
1775028591.887591,1775028591887590900,5902672768300,HB,240354,36591.0,1,25.715,-0.025,0.0,0.0,0.0,13.0,17.0,2.0,6.0,0.0,0.0,0,0,left_output_without_encoder|right_output_without_encoder,HB tick=240354 exp_id=192 t_ms=36591 run=1 spd=1 ts=20.000 as=0.000 ta=0.000 aa=25.609 se=20.000 so=3.543 ae=-25.609 ao=-7.000 pwm=15 pc=4 hd=-2 y=25.715 yr=-0.025 L=2 R=6 OL=13 OR=17 el=0 er=0 ed=0 dl=0 dr=0 cl=0 cr=0 ok=995 fail=0 vofa=firewater rx=165 txdrop=0
1775028592.1395411,1775028592139541200,5902924718300,HB,240608,36845.0,1,25.714,-0.017,0.0,0.0,0.0,13.0,17.0,2.0,6.0,0.0,0.0,0,0,left_output_without_encoder|right_output_without_encoder,HB tick=240608 exp_id=192 t_ms=36845 run=1 spd=1 ts=20.000 as=0.000 ta=0.000 aa=25.602 se=20.000 so=3.568 ae=-25.602 ao=-7.000 pwm=15 pc=4 hd=-2 y=25.714 yr=-0.017 L=2 R=6 OL=13 OR=17 el=0 er=0 ed=0 dl=0 dr=0 cl=0 cr=0 ok=996 fail=0 vofa=firewater rx=165 txdrop=0
1775028592.2948885,1775028592294888400,5903080065600,HB,240764,37001.0,1,25.714,-0.011,0.0,0.0,0.0,13.0,17.0,2.0,6.0,0.0,0.0,0,0,left_output_without_encoder|right_output_without_encoder,HB tick=240764 exp_id=192 t_ms=37001 run=1 spd=1 ts=20.000 as=0.000 ta=0.000 aa=25.602 se=20.000 so=3.584 ae=-25.602 ao=-7.000 pwm=15 pc=4 hd=-2 y=25.714 yr=-0.011 L=2 R=6 OL=13 OR=17 el=0 er=0 ed=0 dl=0 dr=0 cl=0 cr=0 ok=997 fail=0 vofa=firewater rx=165 txdrop=0
1775028592.533284,1775028592533283900,5903318461400,HB,240997,37234.0,1,25.714,-0.008,0.0,0.0,0.0,13.0,17.0,2.0,6.0,0.0,0.0,0,0,left_output_without_encoder|right_output_without_encoder,HB tick=240997 exp_id=192 t_ms=37234 run=1 spd=1 ts=20.000 as=0.000 ta=0.000 aa=25.602 se=20.000 so=3.607 ae=-25.602 ao=-7.000 pwm=15 pc=4 hd=-2 y=25.714 yr=-0.008 L=2 R=6 OL=13 OR=17 el=0 er=0 ed=0 dl=0 dr=0 cl=0 cr=0 ok=998 fail=0 vofa=firewater rx=165 txdrop=0
1775028592.7390559,1775028592739055800,5903524233400,HB,241202,37439.0,1,25.714,-0.005,0.0,0.0,0.0,13.0,17.0,2.0,6.0,0.0,0.0,0,0,left_output_without_encoder|right_output_without_encoder,HB tick=241202 exp_id=192 t_ms=37439 run=1 spd=1 ts=20.000 as=0.000 ta=0.000 aa=25.601 se=20.000 so=3.628 ae=-25.601 ao=-7.000 pwm=15 pc=4 hd=-2 y=25.714 yr=-0.005 L=2 R=6 OL=13 OR=17 el=0 er=0 ed=0 dl=0 dr=0 cl=0 cr=0 ok=999 fail=0 vofa=firewater rx=165 txdrop=0
1775028592.8942006,1775028592894200600,5903679378000,HB,241363,37600.0,1,25.714,-0.003,0.0,0.0,0.0,13.0,17.0,2.0,6.0,0.0,0.0,0,0,left_output_without_encoder|right_output_without_encoder,HB tick=241363 exp_id=192 t_ms=37600 run=1 spd=1 ts=20.000 as=0.000 ta=0.000 aa=25.601 se=20.000 so=3.644 ae=-25.601 ao=-7.000 pwm=15 pc=4 hd=-2 y=25.714 yr=-0.003 L=2 R=6 OL=13 OR=17 el=0 er=0 ed=0 dl=0 dr=0 cl=0 cr=0 ok=1000 fail=0 vofa=firewater rx=165 txdrop=0
1775028593.1437168,1775028593143716900,5903928895200,HB,241612,37849.0,1,25.715,-0.0,0.0,0.0,0.0,13.0,17.0,2.0,6.0,0.0,0.0,0,0,left_output_without_encoder|right_output_without_encoder,HB tick=241612 exp_id=192 t_ms=37849 run=1 spd=1 ts=20.000 as=0.000 ta=0.000 aa=25.602 se=20.000 so=3.669 ae=-25.602 ao=-7.000 pwm=15 pc=4 hd=-2 y=25.715 yr=-0.000 L=2 R=6 OL=13 OR=17 el=0 er=0 ed=0 dl=0 dr=0 cl=0 cr=0 ok=1001 fail=0 vofa=firewater rx=165 txdrop=0
1775028593.3514555,1775028593351455500,5904136632900,HB,241813,38050.0,1,25.716,0.001,0.0,0.0,0.0,13.0,17.0,2.0,6.0,0.0,0.0,0,0,left_output_without_encoder|right_output_without_encoder,HB tick=241813 exp_id=192 t_ms=38050 run=1 spd=1 ts=20.000 as=0.000 ta=0.000 aa=25.603 se=20.000 so=3.689 ae=-25.603 ao=-7.000 pwm=15 pc=4 hd=-2 y=25.716 yr=0.001 L=2 R=6 OL=13 OR=17 el=0 er=0 ed=0 dl=0 dr=0 cl=0 cr=0 ok=1002 fail=0 vofa=firewater rx=165 txdrop=0
1775028593.5702467,1775028593570246700,5904355424400,HB,242035,38272.0,1,25.716,0.001,0.0,0.0,0.0,13.0,17.0,2.0,6.0,0.0,0.0,0,0,left_output_without_encoder|right_output_without_encoder,HB tick=242035 exp_id=192 t_ms=38272 run=1 spd=1 ts=20.000 as=0.000 ta=0.000 aa=25.603 se=20.000 so=3.711 ae=-25.603 ao=-7.000 pwm=15 pc=4 hd=-2 y=25.716 yr=0.001 L=2 R=6 OL=13 OR=17 el=0 er=0 ed=0 dl=0 dr=0 cl=0 cr=0 ok=1003 fail=0 vofa=firewater rx=165 txdrop=0
1775028593.7896268,1775028593789626900,5904574804000,HB,242252,38489.0,1,25.717,0.001,0.0,0.0,0.0,13.0,17.0,2.0,6.0,0.0,0.0,0,0,left_output_without_encoder|right_output_without_encoder,HB tick=242252 exp_id=192 t_ms=38489 run=1 spd=1 ts=20.000 as=0.000 ta=0.000 aa=25.604 se=20.000 so=3.733 ae=-25.604 ao=-7.000 pwm=15 pc=4 hd=-2 y=25.717 yr=0.001 L=2 R=6 OL=13 OR=17 el=0 er=0 ed=0 dl=0 dr=0 cl=0 cr=0 ok=1004 fail=0 vofa=firewater rx=165 txdrop=0
1775028593.988157,1775028593988156900,5904773336100,HB,242453,38690.0,1,25.717,0.001,0.0,0.0,0.0,13.0,17.0,2.0,6.0,0.0,0.0,0,0,left_output_without_encoder|right_output_without_encoder,HB tick=242453 exp_id=192 t_ms=38690 run=1 spd=1 ts=20.000 as=0.000 ta=0.000 aa=25.604 se=20.000 so=3.753 ae=-25.604 ao=-7.000 pwm=15 pc=4 hd=-2 y=25.717 yr=0.001 L=2 R=6 OL=13 OR=17 el=0 er=0 ed=0 dl=0 dr=0 cl=0 cr=0 ok=1005 fail=0 vofa=firewater rx=165 txdrop=0
1775028594.144425,1775028594144425000,5904929602500,HB,242614,38851.0,1,25.717,0.001,0.0,0.0,0.0,13.0,17.0,2.0,6.0,0.0,0.0,0,0,left_output_without_encoder|right_output_without_encoder,HB tick=242614 exp_id=192 t_ms=38851 run=1 spd=1 ts=20.000 as=0.000 ta=0.000 aa=25.604 se=20.000 so=3.769 ae=-25.604 ao=-7.000 pwm=15 pc=4 hd=-2 y=25.717 yr=0.001 L=2 R=6 OL=13 OR=17 el=0 er=0 ed=0 dl=0 dr=0 cl=0 cr=0 ok=1006 fail=0 vofa=firewater rx=165 txdrop=0
1775028594.3413403,1775028594341340400,5905126517700,HB,242803,39040.0,1,25.717,0.001,0.0,0.0,0.0,13.0,17.0,2.0,6.0,0.0,0.0,0,0,left_output_without_encoder|right_output_without_encoder,HB tick=242803 exp_id=192 t_ms=39040 run=1 spd=1 ts=20.000 as=0.000 ta=0.000 aa=25.604 se=20.000 so=3.788 ae=-25.604 ao=-7.000 pwm=15 pc=4 hd=-2 y=25.717 yr=0.001 L=2 R=6 OL=13 OR=17 el=0 er=0 ed=0 dl=0 dr=0 cl=0 cr=0 ok=1007 fail=0 vofa=firewater rx=165 txdrop=0
1775028594.570297,1775028594570297100,5905355474900,HB,243035,39272.0,1,25.717,0.001,0.0,0.0,0.0,13.0,17.0,2.0,6.0,0.0,0.0,0,0,left_output_without_encoder|right_output_without_encoder,HB tick=243035 exp_id=192 t_ms=39272 run=1 spd=1 ts=20.000 as=0.000 ta=0.000 aa=25.605 se=20.000 so=3.811 ae=-25.605 ao=-7.000 pwm=15 pc=4 hd=-2 y=25.717 yr=0.001 L=2 R=6 OL=13 OR=17 el=0 er=0 ed=0 dl=0 dr=0 cl=0 cr=0 ok=1008 fail=0 vofa=firewater rx=165 txdrop=0
1775028594.778697,1775028594778697000,5905563874800,HB,243240,39477.0,1,25.717,-0.0,0.0,0.0,0.0,13.0,17.0,2.0,6.0,0.0,0.0,0,0,left_output_without_encoder|right_output_without_encoder,HB tick=243240 exp_id=192 t_ms=39477 run=1 spd=1 ts=20.000 as=0.000 ta=0.000 aa=25.605 se=20.000 so=3.832 ae=-25.605 ao=-7.000 pwm=15 pc=4 hd=-2 y=25.717 yr=-0.000 L=2 R=6 OL=13 OR=17 el=0 er=0 ed=0 dl=0 dr=0 cl=0 cr=0 ok=1009 fail=0 vofa=firewater rx=165 txdrop=0
1775028595.0081797,1775028595008179600,5905793356800,HB,243466,39703.0,1,25.716,-0.001,0.0,0.0,0.0,13.0,17.0,2.0,6.0,0.0,0.0,0,0,left_output_without_encoder|right_output_without_encoder,HB tick=243466 exp_id=192 t_ms=39703 run=1 spd=1 ts=20.000 as=0.000 ta=0.000 aa=25.604 se=20.000 so=3.854 ae=-25.604 ao=-7.000 pwm=15 pc=4 hd=-2 y=25.716 yr=-0.001 L=2 R=6 OL=13 OR=17 el=0 er=0 ed=0 dl=0 dr=0 cl=0 cr=0 ok=1010 fail=0 vofa=firewater rx=165 txdrop=0
1775028595.1545691,1775028595154569200,5905939746300,HB,243622,39859.0,1,25.716,-0.001,0.0,0.0,0.0,13.0,17.0,2.0,6.0,0.0,0.0,0,0,left_output_without_encoder|right_output_without_encoder,HB tick=243622 exp_id=192 t_ms=39859 run=1 spd=1 ts=20.000 as=0.000 ta=0.000 aa=25.604 se=20.000 so=3.870 ae=-25.604 ao=-7.000 pwm=15 pc=4 hd=-2 y=25.716 yr=-0.001 L=2 R=6 OL=13 OR=17 el=0 er=0 ed=0 dl=0 dr=0 cl=0 cr=0 ok=1011 fail=0 vofa=firewater rx=165 txdrop=0
1775028595.3414,1775028595341399700,5906126577000,HB,243806,40043.0,1,25.716,-0.0,0.0,0.0,0.0,13.0,17.0,2.0,6.0,0.0,0.0,0,0,left_output_without_encoder|right_output_without_encoder,HB tick=243806 exp_id=192 t_ms=40043 run=1 spd=1 ts=20.000 as=0.000 ta=0.000 aa=25.604 se=20.000 so=3.888 ae=-25.604 ao=-7.000 pwm=15 pc=4 hd=-2 y=25.716 yr=-0.000 L=2 R=6 OL=13 OR=17 el=0 er=0 ed=0 dl=0 dr=0 cl=0 cr=0 ok=1012 fail=0 vofa=firewater rx=165 txdrop=0
1775028595.5921357,1775028595592135600,5906377312700,HB,244055,40292.0,1,25.715,-0.002,0.0,0.0,0.0,13.0,17.0,2.0,6.0,0.0,0.0,0,0,left_output_without_encoder|right_output_without_encoder,HB tick=244055 exp_id=192 t_ms=40292 run=1 spd=1 ts=20.000 as=0.000 ta=0.000 aa=25.604 se=20.000 so=3.913 ae=-25.604 ao=-7.000 pwm=15 pc=4 hd=-2 y=25.715 yr=-0.002 L=2 R=6 OL=13 OR=17 el=0 er=0 ed=0 dl=0 dr=0 cl=0 cr=0 ok=1013 fail=0 vofa=firewater rx=165 txdrop=0
1775028595.7909937,1775028595790993700,5906576170800,HB,244255,40492.0,1,25.715,-0.001,0.0,0.0,0.0,13.0,17.0,2.0,6.0,0.0,0.0,0,0,left_output_without_encoder|right_output_without_encoder,HB tick=244255 exp_id=192 t_ms=40492 run=1 spd=1 ts=20.000 as=0.000 ta=0.000 aa=25.602 se=20.000 so=3.933 ae=-25.602 ao=-7.000 pwm=15 pc=4 hd=-2 y=25.715 yr=-0.001 L=2 R=6 OL=13 OR=17 el=0 er=0 ed=0 dl=0 dr=0 cl=0 cr=0 ok=1014 fail=0 vofa=firewater rx=165 txdrop=0
1775028595.9908547,1775028595990854600,5906776032100,HB,244460,40697.0,1,25.715,-0.001,0.0,0.0,0.0,13.0,17.0,2.0,6.0,0.0,0.0,0,0,left_output_without_encoder|right_output_without_encoder,HB tick=244460 exp_id=192 t_ms=40697 run=1 spd=1 ts=20.000 as=0.000 ta=0.000 aa=25.602 se=20.000 so=3.954 ae=-25.602 ao=-7.000 pwm=15 pc=4 hd=-2 y=25.715 yr=-0.001 L=2 R=6 OL=13 OR=17 el=0 er=0 ed=0 dl=0 dr=0 cl=0 cr=0 ok=1015 fail=0 vofa=firewater rx=165 txdrop=0
1775028596.2209938,1775028596220993900,5907006171800,HB,244686,40923.0,1,25.715,0.001,0.0,0.0,0.0,13.0,17.0,2.0,6.0,0.0,0.0,0,0,left_output_without_encoder|right_output_without_encoder,HB tick=244686 exp_id=192 t_ms=40923 run=1 spd=1 ts=20.000 as=0.000 ta=0.000 aa=25.602 se=20.000 so=3.976 ae=-25.602 ao=-7.000 pwm=15 pc=4 hd=-2 y=25.715 yr=0.001 L=2 R=6 OL=13 OR=17 el=0 er=0 ed=0 dl=0 dr=0 cl=0 cr=0 ok=1016 fail=0 vofa=firewater rx=165 txdrop=0
1775028596.3763864,1775028596376386300,5907161563900,HB,244842,41079.0,1,25.715,0.0,0.0,0.0,0.0,13.0,17.0,2.0,6.0,0.0,0.0,0,0,left_output_without_encoder|right_output_without_encoder,HB tick=244842 exp_id=192 t_ms=41079 run=1 spd=1 ts=20.000 as=0.000 ta=0.000 aa=25.603 se=20.000 so=3.992 ae=-25.603 ao=-7.000 pwm=15 pc=4 hd=-2 y=25.715 yr=0.000 L=2 R=6 OL=13 OR=17 el=0 er=0 ed=0 dl=0 dr=0 cl=0 cr=0 ok=1017 fail=0 vofa=firewater rx=165 txdrop=0
1775028596.6251485,1775028596625148300,5907410325800,HB,245092,41328.0,1,25.715,0.0,0.0,0.0,0.0,13.0,17.0,2.0,6.0,0.0,0.0,0,0,left_output_without_encoder|right_output_without_encoder,HB tick=245092 exp_id=192 t_ms=41328 run=1 spd=1 ts=20.000 as=0.000 ta=0.000 aa=25.603 se=20.000 so=4.000 ae=-25.603 ao=-7.000 pwm=15 pc=4 hd=-2 y=25.715 yr=0.000 L=2 R=6 OL=13 OR=17 el=0 er=0 ed=0 dl=0 dr=0 cl=0 cr=0 ok=1018 fail=0 vofa=firewater rx=165 txdrop=0
1775028596.8228076,1775028596822807500,5907607985500,HB,245292,41529.0,1,25.716,0.001,0.0,0.0,0.0,13.0,17.0,2.0,6.0,0.0,0.0,0,0,left_output_without_encoder|right_output_without_encoder,HB tick=245292 exp_id=192 t_ms=41529 run=1 spd=1 ts=20.000 as=0.000 ta=0.000 aa=25.603 se=20.000 so=4.000 ae=-25.603 ao=-7.000 pwm=15 pc=4 hd=-2 y=25.716 yr=0.001 L=2 R=6 OL=13 OR=17 el=0 er=0 ed=0 dl=0 dr=0 cl=0 cr=0 ok=1019 fail=0 vofa=firewater rx=165 txdrop=0
1775028597.0529695,1775028597052969600,5907838147500,HB,245514,41751.0,1,25.716,0.001,0.0,0.0,0.0,13.0,17.0,2.0,6.0,0.0,0.0,0,0,left_output_without_encoder|right_output_without_encoder,HB tick=245514 exp_id=192 t_ms=41751 run=1 spd=1 ts=20.000 as=0.000 ta=0.000 aa=25.603 se=20.000 so=4.000 ae=-25.603 ao=-7.000 pwm=15 pc=4 hd=-2 y=25.716 yr=0.001 L=2 R=6 OL=13 OR=17 el=0 er=0 ed=0 dl=0 dr=0 cl=0 cr=0 ok=1020 fail=0 vofa=firewater rx=165 txdrop=0
1775028597.2083397,1775028597208339700,5907993517100,HB,245670,41907.0,1,25.716,0.0,0.0,0.0,0.0,13.0,17.0,2.0,6.0,0.0,0.0,0,0,left_output_without_encoder|right_output_without_encoder,HB tick=245670 exp_id=192 t_ms=41907 run=1 spd=1 ts=20.000 as=0.000 ta=0.000 aa=25.603 se=20.000 so=4.000 ae=-25.603 ao=-7.000 pwm=15 pc=4 hd=-2 y=25.716 yr=0.000 L=2 R=6 OL=13 OR=17 el=0 er=0 ed=0 dl=0 dr=0 cl=0 cr=0 ok=1021 fail=0 vofa=firewater rx=165 txdrop=0
1775028597.4482217,1775028597448221800,5908233398900,HB,245919,42156.0,1,25.715,-0.001,0.0,0.0,0.0,13.0,17.0,2.0,6.0,0.0,0.0,0,0,left_output_without_encoder|right_output_without_encoder,HB tick=245919 exp_id=192 t_ms=42156 run=1 spd=1 ts=20.000 as=0.000 ta=0.000 aa=25.603 se=20.000 so=4.000 ae=-25.603 ao=-7.000 pwm=15 pc=4 hd=-2 y=25.715 yr=-0.001 L=2 R=6 OL=13 OR=17 el=0 er=0 ed=0 dl=0 dr=0 cl=0 cr=0 ok=1022 fail=0 vofa=firewater rx=165 txdrop=0
1775028597.6142526,1775028597614252500,5908399429500,HB,246075,42312.0,1,25.715,-0.001,0.0,0.0,0.0,13.0,17.0,2.0,6.0,0.0,0.0,0,0,left_output_without_encoder|right_output_without_encoder,HB tick=246075 exp_id=192 t_ms=42312 run=1 spd=1 ts=20.000 as=0.000 ta=0.000 aa=25.603 se=20.000 so=4.000 ae=-25.603 ao=-7.000 pwm=15 pc=4 hd=-2 y=25.715 yr=-0.001 L=2 R=6 OL=13 OR=17 el=0 er=0 ed=0 dl=0 dr=0 cl=0 cr=0 ok=1023 fail=0 vofa=firewater rx=165 txdrop=0
1775028597.864745,1775028597864745000,5908649922100,HB,246328,42565.0,1,25.715,-0.001,0.0,0.0,0.0,13.0,17.0,2.0,6.0,0.0,0.0,0,0,left_output_without_encoder|right_output_without_encoder,HB tick=246328 exp_id=192 t_ms=42565 run=1 spd=1 ts=20.000 as=0.000 ta=0.000 aa=25.603 se=20.000 so=4.000 ae=-25.603 ao=-7.000 pwm=15 pc=4 hd=-2 y=25.715 yr=-0.001 L=2 R=6 OL=13 OR=17 el=0 er=0 ed=0 dl=0 dr=0 cl=0 cr=0 ok=1024 fail=0 vofa=firewater rx=165 txdrop=0
1775028598.0198324,1775028598019832300,5908805009200,HB,246484,42721.0,1,25.715,-0.001,0.0,0.0,0.0,13.0,17.0,2.0,6.0,0.0,0.0,0,0,left_output_without_encoder|right_output_without_encoder,HB tick=246484 exp_id=192 t_ms=42721 run=1 spd=1 ts=20.000 as=0.000 ta=0.000 aa=25.602 se=20.000 so=4.000 ae=-25.602 ao=-7.000 pwm=15 pc=4 hd=-2 y=25.715 yr=-0.001 L=2 R=6 OL=13 OR=17 el=0 er=0 ed=0 dl=0 dr=0 cl=0 cr=0 ok=1025 fail=0 vofa=firewater rx=165 txdrop=0
1775028598.2692466,1775028598269246400,5909054423400,HB,246733,42970.0,1,25.715,0.0,0.0,0.0,0.0,13.0,17.0,2.0,6.0,0.0,0.0,0,0,left_output_without_encoder|right_output_without_encoder,HB tick=246733 exp_id=192 t_ms=42970 run=1 spd=1 ts=20.000 as=0.000 ta=0.000 aa=25.602 se=20.000 so=4.000 ae=-25.602 ao=-7.000 pwm=15 pc=4 hd=-2 y=25.715 yr=0.000 L=2 R=6 OL=13 OR=17 el=0 er=0 ed=0 dl=0 dr=0 cl=0 cr=0 ok=1026 fail=0 vofa=firewater rx=165 txdrop=0
1775028598.487758,1775028598487757800,5909272934900,HB,246950,43187.0,1,25.714,-0.001,0.0,0.0,0.0,13.0,17.0,2.0,6.0,0.0,0.0,0,0,left_output_without_encoder|right_output_without_encoder,HB tick=246950 exp_id=192 t_ms=43187 run=1 spd=1 ts=20.000 as=0.000 ta=0.000 aa=25.602 se=20.000 so=4.000 ae=-25.602 ao=-7.000 pwm=15 pc=4 hd=-2 y=25.714 yr=-0.001 L=2 R=6 OL=13 OR=17 el=0 er=0 ed=0 dl=0 dr=0 cl=0 cr=0 ok=1027 fail=0 vofa=firewater rx=165 txdrop=0
1775028598.6434984,1775028598643498500,5909428676000,HB,247106,43343.0,1,25.714,-0.0,0.0,0.0,0.0,13.0,17.0,2.0,6.0,0.0,0.0,0,0,left_output_without_encoder|right_output_without_encoder,HB tick=247106 exp_id=192 t_ms=43343 run=1 spd=1 ts=20.000 as=0.000 ta=0.000 aa=25.602 se=20.000 so=4.000 ae=-25.602 ao=-7.000 pwm=15 pc=4 hd=-2 y=25.714 yr=-0.000 L=2 R=6 OL=13 OR=17 el=0 er=0 ed=0 dl=0 dr=0 cl=0 cr=0 ok=1028 fail=0 vofa=firewater rx=165 txdrop=0
1775028598.8719347,1775028598871934700,5909657112000,HB,247338,43575.0,1,25.715,-0.0,0.0,0.0,0.0,13.0,17.0,2.0,6.0,0.0,0.0,0,0,left_output_without_encoder|right_output_without_encoder,HB tick=247338 exp_id=192 t_ms=43575 run=1 spd=1 ts=20.000 as=0.000 ta=0.000 aa=25.602 se=20.000 so=4.000 ae=-25.602 ao=-7.000 pwm=15 pc=4 hd=-2 y=25.715 yr=-0.000 L=2 R=6 OL=13 OR=17 el=0 er=0 ed=0 dl=0 dr=0 cl=0 cr=0 ok=1029 fail=0 vofa=firewater rx=165 txdrop=0
1775028599.2752745,1775028599275274600,5910060451900,HB,247576,43813.0,1,25.714,-0.001,0.0,0.0,0.0,13.0,17.0,2.0,6.0,0.0,0.0,0,0,left_output_without_encoder|right_output_without_encoder,HB tick=247576 exp_id=192 t_ms=43813 run=1 spd=1 ts=20.000 as=0.000 ta=0.000 aa=25.602 se=20.000 so=4.000 ae=-25.602 ao=-7.000 pwm=15 pc=4 hd=-2 y=25.714 yr=-0.001 L=2 R=6 OL=13 OR=17 el=0 er=0 ed=0 dl=0 dr=0 cl=0 cr=0 ok=1030 fail=0 vofa=firewater rx=165 txdrop=0
1775028599.2752745,1775028599275274601,5910060451901,HB,247731,43968.0,1,25.714,-0.0,0.0,0.0,0.0,13.0,17.0,2.0,6.0,0.0,0.0,0,0,left_output_without_encoder|right_output_without_encoder,HB tick=247731 exp_id=192 t_ms=43968 run=1 spd=1 ts=20.000 as=0.000 ta=0.000 aa=25.602 se=20.000 so=4.000 ae=-25.602 ao=-7.000 pwm=15 pc=4 hd=-2 y=25.714 yr=-0.000 L=2 R=6 OL=13 OR=17 el=0 er=0 ed=0 dl=0 dr=0 cl=0 cr=0 ok=1031 fail=0 vofa=firewater rx=165 txdrop=0
1775028599.5240314,1775028599524031400,5910309208500,HB,247986,44223.0,1,25.714,-0.001,0.0,0.0,0.0,13.0,17.0,2.0,6.0,0.0,0.0,0,0,left_output_without_encoder|right_output_without_encoder,HB tick=247986 exp_id=192 t_ms=44223 run=1 spd=1 ts=20.000 as=0.000 ta=0.000 aa=25.602 se=20.000 so=4.000 ae=-25.602 ao=-7.000 pwm=15 pc=4 hd=-2 y=25.714 yr=-0.001 L=2 R=6 OL=13 OR=17 el=0 er=0 ed=0 dl=0 dr=0 cl=0 cr=0 ok=1032 fail=0 vofa=firewater rx=165 txdrop=0
1775028599.6798253,1775028599679825300,5910465002800,HB,248141,44378.0,1,25.714,-0.0,0.0,0.0,0.0,13.0,17.0,2.0,6.0,0.0,0.0,0,0,left_output_without_encoder|right_output_without_encoder,HB tick=248141 exp_id=192 t_ms=44378 run=1 spd=1 ts=20.000 as=0.000 ta=0.000 aa=25.601 se=20.000 so=4.000 ae=-25.601 ao=-7.000 pwm=15 pc=4 hd=-2 y=25.714 yr=-0.000 L=2 R=6 OL=13 OR=17 el=0 er=0 ed=0 dl=0 dr=0 cl=0 cr=0 ok=1033 fail=0 vofa=firewater rx=165 txdrop=0
1775028599.9312563,1775028599931256300,5910716435100,HB,248391,44628.0,1,25.714,-0.0,0.0,0.0,0.0,13.0,17.0,2.0,6.0,0.0,0.0,0,0,left_output_without_encoder|right_output_without_encoder,HB tick=248391 exp_id=192 t_ms=44628 run=1 spd=1 ts=20.000 as=0.000 ta=0.000 aa=25.601 se=20.000 so=4.000 ae=-25.601 ao=-7.000 pwm=15 pc=4 hd=-2 y=25.714 yr=-0.000 L=2 R=6 OL=13 OR=17 el=0 er=0 ed=0 dl=0 dr=0 cl=0 cr=0 ok=1034 fail=0 vofa=firewater rx=165 txdrop=0
1775028600.1293032,1775028600129303200,5910914480600,HB,248591,44828.0,1,25.714,-0.0,0.0,0.0,0.0,13.0,17.0,2.0,6.0,0.0,0.0,0,0,left_output_without_encoder|right_output_without_encoder,HB tick=248591 exp_id=192 t_ms=44828 run=1 spd=1 ts=20.000 as=0.000 ta=0.000 aa=25.601 se=20.000 so=4.000 ae=-25.601 ao=-7.000 pwm=15 pc=4 hd=-2 y=25.714 yr=-0.000 L=2 R=6 OL=13 OR=17 el=0 er=0 ed=0 dl=0 dr=0 cl=0 cr=0 ok=1035 fail=0 vofa=firewater rx=165 txdrop=0
1775028600.3357358,1775028600335735700,5911120915500,HB,248797,45034.0,1,25.714,-0.0,0.0,0.0,0.0,13.0,17.0,2.0,6.0,0.0,0.0,0,0,left_output_without_encoder|right_output_without_encoder,HB tick=248797 exp_id=192 t_ms=45034 run=1 spd=1 ts=20.000 as=0.000 ta=0.000 aa=25.601 se=20.000 so=4.000 ae=-25.601 ao=-7.000 pwm=15 pc=4 hd=-2 y=25.714 yr=-0.000 L=2 R=6 OL=13 OR=17 el=0 er=0 ed=0 dl=0 dr=0 cl=0 cr=0 ok=1036 fail=0 vofa=firewater rx=165 txdrop=0
1775028600.5564883,1775028600556488100,5911341667000,HB,249018,45255.0,1,25.714,0.001,0.0,0.0,0.0,13.0,17.0,2.0,6.0,0.0,0.0,0,0,left_output_without_encoder|right_output_without_encoder,HB tick=249018 exp_id=192 t_ms=45255 run=1 spd=1 ts=20.000 as=0.000 ta=0.000 aa=25.601 se=20.000 so=4.000 ae=-25.601 ao=-7.000 pwm=15 pc=4 hd=-2 y=25.714 yr=0.001 L=2 R=6 OL=13 OR=17 el=0 er=0 ed=0 dl=0 dr=0 cl=0 cr=0 ok=1037 fail=0 vofa=firewater rx=165 txdrop=0
1775028600.7556095,1775028600755609700,5911540787300,HB,249218,45455.0,1,25.714,0.0,0.0,0.0,0.0,13.0,17.0,2.0,6.0,0.0,0.0,0,0,left_output_without_encoder|right_output_without_encoder,HB tick=249218 exp_id=192 t_ms=45455 run=1 spd=1 ts=20.000 as=0.000 ta=0.000 aa=25.602 se=20.000 so=4.000 ae=-25.602 ao=-7.000 pwm=15 pc=4 hd=-2 y=25.714 yr=0.000 L=2 R=6 OL=13 OR=17 el=0 er=0 ed=0 dl=0 dr=0 cl=0 cr=0 ok=1038 fail=0 vofa=firewater rx=165 txdrop=0
1775028600.9848204,1775028600984820600,5911769999500,HB,249444,45680.0,1,25.715,0.001,0.0,0.0,0.0,13.0,17.0,2.0,6.0,0.0,0.0,0,0,left_output_without_encoder|right_output_without_encoder,HB tick=249444 exp_id=192 t_ms=45680 run=1 spd=1 ts=20.000 as=0.000 ta=0.000 aa=25.602 se=20.000 so=4.000 ae=-25.602 ao=-7.000 pwm=15 pc=4 hd=-2 y=25.715 yr=0.001 L=2 R=6 OL=13 OR=17 el=0 er=0 ed=0 dl=0 dr=0 cl=0 cr=0 ok=1039 fail=0 vofa=firewater rx=165 txdrop=0
1775028601.131661,1775028601131661100,5911916839200,HB,249600,45837.0,1,25.715,0.001,0.0,0.0,0.0,13.0,17.0,2.0,6.0,0.0,0.0,0,0,left_output_without_encoder|right_output_without_encoder,HB tick=249600 exp_id=192 t_ms=45837 run=1 spd=1 ts=20.000 as=0.000 ta=0.000 aa=25.602 se=20.000 so=4.000 ae=-25.602 ao=-7.000 pwm=15 pc=4 hd=-2 y=25.715 yr=0.001 L=2 R=6 OL=13 OR=17 el=0 er=0 ed=0 dl=0 dr=0 cl=0 cr=0 ok=1040 fail=0 vofa=firewater rx=165 txdrop=0
1775028601.381654,1775028601381653900,5912166831800,HB,249849,46086.0,1,25.715,0.001,0.0,0.0,0.0,13.0,17.0,2.0,6.0,0.0,0.0,0,0,left_output_without_encoder|right_output_without_encoder,HB tick=249849 exp_id=192 t_ms=46086 run=1 spd=1 ts=20.000 as=0.000 ta=0.000 aa=25.602 se=20.000 so=4.000 ae=-25.602 ao=-7.000 pwm=15 pc=4 hd=-2 y=25.715 yr=0.001 L=2 R=6 OL=13 OR=17 el=0 er=0 ed=0 dl=0 dr=0 cl=0 cr=0 ok=1041 fail=0 vofa=firewater rx=165 txdrop=0
1775028601.5383217,1775028601538321700,5912323502800,HB,250006,46243.0,1,25.715,0.001,0.0,0.0,0.0,13.0,17.0,2.0,6.0,0.0,0.0,0,0,left_output_without_encoder|right_output_without_encoder,HB tick=250006 exp_id=192 t_ms=46243 run=1 spd=1 ts=20.000 as=0.000 ta=0.000 aa=25.603 se=20.000 so=4.000 ae=-25.603 ao=-7.000 pwm=15 pc=4 hd=-2 y=25.715 yr=0.001 L=2 R=6 OL=13 OR=17 el=0 er=0 ed=0 dl=0 dr=0 cl=0 cr=0 ok=1042 fail=0 vofa=firewater rx=165 txdrop=0
1775028601.7669458,1775028601766945800,5912552122900,HB,250238,46475.0,1,25.715,0.001,0.0,0.0,0.0,13.0,17.0,2.0,6.0,0.0,0.0,0,0,left_output_without_encoder|right_output_without_encoder,HB tick=250238 exp_id=192 t_ms=46475 run=1 spd=1 ts=20.000 as=0.000 ta=0.000 aa=25.603 se=20.000 so=4.000 ae=-25.603 ao=-7.000 pwm=15 pc=4 hd=-2 y=25.715 yr=0.001 L=2 R=6 OL=13 OR=17 el=0 er=0 ed=0 dl=0 dr=0 cl=0 cr=0 ok=1043 fail=0 vofa=firewater rx=165 txdrop=0
1775028601.9337804,1775028601933780600,5912718957900,HB,250399,46636.0,1,25.715,0.0,0.0,0.0,0.0,13.0,17.0,2.0,6.0,0.0,0.0,0,0,left_output_without_encoder|right_output_without_encoder,HB tick=250399 exp_id=192 t_ms=46636 run=1 spd=1 ts=20.000 as=0.000 ta=0.000 aa=25.603 se=20.000 so=4.000 ae=-25.603 ao=-7.000 pwm=15 pc=4 hd=-2 y=25.715 yr=0.000 L=2 R=6 OL=13 OR=17 el=0 er=0 ed=0 dl=0 dr=0 cl=0 cr=0 ok=1044 fail=0 vofa=firewater rx=165 txdrop=0
1775028602.1834283,1775028602183428300,5912968606600,HB,250648,46885.0,1,25.716,0.001,0.0,0.0,0.0,13.0,17.0,2.0,6.0,0.0,0.0,0,0,left_output_without_encoder|right_output_without_encoder,HB tick=250648 exp_id=192 t_ms=46885 run=1 spd=1 ts=20.000 as=0.000 ta=0.000 aa=25.603 se=20.000 so=4.000 ae=-25.603 ao=-7.000 pwm=15 pc=4 hd=-2 y=25.716 yr=0.001 L=2 R=6 OL=13 OR=17 el=0 er=0 ed=0 dl=0 dr=0 cl=0 cr=0 ok=1045 fail=0 vofa=firewater rx=165 txdrop=0
1775028602.339922,1775028602339922000,5913125099200,HB,250805,47042.0,1,25.716,0.001,0.0,0.0,0.0,13.0,17.0,2.0,6.0,0.0,0.0,0,0,left_output_without_encoder|right_output_without_encoder,HB tick=250805 exp_id=192 t_ms=47042 run=1 spd=1 ts=20.000 as=0.000 ta=0.000 aa=25.603 se=20.000 so=4.000 ae=-25.603 ao=-7.000 pwm=15 pc=4 hd=-2 y=25.716 yr=0.001 L=2 R=6 OL=13 OR=17 el=0 er=0 ed=0 dl=0 dr=0 cl=0 cr=0 ok=1046 fail=0 vofa=firewater rx=165 txdrop=0
