host_time_s,host_time_ns,host_monotonic_ns,source,tick,t_ms,run,yaw,yaw_rate,left_encoder,right_encoder,encoder_diff,left_output,right_output,left_core,right_core,raw_left_delta,raw_right_delta,left_clamped,right_clamped,anomaly_flags,raw_line
1775110969.6189036,1775110969618903601,6848402734001,HB,1369400,0.0,0,63.843,-12.195,0.0,0.0,0.0,0.0,0.0,0.0,0.0,0.0,0.0,0,0,,HB tick=1369400 run=0 ts=0.000 as=0.000 ta=0.000 aa=0.000 se=0.000 so=0.000 ae=0.000 ao=0.000 pwm=0 pc=0 hd=0 y=63.843 yr=-12.195 L=0 R=0 OL=0 OR=0 el=0 er=0 ed=0 dl=0 dr=0 cl=0 cr=0 ok=5466 fail=0 vofa=firewater rx=935 txdrop=37440
1775110969.6189036,1775110969618903602,6848402734002,HB,1369603,0.0,0,52.919,-26.761,0.0,0.0,0.0,0.0,0.0,0.0,0.0,0.0,0.0,0,0,yaw_jump,HB tick=1369603 run=0 ts=0.000 as=0.000 ta=0.000 aa=0.000 se=0.000 so=0.000 ae=0.000 ao=0.000 pwm=0 pc=0 hd=0 y=52.919 yr=-26.761 L=0 R=0 OL=0 OR=0 el=0 er=0 ed=0 dl=0 dr=0 cl=0 cr=0 ok=5467 fail=0 vofa=firewater rx=935 txdrop=37440
1775110969.6189036,1775110969618903604,6848402734004,HB,1369807,0.0,0,52.287,-18.484,0.0,0.0,0.0,0.0,0.0,0.0,0.0,0.0,0.0,0,0,,HB tick=1369807 run=0 ts=0.000 as=0.000 ta=0.000 aa=0.000 se=0.000 so=0.000 ae=0.000 ao=0.000 pwm=0 pc=0 hd=0 y=52.287 yr=-18.484 L=0 R=0 OL=0 OR=0 el=0 er=0 ed=0 dl=0 dr=0 cl=0 cr=0 ok=5468 fail=0 vofa=firewater rx=935 txdrop=37440
1775110969.8271754,1775110969827175300,6848611005500,HB,1370200,0.0,0,49.926,-11.562,0.0,0.0,0.0,0.0,0.0,0.0,0.0,0.0,0.0,0,0,,HB tick=1370200 run=0 ts=0.000 as=0.000 ta=0.000 aa=0.000 se=0.000 so=0.000 ae=0.000 ao=0.000 pwm=0 pc=0 hd=0 y=49.926 yr=-11.562 L=0 R=0 OL=0 OR=0 el=0 er=0 ed=0 dl=0 dr=0 cl=0 cr=0 ok=5469 fail=0 vofa=firewater rx=935 txdrop=37440
1775110970.0359328,1775110970035932700,6848819762700,HB,1370403,0.0,0,41.318,-22.356,0.0,0.0,0.0,0.0,0.0,0.0,0.0,0.0,0.0,0,0,yaw_jump,HB tick=1370403 run=0 ts=0.000 as=0.000 ta=0.000 aa=0.000 se=0.000 so=0.000 ae=0.000 ao=0.000 pwm=0 pc=0 hd=0 y=41.318 yr=-22.356 L=0 R=0 OL=0 OR=0 el=0 er=0 ed=0 dl=0 dr=0 cl=0 cr=0 ok=5470 fail=0 vofa=firewater rx=935 txdrop=37440
1775110970.1921675,1775110970192167500,6848975997200,STAT,1370546,0.0,0,41.318329,-22.355659,0.0,0.0,0.0,0.0,0.0,0.0,0.0,0.0,0.0,0,0,,STAT tick=1370546 run=0 ts=0.000000 as=0.000000 ta=0.000000 aa=0.000000 se=0.000000 so=0.000000 ae=0.000000 ao=0.000000 pwm=0 pc=0 hd=0 y=41.318329 p=-0.733422 r=-5.744329 yr=-22.355659 ax=0 ay=0 az=0 gx=0 gy=0 gz=0 who=0x85 addr=0x4A icm_ok=6864 icm_fail=0 L=0 R=0 OL=0 OR=0 el=0 er=0 ed=0 dl=0 dr=0 cl=0 cr=0 skp=0.600000 ski=0.012000 skd=0.000000 akp=0.120000 aki=0.000000 akd=0.050000 ok=5471 fail=0 rx=941 txdrop=37440
1775110970.2440896,1775110970244089700,6849027919600,HB,1370613,0.0,0,31.991,-30.077,0.0,0.0,0.0,0.0,0.0,0.0,0.0,0.0,0.0,0,0,yaw_jump,HB tick=1370613 run=0 ts=0.000 as=0.000 ta=0.000 aa=0.000 se=0.000 so=0.000 ae=0.000 ao=0.000 pwm=0 pc=0 hd=0 y=31.991 yr=-30.077 L=0 R=0 OL=0 OR=0 el=0 er=0 ed=0 dl=0 dr=0 cl=0 cr=0 ok=5471 fail=0 vofa=firewater rx=941 txdrop=37440
1775110970.4638162,1775110970463816300,6849247646000,HB,1370817,0.0,0,21.396,-37.817,0.0,0.0,0.0,0.0,0.0,0.0,0.0,0.0,0.0,0,0,yaw_jump,HB tick=1370817 run=0 ts=0.000 as=0.000 ta=0.000 aa=0.000 se=0.000 so=0.000 ae=0.000 ao=0.000 pwm=0 pc=0 hd=0 y=21.396 yr=-37.817 L=0 R=0 OL=0 OR=0 el=0 er=0 ed=0 dl=0 dr=0 cl=0 cr=0 ok=5472 fail=0 vofa=firewater rx=941 txdrop=37440
1775110970.649385,1775110970649384900,6849433215200,HB,1371021,0.0,0,15.638,-34.411,0.0,0.0,0.0,0.0,0.0,0.0,0.0,0.0,0.0,0,0,,HB tick=1371021 run=0 ts=0.000 as=0.000 ta=0.000 aa=0.000 se=0.000 so=0.000 ae=0.000 ao=0.000 pwm=0 pc=0 hd=0 y=15.638 yr=-34.411 L=0 R=0 OL=0 OR=0 el=0 er=0 ed=0 dl=0 dr=0 cl=0 cr=0 ok=5473 fail=0 vofa=firewater rx=941 txdrop=37440
1775110970.9923978,1775110970992397800,6849776228800,HB,1371365,0.0,0,3.52,-33.101,0.0,0.0,0.0,0.0,0.0,0.0,0.0,0.0,0.0,0,0,yaw_jump,HB tick=1371365 run=0 ts=0.000 as=0.000 ta=0.000 aa=0.000 se=0.000 so=0.000 ae=0.000 ao=0.000 pwm=0 pc=0 hd=0 y=3.520 yr=-33.101 L=0 R=0 OL=0 OR=0 el=0 er=0 ed=0 dl=0 dr=0 cl=0 cr=0 ok=5474 fail=0 vofa=firewater rx=941 txdrop=37440
1775110971.2206755,1775110971220675700,6850004505500,HB,1371596,0.0,0,-5.904,-35.794,0.0,0.0,0.0,0.0,0.0,0.0,0.0,0.0,0.0,0,0,yaw_jump,HB tick=1371596 run=0 ts=0.000 as=0.000 ta=0.000 aa=0.000 se=0.000 so=0.000 ae=0.000 ao=0.000 pwm=0 pc=0 hd=0 y=-5.904 yr=-35.794 L=0 R=0 OL=0 OR=0 el=0 er=0 ed=0 dl=0 dr=0 cl=0 cr=0 ok=5475 fail=0 vofa=firewater rx=941 txdrop=37440
1775110971.42883,1775110971428829900,6850212659500,HB,1371799,0.0,0,-5.129,-21.931,0.0,0.0,0.0,0.0,0.0,0.0,0.0,0.0,0.0,0,0,,HB tick=1371799 run=0 ts=0.000 as=0.000 ta=0.000 aa=0.000 se=0.000 so=0.000 ae=0.000 ao=0.000 pwm=0 pc=0 hd=0 y=-5.129 yr=-21.931 L=0 R=0 OL=0 OR=0 el=0 er=0 ed=0 dl=0 dr=0 cl=0 cr=0 ok=5476 fail=0 vofa=firewater rx=941 txdrop=37440
1775110971.6557167,1775110971655716600,6850439546300,HB,1372003,0.0,0,-1.86,-8.619,5.0,0.0,5.0,0.0,0.0,0.0,0.0,5.0,0.0,0,0,,HB tick=1372003 run=0 ts=0.000 as=0.000 ta=0.000 aa=0.000 se=0.000 so=0.000 ae=0.000 ao=0.000 pwm=0 pc=0 hd=0 y=-1.860 yr=-8.619 L=0 R=0 OL=0 OR=0 el=5 er=0 ed=5 dl=5 dr=0 cl=0 cr=0 ok=5477 fail=0 vofa=firewater rx=941 txdrop=37440
1775110971.853486,1775110971853486000,6850637317400,HB,1372228,0.0,0,0.97,-1.219,1.0,1.0,0.0,0.0,0.0,0.0,0.0,1.0,1.0,0,0,,HB tick=1372228 run=0 ts=0.000 as=0.000 ta=0.000 aa=0.000 se=0.000 so=0.000 ae=0.000 ao=0.000 pwm=0 pc=0 hd=0 y=0.970 yr=-1.219 L=0 R=0 OL=0 OR=0 el=1 er=1 ed=0 dl=1 dr=1 cl=0 cr=0 ok=5478 fail=0 vofa=firewater rx=941 txdrop=37440
1775110972.2157896,1775110972215789500,6850999619600,HB,1372584,0.0,0,-0.551,-3.355,0.0,2.0,-2.0,0.0,0.0,0.0,0.0,0.0,2.0,0,0,,HB tick=1372584 run=0 ts=0.000 as=0.000 ta=0.000 aa=0.000 se=0.000 so=0.000 ae=0.000 ao=0.000 pwm=0 pc=0 hd=0 y=-0.551 yr=-3.355 L=0 R=0 OL=0 OR=0 el=0 er=2 ed=-2 dl=0 dr=2 cl=0 cr=0 ok=5479 fail=0 vofa=firewater rx=947 txdrop=37440
1775110972.5801265,1775110972580126400,6851363957600,HB,1372956,0.0,0,-1.222,-2.762,0.0,0.0,0.0,0.0,0.0,0.0,0.0,0.0,0.0,0,0,,HB tick=1372956 run=0 ts=0.000 as=0.000 ta=0.000 aa=0.000 se=0.000 so=0.000 ae=0.000 ao=0.000 pwm=0 pc=0 hd=0 y=-1.222 yr=-2.762 L=0 R=0 OL=0 OR=0 el=0 er=0 ed=0 dl=0 dr=0 cl=0 cr=0 ok=5480 fail=0 vofa=firewater rx=947 txdrop=37440
1775110972.9149199,1775110972914920001,6851698750101,HB,1373188,0.0,0,-1.198,-1.758,0.0,0.0,0.0,0.0,0.0,0.0,0.0,0.0,0.0,0,0,,HB tick=1373188 run=0 ts=0.000 as=0.000 ta=0.000 aa=0.000 se=0.000 so=0.000 ae=0.000 ao=0.000 pwm=0 pc=0 hd=0 y=-1.198 yr=-1.758 L=0 R=0 OL=0 OR=0 el=0 er=0 ed=0 dl=0 dr=0 cl=0 cr=0 ok=5481 fail=0 vofa=firewater rx=947 txdrop=37440
1775110973.0184019,1775110973018401700,6851802231600,HB,1373391,0.0,0,-1.226,-1.191,0.0,0.0,0.0,0.0,0.0,0.0,0.0,0.0,0.0,0,0,,HB tick=1373391 run=0 ts=0.000 as=0.000 ta=0.000 aa=0.000 se=0.000 so=0.000 ae=0.000 ao=0.000 pwm=0 pc=0 hd=0 y=-1.226 yr=-1.191 L=0 R=0 OL=0 OR=0 el=0 er=0 ed=0 dl=0 dr=0 cl=0 cr=0 ok=5482 fail=0 vofa=firewater rx=952 txdrop=37440
1775110973.224454,1775110973224454000,6852008284500,HB,1373594,0.0,0,-1.227,-0.775,0.0,0.0,0.0,0.0,0.0,0.0,0.0,0.0,0.0,0,0,,HB tick=1373594 run=0 ts=0.000 as=0.000 ta=0.000 aa=0.000 se=0.000 so=0.000 ae=0.000 ao=0.000 pwm=0 pc=0 hd=0 y=-1.227 yr=-0.775 L=0 R=0 OL=0 OR=0 el=0 er=0 ed=0 dl=0 dr=0 cl=0 cr=0 ok=5483 fail=0 vofa=firewater rx=952 txdrop=37440
1775110973.4311676,1775110973431167600,6852214997400,HB,1373797,0.0,0,-1.23,-0.509,0.0,0.0,0.0,0.0,0.0,0.0,0.0,0.0,0.0,0,0,,HB tick=1373797 run=0 ts=0.000 as=0.000 ta=0.000 aa=0.000 se=0.000 so=0.000 ae=0.000 ao=0.000 pwm=0 pc=0 hd=0 y=-1.230 yr=-0.509 L=0 R=0 OL=0 OR=0 el=0 er=0 ed=0 dl=0 dr=0 cl=0 cr=0 ok=5484 fail=0 vofa=firewater rx=952 txdrop=37440
1775110973.6285093,1775110973628509300,6852412339400,HB,1374000,0.0,0,-1.227,-0.326,0.0,0.0,0.0,0.0,0.0,0.0,0.0,0.0,0.0,0,0,,HB tick=1374000 run=0 ts=0.000 as=0.000 ta=0.000 aa=0.000 se=0.000 so=0.000 ae=0.000 ao=0.000 pwm=0 pc=0 hd=0 y=-1.227 yr=-0.326 L=0 R=0 OL=0 OR=0 el=0 er=0 ed=0 dl=0 dr=0 cl=0 cr=0 ok=5485 fail=0 vofa=firewater rx=952 txdrop=37440
1775110973.8560603,1775110973856060100,6852639890000,HB,1374205,0.0,0,-1.225,-0.208,0.0,0.0,0.0,0.0,0.0,0.0,0.0,0.0,0.0,0,0,,HB tick=1374205 run=0 ts=0.000 as=0.000 ta=0.000 aa=0.000 se=0.000 so=0.000 ae=0.000 ao=0.000 pwm=0 pc=0 hd=0 y=-1.225 yr=-0.208 L=0 R=0 OL=0 OR=0 el=0 er=0 ed=0 dl=0 dr=0 cl=0 cr=0 ok=5486 fail=0 vofa=firewater rx=952 txdrop=37440
1775110974.0428712,1775110974042871400,6852826701300,HB,1374412,0.0,0,-1.229,-0.143,0.0,0.0,0.0,0.0,0.0,0.0,0.0,0.0,0.0,0,0,,HB tick=1374412 run=0 ts=0.000 as=0.000 ta=0.000 aa=0.000 se=0.000 so=0.000 ae=0.000 ao=0.000 pwm=0 pc=0 hd=0 y=-1.229 yr=-0.143 L=0 R=0 OL=0 OR=0 el=0 er=0 ed=0 dl=0 dr=0 cl=0 cr=0 ok=5487 fail=0 vofa=firewater rx=952 txdrop=37440
1775110974.2386243,1775110974238624200,6853022455000,HB,1374615,0.0,0,-1.235,-0.102,0.0,0.0,0.0,0.0,0.0,0.0,0.0,0.0,0.0,0,0,,HB tick=1374615 run=0 ts=0.000 as=0.000 ta=0.000 aa=0.000 se=0.000 so=0.000 ae=0.000 ao=0.000 pwm=0 pc=0 hd=0 y=-1.235 yr=-0.102 L=0 R=0 OL=0 OR=0 el=0 er=0 ed=0 dl=0 dr=0 cl=0 cr=0 ok=5488 fail=0 vofa=firewater rx=957 txdrop=37440
1775110974.447008,1775110974447008100,6853230837900,HB,1374818,0.0,0,-1.234,-0.066,0.0,0.0,0.0,0.0,0.0,0.0,0.0,0.0,0.0,0,0,,HB tick=1374818 run=0 ts=0.000 as=0.000 ta=0.000 aa=0.000 se=0.000 so=0.000 ae=0.000 ao=0.000 pwm=0 pc=0 hd=0 y=-1.234 yr=-0.066 L=0 R=0 OL=0 OR=0 el=0 er=0 ed=0 dl=0 dr=0 cl=0 cr=0 ok=5489 fail=0 vofa=firewater rx=957 txdrop=37440
1775110974.6535668,1775110974653566800,6853437396300,HB,1375021,0.0,0,-1.227,-0.029,0.0,0.0,0.0,0.0,0.0,0.0,0.0,0.0,0.0,0,0,,HB tick=1375021 run=0 ts=0.000 as=0.000 ta=0.000 aa=0.000 se=0.000 so=0.000 ae=0.000 ao=0.000 pwm=0 pc=0 hd=0 y=-1.227 yr=-0.029 L=0 R=0 OL=0 OR=0 el=0 er=0 ed=0 dl=0 dr=0 cl=0 cr=0 ok=5490 fail=0 vofa=firewater rx=957 txdrop=37440
1775110974.87171,1775110974871709900,6853655540400,HB,1375225,0.0,0,-1.233,-0.031,0.0,0.0,0.0,0.0,0.0,0.0,0.0,0.0,0.0,0,0,,HB tick=1375225 run=0 ts=0.000 as=0.000 ta=0.000 aa=0.000 se=0.000 so=0.000 ae=0.000 ao=0.000 pwm=0 pc=0 hd=0 y=-1.233 yr=-0.031 L=0 R=0 OL=0 OR=0 el=0 er=0 ed=0 dl=0 dr=0 cl=0 cr=0 ok=5491 fail=0 vofa=firewater rx=957 txdrop=37440
1775110975.2463381,1775110975246338000,6854030167900,HB,1375619,0.0,0,-1.234,-0.014,0.0,0.0,0.0,0.0,0.0,0.0,0.0,0.0,0.0,0,0,,HB tick=1375619 run=0 ts=0.000 as=0.000 ta=0.000 aa=0.000 se=0.000 so=0.000 ae=0.000 ao=0.000 pwm=0 pc=0 hd=0 y=-1.234 yr=-0.014 L=0 R=0 OL=0 OR=0 el=0 er=0 ed=0 dl=0 dr=0 cl=0 cr=0 ok=5492 fail=0 vofa=firewater rx=957 txdrop=37440
1775110975.6389227,1775110975638922800,6854422752500,HB,1376008,0.0,0,-1.235,-0.007,0.0,0.0,0.0,0.0,0.0,0.0,0.0,0.0,0.0,0,0,,HB tick=1376008 run=0 ts=0.000 as=0.000 ta=0.000 aa=0.000 se=0.000 so=0.000 ae=0.000 ao=0.000 pwm=0 pc=0 hd=0 y=-1.235 yr=-0.007 L=0 R=0 OL=0 OR=0 el=0 er=0 ed=0 dl=0 dr=0 cl=0 cr=0 ok=5493 fail=0 vofa=firewater rx=966 txdrop=37440
1775110975.8360038,1775110975836003900,6854619833500,HB,1376211,0.0,0,-1.235,-0.004,0.0,0.0,0.0,0.0,0.0,0.0,0.0,0.0,0.0,0,0,,HB tick=1376211 run=0 ts=0.000 as=0.000 ta=0.000 aa=0.000 se=0.000 so=0.000 ae=0.000 ao=0.000 pwm=0 pc=0 hd=0 y=-1.235 yr=-0.004 L=0 R=0 OL=0 OR=0 el=0 er=0 ed=0 dl=0 dr=0 cl=0 cr=0 ok=5494 fail=0 vofa=firewater rx=966 txdrop=37440
1775110976.0932622,1775110976093262001,6854877091701,HB,1376415,0.0,0,-1.235,-0.003,0.0,0.0,0.0,0.0,0.0,0.0,0.0,0.0,0.0,0,0,,HB tick=1376415 run=0 ts=0.000 as=0.000 ta=0.000 aa=0.000 se=0.000 so=0.000 ae=0.000 ao=0.000 pwm=0 pc=0 hd=0 y=-1.235 yr=-0.003 L=0 R=0 OL=0 OR=0 el=0 er=0 ed=0 dl=0 dr=0 cl=0 cr=0 ok=5495 fail=0 vofa=firewater rx=966 txdrop=37440
1775110976.2485743,1775110976248574300,6855032404100,HB,1376619,0.0,0,-1.234,-0.001,0.0,0.0,0.0,0.0,0.0,0.0,0.0,0.0,0.0,0,0,,HB tick=1376619 run=0 ts=0.000 as=0.000 ta=0.000 aa=0.000 se=0.000 so=0.000 ae=0.000 ao=0.000 pwm=0 pc=0 hd=0 y=-1.234 yr=-0.001 L=0 R=0 OL=0 OR=0 el=0 er=0 ed=0 dl=0 dr=0 cl=0 cr=0 ok=5496 fail=0 vofa=firewater rx=975 txdrop=37440
1775110976.4463053,1775110976446305300,6855230135000,HB,1376822,0.0,0,-1.234,0.0,0.0,0.0,0.0,0.0,0.0,0.0,0.0,0.0,0.0,0,0,,HB tick=1376822 run=0 ts=0.000 as=0.000 ta=0.000 aa=0.000 se=0.000 so=0.000 ae=0.000 ao=0.000 pwm=0 pc=0 hd=0 y=-1.234 yr=0.000 L=0 R=0 OL=0 OR=0 el=0 er=0 ed=0 dl=0 dr=0 cl=0 cr=0 ok=5497 fail=0 vofa=firewater rx=975 txdrop=37440
1775110976.6534748,1775110976653474700,6855437304400,HB,1377030,0.0,0,-1.234,0.0,0.0,0.0,0.0,0.0,0.0,0.0,0.0,0.0,0.0,0,0,,HB tick=1377030 run=0 ts=0.000 as=0.000 ta=0.000 aa=0.000 se=0.000 so=0.000 ae=0.000 ao=0.000 pwm=0 pc=0 hd=0 y=-1.234 yr=0.000 L=0 R=0 OL=0 OR=0 el=0 er=0 ed=0 dl=0 dr=0 cl=0 cr=0 ok=5498 fail=0 vofa=firewater rx=975 txdrop=37440
1775110976.8603692,1775110976860369200,6855644199300,HB,1377233,0.0,0,-1.234,0.0,0.0,0.0,0.0,0.0,0.0,0.0,0.0,0.0,0.0,0,0,,HB tick=1377233 run=0 ts=0.000 as=0.000 ta=0.000 aa=0.000 se=0.000 so=0.000 ae=0.000 ao=0.000 pwm=0 pc=0 hd=0 y=-1.234 yr=0.000 L=0 R=0 OL=0 OR=0 el=0 er=0 ed=0 dl=0 dr=0 cl=0 cr=0 ok=5499 fail=0 vofa=firewater rx=986 txdrop=37440
1775110977.0898433,1775110977089843300,6855873673200,HB,1377438,0.0,0,-1.234,-0.0,0.0,0.0,0.0,0.0,0.0,0.0,0.0,0.0,0.0,0,0,,HB tick=1377438 run=0 ts=0.000 as=0.000 ta=0.000 aa=0.000 se=0.000 so=0.000 ae=0.000 ao=0.000 pwm=0 pc=0 hd=0 y=-1.234 yr=-0.000 L=0 R=0 OL=0 OR=0 el=0 er=0 ed=0 dl=0 dr=0 cl=0 cr=0 ok=5500 fail=0 vofa=firewater rx=986 txdrop=37440
1775110977.4516788,1775110977451678600,6856235509000,HB,1377827,0.0,0,-1.234,-0.0,0.0,0.0,0.0,0.0,0.0,0.0,0.0,0.0,0.0,0,0,,HB tick=1377827 run=0 ts=0.000 as=0.000 ta=0.000 aa=0.000 se=0.000 so=0.000 ae=0.000 ao=0.000 pwm=0 pc=0 hd=0 y=-1.234 yr=-0.000 L=0 R=0 OL=0 OR=0 el=0 er=0 ed=0 dl=0 dr=0 cl=0 cr=0 ok=5501 fail=0 vofa=firewater rx=986 txdrop=37440
1775110977.6595824,1775110977659582400,6856443412400,HB,1378030,0.0,0,-1.184,0.086,1.0,0.0,1.0,0.0,0.0,0.0,0.0,1.0,0.0,0,0,,HB tick=1378030 run=0 ts=0.000 as=0.000 ta=0.000 aa=0.000 se=0.000 so=0.000 ae=0.000 ao=0.000 pwm=0 pc=0 hd=0 y=-1.184 yr=0.086 L=0 R=0 OL=0 OR=0 el=1 er=0 ed=1 dl=1 dr=0 cl=0 cr=0 ok=5502 fail=0 vofa=firewater rx=995 txdrop=37440
1775110977.8567495,1775110977856749500,6856640579800,HB,1378234,0.0,0,-1.205,0.019,1.0,1.0,0.0,0.0,0.0,0.0,0.0,1.0,1.0,0,0,,HB tick=1378234 run=0 ts=0.000 as=0.000 ta=0.000 aa=0.000 se=0.000 so=0.000 ae=0.000 ao=0.000 pwm=0 pc=0 hd=0 y=-1.205 yr=0.019 L=0 R=0 OL=0 OR=0 el=1 er=1 ed=0 dl=1 dr=1 cl=0 cr=0 ok=5503 fail=0 vofa=firewater rx=995 txdrop=37440
1775110978.1144402,1775110978114440301,6856898270301,HB,1378438,0.0,0,-1.304,-0.158,2.0,3.0,-1.0,0.0,0.0,0.0,0.0,2.0,3.0,0,0,,HB tick=1378438 run=0 ts=0.000 as=0.000 ta=0.000 aa=0.000 se=0.000 so=0.000 ae=0.000 ao=0.000 pwm=0 pc=0 hd=0 y=-1.304 yr=-0.158 L=0 R=0 OL=0 OR=0 el=2 er=3 ed=-1 dl=2 dr=3 cl=0 cr=0 ok=5504 fail=0 vofa=firewater rx=995 txdrop=37440
1775110978.2703333,1775110978270333200,6857054163100,HB,1378642,0.0,0,-0.536,1.201,1.0,1.0,0.0,0.0,0.0,0.0,0.0,1.0,1.0,0,0,,HB tick=1378642 run=0 ts=0.000 as=0.000 ta=0.000 aa=0.000 se=0.000 so=0.000 ae=0.000 ao=0.000 pwm=0 pc=0 hd=0 y=-0.536 yr=1.201 L=0 R=0 OL=0 OR=0 el=1 er=1 ed=0 dl=1 dr=1 cl=0 cr=0 ok=5505 fail=0 vofa=firewater rx=1004 txdrop=37440
1775110978.479027,1775110978479027000,6857262856900,HB,1378849,0.0,0,-0.321,1.146,0.0,0.0,0.0,0.0,0.0,0.0,0.0,0.0,0.0,0,0,,HB tick=1378849 run=0 ts=0.000 as=0.000 ta=0.000 aa=0.000 se=0.000 so=0.000 ae=0.000 ao=0.000 pwm=0 pc=0 hd=0 y=-0.321 yr=1.146 L=0 R=0 OL=0 OR=0 el=0 er=0 ed=0 dl=0 dr=0 cl=0 cr=0 ok=5506 fail=0 vofa=firewater rx=1004 txdrop=37440
1775110978.676239,1775110978676239200,6857460069400,HB,1379052,0.0,0,0.423,2.027,0.0,0.0,0.0,0.0,0.0,0.0,0.0,0.0,0.0,0,0,,HB tick=1379052 run=0 ts=0.000 as=0.000 ta=0.000 aa=0.000 se=0.000 so=0.000 ae=0.000 ao=0.000 pwm=0 pc=0 hd=0 y=0.423 yr=2.027 L=0 R=0 OL=0 OR=0 el=0 er=0 ed=0 dl=0 dr=0 cl=0 cr=0 ok=5507 fail=0 vofa=firewater rx=1004 txdrop=37440
1775110978.881929,1775110978881928900,6857665759100,HB,1379256,0.0,0,1.124,2.521,0.0,0.0,0.0,0.0,0.0,0.0,0.0,0.0,0.0,0,0,,HB tick=1379256 run=0 ts=0.000 as=0.000 ta=0.000 aa=0.000 se=0.000 so=0.000 ae=0.000 ao=0.000 pwm=0 pc=0 hd=0 y=1.124 yr=2.521 L=0 R=0 OL=0 OR=0 el=0 er=0 ed=0 dl=0 dr=0 cl=0 cr=0 ok=5508 fail=0 vofa=firewater rx=1013 txdrop=37440
1775110979.1117737,1775110979111773600,6857895604500,HB,1379460,0.0,0,1.097,1.592,0.0,0.0,0.0,0.0,0.0,0.0,0.0,0.0,0.0,0,0,,HB tick=1379460 run=0 ts=0.000 as=0.000 ta=0.000 aa=0.000 se=0.000 so=0.000 ae=0.000 ao=0.000 pwm=0 pc=0 hd=0 y=1.097 yr=1.592 L=0 R=0 OL=0 OR=0 el=0 er=0 ed=0 dl=0 dr=0 cl=0 cr=0 ok=5509 fail=0 vofa=firewater rx=1013 txdrop=37440
1775110979.2993085,1775110979299308500,6858083138400,HB,1379668,0.0,0,1.111,1.059,0.0,0.0,0.0,0.0,0.0,0.0,0.0,0.0,0.0,0,0,,HB tick=1379668 run=0 ts=0.000 as=0.000 ta=0.000 aa=0.000 se=0.000 so=0.000 ae=0.000 ao=0.000 pwm=0 pc=0 hd=0 y=1.111 yr=1.059 L=0 R=0 OL=0 OR=0 el=0 er=0 ed=0 dl=0 dr=0 cl=0 cr=0 ok=5510 fail=0 vofa=firewater rx=1013 txdrop=37440
1775110979.495182,1775110979495182200,6858279011900,HB,1379871,0.0,0,1.133,0.725,1.0,1.0,0.0,0.0,0.0,0.0,0.0,1.0,1.0,0,0,,HB tick=1379871 run=0 ts=0.000 as=0.000 ta=0.000 aa=0.000 se=0.000 so=0.000 ae=0.000 ao=0.000 pwm=0 pc=0 hd=0 y=1.133 yr=0.725 L=0 R=0 OL=0 OR=0 el=1 er=1 ed=0 dl=1 dr=1 cl=0 cr=0 ok=5511 fail=0 vofa=firewater rx=1023 txdrop=37440
1775110979.7024078,1775110979702407900,6858486237600,HB,1380075,0.0,0,0.48,-0.649,1.0,0.0,1.0,0.0,0.0,0.0,0.0,1.0,0.0,0,0,,HB tick=1380075 run=0 ts=0.000 as=0.000 ta=0.000 aa=0.000 se=0.000 so=0.000 ae=0.000 ao=0.000 pwm=0 pc=0 hd=0 y=0.480 yr=-0.649 L=0 R=0 OL=0 OR=0 el=1 er=0 ed=1 dl=1 dr=0 cl=0 cr=0 ok=5512 fail=0 vofa=firewater rx=1023 txdrop=37440
1775110979.9099085,1775110979909908600,6858693738600,HB,1380278,0.0,0,0.593,-0.226,0.0,0.0,0.0,0.0,0.0,0.0,0.0,0.0,0.0,0,0,,HB tick=1380278 run=0 ts=0.000 as=0.000 ta=0.000 aa=0.000 se=0.000 so=0.000 ae=0.000 ao=0.000 pwm=0 pc=0 hd=0 y=0.593 yr=-0.226 L=0 R=0 OL=0 OR=0 el=0 er=0 ed=0 dl=0 dr=0 cl=0 cr=0 ok=5513 fail=0 vofa=firewater rx=1023 txdrop=37440
1775110980.1359746,1775110980135974601,6858919804501,HB,1380482,0.0,0,0.712,0.058,0.0,0.0,0.0,0.0,0.0,0.0,0.0,0.0,0.0,0,0,,HB tick=1380482 run=0 ts=0.000 as=0.000 ta=0.000 aa=0.000 se=0.000 so=0.000 ae=0.000 ao=0.000 pwm=0 pc=0 hd=0 y=0.712 yr=0.058 L=0 R=0 OL=0 OR=0 el=0 er=0 ed=0 dl=0 dr=0 cl=0 cr=0 ok=5514 fail=0 vofa=firewater rx=1023 txdrop=37440
1775110980.2705634,1775110980270563300,6859054393100,STAT,1380626,0.0,0,0.712441,0.058206,0.0,0.0,0.0,0.0,0.0,0.0,0.0,0.0,0.0,0,0,,STAT tick=1380626 run=0 ts=0.000000 as=0.000000 ta=0.000000 aa=0.000000 se=0.000000 so=0.000000 ae=0.000000 ao=0.000000 pwm=0 pc=0 hd=0 y=0.712441 p=-0.414028 r=5.328872 yr=0.058206 ax=0 ay=0 az=0 gx=0 gy=0 gz=0 who=0x85 addr=0x4A icm_ok=6914 icm_fail=0 L=0 R=0 OL=0 OR=0 el=0 er=0 ed=0 dl=0 dr=0 cl=0 cr=0 skp=0.600000 ski=0.012000 skd=0.000000 akp=0.300000 aki=0.000000 akd=0.050000 ok=5515 fail=0 rx=1029 txdrop=37440
1775110980.3229527,1775110980322952600,6859106782600,HB,1380693,0.0,0,0.697,0.013,0.0,0.0,0.0,0.0,0.0,0.0,0.0,0.0,0.0,0,0,,HB tick=1380693 run=0 ts=0.000 as=0.000 ta=0.000 aa=0.000 se=0.000 so=0.000 ae=0.000 ao=0.000 pwm=0 pc=0 hd=0 y=0.697 yr=0.013 L=0 R=0 OL=0 OR=0 el=0 er=0 ed=0 dl=0 dr=0 cl=0 cr=0 ok=5515 fail=0 vofa=firewater rx=1038 txdrop=37440
1775110980.5212815,1775110980521281600,6859305111800,HB,1380896,0.0,0,0.697,0.008,0.0,0.0,0.0,0.0,0.0,0.0,0.0,0.0,0.0,0,0,,HB tick=1380896 run=0 ts=0.000 as=0.000 ta=0.000 aa=0.000 se=0.000 so=0.000 ae=0.000 ao=0.000 pwm=0 pc=0 hd=0 y=0.697 yr=0.008 L=0 R=0 OL=0 OR=0 el=0 er=0 ed=0 dl=0 dr=0 cl=0 cr=0 ok=5516 fail=0 vofa=firewater rx=1038 txdrop=37440
1775110980.914144,1775110980914144000,6859697973600,HB,1381285,0.0,0,0.696,0.002,0.0,0.0,0.0,0.0,0.0,0.0,0.0,0.0,0.0,0,0,,HB tick=1381285 run=0 ts=0.000 as=0.000 ta=0.000 aa=0.000 se=0.000 so=0.000 ae=0.000 ao=0.000 pwm=0 pc=0 hd=0 y=0.696 yr=0.002 L=0 R=0 OL=0 OR=0 el=0 er=0 ed=0 dl=0 dr=0 cl=0 cr=0 ok=5517 fail=0 vofa=firewater rx=1047 txdrop=37440
1775110981.141755,1775110981141755200,6859925585400,HB,1381489,0.0,0,0.696,0.002,0.0,0.0,0.0,0.0,0.0,0.0,0.0,0.0,0.0,0,0,,HB tick=1381489 run=0 ts=0.000 as=0.000 ta=0.000 aa=0.000 se=0.000 so=0.000 ae=0.000 ao=0.000 pwm=0 pc=0 hd=0 y=0.696 yr=0.002 L=0 R=0 OL=0 OR=0 el=0 er=0 ed=0 dl=0 dr=0 cl=0 cr=0 ok=5518 fail=0 vofa=firewater rx=1047 txdrop=37440
1775110981.3188436,1775110981318843600,6860102673500,HB,1381693,0.0,0,0.696,0.001,0.0,0.0,0.0,0.0,0.0,0.0,0.0,0.0,0.0,0,0,,HB tick=1381693 run=0 ts=0.000 as=0.000 ta=0.000 aa=0.000 se=0.000 so=0.000 ae=0.000 ao=0.000 pwm=0 pc=0 hd=0 y=0.696 yr=0.001 L=0 R=0 OL=0 OR=0 el=0 er=0 ed=0 dl=0 dr=0 cl=0 cr=0 ok=5519 fail=0 vofa=firewater rx=1047 txdrop=37440
1775110981.5251267,1775110981525126600,6860308956300,HB,1381896,0.0,0,0.696,0.0,0.0,0.0,0.0,0.0,0.0,0.0,0.0,0.0,0.0,0,0,,HB tick=1381896 run=0 ts=0.000 as=0.000 ta=0.000 aa=0.000 se=0.000 so=0.000 ae=0.000 ao=0.000 pwm=0 pc=0 hd=0 y=0.696 yr=0.000 L=0 R=0 OL=0 OR=0 el=0 er=0 ed=0 dl=0 dr=0 cl=0 cr=0 ok=5520 fail=0 vofa=firewater rx=1047 txdrop=37440
1775110981.681355,1775110981681355100,6860465184800,STAT,1382039,0.0,0,0.695949,0.000188,0.0,0.0,0.0,0.0,0.0,0.0,0.0,0.0,0.0,0,0,,STAT tick=1382039 run=0 ts=0.000000 as=0.000000 ta=0.000000 aa=0.000000 se=0.000000 so=0.000000 ae=0.000000 ao=0.000000 pwm=0 pc=0 hd=0 y=0.695949 p=-0.469129 r=5.307528 yr=0.000188 ax=0 ay=0 az=0 gx=0 gy=0 gz=0 who=0x85 addr=0x4A icm_ok=6921 icm_fail=0 L=0 R=0 OL=0 OR=0 el=0 er=0 ed=0 dl=0 dr=0 cl=0 cr=0 skp=0.600000 ski=0.012000 skd=0.000000 akp=0.300000 aki=0.000000 akd=0.050000 ok=5521 fail=0 rx=1053 txdrop=37440
1775110981.7343242,1775110981734324100,6860518154000,HB,1382102,0.0,0,0.696,0.001,0.0,0.0,0.0,0.0,0.0,0.0,0.0,0.0,0.0,0,0,,HB tick=1382102 run=0 ts=0.000 as=0.000 ta=0.000 aa=0.000 se=0.000 so=0.000 ae=0.000 ao=0.000 pwm=0 pc=0 hd=0 y=0.696 yr=0.001 L=0 R=0 OL=0 OR=0 el=0 er=0 ed=0 dl=0 dr=0 cl=0 cr=0 ok=5521 fail=0 vofa=firewater rx=1062 txdrop=37440
1775110982.0772712,1775110982077271400,6860861101200,HB,1382451,0.0,0,0.696,-0.001,0.0,0.0,0.0,0.0,0.0,0.0,0.0,0.0,0.0,0,0,,HB tick=1382451 run=0 ts=0.000 as=0.000 ta=0.000 aa=0.000 se=0.000 so=0.000 ae=0.000 ao=0.000 pwm=0 pc=0 hd=0 y=0.696 yr=-0.001 L=0 R=0 OL=0 OR=0 el=0 er=0 ed=0 dl=0 dr=0 cl=0 cr=0 ok=5522 fail=0 vofa=firewater rx=1062 txdrop=37440
1775110982.3252225,1775110982325222300,6861109052500,HB,1382682,0.0,0,0.703,0.011,0.0,0.0,0.0,0.0,0.0,0.0,0.0,0.0,0.0,0,0,,HB tick=1382682 run=0 ts=0.000 as=0.000 ta=0.000 aa=0.000 se=0.000 so=0.000 ae=0.000 ao=0.000 pwm=0 pc=0 hd=0 y=0.703 yr=0.011 L=0 R=0 OL=0 OR=0 el=0 er=0 ed=0 dl=0 dr=0 cl=0 cr=0 ok=5523 fail=0 vofa=firewater rx=1062 txdrop=37440
1775110982.512096,1775110982512096100,6861295926800,HB,1382890,0.0,0,0.703,0.007,0.0,0.0,0.0,0.0,0.0,0.0,0.0,0.0,0.0,0,0,,HB tick=1382890 run=0 ts=0.000 as=0.000 ta=0.000 aa=0.000 se=0.000 so=0.000 ae=0.000 ao=0.000 pwm=0 pc=0 hd=0 y=0.703 yr=0.007 L=0 R=0 OL=0 OR=0 el=0 er=0 ed=0 dl=0 dr=0 cl=0 cr=0 ok=5524 fail=0 vofa=firewater rx=1071 txdrop=37440
1775110982.7187045,1775110982718704500,6861502534200,HB,1383093,0.0,0,0.703,0.005,0.0,0.0,0.0,0.0,0.0,0.0,0.0,0.0,0.0,0,0,,HB tick=1383093 run=0 ts=0.000 as=0.000 ta=0.000 aa=0.000 se=0.000 so=0.000 ae=0.000 ao=0.000 pwm=0 pc=0 hd=0 y=0.703 yr=0.005 L=0 R=0 OL=0 OR=0 el=0 er=0 ed=0 dl=0 dr=0 cl=0 cr=0 ok=5525 fail=0 vofa=firewater rx=1071 txdrop=37440
1775110982.9243186,1775110982924318400,6861708148500,HB,1383296,0.0,0,0.703,0.003,0.0,0.0,0.0,0.0,0.0,0.0,0.0,0.0,0.0,0,0,,HB tick=1383296 run=0 ts=0.000 as=0.000 ta=0.000 aa=0.000 se=0.000 so=0.000 ae=0.000 ao=0.000 pwm=0 pc=0 hd=0 y=0.703 yr=0.003 L=0 R=0 OL=0 OR=0 el=0 er=0 ed=0 dl=0 dr=0 cl=0 cr=0 ok=5526 fail=0 vofa=firewater rx=1071 txdrop=37440
1775110983.0801058,1775110983080105800,6861863935800,STAT,1383439,0.0,0,0.702989,0.002945,0.0,0.0,0.0,0.0,0.0,0.0,0.0,0.0,0.0,0,0,,STAT tick=1383439 run=0 ts=0.000000 as=0.000000 ta=0.000000 aa=0.000000 se=0.000000 so=0.000000 ae=0.000000 ao=0.000000 pwm=0 pc=0 hd=0 y=0.702989 p=-0.469357 r=5.293468 yr=0.002945 ax=0 ay=0 az=0 gx=0 gy=0 gz=0 who=0x85 addr=0x4A icm_ok=6928 icm_fail=0 L=0 R=0 OL=0 OR=0 el=0 er=0 ed=0 dl=0 dr=0 cl=0 cr=0 skp=0.600000 ski=0.012000 skd=0.000000 akp=0.300000 aki=0.000000 akd=0.050000 ok=5527 fail=0 rx=1077 txdrop=37440
1775110983.1320088,1775110983132008700,6861915838900,HB,1383507,0.0,0,0.703,0.002,0.0,0.0,0.0,0.0,0.0,0.0,0.0,0.0,0.0,0,0,,HB tick=1383507 run=0 ts=0.000 as=0.000 ta=0.000 aa=0.000 se=0.000 so=0.000 ae=0.000 ao=0.000 pwm=0 pc=0 hd=0 y=0.703 yr=0.002 L=0 R=0 OL=0 OR=0 el=0 er=0 ed=0 dl=0 dr=0 cl=0 cr=0 ok=5527 fail=0 vofa=firewater rx=1086 txdrop=37440
1775110983.3603055,1775110983360305700,6862144135500,HB,1383712,0.0,0,0.703,0.001,0.0,0.0,0.0,0.0,0.0,0.0,0.0,0.0,0.0,0,0,,HB tick=1383712 run=0 ts=0.000 as=0.000 ta=0.000 aa=0.000 se=0.000 so=0.000 ae=0.000 ao=0.000 pwm=0 pc=0 hd=0 y=0.703 yr=0.001 L=0 R=0 OL=0 OR=0 el=0 er=0 ed=0 dl=0 dr=0 cl=0 cr=0 ok=5528 fail=0 vofa=firewater rx=1086 txdrop=37440
1775110983.54799,1775110983547990000,6862331819800,HB,1383916,0.0,0,0.703,0.001,0.0,0.0,0.0,0.0,0.0,0.0,0.0,0.0,0.0,0,0,,HB tick=1383916 run=0 ts=0.000 as=0.000 ta=0.000 aa=0.000 se=0.000 so=0.000 ae=0.000 ao=0.000 pwm=0 pc=0 hd=0 y=0.703 yr=0.001 L=0 R=0 OL=0 OR=0 el=0 er=0 ed=0 dl=0 dr=0 cl=0 cr=0 ok=5529 fail=0 vofa=firewater rx=1086 txdrop=37440
1775110983.9313333,1775110983931333500,6862715163500,HB,1384304,0.0,0,0.703,0.0,0.0,0.0,0.0,0.0,0.0,0.0,0.0,0.0,0.0,0,0,,HB tick=1384304 run=0 ts=0.000 as=0.000 ta=0.000 aa=0.000 se=0.000 so=0.000 ae=0.000 ao=0.000 pwm=0 pc=0 hd=0 y=0.703 yr=0.000 L=0 R=0 OL=0 OR=0 el=0 er=0 ed=0 dl=0 dr=0 cl=0 cr=0 ok=5530 fail=0 vofa=firewater rx=1095 txdrop=37440
1775110984.3228524,1775110984322852300,6863106682900,HB,1384649,0.0,0,0.703,0.0,0.0,0.0,0.0,0.0,0.0,0.0,0.0,0.0,0.0,0,0,,HB tick=1384649 run=0 ts=0.000 as=0.000 ta=0.000 aa=0.000 se=0.000 so=0.000 ae=0.000 ao=0.000 pwm=0 pc=0 hd=0 y=0.703 yr=0.000 L=0 R=0 OL=0 OR=0 el=0 er=0 ed=0 dl=0 dr=0 cl=0 cr=0 ok=5531 fail=0 vofa=firewater rx=1095 txdrop=37440
1775110984.551806,1775110984551805900,6863335635800,HB,1384902,0.0,0,0.703,0.0,0.0,0.0,0.0,0.0,0.0,0.0,0.0,0.0,0.0,0,0,,HB tick=1384902 run=0 ts=0.000 as=0.000 ta=0.000 aa=0.000 se=0.000 so=0.000 ae=0.000 ao=0.000 pwm=0 pc=0 hd=0 y=0.703 yr=0.000 L=0 R=0 OL=0 OR=0 el=0 er=0 ed=0 dl=0 dr=0 cl=0 cr=0 ok=5532 fail=0 vofa=firewater rx=1095 txdrop=37440
1775110985.1220222,1775110985122022100,6863905851800,HB,1385471,0.0,1,0.113,0.25,3.0,2.0,1.0,5.0,5.0,5.0,5.0,3.0,2.0,0,0,,HB tick=1385471 run=1 ts=12.224 as=2.500 ta=0.000 aa=0.000 se=9.724 so=5.869 ae=0.000 ao=0.000 pwm=5 pc=5 hd=0 y=0.113 yr=0.250 L=5 R=5 OL=5 OR=5 el=3 er=2 ed=1 dl=3 dr=2 cl=0 cr=0 ok=5533 fail=0 vofa=firewater rx=1114 txdrop=37440
1775110985.3398225,1775110985339822500,6864123652400,HB,1385704,0.0,1,0.588,0.873,4.0,3.0,1.0,7.0,7.0,7.0,7.0,4.0,3.0,0,0,,HB tick=1385704 run=1 ts=14.984 as=3.500 ta=0.000 aa=0.113 se=11.484 so=6.953 ae=-0.113 ao=-0.046 pwm=7 pc=7 hd=0 y=0.588 yr=0.873 L=7 R=7 OL=7 OR=7 el=4 er=3 ed=1 dl=4 dr=3 cl=0 cr=0 ok=5534 fail=0 vofa=firewater rx=1114 txdrop=37440
1775110985.556845,1775110985556845000,6864340674700,HB,1385910,0.0,1,1.481,2.092,5.0,5.0,0.0,8.0,8.0,8.0,8.0,5.0,5.0,0,0,,HB tick=1385910 run=1 ts=17.504 as=5.000 ta=0.000 aa=0.588 se=12.504 so=7.594 ae=-0.588 ao=-0.220 pwm=8 pc=8 hd=0 y=1.481 yr=2.092 L=8 R=8 OL=8 OR=8 el=5 er=5 ed=0 dl=5 dr=5 cl=0 cr=0 ok=5535 fail=0 vofa=firewater rx=1114 txdrop=37440
1775110985.7428539,1775110985742853800,6864526683600,HB,1386115,0.0,1,2.431,2.974,5.0,6.0,-1.0,8.0,10.0,8.0,10.0,5.0,6.0,0,0,,HB tick=1386115 run=1 ts=19.904 as=5.500 ta=0.000 aa=1.481 se=14.404 so=8.765 ae=-1.481 ao=-0.549 pwm=9 pc=9 hd=-1 y=2.431 yr=2.974 L=8 R=10 OL=8 OR=10 el=5 er=6 ed=-1 dl=5 dr=6 cl=0 cr=0 ok=5536 fail=0 vofa=firewater rx=1114 txdrop=37440
1775110985.981762,1775110985981762100,6864765592000,HB,1386326,0.0,1,2.027,1.26,6.0,7.0,-1.0,9.0,11.0,9.0,11.0,6.0,7.0,0,0,,HB tick=1386326 run=1 ts=22.424 as=6.500 ta=0.000 aa=2.431 se=15.924 so=9.714 ae=-2.431 ao=-0.878 pwm=10 pc=10 hd=-1 y=2.027 yr=1.260 L=9 R=11 OL=9 OR=11 el=6 er=7 ed=-1 dl=6 dr=7 cl=0 cr=0 ok=5537 fail=0 vofa=firewater rx=1114 txdrop=37440
1775110986.1592238,1775110986159223700,6864943053500,HB,1386532,1486.0,1,0.864,-1.147,9.0,9.0,0.0,9.0,11.0,9.0,11.0,9.0,9.0,0,0,,HB tick=1386532 exp_id=246 t_ms=1486 run=1 ts=24.944 as=9.000 ta=0.000 aa=2.027 se=15.944 so=9.766 ae=-2.027 ao=-0.671 pwm=10 pc=10 hd=-1 y=0.864 yr=-1.147 L=9 R=11 OL=9 OR=11 el=9 er=9 ed=0 dl=9 dr=9 cl=0 cr=0 ok=5538 fail=0 vofa=firewater rx=1128 txdrop=37440
1775110986.3665483,1775110986366548100,6865150377800,HB,1386736,1690.0,1,0.362,-1.608,10.0,10.0,0.0,11.0,11.0,11.0,11.0,10.0,10.0,0,0,,HB tick=1386736 exp_id=246 t_ms=1690 run=1 ts=27.344 as=10.000 ta=0.000 aa=0.864 se=17.344 so=10.647 ae=-0.864 ao=-0.202 pwm=11 pc=11 hd=0 y=0.362 yr=-1.608 L=11 R=11 OL=11 OR=11 el=10 er=10 ed=0 dl=10 dr=10 cl=0 cr=0 ok=5539 fail=0 vofa=firewater rx=1128 txdrop=37440
1775110986.5741446,1775110986574144500,6865357974300,HB,1386945,1899.0,1,0.297,-1.153,11.0,12.0,-1.0,11.0,11.0,11.0,11.0,11.0,12.0,0,0,,HB tick=1386945 exp_id=246 t_ms=1899 run=1 ts=29.864 as=11.500 ta=0.000 aa=0.362 se=18.364 so=11.303 ae=-0.362 ao=-0.028 pwm=11 pc=11 hd=0 y=0.297 yr=-1.153 L=11 R=11 OL=11 OR=11 el=11 er=12 ed=-1 dl=11 dr=12 cl=0 cr=0 ok=5540 fail=0 vofa=firewater rx=1128 txdrop=37440
1775110986.7805994,1775110986780599400,6865564429100,HB,1387150,2104.0,1,-0.27,-1.717,13.0,13.0,0.0,12.0,12.0,12.0,12.0,13.0,13.0,0,0,,HB tick=1387150 exp_id=246 t_ms=2104 run=1 ts=32.384 as=13.000 ta=0.000 aa=0.297 se=19.384 so=11.963 ae=-0.297 ao=-0.032 pwm=12 pc=12 hd=0 y=-0.270 yr=-1.717 L=12 R=12 OL=12 OR=12 el=13 er=13 ed=0 dl=13 dr=13 cl=0 cr=0 ok=5541 fail=0 vofa=firewater rx=1128 txdrop=37440
1775110986.979205,1775110986979204900,6865763034600,HB,1387354,2308.0,1,-0.62,-1.717,13.0,15.0,-2.0,13.0,13.0,13.0,13.0,13.0,15.0,0,0,,HB tick=1387354 exp_id=246 t_ms=2308 run=1 ts=34.784 as=14.000 ta=0.000 aa=-0.270 se=20.784 so=12.853 ae=0.270 ao=0.167 pwm=13 pc=13 hd=0 y=-0.620 yr=-1.717 L=13 R=13 OL=13 OR=13 el=13 er=15 ed=-2 dl=13 dr=15 cl=0 cr=0 ok=5542 fail=0 vofa=firewater rx=1128 txdrop=37440
1775110987.4040878,1775110987404087900,6866187917600,HB,1387769,2723.0,1,-2.404,-3.169,15.0,15.0,0.0,13.0,11.0,13.0,11.0,15.0,15.0,0,0,,HB tick=1387769 exp_id=246 t_ms=2723 run=1 ts=35.000 as=15.000 ta=0.000 aa=-1.596 se=20.000 so=12.485 ae=1.596 ao=0.616 pwm=12 pc=12 hd=1 y=-2.404 yr=-3.169 L=13 R=11 OL=13 OR=11 el=15 er=15 ed=0 dl=15 dr=15 cl=0 cr=0 ok=5544 fail=0 vofa=firewater rx=1142 txdrop=37440
1775110987.6011903,1775110987601190400,6866385020200,HB,1387973,2927.0,1,-2.855,-2.83,15.0,14.0,1.0,14.0,12.0,14.0,12.0,15.0,14.0,0,0,,HB tick=1387973 exp_id=246 t_ms=2927 run=1 ts=35.000 as=14.500 ta=0.000 aa=-2.404 se=20.500 so=12.837 ae=2.404 ao=0.880 pwm=13 pc=13 hd=1 y=-2.855 yr=-2.830 L=14 R=12 OL=14 OR=12 el=15 er=14 ed=1 dl=15 dr=14 cl=0 cr=0 ok=5545 fail=0 vofa=firewater rx=1142 txdrop=37440
1775110987.8090603,1775110987809060400,6866592890100,HB,1388177,3131.0,1,-2.873,-1.871,14.0,13.0,1.0,14.0,12.0,14.0,12.0,14.0,13.0,0,0,,HB tick=1388177 exp_id=246 t_ms=3131 run=1 ts=35.000 as=13.500 ta=0.000 aa=-2.855 se=21.500 so=13.486 ae=2.855 ao=0.998 pwm=13 pc=13 hd=1 y=-2.873 yr=-1.871 L=14 R=12 OL=14 OR=12 el=14 er=13 ed=1 dl=14 dr=13 cl=0 cr=0 ok=5546 fail=0 vofa=firewater rx=1142 txdrop=37440
1775110987.9759912,1775110987975991300,6866759821100,HB,1388342,3296.0,1,-2.911,-1.296,15.0,14.0,1.0,14.0,12.0,14.0,12.0,15.0,14.0,0,0,,HB tick=1388342 exp_id=246 t_ms=3296 run=1 ts=35.000 as=14.500 ta=0.000 aa=-2.873 se=20.500 so=12.928 ae=2.873 ao=0.956 pwm=13 pc=13 hd=1 y=-2.911 yr=-1.296 L=14 R=12 OL=14 OR=12 el=15 er=14 ed=1 dl=15 dr=14 cl=0 cr=0 ok=5547 fail=0 vofa=firewater rx=1142 txdrop=37440
1775110988.203367,1775110988203367000,6866987197200,HB,1388574,3528.0,1,-2.347,0.009,15.0,15.0,0.0,14.0,12.0,14.0,12.0,15.0,15.0,0,0,,HB tick=1388574 exp_id=246 t_ms=3528 run=1 ts=35.000 as=15.000 ta=0.000 aa=-2.911 se=20.000 so=12.684 ae=2.911 ao=0.938 pwm=13 pc=13 hd=1 y=-2.347 yr=0.009 L=14 R=12 OL=14 OR=12 el=15 er=15 ed=0 dl=15 dr=15 cl=0 cr=0 ok=5548 fail=0 vofa=firewater rx=1142 txdrop=37440
1775110988.4310887,1775110988431088600,6867214918600,HB,1388800,3754.0,1,-0.947,2.174,14.0,14.0,0.0,14.0,12.0,14.0,12.0,14.0,14.0,0,0,,HB tick=1388800 exp_id=246 t_ms=3754 run=1 ts=35.000 as=14.000 ta=0.000 aa=-2.347 se=21.000 so=13.341 ae=2.347 ao=0.704 pwm=13 pc=13 hd=1 y=-0.947 yr=2.174 L=14 R=12 OL=14 OR=12 el=14 er=14 ed=0 dl=14 dr=14 cl=0 cr=0 ok=5549 fail=0 vofa=firewater rx=1142 txdrop=37440
1775110988.596283,1775110988596282800,6867380112600,STAT,1388944,3898.0,1,-0.946608,2.174181,15.0,14.0,1.0,13.0,13.0,13.0,13.0,15.0,14.0,0,0,,STAT tick=1388944 exp_id=246 t_ms=3898 run=1 ts=35.000000 as=14.500000 ta=0.000000 aa=-0.946608 se=20.500000 so=13.075490 ae=0.946608 ao=0.175273 pwm=13 pc=13 hd=0 y=-0.946608 p=-1.034290 r=5.655309 yr=2.174181 ax=0 ay=0 az=0 gx=0 gy=0 gz=0 who=0x85 addr=0x4A icm_ok=6956 icm_fail=0 L=13 R=13 OL=13 OR=13 el=15 er=14 ed=1 dl=15 dr=14 cl=0 cr=0 skp=0.600000 ski=0.012000 skd=0.000000 akp=0.300000 aki=0.000000 akd=0.050000 ok=5550 fail=0 rx=1148 txdrop=37440
1775110988.63802,1775110988638020000,6867421849600,HB,1389003,3957.0,1,-0.712,1.817,15.0,14.0,1.0,13.0,13.0,13.0,13.0,15.0,14.0,0,0,,HB tick=1389003 exp_id=246 t_ms=3957 run=1 ts=35.000 as=14.500 ta=0.000 aa=-0.947 se=20.500 so=13.090 ae=0.947 ao=0.175 pwm=13 pc=13 hd=0 y=-0.712 yr=1.817 L=13 R=13 OL=13 OR=13 el=15 er=14 ed=1 dl=15 dr=14 cl=0 cr=0 ok=5550 fail=0 vofa=firewater rx=1148 txdrop=37440
1775110988.835134,1775110988835133900,6867618963900,HB,1389208,4162.0,1,-0.248,1.974,15.0,14.0,1.0,13.0,13.0,13.0,13.0,15.0,14.0,0,0,,HB tick=1389208 exp_id=246 t_ms=4162 run=1 ts=35.000 as=14.500 ta=0.000 aa=-0.712 se=20.500 so=13.140 ae=0.712 ao=0.123 pwm=13 pc=13 hd=0 y=-0.248 yr=1.974 L=13 R=13 OL=13 OR=13 el=15 er=14 ed=1 dl=15 dr=14 cl=0 cr=0 ok=5551 fail=0 vofa=firewater rx=1148 txdrop=37440
1775110989.0423257,1775110989042325700,6867826155800,HB,1389412,4366.0,1,0.267,2.167,14.0,14.0,0.0,13.0,13.0,13.0,13.0,14.0,14.0,0,0,,HB tick=1389412 exp_id=246 t_ms=4366 run=1 ts=35.000 as=14.000 ta=0.000 aa=-0.248 se=21.000 so=13.491 ae=0.248 ao=-0.024 pwm=13 pc=13 hd=0 y=0.267 yr=2.167 L=13 R=13 OL=13 OR=13 el=14 er=14 ed=0 dl=14 dr=14 cl=0 cr=0 ok=5552 fail=0 vofa=firewater rx=1148 txdrop=37440
1775110989.2018309,1775110989201830800,6867985660500,HB,1389573,4527.0,1,0.376,1.645,15.0,15.0,0.0,13.0,13.0,13.0,13.0,15.0,15.0,0,0,,HB tick=1389573 exp_id=246 t_ms=4527 run=1 ts=35.000 as=15.000 ta=0.000 aa=0.267 se=20.000 so=12.930 ae=-0.267 ao=-0.188 pwm=13 pc=13 hd=0 y=0.376 yr=1.645 L=13 R=13 OL=13 OR=13 el=15 er=15 ed=0 dl=15 dr=15 cl=0 cr=0 ok=5553 fail=0 vofa=firewater rx=1148 txdrop=37440
1775110989.4308212,1775110989430821100,6868214651000,HB,1389805,4759.0,1,0.545,1.324,14.0,14.0,0.0,14.0,14.0,14.0,14.0,14.0,14.0,0,0,,HB tick=1389805 exp_id=246 t_ms=4759 run=1 ts=35.000 as=14.000 ta=0.000 aa=0.376 se=21.000 so=13.587 ae=-0.376 ao=-0.195 pwm=14 pc=14 hd=0 y=0.545 yr=1.324 L=14 R=14 OL=14 OR=14 el=14 er=14 ed=0 dl=14 dr=14 cl=0 cr=0 ok=5554 fail=0 vofa=firewater rx=1148 txdrop=37440
1775110989.598193,1775110989598193000,6868382023400,HB,1389965,4919.0,1,0.669,1.132,15.0,14.0,1.0,13.0,13.0,13.0,13.0,15.0,14.0,0,0,,HB tick=1389965 exp_id=246 t_ms=4919 run=1 ts=35.000 as=14.500 ta=0.000 aa=0.545 se=20.500 so=13.326 ae=-0.545 ao=-0.230 pwm=13 pc=13 hd=0 y=0.669 yr=1.132 L=13 R=13 OL=13 OR=13 el=15 er=14 ed=1 dl=15 dr=14 cl=0 cr=0 ok=5555 fail=0 vofa=firewater rx=1148 txdrop=37440
1775110989.8262746,1775110989826274500,6868610106900,HB,1390197,5151.0,1,0.785,0.911,14.0,15.0,-1.0,13.0,13.0,13.0,13.0,14.0,15.0,0,0,,HB tick=1390197 exp_id=246 t_ms=5151 run=1 ts=35.000 as=14.500 ta=0.000 aa=0.669 se=20.500 so=13.382 ae=-0.669 ao=-0.257 pwm=13 pc=13 hd=0 y=0.785 yr=0.911 L=13 R=13 OL=13 OR=13 el=14 er=15 ed=-1 dl=14 dr=15 cl=0 cr=0 ok=5556 fail=0 vofa=firewater rx=1148 txdrop=37440
1775110989.992447,1775110989992447100,6868776277100,HB,1390361,5315.0,1,0.694,0.398,15.0,15.0,0.0,14.0,14.0,14.0,14.0,15.0,15.0,0,0,,HB tick=1390361 exp_id=246 t_ms=5315 run=1 ts=35.000 as=15.000 ta=0.000 aa=0.785 se=20.000 so=13.124 ae=-0.785 ao=-0.281 pwm=14 pc=14 hd=0 y=0.694 yr=0.398 L=14 R=14 OL=14 OR=14 el=15 er=15 ed=0 dl=15 dr=15 cl=0 cr=0 ok=5557 fail=0 vofa=firewater rx=1148 txdrop=37440
1775110990.2221122,1775110990222112200,6869005942200,HB,1390594,5548.0,1,0.676,0.232,14.0,15.0,-1.0,13.0,13.0,13.0,13.0,14.0,15.0,0,0,,HB tick=1390594 exp_id=246 t_ms=5548 run=1 ts=35.000 as=14.500 ta=0.000 aa=0.694 se=20.500 so=13.480 ae=-0.694 ao=-0.228 pwm=13 pc=13 hd=0 y=0.676 yr=0.232 L=13 R=13 OL=13 OR=13 el=14 er=15 ed=-1 dl=14 dr=15 cl=0 cr=0 ok=5558 fail=0 vofa=firewater rx=1148 txdrop=37440
1775110990.4506607,1775110990450660700,6869234490700,HB,1390819,5773.0,1,0.664,0.131,15.0,15.0,0.0,13.0,13.0,13.0,13.0,15.0,15.0,0,0,,HB tick=1390819 exp_id=246 t_ms=5773 run=1 ts=35.000 as=15.000 ta=0.000 aa=0.676 se=20.000 so=13.233 ae=-0.676 ao=-0.214 pwm=13 pc=13 hd=0 y=0.664 yr=0.131 L=13 R=13 OL=13 OR=13 el=15 er=15 ed=0 dl=15 dr=15 cl=0 cr=0 ok=5559 fail=0 vofa=firewater rx=1148 txdrop=37440
1775110990.6468544,1775110990646854500,6869430684100,HB,1391019,5973.0,1,0.603,-0.021,15.0,14.0,1.0,14.0,14.0,14.0,14.0,15.0,14.0,0,0,,HB tick=1391019 exp_id=246 t_ms=5973 run=1 ts=35.000 as=14.500 ta=0.000 aa=0.664 se=20.500 so=13.582 ae=-0.664 ao=-0.206 pwm=14 pc=14 hd=0 y=0.603 yr=-0.021 L=14 R=14 OL=14 OR=14 el=15 er=14 ed=1 dl=15 dr=14 cl=0 cr=0 ok=5560 fail=0 vofa=firewater rx=1148 txdrop=37440
1775110990.854224,1775110990854223900,6869638054100,HB,1391223,6177.0,1,0.428,-0.314,15.0,15.0,0.0,13.0,13.0,13.0,13.0,15.0,15.0,0,0,,HB tick=1391223 exp_id=246 t_ms=6177 run=1 ts=35.000 as=15.000 ta=0.000 aa=0.603 se=20.000 so=13.333 ae=-0.603 ao=-0.180 pwm=13 pc=13 hd=0 y=0.428 yr=-0.314 L=13 R=13 OL=13 OR=13 el=15 er=15 ed=0 dl=15 dr=15 cl=0 cr=0 ok=5561 fail=0 vofa=firewater rx=1148 txdrop=37440
1775110991.062304,1775110991062304100,6869846134400,HB,1391427,6381.0,1,0.457,-0.154,15.0,16.0,-1.0,13.0,13.0,13.0,13.0,15.0,16.0,0,0,,HB tick=1391427 exp_id=246 t_ms=6381 run=1 ts=35.000 as=15.500 ta=0.000 aa=0.428 se=19.500 so=13.081 ae=-0.428 ao=-0.113 pwm=13 pc=13 hd=0 y=0.457 yr=-0.154 L=13 R=13 OL=13 OR=13 el=15 er=16 ed=-1 dl=15 dr=16 cl=0 cr=0 ok=5562 fail=0 vofa=firewater rx=1148 txdrop=37440
1775110991.2588403,1775110991258840300,6870042670000,HB,1391631,6585.0,1,0.379,-0.233,14.0,15.0,-1.0,13.0,13.0,13.0,13.0,14.0,15.0,0,0,,HB tick=1391631 exp_id=246 t_ms=6585 run=1 ts=35.000 as=14.500 ta=0.000 aa=0.457 se=20.500 so=13.731 ae=-0.457 ao=-0.129 pwm=13 pc=13 hd=0 y=0.379 yr=-0.233 L=13 R=13 OL=13 OR=13 el=14 er=15 ed=-1 dl=14 dr=15 cl=0 cr=0 ok=5563 fail=0 vofa=firewater rx=1148 txdrop=37440
1775110991.4663694,1775110991466369200,6870250199600,HB,1391836,6790.0,1,0.203,-0.453,15.0,14.0,1.0,14.0,14.0,14.0,14.0,15.0,14.0,0,0,,HB tick=1391836 exp_id=246 t_ms=6790 run=1 ts=35.000 as=14.500 ta=0.000 aa=0.379 se=20.500 so=13.780 ae=-0.379 ao=-0.102 pwm=14 pc=14 hd=0 y=0.203 yr=-0.453 L=14 R=14 OL=14 OR=14 el=15 er=14 ed=1 dl=15 dr=14 cl=0 cr=0 ok=5564 fail=0 vofa=firewater rx=1148 txdrop=37440
1775110991.6334229,1775110991633422800,6870417252600,HB,1392001,6955.0,1,0.158,-0.391,15.0,15.0,0.0,13.0,13.0,13.0,13.0,15.0,15.0,0,0,,HB tick=1392001 exp_id=246 t_ms=6955 run=1 ts=35.000 as=15.000 ta=0.000 aa=0.203 se=20.000 so=13.521 ae=-0.203 ao=-0.038 pwm=13 pc=13 hd=0 y=0.158 yr=-0.391 L=13 R=13 OL=13 OR=13 el=15 er=15 ed=0 dl=15 dr=15 cl=0 cr=0 ok=5565 fail=0 vofa=firewater rx=1148 txdrop=37440
1775110991.882614,1775110991882614100,6870666444200,HB,1392249,7203.0,1,0.384,0.066,15.0,16.0,-1.0,13.0,13.0,13.0,13.0,15.0,16.0,0,0,,HB tick=1392249 exp_id=246 t_ms=7203 run=1 ts=35.000 as=15.500 ta=0.000 aa=0.158 se=19.500 so=13.278 ae=-0.158 ao=-0.028 pwm=13 pc=13 hd=0 y=0.384 yr=0.066 L=13 R=13 OL=13 OR=13 el=15 er=16 ed=-1 dl=15 dr=16 cl=0 cr=0 ok=5566 fail=0 vofa=firewater rx=1148 txdrop=37440
1775110992.0798414,1775110992079841300,6870863671200,HB,1392449,7403.0,1,0.421,0.108,15.0,14.0,1.0,14.0,14.0,14.0,14.0,15.0,14.0,0,0,,HB tick=1392449 exp_id=246 t_ms=7403 run=1 ts=35.000 as=14.500 ta=0.000 aa=0.384 se=20.500 so=13.925 ae=-0.384 ao=-0.119 pwm=14 pc=14 hd=0 y=0.421 yr=0.108 L=14 R=14 OL=14 OR=14 el=15 er=14 ed=1 dl=15 dr=14 cl=0 cr=0 ok=5567 fail=0 vofa=firewater rx=1148 txdrop=37440
1775110992.2778373,1775110992277837400,6871061667400,HB,1392653,7607.0,1,0.292,-0.151,16.0,15.0,1.0,13.0,13.0,13.0,13.0,16.0,15.0,0,0,,HB tick=1392653 exp_id=246 t_ms=7607 run=1 ts=35.000 as=15.500 ta=0.000 aa=0.421 se=19.500 so=13.375 ae=-0.421 ao=-0.132 pwm=13 pc=13 hd=0 y=0.292 yr=-0.151 L=13 R=13 OL=13 OR=13 el=16 er=15 ed=1 dl=16 dr=15 cl=0 cr=0 ok=5568 fail=0 vofa=firewater rx=1148 txdrop=37440
1775110992.4956822,1775110992495682400,6871279512200,HB,1392862,7816.0,1,0.673,0.539,16.0,15.0,1.0,14.0,14.0,14.0,14.0,16.0,15.0,0,0,,HB tick=1392862 exp_id=246 t_ms=7816 run=1 ts=35.000 as=15.500 ta=0.000 aa=0.292 se=19.500 so=13.425 ae=-0.292 ao=-0.080 pwm=14 pc=14 hd=0 y=0.673 yr=0.539 L=14 R=14 OL=14 OR=14 el=16 er=15 ed=1 dl=16 dr=15 cl=0 cr=0 ok=5569 fail=0 vofa=firewater rx=1148 txdrop=37440
1775110992.6944385,1775110992694438400,6871478268200,HB,1393067,8021.0,1,0.807,0.58,14.0,15.0,-1.0,14.0,14.0,14.0,14.0,14.0,15.0,0,0,,HB tick=1393067 exp_id=246 t_ms=8021 run=1 ts=35.000 as=14.500 ta=0.000 aa=0.673 se=20.500 so=14.072 ae=-0.673 ao=-0.229 pwm=14 pc=14 hd=0 y=0.807 yr=0.580 L=14 R=14 OL=14 OR=14 el=14 er=15 ed=-1 dl=14 dr=15 cl=0 cr=0 ok=5570 fail=0 vofa=firewater rx=1148 txdrop=37440
1775110992.9011931,1775110992901193300,6871685024100,HB,1393271,8225.0,1,0.903,0.541,16.0,16.0,0.0,14.0,14.0,14.0,14.0,16.0,16.0,0,0,,HB tick=1393271 exp_id=246 t_ms=8225 run=1 ts=35.000 as=16.000 ta=0.000 aa=0.807 se=19.000 so=13.222 ae=-0.807 ao=-0.271 pwm=14 pc=14 hd=0 y=0.903 yr=0.541 L=14 R=14 OL=14 OR=14 el=16 er=16 ed=0 dl=16 dr=16 cl=0 cr=0 ok=5571 fail=0 vofa=firewater rx=1148 txdrop=37440
1775110993.108195,1775110993108195100,6871892025300,HB,1393481,8435.0,1,0.803,0.185,15.0,16.0,-1.0,13.0,13.0,13.0,13.0,15.0,16.0,0,0,,HB tick=1393481 exp_id=246 t_ms=8435 run=1 ts=35.000 as=15.500 ta=0.000 aa=0.903 se=19.500 so=13.570 ae=-0.903 ao=-0.298 pwm=13 pc=13 hd=0 y=0.803 yr=0.185 L=13 R=13 OL=13 OR=13 el=15 er=16 ed=-1 dl=15 dr=16 cl=0 cr=0 ok=5572 fail=0 vofa=firewater rx=1148 txdrop=37440
1775110993.314371,1775110993314371100,6872098200900,HB,1393685,8639.0,1,0.746,0.023,16.0,16.0,0.0,13.0,13.0,13.0,13.0,16.0,16.0,0,0,,HB tick=1393685 exp_id=246 t_ms=8639 run=1 ts=35.000 as=16.000 ta=0.000 aa=0.803 se=19.000 so=13.317 ae=-0.803 ao=-0.250 pwm=13 pc=13 hd=0 y=0.746 yr=0.023 L=13 R=13 OL=13 OR=13 el=16 er=16 ed=0 dl=16 dr=16 cl=0 cr=0 ok=5573 fail=0 vofa=firewater rx=1148 txdrop=37440
1775110993.4797857,1775110993479785800,6872263615700,HB,1393845,8799.0,1,0.747,0.017,16.0,16.0,0.0,13.0,13.0,13.0,13.0,16.0,16.0,0,0,,HB tick=1393845 exp_id=246 t_ms=8799 run=1 ts=35.000 as=16.000 ta=0.000 aa=0.746 se=19.000 so=13.354 ae=-0.746 ao=-0.225 pwm=13 pc=13 hd=0 y=0.747 yr=0.017 L=13 R=13 OL=13 OR=13 el=16 er=16 ed=0 dl=16 dr=16 cl=0 cr=0 ok=5574 fail=0 vofa=firewater rx=1148 txdrop=37440
1775110993.7090921,1775110993709092000,6872492921600,HB,1394077,9031.0,1,0.317,-0.638,15.0,16.0,-1.0,14.0,14.0,14.0,14.0,15.0,16.0,0,0,,HB tick=1394077 exp_id=246 t_ms=9031 run=1 ts=35.000 as=15.500 ta=0.000 aa=0.747 se=19.500 so=13.707 ae=-0.747 ao=-0.225 pwm=14 pc=14 hd=0 y=0.317 yr=-0.638 L=14 R=14 OL=14 OR=14 el=15 er=16 ed=-1 dl=15 dr=16 cl=0 cr=0 ok=5575 fail=0 vofa=firewater rx=1148 txdrop=37440
1775110993.9166877,1775110993916687600,6872700517600,HB,1394282,9236.0,1,0.241,-0.544,16.0,16.0,0.0,14.0,14.0,14.0,14.0,16.0,16.0,0,0,,HB tick=1394282 exp_id=246 t_ms=9236 run=1 ts=35.000 as=16.000 ta=0.000 aa=0.317 se=19.000 so=13.456 ae=-0.317 ao=-0.063 pwm=14 pc=14 hd=0 y=0.241 yr=-0.544 L=14 R=14 OL=14 OR=14 el=16 er=16 ed=0 dl=16 dr=16 cl=0 cr=0 ok=5576 fail=0 vofa=firewater rx=1148 txdrop=37440
1775110994.0726624,1775110994072662200,6872856492200,HB,1394442,9396.0,1,0.021,-0.835,15.0,16.0,-1.0,14.0,14.0,14.0,14.0,15.0,16.0,0,0,,HB tick=1394442 exp_id=246 t_ms=9396 run=1 ts=35.000 as=15.500 ta=0.000 aa=0.241 se=19.500 so=13.793 ae=-0.241 ao=-0.045 pwm=14 pc=14 hd=0 y=0.021 yr=-0.835 L=14 R=14 OL=14 OR=14 el=15 er=16 ed=-1 dl=15 dr=16 cl=0 cr=0 ok=5577 fail=0 vofa=firewater rx=1148 txdrop=37440
1775110994.3001654,1775110994300165500,6873083995500,HB,1394674,9628.0,1,-0.154,-0.807,16.0,15.0,1.0,14.0,14.0,14.0,14.0,16.0,15.0,0,0,,HB tick=1394674 exp_id=246 t_ms=9628 run=1 ts=35.000 as=15.500 ta=0.000 aa=0.021 se=19.500 so=13.846 ae=-0.021 ao=0.036 pwm=14 pc=14 hd=0 y=-0.154 yr=-0.807 L=14 R=14 OL=14 OR=14 el=16 er=15 ed=1 dl=16 dr=15 cl=0 cr=0 ok=5578 fail=0 vofa=firewater rx=1148 txdrop=37440
1775110994.4650834,1775110994465083300,6873248913200,HB,1394839,9793.0,1,-0.352,-0.943,17.0,16.0,1.0,13.0,13.0,13.0,13.0,17.0,16.0,0,0,,HB tick=1394839 exp_id=246 t_ms=9793 run=1 ts=35.000 as=16.500 ta=0.000 aa=-0.154 se=18.500 so=13.282 ae=0.154 ao=0.087 pwm=13 pc=13 hd=0 y=-0.352 yr=-0.943 L=13 R=13 OL=13 OR=13 el=17 er=16 ed=1 dl=17 dr=16 cl=0 cr=0 ok=5579 fail=0 vofa=firewater rx=1148 txdrop=37440
1775110994.7030075,1775110994703007400,6873486837500,HB,1395072,10026.0,1,-0.477,-0.801,16.0,16.0,0.0,14.0,14.0,14.0,14.0,16.0,16.0,0,0,,HB tick=1395072 exp_id=246 t_ms=10026 run=1 ts=35.000 as=16.000 ta=0.000 aa=-0.352 se=19.000 so=13.637 ae=0.352 ao=0.153 pwm=14 pc=14 hd=0 y=-0.477 yr=-0.801 L=14 R=14 OL=14 OR=14 el=16 er=16 ed=0 dl=16 dr=16 cl=0 cr=0 ok=5580 fail=0 vofa=firewater rx=1148 txdrop=37440
1775110994.9109447,1775110994910944800,6873694774700,HB,1395280,10234.0,1,-0.683,-0.869,16.0,16.0,0.0,14.0,14.0,14.0,14.0,16.0,16.0,0,0,,HB tick=1395280 exp_id=246 t_ms=10234 run=1 ts=35.000 as=16.000 ta=0.000 aa=-0.477 se=19.000 so=13.685 ae=0.477 ao=0.183 pwm=14 pc=14 hd=0 y=-0.683 yr=-0.869 L=14 R=14 OL=14 OR=14 el=16 er=16 ed=0 dl=16 dr=16 cl=0 cr=0 ok=5581 fail=0 vofa=firewater rx=1148 txdrop=37440
1775110995.1185803,1775110995118580200,6873902410400,HB,1395485,10439.0,1,-0.858,-0.863,17.0,17.0,0.0,13.0,13.0,13.0,13.0,17.0,17.0,0,0,,HB tick=1395485 exp_id=246 t_ms=10439 run=1 ts=35.000 as=17.000 ta=0.000 aa=-0.683 se=18.000 so=13.130 ae=0.683 ao=0.248 pwm=13 pc=13 hd=0 y=-0.858 yr=-0.863 L=13 R=13 OL=13 OR=13 el=17 er=17 ed=0 dl=17 dr=17 cl=0 cr=0 ok=5582 fail=0 vofa=firewater rx=1148 txdrop=37440
1775110995.3152356,1775110995315235600,6874099065400,HB,1395689,10643.0,1,-0.81,-0.478,16.0,16.0,0.0,14.0,14.0,14.0,14.0,16.0,16.0,0,0,,HB tick=1395689 exp_id=246 t_ms=10643 run=1 ts=35.000 as=16.000 ta=0.000 aa=-0.858 se=19.000 so=13.775 ae=0.858 ao=0.301 pwm=14 pc=14 hd=0 y=-0.810 yr=-0.478 L=14 R=14 OL=14 OR=14 el=16 er=16 ed=0 dl=16 dr=16 cl=0 cr=0 ok=5583 fail=0 vofa=firewater rx=1148 txdrop=37440
1775110995.5220807,1775110995522080800,6874305911400,HB,1395894,10848.0,1,-0.894,-0.454,16.0,17.0,-1.0,14.0,14.0,14.0,14.0,16.0,17.0,0,0,,HB tick=1395894 exp_id=246 t_ms=10848 run=1 ts=35.000 as=16.500 ta=0.000 aa=-0.810 se=18.500 so=13.523 ae=0.810 ao=0.267 pwm=14 pc=14 hd=0 y=-0.894 yr=-0.454 L=14 R=14 OL=14 OR=14 el=16 er=17 ed=-1 dl=16 dr=17 cl=0 cr=0 ok=5584 fail=0 vofa=firewater rx=1148 txdrop=37440
1775110995.6917765,1775110995691776500,6874475606300,HB,1396059,11013.0,1,-0.917,-0.344,17.0,17.0,0.0,13.0,13.0,13.0,13.0,17.0,17.0,0,0,,HB tick=1396059 exp_id=246 t_ms=11013 run=1 ts=35.000 as=17.000 ta=0.000 aa=-0.894 se=18.000 so=13.259 ae=0.894 ao=0.291 pwm=13 pc=13 hd=0 y=-0.917 yr=-0.344 L=13 R=13 OL=13 OR=13 el=17 er=17 ed=0 dl=17 dr=17 cl=0 cr=0 ok=5585 fail=0 vofa=firewater rx=1148 txdrop=37440
1775110995.921703,1775110995921703200,6874705534100,HB,1396291,11245.0,1,-0.883,-0.173,16.0,16.0,0.0,14.0,14.0,14.0,14.0,16.0,16.0,0,0,,HB tick=1396291 exp_id=246 t_ms=11245 run=1 ts=35.000 as=16.000 ta=0.000 aa=-0.917 se=19.000 so=13.913 ae=0.917 ao=0.292 pwm=14 pc=14 hd=0 y=-0.883 yr=-0.173 L=14 R=14 OL=14 OR=14 el=16 er=16 ed=0 dl=16 dr=16 cl=0 cr=0 ok=5586 fail=0 vofa=firewater rx=1148 txdrop=37440
1775110996.1290746,1775110996129074800,6874912905100,HB,1396500,11454.0,1,-1.044,-0.382,16.0,16.0,0.0,14.0,14.0,14.0,14.0,16.0,16.0,0,0,,HB tick=1396500 exp_id=246 t_ms=11454 run=1 ts=35.000 as=16.000 ta=0.000 aa=-0.883 se=19.000 so=13.961 ae=0.883 ao=0.274 pwm=14 pc=14 hd=0 y=-1.044 yr=-0.382 L=14 R=14 OL=14 OR=14 el=16 er=16 ed=0 dl=16 dr=16 cl=0 cr=0 ok=5587 fail=0 vofa=firewater rx=1148 txdrop=37440
1775110996.3385153,1775110996338515200,6875122344900,HB,1396705,11659.0,1,-1.28,-0.65,16.0,17.0,-1.0,14.0,14.0,14.0,14.0,16.0,17.0,0,0,,HB tick=1396705 exp_id=246 t_ms=11659 run=1 ts=35.000 as=16.500 ta=0.000 aa=-1.044 se=18.500 so=13.706 ae=1.044 ao=0.332 pwm=14 pc=14 hd=0 y=-1.280 yr=-0.650 L=14 R=14 OL=14 OR=14 el=16 er=17 ed=-1 dl=16 dr=17 cl=0 cr=0 ok=5588 fail=0 vofa=firewater rx=1148 txdrop=37440
1775110996.535986,1775110996535986000,6875319816700,HB,1396909,11863.0,1,-1.633,-1.029,16.0,16.0,0.0,14.0,14.0,14.0,14.0,16.0,16.0,0,0,,HB tick=1396909 exp_id=246 t_ms=11863 run=1 ts=35.000 as=16.000 ta=0.000 aa=-1.280 se=19.000 so=14.051 ae=1.280 ao=0.416 pwm=14 pc=14 hd=0 y=-1.633 yr=-1.029 L=14 R=14 OL=14 OR=14 el=16 er=16 ed=0 dl=16 dr=16 cl=0 cr=0 ok=5589 fail=0 vofa=firewater rx=1148 txdrop=37440
1775110996.744153,1775110996744153100,6875527982700,HB,1397114,12068.0,1,-1.91,-1.141,16.0,16.0,0.0,15.0,13.0,15.0,13.0,16.0,16.0,0,0,,HB tick=1397114 exp_id=246 t_ms=12068 run=1 ts=35.000 as=16.000 ta=0.000 aa=-1.633 se=19.000 so=14.099 ae=1.633 ao=0.541 pwm=14 pc=14 hd=1 y=-1.910 yr=-1.141 L=15 R=13 OL=15 OR=13 el=16 er=16 ed=0 dl=16 dr=16 cl=0 cr=0 ok=5590 fail=0 vofa=firewater rx=1148 txdrop=37440
1775110996.910419,1775110996910419000,6875694248800,HB,1397279,12233.0,1,-2.115,-1.176,16.0,17.0,-1.0,15.0,13.0,15.0,13.0,16.0,17.0,0,0,,HB tick=1397279 exp_id=246 t_ms=12233 run=1 ts=35.000 as=16.500 ta=0.000 aa=-1.910 se=18.500 so=13.835 ae=1.910 ao=0.630 pwm=14 pc=14 hd=1 y=-2.115 yr=-1.176 L=15 R=13 OL=15 OR=13 el=16 er=17 ed=-1 dl=16 dr=17 cl=0 cr=0 ok=5591 fail=0 vofa=firewater rx=1148 txdrop=37440
1775110997.1388962,1775110997138896100,6875922726400,HB,1397511,12465.0,1,-1.635,-0.041,17.0,16.0,1.0,15.0,13.0,15.0,13.0,17.0,16.0,0,0,,HB tick=1397511 exp_id=246 t_ms=12465 run=1 ts=35.000 as=16.500 ta=0.000 aa=-2.115 se=18.500 so=13.889 ae=2.115 ao=0.693 pwm=14 pc=14 hd=1 y=-1.635 yr=-0.041 L=15 R=13 OL=15 OR=13 el=17 er=16 ed=1 dl=17 dr=16 cl=0 cr=0 ok=5592 fail=0 vofa=firewater rx=1148 txdrop=37440
1775110997.3458385,1775110997345838600,6876129668900,HB,1397720,12674.0,1,-0.585,1.731,15.0,16.0,-1.0,15.0,15.0,15.0,15.0,15.0,16.0,0,0,,HB tick=1397720 exp_id=246 t_ms=12674 run=1 ts=35.000 as=15.500 ta=0.000 aa=-1.635 se=19.500 so=14.536 ae=1.635 ao=0.493 pwm=15 pc=15 hd=0 y=-0.585 yr=1.731 L=15 R=15 OL=15 OR=15 el=15 er=16 ed=-1 dl=15 dr=16 cl=0 cr=0 ok=5593 fail=0 vofa=firewater rx=1148 txdrop=37440
1775110997.5114837,1775110997511483600,6876295314100,HB,1397881,12835.0,1,-0.345,1.647,16.0,16.0,0.0,14.0,14.0,14.0,14.0,16.0,16.0,0,0,,HB tick=1397881 exp_id=246 t_ms=12835 run=1 ts=35.000 as=16.000 ta=0.000 aa=-0.585 se=19.000 so=14.273 ae=0.585 ao=0.089 pwm=14 pc=14 hd=0 y=-0.345 yr=1.647 L=14 R=14 OL=14 OR=14 el=16 er=16 ed=0 dl=16 dr=16 cl=0 cr=0 ok=5594 fail=0 vofa=firewater rx=1148 txdrop=37440
1775110997.699328,1775110997699328000,6876483157700,HB,1398069,13023.0,1,-0.284,1.185,16.0,16.0,0.0,14.0,14.0,14.0,14.0,16.0,16.0,0,0,,HB tick=1398069 exp_id=246 t_ms=13023 run=1 ts=35.000 as=16.000 ta=0.000 aa=-0.345 se=19.000 so=14.314 ae=0.345 ao=0.021 pwm=14 pc=14 hd=0 y=-0.284 yr=1.185 L=14 R=14 OL=14 OR=14 el=16 er=16 ed=0 dl=16 dr=16 cl=0 cr=0 ok=5595 fail=0 vofa=firewater rx=1148 txdrop=37440
1775110997.927364,1775110997927364000,6876711193900,HB,1398301,13255.0,1,0.623,2.138,16.0,16.0,0.0,14.0,14.0,14.0,14.0,16.0,16.0,0,0,,HB tick=1398301 exp_id=246 t_ms=13255 run=1 ts=35.000 as=16.000 ta=0.000 aa=-0.284 se=19.000 so=14.368 ae=0.284 ao=0.026 pwm=14 pc=14 hd=0 y=0.623 yr=2.138 L=14 R=14 OL=14 OR=14 el=16 er=16 ed=0 dl=16 dr=16 cl=0 cr=0 ok=5596 fail=0 vofa=firewater rx=1148 txdrop=37440
1775110998.13503,1775110998135029900,6876918859700,HB,1398506,13460.0,1,1.148,2.286,15.0,15.0,0.0,15.0,15.0,15.0,15.0,15.0,15.0,0,0,,HB tick=1398506 exp_id=246 t_ms=13460 run=1 ts=35.000 as=15.000 ta=0.000 aa=0.623 se=20.000 so=15.013 ae=-0.623 ao=-0.294 pwm=15 pc=15 hd=0 y=1.148 yr=2.286 L=15 R=15 OL=15 OR=15 el=15 er=15 ed=0 dl=15 dr=15 cl=0 cr=0 ok=5597 fail=0 vofa=firewater rx=1148 txdrop=37440
1775110998.343373,1775110998343373100,6877127203000,HB,1398710,13664.0,1,1.23,1.627,17.0,17.0,0.0,14.0,14.0,14.0,14.0,17.0,17.0,0,0,,HB tick=1398710 exp_id=246 t_ms=13664 run=1 ts=35.000 as=17.000 ta=0.000 aa=1.148 se=18.000 so=13.861 ae=-1.148 ao=-0.459 pwm=14 pc=14 hd=0 y=1.230 yr=1.627 L=14 R=14 OL=14 OR=14 el=17 er=17 ed=0 dl=17 dr=17 cl=0 cr=0 ok=5598 fail=0 vofa=firewater rx=1148 txdrop=37440
1775110998.5500128,1775110998550012900,6877333842900,HB,1398919,13873.0,1,1.53,1.56,17.0,16.0,1.0,14.0,14.0,14.0,14.0,17.0,16.0,0,0,,HB tick=1398919 exp_id=246 t_ms=13873 run=1 ts=35.000 as=16.500 ta=0.000 aa=1.230 se=18.500 so=14.205 ae=-1.230 ao=-0.450 pwm=14 pc=14 hd=0 y=1.530 yr=1.560 L=14 R=14 OL=14 OR=14 el=17 er=16 ed=1 dl=17 dr=16 cl=0 cr=0 ok=5599 fail=0 vofa=firewater rx=1148 txdrop=37440
1775110998.7492416,1775110998749241500,6877533071500,HB,1399124,14078.0,1,1.763,1.412,16.0,17.0,-1.0,13.0,15.0,13.0,15.0,16.0,17.0,0,0,,HB tick=1399124 exp_id=246 t_ms=14078 run=1 ts=35.000 as=16.500 ta=0.000 aa=1.530 se=18.500 so=14.253 ae=-1.530 ao=-0.537 pwm=14 pc=14 hd=-1 y=1.763 yr=1.412 L=13 R=15 OL=13 OR=15 el=16 er=17 ed=-1 dl=16 dr=17 cl=0 cr=0 ok=5600 fail=0 vofa=firewater rx=1148 txdrop=37440
1775110998.9557908,1775110998955790900,6877739620700,HB,1399329,14283.0,1,0.513,-1.217,16.0,17.0,-1.0,13.0,15.0,13.0,15.0,16.0,17.0,0,0,,HB tick=1399329 exp_id=246 t_ms=14283 run=1 ts=35.000 as=16.500 ta=0.000 aa=1.763 se=18.500 so=14.298 ae=-1.763 ao=-0.600 pwm=14 pc=14 hd=-1 y=0.513 yr=-1.217 L=13 R=15 OL=13 OR=15 el=16 er=17 ed=-1 dl=16 dr=17 cl=0 cr=0 ok=5601 fail=0 vofa=firewater rx=1148 txdrop=37440
1775110999.1626315,1775110999162631300,6877946461100,HB,1399538,14492.0,1,-0.393,-2.308,16.0,17.0,-1.0,14.0,14.0,14.0,14.0,16.0,17.0,0,0,,HB tick=1399538 exp_id=246 t_ms=14492 run=1 ts=35.000 as=16.500 ta=0.000 aa=0.513 se=18.500 so=14.344 ae=-0.513 ao=-0.093 pwm=14 pc=14 hd=0 y=-0.393 yr=-2.308 L=14 R=14 OL=14 OR=14 el=16 er=17 ed=-1 dl=16 dr=17 cl=0 cr=0 ok=5602 fail=0 vofa=firewater rx=1148 txdrop=37440
1775110999.390288,1775110999390288200,6878174118300,HB,1399759,14713.0,1,-2.006,-4.054,16.0,16.0,0.0,15.0,15.0,15.0,15.0,16.0,16.0,0,0,,HB tick=1399759 exp_id=246 t_ms=14713 run=1 ts=35.000 as=16.000 ta=0.000 aa=-0.393 se=19.000 so=14.693 ae=0.393 ao=0.233 pwm=15 pc=15 hd=0 y=-2.006 yr=-4.054 L=15 R=15 OL=15 OR=15 el=16 er=16 ed=0 dl=16 dr=16 cl=0 cr=0 ok=5603 fail=0 vofa=firewater rx=1148 txdrop=37440
1775110999.5872133,1775110999587213300,6878371043600,HB,1399959,14913.0,1,-2.225,-3.02,18.0,15.0,3.0,15.0,13.0,15.0,13.0,18.0,15.0,0,0,,HB tick=1399959 exp_id=246 t_ms=14913 run=1 ts=35.000 as=16.500 ta=0.000 aa=-2.006 se=18.500 so=14.438 ae=2.006 ao=0.804 pwm=14 pc=14 hd=1 y=-2.225 yr=-3.020 L=15 R=13 OL=15 OR=13 el=18 er=15 ed=3 dl=18 dr=15 cl=0 cr=0 ok=5604 fail=0 vofa=firewater rx=1148 txdrop=37440
1775110999.7932644,1775110999793264400,6878577094600,HB,1400164,15118.0,1,-0.573,0.858,18.0,16.0,2.0,15.0,13.0,15.0,13.0,18.0,16.0,0,0,,HB tick=1400164 exp_id=246 t_ms=15118 run=1 ts=35.000 as=17.000 ta=0.000 aa=-2.225 se=18.000 so=14.184 ae=2.225 ao=0.819 pwm=14 pc=14 hd=1 y=-0.573 yr=0.858 L=15 R=13 OL=15 OR=13 el=18 er=16 ed=2 dl=18 dr=16 cl=0 cr=0 ok=5605 fail=0 vofa=firewater rx=1148 txdrop=37440
1775111000.0017118,1775111000001711800,6878785541800,HB,1400369,15322.0,1,1.534,4.172,18.0,16.0,2.0,14.0,14.0,14.0,14.0,18.0,16.0,0,0,,HB tick=1400369 exp_id=246 t_ms=15322 run=1 ts=35.000 as=17.000 ta=0.000 aa=-0.573 se=18.000 so=14.228 ae=0.573 ao=0.129 pwm=14 pc=14 hd=0 y=1.534 yr=4.172 L=14 R=14 OL=14 OR=14 el=18 er=16 ed=2 dl=18 dr=16 cl=0 cr=0 ok=5606 fail=0 vofa=firewater rx=1148 txdrop=37440
1775111000.2086763,1775111000208676300,6878992506200,HB,1400578,15532.0,1,2.97,5.105,17.0,16.0,1.0,14.0,16.0,14.0,16.0,17.0,16.0,0,0,,HB tick=1400578 exp_id=246 t_ms=15532 run=1 ts=35.000 as=16.500 ta=0.000 aa=1.534 se=18.500 so=14.574 ae=-1.534 ao=-0.669 pwm=15 pc=15 hd=-1 y=2.970 yr=5.105 L=14 R=16 OL=14 OR=16 el=17 er=16 ed=1 dl=17 dr=16 cl=0 cr=0 ok=5607 fail=0 vofa=firewater rx=1148 txdrop=37440
1775111000.4158168,1775111000415816800,6879199646700,HB,1400782,15736.0,1,3.895,4.906,16.0,17.0,-1.0,13.0,15.0,13.0,15.0,16.0,17.0,0,0,,HB tick=1400782 exp_id=246 t_ms=15736 run=1 ts=35.000 as=16.500 ta=0.000 aa=2.970 se=18.500 so=14.620 ae=-2.970 ao=-1.146 pwm=14 pc=14 hd=-1 y=3.895 yr=4.906 L=13 R=15 OL=13 OR=15 el=16 er=17 ed=-1 dl=16 dr=17 cl=0 cr=0 ok=5608 fail=0 vofa=firewater rx=1148 txdrop=37440
1775111000.613042,1775111000613042100,6879396872600,HB,1400987,15941.0,1,4.062,3.474,16.0,18.0,-2.0,13.0,15.0,13.0,15.0,16.0,18.0,0,0,,HB tick=1400987 exp_id=246 t_ms=15941 run=1 ts=35.000 as=17.000 ta=0.000 aa=3.895 se=18.000 so=14.363 ae=-3.895 ao=-1.414 pwm=14 pc=14 hd=-1 y=4.062 yr=3.474 L=13 R=15 OL=13 OR=15 el=16 er=18 ed=-2 dl=16 dr=18 cl=0 cr=0 ok=5609 fail=0 vofa=firewater rx=1148 txdrop=37440
1775111000.8212936,1775111000821293600,6879605123300,HB,1401191,16145.0,1,3.195,0.771,17.0,18.0,-1.0,14.0,16.0,14.0,16.0,17.0,18.0,0,0,,HB tick=1401191 exp_id=246 t_ms=16145 run=1 ts=35.000 as=17.500 ta=0.000 aa=4.062 se=17.500 so=14.110 ae=-4.062 ao=-1.392 pwm=15 pc=15 hd=-1 y=3.195 yr=0.771 L=14 R=16 OL=14 OR=16 el=17 er=18 ed=-1 dl=17 dr=18 cl=0 cr=0 ok=5610 fail=0 vofa=firewater rx=1148 txdrop=37440
1775111000.9878767,1775111000987876700,6879771706600,HB,1401356,16310.0,1,2.614,-0.731,16.0,17.0,-1.0,14.0,16.0,14.0,16.0,16.0,17.0,0,0,,HB tick=1401356 exp_id=246 t_ms=16310 run=1 ts=35.000 as=16.500 ta=0.000 aa=3.195 se=18.500 so=14.745 ae=-3.195 ao=-0.997 pwm=15 pc=15 hd=-1 y=2.614 yr=-0.731 L=14 R=16 OL=14 OR=16 el=16 er=17 ed=-1 dl=16 dr=17 cl=0 cr=0 ok=5611 fail=0 vofa=firewater rx=1148 txdrop=37440
1775111001.2154982,1775111001215498200,6879999327900,HB,1401589,16543.0,1,1.516,-2.125,16.0,17.0,-1.0,14.0,16.0,14.0,16.0,16.0,17.0,0,0,,HB tick=1401589 exp_id=246 t_ms=16543 run=1 ts=35.000 as=16.500 ta=0.000 aa=2.614 se=18.500 so=14.795 ae=-2.614 ao=-0.748 pwm=15 pc=15 hd=-1 y=1.516 yr=-2.125 L=14 R=16 OL=14 OR=16 el=16 er=17 ed=-1 dl=16 dr=17 cl=0 cr=0 ok=5612 fail=0 vofa=firewater rx=1148 txdrop=37440
1775111001.4221804,1775111001422180400,6880206010300,HB,1401798,16752.0,1,0.084,-3.779,16.0,18.0,-2.0,15.0,15.0,15.0,15.0,16.0,18.0,0,0,,HB tick=1401798 exp_id=246 t_ms=16752 run=1 ts=35.000 as=17.000 ta=0.000 aa=1.516 se=18.000 so=14.541 ae=-1.516 ao=-0.348 pwm=15 pc=15 hd=0 y=0.084 yr=-3.779 L=15 R=15 OL=15 OR=15 el=16 er=18 ed=-2 dl=16 dr=18 cl=0 cr=0 ok=5613 fail=0 vofa=firewater rx=1148 txdrop=37440
1775111001.6289651,1775111001628965100,6880412794900,HB,1402003,16957.0,1,-0.604,-3.631,17.0,18.0,-1.0,14.0,14.0,14.0,14.0,17.0,18.0,0,0,,HB tick=1402003 exp_id=246 t_ms=16957 run=1 ts=35.000 as=17.500 ta=0.000 aa=0.084 se=17.500 so=14.286 ae=-0.084 ao=0.164 pwm=14 pc=14 hd=0 y=-0.604 yr=-3.631 L=14 R=14 OL=14 OR=14 el=17 er=18 ed=-1 dl=17 dr=18 cl=0 cr=0 ok=5614 fail=0 vofa=firewater rx=1148 txdrop=37440
1775111001.835134,1775111001835133900,6880618963800,HB,1402207,17161.0,1,-1.439,-3.793,17.0,17.0,0.0,15.0,15.0,15.0,15.0,17.0,17.0,0,0,,HB tick=1402207 exp_id=246 t_ms=17161 run=1 ts=35.000 as=17.000 ta=0.000 aa=-0.604 se=18.000 so=14.629 ae=0.604 ao=0.363 pwm=15 pc=15 hd=0 y=-1.439 yr=-3.793 L=15 R=15 OL=15 OR=15 el=17 er=17 ed=0 dl=17 dr=17 cl=0 cr=0 ok=5615 fail=0 vofa=firewater rx=1148 txdrop=37440
1775111002.0020888,1775111002002088600,6880785918500,HB,1402368,17322.0,1,-2.004,-3.694,18.0,17.0,1.0,15.0,13.0,15.0,13.0,18.0,17.0,0,0,,HB tick=1402368 exp_id=246 t_ms=17322 run=1 ts=35.000 as=17.500 ta=0.000 aa=-1.439 se=17.500 so=14.363 ae=1.439 ao=0.621 pwm=14 pc=14 hd=1 y=-2.004 yr=-3.694 L=15 R=13 OL=15 OR=13 el=18 er=17 ed=1 dl=18 dr=17 cl=0 cr=0 ok=5616 fail=0 vofa=firewater rx=1148 txdrop=37440
1775111002.2306967,1775111002230696700,6881014526500,HB,1402601,17555.0,1,-2.522,-3.179,18.0,17.0,1.0,16.0,14.0,16.0,14.0,18.0,17.0,0,0,,HB tick=1402601 exp_id=246 t_ms=17555 run=1 ts=35.000 as=17.500 ta=0.000 aa=-2.004 se=17.500 so=14.415 ae=2.004 ao=0.786 pwm=15 pc=15 hd=1 y=-2.522 yr=-3.179 L=16 R=14 OL=16 OR=14 el=18 er=17 ed=1 dl=18 dr=17 cl=0 cr=0 ok=5617 fail=0 vofa=firewater rx=1148 txdrop=37440
1775111002.4385612,1775111002438561300,6881222394800,HB,1402805,17759.0,1,-2.129,-1.391,17.0,18.0,-1.0,15.0,13.0,15.0,13.0,17.0,18.0,0,0,,HB tick=1402805 exp_id=246 t_ms=17759 run=1 ts=35.000 as=17.500 ta=0.000 aa=-2.522 se=17.500 so=14.457 ae=2.522 ao=0.916 pwm=14 pc=14 hd=1 y=-2.129 yr=-1.391 L=15 R=13 OL=15 OR=13 el=17 er=18 ed=-1 dl=17 dr=18 cl=0 cr=0 ok=5618 fail=0 vofa=firewater rx=1148 txdrop=37440
1775111002.5942037,1775111002594203700,6881378033400,HB,1402966,17920.0,1,-1.484,0.497,17.0,16.0,1.0,16.0,14.0,16.0,14.0,17.0,16.0,0,0,,HB tick=1402966 exp_id=246 t_ms=17920 run=1 ts=35.000 as=16.500 ta=0.000 aa=-2.129 se=18.500 so=15.092 ae=2.129 ao=0.708 pwm=15 pc=15 hd=1 y=-1.484 yr=0.497 L=16 R=14 OL=16 OR=14 el=17 er=16 ed=1 dl=17 dr=16 cl=0 cr=0 ok=5619 fail=0 vofa=firewater rx=1148 txdrop=37440
1775111002.8224235,1775111002822423600,6881606253700,HB,1403198,18152.0,1,-0.914,1.183,18.0,17.0,1.0,15.0,15.0,15.0,15.0,18.0,17.0,0,0,,HB tick=1403198 exp_id=246 t_ms=18152 run=1 ts=35.000 as=17.500 ta=0.000 aa=-1.484 se=17.500 so=14.541 ae=1.484 ao=0.420 pwm=15 pc=15 hd=0 y=-0.914 yr=1.183 L=15 R=15 OL=15 OR=15 el=18 er=17 ed=1 dl=18 dr=17 cl=0 cr=0 ok=5620 fail=0 vofa=firewater rx=1148 txdrop=37440
1775111003.0306225,1775111003030622400,6881814454600,HB,1403403,18357.0,1,-0.145,2.082,17.0,17.0,0.0,15.0,15.0,15.0,15.0,17.0,17.0,0,0,,HB tick=1403403 exp_id=246 t_ms=18357 run=1 ts=35.000 as=17.000 ta=0.000 aa=-0.914 se=18.000 so=14.886 ae=0.914 ao=0.215 pwm=15 pc=15 hd=0 y=-0.145 yr=2.082 L=15 R=15 OL=15 OR=15 el=17 er=17 ed=0 dl=17 dr=17 cl=0 cr=0 ok=5621 fail=0 vofa=firewater rx=1148 txdrop=37440
1775111003.233604,1775111003233603900,6882017433700,HB,1403607,18561.0,1,0.148,1.856,17.0,18.0,-1.0,15.0,15.0,15.0,15.0,17.0,18.0,0,0,,HB tick=1403607 exp_id=246 t_ms=18561 run=1 ts=35.000 as=17.500 ta=0.000 aa=-0.145 se=17.500 so=14.629 ae=0.145 ao=-0.061 pwm=15 pc=15 hd=0 y=0.148 yr=1.856 L=15 R=15 OL=15 OR=15 el=17 er=18 ed=-1 dl=17 dr=18 cl=0 cr=0 ok=5622 fail=0 vofa=firewater rx=1148 txdrop=37440
1775111003.4621983,1775111003462198400,6882246028500,HB,1403833,18787.0,1,0.297,1.437,18.0,17.0,1.0,15.0,15.0,15.0,15.0,18.0,17.0,0,0,,HB tick=1403833 exp_id=246 t_ms=18787 run=1 ts=35.000 as=17.500 ta=0.000 aa=0.148 se=17.500 so=14.678 ae=-0.148 ao=-0.137 pwm=15 pc=15 hd=0 y=0.297 yr=1.437 L=15 R=15 OL=15 OR=15 el=18 er=17 ed=1 dl=18 dr=17 cl=0 cr=0 ok=5623 fail=0 vofa=firewater rx=1148 txdrop=37440
1775111003.6703777,1775111003670377700,6882454207500,HB,1404034,18988.0,1,0.317,0.968,18.0,16.0,2.0,15.0,15.0,15.0,15.0,18.0,16.0,0,0,,HB tick=1404034 exp_id=246 t_ms=18988 run=1 ts=35.000 as=17.000 ta=0.000 aa=0.297 se=18.000 so=15.020 ae=-0.297 ao=-0.161 pwm=15 pc=15 hd=0 y=0.317 yr=0.968 L=15 R=15 OL=15 OR=15 el=18 er=16 ed=2 dl=18 dr=16 cl=0 cr=0 ok=5624 fail=0 vofa=firewater rx=1148 txdrop=37440
1775111003.8250942,1775111003825094100,6882608924200,HB,1404195,19149.0,1,0.317,0.632,17.0,17.0,0.0,15.0,15.0,15.0,15.0,17.0,17.0,0,0,,HB tick=1404195 exp_id=246 t_ms=19149 run=1 ts=35.000 as=17.000 ta=0.000 aa=0.317 se=18.000 so=15.053 ae=-0.317 ao=-0.143 pwm=15 pc=15 hd=0 y=0.317 yr=0.632 L=15 R=15 OL=15 OR=15 el=17 er=17 ed=0 dl=17 dr=17 cl=0 cr=0 ok=5625 fail=0 vofa=firewater rx=1148 txdrop=37440
1775111004.0535781,1775111004053578200,6882837408200,HB,1404427,19381.0,1,0.378,0.501,18.0,18.0,0.0,15.0,15.0,15.0,15.0,18.0,18.0,0,0,,HB tick=1404427 exp_id=246 t_ms=19381 run=1 ts=35.000 as=18.000 ta=0.000 aa=0.317 se=17.000 so=14.502 ae=-0.317 ao=-0.127 pwm=15 pc=15 hd=0 y=0.378 yr=0.501 L=15 R=15 OL=15 OR=15 el=18 er=18 ed=0 dl=18 dr=18 cl=0 cr=0 ok=5626 fail=0 vofa=firewater rx=1148 txdrop=37440
1775111004.2622027,1775111004262202700,6883046032500,HB,1404636,19590.0,1,0.714,0.89,18.0,17.0,1.0,15.0,15.0,15.0,15.0,18.0,17.0,0,0,,HB tick=1404636 exp_id=246 t_ms=19590 run=1 ts=35.000 as=17.500 ta=0.000 aa=0.378 se=17.500 so=14.846 ae=-0.378 ao=-0.138 pwm=15 pc=15 hd=0 y=0.714 yr=0.890 L=15 R=15 OL=15 OR=15 el=18 er=17 ed=1 dl=18 dr=17 cl=0 cr=0 ok=5627 fail=0 vofa=firewater rx=1148 txdrop=37440
1775111004.4700818,1775111004470081800,6883253914100,HB,1404841,19795.0,1,0.758,0.653,17.0,18.0,-1.0,15.0,15.0,15.0,15.0,17.0,18.0,0,0,,HB tick=1404841 exp_id=246 t_ms=19795 run=1 ts=35.000 as=17.500 ta=0.000 aa=0.714 se=17.500 so=14.890 ae=-0.714 ao=-0.259 pwm=15 pc=15 hd=0 y=0.758 yr=0.653 L=15 R=15 OL=15 OR=15 el=17 er=18 ed=-1 dl=17 dr=18 cl=0 cr=0 ok=5628 fail=0 vofa=firewater rx=1148 txdrop=37440
1775111004.6265118,1775111004626511800,6883410341400,HB,1405001,19955.0,1,0.937,0.817,18.0,18.0,0.0,15.0,15.0,15.0,15.0,18.0,18.0,0,0,,HB tick=1405001 exp_id=246 t_ms=19955 run=1 ts=35.000 as=18.000 ta=0.000 aa=0.758 se=17.000 so=14.624 ae=-0.758 ao=-0.260 pwm=15 pc=15 hd=0 y=0.937 yr=0.817 L=15 R=15 OL=15 OR=15 el=18 er=18 ed=0 dl=18 dr=18 cl=0 cr=0 ok=5629 fail=0 vofa=firewater rx=1148 txdrop=37440
1775111004.8634357,1775111004863435700,6883647265400,HB,1405233,20187.0,1,1.25,1.003,18.0,18.0,0.0,15.0,15.0,15.0,15.0,18.0,18.0,0,0,,HB tick=1405233 exp_id=246 t_ms=20187 run=1 ts=35.000 as=18.000 ta=0.000 aa=0.937 se=17.000 so=14.671 ae=-0.937 ao=-0.322 pwm=15 pc=15 hd=0 y=1.250 yr=1.003 L=15 R=15 OL=15 OR=15 el=18 er=18 ed=0 dl=18 dr=18 cl=0 cr=0 ok=5630 fail=0 vofa=firewater rx=1148 txdrop=37440
1775111005.0704682,1775111005070468200,6883854297900,HB,1405438,20392.0,1,1.488,1.06,17.0,18.0,-1.0,15.0,15.0,15.0,15.0,17.0,18.0,0,0,,HB tick=1405438 exp_id=246 t_ms=20392 run=1 ts=35.000 as=17.500 ta=0.000 aa=1.250 se=17.500 so=15.013 ae=-1.250 ao=-0.425 pwm=15 pc=15 hd=0 y=1.488 yr=1.060 L=15 R=15 OL=15 OR=15 el=17 er=18 ed=-1 dl=17 dr=18 cl=0 cr=0 ok=5631 fail=0 vofa=firewater rx=1148 txdrop=37440
1775111005.2680745,1775111005268074600,6884051904500,HB,1405642,20596.0,1,1.772,1.174,17.0,17.0,0.0,15.0,15.0,15.0,15.0,17.0,17.0,0,0,,HB tick=1405642 exp_id=246 t_ms=20596 run=1 ts=35.000 as=17.000 ta=0.000 aa=1.488 se=18.000 so=15.357 ae=-1.488 ao=-0.499 pwm=15 pc=15 hd=0 y=1.772 yr=1.174 L=15 R=15 OL=15 OR=15 el=17 er=17 ed=0 dl=17 dr=17 cl=0 cr=0 ok=5632 fail=0 vofa=firewater rx=1148 txdrop=37440
1775111005.4751015,1775111005475101400,6884258931900,HB,1405846,20800.0,1,1.963,1.09,17.0,18.0,-1.0,14.0,16.0,14.0,16.0,17.0,18.0,0,0,,HB tick=1405846 exp_id=246 t_ms=20800 run=1 ts=35.000 as=17.500 ta=0.000 aa=1.772 se=17.500 so=15.098 ae=-1.772 ao=-0.590 pwm=15 pc=15 hd=-1 y=1.963 yr=1.090 L=14 R=16 OL=14 OR=16 el=17 er=18 ed=-1 dl=17 dr=18 cl=0 cr=0 ok=5633 fail=0 vofa=firewater rx=1148 txdrop=37440
1775111005.6818752,1775111005681875200,6884465704900,HB,1406056,21010.0,1,1.484,-0.09,18.0,17.0,1.0,14.0,16.0,14.0,16.0,18.0,17.0,0,0,,HB tick=1406056 exp_id=246 t_ms=21010 run=1 ts=35.000 as=17.500 ta=0.000 aa=1.963 se=17.500 so=15.142 ae=-1.963 ao=-0.643 pwm=15 pc=15 hd=-1 y=1.484 yr=-0.090 L=14 R=16 OL=14 OR=16 el=18 er=17 ed=1 dl=18 dr=17 cl=0 cr=0 ok=5634 fail=0 vofa=firewater rx=1148 txdrop=37440
1775111005.8894503,1775111005889450300,6884673280100,HB,1406261,21215.0,1,0.646,-1.489,18.0,18.0,0.0,15.0,15.0,15.0,15.0,18.0,18.0,0,0,,HB tick=1406261 exp_id=246 t_ms=21215 run=1 ts=35.000 as=18.000 ta=0.000 aa=1.484 se=17.000 so=14.886 ae=-1.484 ao=-0.441 pwm=15 pc=15 hd=0 y=0.646 yr=-1.489 L=15 R=15 OL=15 OR=15 el=18 er=18 ed=0 dl=18 dr=18 cl=0 cr=0 ok=5635 fail=0 vofa=firewater rx=1148 txdrop=37440
1775111006.0964353,1775111006096435100,6884880265200,HB,1406466,21420.0,1,0.057,-1.973,17.0,18.0,-1.0,15.0,15.0,15.0,15.0,17.0,18.0,0,0,,HB tick=1406466 exp_id=246 t_ms=21420 run=1 ts=35.000 as=17.500 ta=0.000 aa=0.646 se=17.500 so=15.228 ae=-0.646 ao=-0.119 pwm=15 pc=15 hd=0 y=0.057 yr=-1.973 L=15 R=15 OL=15 OR=15 el=17 er=18 ed=-1 dl=17 dr=18 cl=0 cr=0 ok=5636 fail=0 vofa=firewater rx=1148 txdrop=37440
1775111006.3048246,1775111006304824600,6885088655200,HB,1406675,21629.0,1,-0.479,-2.18,18.0,18.0,0.0,15.0,15.0,15.0,15.0,18.0,18.0,0,0,,HB tick=1406675 exp_id=246 t_ms=21629 run=1 ts=35.000 as=18.000 ta=0.000 aa=0.057 se=17.000 so=14.971 ae=-0.057 ao=0.082 pwm=15 pc=15 hd=0 y=-0.479 yr=-2.180 L=15 R=15 OL=15 OR=15 el=18 er=18 ed=0 dl=18 dr=18 cl=0 cr=0 ok=5637 fail=0 vofa=firewater rx=1148 txdrop=37440
1775111006.512751,1775111006512751100,6885296581000,HB,1406881,21835.0,1,-0.841,-2.033,18.0,18.0,0.0,15.0,15.0,15.0,15.0,18.0,18.0,0,0,,HB tick=1406881 exp_id=246 t_ms=21835 run=1 ts=35.000 as=18.000 ta=0.000 aa=-0.479 se=17.000 so=15.000 ae=0.479 ao=0.253 pwm=15 pc=15 hd=0 y=-0.841 yr=-2.033 L=15 R=15 OL=15 OR=15 el=18 er=18 ed=0 dl=18 dr=18 cl=0 cr=0 ok=5638 fail=0 vofa=firewater rx=1148 txdrop=37440
1775111006.709675,1775111006709674900,6885493505300,HB,1407084,22038.0,1,-1.242,-2.012,17.0,18.0,-1.0,15.0,15.0,15.0,15.0,17.0,18.0,0,0,,HB tick=1407084 exp_id=246 t_ms=22038 run=1 ts=35.000 as=17.500 ta=0.000 aa=-0.841 se=17.500 so=15.300 ae=0.841 ao=0.354 pwm=15 pc=15 hd=0 y=-1.242 yr=-2.012 L=15 R=15 OL=15 OR=15 el=17 er=18 ed=-1 dl=17 dr=18 cl=0 cr=0 ok=5639 fail=0 vofa=firewater rx=1148 txdrop=37440
1775111006.916827,1775111006916826900,6885700656600,HB,1407289,22243.0,1,-1.715,-2.115,17.0,18.0,-1.0,15.0,15.0,15.0,15.0,17.0,18.0,0,0,,HB tick=1407289 exp_id=246 t_ms=22243 run=1 ts=35.000 as=17.500 ta=0.000 aa=-1.242 se=17.500 so=15.300 ae=1.242 ao=0.473 pwm=15 pc=15 hd=0 y=-1.715 yr=-2.115 L=15 R=15 OL=15 OR=15 el=17 er=18 ed=-1 dl=17 dr=18 cl=0 cr=0 ok=5640 fail=0 vofa=firewater rx=1148 txdrop=37440
1775111007.0820053,1775111007082005200,6885865835300,HB,1407454,22408.0,1,-1.975,-1.926,18.0,18.0,0.0,16.0,14.0,16.0,14.0,18.0,18.0,0,0,,HB tick=1407454 exp_id=246 t_ms=22408 run=1 ts=35.000 as=18.000 ta=0.000 aa=-1.715 se=17.000 so=15.000 ae=1.715 ao=0.620 pwm=15 pc=15 hd=1 y=-1.975 yr=-1.926 L=16 R=14 OL=16 OR=14 el=18 er=18 ed=0 dl=18 dr=18 cl=0 cr=0 ok=5641 fail=0 vofa=firewater rx=1148 txdrop=37440
1775111007.3101478,1775111007310147900,6886093978100,HB,1407686,22640.0,1,-1.791,-0.976,18.0,17.0,1.0,16.0,14.0,16.0,14.0,18.0,17.0,0,0,,HB tick=1407686 exp_id=246 t_ms=22640 run=1 ts=35.000 as=17.500 ta=0.000 aa=-1.975 se=17.500 so=15.300 ae=1.975 ao=0.689 pwm=15 pc=15 hd=1 y=-1.791 yr=-0.976 L=16 R=14 OL=16 OR=14 el=18 er=17 ed=1 dl=18 dr=17 cl=0 cr=0 ok=5642 fail=0 vofa=firewater rx=1148 txdrop=37440
1775111007.5276465,1775111007527646500,6886311476300,HB,1407895,22849.0,1,-0.823,0.988,18.0,16.0,2.0,17.0,15.0,17.0,15.0,18.0,16.0,0,0,,HB tick=1407895 exp_id=246 t_ms=22849 run=1 ts=35.000 as=17.000 ta=0.000 aa=-1.791 se=18.000 so=15.600 ae=1.791 ao=0.586 pwm=16 pc=16 hd=1 y=-0.823 yr=0.988 L=17 R=15 OL=17 OR=15 el=18 er=16 ed=2 dl=18 dr=16 cl=0 cr=0 ok=5643 fail=0 vofa=firewater rx=1148 txdrop=37440
1775111007.6830938,1775111007683093700,6886466923700,HB,1408056,23010.0,1,0.143,2.742,18.0,17.0,1.0,15.0,15.0,15.0,15.0,18.0,17.0,0,0,,HB tick=1408056 exp_id=246 t_ms=23010 run=1 ts=35.000 as=17.500 ta=0.000 aa=-0.823 se=17.500 so=15.300 ae=0.823 ao=0.197 pwm=15 pc=15 hd=0 y=0.143 yr=2.742 L=15 R=15 OL=15 OR=15 el=18 er=17 ed=1 dl=18 dr=17 cl=0 cr=0 ok=5644 fail=0 vofa=firewater rx=1148 txdrop=37440
1775111007.8690867,1775111007869086600,6886652917100,HB,1408244,23198.0,1,0.497,2.44,16.0,17.0,-1.0,16.0,16.0,16.0,16.0,16.0,17.0,0,0,,HB tick=1408244 exp_id=246 t_ms=23198 run=1 ts=35.000 as=16.500 ta=0.000 aa=0.143 se=18.500 so=15.900 ae=-0.143 ao=-0.180 pwm=16 pc=16 hd=0 y=0.497 yr=2.440 L=16 R=16 OL=16 OR=16 el=16 er=17 ed=-1 dl=16 dr=17 cl=0 cr=0 ok=5645 fail=0 vofa=firewater rx=1148 txdrop=37440
1775111008.1075897,1775111008107589600,6886891419200,HB,1408476,23430.0,1,1.91,3.718,18.0,16.0,2.0,16.0,16.0,16.0,16.0,18.0,16.0,0,0,,HB tick=1408476 exp_id=246 t_ms=23430 run=1 ts=35.000 as=17.000 ta=0.000 aa=0.497 se=18.000 so=15.600 ae=-0.497 ao=-0.271 pwm=16 pc=16 hd=0 y=1.910 yr=3.718 L=16 R=16 OL=16 OR=16 el=18 er=16 ed=2 dl=18 dr=16 cl=0 cr=0 ok=5646 fail=0 vofa=firewater rx=1148 txdrop=37440
1775111008.3044095,1775111008304409500,6887088239300,HB,1408681,23635.0,1,2.086,2.718,17.0,18.0,-1.0,14.0,16.0,14.0,16.0,17.0,18.0,0,0,,HB tick=1408681 exp_id=246 t_ms=23635 run=1 ts=35.000 as=17.500 ta=0.000 aa=1.910 se=17.500 so=15.300 ae=-1.910 ao=-0.759 pwm=15 pc=15 hd=-1 y=2.086 yr=2.718 L=14 R=16 OL=14 OR=16 el=17 er=18 ed=-1 dl=17 dr=18 cl=0 cr=0 ok=5647 fail=0 vofa=firewater rx=1148 txdrop=37440
1775111008.5124836,1775111008512483500,6887296313500,HB,1408885,23839.0,1,1.91,1.464,17.0,18.0,-1.0,14.0,16.0,14.0,16.0,17.0,18.0,0,0,,HB tick=1408885 exp_id=246 t_ms=23839 run=1 ts=35.000 as=17.500 ta=0.000 aa=2.086 se=17.500 so=15.300 ae=-2.086 ao=-0.762 pwm=15 pc=15 hd=-1 y=1.910 yr=1.464 L=14 R=16 OL=14 OR=16 el=17 er=18 ed=-1 dl=17 dr=18 cl=0 cr=0 ok=5648 fail=0 vofa=firewater rx=1148 txdrop=37440
1775111008.7196612,1775111008719661400,6887503491300,HB,1409095,24049.0,1,0.866,-0.789,17.0,17.0,0.0,15.0,17.0,15.0,17.0,17.0,17.0,0,0,,HB tick=1409095 exp_id=246 t_ms=24049 run=1 ts=35.000 as=17.000 ta=0.000 aa=1.910 se=18.000 so=15.600 ae=-1.910 ao=-0.646 pwm=16 pc=16 hd=-1 y=0.866 yr=-0.789 L=15 R=17 OL=15 OR=17 el=17 er=17 ed=0 dl=17 dr=17 cl=0 cr=0 ok=5649 fail=0 vofa=firewater rx=1148 txdrop=37440
1775111008.9271233,1775111008927123200,6887710953700,HB,1409299,24253.0,1,-0.385,-2.658,17.0,18.0,-1.0,15.0,15.0,15.0,15.0,17.0,18.0,0,0,,HB tick=1409299 exp_id=246 t_ms=24253 run=1 ts=35.000 as=17.500 ta=0.000 aa=0.866 se=17.500 so=15.300 ae=-0.866 ao=-0.220 pwm=15 pc=15 hd=0 y=-0.385 yr=-2.658 L=15 R=15 OL=15 OR=15 el=17 er=18 ed=-1 dl=17 dr=18 cl=0 cr=0 ok=5650 fail=0 vofa=firewater rx=1148 txdrop=37440
1775111009.1347346,1775111009134734600,6887918564700,HB,1409504,24458.0,1,-1.187,-3.097,17.0,19.0,-2.0,15.0,15.0,15.0,15.0,17.0,19.0,0,0,,HB tick=1409504 exp_id=246 t_ms=24458 run=1 ts=35.000 as=18.000 ta=0.000 aa=-0.385 se=17.000 so=15.000 ae=0.385 ao=0.248 pwm=15 pc=15 hd=0 y=-1.187 yr=-3.097 L=15 R=15 OL=15 OR=15 el=17 er=19 ed=-2 dl=17 dr=19 cl=0 cr=0 ok=5651 fail=0 vofa=firewater rx=1148 txdrop=37440
1775111009.3420303,1775111009342030300,6888125859900,HB,1409713,24667.0,1,-1.482,-2.507,18.0,17.0,1.0,16.0,14.0,16.0,14.0,18.0,17.0,0,0,,HB tick=1409713 exp_id=246 t_ms=24667 run=1 ts=35.000 as=17.500 ta=0.000 aa=-1.187 se=17.500 so=15.300 ae=1.187 ao=0.511 pwm=15 pc=15 hd=1 y=-1.482 yr=-2.507 L=16 R=14 OL=16 OR=14 el=18 er=17 ed=1 dl=18 dr=17 cl=0 cr=0 ok=5652 fail=0 vofa=firewater rx=1148 txdrop=37440
1775111009.5490448,1775111009549044700,6888332874600,HB,1409918,24872.0,1,-1.006,-0.817,19.0,17.0,2.0,16.0,14.0,16.0,14.0,19.0,17.0,0,0,,HB tick=1409918 exp_id=246 t_ms=24872 run=1 ts=35.000 as=18.000 ta=0.000 aa=-1.482 se=17.000 so=15.000 ae=1.482 ao=0.570 pwm=15 pc=15 hd=1 y=-1.006 yr=-0.817 L=16 R=14 OL=16 OR=14 el=19 er=17 ed=2 dl=19 dr=17 cl=0 cr=0 ok=5653 fail=0 vofa=firewater rx=1148 txdrop=37440
1775111009.704927,1775111009704926900,6888488757200,HB,1410078,25032.0,1,0.159,2.017,19.0,17.0,2.0,15.0,15.0,15.0,15.0,19.0,17.0,0,0,,HB tick=1410078 exp_id=246 t_ms=25032 run=1 ts=35.000 as=18.000 ta=0.000 aa=-1.006 se=17.000 so=15.000 ae=1.006 ao=0.343 pwm=15 pc=15 hd=0 y=0.159 yr=2.017 L=15 R=15 OL=15 OR=15 el=19 er=17 ed=2 dl=19 dr=17 cl=0 cr=0 ok=5654 fail=0 vofa=firewater rx=1148 txdrop=37440
1775111009.9335456,1775111009933545500,6888717375300,HB,1410310,25264.0,1,1.124,2.767,18.0,18.0,0.0,15.0,15.0,15.0,15.0,18.0,18.0,0,0,,HB tick=1410310 exp_id=246 t_ms=25264 run=1 ts=35.000 as=18.000 ta=0.000 aa=0.159 se=17.000 so=15.000 ae=-0.159 ao=-0.149 pwm=15 pc=15 hd=0 y=1.124 yr=2.767 L=15 R=15 OL=15 OR=15 el=18 er=18 ed=0 dl=18 dr=18 cl=0 cr=0 ok=5655 fail=0 vofa=firewater rx=1148 txdrop=37440
1775111010.0999932,1775111010099993300,6888883823100,HB,1410471,25425.0,1,2.21,4.158,19.0,18.0,1.0,15.0,15.0,15.0,15.0,19.0,18.0,0,0,,HB tick=1410471 exp_id=246 t_ms=25425 run=1 ts=35.000 as=18.500 ta=0.000 aa=1.124 se=16.500 so=14.700 ae=-1.124 ao=-0.476 pwm=15 pc=15 hd=0 y=2.210 yr=4.158 L=15 R=15 OL=15 OR=15 el=19 er=18 ed=1 dl=19 dr=18 cl=0 cr=0 ok=5656 fail=0 vofa=firewater rx=1148 txdrop=37440
1775111010.327397,1775111010327397200,6889111227000,HB,1410703,25657.0,1,3.324,4.385,18.0,18.0,0.0,14.0,16.0,14.0,16.0,18.0,18.0,0,0,,HB tick=1410703 exp_id=246 t_ms=25657 run=1 ts=35.000 as=18.000 ta=0.000 aa=2.210 se=17.000 so=15.000 ae=-2.210 ao=-0.871 pwm=15 pc=15 hd=-1 y=3.324 yr=4.385 L=14 R=16 OL=14 OR=16 el=18 er=18 ed=0 dl=18 dr=18 cl=0 cr=0 ok=5657 fail=0 vofa=firewater rx=1148 txdrop=37440
1775111010.5352595,1775111010535259500,6889319089600,HB,1410908,25862.0,1,3.069,2.414,18.0,19.0,-1.0,14.0,16.0,14.0,16.0,18.0,19.0,0,0,,HB tick=1410908 exp_id=246 t_ms=25862 run=1 ts=35.000 as=18.500 ta=0.000 aa=3.324 se=16.500 so=14.700 ae=-3.324 ao=-1.217 pwm=15 pc=15 hd=-1 y=3.069 yr=2.414 L=14 R=16 OL=14 OR=16 el=18 er=19 ed=-1 dl=18 dr=19 cl=0 cr=0 ok=5658 fail=0 vofa=firewater rx=1148 txdrop=37440
1775111010.7440617,1775111010744061600,6889527891500,HB,1411116,26070.0,1,2.265,0.217,18.0,19.0,-1.0,14.0,16.0,14.0,16.0,18.0,19.0,0,0,,HB tick=1411116 exp_id=246 t_ms=26070 run=1 ts=35.000 as=18.500 ta=0.000 aa=3.069 se=16.500 so=14.700 ae=-3.069 ao=-1.041 pwm=15 pc=15 hd=-1 y=2.265 yr=0.217 L=14 R=16 OL=14 OR=16 el=18 er=19 ed=-1 dl=18 dr=19 cl=0 cr=0 ok=5659 fail=0 vofa=firewater rx=1148 txdrop=37440
1775111010.950617,1775111010950617000,6889734450300,HB,1411321,26275.0,1,1.325,-1.465,17.0,18.0,-1.0,14.0,16.0,14.0,16.0,17.0,18.0,0,0,,HB tick=1411321 exp_id=246 t_ms=26275 run=1 ts=35.000 as=17.500 ta=0.000 aa=2.265 se=17.500 so=15.300 ae=-2.265 ao=-0.690 pwm=15 pc=15 hd=-1 y=1.325 yr=-1.465 L=14 R=16 OL=14 OR=16 el=17 er=18 ed=-1 dl=17 dr=18 cl=0 cr=0 ok=5660 fail=0 vofa=firewater rx=1148 txdrop=37440
1775111011.106408,1775111011106408100,6889890238400,HB,1411482,26436.0,1,0.242,-3.306,17.0,18.0,-1.0,15.0,15.0,15.0,15.0,17.0,18.0,0,0,,HB tick=1411482 exp_id=246 t_ms=26436 run=1 ts=35.000 as=17.500 ta=0.000 aa=1.325 se=17.500 so=15.300 ae=-1.325 ao=-0.324 pwm=15 pc=15 hd=0 y=0.242 yr=-3.306 L=15 R=15 OL=15 OR=15 el=17 er=18 ed=-1 dl=17 dr=18 cl=0 cr=0 ok=5661 fail=0 vofa=firewater rx=1148 txdrop=37440
1775111011.344921,1775111011344921200,6890128751200,HB,1411714,26668.0,1,-0.679,-3.539,18.0,19.0,-1.0,15.0,15.0,15.0,15.0,18.0,19.0,0,0,,HB tick=1411714 exp_id=246 t_ms=26668 run=1 ts=35.000 as=18.500 ta=0.000 aa=0.242 se=16.500 so=14.700 ae=-0.242 ao=0.093 pwm=15 pc=15 hd=0 y=-0.679 yr=-3.539 L=15 R=15 OL=15 OR=15 el=18 er=19 ed=-1 dl=18 dr=19 cl=0 cr=0 ok=5662 fail=0 vofa=firewater rx=1148 txdrop=37440
1775111011.552612,1775111011552612100,6890336442300,HB,1411919,26873.0,1,-1.499,-3.7,17.0,18.0,-1.0,15.0,15.0,15.0,15.0,17.0,18.0,0,0,,HB tick=1411919 exp_id=246 t_ms=26873 run=1 ts=35.000 as=17.500 ta=0.000 aa=-0.679 se=17.500 so=15.300 ae=0.679 ao=0.381 pwm=15 pc=15 hd=0 y=-1.499 yr=-3.700 L=15 R=15 OL=15 OR=15 el=17 er=18 ed=-1 dl=17 dr=18 cl=0 cr=0 ok=5663 fail=0 vofa=firewater rx=1148 txdrop=37440
1775111011.7698293,1775111011769829400,6890553659100,HB,1412139,27093.0,1,-2.055,-3.289,18.0,17.0,1.0,16.0,14.0,16.0,14.0,18.0,17.0,0,0,,HB tick=1412139 exp_id=246 t_ms=27093 run=1 ts=35.000 as=17.500 ta=0.000 aa=-1.499 se=17.500 so=15.300 ae=1.499 ao=0.635 pwm=15 pc=15 hd=1 y=-2.055 yr=-3.289 L=16 R=14 OL=16 OR=14 el=18 er=17 ed=1 dl=18 dr=17 cl=0 cr=0 ok=5664 fail=0 vofa=firewater rx=1148 txdrop=37440
1775111011.9665043,1775111011966504400,6890750334100,HB,1412339,27293.0,1,-1.802,-1.696,19.0,17.0,2.0,16.0,14.0,16.0,14.0,19.0,17.0,0,0,,HB tick=1412339 exp_id=246 t_ms=27293 run=1 ts=35.000 as=18.000 ta=0.000 aa=-2.055 se=17.000 so=15.000 ae=2.055 ao=0.781 pwm=15 pc=15 hd=1 y=-1.802 yr=-1.696 L=16 R=14 OL=16 OR=14 el=19 er=17 ed=2 dl=19 dr=17 cl=0 cr=0 ok=5665 fail=0 vofa=firewater rx=1148 txdrop=37440
1775111012.1741385,1775111012174138700,6890957968900,HB,1412544,27498.0,1,-0.362,1.357,18.0,17.0,1.0,16.0,14.0,16.0,14.0,18.0,17.0,0,0,,HB tick=1412544 exp_id=246 t_ms=27498 run=1 ts=35.000 as=17.500 ta=0.000 aa=-1.802 se=17.500 so=15.300 ae=1.802 ao=0.625 pwm=15 pc=15 hd=1 y=-0.362 yr=1.357 L=16 R=14 OL=16 OR=14 el=18 er=17 ed=1 dl=18 dr=17 cl=0 cr=0 ok=5666 fail=0 vofa=firewater rx=1148 txdrop=37440
1775111012.3815105,1775111012381510400,6891165340200,HB,1412753,27707.0,1,1.44,3.899,19.0,18.0,1.0,15.0,15.0,15.0,15.0,19.0,18.0,0,0,,HB tick=1412753 exp_id=246 t_ms=27707 run=1 ts=35.000 as=18.500 ta=0.000 aa=-0.362 se=16.500 so=14.700 ae=0.362 ao=0.041 pwm=15 pc=15 hd=0 y=1.440 yr=3.899 L=15 R=15 OL=15 OR=15 el=19 er=18 ed=1 dl=19 dr=18 cl=0 cr=0 ok=5667 fail=0 vofa=firewater rx=1148 txdrop=37440
1775111012.5880132,1775111012588013000,6891371842900,HB,1412958,27912.0,1,3.276,5.67,17.0,18.0,-1.0,14.0,16.0,14.0,16.0,17.0,18.0,0,0,,HB tick=1412958 exp_id=246 t_ms=27912 run=1 ts=35.000 as=17.500 ta=0.000 aa=1.440 se=17.500 so=15.300 ae=-1.440 ao=-0.627 pwm=15 pc=15 hd=-1 y=3.276 yr=5.670 L=14 R=16 OL=14 OR=16 el=17 er=18 ed=-1 dl=17 dr=18 cl=0 cr=0 ok=5668 fail=0 vofa=firewater rx=1148 txdrop=37440
1775111012.7845736,1775111012784573500,6891568403200,HB,1413162,28116.0,1,3.976,4.886,18.0,17.0,1.0,14.0,16.0,14.0,16.0,18.0,17.0,0,0,,HB tick=1413162 exp_id=246 t_ms=28116 run=1 ts=35.000 as=17.500 ta=0.000 aa=3.276 se=17.500 so=15.300 ae=-3.276 ao=-1.266 pwm=15 pc=15 hd=-1 y=3.976 yr=4.886 L=14 R=16 OL=14 OR=16 el=18 er=17 ed=1 dl=18 dr=17 cl=0 cr=0 ok=5669 fail=0 vofa=firewater rx=1148 txdrop=37440
1775111012.9909902,1775111012990990000,6891774820200,HB,1413366,28320.0,1,3.385,2.162,18.0,19.0,-1.0,14.0,16.0,14.0,16.0,18.0,19.0,0,0,,HB tick=1413366 exp_id=246 t_ms=28320 run=1 ts=35.000 as=18.500 ta=0.000 aa=3.976 se=16.500 so=14.700 ae=-3.976 ao=-1.437 pwm=15 pc=15 hd=-1 y=3.385 yr=2.162 L=14 R=16 OL=14 OR=16 el=18 er=19 ed=-1 dl=18 dr=19 cl=0 cr=0 ok=5670 fail=0 vofa=firewater rx=1148 txdrop=37440
1775111013.1578655,1775111013157865500,6891941695600,HB,1413532,28486.0,1,2.989,0.57,17.0,18.0,-1.0,14.0,16.0,14.0,16.0,17.0,18.0,0,0,,HB tick=1413532 exp_id=246 t_ms=28486 run=1 ts=35.000 as=17.500 ta=0.000 aa=3.385 se=17.500 so=15.300 ae=-3.385 ao=-1.124 pwm=15 pc=15 hd=-1 y=2.989 yr=0.570 L=14 R=16 OL=14 OR=16 el=17 er=18 ed=-1 dl=17 dr=18 cl=0 cr=0 ok=5671 fail=0 vofa=firewater rx=1148 txdrop=37440
1775111013.396977,1775111013396976900,6892180806500,HB,1413764,28718.0,1,1.968,-1.17,18.0,18.0,0.0,14.0,16.0,14.0,16.0,18.0,18.0,0,0,,HB tick=1413764 exp_id=246 t_ms=28718 run=1 ts=35.000 as=18.000 ta=0.000 aa=2.989 se=17.000 so=15.000 ae=-2.989 ao=-0.925 pwm=15 pc=15 hd=-1 y=1.968 yr=-1.170 L=14 R=16 OL=14 OR=16 el=18 er=18 ed=0 dl=18 dr=18 cl=0 cr=0 ok=5672 fail=0 vofa=firewater rx=1148 txdrop=37440
1775111013.6147816,1775111013614781800,6892398612000,HB,1413989,28943.0,1,-0.404,-4.45,17.0,19.0,-2.0,14.0,16.0,14.0,16.0,17.0,19.0,0,0,,HB tick=1413989 exp_id=246 t_ms=28943 run=1 ts=35.000 as=18.000 ta=0.000 aa=1.968 se=17.000 so=15.000 ae=-1.968 ao=-0.532 pwm=15 pc=15 hd=-1 y=-0.404 yr=-4.450 L=14 R=16 OL=14 OR=16 el=17 er=19 ed=-2 dl=17 dr=19 cl=0 cr=0 ok=5673 fail=0 vofa=firewater rx=1148 txdrop=37440
1775111013.8110533,1775111013811053200,6892594883100,HB,1414189,29143.0,1,-0.794,-3.576,17.0,18.0,-1.0,15.0,15.0,15.0,15.0,17.0,18.0,0,0,,HB tick=1414189 exp_id=246 t_ms=29143 run=1 ts=35.000 as=17.500 ta=0.000 aa=-0.404 se=17.500 so=15.300 ae=0.404 ao=0.344 pwm=15 pc=15 hd=0 y=-0.794 yr=-3.576 L=15 R=15 OL=15 OR=15 el=17 er=18 ed=-1 dl=17 dr=18 cl=0 cr=0 ok=5674 fail=0 vofa=firewater rx=1148 txdrop=37440
1775111014.01763,1775111014017630300,6892801460600,HB,1414393,29347.0,1,-1.748,-3.961,18.0,17.0,1.0,15.0,15.0,15.0,15.0,18.0,17.0,0,0,,HB tick=1414393 exp_id=246 t_ms=29347 run=1 ts=35.000 as=17.500 ta=0.000 aa=-0.794 se=17.500 so=15.300 ae=0.794 ao=0.417 pwm=15 pc=15 hd=0 y=-1.748 yr=-3.961 L=15 R=15 OL=15 OR=15 el=18 er=17 ed=1 dl=18 dr=17 cl=0 cr=0 ok=5675 fail=0 vofa=firewater rx=1148 txdrop=37440
1775111014.1835036,1775111014183503600,6892967333400,HB,1414554,29508.0,1,-2.528,-4.27,18.0,18.0,0.0,16.0,14.0,16.0,14.0,18.0,18.0,0,0,,HB tick=1414554 exp_id=246 t_ms=29508 run=1 ts=35.000 as=18.000 ta=0.000 aa=-1.748 se=17.000 so=15.000 ae=1.748 ao=0.723 pwm=15 pc=15 hd=1 y=-2.528 yr=-4.270 L=16 R=14 OL=16 OR=14 el=18 er=18 ed=0 dl=18 dr=18 cl=0 cr=0 ok=5676 fail=0 vofa=firewater rx=1148 txdrop=37440
1775111014.4215565,1775111014421556400,6893205386900,HB,1414786,29740.0,1,-2.602,-2.887,18.0,17.0,1.0,16.0,14.0,16.0,14.0,18.0,17.0,0,0,,HB tick=1414786 exp_id=246 t_ms=29740 run=1 ts=35.000 as=17.500 ta=0.000 aa=-2.528 se=17.500 so=15.300 ae=2.528 ao=0.972 pwm=15 pc=15 hd=1 y=-2.602 yr=-2.887 L=16 R=14 OL=16 OR=14 el=18 er=17 ed=1 dl=18 dr=17 cl=0 cr=0 ok=5677 fail=0 vofa=firewater rx=1148 txdrop=37440
1775111014.5771985,1775111014577198700,6893361028400,HB,1414951,29905.0,1,-2.245,-1.119,18.0,17.0,1.0,16.0,14.0,16.0,14.0,18.0,17.0,0,0,,HB tick=1414951 exp_id=246 t_ms=29905 run=1 ts=35.000 as=17.500 ta=0.000 aa=-2.602 se=17.500 so=15.300 ae=2.602 ao=0.925 pwm=15 pc=15 hd=1 y=-2.245 yr=-1.119 L=16 R=14 OL=16 OR=14 el=18 er=17 ed=1 dl=18 dr=17 cl=0 cr=0 ok=5678 fail=0 vofa=firewater rx=1148 txdrop=37440
1775111014.8063462,1775111014806346200,6893590176100,HB,1415183,30137.0,1,-1.541,0.334,18.0,18.0,0.0,16.0,14.0,16.0,14.0,18.0,18.0,0,0,,HB tick=1415183 exp_id=246 t_ms=30137 run=1 ts=35.000 as=18.000 ta=0.000 aa=-2.245 se=17.000 so=15.000 ae=2.245 ao=0.729 pwm=15 pc=15 hd=1 y=-1.541 yr=0.334 L=16 R=14 OL=16 OR=14 el=18 er=18 ed=0 dl=18 dr=18 cl=0 cr=0 ok=5679 fail=0 vofa=firewater rx=1148 txdrop=37440
1775111015.0232737,1775111015023273800,6893807108800,HB,1415392,30346.0,1,0.061,2.9,18.0,17.0,1.0,16.0,16.0,16.0,16.0,18.0,17.0,0,0,,HB tick=1415392 exp_id=246 t_ms=30346 run=1 ts=35.000 as=17.500 ta=0.000 aa=-1.541 se=17.500 so=15.300 ae=1.541 ao=0.446 pwm=16 pc=16 hd=0 y=0.061 yr=2.900 L=16 R=16 OL=16 OR=16 el=18 er=17 ed=1 dl=18 dr=17 cl=0 cr=0 ok=5680 fail=0 vofa=firewater rx=1148 txdrop=37440
1775111015.2198017,1775111015219801500,6894003631300,HB,1415597,30551.0,1,0.771,3.097,18.0,17.0,1.0,15.0,15.0,15.0,15.0,18.0,17.0,0,0,,HB tick=1415597 exp_id=246 t_ms=30551 run=1 ts=35.000 as=17.500 ta=0.000 aa=0.061 se=17.500 so=15.300 ae=-0.061 ao=-0.163 pwm=15 pc=15 hd=0 y=0.771 yr=3.097 L=15 R=15 OL=15 OR=15 el=18 er=17 ed=1 dl=18 dr=17 cl=0 cr=0 ok=5681 fail=0 vofa=firewater rx=1148 txdrop=37440
1775111015.426624,1775111015426624100,6894210453800,HB,1415801,30755.0,1,1.606,3.447,18.0,18.0,0.0,15.0,15.0,15.0,15.0,18.0,18.0,0,0,,HB tick=1415801 exp_id=246 t_ms=30755 run=1 ts=35.000 as=18.000 ta=0.000 aa=0.771 se=17.000 so=15.000 ae=-0.771 ao=-0.386 pwm=15 pc=15 hd=0 y=1.606 yr=3.447 L=15 R=15 OL=15 OR=15 el=18 er=18 ed=0 dl=18 dr=18 cl=0 cr=0 ok=5682 fail=0 vofa=firewater rx=1148 txdrop=37440
1775111015.6432002,1775111015643200300,6894427031800,HB,1416011,30964.0,1,2.512,3.758,17.0,18.0,-1.0,14.0,16.0,14.0,16.0,17.0,18.0,0,0,,HB tick=1416011 exp_id=246 t_ms=30964 run=1 ts=35.000 as=17.500 ta=0.000 aa=1.606 se=17.500 so=15.300 ae=-1.606 ao=-0.654 pwm=15 pc=15 hd=-1 y=2.512 yr=3.758 L=14 R=16 OL=14 OR=16 el=17 er=18 ed=-1 dl=17 dr=18 cl=0 cr=0 ok=5683 fail=0 vofa=firewater rx=1148 txdrop=37440
1775111015.8404243,1775111015840424100,6894624254100,HB,1416215,31169.0,1,2.146,1.817,17.0,18.0,-1.0,14.0,16.0,14.0,16.0,17.0,18.0,0,0,,HB tick=1416215 exp_id=246 t_ms=31169 run=1 ts=35.000 as=17.500 ta=0.000 aa=2.512 se=17.500 so=15.300 ae=-2.512 ao=-0.942 pwm=15 pc=15 hd=-1 y=2.146 yr=1.817 L=14 R=16 OL=14 OR=16 el=17 er=18 ed=-1 dl=17 dr=18 cl=0 cr=0 ok=5684 fail=0 vofa=firewater rx=1148 txdrop=37440
1775111016.0071826,1775111016007182500,6894791012600,HB,1416375,31329.0,1,1.628,0.049,18.0,18.0,0.0,14.0,16.0,14.0,16.0,18.0,18.0,0,0,,HB tick=1416375 exp_id=246 t_ms=31329 run=1 ts=35.000 as=18.000 ta=0.000 aa=2.146 se=17.000 so=15.000 ae=-2.146 ao=-0.735 pwm=15 pc=15 hd=-1 y=1.628 yr=0.049 L=14 R=16 OL=14 OR=16 el=18 er=18 ed=0 dl=18 dr=18 cl=0 cr=0 ok=5685 fail=0 vofa=firewater rx=1148 txdrop=37440
1775111016.2351093,1775111016235109500,6895018939200,HB,1416607,31561.0,1,0.735,-1.316,17.0,18.0,-1.0,15.0,15.0,15.0,15.0,17.0,18.0,0,0,,HB tick=1416607 exp_id=246 t_ms=31561 run=1 ts=35.000 as=17.500 ta=0.000 aa=1.628 se=17.500 so=15.300 ae=-1.628 ao=-0.491 pwm=15 pc=15 hd=0 y=0.735 yr=-1.316 L=15 R=15 OL=15 OR=15 el=17 er=18 ed=-1 dl=17 dr=18 cl=0 cr=0 ok=5686 fail=0 vofa=firewater rx=1148 txdrop=37440
1775111016.4422941,1775111016442293900,6895226123800,HB,1416812,31765.0,1,-0.122,-2.325,18.0,18.0,0.0,15.0,15.0,15.0,15.0,18.0,18.0,0,0,,HB tick=1416812 exp_id=246 t_ms=31765 run=1 ts=35.000 as=18.000 ta=0.000 aa=0.735 se=17.000 so=15.000 ae=-0.735 ao=-0.155 pwm=15 pc=15 hd=0 y=-0.122 yr=-2.325 L=15 R=15 OL=15 OR=15 el=18 er=18 ed=0 dl=18 dr=18 cl=0 cr=0 ok=5687 fail=0 vofa=firewater rx=1148 txdrop=37440
1775111016.6393096,1775111016639309600,6895423139500,HB,1417016,31970.0,1,-0.481,-2.125,17.0,18.0,-1.0,15.0,15.0,15.0,15.0,17.0,18.0,0,0,,HB tick=1417016 exp_id=246 t_ms=31970 run=1 ts=35.000 as=17.500 ta=0.000 aa=-0.122 se=17.500 so=15.300 ae=0.122 ao=0.153 pwm=15 pc=15 hd=0 y=-0.481 yr=-2.125 L=15 R=15 OL=15 OR=15 el=17 er=18 ed=-1 dl=17 dr=18 cl=0 cr=0 ok=5688 fail=0 vofa=firewater rx=1148 txdrop=37440
1775111016.8472428,1775111016847242700,6895631074400,HB,1417221,32175.0,1,-0.779,-1.89,17.0,18.0,-1.0,15.0,15.0,15.0,15.0,17.0,18.0,0,0,,HB tick=1417221 exp_id=246 t_ms=32175 run=1 ts=35.000 as=17.500 ta=0.000 aa=-0.481 se=17.500 so=15.300 ae=0.481 ao=0.251 pwm=15 pc=15 hd=0 y=-0.779 yr=-1.890 L=15 R=15 OL=15 OR=15 el=17 er=18 ed=-1 dl=17 dr=18 cl=0 cr=0 ok=5689 fail=0 vofa=firewater rx=1148 txdrop=37440
1775111017.0558274,1775111017055827500,6895839657400,HB,1417430,32384.0,1,-1.172,-1.888,18.0,18.0,0.0,15.0,15.0,15.0,15.0,18.0,18.0,0,0,,HB tick=1417430 exp_id=246 t_ms=32384 run=1 ts=35.000 as=18.000 ta=0.000 aa=-0.779 se=17.000 so=15.000 ae=0.779 ao=0.328 pwm=15 pc=15 hd=0 y=-1.172 yr=-1.888 L=15 R=15 OL=15 OR=15 el=18 er=18 ed=0 dl=18 dr=18 cl=0 cr=0 ok=5690 fail=0 vofa=firewater rx=1148 txdrop=37440
1775111017.264769,1775111017264769100,6896048599200,HB,1417635,32589.0,1,-1.278,-1.407,18.0,18.0,0.0,15.0,15.0,15.0,15.0,18.0,18.0,0,0,,HB tick=1417635 exp_id=246 t_ms=32589 run=1 ts=35.000 as=18.000 ta=0.000 aa=-1.172 se=17.000 so=15.000 ae=1.172 ao=0.446 pwm=15 pc=15 hd=0 y=-1.278 yr=-1.407 L=15 R=15 OL=15 OR=15 el=18 er=18 ed=0 dl=18 dr=18 cl=0 cr=0 ok=5691 fail=0 vofa=firewater rx=1148 txdrop=37440
1775111017.4621701,1775111017462170200,6896246000400,HB,1417839,32793.0,1,-1.374,-1.079,17.0,18.0,-1.0,15.0,15.0,15.0,15.0,17.0,18.0,0,0,,HB tick=1417839 exp_id=246 t_ms=32793 run=1 ts=35.000 as=17.500 ta=0.000 aa=-1.278 se=17.500 so=15.300 ae=1.278 ao=0.454 pwm=15 pc=15 hd=0 y=-1.374 yr=-1.079 L=15 R=15 OL=15 OR=15 el=17 er=18 ed=-1 dl=17 dr=18 cl=0 cr=0 ok=5692 fail=0 vofa=firewater rx=1148 txdrop=37440
1775111017.6292467,1775111017629246800,6896413076600,HB,1418000,32954.0,1,-1.654,-1.311,18.0,18.0,0.0,15.0,15.0,15.0,15.0,18.0,18.0,0,0,,HB tick=1418000 exp_id=246 t_ms=32954 run=1 ts=35.000 as=18.000 ta=0.000 aa=-1.374 se=17.000 so=15.000 ae=1.374 ao=0.466 pwm=15 pc=15 hd=0 y=-1.654 yr=-1.311 L=15 R=15 OL=15 OR=15 el=18 er=18 ed=0 dl=18 dr=18 cl=0 cr=0 ok=5693 fail=0 vofa=firewater rx=1148 txdrop=37440
1775111017.8564382,1775111017856438300,6896640268200,HB,1418232,33186.0,1,-1.7,-0.921,19.0,18.0,1.0,16.0,14.0,16.0,14.0,19.0,18.0,0,0,,HB tick=1418232 exp_id=246 t_ms=33186 run=1 ts=35.000 as=18.500 ta=0.000 aa=-1.654 se=16.500 so=14.700 ae=1.654 ao=0.562 pwm=15 pc=15 hd=1 y=-1.700 yr=-0.921 L=16 R=14 OL=16 OR=14 el=19 er=18 ed=1 dl=19 dr=18 cl=0 cr=0 ok=5694 fail=0 vofa=firewater rx=1148 txdrop=37440
1775111018.0645378,1775111018064537800,6896848368300,HB,1418436,33390.0,1,-0.878,0.812,18.0,17.0,1.0,16.0,14.0,16.0,14.0,18.0,17.0,0,0,,HB tick=1418436 exp_id=246 t_ms=33390 run=1 ts=35.000 as=17.500 ta=0.000 aa=-1.700 se=17.500 so=15.300 ae=1.700 ao=0.556 pwm=15 pc=15 hd=1 y=-0.878 yr=0.812 L=16 R=14 OL=16 OR=14 el=18 er=17 ed=1 dl=18 dr=17 cl=0 cr=0 ok=5695 fail=0 vofa=firewater rx=1148 txdrop=37440
1775111018.2202222,1775111018220222100,6897004051800,HB,1418597,33551.0,1,-0.302,1.781,18.0,16.0,2.0,16.0,16.0,16.0,16.0,18.0,16.0,0,0,,HB tick=1418597 exp_id=246 t_ms=33551 run=1 ts=35.000 as=17.000 ta=0.000 aa=-0.878 se=18.000 so=15.600 ae=0.878 ao=0.223 pwm=16 pc=16 hd=0 y=-0.302 yr=1.781 L=16 R=16 OL=16 OR=16 el=18 er=16 ed=2 dl=18 dr=16 cl=0 cr=0 ok=5696 fail=0 vofa=firewater rx=1148 txdrop=37440
1775111018.4594407,1775111018459440700,6897243270600,HB,1418829,33783.0,1,0.948,3.043,18.0,18.0,0.0,15.0,15.0,15.0,15.0,18.0,18.0,0,0,,HB tick=1418829 exp_id=246 t_ms=33783 run=1 ts=35.000 as=18.000 ta=0.000 aa=-0.302 se=17.000 so=15.000 ae=0.302 ao=0.001 pwm=15 pc=15 hd=0 y=0.948 yr=3.043 L=15 R=15 OL=15 OR=15 el=18 er=18 ed=0 dl=18 dr=18 cl=0 cr=0 ok=5697 fail=0 vofa=firewater rx=1148 txdrop=37440
1775111018.6570094,1775111018657009300,6897440839300,HB,1419034,33988.0,1,2.173,4.068,18.0,18.0,0.0,15.0,15.0,15.0,15.0,18.0,18.0,0,0,,HB tick=1419034 exp_id=246 t_ms=33988 run=1 ts=35.000 as=18.000 ta=0.000 aa=0.948 se=17.000 so=15.000 ae=-0.948 ao=-0.437 pwm=15 pc=15 hd=0 y=2.173 yr=4.068 L=15 R=15 OL=15 OR=15 el=18 er=18 ed=0 dl=18 dr=18 cl=0 cr=0 ok=5698 fail=0 vofa=firewater rx=1148 txdrop=37440
1775111018.8848953,1775111018884895300,6897668725100,HB,1419254,34208.0,1,2.951,3.882,18.0,17.0,1.0,14.0,16.0,14.0,16.0,18.0,17.0,0,0,,HB tick=1419254 exp_id=246 t_ms=34208 run=1 ts=35.000 as=17.500 ta=0.000 aa=2.173 se=17.500 so=15.300 ae=-2.173 ao=-0.855 pwm=15 pc=15 hd=-1 y=2.951 yr=3.882 L=14 R=16 OL=14 OR=16 el=18 er=17 ed=1 dl=18 dr=17 cl=0 cr=0 ok=5699 fail=0 vofa=firewater rx=1148 txdrop=37440
1775111019.0413086,1775111019041308700,6897825138600,HB,1419409,34363.0,1,2.966,2.557,18.0,18.0,0.0,14.0,16.0,14.0,16.0,18.0,18.0,0,0,,HB tick=1419409 exp_id=246 t_ms=34363 run=1 ts=35.000 as=18.000 ta=0.000 aa=2.951 se=17.000 so=15.000 ae=-2.951 ao=-1.079 pwm=15 pc=15 hd=-1 y=2.966 yr=2.557 L=14 R=16 OL=14 OR=16 el=18 er=18 ed=0 dl=18 dr=18 cl=0 cr=0 ok=5700 fail=0 vofa=firewater rx=1148 txdrop=37440
1775111019.2283163,1775111019228316300,6898012146600,HB,1419598,34552.0,1,2.974,1.678,17.0,18.0,-1.0,14.0,16.0,14.0,16.0,17.0,18.0,0,0,,HB tick=1419598 exp_id=246 t_ms=34552 run=1 ts=35.000 as=17.500 ta=0.000 aa=2.966 se=17.500 so=15.300 ae=-2.966 ao=-1.018 pwm=15 pc=15 hd=-1 y=2.974 yr=1.678 L=14 R=16 OL=14 OR=16 el=17 er=18 ed=-1 dl=17 dr=18 cl=0 cr=0 ok=5701 fail=0 vofa=firewater rx=1148 txdrop=37440
1775111019.4557135,1775111019455713500,6898239543400,HB,1419830,34784.0,1,2.064,-0.283,17.0,18.0,-1.0,14.0,16.0,14.0,16.0,17.0,18.0,0,0,,HB tick=1419830 exp_id=246 t_ms=34784 run=1 ts=35.000 as=17.500 ta=0.000 aa=2.974 se=17.500 so=15.300 ae=-2.974 ao=-0.976 pwm=15 pc=15 hd=-1 y=2.064 yr=-0.283 L=14 R=16 OL=14 OR=16 el=17 er=18 ed=-1 dl=17 dr=18 cl=0 cr=0 ok=5702 fail=0 vofa=firewater rx=1148 txdrop=37440
1775111019.6625986,1775111019662598700,6898446429100,HB,1420035,34989.0,1,0.864,-2.233,18.0,19.0,-1.0,14.0,16.0,14.0,16.0,18.0,19.0,0,0,,HB tick=1420035 exp_id=246 t_ms=34989 run=1 ts=35.000 as=18.500 ta=0.000 aa=2.064 se=16.500 so=14.700 ae=-2.064 ao=-0.605 pwm=15 pc=15 hd=-1 y=0.864 yr=-2.233 L=14 R=16 OL=14 OR=16 el=18 er=19 ed=-1 dl=18 dr=19 cl=0 cr=0 ok=5703 fail=0 vofa=firewater rx=1148 txdrop=37440
1775111019.8280551,1775111019828055000,6898611884800,HB,1420196,35150.0,1,-0.01,-3.351,17.0,18.0,-1.0,15.0,15.0,15.0,15.0,17.0,18.0,0,0,,HB tick=1420196 exp_id=246 t_ms=35150 run=1 ts=35.000 as=17.500 ta=0.000 aa=0.864 se=17.500 so=15.300 ae=-0.864 ao=-0.147 pwm=15 pc=15 hd=0 y=-0.010 yr=-3.351 L=15 R=15 OL=15 OR=15 el=17 er=18 ed=-1 dl=17 dr=18 cl=0 cr=0 ok=5704 fail=0 vofa=firewater rx=1148 txdrop=37440
1775111020.0556104,1775111020055610300,6898839440200,HB,1420428,35382.0,1,-1.168,-3.924,18.0,19.0,-1.0,15.0,15.0,15.0,15.0,18.0,19.0,0,0,,HB tick=1420428 exp_id=246 t_ms=35382 run=1 ts=35.000 as=18.500 ta=0.000 aa=-0.010 se=16.500 so=14.700 ae=0.010 ao=0.171 pwm=15 pc=15 hd=0 y=-1.168 yr=-3.924 L=15 R=15 OL=15 OR=15 el=18 er=19 ed=-1 dl=18 dr=19 cl=0 cr=0 ok=5705 fail=0 vofa=firewater rx=1148 txdrop=37440
1775111020.2624433,1775111020262443200,6899046273000,HB,1420633,35587.0,1,-1.919,-3.833,18.0,18.0,0.0,16.0,14.0,16.0,14.0,18.0,18.0,0,0,,HB tick=1420633 exp_id=246 t_ms=35587 run=1 ts=35.000 as=18.000 ta=0.000 aa=-1.168 se=17.000 so=15.000 ae=1.168 ao=0.547 pwm=15 pc=15 hd=1 y=-1.919 yr=-3.833 L=16 R=14 OL=16 OR=14 el=18 er=18 ed=0 dl=18 dr=18 cl=0 cr=0 ok=5706 fail=0 vofa=firewater rx=1148 txdrop=37440
1775111020.418214,1775111020418214200,6899202044900,HB,1420793,35747.0,1,-1.786,-2.2,18.0,17.0,1.0,16.0,14.0,16.0,14.0,18.0,17.0,0,0,,HB tick=1420793 exp_id=246 t_ms=35747 run=1 ts=35.000 as=17.500 ta=0.000 aa=-1.919 se=17.500 so=15.300 ae=1.919 ao=0.767 pwm=15 pc=15 hd=1 y=-1.786 yr=-2.200 L=16 R=14 OL=16 OR=14 el=18 er=17 ed=1 dl=18 dr=17 cl=0 cr=0 ok=5707 fail=0 vofa=firewater rx=1148 txdrop=37440
1775111020.646757,1775111020646756800,6899430586600,HB,1421025,35979.0,1,-1.259,-0.635,19.0,17.0,2.0,16.0,14.0,16.0,14.0,19.0,17.0,0,0,,HB tick=1421025 exp_id=246 t_ms=35979 run=1 ts=35.000 as=18.000 ta=0.000 aa=-1.786 se=17.000 so=15.000 ae=1.786 ao=0.646 pwm=15 pc=15 hd=1 y=-1.259 yr=-0.635 L=16 R=14 OL=16 OR=14 el=19 er=17 ed=2 dl=19 dr=17 cl=0 cr=0 ok=5708 fail=0 vofa=firewater rx=1148 txdrop=37440
1775111020.8550172,1775111020855017200,6899638847400,HB,1421229,36183.0,1,0.012,1.768,18.0,18.0,0.0,15.0,15.0,15.0,15.0,18.0,18.0,0,0,,HB tick=1421229 exp_id=246 t_ms=36183 run=1 ts=35.000 as=18.000 ta=0.000 aa=-1.259 se=17.000 so=15.000 ae=1.259 ao=0.409 pwm=15 pc=15 hd=0 y=0.012 yr=1.768 L=15 R=15 OL=15 OR=15 el=18 er=18 ed=0 dl=18 dr=18 cl=0 cr=0 ok=5709 fail=0 vofa=firewater rx=1148 txdrop=37440
1775111021.0635276,1775111021063527600,6899847357800,HB,1421434,36388.0,1,1.013,2.858,18.0,17.0,1.0,15.0,15.0,15.0,15.0,18.0,17.0,0,0,,HB tick=1421434 exp_id=246 t_ms=36388 run=1 ts=35.000 as=17.500 ta=0.000 aa=0.012 se=17.500 so=15.300 ae=-0.012 ao=-0.092 pwm=15 pc=15 hd=0 y=1.013 yr=2.858 L=15 R=15 OL=15 OR=15 el=18 er=17 ed=1 dl=18 dr=17 cl=0 cr=0 ok=5710 fail=0 vofa=firewater rx=1148 txdrop=37440
1775111021.2609234,1775111021260923500,6900044754200,HB,1421638,36592.0,1,1.471,2.644,18.0,17.0,1.0,15.0,15.0,15.0,15.0,18.0,17.0,0,0,,HB tick=1421638 exp_id=246 t_ms=36592 run=1 ts=35.000 as=17.500 ta=0.000 aa=1.013 se=17.500 so=15.300 ae=-1.013 ao=-0.447 pwm=15 pc=15 hd=0 y=1.471 yr=2.644 L=15 R=15 OL=15 OR=15 el=18 er=17 ed=1 dl=18 dr=17 cl=0 cr=0 ok=5711 fail=0 vofa=firewater rx=1148 txdrop=37440
1775111021.4696844,1775111021469684600,6900253514300,HB,1421848,36802.0,1,2.161,2.868,18.0,19.0,-1.0,14.0,16.0,14.0,16.0,18.0,19.0,0,0,,HB tick=1421848 exp_id=246 t_ms=36802 run=1 ts=35.000 as=18.500 ta=0.000 aa=1.471 se=16.500 so=14.700 ae=-1.471 ao=-0.574 pwm=15 pc=15 hd=-1 y=2.161 yr=2.868 L=14 R=16 OL=14 OR=16 el=18 er=19 ed=-1 dl=18 dr=19 cl=0 cr=0 ok=5712 fail=0 vofa=firewater rx=1148 txdrop=37440
1775111021.6771014,1775111021677101200,6900460930800,HB,1422052,37006.0,1,2.125,1.802,17.0,17.0,0.0,14.0,16.0,14.0,16.0,17.0,17.0,0,0,,HB tick=1422052 exp_id=246 t_ms=37006 run=1 ts=35.000 as=17.000 ta=0.000 aa=2.161 se=18.000 so=15.600 ae=-2.161 ao=-0.792 pwm=15 pc=15 hd=-1 y=2.125 yr=1.802 L=14 R=16 OL=14 OR=16 el=17 er=17 ed=0 dl=17 dr=17 cl=0 cr=0 ok=5713 fail=0 vofa=firewater rx=1148 txdrop=37440
1775111021.884477,1775111021884477000,6900668307400,HB,1422257,37211.0,1,0.977,-0.788,16.0,18.0,-2.0,15.0,17.0,15.0,17.0,16.0,18.0,0,0,,HB tick=1422257 exp_id=246 t_ms=37211 run=1 ts=35.000 as=17.000 ta=0.000 aa=2.125 se=18.000 so=15.600 ae=-2.125 ao=-0.728 pwm=16 pc=16 hd=-1 y=0.977 yr=-0.788 L=15 R=17 OL=15 OR=17 el=16 er=18 ed=-2 dl=16 dr=18 cl=0 cr=0 ok=5714 fail=0 vofa=firewater rx=1148 txdrop=37440
1775111022.0398116,1775111022039811700,6900823641700,HB,1422417,37371.0,1,0.234,-2.138,18.0,18.0,0.0,15.0,15.0,15.0,15.0,18.0,18.0,0,0,,HB tick=1422417 exp_id=246 t_ms=37371 run=1 ts=35.000 as=18.000 ta=0.000 aa=0.977 se=17.000 so=15.000 ae=-0.977 ao=-0.254 pwm=15 pc=15 hd=0 y=0.234 yr=-2.138 L=15 R=15 OL=15 OR=15 el=18 er=18 ed=0 dl=18 dr=18 cl=0 cr=0 ok=5715 fail=0 vofa=firewater rx=1148 txdrop=37440
1775111022.2794914,1775111022279491300,6901063322100,HB,1422650,37604.0,1,-0.606,-2.657,18.0,17.0,1.0,15.0,15.0,15.0,15.0,18.0,17.0,0,0,,HB tick=1422650 exp_id=246 t_ms=37604 run=1 ts=35.000 as=17.500 ta=0.000 aa=0.234 se=17.500 so=15.300 ae=-0.234 ao=0.037 pwm=15 pc=15 hd=0 y=-0.606 yr=-2.657 L=15 R=15 OL=15 OR=15 el=18 er=17 ed=1 dl=18 dr=17 cl=0 cr=0 ok=5716 fail=0 vofa=firewater rx=1148 txdrop=37440
1775111022.4757762,1775111022475776300,6901259606400,HB,1422854,37808.0,1,-1.468,-3.198,17.0,17.0,0.0,16.0,16.0,16.0,16.0,17.0,17.0,0,0,,HB tick=1422854 exp_id=246 t_ms=37808 run=1 ts=35.000 as=17.000 ta=0.000 aa=-0.606 se=18.000 so=15.600 ae=0.606 ao=0.315 pwm=16 pc=16 hd=0 y=-1.468 yr=-3.198 L=16 R=16 OL=16 OR=16 el=17 er=17 ed=0 dl=17 dr=17 cl=0 cr=0 ok=5717 fail=0 vofa=firewater rx=1148 txdrop=37440
1775111022.641458,1775111022641457900,6901425288200,HB,1423015,37969.0,1,-1.699,-2.585,18.0,18.0,0.0,16.0,14.0,16.0,14.0,18.0,18.0,0,0,,HB tick=1423015 exp_id=246 t_ms=37969 run=1 ts=35.000 as=18.000 ta=0.000 aa=-1.468 se=17.000 so=15.000 ae=1.468 ao=0.600 pwm=15 pc=15 hd=1 y=-1.699 yr=-2.585 L=16 R=14 OL=16 OR=14 el=18 er=18 ed=0 dl=18 dr=18 cl=0 cr=0 ok=5718 fail=0 vofa=firewater rx=1148 txdrop=37440
1775111022.8691146,1775111022869114700,6901652944500,HB,1423247,38201.0,1,-1.662,-1.625,18.0,18.0,0.0,16.0,14.0,16.0,14.0,18.0,18.0,0,0,,HB tick=1423247 exp_id=246 t_ms=38201 run=1 ts=35.000 as=18.000 ta=0.000 aa=-1.699 se=17.000 so=15.000 ae=1.699 ao=0.639 pwm=15 pc=15 hd=1 y=-1.662 yr=-1.625 L=16 R=14 OL=16 OR=14 el=18 er=18 ed=0 dl=18 dr=18 cl=0 cr=0 ok=5719 fail=0 vofa=firewater rx=1148 txdrop=37440
1775111023.0870013,1775111023087001400,6901870831100,HB,1423452,38406.0,1,-0.969,0.127,18.0,16.0,2.0,16.0,14.0,16.0,14.0,18.0,16.0,0,0,,HB tick=1423452 exp_id=246 t_ms=38406 run=1 ts=35.000 as=17.000 ta=0.000 aa=-1.662 se=18.000 so=15.600 ae=1.662 ao=0.580 pwm=15 pc=15 hd=1 y=-0.969 yr=0.127 L=16 R=14 OL=16 OR=14 el=18 er=16 ed=2 dl=18 dr=16 cl=0 cr=0 ok=5720 fail=0 vofa=firewater rx=1148 txdrop=37440
1775111023.2424638,1775111023242463700,6902026293500,HB,1423612,38566.0,1,0.164,2.56,19.0,17.0,2.0,15.0,15.0,15.0,15.0,19.0,17.0,0,0,,HB tick=1423612 exp_id=246 t_ms=38566 run=1 ts=35.000 as=18.000 ta=0.000 aa=-0.969 se=17.000 so=15.000 ae=0.969 ao=0.284 pwm=15 pc=15 hd=0 y=0.164 yr=2.560 L=15 R=15 OL=15 OR=15 el=19 er=17 ed=2 dl=19 dr=17 cl=0 cr=0 ok=5721 fail=0 vofa=firewater rx=1148 txdrop=37440
1775111023.470136,1775111023470135800,6902253965600,HB,1423844,38798.0,1,1.434,3.581,19.0,17.0,2.0,15.0,15.0,15.0,15.0,19.0,17.0,0,0,,HB tick=1423844 exp_id=246 t_ms=38798 run=1 ts=35.000 as=18.000 ta=0.000 aa=0.164 se=17.000 so=15.000 ae=-0.164 ao=-0.177 pwm=15 pc=15 hd=0 y=1.434 yr=3.581 L=15 R=15 OL=15 OR=15 el=19 er=17 ed=2 dl=19 dr=17 cl=0 cr=0 ok=5722 fail=0 vofa=firewater rx=1148 txdrop=37440
1775111023.678566,1775111023678565800,6902462395700,HB,1424048,39001.0,1,2.362,3.928,17.0,18.0,-1.0,14.0,16.0,14.0,16.0,17.0,18.0,0,0,,HB tick=1424048 exp_id=246 t_ms=39001 run=1 ts=35.000 as=17.500 ta=0.000 aa=1.434 se=17.500 so=15.300 ae=-1.434 ao=-0.609 pwm=15 pc=15 hd=-1 y=2.362 yr=3.928 L=14 R=16 OL=14 OR=16 el=17 er=18 ed=-1 dl=17 dr=18 cl=0 cr=0 ok=5723 fail=0 vofa=firewater rx=1148 txdrop=37440
1775111023.8752658,1775111023875265700,6902659096300,HB,1424253,39207.0,1,2.777,3.258,17.0,18.0,-1.0,14.0,16.0,14.0,16.0,17.0,18.0,0,0,,HB tick=1424253 exp_id=246 t_ms=39207 run=1 ts=35.000 as=17.500 ta=0.000 aa=2.362 se=17.500 so=15.300 ae=-2.362 ao=-0.905 pwm=15 pc=15 hd=-1 y=2.777 yr=3.258 L=14 R=16 OL=14 OR=16 el=17 er=18 ed=-1 dl=17 dr=18 cl=0 cr=0 ok=5724 fail=0 vofa=firewater rx=1148 txdrop=37440
1775111024.040688,1775111024040688200,6902824518200,HB,1424413,39367.0,1,2.614,1.76,18.0,19.0,-1.0,14.0,16.0,14.0,16.0,18.0,19.0,0,0,,HB tick=1424413 exp_id=246 t_ms=39367 run=1 ts=35.000 as=18.500 ta=0.000 aa=2.777 se=16.500 so=14.700 ae=-2.777 ao=-0.996 pwm=15 pc=15 hd=-1 y=2.614 yr=1.760 L=14 R=16 OL=14 OR=16 el=18 er=19 ed=-1 dl=18 dr=19 cl=0 cr=0 ok=5725 fail=0 vofa=firewater rx=1148 txdrop=37440
1775111024.2669356,1775111024266935500,6903050765300,HB,1424646,39600.0,1,1.847,-0.007,18.0,18.0,0.0,14.0,16.0,14.0,16.0,18.0,18.0,0,0,,HB tick=1424646 exp_id=246 t_ms=39600 run=1 ts=35.000 as=18.000 ta=0.000 aa=2.614 se=17.000 so=15.000 ae=-2.614 ao=-0.872 pwm=15 pc=15 hd=-1 y=1.847 yr=-0.007 L=14 R=16 OL=14 OR=16 el=18 er=18 ed=0 dl=18 dr=18 cl=0 cr=0 ok=5726 fail=0 vofa=firewater rx=1148 txdrop=37440
1775111024.432207,1775111024432207100,6903216036700,HB,1424807,39761.0,1,0.806,-2.268,17.0,19.0,-2.0,14.0,16.0,14.0,16.0,17.0,19.0,0,0,,HB tick=1424807 exp_id=246 t_ms=39761 run=1 ts=35.000 as=18.000 ta=0.000 aa=1.847 se=17.000 so=15.000 ae=-1.847 ao=-0.554 pwm=15 pc=15 hd=-1 y=0.806 yr=-2.268 L=14 R=16 OL=14 OR=16 el=17 er=19 ed=-2 dl=17 dr=19 cl=0 cr=0 ok=5727 fail=0 vofa=firewater rx=1148 txdrop=37440
1775111024.6185064,1775111024618506400,6903402337000,HB,1424995,39949.0,1,0.612,-1.835,17.0,18.0,-1.0,15.0,15.0,15.0,15.0,17.0,18.0,0,0,,HB tick=1424995 exp_id=246 t_ms=39949 run=1 ts=35.000 as=17.500 ta=0.000 aa=0.806 se=17.500 so=15.300 ae=-0.806 ao=-0.128 pwm=15 pc=15 hd=0 y=0.612 yr=-1.835 L=15 R=15 OL=15 OR=15 el=17 er=18 ed=-1 dl=17 dr=18 cl=0 cr=0 ok=5728 fail=0 vofa=firewater rx=1148 txdrop=37440
1775111024.8771074,1775111024877107400,6903660937600,HB,1425244,40198.0,1,-2.022,-4.911,17.0,18.0,-1.0,15.0,15.0,15.0,15.0,17.0,18.0,0,0,,HB tick=1425244 exp_id=246 t_ms=40198 run=1 ts=35.000 as=17.500 ta=0.000 aa=0.612 se=17.500 so=15.300 ae=-0.612 ao=-0.092 pwm=15 pc=15 hd=0 y=-2.022 yr=-4.911 L=15 R=15 OL=15 OR=15 el=17 er=18 ed=-1 dl=17 dr=18 cl=0 cr=0 ok=5729 fail=0 vofa=firewater rx=1148 txdrop=37440
1775111036.4191096,1775111036419109600,6915202939400,HB,1436699,0.0,0,-0.197,0.001,0.0,0.0,0.0,0.0,0.0,0.0,0.0,0.0,0.0,0,0,,HB tick=1436699 run=0 ts=0.000 as=0.000 ta=0.000 aa=0.000 se=0.000 so=0.000 ae=0.000 ao=0.000 pwm=0 pc=0 hd=0 y=-0.197 yr=0.001 L=0 R=0 OL=0 OR=0 el=0 er=0 ed=0 dl=0 dr=0 cl=0 cr=0 ok=5730 fail=0 vofa=firewater rx=1204 txdrop=49938
1775111036.5229216,1775111036522921600,6915306752500,HB,1436901,0.0,0,-0.197,0.001,0.0,0.0,0.0,0.0,0.0,0.0,0.0,0.0,0.0,0,0,,HB tick=1436901 run=0 ts=0.000 as=0.000 ta=0.000 aa=0.000 se=0.000 so=0.000 ae=0.000 ao=0.000 pwm=0 pc=0 hd=0 y=-0.197 yr=0.001 L=0 R=0 OL=0 OR=0 el=0 er=0 ed=0 dl=0 dr=0 cl=0 cr=0 ok=5731 fail=0 vofa=firewater rx=1204 txdrop=49938
1775111036.9167335,1775111036916733500,6915700563600,HB,1437290,0.0,0,-0.196,0.001,0.0,0.0,0.0,0.0,0.0,0.0,0.0,0.0,0.0,0,0,,HB tick=1437290 run=0 ts=0.000 as=0.000 ta=0.000 aa=0.000 se=0.000 so=0.000 ae=0.000 ao=0.000 pwm=0 pc=0 hd=0 y=-0.196 yr=0.001 L=0 R=0 OL=0 OR=0 el=0 er=0 ed=0 dl=0 dr=0 cl=0 cr=0 ok=5732 fail=0 vofa=firewater rx=1204 txdrop=49938
1775111037.3005052,1775111037300505200,6916084335300,HB,1437679,0.0,0,-0.196,0.001,0.0,0.0,0.0,0.0,0.0,0.0,0.0,0.0,0.0,0,0,,HB tick=1437679 run=0 ts=0.000 as=0.000 ta=0.000 aa=0.000 se=0.000 so=0.000 ae=0.000 ao=0.000 pwm=0 pc=0 hd=0 y=-0.196 yr=0.001 L=0 R=0 OL=0 OR=0 el=0 er=0 ed=0 dl=0 dr=0 cl=0 cr=0 ok=5733 fail=0 vofa=firewater rx=1204 txdrop=49938
1775111037.5299125,1775111037529912600,6916313742800,HB,1437883,0.0,0,-0.196,0.0,0.0,0.0,0.0,0.0,0.0,0.0,0.0,0.0,0.0,0,0,,HB tick=1437883 run=0 ts=0.000 as=0.000 ta=0.000 aa=0.000 se=0.000 so=0.000 ae=0.000 ao=0.000 pwm=0 pc=0 hd=0 y=-0.196 yr=0.000 L=0 R=0 OL=0 OR=0 el=0 er=0 ed=0 dl=0 dr=0 cl=0 cr=0 ok=5734 fail=0 vofa=firewater rx=1204 txdrop=49938
1775111037.7074742,1775111037707474100,6916491304400,HB,1438087,0.0,0,-0.196,0.0,0.0,0.0,0.0,0.0,0.0,0.0,0.0,0.0,0.0,0,0,,HB tick=1438087 run=0 ts=0.000 as=0.000 ta=0.000 aa=0.000 se=0.000 so=0.000 ae=0.000 ao=0.000 pwm=0 pc=0 hd=0 y=-0.196 yr=0.000 L=0 R=0 OL=0 OR=0 el=0 er=0 ed=0 dl=0 dr=0 cl=0 cr=0 ok=5735 fail=0 vofa=firewater rx=1204 txdrop=49938
1775111037.915276,1775111037915276000,6916699107300,HB,1438290,0.0,0,-0.196,0.001,0.0,0.0,0.0,0.0,0.0,0.0,0.0,0.0,0.0,0,0,,HB tick=1438290 run=0 ts=0.000 as=0.000 ta=0.000 aa=0.000 se=0.000 so=0.000 ae=0.000 ao=0.000 pwm=0 pc=0 hd=0 y=-0.196 yr=0.001 L=0 R=0 OL=0 OR=0 el=0 er=0 ed=0 dl=0 dr=0 cl=0 cr=0 ok=5736 fail=0 vofa=firewater rx=1204 txdrop=49938
1775111038.114165,1775111038114164900,6916897995300,HB,1438492,0.0,0,-0.196,0.0,0.0,0.0,0.0,0.0,0.0,0.0,0.0,0.0,0.0,0,0,,HB tick=1438492 run=0 ts=0.000 as=0.000 ta=0.000 aa=0.000 se=0.000 so=0.000 ae=0.000 ao=0.000 pwm=0 pc=0 hd=0 y=-0.196 yr=0.000 L=0 R=0 OL=0 OR=0 el=0 er=0 ed=0 dl=0 dr=0 cl=0 cr=0 ok=5737 fail=0 vofa=firewater rx=1204 txdrop=49938
1775111038.325265,1775111038325264800,6917109095100,HB,1438700,0.0,0,-0.196,0.0,0.0,0.0,0.0,0.0,0.0,0.0,0.0,0.0,0.0,0,0,,HB tick=1438700 run=0 ts=0.000 as=0.000 ta=0.000 aa=0.000 se=0.000 so=0.000 ae=0.000 ao=0.000 pwm=0 pc=0 hd=0 y=-0.196 yr=0.000 L=0 R=0 OL=0 OR=0 el=0 er=0 ed=0 dl=0 dr=0 cl=0 cr=0 ok=5738 fail=0 vofa=firewater rx=1204 txdrop=49938
1775111038.691518,1775111038691517900,6917475348700,HB,1439046,0.0,0,-0.196,0.0,0.0,0.0,0.0,0.0,0.0,0.0,0.0,0.0,0.0,0,0,,HB tick=1439046 run=0 ts=0.000 as=0.000 ta=0.000 aa=0.000 se=0.000 so=0.000 ae=0.000 ao=0.000 pwm=0 pc=0 hd=0 y=-0.196 yr=0.000 L=0 R=0 OL=0 OR=0 el=0 er=0 ed=0 dl=0 dr=0 cl=0 cr=0 ok=5739 fail=0 vofa=firewater rx=1204 txdrop=49938
1775111038.9001734,1775111038900173400,6917684014100,HB,1439277,0.0,0,-0.196,0.0,0.0,0.0,0.0,0.0,0.0,0.0,0.0,0.0,0.0,0,0,,HB tick=1439277 run=0 ts=0.000 as=0.000 ta=0.000 aa=0.000 se=0.000 so=0.000 ae=0.000 ao=0.000 pwm=0 pc=0 hd=0 y=-0.196 yr=0.000 L=0 R=0 OL=0 OR=0 el=0 er=0 ed=0 dl=0 dr=0 cl=0 cr=0 ok=5740 fail=0 vofa=firewater rx=1204 txdrop=49938
