:020000040800F2
:10000000503F0020CD010008915100087D510008AB
:10001000875100080D430008E75D0008000000005C
:1000200000000000000000000000000085560008ED
:1000300017430008000000001D550008AB570008DA
:10004000E7010008E7010008E7010008E7010008F0
:10005000E7010008E7010008E7010008E7010008E0
:10006000E7010008E7010008E7010008E7010008D0
:10007000E7010008E7010008E7010008E7010008C0
:10008000E7010008E7010008E7010008E7010008B0
:10009000E7010008E7010008E7010008E7010008A0
:1000A000E7010008E7010008E7010008E701000890
:1000B000E7010008E70100080D580008E701000803
:1000C000E7010008E7010008E7010008E701000870
:1000D000E7010008155B00089D5B0008E7010008C8
:1000E000E7010008E7010008E701000800F002F856
:1000F00000F05CF80AA090E8000C82448344AAF166
:100100000107DA4501D100F051F8AFF2090EBAE863
:100110000F0013F0010F18BFFB1A43F0010318473B
:10012000E49E0000049F0000103A24BF78C878C104
:10013000FAD8520724BF30C830C144BF04680C60ED
:10014000704700000023002400250026103A28BF35
:1001500078C1FBD8520728BF30C148BF0B60704739
:10016000662909F06581642900F03281752900F063
:100170002F81782900F06881632900F0388673297F
:1001800000F03D86002070471FB500F049FE0400D6
:100190000020002108F0B4FB401C6060002000211A
:1001A00008F098FBE0601FBD10B510BD00F08EFF99
:1001B0001146FFF7E9FF08F0FFFA00F0D5FF03B49E
:1001C000FFF7F2FF03BC06F0F3F800000948804790
:1001D00009480047FEE7FEE7FEE7FEE7FEE7FEE729
:1001E000FEE7FEE7FEE7FEE704480549054A064B41
:1001F00070470000AD570008ED000008502D0020AA
:10020000503F0020502F0020502F0020704753EA0D
:10021000020C00F069802DE9F04B4FF00006002B36
:100220001FBFB3FA83F503FA05F424FA05F65E401E
:1002300012BF1643B2FA82F502FA05F4C5F12005A1
:100240001EBF22FA05FC44EA0C04203556EA044C91
:100250004FEA144418BF641C4FF000084FF0000927
:10026000904271EB030C39D3002919BFB1FA81F721
:1002700001FA07F6B0FA80F700FA07F6C7F120078F
:100280001EBF20FA07FC46EA0C062037B6FBF4FC3A
:10029000A7EB0507103F07F01F0BCBF120060CFA68
:1002A0000BFB2CFA06F644BFB3460026202FA4BF52
:1002B0005E464FF0000B5BEA060C08BF4FF0010BE7
:1002C00019EB0B09ABFB027C48EB0608C01B06FBD5
:1002D00002CC0BFB03CC71EB0C01C1E70B460246D1
:1002E00041464846BDE8F08B13B54FF000004FF093
:1002F0000001AFF30080BDE81C4070470FB41CB58F
:100300000C0007AA009001D02044401E074B7B44FC
:1003100069460190069800F040FD002C03D0694624
:10032000002000F04DFD1CBC5DF814FBB90A000074
:1003300070B5044685690068C10601D5302600E025
:100340002026C00707D070BDD4E901213046904770
:10035000206A401C20626D1EF6D570BD70B5044643
:1003600085690078C00707D170BDD4E9012120203C
:100370009047206A401C20626D1EF6D570BD70B596
:100380000C460546012A05D02878800600D5EA6982
:10039000002302E0012305E05B1C934202D2E05CF3
:1003A0000028F9D1A869E618C01AA861286A18447B
:1003B00028622846FFF7BCFF04E0D5E9012114F8C4
:1003C000010B9047B442F8D32846FFF7C7FF70BD32
:1003D0002DE9F0410646002410687529314616A51E
:1003E00010D0AFF30080002802DA404213A507E0E6
:1003F00031688A0701D512A502E0490704D511A585
:10040000012401E0AFF3008000210A2206F1240755
:1004100009E0B0FBF2FCB0FBF2F302FB1C00303051
:1004200078541846491C0028F3D123462A46304602
:10043000BDE8F04100F043BA000000002D000000CC
:100440002B0000002000000070B504460D46214638
:100450001068AFF300802188090502D50F4A7A445D
:1004600002E00E4A7A440E32002104F1240305E032
:1004700000F00F060009965D5E54491C0028F7D174
:1004800020780023000704D5702D02D009B1022383
:1004900011322046BDE8704000F011BAD897000034
:1004A0002DE9F05F894604464FF0000ADFF874B189
:1004B000FB44C0F820A02046E1688847002874D09B
:1004C000252806D0D4E901219047206A401C2062EB
:1004D000F1E700265F462046E16888472028054668
:1004E00007DB312D05D2781910F8200C08B106432E
:1004F000F1E7B00701D526F00406C4F81CA00027D8
:10050000C4F818A02A2D09D0284605F04AFF38B3B0
:1005100004EB8708303DC8F8185019E059F8041B5F
:10052000204604EB87029161E1688847012F054668
:1005300018D1E069002820DA26F020061DE0D8F85E
:10054000180000EB800005EB40003038C8F81800B8
:100550002046E1688847054605F023FF0028EED1D4
:10056000012F0AD02E2D08D12046E16888477F1C34
:100570000546022F46F02006C4DBA069002803DAF6
:10058000404246F00106A061F00701D026F01006B7
:100590006C2D0BD0682D09D04C2D39D06A2D35D05B
:1005A000742D35D07A2D33D016E038E0E1682F462F
:1005B00020468847B842054609D16C2F26D04FF413
:1005C0008060E168064320468847054604E06C2FBA
:1005D0001AD04FF4807006430DB3A5F141001928DD
:1005E00002D8203546F400664A4629462046266051
:1005F0004E46FFF7B5FD80B101280BD0F61D26F061
:10060000070000F1080956E74020E4E78020D8E71A
:100610000020D6E706F104094DE7284652E7206A94
:10062000BDE8F09FAE970000401ECAB210F8011F4F
:100630008A4202D00029F9D10020704730B5054622
:100640000B462A4613F8014B12F8010B08B1A042E1
:10065000F8D01CB1002802D06D1CF1E7284630BD4F
:1006600010B5431C02E010F8011B71B18107FAD1EB
:100670004FF0013202C88C1A8C4314EAC211F9D02F
:10068000C01A0A0603D0C01E10BDC01A10BD0A044D
:1006900001D0801E10BD0902FCD0401E10BD032AEF
:1006A00040F2308010F0030C00F0158011F8013B8F
:1006B000BCF1020F624498BF11F801CB00F8013B76
:1006C00038BF11F8013BA2F1040298BF00F801CB3A
:1006D00038BF00F8013B11F0030300F02580083A11
:1006E000C0F0088051F8043B083A51F804CBA0E868
:1006F0000810F5E7121D5CBF51F8043B40F8043BBD
:10070000AFF30080D20724BF11F8013B11F801CBF1
:1007100048BF11F8012B24BF00F8013B00F801CBC2
:1007200048BF00F8012B704710B5203AC0F00B808D
:10073000B1E81850203AA0E81850B1E81850A0E8E5
:100740001850BFF4F5AF5FEA027C24BFB1E818503F
:10075000A0E8185044BF18C918C0BDE810405FEAAF
:10076000827C24BF51F8043B40F8043B08BF70472B
:10077000D20728BF31F8023B48BF11F8012B28BF30
:1007800020F8023B48BF00F8012B70474FF00002F1
:100790000429C0F0128010F0030C00F01B80CCF193
:1007A000040CBCF1020F18BF00F8012BA8BF20F801
:1007B000022BA1EB0C0100F00DB85FEAC17C24BF55
:1007C00000F8012B00F8012B48BF00F8012B7047FF
:1007D0004FF0000200B5134694469646203922BFDA
:1007E000A0E80C50A0E80C50B1F12001BFF4F7AF25
:1007F000090728BFA0E80C5048BF0CC05DF804EB07
:10080000890028BF40F8042B08BF704748BF20F874
:10081000022B11F0804F18BF00F8012B7047000029
:100820004FF0013C50F8042B51F8043B9A4221D17F
:10083000A2EB0C03934313EACC1317D150F8042B0B
:1008400051F8043B9A4215D1A2EB0C03934313EAEF
:10085000CC130BD150F8042B51F8043B9A4209D128
:10086000A2EB0C03934313EACC13DBD04FF0000050
:10087000704700BFD01A01BAB1FA81F101F0180136
:1008800022FA01F0CB40C1F12001DBB2C0B2C01AA4
:100890002CFA01F3D11A914311EAC311E6D1704742
:1008A000704770477047704710B500F0BDFA006898
:1008B00010BD10B5044600F0B7FA046010BD2DE974
:1008C000F0470D4699469246044600F12408016817
:1008D000880604D5E06921F01001216000E00120C4
:1008E000A84201DD471B00E00027A1697A1902EB4D
:1008F0000900081AA0612078C00602D42046FFF73C
:1009000017FD002608E0D4E901211AF806009047F7
:10091000206A401C761C20624E45F4DB2078C0061D
:100920000AD52046FFF704FD06E0D4E90121302076
:100930009047206A401C2062381EA7F10107F4DCB2
:1009400007E0D4E9012118F805009047206A401C0F
:100950002062281EA5F10105F3DC2046FFF7FEFC0E
:100960002078000602D50220BDE8F0870120FBE7D1
:1009700070472DE9FF4F0C461E464FF0FF378BB0F6
:10098000D2E90001DDF860800A908A46C1F30A5579
:1009900005B93D46002108464FF00000BAF1000FAE
:1009A00000F4400005DA00EB80004FF4400101EA5A
:1009B00050004FEA9059B9F1010F00DDB9460A988D
:1009C00050EA4A000ED044F61050A5F2FF354543D8
:1009D0002F14B8F1000F1ED07542291E1EDDC9F17B
:1009E00000021CE0B8F1010F4FF0000001D03021EF
:1009F00003E0F24305E02154401CB042FBDB3046EB
:100A00000022002121540B99C1F80880C1E900207F
:100A10000FB0BDE8F08FBD1B6D1CDEE74A4600DA63
:100A2000694206A800F0DCFA06AB93E8070003ABC6
:100A300083E8070050460A9901F06FF88DE8070037
:100A4000A0F500501F3800900398002D0ADD42F2F7
:100A50001F014A460844002303A90390684601F099
:100A60001BFB09E0A0F500504A461F38002303A9EC
:100A70000390684601F03AFB8DE807000004000C83
:100A800003D04FF0FF30410800E01046B8F1000FEE
:100A900003D00022009215461EE0751E05D400F01A
:100AA000C7F9303262556D1EF9D5B34601220843AD
:100AB00002D000227F1C04E02078302801D10022DF
:100AC0007F1E002A099784D01DE0112D07DA00F05F
:100AD000AFF9303262556D1C50EA0102F5D108437E
:100AE00002D00098C8B10EE00021681E05E0235C2A
:100AF000625C63542254401E491C8142F7DBAB46C2
:100B0000A81B401E0990002004F80B000B98099ABE
:100B1000C0F80880C0E9002B7AE711264FF00008E2
:100B200057E72DE9F04F88460446D21D22F0070111
:100B300091B0D1E90001CDE90A0105F07DFB024643
:100B40000B98C00F01D02D2007E02068810701D548
:100B50002B2002E0202101EAC000032A099001D0E5
:100B6000072A05DB03464146204600F0A7F90BE1C2
:100B70002078800601D5E06900E00620B8F1650F15
:100B8000814606D0B8F1660F18D0B8F1670F70D162
:100B900031E00020B9F1110F009001DB112301E0D9
:100BA00009F101030AAA01A90CA8FFF7E2FEDDE999
:100BB0000C70002609F10105834647E001204B46F1
:100BC00000904FF000470AAA01A90CA8FFF7D1FE38
:100BD000DDE90DB00C995D46002610B909F1010060
:100BE0000D18B9EB050003D4C0F1FF3609F101057A
:100BF000A5EB09002BE0B9F1010F01DA4FF0010973
:100C00000020B9F1110F0090484601DD112300E0EA
:100C100003460AAA01A90CA8FFF7ABFEDDE90C7098
:100C20004D4600268346207800070AD4AB4500DAFB
:100C30005D4601A8012D04DD411911F8011C302980
:100C400007D04F4502DA17F1040F04DA012082467B
:100C50000FE06D1EEEE7002F02DCED1B3E4403E0CB
:100C6000781CA84200DD7D1CB81B00F1010A4FF082
:100C700000472078000703D4AA4501DB4FF0FF3A74
:100C80000021B7F1004F0DF143088DF8431024D037
:100C900002202B23002F01DA7F422D230A21021E7E
:100CA000A0F1010000DC5FB197FBF1FC97FBF1F2D2
:100CB00001FB1C7C17460CF1300C08F801CDEEE767
:100CC000A8F1010003702188090501D5452100E044
:100CD0006521A0F1010800F8011C09980FA9A1EBFA
:100CE0000807FF1D00B10120411901EBEA70A1695D
:100CF0003844081A401EA0612078C00602D420465D
:100D0000FFF716FB099828B1D4E901219047206A22
:100D1000401C20622078C00622D52046FFF708FB41
:100D20001EE0002E04DBB34502DD01A8805D00E07B
:100D30003020D4E901219047206A401C2062761CB3
:100D4000AAF101005FEA000A0AD100F069F8C06860
:100D50000168405CD4E901219047206A401C206270
:100D6000281EA5F10105DCDC07E0D4E9012118F813
:100D7000010B9047206A401C2062381EA7F1010732
:100D8000F3DC2046FFF7EAFA032011B041E6000049
:100D900001694A1C02610878704700B58FB0CDE93F
:100DA00001310021059105497944CDE9031011462F
:100DB0006846FFF775FB0FB000BD0000E5FFFFFFC1
:100DC0000A6802F8010B0A607047D1E900239A42D1
:100DD00002D2531C0B601070704710B5436913B1F9
:100DE000AFF3008001E0FFF7CAFA012010BD1278CE
:100DF00000F124010A7000224A700122EDE7116817
:100E00004FF0FF32E9E77CB5054600236846CDE99F
:100E1000003300F0B1F86946284605F051FA7CBD70
:100E200000487047102D002000487047F02C00202B
:100E300030B5B0F10A024FEA900E71F100034EEAAC
:100E4000817EB0EB0E0061EB91014FEA101E4EEA7D
:100E5000017E10EB0E0041EB11114FEA102E4EEA0D
:100E6000016E10EB0E0041EB11214FEA104E4EEADD
:100E7000014E10EB0E0041EB1141401841F1000111
:100E80004FEAD00040EA41704FEAD10110EB8005F3
:100E90004FEA810444EA907444EB01046D1944EB79
:100EA0000404521BA3414FF0000348BF0A3200D58F
:100EB00030BD401C41F1000130BD00002DE9F04182
:100EC0001F46044603260168072A01F4006004DB7C
:100ED00008B116A505E016A503E008B115A500E0C8
:100EE00015A521F010002060A069C01EA0610FB1FF
:100EF000401EA0612046FFF71BFA4FB1D4E9012143
:100F000038469047206A401C2062C01C206206E0E0
:100F1000206AFAE7D4E9012115F8010B9047761E03
:100F2000F8D22046FFF71AFABDE8F0814E414E0094
:100F30006E616E00494E4600696E66000FB4002374
:100F400000B589B00CA900910B99CB60214B7B4473
:100F50000693214B7B44079304236FF00042CDE9B5
:100F600001321E4A7A446B4608920246002008F07D
:100F7000E7FA09B05DF814FB70B506464FF0FF3094
:100F800015460C46324686B00091CDE9010169460E
:100F90000020049004A8FFF7D1FF0246049821180E
:100FA00025B108B1084600E02046286004980028D2
:100FB0000DD0002A02DD0098884208D03246081B76
:100FC00069460094CDE9010404A8FFF7B7FF06B015
:100FD00070BD0000D7010000EF010000AF0100006C
:100FE0002DE9F047814616468AB0354878440DC849
:100FF0008DE80D0032487844801C03AC0DC884E8AD
:101000000D0041F69B300844372190FBF1F290FB34
:10101000F1F5A5F1800501FB12041B3C02D56442E9
:10102000012000E00020DFF898A080460027FA4465
:10103000AAF1BE0A0EE0E0070AD03246684607EB86
:10104000470101230AEB810101F050F88DE8070008
:1010500064107F1C002CEED1194F7F44AE3F19E085
:10106000E80715D007EB04100DF1180A90E80E0000
:101070008AE80E00C068F04201D198190890324603
:10108000012306A903A801F031F803AB83E80700A8
:101090006D10641C002DE3D14FF001033246694608
:1010A000B8F1000F03A802D000F0F6FF01E001F054
:1010B0001DF8C9E90001C9F808200AB0BDE8F087A9
:1010C000008D000000487047F02C00207546FFF7A7
:1010D000F9FFAE4605006946534620F007008546F5
:1010E00018B020B5FFF780F8BDE820404FF00006AB
:1010F0004FF000074FF000084FF0000B21F0070100
:10110000AC46ACE8C009ACE8C009ACE8C009ACE842
:10111000C0098D46704710B5044600F02FF80068EE
:10112000005D00F0010010BD426842B1016811F895
:10113000013B23B1521EC0E900121846704701213D
:10114000C160881E704742685AB1C368016843B9DC
:1011500083688B4205D0491E521CC0E90012002052
:1011600070474FF0FF30704710B50446AFF3008072
:101170002046BDE81040FFF722B8000010B5FFF789
:101180004FFE001D10BD00BF797700002DE9FF4F15
:1011900006468BB00878FF2806D0491C2D2805D0BC
:1011A00000244FF0000908E000200CE00124F8E7DB
:1011B00009EB8903491C00EB43090878FF28F7D1A4
:1011C00014B1C9F100008146107800252C46AA46CA
:1011D00029462D2801D02B2804D1521C2D2813D0AC
:1011E000002082468B461078FF280FD04FF0000C6D
:1011F0000A21521CA5FB017804FB018105FB0C119F
:10120000C5194BEB0104EEE70120EAE7002108468F
:101210004FF00000BAF1000F02D000EB8000400850
:10122000C0F38157012F01DD4FF0FF370E9955EACA
:10123000040009EB01080BD04FF0020918F5FA7F02
:1012400016DA4FEACA70002F706008DD012007E04F
:101250004FEACA70C6E900B00FB0BDE8F08F0020B9
:101260003060FFF7E1FDC0F800901821084616E055
:10127000B8F5FA7F18DD002F02DAF748784401E06C
:10128000F6487844D0E90010C6E9001040EACA7078
:101290007060FFF7C9FDC0F80090142108460FB038
:1012A000BDE8F04F08F0C1B8002108464FF000003B
:1012B000B8F10001099002DAC7F1000200E03A46F5
:1012C00001DAC8F1000106A8FFF78AFE06AB93E831
:1012D000070003AB83E8070044F23E005BEA040129
:1012E0000090584604D144F21E012C465D46009100
:1012F000210C0904014306D10099240444EA154451
:101300002D041039009104F07F41014306D100996A
:10131000240244EA15642D020839009104F070415A
:10132000014306D10099240144EA15742D01091FD7
:10133000009104F04041014306D10099A40044EA21
:101340009574AD00891E009104F00041084304D15A
:1013500000986D196441401E00904FF001033A4619
:101360006846B8F1000FCDE9014503A902DD00F0A0
:10137000D2FE01E000F0A5FEBAF1000F04460D46D2
:1013800001D084F00044002108464FF00000099984
:1013900040F2FF77484010F00C0F07D124F00040D6
:1013A000284303D0C4F30A50B84212D1FFF73CFDE2
:1013B000C0F80090C4F30A50B8420AD1A848784453
:1013C000D0E90010C6E9001004F000410843706045
:1013D00042E7C6E900543FE72DE9FF4F1F464FF0B3
:1013E000000A4FF0FF38454691B0D7E90146CDF8E5
:1013F0003CA0FFF715FDC0680168405C1090B9691A
:1014000012986D1C8847396A814688470028F6D1B2
:10141000B9F1FF3F0AD0002E24F4D06411DDB9F1F8
:101420002B0F08D0B9F12D0F0BD102E0404615B0BB
:1014300013E744F48064B96912986D1C8847761EDE
:101440008146600504A901D52D2000E02B20002E47
:1014500001F1010B0DF130088DF810003FDDB9F1FD
:10146000690F08D0B9F1490F05D0B9F16E0F02D05C
:10147000B9F14E0F1CD13B4601A8009580E85002FF
:10148000DDE912126FF0020008F05EF8C11CCED147
:101490000EE0B96912986D1C884781461398761E34
:1014A00044F4007405600F98401C002E0F9016DD68
:1014B000B9F1300FEDD0B9F1780F02D0B9F1580F72
:1014C0000DD10F9801280AD13B46CDE90054DDE942
:1014D0001212001F029608F035F8C11CA7D110990E
:1014E00089453ED144F0800406E01399681CAAF1B6
:1014F000010A44F400740860B9696D1C1298761EE4
:10150000884730288146F0D02BE01099894505D1D5
:10151000200603D4761E44F0800418E0484604F008
:1015200040FF08B3761E0DF123018B4544F400748F
:1015300008D2A9F130000BF8010B200607D5AAF15B
:10154000010003E0200602D40AF101008246A00552
:1015500002D51399681C0860B96912986D1C8847F8
:101560008146002ED1DC53E0002E51DDB9F1650F2C
:1015700002D0B9F1450F4BD1A00549D5B9696D1C11
:101580001298761E24F440748847002E81460CDDA4
:101590002B2804D0B9F12D0F07D144F48074B96918
:1015A00012986D1C8847761E8146E00501D52D21D5
:1015B00000E02B2108F8011BCDF8008021E0761E09
:1015C0000DF13901884544F400740CD2A9F13000C2
:1015D00010F0FF0088F8000002D10099884509D971
:1015E00008F1010806E0E00501D51E4801E042F2DD
:1015F0000F708246B96912986D1C8847814613980E
:101600000560002E04DD484604F0CBFE0028D6D14C
:10161000F96912988847FF2053468BF8000088F834
:10162000000000200A900B9004AA0CA90AA8FFF75A
:10163000ADFDA00502D46FF00100F8E614F0240F10
:1016400012D0E0071CD13868DDE90A12031D3B60A7
:101650000068C0E9001213E0AC8D00009E8D000010
:10166000628C0000F1D8FFFF0AA9684604F028FE4A
:10167000E00705D13868009A011D396000680260F2
:101680002846D4E62DE9FF4F1F464FF03C0987B0AE
:101690004FF00042DDE9141001F10108DDF858A017
:1016A00002EA405003900020059083460546044618
:1016B0000490B969461E08988847AAF1010A029069
:1016C000BAF1000F3BDD02982E2815D0102100F052
:1016D00016FA00282EDB4FF0010B0599014317D0B5
:1016E000B9F1000F0BDB4A46C11700F0F5F90543CD
:1016F0000C43A9F1040905E0012004900BE008B1B6
:1017000045F0010501200590049820B9361D02E03E
:10171000049800B1361FB969089808F10108884794
:10172000BBF1000FAAF1010A0290C9D00999C1F8D2
:101730000080C5E70298702808D0502806D0F969C3
:1017400008988847BBF1000F14D04FE000200290AA
:101750000120BBF1000F049009D0B969089808F185
:1017600001088847AAF10109B9F1000F07DCF969FE
:10177000089888476FF001000BB0BDE8F08F2B2868
:1017800004D02D280CD14FF0FF300490B96908988F
:1017900008F101088847A9F10109B9F1000FE6DD58
:1017A000411CE4D00A2100F0AAF90028DFDB0299ED
:1017B00008F1010801EB810100EB41000290B969D9
:1017C000089888470A2100F09AF9099AA9F10109B5
:1017D000B9F1000FC2F8008001DD0028E7DAF969ED
:1017E000089888470499029800FB016655EA0400AE
:1017F00004D004F04041090002D006E0039898E0CC
:10180000A40044EA9574AD00B61E04F0004108003F
:1018100002D16D196441761E159810F0240F03D083
:101820004FF00B095C4803E04FF028096FF07D0092
:101830008246564507DAAAEB06018944B9F1410F01
:1018400001DD4FF0410901200021A9F1010200F062
:1018500043F9024628400B462140084301D00121AC
:1018600000E00021501E029143F1FF312840214049
:10187000084301D0012000E000200299834651EA8C
:101880000B014FD0002108464FF00000039900F4EF
:10189000400039B100EB80004FF4400100EBD07004
:1018A00001EA60008015012802DD4FF0FF3000E002
:1018B00013D0401C36D0029860B3BBF1000F0CD19E
:1018C0004A460120002100F007F928402140084342
:1018D00001D0012000E00020E0B101204A460021B3
:1018E00000F0FAF8034640190A4661412D1A8C416E
:1018F00011D3B9F1400F09DD159810F0240F02D073
:10190000AAF1340603E0AAF1170600E0761C0025D0
:101910004FF0004406E05B1E42F1FF3220EA03056F
:1019200021EA0204CAF10100B04206DA1B49039819
:1019300008430190002000900EE0039AC4F3D321E5
:10194000E80A0A43164940EA44500A433146CDE9C1
:101950000002684604F01AFD159810F0240F0BD011
:101960001598C00715D13868DDE90012031D3B60EA
:101970000068C0E900120CE002A8694604F0A0FC6F
:101980001598C00705D13868029A011D39600068B2
:1019900002604046F0E6000002FCFFFF0000F07F1E
:1019A0000000F03F2DE9FF4F92461D4685B04FF0F5
:1019B0000041DDE9124BDDE914727F1E01EA4B5054
:1019C000414940F0FF4940EA0108002122F020008F
:1019D0004928049102D04E2828D04CE03BA0012693
:1019E00007C88DE80700A9690698641C88477F1E10
:1019F000014606D41DF8060018B121F020018142ED
:101A00000BD0E96906988847032E34D0082E32D0CF
:101A10006FF0010009B0BDE8F08F761C032E01D0F5
:101A2000082EE0D1601CCAF80000DCE7A96906981E
:101A3000641C88477F1E2AD420F02000412826D12C
:101A4000A9690698641C88477F1E20D420F02000D6
:101A50004E281CD1A9690698641C88477F1E48F44B
:101A6000002849F48009CAF8004001D4282806D08B
:101A7000E969069888475FEACB7012D022E0A9692D
:101A80000698641C88477F1E01D4002803DAE969A0
:101A900006988847BCE72928F1D1641CCAF80040A1
:101AA000E9E71BF0240F07D028680499031D2B6079
:101AB0000068C0E9001805E02868021D2A60006877
:101AC000C0F800902046A5E70000F07F494E464947
:101AD0004E49545900000000B2F120030AD5C2F16A
:101AE000200301FA02F120FA03F300FA02F041EABE
:101AF0000301704700FA03F14FF0000070473A28E5
:101B000000D2303820F02002412A01D3A2F1370060
:101B1000884201D34FF0FF3070475FEA400C08BFA6
:101B200091F0000F4FEA8C234FEAC12243EA515152
:101B30004FEA1C5018BF00F5F0404FEA300018BFC4
:101B400041F000415FEA6C5C00F02980BCF1FF3F8E
:101B500008BF40F080407047130C06BF12044FF0DE
:101B6000100C4FF0000C130E04BF12020CF1080C05
:101B7000130F04BF12010CF1040C930F04BF920069
:101B80000CF1020CD30F04BF52000CF1010C1146F2
:101B90004FF00002A0F11F00A0EB0C00704711F005
:101BA000004F08BF704731F000413FF4D5AF0B0C38
:101BB00006BF09044FF0100C4FF0000C0B0E04BFD1
:101BC00009020CF1080C0B0F04BF09010CF1040C05
:101BD0008B0F04BF89000CF1020CCB0F04BF49002E
:101BE0000CF1010CCCF12003A0EB0C0022FA03F362
:101BF00002FA0CF241EA030100F10100704720F003
:101C00007F4C80EA030023F07F47ACEB070303F52A
:101C10007C5300F0004003F1FF032DE980494FEAB7
:101C2000154B09B44FEA144325EA0B4E24EA034846
:101C30000FF2042606EB132749083E785FEA3202CA
:101C400003FB0667C7F5000707FB06F64FEA5437A4
:101C50004FEAD64606F1020607FB066CCCF1005CA3
:101C60004FEA1C472CEA074C07FB06F40CFB06F571
:101C700004EB15464FEA961634BF00204FF00040A3
:101C80004FEAD13706FB07FC4FEA1C4C0CFB0BF765
:101C9000D21B03FB0CF761EB07010CFB0EF7B0EB5B
:101CA000074072EB17420CFB08F734BFA2EB074268
:101CB000B2EB074261EB17414FEA0C444FEA910740
:101CC00006FB07FC4FEA1C4C0CFB0BF7B0EBC740C4
:101CD00072EB573203FB0CF734BFA2EBC742B2EBF7
:101CE000C74261EB57310CFB0EF7B0EBC70072EB4C
:101CF00057720CFB08F734BFA2EBC702B2EBC70266
:101D000061EB5771039F4FEA816141EA921104EB45
:101D1000CC044FEAD1374FEA826206FB07FC42EA65
:101D200090124FEA80604FEA1C4C0CFB0BF7D21B61
:101D300003FB0CF761EB07010CFB0EF7B0EB074060
:101D400072EB17420CFB08F734BFA2EB0742B2EB71
:101D5000074261EB17414FEA8C554FEA910704EBBC
:101D60009C2406FB07FC4FEA1C4C0CFB0BF7B0EB6A
:101D7000C74072EB573203FB0CF734BFA2EBC742EC
:101D8000B2EBC74261EB57310CFB0EF7B0EBC7006B
:101D900072EB57720CFB08F734BFA2EBC702B2EB31
:101DA000C70261EB577115EB4C254FEA816141EA9F
:101DB00092114FEA82624FEAD13742EA901206FB53
:101DC00007FC44F100044FEA80604FEA1C4C0CFB16
:101DD0000BF7D21B03FB0CF761EB07010CFB0EF7B3
:101DE000B0EB074072EB17420CFB08F734BFA2EBD5
:101DF0000742B2EB074261EB174115EB1C154FEAA6
:101E0000813141EA92414FEA823242EA90424FEAFE
:101E100080304FEA0C7644F1000448EA03434EEA6E
:101E20000B484FF0000EB2EB080C71EB030724BF18
:101E3000624639464EEB0E0E4FF0000B0018524131
:101E400049414BEB0B0BB2EB080C71EB03077BF139
:101E5000000B24BF624639464EEB0E0E4FF0000BCE
:101E60000018524149414BEB0B0BB2EB080C71EBE4
:101E700003077BF1000B24BF624639464EEB0E0E82
:101E800051EA020718BF46F0010616EB0E7655F12F
:101E9000000254F1000103D5BDE88901BDE80088C6
:101EA000BDE88901BDE80048B619524141EB010186
:101EB000A3F10103704780807F7E7D7C7B7A7978F7
:101EC000777676757473727171706F6E6E6D6C6CFF
:101ED0006B6A6A69686867666665646463636261A1
:101EE0006160605F5F5E5E5D5D5C5C5B5B5A5A5922
:101EF000595858575756565555555454535352528E
:101F00005251515050504F4F4F4E4E4D4D4D4C4CE5
:101F10004C4B4B4B4A4A4A4949494848484747472E
:101F2000474646464545454444444443434343426B
:101F3000424242414141000046EA0646A3F5705341
:101F40004FEA164646EA42564FEAD22242EA415248
:101F500010B54FEAD121A3F1010300F02FF820F0D2
:101F6000004000F1020C00F0004701EB0050114668
:101F7000BCF5006F40EA070000D210BDBAF1000FB7
:101F80000AD01CB503B44FF004004FF004014FF029
:101F900000000FBCBDE810404FF00001BBF1010F85
:101FA000B9BF04484FF0FF310348002140EA070061
:101FB00010BD00BFFFFFEF7F0000F07F002B9C46AD
:101FC00030D477002BD01CB54FEA370703B44FF05D
:101FD00010004FF01001BAF1000F06D0BCF1000F55
:101FE000DCBF40F0080040F008014FF000000FBCDB
:101FF000BDE810400BF1010BBBF1010F08BF5FEA18
:10200000170722BF12F1010211F101014FF0004147
:1020100043F1000300F0004043EA00007047F9D3A9
:102020005708D0E746EA064613F1400F4FEA164636
:102030001FDD13F1200FDFBF16430A4600212033B6
:102040005B42BED0C3F1200746EA064602FA07F714
:102050004FEA164646EA0706C3F1200722FA03F2C2
:1020600001FA07F721FA03F14FF0000342EA0702F1
:10207000A7E746EA020646EA06464FEA164646EA59
:102080000106BCBF46EA0646360C4FF000034FF08F
:1020900000024FF0000194E72DE9804C9A469346E8
:1020A00070B491E8380007C831EA400C48BF34EA00
:1020B000430C03D5FFF7A3FDFFF780FFF0BCBDE89D
:1020C000008C2DE9804C9A46934670B491E8380014
:1020D00007C831EA400C48BF34EA430C03D5FFF788
:1020E0008EFDFFF729FFF0BCBDE8008C2DE9804C88
:1020F0009A46934670B491E8380007C810F0804FB4
:1021000008BF13F0804F03D100F01AF8FFF756FF15
:10211000F0BCBDE8008C2DE9804C9A46934670B423
:1021200091E8380007C810F0804F08BF13F0804FC7
:1021300003D100F005F8FFF7FFFEF0BCBDE8008C0E
:1021400020F07F4780EA030023F07F4C07EB0C036D
:10215000A3F57C5300F00040A3F1FE0392F0000FC2
:1021600000F0B38095F0000F00F077802DE9014971
:102170004FEA11404FEA144621EA004800FB06FCF2
:1021800024EA064708FB06F607FB08F800FB07F7FA
:1021900018EB06484CEB164C4FEA124B18EB07486D
:1021A0004FEA15464CEB174022EA0B4E0BFB06FCA0
:1021B00025EA06470EFB06F607FB0EFE0BFB07F7AC
:1021C0001EEB064E4CEB164C4FF000061EEB074E76
:1021D0004CEB174B18EB0B0840F1000018EB0E0B03
:1021E00058EB000840F100008F1A4FF000013CBF8F
:1021F000C943661B14BFB5EB040C00213CBFC943A7
:10220000F61B4FEA17444EEA8E0E27EA04454FEAC2
:102210001C4704FB07622CEA074C05FB07F70CFB85
:1022200005F604FB0CFC16EB074642EB174216EBD7
:102230000C4642EB1C421BEB060658EB02024141E6
:1022400046EA9E0601D5BDE80189B619524141EB27
:102250000101A3F10103BDE801894FEA14454FEAEA
:10226000114724EA054621EA074C05FB07F406FB63
:1022700007F70CFB06F105FB0CFC11EB074144EBE7
:1022800017444FEA124711EB0C4144EB1C4422EA7D
:10229000074C05FB07F206FB07F70CFB06F605FBF0
:1022A0000CFC16EB074642EB174216EB0C4642EBD2
:1022B0001C456A1854F1000148BF7047B6195241D5
:1022C00041EB0101A3F10103704795F0000F37D0F6
:1022D0004FEA11424FEA144721EA024624EA074C2A
:1022E00002FB07F106FB07F70CFB06F402FB0CFCF4
:1022F00014EB074441EB17414FEA154714EB0C442C
:1023000041EB1C4125EA074C02FB07F506FB07F7EA
:102310000CFB06F602FB0CFC16EB074645EB1745DB
:1023200016EB0C4645EB1C42121951F1000148BF57
:102330007047B619524141EB0101A3F10103704707
:102340004FEA14454FEA114724EA054621EA074CB3
:1023500005FB07F106FB07F70CFB06F24FF0000642
:1023600005FB0CFC12EB074241EB174112EB0C4250
:1023700051EB1C4148BF7047921841EB0101A3F19A
:102380000103704710B5044604B910BD4FF4C06195
:102390000C4802F0CDFC00B9F7E70B49094801F001
:1023A00013FB40B90321204600F03AFD07A108A025
:1023B00001F070FDE9E70449204603F0FBFF00BF90
:1023C000E3E700001420002014260020657272004C
:1023D000706172736500000010B50446204600F07D
:1023E00001F810BD10B5E4B00446204604F08EF9A3
:1023F0000CB1607810B1002064B010BD4FF4C6710C
:1024000001A802F01FFC08B90020F5E701A804F0BC
:1024100086F908B90020EFE701A9204604F0FAF890
:102420000120E9E710B5E4B004460CB1607810B1C2
:10243000002064B010BD01A9204604F024F94FF437
:10244000C67101A802F032FC08B90020F1E70120B2
:1024500084F83B05002084F83C050120E9E70000F2
:102460002DE9FF4F93B004469946002600210F4600
:10247000884606910791049105914FF47A70039074
:102480000290019014B1B9F1000F02D117B0BDE86C
:10249000F08F149804F024FA83461E22514204F06F
:1024A000EAF90990159804F01BFA83461422514268
:1024B00004F0E1F9089000251AE004F10E0030F96B
:1024C000152034F91510099804F0ECF90EA921F83B
:1024D000150004F12A0030F915200E3830F91510D6
:1024E000089804F0DFF90AA921F81500681CC5B2A4
:1024F000072DE2D3002547E04FF0000A3FE0C5EB8F
:10250000C5025244D1B20EAA32F815200AAB33F8F4
:102510001A305A4302F58042D00B064401EB4103C6
:1025200004F1380232F81320A0FB0232DF1942EB2B
:10253000080801EB410304F1380202EB4302528820
:10254000A0FB02BCDDE906231BEB02024CEB030CF3
:10255000CDE9062C01EB410304F1380202EB430202
:102560009288A0FB02BCDDE904231BEB02024CEBCA
:10257000030CCDE9042C0AF1010000F0FF0ABAF1C6
:10258000070FBCD3681CC5B2072DB5D3A6B1324620
:10259000002338464146FDF73AFE039032460023B9
:1025A000DDE90601FDF733FE029032460023DDE946
:1025B0000401FDF72CFE0190039806F0E9FC19498F
:1025C000009006F09BFB8346D4F8601106F028FDCE
:1025D000C9F80000029806F0DBFC1249009006F0F2
:1025E0008DFB83464FF4B2700159584606F018FD32
:1025F000C9F80400019806F0CBFC0A49009006F0E7
:102600007DFB83464FF4B4700159584606F008FD2F
:10261000C9F8080004F5807099E80E006C300EC00F
:1026200000BF33E700007A4470B504460D4604B994
:1026300070BD0020C4F8600100214FF4B270015158
:10264000001D015104F580700146D1E91823896EFF
:10265000C0E91B23416745B195E80E0060300EC00C
:102660006C3895E80E006C300EC0204604F068F817
:10267000204604F08FF800BFDAE72DE9F041054667
:102680000E4617460DB9BDE8F081AEB1002411E049
:1026900036F8140025F8140006F10E0131F9140083
:1026A0001E22012104F0E7F805F10E0121F81400C3
:1026B000601CC4B2072CEBD3C7B1002414E037F878
:1026C000141005F11C0020F8141007F10E0131F967
:1026D00014001E22012104F0CEF8014605F12A0063
:1026E00020F81410601CC4B2072CE8D300BFCAE75E
:1026F00030B500B101B930BD00F5807291E8380005
:10270000603238C200BFF6E72DE9F04105460E46BB
:10271000174615B10EB1312F02D20020BDE8F0816D
:10272000002433E004EB440136F811004FF4FA6260
:10273000911004F0ABF804EB440205F1380121F8E4
:10274000120004EB440106EB4101488840F6B83220
:10275000C82104F09BF804EB440205F1380101EBB9
:102760004201488004EB440106EB4101888840F6B1
:10277000C4124FF4967104F089F804EB440205F199
:10278000380101EB42018880601C84B2312CC9D32E
:102790000120C3E700B97047002180F83C1000BF5A
:1027A000F9E7000070B504460D4604B970BD00207D
:1027B000207060600021A160E160201D07C8C4E9AD
:1027C00005122061201D07C8C4E90812E06100203D
:1027D00084F828000E48E0620E4820630E486063CB
:1027E0000020A06384F83C0085B195E80700231D14
:1027F00007C3201D04F0A4F8201D07C8C4E9051272
:102800002061201D07C8C4E90812E06100BFCDE7C0
:102810009A99993F9A99193FCDCC4C3F70B504468F
:102820000D4604B105B970BD95E80700C4E908126A
:10283000E06104F11C0004F083F8012084F8280012
:1028400000BFF0E770B504460D4604B105B970BD90
:1028500095E80700231D07C3201D04F071F82078B8
:1028600020B9201D07C8C4E90512206100BFEEE7AA
:1028700000B97047017000BFFBE700002DE9FE437F
:1028800004460E4615461F46DDF828801CB116B1D9
:10289000B8F1000F01D1BDE8FE83201D07C88DE807
:1028A00007002078012804D196E807008DE807008A
:1028B0000FE0207802280CD194F8280028B1D4E940
:1028C0000812E0698DE8070003E096E807008DE84C
:1028D0000700684604F034F83946E06A06F0A0FBC9
:1028E000814600994A46206904F046F8206139463D
:1028F000206B06F095FB814601994A46606904F019
:102900003BF860613946606B06F08AFB81460299AC
:102910004A46A06904F030F8A06104F1100004F008
:102920000FF885B30021A06B06F046FB09D8002103
:10293000686806F041FC04D2287D10B16868A06385
:1029400021E00021A06B06F037FC0BD21249A06BEE
:1029500006F066FB8146696806F02EFC02D26868C4
:10296000A06310E00021A06B06F026FC0BD20B49FF
:10297000A06B06F055FB8146696806F01DFB02D28C
:10298000012084F83C00D4E905022169C8E901026C
:10299000C8F8001000BF7EE79A99593F9A99993F6D
:1029A00010B501F073FA01F0D7FA0F4800F052FAAF
:1029B0000D48FFF717FD20B10CA10EA001F06AFA37
:1029C00003E00EA10BA001F065FA074801F0C8FA78
:1029D000054890F8AC0008B10AA000E00AA0014642
:1029E0000CA001F057FA10BDB02700206C6F616495
:1029F0006564000070726F66696C6500646566618D
:102A0000756C74006F6B0000696D755F7761726E35
:102A100000000000626F6F740000000010B546E017
:102A200025484068401C24494860084601F066FA81
:102A30002148FFF7A7FC204840681F498968401AD1
:102A40000A2807D31C4880680A301B49886008465A
:102A500000F052F8184840681749C968401A3228EF
:102A600007D31548C06832301349C860084600F0E3
:102A70003BFC1148406810490969401A642807D393
:102A80000D48006964300C490861084601F020FADD
:102A90000948406808494969401A642807D306482C
:102AA0004069643004494861084601F059FA01F070
:102AB0009BFB0028B4D110BDB027002010B5044600
:102AC00004B910BD002020836070608304F5577046
:102AD00000F045FC204604F055F9204604F074F956
:102AE0000020C4F81C05C4F8200504F5967000F019
:102AF000E8FC00BFE5E700002DE9FF5F04460CB9E4
:102B0000BDE8FF9FB84DD4F8F0640121204604F0E1
:102B100069F8204604F036F96078022804D004F100
:102B2000CC0003F059FFEBE794F8AC0010B1608BD8
:102B3000142804D90221204600F072F9E0E7207839
:102B4000012812D194F8C80040B9A08F142805D9E3
:102B50004FF07C51304606F063FA064694F8C80000
:102B600018B9A08F502800D90026204604F07AF921
:102B7000D4F8B010D4F8CC0001F07BFDC4F82805DF
:102B8000D4F82415D4F8280506F0DAFB294601907C
:102B900006F0B4F8C4F82C05D4F82805C4F82405C8
:102BA0002B4604F5827004F5A56106C900F0B7FC58
:102BB0000746D4F804A5207878B90021304606F0FD
:102BC000FBFA0AD28949304606F02AFA0190884970
:102BD000D4F8042503F017FF82468AF000405246DD
:102BE00001460190384603F00EFF0746207858B999
:102BF0000021304606F0E0FA04D27C49304606F067
:102C00000FFA05E0002003E0D4F8000580F0004052
:102C10000390D02006513946304606F091FB0190D2
:102C2000D4F80025039903F0EEFED421085139466B
:102C3000304605F0EFFF0190D4F80025039903F02A
:102C4000E2FED8210851DC20D4F828150151E020FB
:102C5000D4F82C150151E42007512078F0BB2B4605
:102C6000314604F59670D4F8142504F0BBF80290B0
:102C70004FF0000B4FF07C51304606F09DFA04D225
:102C80003146384606F03AF883465A4A5A49584679
:102C900003F0B9FE8346EC21029808515946029888
:102CA00006F0BEF9F0210851F0200159029806F013
:102CB00047FB8046F0200159029805F0ABFF8146A2
:102CC0004E4B4F4A4146D4F81C0503F043FF804663
:102CD0004A4B4B4A4946D4F8200500E003E003F094
:102CE00039FF814620E00021EC200151F020015104
:102CF000D4221059D4F8081506F022FB2A460146C2
:102D0000019004F5AA7000F0EEFB8046D82210591D
:102D1000D4F80C1506F014FB2A460146019004F580
:102D2000BE7000F0E0FB8146C4F8F480C4F8F8906F
:102D3000B4F9380506F014F90190207808B900209C
:102D400005E0B4F9380506F00BF980F0004000907A
:102D500001464046019A03F056FE8046B4F9380514
:102D600006F0FEF80190207808B9002005E0B4F9DB
:102D7000380506F0F5F880F000400090014648461E
:102D8000019A03F040FE8146B4F93815404603F03D
:102D90004EFEFC210853B4F93815484603F047FEAF
:102DA000FE210853012184F80011B4F9FC0006F05B
:102DB000D7F8C4F81C05B4F9FE0006F0D1F8C4F841
:102DC0002005384603F0FCFD01902B46024604F531
:102DD0005770D4F8281500F0D5FA04F1CC0003F0B0
:102DE000FBFD00BF8CE600000AD7233C3333B33E23
:102DF000000040409A99193F9A9919BF000040413C
:102E00000000F04108B1417801B170470178491CD8
:102E100001F001010170012180F83C1500BFF4E7C9
:102E200070B504460D4604B970BD2583042060705A
:102E3000204603F0A7FF204603F0C6FF0020C4F899
:102E40001C05C4F8200504F1CC0003F0C5FD00BF4B
:102E5000EAE7000070B586B004460CB906B070BD54
:102E60004FF4A8612046FDF7B3FC6A4803906A4816
:102E700004906A4805906A48C4F8D804694940F249
:102E8000DC4001516849001D015100202070607034
:102E90006648C4F8F0040020C4F8F8046448C4F894
:102EA000FC046448C4F800056348C4F804056420C1
:102EB000A4F838055B48C4F818050020208384F87E
:102EC0003B0584F83C0501F021FE01F087FA01F092
:102ED00037FF204603F0E0FD01F0D6FB84F8AC009C
:102EE00094F8AC0040B1502104F1440001F06CFBB7
:102EF00004F1440001F0B4FCD4F8040580F000456E
:102F00004E484F49CDE900102A4603A904F58270C6
:102F1000D4F8043500F0BEFAB4F9380506F020F80C
:102F20000546484800212B460A46CDE9001004F525
:102F30009B6104F5967000F0ADFAB4F9380506F01F
:102F40000FF80646B4F9380506F00AF880F0004597
:102F50003C483D4933462A46CDE9001004F59B61C3
:102F600004F5AA7000F096FAB4F9380505F0F8FFF8
:102F70000646B4F9380505F0F3FF80F00045314806
:102F8000314933462A46CDE9001004F59B6104F52A
:102F9000BE7000F07FFA03A904F5D270FFF744FB7E
:102FA00003A904F54770FFF7FDFB012104F5477005
:102FB000FFF75EFC04F5577000F0C2F904F590606D
:102FC00003A90EC964300EC0204603F0DBFE782151
:102FD000204603F007FED4F8B800C4F80805D4F87A
:102FE000BC00C4F80C05D4F8C000C4F81005D4F82F
:102FF000C000C4F814050020C4F81C05C4F820055E
:10300000D4F8B000C4F8F404204600F06DF900BF15
:1030100024E700009A99993F0AD7A33DAE47613E45
:103020006666E63F3333B33E0AD7A33C00000C424A
:103030000000C04000008C420000C8410000704108
:10304000000070C100007042000070C270B50446FC
:103050000D4604B105B970BD294604F54770FFF768
:10306000F1FB294604F5D270FFF742FB94F81C03EC
:10307000022804D1294604F54770FFF7CFFB20460C
:1030800000F032F9012084F83C0500BFE3E70000BE
:1030900070B504460D4604B970BD064A0649284677
:1030A00003F0B1FCC4F8F804012084F83C0500BF2B
:1030B000F2E7000000003442000034C270B504465C
:1030C0000D46164604B970BD3246294604F5D27045
:1030D000FFF7D3FA204600F007F9012084F83C05F9
:1030E00000BFF0E770B504460D46164604B105B9B9
:1030F00070BD3246294604F5D270FFF705FB28B1B2
:10310000204600F0F1F8012084F83C0500BFEFE70D
:1031100002461AB1022901DA507808B1002070473E
:103120001170012082F83C0500BFF8E770B5044635
:103130000D4604B105B970BD04F5906095E80E0028
:1031400058300EC004F59B6104F5967000F0C1F98B
:1031500004F59B6104F5AA7000F0BBF904F59B61CE
:1031600004F5BE7000F0B5F9012084F83C0500BFFD
:10317000E1E770B504460D4604B970BDD4F800050A
:1031800080F0004602463146284603F03CFCC4F875
:10319000F004012084F83C0500BFEEE770B504465A
:1031A0000D4604B970BD064A4FF07C51284603F025
:1031B0002AFCC4F8FC04012084F83C0500BFF1E7B8
:1031C0000000A04170B504460D460CB1032D00DB94
:1031D00070BD294604F54770FFF74AFB204600F012
:1031E00083F8012084F83C0500BFF1E710B50446E0
:1031F00004B910BD01206070002184F8AC10C82112
:10320000204603F0EFFC20B901212046FFF708FE1D
:10321000EFE701F04DF904F5827000F052F904F582
:10322000967000F04EF904F5AA7000F04AF904F522
:10323000BE7000F046F904F5577000F090F804F500
:103240004770FFF7A7FAD4F8B000C4F8F4040020E0
:10325000C4F82405C4F82805C4F82C05D4F8B8002F
:10326000C4F80805D4F8BC00C4F80C05D4F8C000B4
:10327000C4F81005D4F8C00004F2145420600020F3
:10328000E061206284F82600A060E060A4F214549B
:10329000204603F077FD012184F8001104F1CC00F1
:1032A00003F09AFB0220607000BFA2E710B504464D
:1032B00004B910BD03206070204603F063FD204672
:1032C00003F082FD0020C4F81C05C4F8200504F5B5
:1032D000967000F0F6F804F1CC0003F07DFB0020BE
:1032E000607000BFE5E700007FB5044604B97FBD0C
:1032F00001AB04F5D27004F5A56106C9FFF7B0F87B
:1033000004F5577000F016F8054604F2E440084B47
:103310002A4601A9009004F54770FFF7AFFA04F2BE
:10332000E44104F5827000F0D4F800BFDFE700004C
:10333000CDCC4C3D014609B9002070470846FCE75A
:1033400000B5024602B900BD4FF0804090614FF0D9
:103350007C50D061104600F002F800BFF3E700B9DE
:1033600070470021016041608160C16001610175A9
:1033700041750162416280F8281080F8291000BF71
:10338000EEE700002DE9F84F044688461F46002668
:1033900024B10021384605F00FFE01D8BDE8F88FB2
:1033A000404603F0A3FD05463946606A05F032FC4D
:1033B00060624146404605F033FE8246394605F0DC
:1033C0002FFE8146216805F025FC206041464046DD
:1033D00005F026FE3946009005F022FE8246294976
:1033E00005F01EFE81462849606805F019FE8346F7
:1033F000494605F00FFC60602846216905F0DCFEB7
:1034000000D225612149404605F0D6FE01D20126B1
:1034100006E01F49404605F0CFFD01D24FF0FF36D0
:1034200094F8280038B136B194F92800B04202D09F
:10343000012084F829000EB184F8286094F829004E
:1034400028B12846A16805F0B7FE00D2A56028463D
:10345000A16905F0B1FD10D83946206A05F0DAFB04
:103460002062207D58B9D4E9071005F0A5FE06D8E2
:1034700001202075606AE06001E00020206200BF4A
:103480008CE700000AD7A33D1F856B3F0AD7233C7A
:103490000AD723BCF0B5DDE9054500B9F0BD00262B
:1034A000066046608660C660066146618261C361EF
:1034B0000462456219B191E8C01080E8C01000BFF5
:1034C000ECE700B970470021C1600161416100BFB4
:1034D000F8E710B500B101B910BD91E81C0080E813
:1034E0001C0000BFF8E72DE9F04105460E461446E2
:1034F00000270021204605F05FFE08D230462969EA
:1035000005F01EFF8046214605F0F8FB07462346DE
:103510003A463146284600F002F8BDE8F0812DE930
:10352000F84F04460D4617461E4614B90020BDE864
:10353000F88F0021304605F03FFE08D2314628467C
:1035400005F06EFD0090E16805F064FBE060E16865
:10355000606805F065FD80464046D4E9081203F036
:10356000D1FC80460021606805F08AFC05D0404609
:10357000616805F0C3FBE06002E00020E060804687
:103580002946206805F04CFD82463946A06805F0C2
:1035900047FD83464146504605F03CFB59460090A6
:1035A00005F038FB81464846D4E9061203F0AAFC30
:1035B00081462561C4F814904846B8E707B5ADF5D3
:1035C000167D969818B1979808B1989810B90DF58E
:1035D000197D00BD9698D0F8A4008C9005F0D8FC19
:1035E000F0498D9005F08AFB94909698B0F9F80018
:1035F0008C9005F0B5FCEC498D9005F07FFB939025
:103600009698B0F9FA008C9005F0AAFCE6498D90E6
:1036100005F074FB92909698D0F8F000E2498D90F6
:1036200005F06CFB91909698D0F8F400DE498D90EF
:1036300005F064FB90909698D0F8E800DA498D90F8
:1036400005F05CFB8F909698D0F8EC00D6498D90F1
:1036500005F054FB8E909698D0F80C014D9005F033
:10366000ADFA8D918C909698D0F808014D9005F0A8
:10367000A5FA8B918A909698D0F804014D9005F0A8
:103680009DFA899188909698D0F800014D9005F0A8
:1036900095FA879186909698D0F844014D9005F060
:1036A0008DFA859184909698D0F840014D9005F060
:1036B00085FA839182909698D0F82C014D9005F070
:1036C0007DFA819180909698D0F828014D9005F070
:1036D00075FA7F917E909698D0F824014D9005F070
:1036E0006DFA7D917C909698D0F820014D9005F070
:1036F00065FA7B917A909698D0F81C014D9005F070
:103700005DFA799178909698D0F818014D9005F06F
:1037100055FA779176909698D0F848014D9005F03B
:103720004DFA759174909698D0F8DC004D9005F0A4
:1037300045FA739172909698D0F8D8004D9005F0A4
:103740003DFA719170908E9805F038FA6F916E90F5
:103750008F9805F033FA6D916C90909805F02EFAE1
:103760006B916A90919805F029FA69916890929806
:1037700005F024FA67916690939805F01FFA659119
:1037800064909698D0F83C014D9005F017FA63913B
:1037900062909698D0F838014D9005F00FFA61913B
:1037A00060909698D0F834014D9005F007FA5F913B
:1037B0005E909698D0F830014D9005F0FFF95D913C
:1037C0005C909698D0F8B8004D9005F0F7F95B91B1
:1037D0005A909698D0F8B4004D9005F0EFF95991B1
:1037E00058909698D0F8AC004D9005F0E7F95791B5
:1037F00056909698C0884D9003F05EFC5590969830
:10380000C0884D9003F070FC54909698007A4D90CB
:1038100003F0BEFC5390969880784D9003F00CFD19
:103820005290969840784D9003F07EFD5190969876
:1038300000784D9003F0DEFC5090949805F0BEF9AE
:103840004F914E90969890F84E01969991F84D119F
:10385000969A92F84C214A924B914C908D998C9863
:10386000499148908B998A98479146908999889870
:103870004591449087998698439142908599849880
:103880004191409083998298CDE93E018199809839
:10389000CDE93C017F997E98CDE93A017D997C98EC
:1038A000CDE938017B997A98CDE9360179997898F4
:1038B000CDE9340177997698CDE9320175997498FC
:1038C000CDE9300173997298CDE92E017199709804
:1038D000CDE92C016F996E98CDE92A016D996C980C
:1038E000CDE928016B996A98CDE926016999689814
:1038F000CDE9240167996698CDE92201659964981C
:10390000CDE92001969890F8291090F82820B0F978
:103910002630B0F92400CDE91D321F911C90639927
:103920006298CDE91A0161996098CDE918015F9913
:103930005E98CDE916015D995C98CDE914015B991B
:103940005A98CDE9120159995898CDE91001579923
:103950005698CDE90E01969800699699C968969A8D
:103960005269559BCDE90932CDE90B109698C08874
:10397000969B9B88539A5499CDE90532CDE907105F
:10398000519A50995298CDE9021204904F994E984D
:10399000064ACDE9000198999798FCF7AFFC00BF63
:1039A00015E6000000007A440000C842089D0008A7
:1039B00010B5044604B910BD4FF4CE712046FCF793
:1039C00007FF00BFF7E700002DE9F04190B0064681
:1039D0000C4606B11CB9002010B0BDE8F0812046AD
:1039E000FFF7E6FF4FF4C062DA49304603F052FCBD
:1039F000D848007808B90020EEE7D64800787B2840
:103A000019D0D5A1D348FCF70BFF10B901202070C5
:103A1000E2E7D2A1CF48FCF703FF10B901206070A4
:103A2000DAE7D0A1CB48FCF7FBFE10B90120A0706B
:103A3000D2E70020D0E7202308AACCA1C54803F094
:103A4000F2FA10B900208DF82000CAA108A8FCF7EE
:103A5000E7FE10B90120207026E0C8A108A8FCF7F5
:103A6000DFFE10B9012060701EE0C6A108A8FCF7B7
:103A7000D7FE10B90120A07016E0C4A108A8FCF779
:103A8000CFFE10B90120E0700EE0C3A108A8FCF73A
:103A9000C7FE10B90120207106E0C3A108A8FCF7F9
:103AA000BFFE08B90120607120236A46C2A1A9485F
:103AB00003F0B9FA28B10120A071684603F036FA84
:103AC000E07120236A46BEA1A24803F0ACFA28B1F7
:103AD00001202072684603F039FA607204F10C028A
:103AE000B9A19C4803F075FA08B10120A07204F155
:103AF0001402B7A1974803F06CFA10B101202074AA
:103B000008E004F11402B5A1924803F062FA08B18A
:103B100001202074B3A108A8FCF782FEC8B104F10B
:103B20001C02B5A18B4803F054FA48B304F12002FB
:103B3000B3A1884803F04DFA10B304F12402B2A1F6
:103B4000844803F046FAD8B1B1A18248FCF776FD6B
:103B5000B0B104F11C02A8A17E4803F03AFA78B192
:103B600004F12002A6A17B4803F033FA40B104F12E
:103B70002402A5A1774803F02CFA08B10120207691
:103B8000A7A108A8FCF74CFEB8B904F12C029AA131
:103B9000704803F01EFA80B104F1300298A16D481C
:103BA00003F017FA48B104F1340297A1694803F011
:103BB00010FA10B1012084F828009EA108A8FCF793
:103BC0002FFE00287DD193239E4A9FA1614803F0D8
:103BD000DBF9E0B300254CE005EB4501994A52F8CA
:103BE00021009B4905F01CFA80464FF07C5105F0FE
:103BF00011F8074605F094F981B205EB450204F18E
:103C00003A0020F8121005EB4501491C8D4A52F884
:103C100021008F4905F004FA80464FF07C5104F0F2
:103C2000F9FF074605F07CF981B205EB450204F186
:103C30003A0000EB4200418005EB4501891C814AB6
:103C400052F82100824905F0EBF9804600E015E0CA
:103C50004FF07C5104F0DEFF074605F061F981B2B8
:103C600005EB450204F13A0000EB42008180681C3C
:103C7000C5B2312DB0D3012084F838000723754A2E
:103C800075A1344803F080F990B100250BE071492B
:103C900051F8250005F028F901B204F5B17020F8BB
:103CA0001510681CC5B2072DF1D3012084F86001FE
:103CB0000723684A6BA1274803F066F998B10025ED
:103CC0000CE044E0634951F8250005F00DF901B21C
:103CD00004F5B87020F81510681CC5B2072DF1D393
:103CE000012084F8600107235A4A61A1194803F0B2
:103CF0004BF990B100250BE0564951F8250005F02D
:103D0000F3F801B204F5C07020F81510681CC5B2B4
:103D1000072DF1D3012084F87E0107234D4A58A1D5
:103D20000C4803F031F990B100250BE0494951F8F6
:103D3000250005F0D9F801B204F5C77020F8151078
:103D4000681CC5B2072DF1D3012084F87E01012043
:103D500042E60000CC12002052554E0053544F5002
:103D600000000000535441545553000022636D6419
:103D700022000000737461727400000073746F702D
:103D8000000000007374617475730000636C6561FA
:103D9000725F6661756C7400736176655F70726FD7
:103DA00066696C65000000006C6F61645F70726F23
:103DB00066696C6500000000226D6F64652200007A
:103DC0002274756E6522000022737065656422009E
:103DD0002268656164696E6722000000227472695E
:103DE0006D2200007570646174655F686561646967
:103DF0006E675F7069640000226B70220000000033
:103E0000226B692200000000226B64220000000087
:103E10002268656164696E675F70696422000000F2
:103E20007570646174655F73706565645F70696403
:103E3000000000007570646174655F72756C657375
:103E400000000000CC1800202272756C65732200FF
:103E500000007A44181B002022655F63656E74655C
:103E60007273220022655F7369676D6173220000BF
:103E70002265635F63656E746572732200000000E3
:103E80002265635F7369676D6173220010B500F08E
:103E900045FF10BD38B505460C46234604A26021F7
:103EA0000A480095FCF72AFA084800F03BFF38BDA5
:103EB0007B2261636B223A222573222C226974656E
:103EC0006D223A222573227D0D0A0000341B00204A
:103ED00010B5044604B910BD204603F03FFA4FF474
:103EE0009062054904F56270FFF768FB024800F034
:103EF00019FF00BFEFE70000941B002070B50446D7
:103F000004B970BD606800F0A1FD054605B9F8E789
:103F1000022D0CD1607818B92046FEF773FF05E03A
:103F20006078042802D12046FEF7C8FDE9E76078F2
:103F3000022803D12046FFF7B9F90BE06078042886
:103F400003D12046FEF7BAFD04E0607810B92046A0
:103F5000FFF74CF900BFD4E710B500F049FD10BDE4
:103F60002DE9F04198B0044614B918B0BDE8F081CD
:103F7000607803F083FA054694F81C0303F0AAFA6C
:103F80000646207803F06AFA07463B462DA2112127
:103F900013A8CDE90065FCF7B1F9D4F8B00004F03E
:103FA0000DFE05460E46D4F8C00004F007FE28A218
:103FB0008DE8630011210EA8FCF7A0F960780428B1
:103FC0000BD1238B26A2112109A8FCF797F927A270
:103FD000112104A8FCF792F921E0E421085904F02A
:103FE000EDFD05460E46D4F8280504F0E7FD23A2B2
:103FF0008DE86300112109A8FCF780F994F85803B3
:1040000008B1522100E02D21B4F9FE00CDE90001F4
:10401000B4F9FC301DA2112104A8FCF76FF913A913
:10402000012000F0A0F90EA9022000F09CF909A9D6
:10403000032000F098F904A9042000F094F900BFCF
:1040400093E70000257320257320257300000000EE
:104050005625352E3166205925352E316600000053
:104060004641554C543D253475000000434C523AAE
:1040700053484F5254204B45592000004525352EBA
:104080003166204325352E31660000004C2533640F
:1040900020522533642025630000000008B5014646
:1040A0000020009003480090009808440090009879
:1040B000008808BD006C004008B500220092044A48
:1040C0000092009A02440092009A116008BD00001C
:1040D000006C004010B503F0CFFB1249087003F0EC
:1040E000F2FB0C20FFF7DAFF45F65A2188420CD18B
:1040F0000820FFF7D3FF04464FF6FF70844201D13A
:10410000012408E0601C84B205E0012445F65A2130
:104110000C20FFF7D1FF21460820FFF7CDFF024812
:10412000048010BD3A0000203800002010B5FFF7D1
:10413000D1FF03F0E3FB0149088010BD3C000020E3
:1041400001480088704700003800002001480068DE
:1041500070470000480000200148006870470000D8
:104160004000002001480088704700003C0000200B
:1041700001480068704700004400002001480078B2
:10418000704700003A0000200B480078072811D241
:10419000DFE800F0100406080A0C0E0007A07047C4
:1041A00008A0FCE709A0FAE709A0F8E709A0F6E7EC
:1041B00009A0F4E70AA0F2E73A0000205757444765
:1041C00000000000495744470000000053465400D7
:1041D000504F520050494E004C50575200000000C2
:1041E000554E4B4E00000000002000BFEFF3108240
:1041F000114672B6054A12882AB1044A1288521E24
:10420000024B1A80012001B962B6704734000020C9
:104210001FB50121042001F083F90020ADF80A0048
:10422000ADF8060040F2E730ADF808004720ADF8E1
:10423000040000208DF80C0001A9144801F018FCBE
:104240000121124801F0F2FA012211460F4801F053
:1042500040FB4FF4A06000F0D5FF1E208DF8000059
:1042600002208DF8010000208DF8020001208DF859
:104270000300684600F08EFF0020054908600549EC
:1042800008800121014801F0D4FA1FBD0008004058
:10429000300000203400002010B501210C4801F04E
:1042A00007FB00B910BD0121094801F0BFFA094818
:1042B0000068401C0749086007480088B0F57A7F0D
:1042C00004D205480088401C0349088000BFE9E784
:1042D0000008004030000020340000200446204642
:1042E00003F064FB00BF0748006800F4E060064983
:1042F0000843001D03490860BFF34F8F00BF00BF94
:10430000FEE700000CED00E00000FA0510B5032008
:10431000FFF7E4FF10BD704700B5034603E04FF41C
:104320007A7000F005F8181EA3F10103F7D100BD63
:1043300000EBC001C9004FF0E02251610021916102
:104340000521116100BF4FF0E021096901F48031BE
:104350000029F8D004214FF0E0221161704710B518
:1043600000F0D6FF10BD70B586B006460D4600249D
:1043700004E0202001A90855601CC4B2102CF8D319
:1043800000208DF814005DB1002404E0285D01A92F
:104390000855601CC4B2102C02D2285D0028F5D14B
:1043A00001AA0121304601F057F806B070BD70B582
:1043B00004460D46294620B203F06AFB70BD00009A
:1043C00000B9704704490A6802604A684260098976
:1043D000018100BFF5E700005A0000201FB5012150
:1043E000032001F09DF80121042001F0A9F8C32069
:1043F000ADF80C0048208DF80F0003208DF80E005A
:1044000003A9294800F0D5FD0020ADF80600ADF85D
:1044100002004FF6FF70ADF804000020ADF8000078
:104420008DF8080069464FF0804001F021FB002321
:104430001A4603214FF0804001F016FA4FF08040F9
:10444000008B40F60F71084040F0C00040F440403F
:104450004FF0804108836946144801F009FB0023AE
:104460001A460321114801F0FFF91048183000885E
:1044700040F60F71084040F0C00040F440400B4946
:10448000183108800121880701F0D3F9012107487C
:1044900001F0CFF900214FF0804001F0E6FA002151
:1044A000024801F0E2FA1FBD00080140000400408C
:1044B00010B500214FF0804001F0D7FA00210248EA
:1044C00001F0D3FA10BD0000000400402DE9F041D6
:1044D00004460F460CB9BDE8F0814FF0804003F070
:1044E000CBFA05461E4803F0C7FA06461D4890F968
:1044F0000500684305B21B4890F90600704306B2F8
:10450000A581E681002020746074284603F08EFAAD
:104510001449098909B2884202DD0025012020746E
:10452000304603F083FA0F49098909B2884202DD57
:10453000002601206074258166812068284420605F
:104540006068304460603946284603F0A1FA606133
:104550003946304603F09CFAA06100BFBBE700007B
:10456000000400405A00002000B97047018811B1D2
:104570000188144A1180418811B14188114A518043
:10458000017911B101790F4A117190F905100029D3
:1045900001DB012101E04FF0FF310A4A517190F92E
:1045A0000610002901DB012101E04FF0FF31054A2F
:1045B0009171018909B1018900E07821014A1181D5
:1045C00000BFD2E75A0000202DE9F05F04460F46F5
:1045D0004FF00008C146C24600250CB9BDE8F09F67
:1045E00000261EE0204600F0EBF818B90520FFF782
:1045F00093FE14E04046A16904F00CFB8046484657
:10460000E16904F007FB81465046216A04F002FB91
:104610008246681C85B20520FFF77EFE00BF701C35
:1046200086B2BE42DEDBDDB1284604F0B1FC834633
:104630005946404604F062FB6062284604F0A8FC3C
:1046400083465946484604F059FBA062284604F0C8
:104650009FFC83465946504604F050FBE06203E05D
:1046600000206062A062E062204600F0F9F800BF1E
:10467000B4E770B504460D462946204604F060FEB6
:10468000064603F01BFF70BD10B59AB001204049EB
:10469000087000203F4908703F4908703F49087082
:1046A0003F4908603F4908603F4908803F48002172
:1046B0000160818064216846FCF78AF801210D20A1
:1046C00000F03EFF01213A4800F0FEFC4FF440505C
:1046D000ADF8640014208DF8670003208DF86600A3
:1046E00019A9344800F065FC4FF48040ADF864002F
:1046F00010208DF8670003208DF8660019A92D4859
:1047000000F057FC4FF40040ADF8640048208DF8ED
:10471000670003208DF8660019A9274800F049FCBE
:104720004FF48041234800F022FD4FF4805121488E
:1047300000F01DFD4FF400511E4800F018FD00244C
:1047400009E01E49085D6A46002103F0CBF900B17B
:1047500003E0601CC4B2042CF3DB00BF0D480078FA
:1047600070B9002409E01549085D6A46012103F08B
:10477000B9F900B103E0601CC4B2042CF3DB00BF44
:10478000002003490870034800781AB010BD0000EB
:104790006A00002069000020680000206B000020F3
:1047A000780000207C000020800000206C000020A9
:1047B00000023000000C014000080140BC9B0008D2
:1047C0002DE9FC4104460027002514B90020BDE86E
:1047D000FC81002084F862001E48007808B900209F
:1047E000F5E7002616E0694601A803F051FB00B981
:1047F00012E001279DF80400032803D09DF804006F
:10480000042805D1BDF80010204603F023FA054323
:10481000701CC6B2062EE6D300BF1DB994F8600026
:1048200028B127B900200C4908800120CFE70B48A8
:10483000007868B908480088401C80B206490880A2
:10484000282805D30020088002490870FFF71CFFC4
:104850002846BCE769000020800000206A00002094
:1048600000B9704708490968084A1160002141658C
:104870008165C16541638163016380F8611080F8DF
:10488000621000BFEDE700007C00002078000020EF
:104890002DE9F0470446894614B194F8600008B940
:1048A000BDE8F0874B4801684B48006804F048FDBC
:1048B000074603F003FE804694F8610000287DD08F
:1048C0000021484604F078FC78D24046A16B04F001
:1048D00037FD054604E04149284604F031FD054610
:1048E0003F49284604F068FCF5D304E03B492846DC
:1048F00004F090F905463B49284604F05DFBF5D3EA
:104900004946284604F0FAF9064600BF25F0004063
:104910000746354904F050FC07D300BF26F000409D
:1049200007462F4904F048FC2DD249462C4804F094
:1049300077FB07460021384604F03EFB00D82A4F9B
:104940002949384604F038FC00D2274F394628461A
:1049500004F032FC00D23D4687F0004A294650461A
:1049600004F02AFC01D287F000452946A06B04F030
:1049700051F9824603F0A2FD80464946284604F0DC
:10498000BDF9064600BF1649304604F015FC00D2BA
:10499000134E1449304604F00FFB00D2114E30463E
:1049A000216B04F0CDFC8246104904F039FB074628
:1049B000216B04F02FF9206305E0FFE7002020635E
:1049C000012084F86100C4F83480C4F8388000BF46
:1049D00066E70000780000207C0000200000B4435F
:1049E00000003443000034C3000034423333B33E8C
:1049F00008B50121082000F0A3FD2020ADF800003B
:104A000048208DF8030003208DF80200694609480C
:104A100000F0CFFA03F09AFD0749087008460078C5
:104A200006490870002006490870064908600649D2
:104A3000086008BD000C01404C0000204D00002023
:104A40004E000020500000205400002070B50446A5
:104A500003F07CFD05461A480078854203D01848CB
:104A600005701848046017480068201A142801D2FD
:104A7000002070BD1448007885420ED012480570A1
:104A8000007828B11148046000201149087004E042
:104A90000F48007808B90120EBE70B48007868B1AF
:104AA0000B48007850B909480068201AB0F5487FD3
:104AB00004D30120064908700220DAE70020D8E775
:104AC0004C000020500000204D0000205400002029
:104AD0004E00002070B505460C46284603F04AFDFE
:104AE0000546204603F046FD04460748007810B905
:104AF00000F0A0F870BD284603F04AFD204603F000
:104B000071FD00BFF6E700005800002000B589B035
:104B1000012140F60C0000F013FD10208DF8230059
:104B200003208DF822000120ADF8200008A93048AC
:104B300000F03FFA3020ADF8200008A92D4800F021
:104B400038FA40F20240ADF8200008A9284800F0E9
:104B500030FA18208DF823004001ADF8200008A994
:104B6000244800F026FA0020ADF81A00ADF816002F
:104B70006320ADF8180040F2CF20ADF814000020FB
:104B80008DF81C0005A91C4800F072FF01A800F078
:104B90005EFF6020ADF804000020ADF80C0001209D
:104BA000ADF806000020ADF80A0001A9124800F097
:104BB00099FE01A9104800F0EBFE08210E4800F014
:104BC000DDFE08210C4800F035FF01210A4800F005
:104BD00021FE0121084800F038FE0121064800F0BE
:104BE00028FE00F027F8002000F008F809B000BD0A
:104BF000000C014000080140002C014010B50446A3
:104C00000CB1012000E00020084908700846007837
:104C100020B10121064800F0AAFA05E0012104486C
:104C200000F0A3FA00F006F810BD000058000020C4
:104C3000000C014010B5002003F0AAFC002003F096
:104C4000D1FC10BD2DE9F04180460D46B8F1000FB2
:104C500000D015B90020BDE8F081124C124920683F
:104C6000884209D1A088012806D1E088A84203D152
:104C7000E088B0F57D7F01D90020ECE7094E0C36C5
:104C8000E188304603F0DCFC0746A068B84201D05A
:104C90000020E0E72A4631464046FBF700FD0120B0
:104CA000D9E7000000FC000846504944FEB505461F
:104CB0000C4600271DB114B1B4F57D7F01D9002049
:104CC000FEBD144800900120ADF80400ADF8064088
:104CD0002146284603F0B4FC029000F04BF9342042
:104CE00000F0D8F80C4800F0DBF80646042E0DD191
:104CF0000C226946084803F0C5FC074637B1224636
:104D0000294605480C3003F0BDFC074600F008F9C1
:104D10003846D5E74650494400FC000810B501F07C
:104D200019F910BD10B50446204601F0BBF910BDBD
:104D300070B504460D462946204601F0D7F970BDEE
:104D400008B501211D2000F0FBFB0121134800F0F4
:104D5000BBF948208DF8030003208DF802004FF4C2
:104D6000E050ADF8000069460D4800F022F940F629
:104D70001820ADF8000069460A4800F01AF94FF40F
:104D80000050ADF800006946074800F012F9002015
:104D9000064908800649087008BD0000000230007E
:104DA00000080140000C0140001001406400002098
:104DB000660000202DE9F047044600270026B04693
:104DC0000CB9BDE8F087002517E02B4A32F8151022
:104DD0002A4A52F8250003F078FC60B10120A8406F
:104DE000C0B20743701CC6B2254850F82510404693
:104DF00003F010FF8046681CC5B2082DE5D327706C
:104E000066700EB1012000E00020A070EEB13046C7
:104E100004F0BEF881464946404603F06FFFA060AB
:104E20001849A06804F0C8F903D201201649087097
:104E300007E01649A06804F0BFF802D2FF2012492B
:104E400008700020124908800CE00020A060104883
:104E500000884FF6FF71884204D20D480088401C3C
:104E60000B4908800A480088A080074890F9000094
:104E7000A07100BFA5E700008C9B00086C9B000898
:104E80009C9B0008CDCC4C3D66000020CDCC4CBD99
:104E9000640000200149C860704700000020024003
:104EA00030B5044604254FF4302000F06FF8054675
:104EB000042D17D10C48006940F002000A4908612E
:104EC00008464461006940F0400008614FF430201A
:104ED00000F05CF805460448006941F6FD710840A1
:104EE00001490861284630BD0020024004200B49DA
:104EF000C96801F0010109B101200EE00749C96844
:104F000001F0040109B1022007E00449C96801F079
:104F1000100109B1032000E0042070470020024086
:104F20000348006940F080000149086170470000B3
:104F30000020024070B504460D460426F00200F041
:104F400025F80646042E11D10948006940F00100F9
:104F5000074908612580F00200F018F80646044869
:104F6000006941F6FE71084001490861304670BD94
:104F700000200240024803494860034848607047E7
:104F80002301674500200240AB89EFCD00B5024602
:104F90000423FFF7ABFF034603E0FFF7A7FF034639
:104FA000521E012B01D1002AF7D102B90523184660
:104FB00000BD2DE9F0410246002500260020002317
:104FC0000024002791F803C00CF00F0591F803C0EE
:104FD0000CF0100CBCF1000F03D091F802C04CEAA9
:104FE000050591F800C0BCF1000F31D01468002015
:104FF0002BE04FF0010C0CFA00F3B1F800C00CEA02
:1050000003069E4220D183004FF00F0C0CFA03F7E9
:10501000BC4305FA03FC4CEA040491F803C0BCF15C
:10502000280F06D14FF0010C0CFA00FCC2F814C096
:105030000AE091F803C0BCF1480F05D14FF0010C14
:105040000CFA00FCC2F810C0401C0828D1D3146030
:10505000B1F800C0BCF1FF0F34DD546800202EE031
:1050600000F1080C4FF0010808FA0CF3B1F800C089
:105070000CEA03069E4221D183004FF00F0C0CFA7C
:1050800003F7BC4305FA03FC4CEA040491F803C09F
:10509000BCF1280F05D100F1080C08FA0CF8C2F891
:1050A000148091F803C0BCF1480F07D100F1080C3F
:1050B0004FF0010808FA0CF8C2F81080401C0828CC
:1050C000CED35460BDE8F081F0B50A460023002439
:1050D0000021002500F00046B6F1004F02D11D4E20
:1050E000F16901E01B4E7168C0F3034583B200F41F
:1050F0004016B6F5401F08D121F07061154E766854
:1051000026F07066134F7E6012E000F48016B6F54C
:10511000801F06D1032606FA05F4A14341F0706111
:1051200006E0460D360103FA06F6B14341F0706120
:1051300022B1460D360103FA06F6314300F000466F
:10514000B6F1004F02D1034EF16101E0014E7160F2
:10515000F0BD0000000001400246002093680B40B3
:105160000BB1012000E000207047416170470161F0
:1051700070470AB1016100E04161704710B501203C
:10518000FFF7ACF810BD10B50220FFF7A7F810BD6F
:105190007047000070B5002100230F22C47804B3CB
:1051A000154C246804F4E064C4F5E064210AC1F1FC
:1051B0000403CA40447804FA03F18478144021437C
:1051C00009010E4C0678A155047804F01F0501244E
:1051D000AC4005786D11AD0005F1E025C5F8004142
:1051E00009E0047804F01F050124AC40044D067862
:1051F000761145F8264070BD0CED00E000E400E0BB
:1052000080E100E002490143024A1160704700005A
:105210000000FA050CED00E070B500240EE000215E
:10522000204600F0C0F8002504E0002000F060F9FE
:10523000681CC5B2802DF8DB601CC4B2082CEEDB04
:1052400070BD000008B50121082000F079F9102098
:105250008DF8030003208DF802008020ADF80000D7
:1052600069460948FFF7A5FE4FF48070ADF80000CD
:1052700069460548FFF79DFE012000F00BF901206B
:1052800000F016F908BD0000000C014070B504469E
:10529000002511E0C4F3C01000F00AF903F0E4FAAD
:1052A000012000F0F7F803F0DFFA002000F0F2F838
:1052B0006006040E681CC5B2082DEBDB012000F06F
:1052C000E9F803F0D1FA002000F0E4F870BD10B561
:1052D000012000F0EDF8012000F0DCF803F0C4FA42
:1052E000002000F0E5F803F0BFFA002000F0D2F84B
:1052F00010BD10B5002000F0DBF8012000F0CAF866
:1053000003F0B2FA012000F0D3F803F0ADFA10BDBB
:1053100010B5FFF797FFAE2000F0DAF8D52000F0C7
:10532000D7F8802000F0D4F8A82000F0D1F83F2072
:1053300000F0CEF8D32000F0CBF8002000F0C8F841
:10534000402000F0C5F8A12000F0C2F8C82000F00D
:10535000BFF8DA2000F0BCF8122000F0B9F8812084
:1053600000F0B6F8CF2000F0B3F8D92000F0B0F884
:10537000F12000F0ADF8DB2000F0AAF8302000F0BA
:10538000A7F8A42000F0A4F8A62000F0A1F88D2032
:1053900000F09EF8142000F09BF8AF2000F098F881
:1053A000FFF73AFF10BD70B505460C4645F0B0005A
:1053B00000F08EF8102141EA141000F089F804F092
:1053C0000F0000F085F870BD2DE9F04704460D464A
:1053D00016463746202F01DB7E2F00DD2027A7F160
:1053E000200000F0FF086A1ED206110E621E52064F
:1053F000100EFFF7D8FF4FF000090AE0154901EB46
:10540000081111F8090000F073F809F1010000F02B
:10541000FF09B9F1080FF1DB6A1ED206110E621EF8
:10542000012303EB4202D0B2FFF7BDFF4FF00009AA
:105430000BE0084901EB081209F10801505C00F08B
:1054400057F809F1010000F0FF09B9F1080FF0DB8E
:10545000BDE8F0877C9500082DE9F04107460E462F
:10546000154600240DB9BDE8F0810CE02A5D301925
:10547000C1B23846FFF7A8FF601CC4B23019C0B2F1
:10548000102800DD02E0285D0028EFD100BF00BF3A
:10549000E9E7000010B504460CB1012000E000204F
:1054A000024680210148FFF764FE10BD000C014058
:1054B00010B504460CB1012000E0002002464FF474
:1054C00080710248FFF755FE10BD0000000C01403E
:1054D00010B50446FFF7FBFE7820FFF7D7FE00204B
:1054E000FFF7D4FE2046FFF7D1FEFFF702FF10BD05
:1054F00010B50446FFF7EBFE7820FFF7C7FE40200B
:10550000FFF7C4FE2046FFF7C1FEFFF7F2FE10BD15
:10551000014908627047000000000E427047000019
:1055200029B1064AD2690243044BDA6104E0034A16
:10553000D2698243014BDA617047000000100240DB
:1055400029B1064A92690243044B9A6104E0034A76
:1055500092698243014B9A6170470000001002403B
:105560000348406A40F0807001494862704700007B
:105570000010024030B500210022002400232D4DF0
:105580006D6805F00C0121B1042905D0082923D14B
:1055900005E0294D056022E0274D05601FE0254DFF
:1055A0006D6805F47012234D6D6805F48034022592
:1055B00005EB92421CB9214D554305600BE01D4D92
:1055C0006D6805F400351DB11C4D5543056002E0C2
:1055D000194D5543056002E0174D056000BF00BF3F
:1055E000144D6D6805F0F0010909154D6B5C0568F7
:1055F000DD4045600F4D6D6805F4E061090A104D0E
:105600006B5C4568DD4085600A4D6D6805F460514E
:10561000C90A0B4D6B5C4568DD40C560054D6D6882
:1056200005F44041890B074D6B5CC568B5FBF3F58C
:10563000056130BD0010024000127A0000093D00F3
:10564000000000201000002010B5014600220023B9
:1056500000204A11012A02D1094C236806E0022ADF
:1056600002D1074C236A01E0054C636A01F01F0276
:10567000012494401C400CB1012000E0002010BD2A
:1056800000100240704710B500F002F810BD000095
:105690000CB50020019000903348006840F4803041
:1056A0003149086000BF3048006800F400300090C5
:1056B0000198401C0190009818B90198B0F5A06FAE
:1056C000F1D12948006800F4003010B101200090A9
:1056D00001E0002000900098012843D12348006891
:1056E00040F01000214908600846006820F00300DF
:1056F00008600846006840F0020008601A484068E8
:10570000194948600846406848600846406840F4C7
:10571000806048600846406820F47C104860084675
:10572000406840F4E81048600846006840F0807027
:10573000086000BF0C48006800F000700028F9D035
:105740000948406820F0030007494860084640685F
:1057500040F00200486000BF0348406800F00C00C1
:105760000828F9D10CBD00000010024000200240C2
:105770007047000010B504462146054800F02FFB95
:1057800000BF8021024800F05DFA0028F9D010BD6A
:105790000038014010B5044603E014F8010BFFF790
:1057A000E9FF20780028F8D110BD704710B51348E4
:1057B000006840F00100114908600846406810493F
:1057C00008400E494860084600680E4908400B49E9
:1057D00008600846006820F4802008600846406899
:1057E00020F4FE0048604FF41F008860FFF74BFF75
:1057F0004FF000600449086010BD00000010024036
:105800000000FFF8FFFFF6FE08ED00E010B5FEF720
:1058100043FD10BD21B1028842F08002028004E005
:1058200002884FF67F731A4002807047CA43028293
:10583000704721B1028842F00102028004E0028830
:105840004FF6FE731A400280704731B1B0F8442021
:1058500042F40042A0F8442005E0B0F84420C2F32E
:105860000E02A0F844207047F0B50C4615461E46BF
:105870000021002200230189028B038C4FF6F87768
:10588000394021434FF6FC473A4040F201173A4372
:105890004FF6DD773B404FF6FF7707EA06172F43B9
:1058A0003B43018102830384F0BD0146888C70472D
:1058B00030B50246002000230024158A05EA0103C2
:1058C000958905EA010413B10CB1012000E0002024
:1058D00030BD1AB183890B43838102E083898B43F6
:1058E0008381704770B5002400220023058C4FF699
:1058F000FE7635400584028C8388048B4FF68F75C5
:105900002C40B51E2C400D882C43751E2A400D8955
:105910002A434D882A43144DA8420BD0134DA84268
:1059200008D0134DA84205D0124DA84202D0124D06
:10593000A84213D14FF6F7752A404D892A434FF6F6
:10594000FB752A408D882A434FF6FF652B404FF6A2
:10595000FF552B408D892B43CD892B4383800483B6
:10596000CD888586028470BD002C01400034014042
:105970000040014000440140004801400A46002127
:10598000018B4FF6F77319401143018370470000F4
:1059900070B5002400220023058C4FF6EF763540C9
:1059A0000584028C8388048B48F6FF752C404FF6E3
:1059B000FF452C400D884FF6FF7606EA05252C435F
:1059C0004FF6DF752A400D8906EA05152A434D88F2
:1059D00006EA05152A43154DA84202D0144DA842E7
:1059E0001DD14FF67F752A404D894FF6FF7606EAA6
:1059F00005152A434FF6BF752A408D8806EA05151E
:105A00002A434FF6FF352B404FF2FF752B408D890F
:105A100006EA85052B43CD8906EA85052B4383805D
:105A20000483CD880587028470BD0000002C0140EE
:105A3000003401400A460021018B4FF2FF731940E8
:105A40004FF6FF7303EA02231943018370470021D5
:105A5000018041808180C180018141818181C1813A
:105A600070478186704701877047818470470000C6
:105A7000002202881D4B98420ED01D4B98420BD03D
:105A8000B0F1804F08D01B4B984205D01A4B98427A
:105A900002D01A4B984204D14FF68F731A404B88AC
:105AA0001A43174B984207D0164B984204D04FF632
:105AB000FF431A40CB881A4302808B8883850B886A
:105AC00003850A4B98420BD0094B984208D00E4BE5
:105AD000984205D00D4B984202D00D4B984201D10F
:105AE0000B7A03860123838270470000002C01405B
:105AF000003401400004004000080040000C004059
:105B000000100040001400400040014000440140EB
:105B10000048014010B540F225511D4800F09FF8A3
:105B200010B31B4800F056F9C4B21A48008800F4BC
:105B30000040C8B91748008800F4804060B10A2CC2
:105B400003D000201349088020E01248008840F468
:105B500000401049088019E00D2C06D10D4800883E
:105B600040F480400B49088010E00A480088C0F3E8
:105B70000D0009490C5407480088401C054908805D
:105B800008460088C72801DD0020088010BD0000FD
:105B900000380140180000208400002010B540F2B9
:105BA00025511D4800F05BF860B11B4800F012F968
:105BB000C4B21A480068401C18490860204600F02A
:105BC00017F900BF0821144800F03CF810B1124842
:105BD00000F000F940F227710F4800F040F8D0B112
:105BE0000F4800880F49098888420ED00E480C499A
:105BF0000988445C0A48008802F064FE084908806D
:105C00002146054800F0EBF805E0002240F227713C
:105C1000014800F04EF810BD004400402400002070
:105C20002A000020280000204C09002021B1828990
:105C300042F40052828104E082894DF6FF731A40DB
:105C40008281704702460020B1F5007F00D100BF7D
:105C500013880B400BB1012000E00020704770B5A5
:105C60000246002400230025002040F66A16B142B7
:105C700000D100BFC1F3421501F01F03012606FA4F
:105C800003F3012D02D19689334006E0022D02D1A3
:105C9000168A334001E0968A33400C12012606FA38
:105CA00004F41688344013B10CB1012000E0002048
:105CB00070BDF0B50346002400260025002040F604
:105CC0006A17B94200D100BF1846C1F3421401F06F
:105CD0001F06012707FA06F5012C01D10C3004E05C
:105CE000022C01D1103000E014301AB107682F43A4
:105CF000076002E00768AF430760F0BD2DE9F04799
:105D000086B005460E460024A24600BFA1460027E5
:105D1000B08900B100BF2F462C8A4CF6FF700440BA
:105D2000F08804432C82AC894EF6F3100440B0880E
:105D300031890843718908430443AC81AC8A4FF62A
:105D4000FF400440B0890443AC8201A8FFF712FC75
:105D50001F48874202D1DDF810A001E0DDF80CA059
:105D6000A88900F4004040B10AEBCA0000EB0A1019
:105D700031684900B0FBF1F807E00AEBCA0000EB1C
:105D80000A1031688900B0FBF1F86420B8FBF0F02C
:105D900004012009642101FB1089A88900F4004056
:105DA00040B1322000EBC900B0FBF1F000F0070079
:105DB000044308E0322000EB09106421B0FBF1F04D
:105DC00000F00F0004432C8106B0BDE8F08700000E
:105DD0000038014001468888C0F308007047C1F3CD
:105DE00008028280704710B50420FEF777FA10BDD4
:105DF0005449097821B1012925D0022922D17BE01B
:105E000023280ED10021504A118011884A1C4E4B84
:105E10001A804E4A505401214D4A1170494A11705E
:105E200010E07B280ED10021474A118011884A1CBE
:105E3000454B1A80454A50540221454A11700121B0
:105E4000404A11707BE04249097802291CD10A2896
:105E500002D13C4A11704EE00D284CD03A490988D5
:105E600040F2FF72914207DA374A11884A1C364BDA
:105E70001A80364A50543EE00021324A1170324AAC
:105E80001180334A117036E0212810D12E4909883B
:105E900040F2FF72914206DA2B4A11884A1C2A4BC3
:105EA0001A802A4A50540221264A117023E02328DE
:105EB0000CD10021244A118011884A1C224B1A80DF
:105EC000224A50540121224A117014E01E490988C7
:105ED00040F2FF72914207DA1B4A11884A1C1A4BA2
:105EE0001A801A4A505406E00021164A1170164AC8
:105EF0001180174A117022E023280ED10021124A86
:105F0000118011884A1C104B1A80104A50540121EC
:105F10000F4A11700B4A117010E07B280ED100213E
:105F2000094A118011884A1C074B1A80074A5054AD
:105F30000221074A11700121024A117000BF00BFFF
:105F4000704700001E0000201C0000204C010020B3
:105F50001F00002000B587B001210420FFF7F0FAF0
:105F600001214804FFF7DCFA03208DF81A00042011
:105F7000ADF8180018208DF81B0006A92C48FFF773
:105F800018F80820ADF8180048208DF81B0006A965
:105F90002748FFF70EF84FF4E13002900020ADF8EB
:105FA00014000C20ADF812000020ADF81000ADF880
:105FB0000E00ADF80C0002A91E48FFF79FFE01225B
:105FC00040F225511B48FFF774FE002240F2277172
:105FD0001848FFF76EFE4FF4A060FFF713F9262074
:105FE0008DF8040001208DF807008DF805008DF86C
:105FF000060001A8FFF7CEF801210E48FFF716FEB4
:10600000FFF7B6FB00200C4908800C4908700C49CA
:1060100008704FF400610B48FAF7B8FB00200A49FA
:1060200008800A4908800A49086007B000BD0000DE
:1060300000080140004400401C0000201E00002019
:106040001F0000204C010020280000202A00002012
:106050002C00002010B50CE00D48FFF7BBFEC4B2C9
:106060000C480068401C0B4908602046FFF7C0FE42
:1060700000BF20210648FFF7E5FD0028ECD10821EC
:106080000348FFF7DFFD10B10148FFF7A3FE10BD85
:10609000004400402400002010B50446204600F0D3
:1060A00097F810BD70B5054605B970BD2C460E4871
:1060B000007818B10C480078022807D103E014F8E2
:1060C000010BFFF7E9FF20780028F8D10648007897
:1060D000012803D004480078022802D12846FFF79F
:1060E00059FB00BFE1E70000200000202DE9F0414E
:1060F0000446884614B1B8F1000F02D10020BDE873
:10610000F081FFF7A7FF00BFEFF31080074672B6DC
:106110002B480078022803D007B962B60020EEE7CA
:106120002848007801280ED127480088022816D375
:1061300026480078232812D123480088401E23498E
:10614000085C21280BD11F480078022813D11E4873
:106150000088022803D31D4800787B280BD000203C
:10616000174908701849088016490870207007B947
:1061700062B60020C3E713480078012804D1124812
:106180000088401E86B201E00F480688464502DBC3
:10619000A8F1010086B2002504E00C48405D60557E
:1061A000681C85B2B542F8DB0020A0550449087090
:1061B000054908800349087007B962B601209EE7C7
:1061C0001E0000201F0000201C0000204C010020A9
:1061D00070B5044600BFEFF31080064672B60D4856
:1061E000008802F06FFB05460B480088854208D006
:1061F0000A480849098844540648058000F012F806
:1062000004E007480068401C0549086006B962B60A
:1062100070BD0000280000202A0000204C0900204A
:106220002C00002010B5012240F227710148FFF731
:1062300040FD10BD00440040490050EAC12018BF95
:1062400004204A0D18BF40F0010040F2FF72B2EB8B
:10625000515F08BF40F00200012808BF05207047C9
:106260004100080218BF04200A0E18BF40F00100C8
:106270004FF07F4232EA010108BF40F002000128DE
:1062800008BF0520704740F2013200204FF0E04186
:1062900003F002B9024A0020110703F0FDB8000024
:1062A00001FDFFFF012103F025B902F0B3BC00217D
:1062B000084602F023BD6FF05E01080703F01AB92B
:1062C00010B50446D1E9000100F002F8206010BDCD
:1062D000F8B504460D466A4602F008FA00987E308A
:1062E000009000281EDC002213462046294602F0BA
:1062F00063FB17D0002140F608004FF0000006466F
:106300002046294602F012FB044640F6080006EA41
:1063100000014FF0000034F0004004BF0220FAF703
:10632000C8FA29E00098FF2828DB002108464FF032
:10633000000000F44006002213462046294602F0E1
:1063400007FC8CBF002501250220FAF7B2FA4FF0B6
:10635000FF4446B1002D0CBF4FF400004FF4800005
:10636000B04218BF084C042108464FF00000002D31
:1063700004BF84F00040F8BD2046F8BD2046294601
:10638000BDE8F84002F0D2BAFFFF7F7F10B50446A7
:106390000A46D4E90003194602F0D4F9C4E9000121
:1063A00010BD30380A2801D2012070470020704704
:1063B00000BF704770B505460C4605B104B970BD05
:1063C000E07830B12846FCF779FB64A164A0FDF7C2
:1063D00061FD6079B0B1687880B92846FBF7FCFFB1
:1063E00038B15EA161A0FDF755FD2846FDF770FDAF
:1063F00008E062A15DA0FDF74DFD03E061A15BA097
:10640000FDF748FDA07968B1E1792846FCF780FEE8
:1064100020B152A15DA0FDF73DFD03E059A15BA0B5
:10642000FDF738FD207A38B1617A2846FCF7CAFEBC
:106430004AA158A0FDF72EFDA07A38B12846E168A0
:10644000FCF797FE45A155A0FDF724FD207C38B14F
:1064500028466169FCF71CFE40A154A0FDF71AFD17
:10646000207E40B104F11C012846FCF7EFFD3BA162
:1064700052A0FDF70FFD94F8280040B104F12C0163
:106480002846FCF753FE35A14FA0FDF703FD94F815
:10649000380048B1312204F13A012846FCF722FEC7
:1064A0002EA14CA0FDF7F6FC94F8600110B994F809
:1064B0007E01B0B194F87E0110B104F5C07000E027
:1064C0000020024694F8600110B104F5B17000E0BC
:1064D000002001462846FCF7F1FD20A13FA0FDF772
:1064E000D9FCA07810B12846FDF7F2FC2079B0B1B4
:1064F000687880B92846FBF795FF38B117A13AA014
:10650000FDF7C8FC2846FDF7E3FC08E03AA136A0F9
:10651000FDF7C0FC03E01BA133A0FDF7BBFC207816
:1065200070B1687860B92846FCF760FE6878022888
:1065300001D10AA000E031A0014632A0FDF7AAFC7B
:10654000607848B16878022802D12846FCF7AEFE90
:1065500002A12EA0FDF79EFC00BF30E76F6B00008C
:10656000636C6561725F6661756C740070726F66F2
:10657000696C655F6C6F6164000000006D69737326
:10658000696E670062757379000000006D6F646565
:106590000000000074756E65000000007461726791
:1065A00065745F73706565640000000074617267F4
:1065B00065745F68656164696E6700006865616441
:1065C000696E675F7069640073706565645F7069A8
:1065D0006400000072756C65730000006D656D628B
:1065E000657273686970000070726F66696C655FD0
:1065F0007361766500000000657272006661756CFB
:1066000074000000737461727400000073746F7022
:106610000000000070B505460C4605B104B970BD18
:1066200021792846FCF774FD61792846FCF7CAFDFC
:106630002846A168FCF79DFD2846E168FCF728FD87
:1066400028462169FCF7AAFD04F114012846FCF74D
:10665000FDFC04F120012846FCF768FD312204F11D
:106660002C012846FCF73EFD04F5B77204F5A9712C
:106670002846FCF723FD012085F83B05002085F81E
:106680003C0500BFCBE770B505460C4605B104B923
:1066900070BD4FF4C6712046FAF79AF801202060C9
:1066A0002878207195F81C036071D5F8F004A0607B
:1066B000D5F8F804E060D5F8FC04206105F54770D2
:1066C000D0E90112C068C4E90512E06105F59060E7
:1066D000D0E91612006EC4E90812A0624FF493725A
:1066E00005F5EE7104F12C00F9F7D9FF1C2205F530
:1066F000D27104F5A970F9F7D2FF1C2205F5E071FB
:1067000004F5B770F9F7CBFF00BFC1E700B97047D8
:10671000002180F83B1580F83C1500BFF7E70146E3
:1067200009B9002070470868012805D108790228B6
:1067300002DA4879032801DB0020F3E70120F1E7C2
:10674000014600201BE00F4A32F8102021F81020EB
:106750000D4A32F8103001F10E0222F810300B4AC7
:1067600032F8103001F11C0222F81030084A32F8D9
:10677000103001F12A0222F81030421CD0B2072852
:10678000E1D37047029C0008109C00081E9C000882
:106790002C9C00082DE9F84F0646002467E00025F0
:1067A00061E0C4EBC4002844C7B2032C01D9E01E49
:1067B00001E0C4F103008046032D01D9E81E01E089
:1067C000C5F10300814608EBC800C0EB88104FF408
:1067D000617101EB8000C9EBC90101EB810100EBA4
:1067E000410A08EBC800C0EB88104FF4C861A1EB68
:1067F0008000C9EB091101EB4101A0EB410B09EB52
:10680000891040F28A2101EB800008EB880100EB3F
:10681000C10000904FF4FA629110504600F036F833
:1068200007EB470206F1380121F8120040F6B832B2
:10683000C821584600F02AF807EB470206F1380154
:1068400001EB4201488040F6C4124FF49671009863
:1068500000F01CF807EB470206F1380101EB42019A
:106860008880681CC5B2072D9BD3601CC4B2072C5E
:1068700095D3BDE8F88F03468B4201DA084670478E
:10688000934201DD1046FAE718B2F8E703468B425F
:1068900001DA08467047934201DD1046FAE798B2E4
:1068A000F8E7000070B504460D46002A00DC01221E
:1068B000611B002900DA4942104602EBD0767610BF
:1068C00006EBC10696FBF2F3002B00DA0023202B27
:1068D00000DD2023014830F8130070BDC09B000884
:1068E00070B504460021204602F066FC09D84FF03E
:1068F0007C51204602F08EF9054602F0F5FA00B20E
:1069000070BD4FF07C51204602F01AFD054602F0A2
:10691000EBFA00B2F4E770B506460D461446294678
:10692000304602F049FB01D2284670BD2146304670
:1069300002F042FC01D22046F7E73046F5E70000BE
:1069400010B504460A4A0B492068FFF7E4FF2060AF
:106950004FF0804200216068FFF7DDFF60604FF07C
:1069600080420021A068FFF7D6FFA06010BD0000A4
:106970000000C040CDCCCC3D2DE9F04106460C4690
:1069800015462946304602F045F90746214602F0F1
:1069900013FB05D22946304602F03CF9BDE8F081F0
:1069A0002946304602F0CCFC0746214602F004FCA2
:1069B00004D22946304602F0C3FCEFE72046EDE75B
:1069C00010B504460021204602F0F6FB01D820460F
:1069D00010BD84F00040FBE710B5044614B194F8F4
:1069E000340028B90020FEF709F9FEF723F910BD9D
:1069F0000120FEF703F9B4F93210B4F93000FEF7C4
:106A000069F800BFF3E770B506460D4614462946FF
:106A1000304602F0D1FA01D2284670BD21463046F8
:106A200002F0CAFB01D22046F7E73046F5E770B521
:106A300005460C46204602F093FA0646294602F027
:106A4000BBFA03D2204602F08BFA0546604202F000
:106A500087FA0646294602F0AFFB03D2604202F0F5
:106A60007FFA05460021284602F0A6FB09D84FF020
:106A70007C51284602F0CEF8064602F035FA00B204
:106A800070BD4FF07C51284602F05AFC064602F0D9
:106A90002BFA00B2F4E700002DE9FE4F04460CB9D2
:106AA000BDE8FE8F6846FDF78BFC9DF8040002F000
:106AB0006FFA8146BDF8020002F06AFA8246BDF81C
:106AC000000002F065FA8346514602F0A9FA8046BA
:106AD000494602F0A5FA05460021284602F06CFA64
:106AE00000D8DDE72946D4F8000502F099FA81467E
:106AF000124902F095FA8046114902F0FFF8064665
:106B00001049304602F08CFA81460F4902F082F8B3
:106B100080460E4A0E49FFF776FF07464FF07C513C
:106B2000384602F077F8804602F0FAF980B2ADF804
:106B300008006846FDF718FD00BFB1E700002041DE
:106B400000606A47000040400000C0400000F04282
:106B50000000A0412DE9F04107460C4615461E46AF
:106B60002946384602F056F88046214602F024FABB
:106B700005D22946384602F04DF8BDE8F08131468D
:106B8000384602F0DDFB8046214602F015FB04D2B8
:106B90003146384602F0D4FBEFE72046EDE72DE919
:106BA000F04105460E4614460021204602F004FA44
:106BB00002D83046BDE8F0814FF07E51204602F009
:106BC000FBFA01D83046F5E73146284602F025FBAE
:106BD0008046214602F024FA0746294602F01AF8B8
:106BE000E8E700002DE9F05F04460E464FF000088C
:106BF0006168C4F8A8100A2104F11C00FDF766FCC6
:106C000004F13800FEF7D6F8216BC4F8B810616BB8
:106C1000C4F8BC10D4E92E0101F0FCFF83464FF00C
:106C20007C5102F0FDF9C4F8C000D4F81825D4F85E
:106C3000B810D4F80805FFF7B2FFC4F80805D4F877
:106C40001825D4F8BC10D4F80C05FFF7A8FFC4F839
:106C50000C0504F5A16003C801F0DCFF83464FF08A
:106C60007C5102F0DDF9C4F81005607802283FD1AC
:106C70002078E0BBB4F92400D4F830150844C4F8F7
:106C80003005B4F92600D4F834150844C4F83405A6
:106C900094F83A05FF2804D294F83A05401C84F889
:106CA0003A0594F83A0505282DD304F21C54A07F28
:106CB00000EB8000470039466069FDF778FB8146AC
:106CC0003946A069FDF773FB82465146484601F0FC
:106CD000A1FF83464FF07C5102F0A2F944F8080C62
:106CE00000206061A061A077A4F21C540BE0FFE7D4
:106CF000D4F8C000C4F814050020C4F83005C4F866
:106D0000340584F83A05216CC4F8C41094F83A109C
:106D100084F8C810002511E004F14400FDF750FD8F
:106D200050B1174904F14400FDF7B2FD94F8A400F6
:106D300010B14FF0010803E0681C85B2B542EBDBEF
:106D400000BFB8F1000F05D0012184F8AC1000207D
:106D500060830AE06078022807D1608B4FF6FF71EC
:106D6000884202D2608B401C6083A16FC4F8B010CF
:106D7000616FC4F8B41094F8AC00BDE8F09F000057
:106D80000AD7233CD0F8B010C0F8CC100022D02194
:106D90000A50D4210A50D8210A50DC210A50E0219F
:106DA0000A50E4210A50E8210A50EC210A50F0214F
:106DB0000A50F4210A50F8210A50FC210A52FE21FF
:106DC0000A5280F80021704700B970470021C0F8CE
:106DD0001415C0F83015C0F8341580F83A1500BF06
:106DE000F3E700002DE9F04704460D4616461F461E
:106DF00014B90020BDE8F0874FF07C51284602F01E
:106E0000DBF804D82046FCF75CFB0020F2E73146B3
:106E1000284602F095FA80460021404602F0CCF860
:106E200015D80E49E06802F0FBF8E060E068FFF773
:106E3000C7FD81460A4902F0BFF801D20020E06098
:106E40003B46002211462046FCF769FBD2E73A4652
:106E500041462046FCF747FBCCE70000EC51783F69
:106E60000AD7A33C70B504460025207801282AD112
:106E700094F8C80038B1D4F8FC14D4F8C40002F077
:106E8000CFF805460AE094F93E00002801DD134DD5
:106E900004E094F93E00002800DA114D114A12492D
:106EA0002846FFF7B0FD05462946D4F8B00001F0AA
:106EB000B1FE0646D4F8F81401F0ACFEC4F8CC00DC
:106EC000E820055109E004F2F44003C801F0A2FEF5
:106ED000C4F8CC000021E820015170BD0000404101
:106EE000000040C10000F0410000F0C110B50446B0
:106EF0000021204602F060F901D8204610BD84F040
:106F00000040FBE770B506460D461446294630465C
:106F100002F052F801D2284670BD2146304602F0F8
:106F20004BF901D22046F7E73046F5E710B50446A5
:106F300034B104A12046F9F773FC08B9012010BD53
:106F40000020FCE7747261636B00000010B504461A
:106F500034B108A12046F9F763FC08B9012010BD3F
:106F600034B106A12046F9F75BFC08B90220F6E728
:106F70000020F4E766757A7A790000006C6561722A
:106F80006E696E67000000002DE9F04781468A4671
:106F900017461C4651464846F9F750FB8046B8F163
:106FA000000F02D10020BDE8F0875B214046F9F7D1
:106FB0003BFB05460DB90020F5E722463946284639
:106FC00000F0B6F80646A64201DB0120EBE7002000
:106FD000E9E7F8B506460F4615460EB107B10DB9FB
:106FE0000020F8BD39463046F9F728FB04460CB9B5
:106FF0000020F6E73A212046F9F716FB04460CB9C3
:107000000020EEE7641C204600F006F904466946BD
:10701000204601F04DFC28600098A04201D10020DC
:10702000DFE70120DDE72DE9F05F82468B4615465C
:107030001E46BAF1000F04D0BBF1000F01D005B11C
:1070400016B90020BDE8F09F59465046F9F7F6FA08
:1070500004460CB90020F5E73A212046F9F7E4FA96
:1070600004460CB90020EDE7641C204600F0D4F87B
:1070700004462078222801D00020E3E7671C222163
:107080003846F9F7D1FA8046B8F1000F01D1002057
:10709000D8E7A8EB07001FFA80F9B14502DB701EA4
:1070A0001FFA80F94A4639462846F9F7F8FA0020CF
:1070B00005F809000120C5E70146022902D003298D
:1070C00004D101E002A0704703A0FCE704A0FAE7A6
:1070D0006D6D666172000000626661720000000002
:1070E0006E6F6E65000000000146012906D002297E
:1070F00006D0032906D0042908D105E004A0704772
:1071000005A0FCE705A0FAE705A0F8E706A0F6E76A
:1071100068617264000000006D656D006275730047
:1071200075736167650000006E6F6E65000000009A
:107130002DE9F84306460F469046002534461FE0E9
:107140002078302802DB2078392805DD20782D28AA
:1071500002D020782B280ED16946204601F0A8FBEA
:1071600047F825000098A04201D1641C02E0681C89
:1071700085B2009C04E020785D2800D104E0641C06
:10718000207808B14545DBDB00BF2846BDE8F88321
:107190000146072911D2DFE801F0100406080A0CA5
:1071A0000E0007A0704708A0FCE709A0FAE70AA0B4
:1071B000F8E70BA0F6E70BA0F4E70CA0F2E700005D
:1071C000777764670000000069776467000000005B
:1071D000736F667400000000706F776572000000C6
:1071E00070696E006C70777200000000756E6B6ED7
:1071F0006F776E000146012901D102A0704703A0FC
:10720000FCE70000747261636B00000073747261CC
:10721000696768740000000000E0401C58B1017804
:107220002029FAD001780D29F7D001780A29F4D065
:1072300001780929F1D07047014605290ED2DFE80F
:1072400001F0030507090B0005A0704706A0FCE745
:1072500007A0FAE708A0F8E70AA0F6E70BA0F4E712
:1072600069646C650000000061726D696E67000002
:1072700072756E6E696E670073746F7070696E6799
:10728000000000006661756C74000000756E6B6E26
:107290006F776E002DE9F04781460E461746B9F12B
:1072A000000F01D006B10FB9BDE8F0874D46284662
:1072B000FFF7B2FF05462878232800D16D1C284629
:1072C000FFF7AAFF05462846F9F7CAF9441916E060
:1072D00014F8010C21280FD014F8010C0D280BD044
:1072E00014F8010C0A2807D014F8010C202803D048
:1072F00014F8010C092801D1641E00E001E0AC4241
:10730000E6D800BF601B1FFA80F8B84502DB781E84
:107310001FFA80F8424629463046F9F7C0F90020A6
:1073200006F8080000BFBFE70146012901D104A00B
:107330007047022901D104A0FAE706A0F8E700008F
:1073400066757A7A790000006C6561726E696E67A5
:1073500000000000666978656400000070B50446AE
:10736000207884F8880394F81C1340F28930015582
:107370006178401C0155FCF7E3FE4FF4637108533C
:10738000FCF7F0FE40F28E310853FCF7F7FE4FF4A5
:1073900064710855FCF7E0FE4FF465710851FCF785
:1073A000E7FE4FF466710851FCF7D0FE4FF46771A9
:1073B0000851B02204F11C0104F56870F9F7B4F922
:1073C000382204F1CC0104F58A60F9F7ADF904F52F
:1073D0005770FBF7AFFF05461822294604F5916068
:1073E000F9F7A2F904F5916004F59061D1E9192348
:1073F000C96EC0E90623016201460838D0E91623A8
:10740000006EC1E90923C862D4F80815C4F8B8149D
:10741000D4F80C15C4F8BC14D4F81015C4F8C01472
:10742000D4F81415C4F8C414D4F8F014C4F8C8146B
:10743000D4F8F814C4F8CC144FF488700159C4F887
:10744000D01494F8581384F8D41494F83B1584F8A5
:10745000D51494F83C1584F8D61470BD0146012962
:1074600001D102A0704703A0FCE700005452414341
:107470004B000000535452414900000001460529C9
:107480000ED2DFE801F0030507090B0005A07047E5
:1074900006A0FCE707A0FAE708A0F8E709A0F6E7CE
:1074A0000AA0F4E749444C450000000041524D2039
:1074B0000000000052554E200000000053544F5071
:1074C00000000000464C542000000000554E4B4E7A
:1074D000000000000146012901D104A070470229E3
:1074E00001D103A0FAE703A0F8E7000046555A00CF
:1074F0004C524E00464958002DE9F04104464FF0E9
:107500000E4000EB4400B0F1506F204655D84FF0CC
:10751000FC41B1EB440F1CD224F000404FF07E51EF
:1075200001F07BFE4FF0FF3101F0E4FF054601F072
:10753000A9F914F0004F1DBF2F4F304E80F00040CE
:107540002F4F08BF2F4E4FF0404101F069FD044618
:1075500005E000273E46014601F062FD05462A4946
:10756000284601F05DFD294901F054FB294601F050
:1075700057FD274901F04EFB294601F051FD2549F1
:1075800001F048FB294601F04BFD234901F042FB85
:1075900080462946204601F043FD414601F040FD6A
:1075A00005463146204601F035FB294601F032FB05
:1075B0003946BDE8F04101F02DBB4FF0E441B1EB9D
:1075C000440F08D9FEF74CFE042808BFFEF773FEEF
:1075D0002046BDE8F0814FF07F41B1EB440F03D26C
:1075E000BDE8F041FEF75EBE0120F9F762F9BDE8A3
:1075F000F041FEF75CBE00000000C9BF22AAFDB941
:107600000000C93F22AAFD3924FE1C3DC78AD83C90
:107610001E67383D1B93993DAFAA2A3E2DE9F047DE
:107620004FF0684202EB40030C460546B3F1654F4C
:107630003CBF02EB4102B2F1654F7CD2C0F3C753AD
:10764000C1F3C7529A1A1B2A06DD10F0004F14BF6F
:1076500076487748BDE8F08712F11A0F17DA11F073
:10766000004F06D010F0004F0CBF72487248BDE8C2
:10767000F0872146284601F041FB0446FEF7F0FD65
:10768000042808BFFEF717FE2046BDE8F087420039
:10769000B2EB410F25D910F0004F19BF674F684E6C
:1076A000684F694E224685F0004415460A4680F030
:1076B000004110460A1A5200B2F1807F40D2484081
:1076C0006249DFF88CA110F0004F18D04FF03F480E
:1076D000384601F035FE07465146304601F030FE8F
:1076E00017E011F0004F04BF00263746E2D010F03B
:1076F000004F19BF574F584E584F594EDAE74FF0C9
:107700007C58384601F086FA07465146304601F06B
:1077100081FA06464146284601F082FC214601F0E6
:1077200079FA82462146404601F07AFC294601F06A
:1077300074FD514600E037E001F0E0FA044604E051
:107740002146284601F0DAFA0446014601F068FCB9
:107750008046444901F064FC434901F05BFA41462C
:1077600001F05EFC414901F055FA414601F058FC38
:107770003F4901F04FFA414601F052FC3D4901F00A
:1077800049FA05464146204601F04AFC294601F0E7
:1077900047FC314601F03EFA214601F03BFA3946FA
:1077A000BDE8F04701F036BA4FF07F42B2EB400F30
:1077B00028BFB2EB410F03D2BDE8F047FEF775BD1D
:1077C00040EA01035B0008BF44F0FF410AD0B2EB7E
:1077D000400F08BFB2EB410F06D125F0804024F0E6
:1077E000804105460C4629E7B2EB400F12BF5FEA25
:1077F000410245F0FF4004F000413FF41FAF4A0052
:1078000092EA40033FF51AAF002AACBF4FF09F4603
:107810004FF03E56314601F003FC05463146204606
:1078200001F0FEFB04462846214607E7DB0FC9BFEF
:10783000DB0FC93FDB0F4940DB0F49C00000C9BF68
:1078400022AAFDB90000C93F22AAFD390060ED3E21
:10785000C30ACE37000049C022AA7DBA00004940C1
:1078600022AA7D3A2DAD65BD8FB8D53D0FB511BEAD
:1078700061C84C3EA8AAAABE10B57E20FDF7E4FE62
:1078800008B1012010BD7D20FDF7DEFE08B1022009
:10789000F8E77C20FDF7D8FE08B10320F2E77B2053
:1078A000FDF7D2FE08B10420ECE77A20FDF7CCFE0C
:1078B00008B10520E6E77F20FDF7C6FE08B10620E7
:1078C000E0E70020DEE710B501214FF0C050FDF7E2
:1078D00027FE0120FDF71CFE10BD00000146022915
:1078E00002D1054800687047032903D10248001DF2
:1078F0000068F8E70020F6E734ED00E070B50025F9
:10790000FFF7E1FF0420FCF7C9FB044604F47F40C5
:10791000B0F5254F00D1E5B200210420FCF7CCFBE7
:107920001020FCF7BBFB06461420FCF7B7FB46EA29
:1079300000401B4908601820FCF7B0FB06461C20DD
:10794000FCF7ACFB46EA0040164908602020FCF733
:10795000A5FB06462420FCF7A1FB46EA004012499D
:10796000086000211020FCF7A7FB00211420FCF781
:10797000A3FB00211820FCF79FFB00211C20FCF733
:107980009BFB00212020FCF797FB00212420FCF723
:1079900093FB00212820FCF78FFB284670BD0000D8
:1079A00040000020440000204800002070B504463C
:1079B0002046FFF793FF0546FFF785FFE0B240F44E
:1079C00025410420FCF778FB1748006881B210209D
:1079D000FCF772FB144800684FF6FF7202EA104190
:1079E0001420FCF769FB1048001D006881B21820C4
:1079F000FCF762FB0C48001D00684FF6FF7202EABC
:107A000010411C20FCF758FBA9B22020FCF754FBC6
:107A10004FF6FF7000EA15412420FCF74DFB0021D2
:107A20002820FCF749FB70BD28ED00E00146002945
:107A300002DA484200B270470846FCE70D48008869
:107A400010B10C48008800E00B200146094840882E
:107A500010B10848408800E01E2002460548007921
:107A600010B10448007900E00420034601FB02F055
:107A7000584370475A00002070B504462046FDF771
:107A800014FF05B200212046FDF7EFFF284670BD28
:107A90002DE9F04706460C4614B90020BDE8F087F2
:107AA000FFF7CCFF05460DB90020F7E7204601F0AF
:107AB0006FFA814649460A4801F020F907462846F0
:107AC00001F066FA8146304601F04AFA824649469C
:107AD00001F014F98046394601F0A2FADEE7000011
:107AE00000606A4770B504460D4616462748047084
:107AF000002027490870274800210160818026481E
:107B000001604FF4C0712548F8F740FE0120244978
:107B1000087015B100F08AF802E0FA20FCF7FCFBCF
:107B20004FF47A71204600F09DFC18B900201749E7
:107B3000087070BD02201A4908700320087000F018
:107B400031FA04201649087044F62061082000F03C
:107B50004DF818B900200D490870EAE701200C49DA
:107B6000087005200E490870304600F063FC28B903
:107B700000200749087005490870DAE7062008491F
:107B800008700020074908800120D2E76800002023
:107B9000690000206C000020720000204C110020C1
:107BA0006B00002080000020002002E000BF411C8C
:107BB00088B2FF28FAD3704770B504460A480578A2
:107BC0000026047000F0E4FA074909784906080E17
:107BD00000F056FA00F0ECFB00B9012600F0F8FACC
:107BE00001480570304670BD6800002030B585B092
:107BF00005460C4614216846F8F7EAFDFD208DF88D
:107C000000008DF80150E0B28DF80500200A8DF8D3
:107C10000600200C8DF80700200E8DF808001122B8
:107C20006946022000F082FA05B030BD10B54FF46D
:107C300080410748FDF799FA0A20FCF76DFB4FF4E5
:107C400080410348FDF793FA5020FCF765FB10BD17
:107C5000000C01402DE9F04104460D460CB1092D00
:107C600002D20020BDE8F08160480078FB2801D0F6
:107C70000020F7E75D484679012E38D10F2D36D325
:107C8000093000F0FDF80746082100F0B7F8E06081
:107C900056480B3000F0F4F80746082100F0AEF823
:107CA000206152480D3000F0EBF80746082100F043
:107CB000A5F860614E49E06801F0B2F9074601F0AD
:107CC00013F900B220804A49206901F0A9F907465A
:107CD00001F00AF900B260804549606901F0A0F93D
:107CE000074601F001F900B2A0800120BAE7022E98
:107CF00045D10F2D43D33D48093000F0C1F88046EF
:107D0000092100F07BF807463A4901F089F9A061A2
:107D100036480B3000F0B4F88046092100F06EF8C8
:107D20000746344901F07CF9E06130480D3000F03D
:107D3000A7F88046092100F061F807462D4901F0B7
:107D40006FF920622C49A06901F06AF9074601F039
:107D5000CBF800B2E0802849E06901F061F90746FC
:107D600001F0C2F800B220812349206A01F058F9DD
:107D7000074601F0B9F800B26081012072E7052ED4
:107D800001D0082E2FD1112D2DD31848093000F025
:107D900077F807460E2100F031F8A06413480B3045
:107DA00000F06EF807460E2100F028F8E0640F4856
:107DB0000D3000F065F807460E2100F01FF8206531
:107DC0000A480F3000F05CF807460E2100F016F864
:107DD0006064012084F8600084F86200204600F0AE
:107DE00019FA01203EE700203CE700004C1100207A
:107DF00000007A44E12E65420000C8422DE9F041BE
:107E000005460C46012101FA04F001F0C1F80646CE
:107E1000284601F0A5F80746314600F06FFFBDE89F
:107E2000F081000070B506460D460DB9002070BD0A
:107E300000F0AEF911490978012202EB4101C8B204
:107E400000F01EF900F0B4FA18B100F0C1F90020FA
:107E5000EDE700240CE000F06FF83055601CA842FC
:107E600002D200F0F3F801E000F046F9601C84B2A1
:107E7000AC42F0DB00F0ACF90120D8E7680000204C
:107E8000014608784A7840EA022000B270470000B4
:107E90002DE9F041E2B006460F464FF40041234879
:107EA000FDF75AF918B1002062B0BDE8F081204812
:107EB000002101600421FFF7B5FF08B90020F3E7B6
:107EC0001B4800781A49497840EA0128C8F30E088F
:107ED000B8F1040F01D20020E6E7A8F1040084B253
:107EE00014B1B4F5C07F01D90020DDE7201D81B2B7
:107EF00001A8FFF797FF08B90020D5E74FF4C0713C
:107F00000C48F8F743FC002506E001A9281D085C91
:107F100008494855681C85B2A542F6DB16B10448ED
:107F20008078307007B13C800120BDE70008014037
:107F3000720000204C11002070B5002400F062F89F
:107F4000002523E04FF480511548FDF70EF9FFF7A7
:107F50002BFE4FF480511248FDF709F900F096FA14
:107F600030B94FF480510E48FDF7FFF8204670BD40
:107F70006006040E4FF400510948FDF7EDF808B112
:107F800044F00104FFF710FE681CC5B2082DD9D3D8
:107F90004FF480510248FDF7E8F82046E7E700007B
:107FA000000C01403EB5F9208DF8080000208DF846
:107FB0000900022202A9104600F0B8F808B9002012
:107FC0003EBD002417E0694601A8FFF761FF68B1D4
:107FD0009DF80400022809D1BDF80000022805D34D
:107FE00007480078F82801D10120E9E70120FCF7D3
:107FF00093F9601C84B2B4F57A7FE4D30020DFE704
:108000004C11002008B54FF40050ADF80000482096
:108010008DF8030003208DF8020069460148FCF743
:10802000C8FF08BD000C014008B54FF40050ADF882
:10803000000014208DF8030003208DF8020069462B
:108040000148FCF7B6FF08BD000C014010B5FFF772
:10805000EBFF4FF400510948FDF787F84FF48051CA
:108060000648FDF784F800F011FAFFF79DFD4FF484
:1080700080510248FDF779F810BD0000000C014066
:1080800070B50446FFF7D0FF4FF480511948FDF753
:108090006CF800252AE004F0800028B14FF400516C
:1080A0001448FDF764F804E04FF400511148FDF75F
:1080B0005CF86006040EFFF777FD4FF480510D4821
:1080C000FDF755F800F0E2F928B94FF4805109485E
:1080D000FDF74BF870BDFFF767FD4FF48051054881
:1080E000FDF743F8FFF760FD681CC5B2082DD2D339
:1080F00000BFEFE7000C014010B5FFF795FF4FF40C
:1081000000510948FDF733F84FF480510648FDF758
:108110002EF800F0BBF9FFF747FD4FF480510248FD
:10812000FDF723F810BD0000000C01402DE9F041DF
:10813000E0B00446884617463E1DB6F5C07F03D919
:10814000002060B0BDE8F081F0B28DF80000300A88
:108150008DF801008DF802400C48005D8DF8030099
:108160000A48005D401C09490855002506E018F83A
:108170000510281D0DF80010681CC5B2BD42F6DBC5
:108180003146684600F0BAF9DBE700006C000020D9
:1081900010B5FFF749FF4FF400510C48FCF7E7FF1B
:1081A0004FF480510948FCF7E2FF00F06FF9FFF748
:1081B000FBFC4FF400510548FCF7D7FFFFF7F4FC38
:1081C0004FF480510148FCF7D0FF10BD000C014076
:1081D00010B5FFF729FF4FF480510D48FCF7C5FF9C
:1081E0004FF400510A48FCF7C0FFFFF7DDFC4FF4E5
:1081F00080510748FCF7BBFF00F048F9FFF7D4FCBB
:108200004FF400510248FCF7B2FFFFF7CDFC10BD60
:10821000000C01402DE9F04F85B00446656CA06C60
:108220000490E06C0390206D02904FF08040029922
:1082300000F0F6FE0090029900F0F2FE82464FF048
:108240004040039900F0ECFE0090039900F0E8FE36
:108250008346514601F074F881464FF07E5100F09C
:10826000D9FC074629464FF0804000F0D9FE8346EE
:10827000029900F0D5FE81464FF08040049900F04D
:10828000CFFE8346039900F0CBFE8246494600F0BC
:10829000C1FC80463946FFF7C1F90646404900F067
:1082A000BFFE40490860404801683E48006801F050
:1082B00047F8064600F002F9606329464FF0804017
:1082C00000F0AEFE8046039900F0AAFE06464FF08D
:1082D0004040049900F0A4FE8046029900F0A0FE00
:1082E0000746314600F096FC01904FF07E51019810
:1082F00000F062FF02D24FF07E5001902B490198AE
:1083000000F05AFE01D2294801900198FFF7F4F8D5
:1083100080F000462249304600F082FEE0634FF0D4
:108320008040039900F07CFE0090039900F078FEF5
:1083300082464FF04040049900F072FE009004998C
:1083400000F06EFE8346514600F0FAFF81464FF082
:108350007E5100F05FFC074629464FF0804000F058
:108360005FFE8346049900F05BFE81464FF080403B
:10837000039900F055FE8346029900F051FE8246B3
:10838000494600F047FC80463946FFF747F9064664
:10839000034900F045FE206405B0BDE8F08F000001
:1083A000E12E65427C00002078000020000080BFA4
:1083B00010B50024FFF726FE4FF400511C48FCF7CF
:1083C000D6FE4FF480511A48FCF7D1FE00F05EF85B
:1083D00040B94FF480511648FCF7C7FEFFF724FE62
:1083E000012010BDFFF7E0FB10E0601C80B20446E6
:1083F000B0F5966F08D34FF480510D48FCF7B5FEE9
:10840000FFF712FE0120ECE7FFF7CEFB4FF400511F
:108410000748FCF7A1FE0028E7D14FF4805104483B
:10842000FCF7A3FEFFF7C0FBFFF7FEFD0020D8E737
:10843000000C014070B5044600250DE02046FCF715
:10844000BFF920B194F8600008B1012070BD01208F
:10845000FBF762FF681C85B240F2DC508542EDD329
:108460000020F3E770B506460C4600250AE03046CA
:10847000FFF7A2FB08B1012070BD0520FBF74CFF00
:10848000681D85B2A542F2DB0020F5E710B5002497
:1084900009E0601C80B20446B0F5166F01D30020DD
:1084A00010BDFFF781FB4FF480510348FCF754FEE9
:1084B0000028EED00120F3E7000C014010B504467F
:1084C00004E00B49204600F03BFF044609492046E2
:1084D00000F072FEF5D304E00549204600F09AFB57
:1084E00004460549204600F067FDF5D3204610BD3F
:1084F0000000B44300003443000034C370B50546A7
:108500000E46FFF745FE104909784906080EFFF7A9
:10851000B7FDFFF74DFF18B1FFF75AFE002070BD01
:1085200000240BE0285DFFF7ABFDFFF741FF18B11A
:10853000FFF74EFE0020F2E7601C84B2B442F1DB8C
:10854000FFF746FE0120EAE76800002010B5202171
:108550000348FCF701FE08B9012010BD0020FCE72C
:10856000000C01400146002902DA484200B270477F
:108570000846FCE70146642901DD6420704711F1DB
:10858000640F02DA6FF06300F8E70846F6E70000D0
:1085900070B504462046FFF7E5FF0546002C08DDD0
:1085A00010210E48FCF7E3FD20210C48FCF7DDFD0F
:1085B0000FE0002C08DA10210848FCF7D6FD202136
:1085C0000648FCF7D4FD04E030210448FCF7CDFD5B
:1085D0000025A9B20248FDF744FA70BD0008014029
:1085E000002C014070B504462046FFF7BBFF05464E
:1085F000002C09DD02211048FCF7B9FD4FF4806121
:108600000D48FCF7B2FD11E0002C09DA02210A48FE
:10861000FCF7ABFD4FF480610748FCF7A8FD05E0CF
:1086200040F202410448FCF7A0FD0025A9B203482E
:10863000FDF719FA70BD0000000C0140002C01404C
:1086400030B503460C464FF0FF310BB9002030BD6A
:10865000002211E0985C4140002509E001F0010092
:1086600018B1074880EA510100E04908681CC5B20A
:10867000082DF3D3501C82B2A242EBDBC843E6E7DD
:108680002083B8ED2DE9F04180460D4616460024C2
:1086900017E02F5D601CB04203D2285C47EA002738
:1086A00001E047F47F4739464046FCF743FC042885
:1086B00002D00020BDE8F08108F10208A01C84B2BD
:1086C00000BFB442E5DB0120F4E770B504460D4677
:1086D00029462046FCF740FD012800D100E000209B
:1086E00006460EB9012070BD0020FCE710B5144607
:1086F00000222260114A21F000439342A8BF10BD1E
:1087000053EA000208BF10BDB3F5801FA8BF22685E
:1087100007DA362200F0C0FE6FF0350221F0004388
:108720002260DFF81CC06FF31E510CEB23531A4478
:1087300041F0FF5141F00051226010BD0000F07F78
:1087400002FCFFFF2DE9F04106460C4640F2FF75A2
:10875000174635EA14502BD000221346304600F05D
:108760002BF925D03A463046214600F095FE0646C4
:108770000C4635EA145010D000221346304600F063
:108780001BF915D10220F8F794F8FDF783FD0A468E
:10879000214662F31E01BDE8F0810220F8F789F856
:1087A000FDF771FD0A46214662F31E01BDE8F08126
:1087B00030462146BDE8F08190B0FBF7B7FCFBF7EF
:1087C000E3FC0546FBF7BCFC0646FBF7CBFC044686
:1087D000FBF7C5FD15A211210BA8F7F78FFD2B465E
:1087E00016A2112106A80094F7F788FD334617A2B8
:1087F000112101A8F7F782FD0BA90120FBF7B3FDBA
:1088000006A90220FBF7AFFD01A90320FBF7ABFD92
:1088100011A10420FBF7A7FDFCF7A2FEFAF7C0F8B0
:10882000FBF7F6FC01E0FAF7F9F8FCE746757A7A0F
:108830007950494420303430380000005253543DC0
:10884000252D347320463D2530327500424F4F545C
:108850003D25303375000000424F4F543D4150508C
:1088600020494E495400000008B50020009004E063
:108870009DF80000401CC0B200909DF800000C283C
:10888000F6DB08BD70B5054600F0D2FC044620F0CA
:108890000040C0F1FF40C00F08D025F00040C0F1FB
:1088A000FF40C00F04BF0120F8F703F8204670BD59
:1088B00008B50A460021009101466846F8F7A3FA78
:1088C000009808BD411C88B2B0F5006F00DB0020A5
:1088D0007047000010B500290AD00878002807D09A
:1088E00005487844F7F79CFF002801D0002010BD10
:1088F0000248784410BD0000521700004A170000DB
:1089000010B500290AD00878002807D00548784417
:10891000F7F786FF002801D0002010BD02487844F8
:1089200010BD0000421700003A17000021F000427D
:10893000A2F16052B2F5801F01F0004328BFD2F1CE
:108940007F6C0BD95FEA001C43EAC20242EB507015
:1089500018BF704728BF20F001007047B2F5801F94
:10896000BCBF184670474FEA410C1CF5001F02D2ED
:10897000084600F01CBC70B500F096F800000089B5
:10898000FFF7F6BF4FF00040A0F5800070470000F1
:1089900002494FF0000000F04DBD00BF0000F87F1D
:1089A000491058BFC1F140415B1058BFC3F140436B
:1089B0008B42EFF30080704751EA030C17D41CF58B
:1089C000801F58BFBCF5801F00F10680994218BF78
:1089D000704708BF9042704707D711F5801F58BFF6
:1089E00013F5801F19D499427047894270471CF5CE
:1089F000801F08D5BCF5801FF7D58B4218BF704784
:108A000008BF824270474FF4001C1CEB410F38BF77
:108A10001CEB430F01D28B42704770B500F044F855
:108A2000922449004FF000514FF08053FFF7B8BF38
:108A300051EA030C17D41CF5801F58BFBCF5801FEA
:108A400000F10680994218BF704708BF90427047F6
:108A500007D711F5801F58BF13F5801F19D499420D
:108A60007047894270471CF5801F08D5BCF5801FF0
:108A7000F7D58B4218BF704708BF824270474FF44A
:108A8000001C1CEB410F38BF1CEB430F01D28B4283
:108A9000704770B500F008F8922449004FF000517B
:108AA0004FF08053FFF77CBF0EF1020E2EF0030E45
:108AB0005EF8046B364205D4012A43EB030515F535
:108AC000001F12D8012841EB010C1CF5001F0CD827
:108AD0000ED14FEAD17C15F5001F0CEB4C0C0CF1BC
:108AE000020C08BF4CEBD37C04E04FF0080C01E013
:108AF0004FEAD37C0CEB4C0526FA05F606F0070688
:108B0000B6F1040C06D20EEB860CBDE870404CF0BA
:108B1000010C6047DFE80CF0090B02024FF0004146
:108B20004FF00000A1F5002170BD19461046012844
:108B300051EB010418BFD4F5001484BF002001F0EC
:108B4000004170BD0808A0F500114FEA31017047DF
:108B500053EA010C17D41CF5801F58BFBCF5801FC9
:108B600000F106808B4218BF704708BF82427047F1
:108B700007D713F5801F58BF11F5801F19D48B42FA
:108B800070479B4270471CF5801F08D5BCF5801FBD
:108B9000F7D5994218BF704708BF904270474FF40D
:108BA000001C1CEB430F38BF1CEB410F01D2994254
:108BB00070470FB40CBC03BCFFF76BBF43004FEA18
:108BC000D30C4FEA3C0C43401FBF40070CF16051EF
:108BD00013F0FE4F70471CF0006F03D100200CF023
:108BE000004170470CF0004343EA507010B540EA72
:108BF000CC0000F096FA00BF000000924FEA00019E
:108C0000FFF7A0BF4FF000414FF00000A1F5002199
:108C10007047000090EA010F48BF81F0004100F169
:108C20009683421A3CBF801A89184FEAD0524FF0FF
:108C30007F4C1CEA410FA2EBD15318BF9CEA026F94
:108C400000F03B804FF0004C4CEA00204CEA012140
:108C500021FA03FC10EB0C0C1ED202F1FF325FEA8A
:108C60001C2040EBC25038BF70471CF07F0F4FEA0A
:108C7000400C18BFBCF17F4F38BF7047C3F12003D1
:108C8000994008BF20F00100BCF17F4F38BF70470A
:108C9000A0F1C04000F08BBA4FEA3C00000A40EB64
:108CA000C25028BF1CF0FF0F4FEA400CE6D018BF9F
:108CB000BCF17F4F38BF7047EAE79CEA026F05D0EE
:108CC00010EA5C0F08BF00F00040704710B500F0DC
:108CD00028FA00BF64FBBE3E014800F0ABBB00BFFA
:108CE0000000C07F401058BFC0F14040491058BF3D
:108CF000C1F140418142EFF3008070474FF47F0C97
:108D00001CEAD0121EBF1CEAD11392EA0C0F93EAA0
:108D10000C0F00F0858090EA010F48BF42F480728A
:108D200040F4000C41F400002CF07F4120F07F4023
:108D300000B58142A2EB03020FF2081CACEB504ECF
:108D4000C0F100009EF800E04FEA4E0E00FB0EFC62
:108D500038BF49004FEA2C1C02F5FA020CFB0EF357
:108D60004FEACE1E4FEA112C4FEAC1210EEB635E93
:108D700042EB22420EFB0CFC4FEA1C5300FB03119A
:108D80004FEA112C4FEA01310EFB0CFC4FEADC4C90
:108D900000FB0C11C14228BF09184CEB03335DF8EE
:108DA00004EB10EB410143EBC250B2F57C0F38BF2E
:108DB000704729D512F0F00F1CBF00F1C04000F041
:108DC00000407047008182838485868788898B8CE8
:108DD0008D8E8F919293959697999A9C9D9FA0A224
:108DE000A3A5A7A8AAACAEB0B2B3B5B7B9BCBEC074
:108DF000C2C5C7C9CCCED1D4D7D9DCDFE2E6E9EC15
:108E0000F0F3F7FAFE0000004FEA400C0CF1807C12
:108E1000BCF17E4F28BF7047B0F1C04000F0C7B929
:108E200090EA010F0CEAD11348BF42F48072624508
:108E300038BF634507D213F47F0F16D080EA0100D4
:108E400000F00040704710B500F06BF9097EFC3E61
:108E500000F005B880EA010000F00040704780EAA9
:108E6000010000F0004000F0A2B912F47F0F04BF2F
:108E70000248704780EA010000F099B90000C07F05
:108E800050EA010C00F113801CF5000F58BFBCF52F
:108E9000000F01D48842704707D710F5000F58BF64
:108EA00011F5000F15D488427047894270471CF5B0
:108EB000000F04D5BCF5000FF7D5814270474FF085
:108EC000807C1CEB400F38BF1CEB410F01D281426C
:108ED000704710B500F025F9922449004FF000507A
:108EE0004FF08051FFF7FEBE41000B0ED3F19E0202
:108EF00008D950F400034FEA032323FA02F048BFD5
:108F00004042704710B500F00CF900BF4992248030
:108F1000002070476FF0004282EA20007047000096
:108F2000C10DD1F19E0206DB4FEA002343F000435E
:108F300023FA02F07047004207D54FEA4001B1F131
:108F4000FE4F02D24FF00000704710B500F0E9F874
:108F500049922480002070476FEA2000704700008B
:108F600010F0004148BF4042B0FA80F310FA03F21B
:108F7000C3F19D030BD051EAC35101EB12205306FC
:108F800038BF704700F1010008BF20F001007047B2
:108F9000B0FA80F310FA03F2C3F19D030AD0D905A9
:108FA00001EB1220530638BF704700F1010008BFE3
:108FB00020F001007047000050EA010C00F113801E
:108FC0001CF5000F58BFBCF5000F01D48842704754
:108FD00007D710F5000F58BF11F5000F15D48842C0
:108FE0007047894270471CF5000F04D5BCF5000F8F
:108FF000F7D5814270474FF0807C1CEB400F38BFA3
:109000001CEB410F01D28142704710B500F089F886
:10901000922449004FF000504FF08051FFF762BE9C
:109020004FF47F0C1CEAD0121EBF1CEAD11392EA47
:109030000C0F93EA0C0F00F0478090EA010F48BF35
:1090400042F480724FF0004C4CEA00204CEA0121BF
:1090500002EB0302A0FB0113A2F50002002918BFD6
:1090600043F001035B0028BF4FEA330342EB224287
:109070005FEA132C4CEBC2502EBFBCEB436FB2F532
:109080007C0F70474FEA036CBCF1004F08BF20F023
:109090000100B2F57C0F38BF70470BD582F0FF029C
:1090A00012F5803FC8BF704700F1C040D8BF00F044
:1090B0000040704700F5000C5FEA4C0C48BF704759
:1090C000B0F1C04000F073B890EA010F0CEAD11380
:1090D00048BF42F48072624538BF634504D280EADB
:1090E000010000F00040704710B500F01AF800BF12
:1090F0008900013E00F007B800F009B85FEA410CB2
:109100005FEA1C6C08D080EA010000F050B85FEA0A
:10911000400C5FEA1C6CF6D14FF00040A0F58000D7
:1091200070470EF1020E2EF0030E5EF8044B24423F
:1091300004D44FEA4102B2F17F4F11D84FEA400305
:10914000B3F17F4F0CD80ED14FEAD07CB2F17F4FF4
:109150000CEB4C0C0CF1020C08BF4CEBD17C04E086
:109160004FF0080C01E04FEAD17C0CEB4C0324FAE1
:1091700003F404F00704B4F1040C06D20EEB840CE3
:10918000BDE810404CF0010C6047DFE80CF0070828
:1091900002024FF00040A0F5800010BD08464200DA
:1091A00018BFD2F1807288BF00F0004010BDFF21CF
:1091B00041EAD050C005704751EA000C00F113801D
:1091C0001CF5000F58BFBCF5000F01D48142704759
:1091D00007D711F5000F58BF10F5000F15D48142C5
:1091E0007047894270471CF5000F04D5BCF5000F8D
:1091F000F7D5884270474FF0807C1CEB410F38BF99
:109200001CEB400F01D28842704780EA010081EADE
:10921000000180EA0100FFF7F8BE80F0004090EA0C
:10922000010F7FF5FEAC81F0004100F090B8000026
:109230004FEAD051002988BFD1F1FF0240F275807A
:1092400001F17D014FEA002070B5490840F000406F
:1092500038BF40080EA2430E040CD25C02FB02F39E
:1092600004FB03F3C3F14043A3FB0254ED0D45EAB5
:10927000442202FB02F3A0FB03546D42C4F14044BC
:1092800038BF641EA2FB05350023E2FB0453EA0B42
:1092900042EA4342A0FB023212F14004A2F1210350
:1092A000E40903F07F031F2B32D904EBC15070BDDA
:1092B000FEFAF7F3F0ECE9E6E4E1DEDCD9D7D4D24C
:1092C000D0CECCCAC8C6C4C2C1BFBDBCBAB9B7B67D
:1092D000B4B3B2B0AFAEACABAAA9A8A7A6A4A3A2E0
:1092E000A1A09F9E9E9D9C9B9A99989797969594D6
:1092F0009393929190908F8E8E8D8C8C8B8A8A898D
:109300008988878786868584848383828281818019
:1093100004FB04F6B6EB004603D5E64248BF641CE6
:10932000C3E7A64258BF641CBFE711F0FF0F02D18C
:1093300000F00040704710B5FFF7F3FE7FDBFFBE83
:1093400090EA010F48BF81F000413FF56AAC421A34
:1093500004D882F00042A0EB020011444FEAD05240
:109360004FF07F4C1CEA410FA2EBD15318BF9CEA8F
:10937000026F4AD04FF0004C4CEA00204CEA012129
:1093800021FA03FCB0EB0C0C0FD412F0FE0F36D018
:109390005FEA4C001DD5001240EBC25038BF704749
:1093A0001CF03F0F18BF70470BE0A2F101025FEA0B
:1093B0001C2040EBC25038BF70471CF07F0F18BF15
:1093C0007047C3F12003994014BF401E20F00100F4
:1093D000704780084FEA122308BF7047B0FA80FC3C
:1093E000A2EB0C02CCF1280C60FA0CF093EA122FDD
:1093F00004BF00EBC25070474FEAC3707047130AB6
:109400005FEADC1008BF7047F6E79CEA026F04D001
:1094100010EA5C0F08BF0020704710B5FFF781FE0F
:1094200040DFF63E81F0004070474FF0000070478B
:10943000F7F777BB0CF00F03092B08BF082000F0EB
:1094400085800A2B0BD0082B18BF704708BF1CF073
:10945000400F0AD04FF000004FF0000170471CF0A1
:10946000400F18BF4FF0004070471CF0100F08D09D
:1094700020F0704300F07F4242EAD3014FEA43708C
:10948000704700F0604021F07F4242EA000201F0A4
:109490007F4040EA727070474FF0FF0C4CF4E06C74
:1094A0001CEA11531CBF9CEA030C9445C2BFDA426C
:1094B00001EB02517047002B0DD0BCF1000F0FD013
:1094C000002A01F00041A4BF41F0E04141F07F617A
:1094D0004FF00000704701F000414FF0000070476E
:1094E00050EA01334FF09B0C18BF4CF0806C7FF4B6
:1094F0004FAA70474FF0FF0212EAD0521CBF92F001
:10950000FF038B42C2BFD14200EBC1507047002A1B
:109510000AD0002B0BD0002900F00040A4BF40F07F
:10952000FE4040F40000704700F0004070474302E6
:109530004FF00B0C18BF4CF0806C7FF4CDAB704734
:10954000F7F74ABFF8F79EB8F8F72CBA1CF4801F5B
:1095500011D01CF4E02F03D06FEACC3149007047E2
:109560004FF04050EFF3008222F0704242EA0002D6
:1095700082F3008870474FF0000070470000000041
:10958000000000000000000000000000000000F8E3
:1095900000000000000000333000000000100C0646
:1095A000100C0600000000000000000040C07840E1
:1095B000C0784000043F04043F040400007088FCAD
:1095C00008300000001820FF211E0000F008F00005
:1095D000E018000000211C031E211E0000F0088876
:1095E000700000001E2123241927211010160E00E0
:1095F000000000000000000000000000000000E08B
:10960000180402000000000718204000000204189F
:10961000E00000000040201807000000404080F0FB
:10962000804040000202010F01020200000000F031
:10963000000000000101011F010101000000000005
:109640000000000080B0700000000000000000007A
:109650000000000000010101010101010000000003
:10966000000000000030300000000000000000009A
:1096700080601804006018060100000000E0100877
:109680000810E000000F102020100F00001010F84C
:10969000000000000020203F20200000007008088B
:1096A000088870000030282422213000003008880B
:1096B000884830000018202020110E000000C02033
:1096C00010F8000000070424243F240000F8088854
:1096D000880808000019212020110E0000E01088E1
:1096E00088180000000F112020110E000038080813
:1096F000C83808000000003F000000000070880823
:1097000008887000001C222121221C0000E01008A3
:109710000810E0000000312222110F00000000C0FC
:10972000C000000000000030300000000000008099
:109730000000000000008060000000000000804089
:1097400020100800000102040810200040404040A2
:1097500040404000040404040404040000081020F5
:10976000408000000020100804020100007048083A
:109770000808F0000000003036010000C030C828A2
:10978000E810E0000718272423140B000000C0385D
:10979000E0000000203C23020227382008F88888D7
:1097A00088700000203F202020110E00C0300808E3
:1097B00008083800071820202010080008F80808BA
:1097C0000810E000203F202020100F0008F88888B3
:1097D000E8081000203F20202320180008F888887F
:1097E000E8081000203F200003000000C0300808F7
:1097F0000838000007182020221E020008F8080080
:109800000008F808203F210101213F20000808F846
:10981000080800000020203F202000000000080869
:10982000F8080800C08080807F00000008F888C029
:1098300028180800203F20012638200008F80800DA
:1098400000000000203F20202020300008F8F80011
:10985000F8F80800203F003F003F200008F830C023
:109860000008F808203F200007183F00E010080813
:109870000810E0000F10202020100F0008F8080842
:109880000808F000203F210101010000E010080855
:109890000810E0000F18242438504F0008F888887A
:1098A00088887000203F2000030C3020007088085A
:1098B000080838000038202121221C00180808F868
:1098C000080818000000203F2000000008F80800E9
:1098D0000008F808001F202020201F0008788800BA
:1098E00000C83808000007380E010000F80800F82A
:1098F0000008F800033C0700073C030008186880D4
:109900008068180820302C03032C30200838C80049
:10991000C83808000000203F200000001008080898
:10992000C83808002038262120201800000000FE3A
:10993000020202000000007F40404000000C30C0E6
:1099400000000000000000010638C0000002020212
:10995000FE000000004040407F00000000000402C4
:1099600002020400000000000000000000000000EF
:1099700000000000808080808080808000020204DF
:1099800000000000000000000000000000008080D7
:10999000808000000019242222223F2008F8008045
:1099A00080000000003F112020110E000000008008
:1099B00080800000000E1120202011000000008097
:1099C0008088F800000E112020103F2000008080C9
:1099D00080800000001F222222221300008080F0DD
:1099E000888888180020203F202000000000808008
:1099F00080808000006B94949493600008F800804D
:109A000080800000203F210000203F2000809898A7
:109A1000000000000020203F202000000000008007
:109A20009898000000C08080807F000008F8000047
:109A300080808000203F24022D302000000808F89C
:109A4000000000000020203F202000008080808057
:109A500080808000203F20003F20003F80800080E9
:109A600080800000203F210000203F2000008080F7
:109A700080800000001F202020201F0080800080A8
:109A80008000000080FFA12020110E000000008057
:109A900080808000000E112020A0FF808080800048
:109AA0008080800020203F21200001000000808075
:109AB000808080000033242424241900008080E06A
:109AC000808000000000001F202000008080000037
:109AD00000808000001F202020103F208080800018
:109AE0000080808000010E30080601008080008028
:109AF000008080800F300C030C300F00008080004D
:109B0000808080000020312E0E3120008080800077
:109B10000080808080818E70180601000080808027
:109B2000808080000021302C2221300000000000C5
:109B3000807C020200000000003F40400000000066
:109B4000FF00000000000000FF0000000002027C97
:109B5000800000000040403F0000000000060101BE
:109B600002020404000000000000000000080140A0
:109B70000008014000080140000C0140000C0140B9
:109B8000000C0140000C01400010014000040008DE
:109B9000001008001000000200080020000060C053
:109BA000000020C00000C0BF000000BF0000003F58
:109BB0000000C03F00002040000060404A4B2928C0
:109BC000FF7F007F0F7C4E77F57049699E60495793
:109BD000A24DFA439A3ABC318E292E22AE1B1216A0
:109BE0005311630D2F0AA007A0051504EB020E0206
:109BF0006C01F800A7006E0048002E001D00120046
:109C00000B00E2FFECFFF6FF00000A0014001E004C
:109C10000800060004000300040006000800ECFF32
:109C2000F3FFF9FF000007000D0014000600050017
:109C300003000200030005000600303132333435E2
:109C40003637383941424344454640305800303178
:109C50003233343536373839616263646566403093
:109C6000780004000008000000000000000200016D
:109C70000000100002400000000000A000000000F2
:109C800005400000000000C8000000000C4000007B
:109C90000000409C00000000194000000020BCBEF5
:109CA0000000000034400000BFC91B8E000000040B
:109CB000B5400000504BCFD06607E2CF0100000056
:109CC0006C4100003E8251AADFEEA7340100000083
:109CD000D9420000DCB5A0E23A301F97FFFFFFFF3A
:109CE000B4450000FD25A0C8E9A3C14FFFFFFFFF59
:109CF000FF3F00000000008000000000FF3F000068
:109D000000000080000000007B2274696D65223A2B
:109D1000252E33662C226D6F6465223A222573222C
:109D20002C2274756E65223A222573222C227374BC
:109D3000617465223A222573222C22626F6F74228D
:109D40003A7B22636F756E74223A25752C227265F8
:109D5000736574223A222573222C226661756C7415
:109D6000223A222573222C226661756C745F636F20
:109D70006465223A25752C226661756C745F616496
:109D800064725F737263223A222573222C22666109
:109D9000756C745F61646472223A223078253038C1
:109DA0006C58222C2263667372223A223078253056
:109DB000386C58222C2268667372223A2230782539
:109DC00030386C58227D2C2273656E736F7273224B
:109DD0003A7B2268656164696E67223A252E326695
:109DE0002C22765F6C656674223A252E32662C2210
:109DF000765F7269676874223A252E32662C227665
:109E0000665F6C656674223A252E32662C22766671
:109E10005F7269676874223A252E32662C22766654
:109E20005F617667223A252E32662C22765F666F56
:109E30007277617264223A252E32667D2C22656E1D
:109E4000636F646572223A7B22646C223A25642C2B
:109E5000226472223A25642C22636C5F6C223A25BC
:109E6000752C22636C5F72223A25757D2C22636FFC
:109E70006E74726F6C223A7B2270776D5F6C223A3F
:109E8000252E32662C2270776D5F72223A252E3293
:109E9000662C227261775F6C223A252E32662C2264
:109EA0007261775F72223A252E32662C22626173CC
:109EB00065223A252E32662C227374656572223A29
:109EC000252E32667D2C226572726F7273223A7B68
:109ED0002265223A252E32662C226563223A252EEF
:109EE00032662C226569223A252E32667D2C226745
:109EF00061696E73223A7B2268656164696E6722CC
:109F00003A7B226B70223A252E34662C226B692212
:109F10003A252E34662C226B64223A252E34667D37
:109F20002C227370656564223A7B226B70223A257D
:109F30002E34662C226B69223A252E34662C226B35
:109F400064223A252E34667D7D2C22636F6E66690D
:109F500067223A7B227461726765745F737065650E
:109F600064223A252E32662C227472696D223A25BB
:109F70002E32667D2C22706572666F726D616E6323
:109F800065223A7B22697365223A252E33662C229C
:109F900077696E646F775F697365223A252E336641
:109FA0002C226F76657273686F6F74223A252E3299
:109FB000662C22736574746C696E67223A252E32A2
:109FC000667D2C22666C616773223A7B227265740F
:109FD0007261696E223A25752C2270726F66696C07
:109FE000655F73746F726564223A25752C227072F6
:109FF0006F66696C655F6469727479223A25757D54
:10A000007D0D0A0060A1000800000020840000000F
:10A0100028010008E4A1000884000020CC3E0000D4
:10A0200044010008000000000000F07FFFFFFFFF78
:10A03000FFFFEF7F1C00000043000000F8FFFFFF60
:10A040000C0000000E0000000F0000002E000000B9
:10A050001001000043000000F8FFFFFF00404040F7
:10A0600040404040404041414141414040404040EB
:10A070004040404040404040404040404005020297
:10A080000202020202020202020202020220202056
:10A0900020202020202020020202020202029090B2
:10A0A00090909090101010101010101010101010B0
:10A0B0001010101010101010020202020202888804
:10A0C0008888888808080808080808080808080810
:10A0D00008080808080808080202020240000000F8
:10A0E0000000000000000000000000000000000070
:10A0F0000000000000000000000000000000000060
:10A10000000000000000000000000000000000004F
:10A11000000000000000000000000000000000003F
:10A12000000000000000000000000000000000002F
:10A13000000000000000000000000000000000001F
:10A14000000000000000000000000000000000000F
:10A1500000000000000000000000000000000000FF
:10A1600000000000010203040102030406070809BD
:10A1700002040608000000000000000000000000CB
:10A1800000000000000000000000000000000000CF
:10A1900000000000000000000000000000000000BF
:10A1A00000000000000000000000000000000000AF
:10A1B000000000000000000000000B001E0004FF73
:10A1C0000100780000000000000000000000000016
:10A1D000000000000000000000000000000000007F
:04A1E000000001007A
:04000005080000ED02
:00000001FF
