tick,exp_id,t_ms,run,ts,st,lt,rt,kp,ki,kd,lp,lpr,y,yr,el,er,ed,dl,dr,cl,cr,la,ra,lse,rse,lso,rso,lc,rc,cd,cde,cdi,cdo,L,R,pwm_max,miss,lost,sensor_count,sensor_score,sensor_state,s1,s2,s3,s4,s5,s6,s7,s8,raw_line
453794,90,0.0,0,14.0,0.0,0.0,0.0,0.35,0.0,0.0,-1.5,-1.5,0.0,0.0,0.0,0.0,0.0,0,0,0,0,0.0,0.0,0.0,0.0,0.0,0.0,3151,5371,-2220,0.0,0.0,0.0,0.0,0.0,0.0,0.0,0.0,0,0.0,line_missing,0,0,0,0,0,0,0,0,TRK tick=453794 exp_id=90 t_ms=0 run=0 ts=14.000 kp=0.350 ki=0.000 kd=0.000 st=0.000 lt=0.000 rt=0.000 la=0.000 ra=0.000 lse=0.000 rse=0.000 lso=0.000 rso=0.000 lc=3151 rc=5371 cd=-2220 cde=0.000 cdo=0.000 lp=-1.500 lpr=-1.500 y=0.000 yr=0.000 el=0.000 er=0.000 ed=0.000 dl=0 dr=0 cl=0 cr=0 L=0 R=0 s1=0 s2=0 s3=0 s4=0 s5=0 s6=0 s7=0 s8=0 rx=543 txdrop=0
453991,90,0.0,0,14.0,0.0,0.0,0.0,0.35,0.0,0.0,-1.5,-1.5,0.0,0.0,0.0,0.0,0.0,0,0,0,0,0.0,0.0,0.0,0.0,0.0,0.0,3151,5371,-2220,0.0,0.0,0.0,0.0,0.0,0.0,0.0,0.0,0,0.0,line_missing,0,0,0,0,0,0,0,0,TRK tick=453991 exp_id=90 t_ms=0 run=0 ts=14.000 kp=0.350 ki=0.000 kd=0.000 st=0.000 lt=0.000 rt=0.000 la=0.000 ra=0.000 lse=0.000 rse=0.000 lso=0.000 rso=0.000 lc=3151 rc=5371 cd=-2220 cde=0.000 cdo=0.000 lp=-1.500 lpr=-1.500 y=0.000 yr=0.000 el=0.000 er=0.000 ed=0.000 dl=0 dr=0 cl=0 cr=0 L=0 R=0 s1=0 s2=0 s3=0 s4=0 s5=0 s6=0 s7=0 s8=0 rx=543 txdrop=0
454189,90,0.0,0,14.0,0.0,0.0,0.0,0.35,0.0,0.0,-1.5,-1.5,0.0,0.0,0.0,0.0,0.0,0,0,0,0,0.0,0.0,0.0,0.0,0.0,0.0,3151,5371,-2220,0.0,0.0,0.0,0.0,0.0,0.0,0.0,0.0,0,0.0,line_missing,0,0,0,0,0,0,0,0,TRK tick=454189 exp_id=90 t_ms=0 run=0 ts=14.000 kp=0.350 ki=0.000 kd=0.000 st=0.000 lt=0.000 rt=0.000 la=0.000 ra=0.000 lse=0.000 rse=0.000 lso=0.000 rso=0.000 lc=3151 rc=5371 cd=-2220 cde=0.000 cdo=0.000 lp=-1.500 lpr=-1.500 y=0.000 yr=0.000 el=0.000 er=0.000 ed=0.000 dl=0 dr=0 cl=0 cr=0 L=0 R=0 s1=0 s2=0 s3=0 s4=0 s5=0 s6=0 s7=0 s8=0 rx=543 txdrop=0
454387,90,0.0,0,14.0,0.0,0.0,0.0,0.35,0.0,0.0,-1.5,-1.5,0.0,0.0,0.0,0.0,0.0,0,0,0,0,0.0,0.0,0.0,0.0,0.0,0.0,3151,5371,-2220,0.0,0.0,0.0,0.0,0.0,0.0,0.0,0.0,0,0.0,line_missing,0,0,0,0,0,0,0,0,TRK tick=454387 exp_id=90 t_ms=0 run=0 ts=14.000 kp=0.350 ki=0.000 kd=0.000 st=0.000 lt=0.000 rt=0.000 la=0.000 ra=0.000 lse=0.000 rse=0.000 lso=0.000 rso=0.000 lc=3151 rc=5371 cd=-2220 cde=0.000 cdo=0.000 lp=-1.500 lpr=-1.500 y=0.000 yr=0.000 el=0.000 er=0.000 ed=0.000 dl=0 dr=0 cl=0 cr=0 L=0 R=0 s1=0 s2=0 s3=0 s4=0 s5=0 s6=0 s7=0 s8=0 rx=543 txdrop=0
454585,90,0.0,0,14.0,0.0,0.0,0.0,0.35,0.0,0.0,-1.5,-1.5,0.0,0.0,0.0,0.0,0.0,0,0,0,0,0.0,0.0,0.0,0.0,0.0,0.0,3151,5371,-2220,0.0,0.0,0.0,0.0,0.0,0.0,0.0,0.0,0,0.0,line_missing,0,0,0,0,0,0,0,0,TRK tick=454585 exp_id=90 t_ms=0 run=0 ts=14.000 kp=0.350 ki=0.000 kd=0.000 st=0.000 lt=0.000 rt=0.000 la=0.000 ra=0.000 lse=0.000 rse=0.000 lso=0.000 rso=0.000 lc=3151 rc=5371 cd=-2220 cde=0.000 cdo=0.000 lp=-1.500 lpr=-1.500 y=0.000 yr=0.000 el=0.000 er=0.000 ed=0.000 dl=0 dr=0 cl=0 cr=0 L=0 R=0 s1=0 s2=0 s3=0 s4=0 s5=0 s6=0 s7=0 s8=0 rx=543 txdrop=0
454980,90,0.0,0,14.0,0.0,0.0,0.0,0.35,0.0,0.0,-1.5,-1.5,0.0,0.0,0.0,0.0,0.0,0,0,0,0,0.0,0.0,0.0,0.0,0.0,0.0,3151,5371,-2220,0.0,0.0,0.0,0.0,0.0,72.0,0.0,0.0,0,0.0,line_missing,0,0,0,0,0,0,0,0,TRK tick=454783 exp_id=90 t_ms=0 run=0 ts=14.000 kp=0.350 ki=0.000 kd=0.000 st=0.000 lt=0.000 rt=0.000 la=0.000 ra=0.000 lse=0.000 rse=0.000 lso=0.000 rso=0.000 lc=3151 rc=5371 cd=-2220 cde=0.000 cdo=0.000 lp=-1.500 lpr=-1.500 y=0.000 yr=0.STAT tick=454980 exp_id=90 t_ms=0 run=0 ts=14.000000 skp=10.000000 ski=0.250000 skd=0.000000 kp=0.350000 ki=0.000000 kd=0.000000 st=0.000000 lt=0.000000 rt=0.000000 la=0.000000 ra=0.000000 lse=0.000000 rse=0.000000 lso=0.000000 rso=0.000000 lc=3151 rc=5371 cd=-2220 cde=0.000000 cdi=0.000000 cdo=0.000000 lp=-1.500000 lpr=-1.500000 le=0.000000 li=0.000000 lout=0.000000 diff=0.000000 y=0.000000 yr=0.000000 el=0.000 er=0.000 ed=0.000 dl=0 dr=0 cl=0 cr=0 L=0 R=0 pwm_max=72 miss=0 lost=0 s1=0 s2=0 s3=0 s4=0 s5=0 s6=0 s7=0 s8=0 rx=549 txdrop=0
454982,90,0.0,0,14.0,0.0,0.0,0.0,0.35,0.0,0.0,-1.5,-1.5,0.0,0.0,0.0,0.0,0.0,0,0,0,0,0.0,0.0,0.0,0.0,0.0,0.0,3151,5371,-2220,0.0,0.0,0.0,0.0,0.0,0.0,0.0,0.0,0,0.0,line_missing,0,0,0,0,0,0,0,0,TRK tick=454982 exp_id=90 t_ms=0 run=0 ts=14.000 kp=0.350 ki=0.000 kd=0.000 st=0.000 lt=0.000 rt=0.000 la=0.000 ra=0.000 lse=0.000 rse=0.000 lso=0.000 rso=0.000 lc=3151 rc=5371 cd=-2220 cde=0.000 cdo=0.000 lp=-1.500 lpr=-1.500 y=0.000 yr=0.000 el=0.000 er=0.000 ed=0.000 dl=0 dr=0 cl=0 cr=0 L=0 R=0 s1=0 s2=0 s3=0 s4=0 s5=0 s6=0 s7=0 s8=0 rx=549 txdrop=0
455182,90,0.0,0,14.0,0.0,0.0,0.0,0.35,0.0,0.0,-1.5,-1.5,0.0,0.0,0.0,0.0,0.0,0,0,0,0,0.0,0.0,0.0,0.0,0.0,0.0,3151,5371,-2220,0.0,0.0,0.0,0.0,0.0,0.0,0.0,0.0,0,0.0,line_missing,0,0,0,0,0,0,0,0,TRK tick=455182 exp_id=90 t_ms=0 run=0 ts=14.000 kp=0.350 ki=0.000 kd=0.000 st=0.000 lt=0.000 rt=0.000 la=0.000 ra=0.000 lse=0.000 rse=0.000 lso=0.000 rso=0.000 lc=3151 rc=5371 cd=-2220 cde=0.000 cdo=0.000 lp=-1.500 lpr=-1.500 y=0.000 yr=0.000 el=0.000 er=0.000 ed=0.000 dl=0 dr=0 cl=0 cr=0 L=0 R=0 s1=0 s2=0 s3=0 s4=0 s5=0 s6=0 s7=0 s8=0 rx=549 txdrop=0
455379,90,0.0,0,14.0,0.0,0.0,0.0,0.35,0.0,0.0,-1.5,-1.5,0.0,0.0,0.0,0.0,0.0,0,0,0,0,0.0,0.0,0.0,0.0,0.0,0.0,3151,5371,-2220,0.0,0.0,0.0,0.0,0.0,0.0,0.0,0.0,0,0.0,line_missing,0,0,0,0,0,0,0,0,TRK tick=455379 exp_id=90 t_ms=0 run=0 ts=14.000 kp=0.350 ki=0.000 kd=0.000 st=0.000 lt=0.000 rt=0.000 la=0.000 ra=0.000 lse=0.000 rse=0.000 lso=0.000 rso=0.000 lc=3151 rc=5371 cd=-2220 cde=0.000 cdo=0.000 lp=-1.500 lpr=-1.500 y=0.000 yr=0.000 el=0.000 er=0.000 ed=0.000 dl=0 dr=0 cl=0 cr=0 L=0 R=0 s1=0 s2=0 s3=0 s4=0 s5=0 s6=0 s7=0 s8=0 rx=549 txdrop=0
455577,90,0.0,0,14.0,0.0,0.0,0.0,0.35,0.0,0.0,-1.5,-1.5,0.0,0.0,0.0,0.0,0.0,0,0,0,0,0.0,0.0,0.0,0.0,0.0,0.0,3151,5371,-2220,0.0,0.0,0.0,0.0,0.0,0.0,0.0,0.0,0,0.0,line_missing,0,0,0,0,0,0,0,0,TRK tick=455577 exp_id=90 t_ms=0 run=0 ts=14.000 kp=0.350 ki=0.000 kd=0.000 st=0.000 lt=0.000 rt=0.000 la=0.000 ra=0.000 lse=0.000 rse=0.000 lso=0.000 rso=0.000 lc=3151 rc=5371 cd=-2220 cde=0.000 cdo=0.000 lp=-1.500 lpr=-1.500 y=0.000 yr=0.000 el=0.000 er=0.000 ed=0.000 dl=0 dr=0 cl=0 cr=0 L=0 R=0 s1=0 s2=0 s3=0 s4=0 s5=0 s6=0 s7=0 s8=0 rx=549 txdrop=0
455775,90,0.0,0,14.0,0.0,0.0,0.0,0.35,0.0,0.0,-1.5,-1.5,0.0,0.0,0.0,0.0,0.0,0,0,0,0,0.0,0.0,0.0,0.0,0.0,0.0,3151,5371,-2220,0.0,0.0,0.0,0.0,0.0,0.0,0.0,0.0,0,0.0,line_missing,0,0,0,0,0,0,0,0,TRK tick=455775 exp_id=90 t_ms=0 run=0 ts=14.000 kp=0.350 ki=0.000 kd=0.000 st=0.000 lt=0.000 rt=0.000 la=0.000 ra=0.000 lse=0.000 rse=0.000 lso=0.000 rso=0.000 lc=3151 rc=5371 cd=-2220 cde=0.000 cdo=0.000 lp=-1.500 lpr=-1.500 y=0.000 yr=0.000 el=0.000 er=0.000 ed=0.000 dl=0 dr=0 cl=0 cr=0 L=0 R=0 s1=0 s2=0 s3=0 s4=0 s5=0 s6=0 s7=0 s8=0 rx=549 txdrop=0
455973,90,0.0,0,14.0,0.0,0.0,0.0,0.35,0.0,0.0,-1.5,-1.5,0.0,0.0,0.0,0.0,0.0,0,0,0,0,0.0,0.0,0.0,0.0,0.0,0.0,3151,5371,-2220,0.0,0.0,0.0,0.0,0.0,0.0,0.0,0.0,0,0.0,line_missing,0,0,0,0,0,0,0,0,TRK tick=455973 exp_id=90 t_ms=0 run=0 ts=14.000 kp=0.350 ki=0.000 kd=0.000 st=0.000 lt=0.000 rt=0.000 la=0.000 ra=0.000 lse=0.000 rse=0.000 lso=0.000 rso=0.000 lc=3151 rc=5371 cd=-2220 cde=0.000 cdo=0.000 lp=-1.500 lpr=-1.500 y=0.000 yr=0.000 el=0.000 er=0.000 ed=0.000 dl=0 dr=0 cl=0 cr=0 L=0 R=0 s1=0 s2=0 s3=0 s4=0 s5=0 s6=0 s7=0 s8=0 rx=549 txdrop=0
456170,90,0.0,0,14.0,0.0,0.0,0.0,0.35,0.0,0.0,-1.5,-1.5,0.0,0.0,0.0,0.0,0.0,0,0,0,0,0.0,0.0,0.0,0.0,0.0,0.0,3151,5371,-2220,0.0,0.0,0.0,0.0,0.0,0.0,0.0,0.0,0,0.0,line_missing,0,0,0,0,0,0,0,0,TRK tick=456170 exp_id=90 t_ms=0 run=0 ts=14.000 kp=0.350 ki=0.000 kd=0.000 st=0.000 lt=0.000 rt=0.000 la=0.000 ra=0.000 lse=0.000 rse=0.000 lso=0.000 rso=0.000 lc=3151 rc=5371 cd=-2220 cde=0.000 cdo=0.000 lp=-1.500 lpr=-1.500 y=0.000 yr=0.000 el=0.000 er=0.000 ed=0.000 dl=0 dr=0 cl=0 cr=0 L=0 R=0 s1=0 s2=0 s3=0 s4=0 s5=0 s6=0 s7=0 s8=0 rx=549 txdrop=0
456368,90,0.0,0,14.0,0.0,0.0,0.0,0.35,0.0,0.0,-1.5,-1.5,0.0,0.0,0.0,0.0,0.0,0,0,0,0,0.0,0.0,0.0,0.0,0.0,0.0,3151,5371,-2220,0.0,0.0,0.0,0.0,0.0,0.0,0.0,0.0,0,0.0,line_missing,0,0,0,0,0,0,0,0,TRK tick=456368 exp_id=90 t_ms=0 run=0 ts=14.000 kp=0.350 ki=0.000 kd=0.000 st=0.000 lt=0.000 rt=0.000 la=0.000 ra=0.000 lse=0.000 rse=0.000 lso=0.000 rso=0.000 lc=3151 rc=5371 cd=-2220 cde=0.000 cdo=0.000 lp=-1.500 lpr=-1.500 y=0.000 yr=0.000 el=0.000 er=0.000 ed=0.000 dl=0 dr=0 cl=0 cr=0 L=0 R=0 s1=0 s2=0 s3=0 s4=0 s5=0 s6=0 s7=0 s8=0 rx=549 txdrop=0
456566,90,0.0,0,14.0,0.0,0.0,0.0,0.35,0.0,0.0,-1.5,-1.5,0.0,0.0,0.0,0.0,0.0,0,0,0,0,0.0,0.0,0.0,0.0,0.0,0.0,3151,5371,-2220,0.0,0.0,0.0,0.0,0.0,0.0,0.0,0.0,0,0.0,line_missing,0,0,0,0,0,0,0,0,TRK tick=456566 exp_id=90 t_ms=0 run=0 ts=14.000 kp=0.350 ki=0.000 kd=0.000 st=0.000 lt=0.000 rt=0.000 la=0.000 ra=0.000 lse=0.000 rse=0.000 lso=0.000 rso=0.000 lc=3151 rc=5371 cd=-2220 cde=0.000 cdo=0.000 lp=-1.500 lpr=-1.500 y=0.000 yr=0.000 el=0.000 er=0.000 ed=0.000 dl=0 dr=0 cl=0 cr=0 L=0 R=0 s1=0 s2=0 s3=0 s4=0 s5=0 s6=0 s7=0 s8=0 rx=549 txdrop=0
456764,90,0.0,0,14.0,0.0,0.0,0.0,0.35,0.0,0.0,-1.5,-1.5,0.0,0.0,0.0,0.0,0.0,0,0,0,0,0.0,0.0,0.0,0.0,0.0,0.0,3151,5371,-2220,0.0,0.0,0.0,0.0,0.0,0.0,0.0,0.0,0,0.0,line_missing,0,0,0,0,0,0,0,0,TRK tick=456764 exp_id=90 t_ms=0 run=0 ts=14.000 kp=0.350 ki=0.000 kd=0.000 st=0.000 lt=0.000 rt=0.000 la=0.000 ra=0.000 lse=0.000 rse=0.000 lso=0.000 rso=0.000 lc=3151 rc=5371 cd=-2220 cde=0.000 cdo=0.000 lp=-1.500 lpr=-1.500 y=0.000 yr=0.000 el=0.000 er=0.000 ed=0.000 dl=0 dr=0 cl=0 cr=0 L=0 R=0 s1=0 s2=0 s3=0 s4=0 s5=0 s6=0 s7=0 s8=0 rx=549 txdrop=0
456962,90,0.0,0,14.0,0.0,0.0,0.0,0.35,0.0,0.0,-1.5,-1.5,0.0,0.0,0.0,0.0,0.0,0,0,0,0,0.0,0.0,0.0,0.0,0.0,0.0,3151,5371,-2220,0.0,0.0,0.0,0.0,0.0,0.0,0.0,0.0,0,0.0,line_missing,0,0,0,0,0,0,0,0,TRK tick=456962 exp_id=90 t_ms=0 run=0 ts=14.000 kp=0.350 ki=0.000 kd=0.000 st=0.000 lt=0.000 rt=0.000 la=0.000 ra=0.000 lse=0.000 rse=0.000 lso=0.000 rso=0.000 lc=3151 rc=5371 cd=-2220 cde=0.000 cdo=0.000 lp=-1.500 lpr=-1.500 y=0.000 yr=0.000 el=0.000 er=0.000 ed=0.000 dl=0 dr=0 cl=0 cr=0 L=0 R=0 s1=0 s2=0 s3=0 s4=0 s5=0 s6=0 s7=0 s8=0 rx=549 txdrop=0
457159,90,0.0,0,14.0,0.0,0.0,0.0,0.35,0.0,0.0,-1.5,-1.5,0.0,0.0,0.0,0.0,0.0,0,0,0,0,0.0,0.0,0.0,0.0,0.0,0.0,3151,5371,-2220,0.0,0.0,0.0,0.0,0.0,0.0,0.0,0.0,0,0.0,line_missing,0,0,0,0,0,0,0,0,TRK tick=457159 exp_id=90 t_ms=0 run=0 ts=14.000 kp=0.350 ki=0.000 kd=0.000 st=0.000 lt=0.000 rt=0.000 la=0.000 ra=0.000 lse=0.000 rse=0.000 lso=0.000 rso=0.000 lc=3151 rc=5371 cd=-2220 cde=0.000 cdo=0.000 lp=-1.500 lpr=-1.500 y=0.000 yr=0.000 el=0.000 er=0.000 ed=0.000 dl=0 dr=0 cl=0 cr=0 L=0 R=0 s1=0 s2=0 s3=0 s4=0 s5=0 s6=0 s7=0 s8=0 rx=549 txdrop=0
457357,90,0.0,0,14.0,0.0,0.0,0.0,0.35,0.0,0.0,-1.5,-1.5,0.0,0.0,0.0,0.0,0.0,0,0,0,0,0.0,0.0,0.0,0.0,0.0,0.0,3151,5371,-2220,0.0,0.0,0.0,0.0,0.0,0.0,0.0,0.0,0,0.0,line_missing,0,0,0,0,0,0,0,0,TRK tick=457357 exp_id=90 t_ms=0 run=0 ts=14.000 kp=0.350 ki=0.000 kd=0.000 st=0.000 lt=0.000 rt=0.000 la=0.000 ra=0.000 lse=0.000 rse=0.000 lso=0.000 rso=0.000 lc=3151 rc=5371 cd=-2220 cde=0.000 cdo=0.000 lp=-1.500 lpr=-1.500 y=0.000 yr=0.000 el=0.000 er=0.000 ed=0.000 dl=0 dr=0 cl=0 cr=0 L=0 R=0 s1=0 s2=0 s3=0 s4=0 s5=0 s6=0 s7=0 s8=0 rx=549 txdrop=0
457555,90,0.0,0,14.0,0.0,0.0,0.0,0.35,0.0,0.0,-1.5,-1.5,0.0,0.0,0.0,0.0,0.0,0,0,0,0,0.0,0.0,0.0,0.0,0.0,0.0,3151,5371,-2220,0.0,0.0,0.0,0.0,0.0,0.0,0.0,0.0,0,0.0,line_missing,0,0,0,0,0,0,0,0,TRK tick=457555 exp_id=90 t_ms=0 run=0 ts=14.000 kp=0.350 ki=0.000 kd=0.000 st=0.000 lt=0.000 rt=0.000 la=0.000 ra=0.000 lse=0.000 rse=0.000 lso=0.000 rso=0.000 lc=3151 rc=5371 cd=-2220 cde=0.000 cdo=0.000 lp=-1.500 lpr=-1.500 y=0.000 yr=0.000 el=0.000 er=0.000 ed=0.000 dl=0 dr=0 cl=0 cr=0 L=0 R=0 s1=0 s2=0 s3=0 s4=0 s5=0 s6=0 s7=0 s8=0 rx=549 txdrop=0
457753,90,0.0,0,14.0,0.0,0.0,0.0,0.35,0.0,0.0,-1.5,-1.5,0.0,0.0,0.0,0.0,0.0,0,0,0,0,0.0,0.0,0.0,0.0,0.0,0.0,3151,5371,-2220,0.0,0.0,0.0,0.0,0.0,0.0,0.0,0.0,0,0.0,line_missing,0,0,0,0,0,0,0,0,TRK tick=457753 exp_id=90 t_ms=0 run=0 ts=14.000 kp=0.350 ki=0.000 kd=0.000 st=0.000 lt=0.000 rt=0.000 la=0.000 ra=0.000 lse=0.000 rse=0.000 lso=0.000 rso=0.000 lc=3151 rc=5371 cd=-2220 cde=0.000 cdo=0.000 lp=-1.500 lpr=-1.500 y=0.000 yr=0.000 el=0.000 er=0.000 ed=0.000 dl=0 dr=0 cl=0 cr=0 L=0 R=0 s1=0 s2=0 s3=0 s4=0 s5=0 s6=0 s7=0 s8=0 rx=549 txdrop=0
457951,90,0.0,0,14.0,0.0,0.0,0.0,0.35,0.0,0.0,-1.5,-1.5,0.0,0.0,0.0,0.0,0.0,0,0,0,0,0.0,0.0,0.0,0.0,0.0,0.0,3151,5371,-2220,0.0,0.0,0.0,0.0,0.0,0.0,0.0,0.0,0,0.0,line_missing,0,0,0,0,0,0,0,0,TRK tick=457951 exp_id=90 t_ms=0 run=0 ts=14.000 kp=0.350 ki=0.000 kd=0.000 st=0.000 lt=0.000 rt=0.000 la=0.000 ra=0.000 lse=0.000 rse=0.000 lso=0.000 rso=0.000 lc=3151 rc=5371 cd=-2220 cde=0.000 cdo=0.000 lp=-1.500 lpr=-1.500 y=0.000 yr=0.000 el=0.000 er=0.000 ed=0.000 dl=0 dr=0 cl=0 cr=0 L=0 R=0 s1=0 s2=0 s3=0 s4=0 s5=0 s6=0 s7=0 s8=0 rx=549 txdrop=0
458148,90,0.0,0,14.0,0.0,0.0,0.0,0.35,0.0,0.0,-1.5,-1.5,0.0,0.0,0.0,0.0,0.0,0,0,0,0,0.0,0.0,0.0,0.0,0.0,0.0,3151,5371,-2220,0.0,0.0,0.0,0.0,0.0,0.0,0.0,0.0,0,0.0,line_missing,0,0,0,0,0,0,0,0,TRK tick=458148 exp_id=90 t_ms=0 run=0 ts=14.000 kp=0.350 ki=0.000 kd=0.000 st=0.000 lt=0.000 rt=0.000 la=0.000 ra=0.000 lse=0.000 rse=0.000 lso=0.000 rso=0.000 lc=3151 rc=5371 cd=-2220 cde=0.000 cdo=0.000 lp=-1.500 lpr=-1.500 y=0.000 yr=0.000 el=0.000 er=0.000 ed=0.000 dl=0 dr=0 cl=0 cr=0 L=0 R=0 s1=0 s2=0 s3=0 s4=0 s5=0 s6=0 s7=0 s8=0 rx=549 txdrop=0
458346,90,0.0,0,14.0,0.0,0.0,0.0,0.35,0.0,0.0,-1.5,-1.5,0.0,0.0,0.0,0.0,0.0,0,0,0,0,0.0,0.0,0.0,0.0,0.0,0.0,3151,5371,-2220,0.0,0.0,0.0,0.0,0.0,0.0,0.0,0.0,0,0.0,line_missing,0,0,0,0,0,0,0,0,TRK tick=458346 exp_id=90 t_ms=0 run=0 ts=14.000 kp=0.350 ki=0.000 kd=0.000 st=0.000 lt=0.000 rt=0.000 la=0.000 ra=0.000 lse=0.000 rse=0.000 lso=0.000 rso=0.000 lc=3151 rc=5371 cd=-2220 cde=0.000 cdo=0.000 lp=-1.500 lpr=-1.500 y=0.000 yr=0.000 el=0.000 er=0.000 ed=0.000 dl=0 dr=0 cl=0 cr=0 L=0 R=0 s1=0 s2=0 s3=0 s4=0 s5=0 s6=0 s7=0 s8=0 rx=549 txdrop=0
458544,90,0.0,0,14.0,0.0,0.0,0.0,0.35,0.0,0.0,-1.5,-1.5,0.0,0.0,0.0,0.0,0.0,0,0,0,0,0.0,0.0,0.0,0.0,0.0,0.0,3151,5371,-2220,0.0,0.0,0.0,0.0,0.0,0.0,0.0,0.0,0,0.0,line_missing,0,0,0,0,0,0,0,0,TRK tick=458544 exp_id=90 t_ms=0 run=0 ts=14.000 kp=0.350 ki=0.000 kd=0.000 st=0.000 lt=0.000 rt=0.000 la=0.000 ra=0.000 lse=0.000 rse=0.000 lso=0.000 rso=0.000 lc=3151 rc=5371 cd=-2220 cde=0.000 cdo=0.000 lp=-1.500 lpr=-1.500 y=0.000 yr=0.000 el=0.000 er=0.000 ed=0.000 dl=0 dr=0 cl=0 cr=0 L=0 R=0 s1=0 s2=0 s3=0 s4=0 s5=0 s6=0 s7=0 s8=0 rx=549 txdrop=0
458742,90,0.0,0,14.0,0.0,0.0,0.0,0.35,0.0,0.0,-1.5,-1.5,0.0,0.0,0.0,0.0,0.0,0,0,0,0,0.0,0.0,0.0,0.0,0.0,0.0,3151,5371,-2220,0.0,0.0,0.0,0.0,0.0,72.0,0.0,0.0,0,0.0,line_missing,0,0,0,0,0,0,0,0,STAT tick=458742 exp_id=90 t_ms=0 run=0 ts=14.000000 skp=10.000000 ski=0.250000 skd=0.000000 kp=0.350000 ki=0.000000 kd=0.000000 st=0.000000 lt=0.000000 rt=0.000000 la=0.000000 ra=0.000000 lse=0.000000 rse=0.000000 lso=0.000000 rso=0.000000 lc=3151 rc=5371 cd=-2220 cde=0.000000 cdi=0.000000 cdo=0.000000 lp=-1.500000 lpr=-1.500000 le=0.000000 li=0.000000 lout=0.000000 diff=0.000000 y=0.000000 yr=0.000000 el=0.000 er=0.000 ed=0.000 dl=0 dr=0 cl=0 cr=0 L=0 R=0 pwm_max=72 miss=0 lost=0 s1=0 s2=0 s3=0 s4=0 s5=0 s6=0 s7=0 s8=0 rx=555 txdrop=0
458744,90,0.0,0,14.0,0.0,0.0,0.0,0.35,0.0,0.0,-1.5,-1.5,0.0,0.0,0.0,0.0,0.0,0,0,0,0,0.0,0.0,0.0,0.0,0.0,0.0,3151,5371,-2220,0.0,0.0,0.0,0.0,0.0,0.0,0.0,0.0,0,0.0,line_missing,0,0,0,0,0,0,0,0,TRK tick=458744 exp_id=90 t_ms=0 run=0 ts=14.000 kp=0.350 ki=0.000 kd=0.000 st=0.000 lt=0.000 rt=0.000 la=0.000 ra=0.000 lse=0.000 rse=0.000 lso=0.000 rso=0.000 lc=3151 rc=5371 cd=-2220 cde=0.000 cdo=0.000 lp=-1.500 lpr=-1.500 y=0.000 yr=0.000 el=0.000 er=0.000 ed=0.000 dl=0 dr=0 cl=0 cr=0 L=0 R=0 s1=0 s2=0 s3=0 s4=0 s5=0 s6=0 s7=0 s8=0 rx=555 txdrop=0
458943,90,0.0,0,14.0,0.0,0.0,0.0,0.35,0.0,0.0,-1.5,-1.5,0.0,0.0,0.0,0.0,0.0,0,0,0,0,0.0,0.0,0.0,0.0,0.0,0.0,3151,5371,-2220,0.0,0.0,0.0,0.0,0.0,0.0,0.0,0.0,0,0.0,line_missing,0,0,0,0,0,0,0,0,TRK tick=458943 exp_id=90 t_ms=0 run=0 ts=14.000 kp=0.350 ki=0.000 kd=0.000 st=0.000 lt=0.000 rt=0.000 la=0.000 ra=0.000 lse=0.000 rse=0.000 lso=0.000 rso=0.000 lc=3151 rc=5371 cd=-2220 cde=0.000 cdo=0.000 lp=-1.500 lpr=-1.500 y=0.000 yr=0.000 el=0.000 er=0.000 ed=0.000 dl=0 dr=0 cl=0 cr=0 L=0 R=0 s1=0 s2=0 s3=0 s4=0 s5=0 s6=0 s7=0 s8=0 rx=555 txdrop=0
459141,90,0.0,0,14.0,0.0,0.0,0.0,0.35,0.0,0.0,-1.5,-1.5,0.0,0.0,0.0,0.0,0.0,0,0,0,0,0.0,0.0,0.0,0.0,0.0,0.0,3151,5371,-2220,0.0,0.0,0.0,0.0,0.0,0.0,0.0,0.0,0,0.0,line_missing,0,0,0,0,0,0,0,0,TRK tick=459141 exp_id=90 t_ms=0 run=0 ts=14.000 kp=0.350 ki=0.000 kd=0.000 st=0.000 lt=0.000 rt=0.000 la=0.000 ra=0.000 lse=0.000 rse=0.000 lso=0.000 rso=0.000 lc=3151 rc=5371 cd=-2220 cde=0.000 cdo=0.000 lp=-1.500 lpr=-1.500 y=0.000 yr=0.000 el=0.000 er=0.000 ed=0.000 dl=0 dr=0 cl=0 cr=0 L=0 R=0 s1=0 s2=0 s3=0 s4=0 s5=0 s6=0 s7=0 s8=0 rx=555 txdrop=0
459338,90,0.0,0,14.0,0.0,0.0,0.0,0.35,0.0,0.0,-1.5,-1.5,0.0,0.0,0.0,0.0,0.0,0,0,0,0,0.0,0.0,0.0,0.0,0.0,0.0,3151,5371,-2220,0.0,0.0,0.0,0.0,0.0,0.0,0.0,0.0,0,0.0,line_missing,0,0,0,0,0,0,0,0,TRK tick=459338 exp_id=90 t_ms=0 run=0 ts=14.000 kp=0.350 ki=0.000 kd=0.000 st=0.000 lt=0.000 rt=0.000 la=0.000 ra=0.000 lse=0.000 rse=0.000 lso=0.000 rso=0.000 lc=3151 rc=5371 cd=-2220 cde=0.000 cdo=0.000 lp=-1.500 lpr=-1.500 y=0.000 yr=0.000 el=0.000 er=0.000 ed=0.000 dl=0 dr=0 cl=0 cr=0 L=0 R=0 s1=0 s2=0 s3=0 s4=0 s5=0 s6=0 s7=0 s8=0 rx=555 txdrop=0
459536,90,0.0,0,14.0,0.0,0.0,0.0,0.35,0.0,0.0,-1.5,-1.5,0.0,0.0,0.0,0.0,0.0,0,0,0,0,0.0,0.0,0.0,0.0,0.0,0.0,3151,5371,-2220,0.0,0.0,0.0,0.0,0.0,0.0,0.0,0.0,0,0.0,line_missing,0,0,0,0,0,0,0,0,TRK tick=459536 exp_id=90 t_ms=0 run=0 ts=14.000 kp=0.350 ki=0.000 kd=0.000 st=0.000 lt=0.000 rt=0.000 la=0.000 ra=0.000 lse=0.000 rse=0.000 lso=0.000 rso=0.000 lc=3151 rc=5371 cd=-2220 cde=0.000 cdo=0.000 lp=-1.500 lpr=-1.500 y=0.000 yr=0.000 el=0.000 er=0.000 ed=0.000 dl=0 dr=0 cl=0 cr=0 L=0 R=0 s1=0 s2=0 s3=0 s4=0 s5=0 s6=0 s7=0 s8=0 rx=555 txdrop=0
459734,90,0.0,0,14.0,0.0,0.0,0.0,0.35,0.0,0.0,-1.5,-1.5,0.0,0.0,0.0,0.0,0.0,0,0,0,0,0.0,0.0,0.0,0.0,0.0,0.0,3151,5371,-2220,0.0,0.0,0.0,0.0,0.0,0.0,0.0,0.0,0,0.0,line_missing,0,0,0,0,0,0,0,0,TRK tick=459734 exp_id=90 t_ms=0 run=0 ts=14.000 kp=0.350 ki=0.000 kd=0.000 st=0.000 lt=0.000 rt=0.000 la=0.000 ra=0.000 lse=0.000 rse=0.000 lso=0.000 rso=0.000 lc=3151 rc=5371 cd=-2220 cde=0.000 cdo=0.000 lp=-1.500 lpr=-1.500 y=0.000 yr=0.000 el=0.000 er=0.000 ed=0.000 dl=0 dr=0 cl=0 cr=0 L=0 R=0 s1=0 s2=0 s3=0 s4=0 s5=0 s6=0 s7=0 s8=0 rx=555 txdrop=0
459932,90,0.0,0,14.0,0.0,0.0,0.0,0.35,0.0,0.0,-1.5,-1.5,0.0,0.0,0.0,0.0,0.0,0,0,0,0,0.0,0.0,0.0,0.0,0.0,0.0,3151,5371,-2220,0.0,0.0,0.0,0.0,0.0,0.0,0.0,0.0,0,0.0,line_missing,0,0,0,0,0,0,0,0,TRK tick=459932 exp_id=90 t_ms=0 run=0 ts=14.000 kp=0.350 ki=0.000 kd=0.000 st=0.000 lt=0.000 rt=0.000 la=0.000 ra=0.000 lse=0.000 rse=0.000 lso=0.000 rso=0.000 lc=3151 rc=5371 cd=-2220 cde=0.000 cdo=0.000 lp=-1.500 lpr=-1.500 y=0.000 yr=0.000 el=0.000 er=0.000 ed=0.000 dl=0 dr=0 cl=0 cr=0 L=0 R=0 s1=0 s2=0 s3=0 s4=0 s5=0 s6=0 s7=0 s8=0 rx=555 txdrop=0
460130,90,0.0,0,14.0,0.0,0.0,0.0,0.35,0.0,0.0,-1.5,-1.5,0.0,0.0,0.0,0.0,0.0,0,0,0,0,0.0,0.0,0.0,0.0,0.0,0.0,3151,5371,-2220,0.0,0.0,0.0,0.0,0.0,0.0,0.0,0.0,0,0.0,line_missing,0,0,0,0,0,0,0,0,TRK tick=460130 exp_id=90 t_ms=0 run=0 ts=14.000 kp=0.350 ki=0.000 kd=0.000 st=0.000 lt=0.000 rt=0.000 la=0.000 ra=0.000 lse=0.000 rse=0.000 lso=0.000 rso=0.000 lc=3151 rc=5371 cd=-2220 cde=0.000 cdo=0.000 lp=-1.500 lpr=-1.500 y=0.000 yr=0.000 el=0.000 er=0.000 ed=0.000 dl=0 dr=0 cl=0 cr=0 L=0 R=0 s1=0 s2=0 s3=0 s4=0 s5=0 s6=0 s7=0 s8=0 rx=555 txdrop=0
460327,90,0.0,0,14.0,0.0,0.0,0.0,0.35,0.0,0.0,-1.5,-1.5,0.0,0.0,0.0,0.0,0.0,0,0,0,0,0.0,0.0,0.0,0.0,0.0,0.0,3151,5371,-2220,0.0,0.0,0.0,0.0,0.0,0.0,0.0,0.0,0,0.0,line_missing,0,0,0,0,0,0,0,0,TRK tick=460327 exp_id=90 t_ms=0 run=0 ts=14.000 kp=0.350 ki=0.000 kd=0.000 st=0.000 lt=0.000 rt=0.000 la=0.000 ra=0.000 lse=0.000 rse=0.000 lso=0.000 rso=0.000 lc=3151 rc=5371 cd=-2220 cde=0.000 cdo=0.000 lp=-1.500 lpr=-1.500 y=0.000 yr=0.000 el=0.000 er=0.000 ed=0.000 dl=0 dr=0 cl=0 cr=0 L=0 R=0 s1=0 s2=0 s3=0 s4=0 s5=0 s6=0 s7=0 s8=0 rx=555 txdrop=0
460525,90,0.0,0,14.0,0.0,0.0,0.0,0.35,0.0,0.0,-1.5,-1.5,0.0,0.0,0.0,0.0,0.0,0,0,0,0,0.0,0.0,0.0,0.0,0.0,0.0,3151,5371,-2220,0.0,0.0,0.0,0.0,0.0,0.0,0.0,0.0,0,0.0,line_missing,0,0,0,0,0,0,0,0,TRK tick=460525 exp_id=90 t_ms=0 run=0 ts=14.000 kp=0.350 ki=0.000 kd=0.000 st=0.000 lt=0.000 rt=0.000 la=0.000 ra=0.000 lse=0.000 rse=0.000 lso=0.000 rso=0.000 lc=3151 rc=5371 cd=-2220 cde=0.000 cdo=0.000 lp=-1.500 lpr=-1.500 y=0.000 yr=0.000 el=0.000 er=0.000 ed=0.000 dl=0 dr=0 cl=0 cr=0 L=0 R=0 s1=0 s2=0 s3=0 s4=0 s5=0 s6=0 s7=0 s8=0 rx=555 txdrop=0
460723,90,0.0,0,14.0,0.0,0.0,0.0,0.35,0.0,0.0,-1.5,-1.5,0.0,0.0,0.0,0.0,0.0,0,0,0,0,0.0,0.0,0.0,0.0,0.0,0.0,3151,5371,-2220,0.0,0.0,0.0,0.0,0.0,0.0,0.0,0.0,0,0.0,line_missing,0,0,0,0,0,0,0,0,TRK tick=460723 exp_id=90 t_ms=0 run=0 ts=14.000 kp=0.350 ki=0.000 kd=0.000 st=0.000 lt=0.000 rt=0.000 la=0.000 ra=0.000 lse=0.000 rse=0.000 lso=0.000 rso=0.000 lc=3151 rc=5371 cd=-2220 cde=0.000 cdo=0.000 lp=-1.500 lpr=-1.500 y=0.000 yr=0.000 el=0.000 er=0.000 ed=0.000 dl=0 dr=0 cl=0 cr=0 L=0 R=0 s1=0 s2=0 s3=0 s4=0 s5=0 s6=0 s7=0 s8=0 rx=555 txdrop=0
460921,90,0.0,0,14.0,0.0,0.0,0.0,0.35,0.0,0.0,-1.5,-1.5,0.0,0.0,0.0,0.0,0.0,0,0,0,0,0.0,0.0,0.0,0.0,0.0,0.0,3151,5371,-2220,0.0,0.0,0.0,0.0,0.0,0.0,0.0,0.0,0,0.0,line_missing,0,0,0,0,0,0,0,0,TRK tick=460921 exp_id=90 t_ms=0 run=0 ts=14.000 kp=0.350 ki=0.000 kd=0.000 st=0.000 lt=0.000 rt=0.000 la=0.000 ra=0.000 lse=0.000 rse=0.000 lso=0.000 rso=0.000 lc=3151 rc=5371 cd=-2220 cde=0.000 cdo=0.000 lp=-1.500 lpr=-1.500 y=0.000 yr=0.000 el=0.000 er=0.000 ed=0.000 dl=0 dr=0 cl=0 cr=0 L=0 R=0 s1=0 s2=0 s3=0 s4=0 s5=0 s6=0 s7=0 s8=0 rx=555 txdrop=0
461119,90,0.0,0,14.0,0.0,0.0,0.0,0.35,0.0,0.0,-1.5,-1.5,0.0,0.0,0.0,0.0,0.0,0,0,0,0,0.0,0.0,0.0,0.0,0.0,0.0,3151,5371,-2220,0.0,0.0,0.0,0.0,0.0,0.0,0.0,0.0,0,0.0,line_missing,0,0,0,0,0,0,0,0,TRK tick=461119 exp_id=90 t_ms=0 run=0 ts=14.000 kp=0.350 ki=0.000 kd=0.000 st=0.000 lt=0.000 rt=0.000 la=0.000 ra=0.000 lse=0.000 rse=0.000 lso=0.000 rso=0.000 lc=3151 rc=5371 cd=-2220 cde=0.000 cdo=0.000 lp=-1.500 lpr=-1.500 y=0.000 yr=0.000 el=0.000 er=0.000 ed=0.000 dl=0 dr=0 cl=0 cr=0 L=0 R=0 s1=0 s2=0 s3=0 s4=0 s5=0 s6=0 s7=0 s8=0 rx=555 txdrop=0
461316,90,0.0,0,14.0,0.0,0.0,0.0,0.35,0.0,0.0,-1.5,-1.5,0.0,0.0,0.0,0.0,0.0,0,0,0,0,0.0,0.0,0.0,0.0,0.0,0.0,3151,5371,-2220,0.0,0.0,0.0,0.0,0.0,0.0,0.0,0.0,0,0.0,line_missing,0,0,0,0,0,0,0,0,TRK tick=461316 exp_id=90 t_ms=0 run=0 ts=14.000 kp=0.350 ki=0.000 kd=0.000 st=0.000 lt=0.000 rt=0.000 la=0.000 ra=0.000 lse=0.000 rse=0.000 lso=0.000 rso=0.000 lc=3151 rc=5371 cd=-2220 cde=0.000 cdo=0.000 lp=-1.500 lpr=-1.500 y=0.000 yr=0.000 el=0.000 er=0.000 ed=0.000 dl=0 dr=0 cl=0 cr=0 L=0 R=0 s1=0 s2=0 s3=0 s4=0 s5=0 s6=0 s7=0 s8=0 rx=555 txdrop=0
461514,90,0.0,0,14.0,0.0,0.0,0.0,0.35,0.0,0.0,-1.5,-1.5,0.0,0.0,0.0,0.0,0.0,0,0,0,0,0.0,0.0,0.0,0.0,0.0,0.0,3151,5371,-2220,0.0,0.0,0.0,0.0,0.0,0.0,0.0,0.0,0,0.0,line_missing,0,0,0,0,0,0,0,0,TRK tick=461514 exp_id=90 t_ms=0 run=0 ts=14.000 kp=0.350 ki=0.000 kd=0.000 st=0.000 lt=0.000 rt=0.000 la=0.000 ra=0.000 lse=0.000 rse=0.000 lso=0.000 rso=0.000 lc=3151 rc=5371 cd=-2220 cde=0.000 cdo=0.000 lp=-1.500 lpr=-1.500 y=0.000 yr=0.000 el=0.000 er=0.000 ed=0.000 dl=0 dr=0 cl=0 cr=0 L=0 R=0 s1=0 s2=0 s3=0 s4=0 s5=0 s6=0 s7=0 s8=0 rx=555 txdrop=0
461712,90,0.0,0,14.0,0.0,0.0,0.0,0.35,0.0,0.0,-1.5,-1.5,0.0,0.0,0.0,0.0,0.0,0,0,0,0,0.0,0.0,0.0,0.0,0.0,0.0,3151,5371,-2220,0.0,0.0,0.0,0.0,0.0,0.0,0.0,0.0,0,0.0,line_missing,0,0,0,0,0,0,0,0,TRK tick=461712 exp_id=90 t_ms=0 run=0 ts=14.000 kp=0.350 ki=0.000 kd=0.000 st=0.000 lt=0.000 rt=0.000 la=0.000 ra=0.000 lse=0.000 rse=0.000 lso=0.000 rso=0.000 lc=3151 rc=5371 cd=-2220 cde=0.000 cdo=0.000 lp=-1.500 lpr=-1.500 y=0.000 yr=0.000 el=0.000 er=0.000 ed=0.000 dl=0 dr=0 cl=0 cr=0 L=0 R=0 s1=0 s2=0 s3=0 s4=0 s5=0 s6=0 s7=0 s8=0 rx=555 txdrop=0
461910,90,0.0,0,14.0,0.0,0.0,0.0,0.35,0.0,0.0,-1.5,-1.5,0.0,0.0,0.0,0.0,0.0,0,0,0,0,0.0,0.0,0.0,0.0,0.0,0.0,3151,5371,-2220,0.0,0.0,0.0,0.0,0.0,0.0,0.0,0.0,0,0.0,line_missing,0,0,0,0,0,0,0,0,TRK tick=461910 exp_id=90 t_ms=0 run=0 ts=14.000 kp=0.350 ki=0.000 kd=0.000 st=0.000 lt=0.000 rt=0.000 la=0.000 ra=0.000 lse=0.000 rse=0.000 lso=0.000 rso=0.000 lc=3151 rc=5371 cd=-2220 cde=0.000 cdo=0.000 lp=-1.500 lpr=-1.500 y=0.000 yr=0.000 el=0.000 er=0.000 ed=0.000 dl=0 dr=0 cl=0 cr=0 L=0 R=0 s1=0 s2=0 s3=0 s4=0 s5=0 s6=0 s7=0 s8=0 rx=555 txdrop=0
462108,90,0.0,0,14.0,0.0,0.0,0.0,0.35,0.0,0.0,-1.5,-1.5,0.0,0.0,0.0,0.0,0.0,0,0,0,0,0.0,0.0,0.0,0.0,0.0,0.0,3151,5371,-2220,0.0,0.0,0.0,0.0,0.0,0.0,0.0,0.0,0,0.0,line_missing,0,0,0,0,0,0,0,0,TRK tick=462108 exp_id=90 t_ms=0 run=0 ts=14.000 kp=0.350 ki=0.000 kd=0.000 st=0.000 lt=0.000 rt=0.000 la=0.000 ra=0.000 lse=0.000 rse=0.000 lso=0.000 rso=0.000 lc=3151 rc=5371 cd=-2220 cde=0.000 cdo=0.000 lp=-1.500 lpr=-1.500 y=0.000 yr=0.000 el=0.000 er=0.000 ed=0.000 dl=0 dr=0 cl=0 cr=0 L=0 R=0 s1=0 s2=0 s3=0 s4=0 s5=0 s6=0 s7=0 s8=0 rx=555 txdrop=0
462305,90,0.0,0,14.0,0.0,0.0,0.0,0.35,0.0,0.0,-1.5,-1.5,0.0,0.0,0.0,0.0,0.0,0,0,0,0,0.0,0.0,0.0,0.0,0.0,0.0,3151,5371,-2220,0.0,0.0,0.0,0.0,0.0,72.0,0.0,0.0,0,0.0,line_missing,0,0,0,0,0,0,0,0,STAT tick=462305 exp_id=90 t_ms=0 run=0 ts=14.000000 skp=10.000000 ski=0.250000 skd=0.000000 kp=0.350000 ki=0.000000 kd=0.000000 st=0.000000 lt=0.000000 rt=0.000000 la=0.000000 ra=0.000000 lse=0.000000 rse=0.000000 lso=0.000000 rso=0.000000 lc=3151 rc=5371 cd=-2220 cde=0.000000 cdi=0.000000 cdo=0.000000 lp=-1.500000 lpr=-1.500000 le=0.000000 li=0.000000 lout=0.000000 diff=0.000000 y=0.000000 yr=0.000000 el=0.000 er=0.000 ed=0.000 dl=0 dr=0 cl=0 cr=0 L=0 R=0 pwm_max=72 miss=0 lost=0 s1=0 s2=0 s3=0 s4=0 s5=0 s6=0 s7=0 s8=0 rx=561 txdrop=0
462307,90,0.0,0,14.0,0.0,0.0,0.0,0.35,0.0,0.0,-1.5,-1.5,0.0,0.0,0.0,0.0,0.0,0,0,0,0,0.0,0.0,0.0,0.0,0.0,0.0,3151,5371,-2220,0.0,0.0,0.0,0.0,0.0,0.0,0.0,0.0,0,0.0,line_missing,0,0,0,0,0,0,0,0,TRK tick=462307 exp_id=90 t_ms=0 run=0 ts=14.000 kp=0.350 ki=0.000 kd=0.000 st=0.000 lt=0.000 rt=0.000 la=0.000 ra=0.000 lse=0.000 rse=0.000 lso=0.000 rso=0.000 lc=3151 rc=5371 cd=-2220 cde=0.000 cdo=0.000 lp=-1.500 lpr=-1.500 y=0.000 yr=0.000 el=0.000 er=0.000 ed=0.000 dl=0 dr=0 cl=0 cr=0 L=0 R=0 s1=0 s2=0 s3=0 s4=0 s5=0 s6=0 s7=0 s8=0 rx=561 txdrop=0
462507,90,0.0,0,14.0,0.0,0.0,0.0,0.35,0.0,0.0,-1.5,-1.5,0.0,0.0,0.0,0.0,0.0,0,0,0,0,0.0,0.0,0.0,0.0,0.0,0.0,3151,5371,-2220,0.0,0.0,0.0,0.0,0.0,0.0,0.0,0.0,0,0.0,line_missing,0,0,0,0,0,0,0,0,TRK tick=462507 exp_id=90 t_ms=0 run=0 ts=14.000 kp=0.350 ki=0.000 kd=0.000 st=0.000 lt=0.000 rt=0.000 la=0.000 ra=0.000 lse=0.000 rse=0.000 lso=0.000 rso=0.000 lc=3151 rc=5371 cd=-2220 cde=0.000 cdo=0.000 lp=-1.500 lpr=-1.500 y=0.000 yr=0.000 el=0.000 er=0.000 ed=0.000 dl=0 dr=0 cl=0 cr=0 L=0 R=0 s1=0 s2=0 s3=0 s4=0 s5=0 s6=0 s7=0 s8=0 rx=561 txdrop=0
462704,90,0.0,0,14.0,0.0,0.0,0.0,0.35,0.0,0.0,-1.5,-1.5,0.0,0.0,0.0,0.0,0.0,0,0,0,0,0.0,0.0,0.0,0.0,0.0,0.0,3151,5371,-2220,0.0,0.0,0.0,0.0,0.0,0.0,0.0,0.0,0,0.0,line_missing,0,0,0,0,0,0,0,0,TRK tick=462704 exp_id=90 t_ms=0 run=0 ts=14.000 kp=0.350 ki=0.000 kd=0.000 st=0.000 lt=0.000 rt=0.000 la=0.000 ra=0.000 lse=0.000 rse=0.000 lso=0.000 rso=0.000 lc=3151 rc=5371 cd=-2220 cde=0.000 cdo=0.000 lp=-1.500 lpr=-1.500 y=0.000 yr=0.000 el=0.000 er=0.000 ed=0.000 dl=0 dr=0 cl=0 cr=0 L=0 R=0 s1=0 s2=0 s3=0 s4=0 s5=0 s6=0 s7=0 s8=0 rx=561 txdrop=0
462902,90,0.0,0,14.0,0.0,0.0,0.0,0.35,0.0,0.0,-1.5,-1.5,0.0,0.0,0.0,0.0,0.0,0,0,0,0,0.0,0.0,0.0,0.0,0.0,0.0,3151,5371,-2220,0.0,0.0,0.0,0.0,0.0,0.0,0.0,0.0,0,0.0,line_missing,0,0,0,0,0,0,0,0,TRK tick=462902 exp_id=90 t_ms=0 run=0 ts=14.000 kp=0.350 ki=0.000 kd=0.000 st=0.000 lt=0.000 rt=0.000 la=0.000 ra=0.000 lse=0.000 rse=0.000 lso=0.000 rso=0.000 lc=3151 rc=5371 cd=-2220 cde=0.000 cdo=0.000 lp=-1.500 lpr=-1.500 y=0.000 yr=0.000 el=0.000 er=0.000 ed=0.000 dl=0 dr=0 cl=0 cr=0 L=0 R=0 s1=0 s2=0 s3=0 s4=0 s5=0 s6=0 s7=0 s8=0 rx=561 txdrop=0
463100,90,0.0,0,14.0,0.0,0.0,0.0,0.35,0.0,0.0,-1.5,-1.5,0.0,0.0,0.0,0.0,0.0,0,0,0,0,0.0,0.0,0.0,0.0,0.0,0.0,3151,5371,-2220,0.0,0.0,0.0,0.0,0.0,0.0,0.0,0.0,0,0.0,line_missing,0,0,0,0,0,0,0,0,TRK tick=463100 exp_id=90 t_ms=0 run=0 ts=14.000 kp=0.350 ki=0.000 kd=0.000 st=0.000 lt=0.000 rt=0.000 la=0.000 ra=0.000 lse=0.000 rse=0.000 lso=0.000 rso=0.000 lc=3151 rc=5371 cd=-2220 cde=0.000 cdo=0.000 lp=-1.500 lpr=-1.500 y=0.000 yr=0.000 el=0.000 er=0.000 ed=0.000 dl=0 dr=0 cl=0 cr=0 L=0 R=0 s1=0 s2=0 s3=0 s4=0 s5=0 s6=0 s7=0 s8=0 rx=561 txdrop=0
463298,90,0.0,0,14.0,0.0,0.0,0.0,0.35,0.0,0.0,-1.5,-1.5,0.0,0.0,0.0,0.0,0.0,0,0,0,0,0.0,0.0,0.0,0.0,0.0,0.0,3151,5371,-2220,0.0,0.0,0.0,0.0,0.0,0.0,0.0,0.0,0,0.0,line_missing,0,0,0,0,0,0,0,0,TRK tick=463298 exp_id=90 t_ms=0 run=0 ts=14.000 kp=0.350 ki=0.000 kd=0.000 st=0.000 lt=0.000 rt=0.000 la=0.000 ra=0.000 lse=0.000 rse=0.000 lso=0.000 rso=0.000 lc=3151 rc=5371 cd=-2220 cde=0.000 cdo=0.000 lp=-1.500 lpr=-1.500 y=0.000 yr=0.000 el=0.000 er=0.000 ed=0.000 dl=0 dr=0 cl=0 cr=0 L=0 R=0 s1=0 s2=0 s3=0 s4=0 s5=0 s6=0 s7=0 s8=0 rx=561 txdrop=0
463495,90,0.0,0,14.0,0.0,0.0,0.0,0.35,0.0,0.0,-1.5,-1.5,0.0,0.0,0.0,0.0,0.0,0,0,0,0,0.0,0.0,0.0,0.0,0.0,0.0,3151,5371,-2220,0.0,0.0,0.0,0.0,0.0,0.0,0.0,0.0,0,0.0,line_missing,0,0,0,0,0,0,0,0,TRK tick=463495 exp_id=90 t_ms=0 run=0 ts=14.000 kp=0.350 ki=0.000 kd=0.000 st=0.000 lt=0.000 rt=0.000 la=0.000 ra=0.000 lse=0.000 rse=0.000 lso=0.000 rso=0.000 lc=3151 rc=5371 cd=-2220 cde=0.000 cdo=0.000 lp=-1.500 lpr=-1.500 y=0.000 yr=0.000 el=0.000 er=0.000 ed=0.000 dl=0 dr=0 cl=0 cr=0 L=0 R=0 s1=0 s2=0 s3=0 s4=0 s5=0 s6=0 s7=0 s8=0 rx=561 txdrop=0
463693,90,0.0,0,14.0,0.0,0.0,0.0,0.35,0.0,0.0,-1.5,-1.5,0.0,0.0,0.0,0.0,0.0,0,0,0,0,0.0,0.0,0.0,0.0,0.0,0.0,3151,5371,-2220,0.0,0.0,0.0,0.0,0.0,0.0,0.0,0.0,0,0.0,line_missing,0,0,0,0,0,0,0,0,TRK tick=463693 exp_id=90 t_ms=0 run=0 ts=14.000 kp=0.350 ki=0.000 kd=0.000 st=0.000 lt=0.000 rt=0.000 la=0.000 ra=0.000 lse=0.000 rse=0.000 lso=0.000 rso=0.000 lc=3151 rc=5371 cd=-2220 cde=0.000 cdo=0.000 lp=-1.500 lpr=-1.500 y=0.000 yr=0.000 el=0.000 er=0.000 ed=0.000 dl=0 dr=0 cl=0 cr=0 L=0 R=0 s1=0 s2=0 s3=0 s4=0 s5=0 s6=0 s7=0 s8=0 rx=561 txdrop=0
463891,90,0.0,0,14.0,0.0,0.0,0.0,0.35,0.0,0.0,-1.5,-1.5,0.0,0.0,0.0,0.0,0.0,0,0,0,0,0.0,0.0,0.0,0.0,0.0,0.0,3151,5371,-2220,0.0,0.0,0.0,0.0,0.0,0.0,0.0,0.0,0,0.0,line_missing,0,0,0,0,0,0,0,0,TRK tick=463891 exp_id=90 t_ms=0 run=0 ts=14.000 kp=0.350 ki=0.000 kd=0.000 st=0.000 lt=0.000 rt=0.000 la=0.000 ra=0.000 lse=0.000 rse=0.000 lso=0.000 rso=0.000 lc=3151 rc=5371 cd=-2220 cde=0.000 cdo=0.000 lp=-1.500 lpr=-1.500 y=0.000 yr=0.000 el=0.000 er=0.000 ed=0.000 dl=0 dr=0 cl=0 cr=0 L=0 R=0 s1=0 s2=0 s3=0 s4=0 s5=0 s6=0 s7=0 s8=0 rx=561 txdrop=0
464089,90,0.0,0,14.0,0.0,0.0,0.0,0.35,0.0,0.0,-1.5,-1.5,0.0,0.0,0.0,0.0,0.0,0,0,0,0,0.0,0.0,0.0,0.0,0.0,0.0,3151,5371,-2220,0.0,0.0,0.0,0.0,0.0,0.0,0.0,0.0,0,0.0,line_missing,0,0,0,0,0,0,0,0,TRK tick=464089 exp_id=90 t_ms=0 run=0 ts=14.000 kp=0.350 ki=0.000 kd=0.000 st=0.000 lt=0.000 rt=0.000 la=0.000 ra=0.000 lse=0.000 rse=0.000 lso=0.000 rso=0.000 lc=3151 rc=5371 cd=-2220 cde=0.000 cdo=0.000 lp=-1.500 lpr=-1.500 y=0.000 yr=0.000 el=0.000 er=0.000 ed=0.000 dl=0 dr=0 cl=0 cr=0 L=0 R=0 s1=0 s2=0 s3=0 s4=0 s5=0 s6=0 s7=0 s8=0 rx=561 txdrop=0
464287,90,0.0,0,14.0,0.0,0.0,0.0,0.35,0.0,0.0,-1.5,-1.5,0.0,0.0,0.0,0.0,0.0,0,0,0,0,0.0,0.0,0.0,0.0,0.0,0.0,3151,5371,-2220,0.0,0.0,0.0,0.0,0.0,0.0,0.0,0.0,0,0.0,line_missing,0,0,0,0,0,0,0,0,TRK tick=464287 exp_id=90 t_ms=0 run=0 ts=14.000 kp=0.350 ki=0.000 kd=0.000 st=0.000 lt=0.000 rt=0.000 la=0.000 ra=0.000 lse=0.000 rse=0.000 lso=0.000 rso=0.000 lc=3151 rc=5371 cd=-2220 cde=0.000 cdo=0.000 lp=-1.500 lpr=-1.500 y=0.000 yr=0.000 el=0.000 er=0.000 ed=0.000 dl=0 dr=0 cl=0 cr=0 L=0 R=0 s1=0 s2=0 s3=0 s4=0 s5=0 s6=0 s7=0 s8=0 rx=561 txdrop=0
464484,90,0.0,0,14.0,0.0,0.0,0.0,0.35,0.0,0.0,-1.5,-1.5,0.0,0.0,0.0,0.0,0.0,0,0,0,0,0.0,0.0,0.0,0.0,0.0,0.0,3151,5371,-2220,0.0,0.0,0.0,0.0,0.0,0.0,0.0,0.0,0,0.0,line_missing,0,0,0,0,0,0,0,0,TRK tick=464484 exp_id=90 t_ms=0 run=0 ts=14.000 kp=0.350 ki=0.000 kd=0.000 st=0.000 lt=0.000 rt=0.000 la=0.000 ra=0.000 lse=0.000 rse=0.000 lso=0.000 rso=0.000 lc=3151 rc=5371 cd=-2220 cde=0.000 cdo=0.000 lp=-1.500 lpr=-1.500 y=0.000 yr=0.000 el=0.000 er=0.000 ed=0.000 dl=0 dr=0 cl=0 cr=0 L=0 R=0 s1=0 s2=0 s3=0 s4=0 s5=0 s6=0 s7=0 s8=0 rx=561 txdrop=0
464682,90,0.0,0,14.0,0.0,0.0,0.0,0.35,0.0,0.0,-1.5,-1.5,0.0,0.0,0.0,0.0,0.0,0,0,0,0,0.0,0.0,0.0,0.0,0.0,0.0,3151,5371,-2220,0.0,0.0,0.0,0.0,0.0,0.0,0.0,0.0,0,0.0,line_missing,0,0,0,0,0,0,0,0,TRK tick=464682 exp_id=90 t_ms=0 run=0 ts=14.000 kp=0.350 ki=0.000 kd=0.000 st=0.000 lt=0.000 rt=0.000 la=0.000 ra=0.000 lse=0.000 rse=0.000 lso=0.000 rso=0.000 lc=3151 rc=5371 cd=-2220 cde=0.000 cdo=0.000 lp=-1.500 lpr=-1.500 y=0.000 yr=0.000 el=0.000 er=0.000 ed=0.000 dl=0 dr=0 cl=0 cr=0 L=0 R=0 s1=0 s2=0 s3=0 s4=0 s5=0 s6=0 s7=0 s8=0 rx=561 txdrop=0
464880,90,0.0,0,14.0,0.0,0.0,0.0,0.35,0.0,0.0,-1.5,-1.5,0.0,0.0,0.0,0.0,0.0,0,0,0,0,0.0,0.0,0.0,0.0,0.0,0.0,3151,5371,-2220,0.0,0.0,0.0,0.0,0.0,0.0,0.0,0.0,0,0.0,line_missing,0,0,0,0,0,0,0,0,TRK tick=464880 exp_id=90 t_ms=0 run=0 ts=14.000 kp=0.350 ki=0.000 kd=0.000 st=0.000 lt=0.000 rt=0.000 la=0.000 ra=0.000 lse=0.000 rse=0.000 lso=0.000 rso=0.000 lc=3151 rc=5371 cd=-2220 cde=0.000 cdo=0.000 lp=-1.500 lpr=-1.500 y=0.000 yr=0.000 el=0.000 er=0.000 ed=0.000 dl=0 dr=0 cl=0 cr=0 L=0 R=0 s1=0 s2=0 s3=0 s4=0 s5=0 s6=0 s7=0 s8=0 rx=561 txdrop=0
465078,90,0.0,0,14.0,0.0,0.0,0.0,0.35,0.0,0.0,-1.5,-1.5,0.0,0.0,0.0,0.0,0.0,0,0,0,0,0.0,0.0,0.0,0.0,0.0,0.0,3151,5371,-2220,0.0,0.0,0.0,0.0,0.0,0.0,0.0,0.0,0,0.0,line_missing,0,0,0,0,0,0,0,0,TRK tick=465078 exp_id=90 t_ms=0 run=0 ts=14.000 kp=0.350 ki=0.000 kd=0.000 st=0.000 lt=0.000 rt=0.000 la=0.000 ra=0.000 lse=0.000 rse=0.000 lso=0.000 rso=0.000 lc=3151 rc=5371 cd=-2220 cde=0.000 cdo=0.000 lp=-1.500 lpr=-1.500 y=0.000 yr=0.000 el=0.000 er=0.000 ed=0.000 dl=0 dr=0 cl=0 cr=0 L=0 R=0 s1=0 s2=0 s3=0 s4=0 s5=0 s6=0 s7=0 s8=0 rx=561 txdrop=0
465276,90,0.0,0,14.0,0.0,0.0,0.0,0.35,0.0,0.0,-1.5,-1.5,0.0,0.0,0.0,0.0,0.0,0,0,0,0,0.0,0.0,0.0,0.0,0.0,0.0,3151,5371,-2220,0.0,0.0,0.0,0.0,0.0,0.0,0.0,0.0,0,0.0,line_missing,0,0,0,0,0,0,0,0,TRK tick=465276 exp_id=90 t_ms=0 run=0 ts=14.000 kp=0.350 ki=0.000 kd=0.000 st=0.000 lt=0.000 rt=0.000 la=0.000 ra=0.000 lse=0.000 rse=0.000 lso=0.000 rso=0.000 lc=3151 rc=5371 cd=-2220 cde=0.000 cdo=0.000 lp=-1.500 lpr=-1.500 y=0.000 yr=0.000 el=0.000 er=0.000 ed=0.000 dl=0 dr=0 cl=0 cr=0 L=0 R=0 s1=0 s2=0 s3=0 s4=0 s5=0 s6=0 s7=0 s8=0 rx=561 txdrop=0
465473,90,0.0,0,14.0,0.0,0.0,0.0,0.35,0.0,0.0,-1.5,-1.5,0.0,0.0,0.0,0.0,0.0,0,0,0,0,0.0,0.0,0.0,0.0,0.0,0.0,3151,5371,-2220,0.0,0.0,0.0,0.0,0.0,0.0,0.0,0.0,0,0.0,line_missing,0,0,0,0,0,0,0,0,TRK tick=465473 exp_id=90 t_ms=0 run=0 ts=14.000 kp=0.350 ki=0.000 kd=0.000 st=0.000 lt=0.000 rt=0.000 la=0.000 ra=0.000 lse=0.000 rse=0.000 lso=0.000 rso=0.000 lc=3151 rc=5371 cd=-2220 cde=0.000 cdo=0.000 lp=-1.500 lpr=-1.500 y=0.000 yr=0.000 el=0.000 er=0.000 ed=0.000 dl=0 dr=0 cl=0 cr=0 L=0 R=0 s1=0 s2=0 s3=0 s4=0 s5=0 s6=0 s7=0 s8=0 rx=567 txdrop=0
465671,90,0.0,0,14.0,0.0,0.0,0.0,0.35,0.0,0.0,-1.5,-1.5,0.0,0.0,0.0,0.0,0.0,0,0,0,0,0.0,0.0,0.0,0.0,0.0,0.0,3151,5371,-2220,0.0,0.0,0.0,0.0,0.0,0.0,0.0,0.0,0,0.0,line_missing,0,0,0,0,0,0,0,0,TRK tick=465671 exp_id=90 t_ms=0 run=0 ts=14.000 kp=0.350 ki=0.000 kd=0.000 st=0.000 lt=0.000 rt=0.000 la=0.000 ra=0.000 lse=0.000 rse=0.000 lso=0.000 rso=0.000 lc=3151 rc=5371 cd=-2220 cde=0.000 cdo=0.000 lp=-1.500 lpr=-1.500 y=0.000 yr=0.000 el=0.000 er=0.000 ed=0.000 dl=0 dr=0 cl=0 cr=0 L=0 R=0 s1=0 s2=0 s3=0 s4=0 s5=0 s6=0 s7=0 s8=0 rx=567 txdrop=0
465869,90,0.0,0,14.0,0.0,0.0,0.0,0.35,0.0,0.0,-1.5,-1.5,0.0,0.0,0.0,0.0,0.0,0,0,0,0,0.0,0.0,0.0,0.0,0.0,0.0,3151,5371,-2220,0.0,0.0,0.0,0.0,0.0,0.0,0.0,0.0,0,0.0,line_missing,0,0,0,0,0,0,0,0,TRK tick=465869 exp_id=90 t_ms=0 run=0 ts=14.000 kp=0.350 ki=0.000 kd=0.000 st=0.000 lt=0.000 rt=0.000 la=0.000 ra=0.000 lse=0.000 rse=0.000 lso=0.000 rso=0.000 lc=3151 rc=5371 cd=-2220 cde=0.000 cdo=0.000 lp=-1.500 lpr=-1.500 y=0.000 yr=0.000 el=0.000 er=0.000 ed=0.000 dl=0 dr=0 cl=0 cr=0 L=0 R=0 s1=0 s2=0 s3=0 s4=0 s5=0 s6=0 s7=0 s8=0 rx=567 txdrop=0
466067,90,0.0,0,14.0,0.0,0.0,0.0,0.35,0.0,0.0,-1.5,-1.5,0.0,0.0,0.0,0.0,0.0,0,0,0,0,0.0,0.0,0.0,0.0,0.0,0.0,3151,5371,-2220,0.0,0.0,0.0,0.0,0.0,0.0,0.0,0.0,0,0.0,line_missing,0,0,0,0,0,0,0,0,TRK tick=466067 exp_id=90 t_ms=0 run=0 ts=14.000 kp=0.350 ki=0.000 kd=0.000 st=0.000 lt=0.000 rt=0.000 la=0.000 ra=0.000 lse=0.000 rse=0.000 lso=0.000 rso=0.000 lc=3151 rc=5371 cd=-2220 cde=0.000 cdo=0.000 lp=-1.500 lpr=-1.500 y=0.000 yr=0.000 el=0.000 er=0.000 ed=0.000 dl=0 dr=0 cl=0 cr=0 L=0 R=0 s1=0 s2=0 s3=0 s4=0 s5=0 s6=0 s7=0 s8=0 rx=579 txdrop=0
466265,90,0.0,0,14.0,0.0,0.0,0.0,0.35,0.0,0.0,-1.5,-1.5,0.0,0.0,0.0,0.0,0.0,0,0,0,0,0.0,0.0,0.0,0.0,0.0,0.0,3151,5371,-2220,0.0,0.0,0.0,0.0,0.0,0.0,0.0,0.0,0,0.0,line_missing,0,0,0,0,0,0,0,0,TRK tick=466265 exp_id=90 t_ms=0 run=0 ts=14.000 kp=0.350 ki=0.000 kd=0.000 st=0.000 lt=0.000 rt=0.000 la=0.000 ra=0.000 lse=0.000 rse=0.000 lso=0.000 rso=0.000 lc=3151 rc=5371 cd=-2220 cde=0.000 cdo=0.000 lp=-1.500 lpr=-1.500 y=0.000 yr=0.000 el=0.000 er=0.000 ed=0.000 dl=0 dr=0 cl=0 cr=0 L=0 R=0 s1=0 s2=0 s3=0 s4=0 s5=0 s6=0 s7=0 s8=0 rx=585 txdrop=0
466463,90,0.0,0,14.0,0.0,0.0,0.0,0.35,0.0,0.0,-1.5,-1.5,0.0,0.0,0.0,0.0,0.0,0,0,0,0,0.0,0.0,0.0,0.0,0.0,0.0,3151,5371,-2220,0.0,0.0,0.0,0.0,0.0,0.0,0.0,0.0,0,0.0,line_missing,0,0,0,0,0,0,0,0,TRK tick=466463 exp_id=90 t_ms=0 run=0 ts=14.000 kp=0.350 ki=0.000 kd=0.000 st=0.000 lt=0.000 rt=0.000 la=0.000 ra=0.000 lse=0.000 rse=0.000 lso=0.000 rso=0.000 lc=3151 rc=5371 cd=-2220 cde=0.000 cdo=0.000 lp=-1.500 lpr=-1.500 y=0.000 yr=0.000 el=0.000 er=0.000 ed=0.000 dl=0 dr=0 cl=0 cr=0 L=0 R=0 s1=0 s2=0 s3=0 s4=0 s5=0 s6=0 s7=0 s8=0 rx=585 txdrop=0
466661,90,0.0,0,14.0,0.0,0.0,0.0,0.35,0.0,0.0,-1.5,-1.5,0.0,0.0,0.0,0.0,0.0,0,0,0,0,0.0,0.0,0.0,0.0,0.0,0.0,3151,5371,-2220,0.0,0.0,0.0,0.0,0.0,0.0,0.0,0.0,0,0.0,line_missing,0,0,0,0,0,0,0,0,TRK tick=466661 exp_id=90 t_ms=0 run=0 ts=14.000 kp=0.350 ki=0.000 kd=0.000 st=0.000 lt=0.000 rt=0.000 la=0.000 ra=0.000 lse=0.000 rse=0.000 lso=0.000 rso=0.000 lc=3151 rc=5371 cd=-2220 cde=0.000 cdo=0.000 lp=-1.500 lpr=-1.500 y=0.000 yr=0.000 el=0.000 er=0.000 ed=0.000 dl=0 dr=0 cl=0 cr=0 L=0 R=0 s1=0 s2=0 s3=0 s4=0 s5=0 s6=0 s7=0 s8=0 rx=585 txdrop=0
466858,90,0.0,0,14.0,0.0,0.0,0.0,0.35,0.0,0.0,-1.5,-1.5,0.0,0.0,0.0,0.0,0.0,0,0,0,0,0.0,0.0,0.0,0.0,0.0,0.0,3151,5371,-2220,0.0,0.0,0.0,0.0,0.0,0.0,0.0,0.0,0,0.0,line_missing,0,0,0,0,0,0,0,0,TRK tick=466858 exp_id=90 t_ms=0 run=0 ts=14.000 kp=0.350 ki=0.000 kd=0.000 st=0.000 lt=0.000 rt=0.000 la=0.000 ra=0.000 lse=0.000 rse=0.000 lso=0.000 rso=0.000 lc=3151 rc=5371 cd=-2220 cde=0.000 cdo=0.000 lp=-1.500 lpr=-1.500 y=0.000 yr=0.000 el=0.000 er=0.000 ed=0.000 dl=0 dr=0 cl=0 cr=0 L=0 R=0 s1=0 s2=0 s3=0 s4=0 s5=0 s6=0 s7=0 s8=0 rx=585 txdrop=0
467157,90,0.0,0,14.0,0.0,0.0,0.0,0.35,0.0,0.0,-1.5,-1.5,0.0,0.0,0.0,0.0,0.0,0,0,0,0,0.0,0.0,0.0,0.0,0.0,0.0,3151,5371,-2220,0.0,0.0,0.0,0.0,0.0,0.0,0.0,0.0,0,0.0,line_missing,0,0,0,0,0,0,0,0,TRK tick=467157 exp_id=90 t_ms=0 run=0 ts=14.000 kp=0.350 ki=0.000 kd=0.000 st=0.000 lt=0.000 rt=0.000 la=0.000 ra=0.000 lse=0.000 rse=0.000 lso=0.000 rso=0.000 lc=3151 rc=5371 cd=-2220 cde=0.000 cdo=0.000 lp=-1.500 lpr=-1.500 y=0.000 yr=0.000 el=0.000 er=0.000 ed=0.000 dl=0 dr=0 cl=0 cr=0 L=0 R=0 s1=0 s2=0 s3=0 s4=0 s5=0 s6=0 s7=0 s8=0 rx=590 txdrop=0
467355,90,0.0,0,14.0,0.0,0.0,0.0,0.35,0.0,0.0,-1.5,-1.5,0.0,0.0,0.0,0.0,0.0,0,0,0,0,0.0,0.0,0.0,0.0,0.0,0.0,3151,5371,-2220,0.0,0.0,0.0,0.0,0.0,0.0,0.0,0.0,0,0.0,line_missing,0,0,0,0,0,0,0,0,TRK tick=467355 exp_id=90 t_ms=0 run=0 ts=14.000 kp=0.350 ki=0.000 kd=0.000 st=0.000 lt=0.000 rt=0.000 la=0.000 ra=0.000 lse=0.000 rse=0.000 lso=0.000 rso=0.000 lc=3151 rc=5371 cd=-2220 cde=0.000 cdo=0.000 lp=-1.500 lpr=-1.500 y=0.000 yr=0.000 el=0.000 er=0.000 ed=0.000 dl=0 dr=0 cl=0 cr=0 L=0 R=0 s1=0 s2=0 s3=0 s4=0 s5=0 s6=0 s7=0 s8=0 rx=590 txdrop=0
467553,90,0.0,0,14.0,0.0,0.0,0.0,0.35,0.0,0.0,-1.5,-1.5,0.0,0.0,0.0,0.0,0.0,0,0,0,0,0.0,0.0,0.0,0.0,0.0,0.0,3151,5371,-2220,0.0,0.0,0.0,0.0,0.0,0.0,0.0,0.0,0,0.0,line_missing,0,0,0,0,0,0,0,0,TRK tick=467553 exp_id=90 t_ms=0 run=0 ts=14.000 kp=0.350 ki=0.000 kd=0.000 st=0.000 lt=0.000 rt=0.000 la=0.000 ra=0.000 lse=0.000 rse=0.000 lso=0.000 rso=0.000 lc=3151 rc=5371 cd=-2220 cde=0.000 cdo=0.000 lp=-1.500 lpr=-1.500 y=0.000 yr=0.000 el=0.000 er=0.000 ed=0.000 dl=0 dr=0 cl=0 cr=0 L=0 R=0 s1=0 s2=0 s3=0 s4=0 s5=0 s6=0 s7=0 s8=0 rx=590 txdrop=0
467751,90,0.0,0,14.0,0.0,0.0,0.0,0.35,0.0,0.0,-1.5,-1.5,0.0,0.0,0.0,0.0,0.0,0,0,0,0,0.0,0.0,0.0,0.0,0.0,0.0,3151,5371,-2220,0.0,0.0,0.0,0.0,0.0,0.0,0.0,0.0,0,0.0,line_missing,0,0,0,0,0,0,0,0,TRK tick=467751 exp_id=90 t_ms=0 run=0 ts=14.000 kp=0.350 ki=0.000 kd=0.000 st=0.000 lt=0.000 rt=0.000 la=0.000 ra=0.000 lse=0.000 rse=0.000 lso=0.000 rso=0.000 lc=3151 rc=5371 cd=-2220 cde=0.000 cdo=0.000 lp=-1.500 lpr=-1.500 y=0.000 yr=0.000 el=0.000 er=0.000 ed=0.000 dl=0 dr=0 cl=0 cr=0 L=0 R=0 s1=0 s2=0 s3=0 s4=0 s5=0 s6=0 s7=0 s8=0 rx=590 txdrop=0
467949,90,0.0,0,14.0,0.0,0.0,0.0,0.35,0.0,0.0,-1.5,-1.5,0.0,0.0,0.0,0.0,0.0,0,0,0,0,0.0,0.0,0.0,0.0,0.0,0.0,3151,5371,-2220,0.0,0.0,0.0,0.0,0.0,0.0,0.0,0.0,0,0.0,line_missing,0,0,0,0,0,0,0,0,TRK tick=467949 exp_id=90 t_ms=0 run=0 ts=14.000 kp=0.350 ki=0.000 kd=0.000 st=0.000 lt=0.000 rt=0.000 la=0.000 ra=0.000 lse=0.000 rse=0.000 lso=0.000 rso=0.000 lc=3151 rc=5371 cd=-2220 cde=0.000 cdo=0.000 lp=-1.500 lpr=-1.500 y=0.000 yr=0.000 el=0.000 er=0.000 ed=0.000 dl=0 dr=0 cl=0 cr=0 L=0 R=0 s1=0 s2=0 s3=0 s4=0 s5=0 s6=0 s7=0 s8=0 rx=599 txdrop=0
468147,90,0.0,0,14.0,0.0,0.0,0.0,0.35,0.0,0.0,-1.5,-1.5,0.0,0.0,0.0,0.0,0.0,0,0,0,0,0.0,0.0,0.0,0.0,0.0,0.0,3151,5371,-2220,0.0,0.0,0.0,0.0,0.0,0.0,0.0,0.0,0,0.0,line_missing,0,0,0,0,0,0,0,0,TRK tick=468147 exp_id=90 t_ms=0 run=0 ts=14.000 kp=0.350 ki=0.000 kd=0.000 st=0.000 lt=0.000 rt=0.000 la=0.000 ra=0.000 lse=0.000 rse=0.000 lso=0.000 rso=0.000 lc=3151 rc=5371 cd=-2220 cde=0.000 cdo=0.000 lp=-1.500 lpr=-1.500 y=0.000 yr=0.000 el=0.000 er=0.000 ed=0.000 dl=0 dr=0 cl=0 cr=0 L=0 R=0 s1=0 s2=0 s3=0 s4=0 s5=0 s6=0 s7=0 s8=0 rx=609 txdrop=0
468345,90,0.0,0,14.0,0.0,0.0,0.0,0.35,0.0,0.0,-1.5,-1.5,0.0,0.0,0.0,0.0,0.0,0,0,0,0,0.0,0.0,0.0,0.0,0.0,0.0,3151,5371,-2220,0.0,0.0,0.0,0.0,0.0,0.0,0.0,0.0,0,0.0,line_missing,0,0,0,0,0,0,0,0,TRK tick=468345 exp_id=90 t_ms=0 run=0 ts=14.000 kp=0.350 ki=0.000 kd=0.000 st=0.000 lt=0.000 rt=0.000 la=0.000 ra=0.000 lse=0.000 rse=0.000 lso=0.000 rso=0.000 lc=3151 rc=5371 cd=-2220 cde=0.000 cdo=0.000 lp=-1.500 lpr=-1.500 y=0.000 yr=0.000 el=0.000 er=0.000 ed=0.000 dl=0 dr=0 cl=0 cr=0 L=0 R=0 s1=0 s2=0 s3=0 s4=0 s5=0 s6=0 s7=0 s8=0 rx=619 txdrop=0
468543,90,0.0,0,14.0,0.0,0.0,0.0,0.35,0.0,0.0,-1.5,-1.5,0.0,0.0,0.0,0.0,0.0,0,0,0,0,0.0,0.0,0.0,0.0,0.0,0.0,3151,5371,-2220,0.0,0.0,0.0,0.0,0.0,0.0,0.0,0.0,0,0.0,line_missing,0,0,0,0,0,0,0,0,TRK tick=468543 exp_id=90 t_ms=0 run=0 ts=14.000 kp=0.350 ki=0.000 kd=0.000 st=0.000 lt=0.000 rt=0.000 la=0.000 ra=0.000 lse=0.000 rse=0.000 lso=0.000 rso=0.000 lc=3151 rc=5371 cd=-2220 cde=0.000 cdo=0.000 lp=-1.500 lpr=-1.500 y=0.000 yr=0.000 el=0.000 er=0.000 ed=0.000 dl=0 dr=0 cl=0 cr=0 L=0 R=0 s1=0 s2=0 s3=0 s4=0 s5=0 s6=0 s7=0 s8=0 rx=628 txdrop=0
468741,90,0.0,0,14.0,0.0,0.0,0.0,0.35,0.0,0.0,-1.5,-1.5,0.0,0.0,0.0,0.0,0.0,0,0,0,0,0.0,0.0,0.0,0.0,0.0,0.0,3151,5371,-2220,0.0,0.0,0.0,0.0,0.0,0.0,0.0,0.0,0,0.0,line_missing,0,0,0,0,0,0,0,0,TRK tick=468741 exp_id=90 t_ms=0 run=0 ts=14.000 kp=0.350 ki=0.000 kd=0.000 st=0.000 lt=0.000 rt=0.000 la=0.000 ra=0.000 lse=0.000 rse=0.000 lso=0.000 rso=0.000 lc=3151 rc=5371 cd=-2220 cde=0.000 cdo=0.000 lp=-1.500 lpr=-1.500 y=0.000 yr=0.000 el=0.000 er=0.000 ed=0.000 dl=0 dr=0 cl=0 cr=0 L=0 R=0 s1=0 s2=0 s3=0 s4=0 s5=0 s6=0 s7=0 s8=0 rx=638 txdrop=0
468939,90,0.0,0,14.0,0.0,0.0,0.0,0.35,0.0,0.0,-1.5,-1.5,0.0,0.0,0.0,0.0,0.0,0,0,0,0,0.0,0.0,0.0,0.0,0.0,0.0,3151,5371,-2220,0.0,0.0,0.0,0.0,0.0,0.0,0.0,0.0,0,0.0,line_missing,0,0,0,0,0,0,0,0,TRK tick=468939 exp_id=90 t_ms=0 run=0 ts=14.000 kp=0.350 ki=0.000 kd=0.000 st=0.000 lt=0.000 rt=0.000 la=0.000 ra=0.000 lse=0.000 rse=0.000 lso=0.000 rso=0.000 lc=3151 rc=5371 cd=-2220 cde=0.000 cdo=0.000 lp=-1.500 lpr=-1.500 y=0.000 yr=0.000 el=0.000 er=0.000 ed=0.000 dl=0 dr=0 cl=0 cr=0 L=0 R=0 s1=0 s2=0 s3=0 s4=0 s5=0 s6=0 s7=0 s8=0 rx=647 txdrop=0
469137,90,0.0,0,14.0,0.0,0.0,0.0,0.35,0.0,0.0,-1.5,-1.5,0.0,0.0,0.0,0.0,0.0,0,0,0,0,0.0,0.0,0.0,0.0,0.0,0.0,3151,5371,-2220,0.0,0.0,0.0,0.0,0.0,0.0,0.0,0.0,0,0.0,line_missing,0,0,0,0,0,0,0,0,TRK tick=469137 exp_id=90 t_ms=0 run=0 ts=14.000 kp=0.350 ki=0.000 kd=0.000 st=0.000 lt=0.000 rt=0.000 la=0.000 ra=0.000 lse=0.000 rse=0.000 lso=0.000 rso=0.000 lc=3151 rc=5371 cd=-2220 cde=0.000 cdo=0.000 lp=-1.500 lpr=-1.500 y=0.000 yr=0.000 el=0.000 er=0.000 ed=0.000 dl=0 dr=0 cl=0 cr=0 L=0 R=0 s1=0 s2=0 s3=0 s4=0 s5=0 s6=0 s7=0 s8=0 rx=656 txdrop=0
469335,90,0.0,0,14.0,0.0,0.0,0.0,0.35,0.0,0.0,-1.5,-1.5,0.0,0.0,0.0,0.0,0.0,0,0,0,0,0.0,0.0,0.0,0.0,0.0,0.0,3151,5371,-2220,0.0,0.0,0.0,0.0,0.0,0.0,0.0,0.0,0,0.0,line_missing,0,0,0,0,0,0,0,0,TRK tick=469335 exp_id=90 t_ms=0 run=0 ts=14.000 kp=0.350 ki=0.000 kd=0.000 st=0.000 lt=0.000 rt=0.000 la=0.000 ra=0.000 lse=0.000 rse=0.000 lso=0.000 rso=0.000 lc=3151 rc=5371 cd=-2220 cde=0.000 cdo=0.000 lp=-1.500 lpr=-1.500 y=0.000 yr=0.000 el=0.000 er=0.000 ed=0.000 dl=0 dr=0 cl=0 cr=0 L=0 R=0 s1=0 s2=0 s3=0 s4=0 s5=0 s6=0 s7=0 s8=0 rx=668 txdrop=0
469533,90,0.0,0,14.0,0.0,0.0,0.0,0.35,0.0,0.0,-1.5,-1.5,0.0,0.0,0.0,0.0,0.0,0,0,0,0,0.0,0.0,0.0,0.0,0.0,0.0,3151,5371,-2220,0.0,0.0,0.0,0.0,0.0,72.0,0.0,0.0,0,0.0,line_missing,0,0,0,0,0,0,0,0,STAT tick=469533 exp_id=90 t_ms=0 run=0 ts=14.000000 skp=10.000000 ski=0.250000 skd=0.000000 kp=0.350000 ki=0.000000 kd=0.000000 st=0.000000 lt=0.000000 rt=0.000000 la=0.000000 ra=0.000000 lse=0.000000 rse=0.000000 lso=0.000000 rso=0.000000 lc=3151 rc=5371 cd=-2220 cde=0.000000 cdi=0.000000 cdo=0.000000 lp=-1.500000 lpr=-1.500000 le=0.000000 li=0.000000 lout=0.000000 diff=0.000000 y=0.000000 yr=0.000000 el=0.000 er=0.000 ed=0.000 dl=0 dr=0 cl=0 cr=0 L=0 R=0 pwm_max=72 miss=0 lost=0 s1=0 s2=0 s3=0 s4=0 s5=0 s6=0 s7=0 s8=0 rx=674 txdrop=0
469534,90,0.0,0,14.0,0.0,0.0,0.0,0.35,0.0,0.0,-1.5,-1.5,0.0,0.0,0.0,0.0,0.0,0,0,0,0,0.0,0.0,0.0,0.0,0.0,0.0,3151,5371,-2220,0.0,0.0,0.0,0.0,0.0,0.0,0.0,0.0,0,0.0,line_missing,0,0,0,0,0,0,0,0,TRK tick=469534 exp_id=90 t_ms=0 run=0 ts=14.000 kp=0.350 ki=0.000 kd=0.000 st=0.000 lt=0.000 rt=0.000 la=0.000 ra=0.000 lse=0.000 rse=0.000 lso=0.000 rso=0.000 lc=3151 rc=5371 cd=-2220 cde=0.000 cdo=0.000 lp=-1.500 lpr=-1.500 y=0.000 yr=0.000 el=0.000 er=0.000 ed=0.000 dl=0 dr=0 cl=0 cr=0 L=0 R=0 s1=0 s2=0 s3=0 s4=0 s5=0 s6=0 s7=0 s8=0 rx=674 txdrop=0
469734,90,0.0,0,14.0,0.0,0.0,0.0,0.35,0.0,0.0,0.0,0.0,0.0,0.0,0.0,0.0,0.0,0,0,0,0,0.0,0.0,0.0,0.0,0.0,0.0,0,0,0,0.0,0.0,0.0,0.0,0.0,0.0,0.0,0.0,0,0.0,line_missing,0,0,0,0,0,0,0,0,"TRK tick=469734 exp_id=90 t_ms=0 run=0 ts=14.000 kp=0.350 ki=0.000 kd=0.000 st=0.000 lt=0.000 rt=0.000 laCMD #EXP=RUN,91,15000!"
470338,91,305.0,1,14.0,1.4,1.128,0.778,0.35,0.0,0.0,0.5,0.5,0.014,0.445,0.0,0.0,0.0,0,0,0,0,0.0,0.0,1.128,0.778,28.5,23.5,10,0,10,0.0,0.0,0.0,28.0,23.0,0.0,0.0,0.0,1,-0.5,left_bias,0,0,0,0,1,0,0,0,TRK tick=470338 exp_id=91 t_ms=305 run=1 ts=14.000 kp=0.350 ki=0.000 kd=0.000 st=1.400 lt=1.128 rt=0.778 la=0.000 ra=0.000 lse=1.128 rse=0.778 lso=28.500 rso=23.500 lc=10 rc=0 cd=10 cde=0.000 cdo=0.000 lp=0.500 lpr=0.500 y=0.014 yr=0.445 el=0.000 er=0.000 ed=0.000 dl=0 dr=0 cl=0 cr=0 L=28 R=23 s1=0 s2=0 s3=0 s4=0 s5=1 s6=0 s7=0 s8=0 rx=706 txdrop=0
470642,91,608.0,1,14.0,1.4,1.68,1.12,0.35,0.0,0.0,0.8,0.5,3.411,34.688,0.25,0.25,0.0,0,0,0,0,0.25,0.25,1.43,0.87,30.48,21.52,662,581,81,0.0,0.0,0.0,30.0,21.0,0.0,0.0,0.0,0,0.0,line_missing,0,0,0,0,0,0,0,0,TRK tick=470642 exp_id=91 t_ms=608 run=1 ts=14.000 kp=0.350 ki=0.000 kd=0.000 st=1.400 lt=1.680 rt=1.120 la=0.250 ra=0.250 lse=1.430 rse=0.870 lso=30.480 rso=21.520 lc=662 rc=581 cd=81 cde=0.000 cdo=0.000 lp=0.800 lpr=0.500 y=3.411 yr=34.688 el=0.250 er=0.250 ed=0.000 dl=0 dr=0 cl=0 cr=0 L=30 R=21 s1=0 s2=0 s3=0 s4=0 s5=0 s6=0 s7=0 s8=0 rx=706 txdrop=0
470938,91,905.0,1,14.0,1.4,0.85,1.8,0.35,0.0,0.0,-2.5,-2.5,9.876,113.771,0.0,0.25,-0.25,0,0,0,0,0.0,0.25,0.85,1.55,13.6,28.8,1716,1444,272,0.0,0.0,0.0,13.0,28.0,0.0,0.0,0.0,1,2.5,right_bias,0,1,0,0,0,0,0,0,TRK tick=470938 exp_id=91 t_ms=905 run=1 ts=14.000 kp=0.350 ki=0.000 kd=0.000 st=1.400 lt=0.850 rt=1.800 la=0.000 ra=0.250 lse=0.850 rse=1.550 lso=13.600 rso=28.800 lc=1716 rc=1444 cd=272 cde=0.000 cdo=0.000 lp=-2.500 lpr=-2.500 y=9.876 yr=113.771 el=0.000 er=0.250 ed=-0.250 dl=0 dr=0 cl=0 cr=0 L=13 R=28 s1=0 s2=1 s3=0 s4=0 s5=0 s6=0 s7=0 s8=0 rx=706 txdrop=0
471241,91,1208.0,1,14.0,1.4,0.85,1.8,0.35,0.0,0.0,-2.5,-2.5,0.464,-75.575,0.25,0.25,0.0,0,0,0,0,0.25,0.25,0.6,1.55,13.6,28.8,2397,2488,-91,0.0,0.0,0.0,13.0,28.0,0.0,0.0,0.0,1,2.5,right_bias,0,1,0,0,0,0,0,0,TRK tick=471241 exp_id=91 t_ms=1208 run=1 ts=14.000 kp=0.350 ki=0.000 kd=0.000 st=1.400 lt=0.850 rt=1.800 la=0.250 ra=0.250 lse=0.600 rse=1.550 lso=13.600 rso=28.800 lc=2397 rc=2488 cd=-91 cde=0.000 cdo=0.000 lp=-2.500 lpr=-2.500 y=0.464 yr=-75.575 el=0.250 er=0.250 ed=0.000 dl=0 dr=0 cl=0 cr=0 L=13 R=28 s1=0 s2=1 s3=0 s4=0 s5=0 s6=0 s7=0 s8=0 rx=706 txdrop=0
471526,91,1493.0,1,14.0,1.4,1.8,0.94,0.35,0.0,0.0,1.314,3.5,-10.555,-97.603,0.0,0.25,-0.25,0,0,0,0,0.0,0.25,1.8,0.69,28.8,15.043,2866,3559,-693,0.0,0.0,0.0,28.0,15.0,0.0,0.0,0.0,0,0.0,line_missing,0,0,0,0,0,0,0,0,TRK tick=471526 exp_id=91 t_ms=1493 run=1 ts=14.000 kp=0.350 ki=0.000 kd=0.000 st=1.400 lt=1.800 rt=0.940 la=0.000 ra=0.250 lse=1.800 rse=0.690 lso=28.800 rso=15.043 lc=2866 rc=3559 cd=-693 cde=0.000 cdo=0.000 lp=1.314 lpr=3.500 y=-10.555 yr=-97.603 el=0.000 er=0.250 ed=-0.250 dl=0 dr=0 cl=0 cr=0 L=28 R=15 s1=0 s2=0 s3=0 s4=0 s5=0 s6=0 s7=0 s8=0 rx=706 txdrop=0
471834,91,1801.0,1,14.0,1.4,1.8,0.94,0.35,0.0,0.0,1.314,3.5,-41.772,55.731,0.25,0.0,0.25,0,0,0,0,0.25,0.0,1.55,0.94,28.8,15.043,3730,4351,-621,0.0,0.0,0.0,28.0,15.0,0.0,0.0,0.0,0,0.0,line_missing,0,0,0,0,0,0,0,0,TRK tick=471834 exp_id=91 t_ms=1801 run=1 ts=14.000 kp=0.350 ki=0.000 kd=0.000 st=1.400 lt=1.800 rt=0.940 la=0.250 ra=0.000 lse=1.550 rse=0.940 lso=28.800 rso=15.043 lc=3730 rc=4351 cd=-621 cde=0.000 cdo=0.000 lp=1.314 lpr=3.500 y=-41.772 yr=55.731 el=0.250 er=0.000 ed=0.250 dl=0 dr=0 cl=0 cr=0 L=28 R=15 s1=0 s2=0 s3=0 s4=0 s5=0 s6=0 s7=0 s8=0 rx=706 txdrop=0
472126,91,2093.0,0,14.0,0.0,0.0,0.0,0.35,0.0,0.0,1.314,3.5,-33.857,120.865,0.0,0.0,0.0,0,0,0,0,0.0,0.0,0.0,0.0,0.0,0.0,4766,4959,-193,0.0,0.0,0.0,0.0,0.0,0.0,0.0,0.0,0,0.0,line_missing,0,0,0,0,0,0,0,0,TRK tick=472126 exp_id=91 t_ms=2093 run=0 ts=14.000 kp=0.350 ki=0.000 kd=0.000 st=0.000 lt=0.000 rt=0.000 la=0.000 ra=0.000 lse=0.000 rse=0.000 lso=0.000 rso=0.000 lc=4766 rc=4959 cd=-193 cde=0.000 cdo=0.000 lp=1.314 lpr=3.500 y=-33.857 yr=120.865 el=0.000 er=0.000 ed=0.000 dl=0 dr=0 cl=0 cr=0 L=0 R=0 s1=0 s2=0 s3=0 s4=0 s5=0 s6=0 s7=0 s8=0 rx=706 txdrop=0
472324,91,2291.0,0,14.0,0.0,0.0,0.0,0.35,0.0,0.0,1.314,3.5,-33.857,120.865,0.0,0.0,0.0,0,0,0,0,0.0,0.0,0.0,0.0,0.0,0.0,4766,4959,-193,0.0,0.0,0.0,0.0,0.0,0.0,0.0,0.0,0,0.0,line_missing,0,0,0,0,0,0,0,0,TRK tick=472324 exp_id=91 t_ms=2291 run=0 ts=14.000 kp=0.350 ki=0.000 kd=0.000 st=0.000 lt=0.000 rt=0.000 la=0.000 ra=0.000 lse=0.000 rse=0.000 lso=0.000 rso=0.000 lc=4766 rc=4959 cd=-193 cde=0.000 cdo=0.000 lp=1.314 lpr=3.500 y=-33.857 yr=120.865 el=0.000 er=0.000 ed=0.000 dl=0 dr=0 cl=0 cr=0 L=0 R=0 s1=0 s2=0 s3=0 s4=0 s5=0 s6=0 s7=0 s8=0 rx=706 txdrop=0
472522,91,2489.0,0,14.0,0.0,0.0,0.0,0.35,0.0,0.0,1.314,3.5,-33.857,120.865,0.0,0.0,0.0,0,0,0,0,0.0,0.0,0.0,0.0,0.0,0.0,4766,4959,-193,0.0,0.0,0.0,0.0,0.0,0.0,0.0,0.0,0,0.0,line_missing,0,0,0,0,0,0,0,0,TRK tick=472522 exp_id=91 t_ms=2489 run=0 ts=14.000 kp=0.350 ki=0.000 kd=0.000 st=0.000 lt=0.000 rt=0.000 la=0.000 ra=0.000 lse=0.000 rse=0.000 lso=0.000 rso=0.000 lc=4766 rc=4959 cd=-193 cde=0.000 cdo=0.000 lp=1.314 lpr=3.500 y=-33.857 yr=120.865 el=0.000 er=0.000 ed=0.000 dl=0 dr=0 cl=0 cr=0 L=0 R=0 s1=0 s2=0 s3=0 s4=0 s5=0 s6=0 s7=0 s8=0 rx=706 txdrop=0
472720,91,2687.0,0,14.0,0.0,0.0,0.0,0.35,0.0,0.0,1.314,3.5,-33.857,120.865,0.0,0.0,0.0,0,0,0,0,0.0,0.0,0.0,0.0,0.0,0.0,4766,4959,-193,0.0,0.0,0.0,0.0,0.0,0.0,0.0,0.0,0,0.0,line_missing,0,0,0,0,0,0,0,0,TRK tick=472720 exp_id=91 t_ms=2687 run=0 ts=14.000 kp=0.350 ki=0.000 kd=0.000 st=0.000 lt=0.000 rt=0.000 la=0.000 ra=0.000 lse=0.000 rse=0.000 lso=0.000 rso=0.000 lc=4766 rc=4959 cd=-193 cde=0.000 cdo=0.000 lp=1.314 lpr=3.500 y=-33.857 yr=120.865 el=0.000 er=0.000 ed=0.000 dl=0 dr=0 cl=0 cr=0 L=0 R=0 s1=0 s2=0 s3=0 s4=0 s5=0 s6=0 s7=0 s8=0 rx=706 txdrop=0
472918,91,2885.0,0,14.0,0.0,0.0,0.0,0.35,0.0,0.0,1.314,3.5,-33.857,120.865,0.0,0.0,0.0,0,0,0,0,0.0,0.0,0.0,0.0,0.0,0.0,4766,4959,-193,0.0,0.0,0.0,0.0,0.0,0.0,0.0,0.0,0,0.0,line_missing,0,0,0,0,0,0,0,0,TRK tick=472918 exp_id=91 t_ms=2885 run=0 ts=14.000 kp=0.350 ki=0.000 kd=0.000 st=0.000 lt=0.000 rt=0.000 la=0.000 ra=0.000 lse=0.000 rse=0.000 lso=0.000 rso=0.000 lc=4766 rc=4959 cd=-193 cde=0.000 cdo=0.000 lp=1.314 lpr=3.500 y=-33.857 yr=120.865 el=0.000 er=0.000 ed=0.000 dl=0 dr=0 cl=0 cr=0 L=0 R=0 s1=0 s2=0 s3=0 s4=0 s5=0 s6=0 s7=0 s8=0 rx=706 txdrop=0
473115,91,3082.0,0,14.0,0.0,0.0,0.0,0.35,0.0,0.0,1.314,3.5,-33.857,120.865,0.0,0.0,0.0,0,0,0,0,0.0,0.0,0.0,0.0,0.0,0.0,4766,4959,-193,0.0,0.0,0.0,0.0,0.0,0.0,0.0,0.0,0,0.0,line_missing,0,0,0,0,0,0,0,0,TRK tick=473115 exp_id=91 t_ms=3082 run=0 ts=14.000 kp=0.350 ki=0.000 kd=0.000 st=0.000 lt=0.000 rt=0.000 la=0.000 ra=0.000 lse=0.000 rse=0.000 lso=0.000 rso=0.000 lc=4766 rc=4959 cd=-193 cde=0.000 cdo=0.000 lp=1.314 lpr=3.500 y=-33.857 yr=120.865 el=0.000 er=0.000 ed=0.000 dl=0 dr=0 cl=0 cr=0 L=0 R=0 s1=0 s2=0 s3=0 s4=0 s5=0 s6=0 s7=0 s8=0 rx=706 txdrop=0
473313,91,3280.0,0,14.0,0.0,0.0,0.0,0.35,0.0,0.0,1.314,3.5,-33.857,120.865,0.0,0.0,0.0,0,0,0,0,0.0,0.0,0.0,0.0,0.0,0.0,4766,4959,-193,0.0,0.0,0.0,0.0,0.0,0.0,0.0,0.0,0,0.0,line_missing,0,0,0,0,0,0,0,0,TRK tick=473313 exp_id=91 t_ms=3280 run=0 ts=14.000 kp=0.350 ki=0.000 kd=0.000 st=0.000 lt=0.000 rt=0.000 la=0.000 ra=0.000 lse=0.000 rse=0.000 lso=0.000 rso=0.000 lc=4766 rc=4959 cd=-193 cde=0.000 cdo=0.000 lp=1.314 lpr=3.500 y=-33.857 yr=120.865 el=0.000 er=0.000 ed=0.000 dl=0 dr=0 cl=0 cr=0 L=0 R=0 s1=0 s2=0 s3=0 s4=0 s5=0 s6=0 s7=0 s8=0 rx=706 txdrop=0
473511,91,3478.0,0,14.0,0.0,0.0,0.0,0.35,0.0,0.0,1.314,3.5,-33.857,120.865,0.0,0.0,0.0,0,0,0,0,0.0,0.0,0.0,0.0,0.0,0.0,4766,4959,-193,0.0,0.0,0.0,0.0,0.0,0.0,0.0,0.0,0,0.0,line_missing,0,0,0,0,0,0,0,0,TRK tick=473511 exp_id=91 t_ms=3478 run=0 ts=14.000 kp=0.350 ki=0.000 kd=0.000 st=0.000 lt=0.000 rt=0.000 la=0.000 ra=0.000 lse=0.000 rse=0.000 lso=0.000 rso=0.000 lc=4766 rc=4959 cd=-193 cde=0.000 cdo=0.000 lp=1.314 lpr=3.500 y=-33.857 yr=120.865 el=0.000 er=0.000 ed=0.000 dl=0 dr=0 cl=0 cr=0 L=0 R=0 s1=0 s2=0 s3=0 s4=0 s5=0 s6=0 s7=0 s8=0 rx=706 txdrop=0
473709,91,3676.0,0,14.0,0.0,0.0,0.0,0.35,0.0,0.0,1.314,3.5,-33.857,120.865,0.0,0.0,0.0,0,0,0,0,0.0,0.0,0.0,0.0,0.0,0.0,4766,4959,-193,0.0,0.0,0.0,0.0,0.0,0.0,0.0,0.0,0,0.0,line_missing,0,0,0,0,0,0,0,0,TRK tick=473709 exp_id=91 t_ms=3676 run=0 ts=14.000 kp=0.350 ki=0.000 kd=0.000 st=0.000 lt=0.000 rt=0.000 la=0.000 ra=0.000 lse=0.000 rse=0.000 lso=0.000 rso=0.000 lc=4766 rc=4959 cd=-193 cde=0.000 cdo=0.000 lp=1.314 lpr=3.500 y=-33.857 yr=120.865 el=0.000 er=0.000 ed=0.000 dl=0 dr=0 cl=0 cr=0 L=0 R=0 s1=0 s2=0 s3=0 s4=0 s5=0 s6=0 s7=0 s8=0 rx=706 txdrop=0
473907,91,3874.0,0,14.0,0.0,0.0,0.0,0.35,0.0,0.0,1.314,3.5,-33.857,120.865,0.0,0.0,0.0,0,0,0,0,0.0,0.0,0.0,0.0,0.0,0.0,4766,4959,-193,0.0,0.0,0.0,0.0,0.0,0.0,0.0,0.0,0,0.0,line_missing,0,0,0,0,0,0,0,0,TRK tick=473907 exp_id=91 t_ms=3874 run=0 ts=14.000 kp=0.350 ki=0.000 kd=0.000 st=0.000 lt=0.000 rt=0.000 la=0.000 ra=0.000 lse=0.000 rse=0.000 lso=0.000 rso=0.000 lc=4766 rc=4959 cd=-193 cde=0.000 cdo=0.000 lp=1.314 lpr=3.500 y=-33.857 yr=120.865 el=0.000 er=0.000 ed=0.000 dl=0 dr=0 cl=0 cr=0 L=0 R=0 s1=0 s2=0 s3=0 s4=0 s5=0 s6=0 s7=0 s8=0 rx=706 txdrop=0
474105,91,4072.0,0,14.0,0.0,0.0,0.0,0.35,0.0,0.0,1.314,3.5,-33.857,120.865,0.0,0.0,0.0,0,0,0,0,0.0,0.0,0.0,0.0,0.0,0.0,4766,4959,-193,0.0,0.0,0.0,0.0,0.0,0.0,0.0,0.0,0,0.0,line_missing,0,0,0,0,0,0,0,0,TRK tick=474105 exp_id=91 t_ms=4072 run=0 ts=14.000 kp=0.350 ki=0.000 kd=0.000 st=0.000 lt=0.000 rt=0.000 la=0.000 ra=0.000 lse=0.000 rse=0.000 lso=0.000 rso=0.000 lc=4766 rc=4959 cd=-193 cde=0.000 cdo=0.000 lp=1.314 lpr=3.500 y=-33.857 yr=120.865 el=0.000 er=0.000 ed=0.000 dl=0 dr=0 cl=0 cr=0 L=0 R=0 s1=0 s2=0 s3=0 s4=0 s5=0 s6=0 s7=0 s8=0 rx=706 txdrop=0
474302,91,4269.0,0,14.0,0.0,0.0,0.0,0.35,0.0,0.0,1.314,3.5,-33.857,120.865,0.0,0.0,0.0,0,0,0,0,0.0,0.0,0.0,0.0,0.0,0.0,4766,4959,-193,0.0,0.0,0.0,0.0,0.0,0.0,0.0,0.0,0,0.0,line_missing,0,0,0,0,0,0,0,0,TRK tick=474302 exp_id=91 t_ms=4269 run=0 ts=14.000 kp=0.350 ki=0.000 kd=0.000 st=0.000 lt=0.000 rt=0.000 la=0.000 ra=0.000 lse=0.000 rse=0.000 lso=0.000 rso=0.000 lc=4766 rc=4959 cd=-193 cde=0.000 cdo=0.000 lp=1.314 lpr=3.500 y=-33.857 yr=120.865 el=0.000 er=0.000 ed=0.000 dl=0 dr=0 cl=0 cr=0 L=0 R=0 s1=0 s2=0 s3=0 s4=0 s5=0 s6=0 s7=0 s8=0 rx=706 txdrop=0
474500,91,4467.0,0,14.0,0.0,0.0,0.0,0.35,0.0,0.0,1.314,3.5,-33.857,120.865,0.0,0.0,0.0,0,0,0,0,0.0,0.0,0.0,0.0,0.0,0.0,4766,4959,-193,0.0,0.0,0.0,0.0,0.0,0.0,0.0,0.0,0,0.0,line_missing,0,0,0,0,0,0,0,0,TRK tick=474500 exp_id=91 t_ms=4467 run=0 ts=14.000 kp=0.350 ki=0.000 kd=0.000 st=0.000 lt=0.000 rt=0.000 la=0.000 ra=0.000 lse=0.000 rse=0.000 lso=0.000 rso=0.000 lc=4766 rc=4959 cd=-193 cde=0.000 cdo=0.000 lp=1.314 lpr=3.500 y=-33.857 yr=120.865 el=0.000 er=0.000 ed=0.000 dl=0 dr=0 cl=0 cr=0 L=0 R=0 s1=0 s2=0 s3=0 s4=0 s5=0 s6=0 s7=0 s8=0 rx=706 txdrop=0
474698,91,4665.0,0,14.0,0.0,0.0,0.0,0.35,0.0,0.0,1.314,3.5,-33.857,120.865,0.0,0.0,0.0,0,0,0,0,0.0,0.0,0.0,0.0,0.0,0.0,4766,4959,-193,0.0,0.0,0.0,0.0,0.0,0.0,0.0,0.0,0,0.0,line_missing,0,0,0,0,0,0,0,0,TRK tick=474698 exp_id=91 t_ms=4665 run=0 ts=14.000 kp=0.350 ki=0.000 kd=0.000 st=0.000 lt=0.000 rt=0.000 la=0.000 ra=0.000 lse=0.000 rse=0.000 lso=0.000 rso=0.000 lc=4766 rc=4959 cd=-193 cde=0.000 cdo=0.000 lp=1.314 lpr=3.500 y=-33.857 yr=120.865 el=0.000 er=0.000 ed=0.000 dl=0 dr=0 cl=0 cr=0 L=0 R=0 s1=0 s2=0 s3=0 s4=0 s5=0 s6=0 s7=0 s8=0 rx=706 txdrop=0
474896,91,4863.0,0,14.0,0.0,0.0,0.0,0.35,0.0,0.0,1.314,3.5,-33.857,120.865,0.0,0.0,0.0,0,0,0,0,0.0,0.0,0.0,0.0,0.0,0.0,4766,4959,-193,0.0,0.0,0.0,0.0,0.0,0.0,0.0,0.0,0,0.0,line_missing,0,0,0,0,0,0,0,0,TRK tick=474896 exp_id=91 t_ms=4863 run=0 ts=14.000 kp=0.350 ki=0.000 kd=0.000 st=0.000 lt=0.000 rt=0.000 la=0.000 ra=0.000 lse=0.000 rse=0.000 lso=0.000 rso=0.000 lc=4766 rc=4959 cd=-193 cde=0.000 cdo=0.000 lp=1.314 lpr=3.500 y=-33.857 yr=120.865 el=0.000 er=0.000 ed=0.000 dl=0 dr=0 cl=0 cr=0 L=0 R=0 s1=0 s2=0 s3=0 s4=0 s5=0 s6=0 s7=0 s8=0 rx=706 txdrop=0
475094,91,5061.0,0,14.0,0.0,0.0,0.0,0.35,0.0,0.0,1.314,3.5,-33.857,120.865,0.0,0.0,0.0,0,0,0,0,0.0,0.0,0.0,0.0,0.0,0.0,4766,4959,-193,0.0,0.0,0.0,0.0,0.0,0.0,0.0,0.0,0,0.0,line_missing,0,0,0,0,0,0,0,0,TRK tick=475094 exp_id=91 t_ms=5061 run=0 ts=14.000 kp=0.350 ki=0.000 kd=0.000 st=0.000 lt=0.000 rt=0.000 la=0.000 ra=0.000 lse=0.000 rse=0.000 lso=0.000 rso=0.000 lc=4766 rc=4959 cd=-193 cde=0.000 cdo=0.000 lp=1.314 lpr=3.500 y=-33.857 yr=120.865 el=0.000 er=0.000 ed=0.000 dl=0 dr=0 cl=0 cr=0 L=0 R=0 s1=0 s2=0 s3=0 s4=0 s5=0 s6=0 s7=0 s8=0 rx=706 txdrop=0
475292,91,5259.0,0,14.0,0.0,0.0,0.0,0.35,0.0,0.0,1.314,3.5,-33.857,120.865,0.0,0.0,0.0,0,0,0,0,0.0,0.0,0.0,0.0,0.0,0.0,4766,4959,-193,0.0,0.0,0.0,0.0,0.0,0.0,0.0,0.0,0,0.0,line_missing,0,0,0,0,0,0,0,0,TRK tick=475292 exp_id=91 t_ms=5259 run=0 ts=14.000 kp=0.350 ki=0.000 kd=0.000 st=0.000 lt=0.000 rt=0.000 la=0.000 ra=0.000 lse=0.000 rse=0.000 lso=0.000 rso=0.000 lc=4766 rc=4959 cd=-193 cde=0.000 cdo=0.000 lp=1.314 lpr=3.500 y=-33.857 yr=120.865 el=0.000 er=0.000 ed=0.000 dl=0 dr=0 cl=0 cr=0 L=0 R=0 s1=0 s2=0 s3=0 s4=0 s5=0 s6=0 s7=0 s8=0 rx=706 txdrop=0
475490,91,5456.0,0,14.0,0.0,0.0,0.0,0.35,0.0,0.0,1.314,3.5,-33.857,120.865,0.0,0.0,0.0,0,0,0,0,0.0,0.0,0.0,0.0,0.0,0.0,4766,4959,-193,0.0,0.0,0.0,0.0,0.0,0.0,0.0,0.0,0,0.0,line_missing,0,0,0,0,0,0,0,0,TRK tick=475490 exp_id=91 t_ms=5456 run=0 ts=14.000 kp=0.350 ki=0.000 kd=0.000 st=0.000 lt=0.000 rt=0.000 la=0.000 ra=0.000 lse=0.000 rse=0.000 lso=0.000 rso=0.000 lc=4766 rc=4959 cd=-193 cde=0.000 cdo=0.000 lp=1.314 lpr=3.500 y=-33.857 yr=120.865 el=0.000 er=0.000 ed=0.000 dl=0 dr=0 cl=0 cr=0 L=0 R=0 s1=0 s2=0 s3=0 s4=0 s5=0 s6=0 s7=0 s8=0 rx=706 txdrop=0
475687,91,5654.0,0,14.0,0.0,0.0,0.0,0.35,0.0,0.0,1.314,3.5,-33.857,120.865,0.0,0.0,0.0,0,0,0,0,0.0,0.0,0.0,0.0,0.0,0.0,4766,4959,-193,0.0,0.0,0.0,0.0,0.0,0.0,0.0,0.0,0,0.0,line_missing,0,0,0,0,0,0,0,0,TRK tick=475687 exp_id=91 t_ms=5654 run=0 ts=14.000 kp=0.350 ki=0.000 kd=0.000 st=0.000 lt=0.000 rt=0.000 la=0.000 ra=0.000 lse=0.000 rse=0.000 lso=0.000 rso=0.000 lc=4766 rc=4959 cd=-193 cde=0.000 cdo=0.000 lp=1.314 lpr=3.500 y=-33.857 yr=120.865 el=0.000 er=0.000 ed=0.000 dl=0 dr=0 cl=0 cr=0 L=0 R=0 s1=0 s2=0 s3=0 s4=0 s5=0 s6=0 s7=0 s8=0 rx=706 txdrop=0
475885,91,5852.0,0,14.0,0.0,0.0,0.0,0.35,0.0,0.0,1.314,3.5,-33.857,120.865,0.0,0.0,0.0,0,0,0,0,0.0,0.0,0.0,0.0,0.0,0.0,4766,4959,-193,0.0,0.0,0.0,0.0,0.0,0.0,0.0,0.0,0,0.0,line_missing,0,0,0,0,0,0,0,0,TRK tick=475885 exp_id=91 t_ms=5852 run=0 ts=14.000 kp=0.350 ki=0.000 kd=0.000 st=0.000 lt=0.000 rt=0.000 la=0.000 ra=0.000 lse=0.000 rse=0.000 lso=0.000 rso=0.000 lc=4766 rc=4959 cd=-193 cde=0.000 cdo=0.000 lp=1.314 lpr=3.500 y=-33.857 yr=120.865 el=0.000 er=0.000 ed=0.000 dl=0 dr=0 cl=0 cr=0 L=0 R=0 s1=0 s2=0 s3=0 s4=0 s5=0 s6=0 s7=0 s8=0 rx=706 txdrop=0
476083,91,6050.0,0,14.0,0.0,0.0,0.0,0.35,0.0,0.0,1.314,3.5,-33.857,120.865,0.0,0.0,0.0,0,0,0,0,0.0,0.0,0.0,0.0,0.0,0.0,4766,4959,-193,0.0,0.0,0.0,0.0,0.0,0.0,0.0,0.0,0,0.0,line_missing,0,0,0,0,0,0,0,0,TRK tick=476083 exp_id=91 t_ms=6050 run=0 ts=14.000 kp=0.350 ki=0.000 kd=0.000 st=0.000 lt=0.000 rt=0.000 la=0.000 ra=0.000 lse=0.000 rse=0.000 lso=0.000 rso=0.000 lc=4766 rc=4959 cd=-193 cde=0.000 cdo=0.000 lp=1.314 lpr=3.500 y=-33.857 yr=120.865 el=0.000 er=0.000 ed=0.000 dl=0 dr=0 cl=0 cr=0 L=0 R=0 s1=0 s2=0 s3=0 s4=0 s5=0 s6=0 s7=0 s8=0 rx=706 txdrop=0
476281,91,6248.0,0,14.0,0.0,0.0,0.0,0.35,0.0,0.0,1.314,3.5,-33.857,120.865,0.0,0.0,0.0,0,0,0,0,0.0,0.0,0.0,0.0,0.0,0.0,4766,4959,-193,0.0,0.0,0.0,0.0,0.0,0.0,0.0,0.0,0,0.0,line_missing,0,0,0,0,0,0,0,0,TRK tick=476281 exp_id=91 t_ms=6248 run=0 ts=14.000 kp=0.350 ki=0.000 kd=0.000 st=0.000 lt=0.000 rt=0.000 la=0.000 ra=0.000 lse=0.000 rse=0.000 lso=0.000 rso=0.000 lc=4766 rc=4959 cd=-193 cde=0.000 cdo=0.000 lp=1.314 lpr=3.500 y=-33.857 yr=120.865 el=0.000 er=0.000 ed=0.000 dl=0 dr=0 cl=0 cr=0 L=0 R=0 s1=0 s2=0 s3=0 s4=0 s5=0 s6=0 s7=0 s8=0 rx=706 txdrop=0
476479,91,6446.0,0,14.0,0.0,0.0,0.0,0.35,0.0,0.0,1.314,3.5,-33.857,120.865,0.0,0.0,0.0,0,0,0,0,0.0,0.0,0.0,0.0,0.0,0.0,4766,4959,-193,0.0,0.0,0.0,0.0,0.0,0.0,0.0,0.0,0,0.0,line_missing,0,0,0,0,0,0,0,0,TRK tick=476479 exp_id=91 t_ms=6446 run=0 ts=14.000 kp=0.350 ki=0.000 kd=0.000 st=0.000 lt=0.000 rt=0.000 la=0.000 ra=0.000 lse=0.000 rse=0.000 lso=0.000 rso=0.000 lc=4766 rc=4959 cd=-193 cde=0.000 cdo=0.000 lp=1.314 lpr=3.500 y=-33.857 yr=120.865 el=0.000 er=0.000 ed=0.000 dl=0 dr=0 cl=0 cr=0 L=0 R=0 s1=0 s2=0 s3=0 s4=0 s5=0 s6=0 s7=0 s8=0 rx=706 txdrop=0
476677,91,6644.0,0,14.0,0.0,0.0,0.0,0.35,0.0,0.0,1.314,3.5,-33.857,120.865,0.0,0.0,0.0,0,0,0,0,0.0,0.0,0.0,0.0,0.0,0.0,4766,4959,-193,0.0,0.0,0.0,0.0,0.0,0.0,0.0,0.0,0,0.0,line_missing,0,0,0,0,0,0,0,0,TRK tick=476677 exp_id=91 t_ms=6644 run=0 ts=14.000 kp=0.350 ki=0.000 kd=0.000 st=0.000 lt=0.000 rt=0.000 la=0.000 ra=0.000 lse=0.000 rse=0.000 lso=0.000 rso=0.000 lc=4766 rc=4959 cd=-193 cde=0.000 cdo=0.000 lp=1.314 lpr=3.500 y=-33.857 yr=120.865 el=0.000 er=0.000 ed=0.000 dl=0 dr=0 cl=0 cr=0 L=0 R=0 s1=0 s2=0 s3=0 s4=0 s5=0 s6=0 s7=0 s8=0 rx=706 txdrop=0
476874,91,6841.0,0,14.0,0.0,0.0,0.0,0.35,0.0,0.0,1.314,3.5,-33.857,120.865,0.0,0.0,0.0,0,0,0,0,0.0,0.0,0.0,0.0,0.0,0.0,4766,4959,-193,0.0,0.0,0.0,0.0,0.0,0.0,0.0,0.0,0,0.0,line_missing,0,0,0,0,0,0,0,0,TRK tick=476874 exp_id=91 t_ms=6841 run=0 ts=14.000 kp=0.350 ki=0.000 kd=0.000 st=0.000 lt=0.000 rt=0.000 la=0.000 ra=0.000 lse=0.000 rse=0.000 lso=0.000 rso=0.000 lc=4766 rc=4959 cd=-193 cde=0.000 cdo=0.000 lp=1.314 lpr=3.500 y=-33.857 yr=120.865 el=0.000 er=0.000 ed=0.000 dl=0 dr=0 cl=0 cr=0 L=0 R=0 s1=0 s2=0 s3=0 s4=0 s5=0 s6=0 s7=0 s8=0 rx=706 txdrop=0
477072,91,7039.0,0,14.0,0.0,0.0,0.0,0.35,0.0,0.0,1.314,3.5,-33.857,120.865,0.0,0.0,0.0,0,0,0,0,0.0,0.0,0.0,0.0,0.0,0.0,4766,4959,-193,0.0,0.0,0.0,0.0,0.0,0.0,0.0,0.0,0,0.0,line_missing,0,0,0,0,0,0,0,0,TRK tick=477072 exp_id=91 t_ms=7039 run=0 ts=14.000 kp=0.350 ki=0.000 kd=0.000 st=0.000 lt=0.000 rt=0.000 la=0.000 ra=0.000 lse=0.000 rse=0.000 lso=0.000 rso=0.000 lc=4766 rc=4959 cd=-193 cde=0.000 cdo=0.000 lp=1.314 lpr=3.500 y=-33.857 yr=120.865 el=0.000 er=0.000 ed=0.000 dl=0 dr=0 cl=0 cr=0 L=0 R=0 s1=0 s2=0 s3=0 s4=0 s5=0 s6=0 s7=0 s8=0 rx=706 txdrop=0
477270,91,7237.0,0,14.0,0.0,0.0,0.0,0.35,0.0,0.0,1.314,3.5,-33.857,120.865,0.0,0.0,0.0,0,0,0,0,0.0,0.0,0.0,0.0,0.0,0.0,4766,4959,-193,0.0,0.0,0.0,0.0,0.0,0.0,0.0,0.0,0,0.0,line_missing,0,0,0,0,0,0,0,0,TRK tick=477270 exp_id=91 t_ms=7237 run=0 ts=14.000 kp=0.350 ki=0.000 kd=0.000 st=0.000 lt=0.000 rt=0.000 la=0.000 ra=0.000 lse=0.000 rse=0.000 lso=0.000 rso=0.000 lc=4766 rc=4959 cd=-193 cde=0.000 cdo=0.000 lp=1.314 lpr=3.500 y=-33.857 yr=120.865 el=0.000 er=0.000 ed=0.000 dl=0 dr=0 cl=0 cr=0 L=0 R=0 s1=0 s2=0 s3=0 s4=0 s5=0 s6=0 s7=0 s8=0 rx=706 txdrop=0
477468,91,7435.0,0,14.0,0.0,0.0,0.0,0.35,0.0,0.0,1.314,3.5,-33.857,120.865,0.0,0.0,0.0,0,0,0,0,0.0,0.0,0.0,0.0,0.0,0.0,4766,4959,-193,0.0,0.0,0.0,0.0,0.0,0.0,0.0,0.0,0,0.0,line_missing,0,0,0,0,0,0,0,0,TRK tick=477468 exp_id=91 t_ms=7435 run=0 ts=14.000 kp=0.350 ki=0.000 kd=0.000 st=0.000 lt=0.000 rt=0.000 la=0.000 ra=0.000 lse=0.000 rse=0.000 lso=0.000 rso=0.000 lc=4766 rc=4959 cd=-193 cde=0.000 cdo=0.000 lp=1.314 lpr=3.500 y=-33.857 yr=120.865 el=0.000 er=0.000 ed=0.000 dl=0 dr=0 cl=0 cr=0 L=0 R=0 s1=0 s2=0 s3=0 s4=0 s5=0 s6=0 s7=0 s8=0 rx=706 txdrop=0
477666,91,7633.0,0,14.0,0.0,0.0,0.0,0.35,0.0,0.0,1.314,3.5,-33.857,120.865,0.0,0.0,0.0,0,0,0,0,0.0,0.0,0.0,0.0,0.0,0.0,4766,4959,-193,0.0,0.0,0.0,0.0,0.0,0.0,0.0,0.0,0,0.0,line_missing,0,0,0,0,0,0,0,0,TRK tick=477666 exp_id=91 t_ms=7633 run=0 ts=14.000 kp=0.350 ki=0.000 kd=0.000 st=0.000 lt=0.000 rt=0.000 la=0.000 ra=0.000 lse=0.000 rse=0.000 lso=0.000 rso=0.000 lc=4766 rc=4959 cd=-193 cde=0.000 cdo=0.000 lp=1.314 lpr=3.500 y=-33.857 yr=120.865 el=0.000 er=0.000 ed=0.000 dl=0 dr=0 cl=0 cr=0 L=0 R=0 s1=0 s2=0 s3=0 s4=0 s5=0 s6=0 s7=0 s8=0 rx=706 txdrop=0
477864,91,7831.0,0,14.0,0.0,0.0,0.0,0.35,0.0,0.0,1.314,3.5,-33.857,120.865,0.0,0.0,0.0,0,0,0,0,0.0,0.0,0.0,0.0,0.0,0.0,4766,4959,-193,0.0,0.0,0.0,0.0,0.0,0.0,0.0,0.0,0,0.0,line_missing,0,0,0,0,0,0,0,0,TRK tick=477864 exp_id=91 t_ms=7831 run=0 ts=14.000 kp=0.350 ki=0.000 kd=0.000 st=0.000 lt=0.000 rt=0.000 la=0.000 ra=0.000 lse=0.000 rse=0.000 lso=0.000 rso=0.000 lc=4766 rc=4959 cd=-193 cde=0.000 cdo=0.000 lp=1.314 lpr=3.500 y=-33.857 yr=120.865 el=0.000 er=0.000 ed=0.000 dl=0 dr=0 cl=0 cr=0 L=0 R=0 s1=0 s2=0 s3=0 s4=0 s5=0 s6=0 s7=0 s8=0 rx=706 txdrop=0
478061,91,8028.0,0,14.0,0.0,0.0,0.0,0.35,0.0,0.0,1.314,3.5,-33.857,120.865,0.0,0.0,0.0,0,0,0,0,0.0,0.0,0.0,0.0,0.0,0.0,4766,4959,-193,0.0,0.0,0.0,0.0,0.0,0.0,0.0,0.0,0,0.0,line_missing,0,0,0,0,0,0,0,0,TRK tick=478061 exp_id=91 t_ms=8028 run=0 ts=14.000 kp=0.350 ki=0.000 kd=0.000 st=0.000 lt=0.000 rt=0.000 la=0.000 ra=0.000 lse=0.000 rse=0.000 lso=0.000 rso=0.000 lc=4766 rc=4959 cd=-193 cde=0.000 cdo=0.000 lp=1.314 lpr=3.500 y=-33.857 yr=120.865 el=0.000 er=0.000 ed=0.000 dl=0 dr=0 cl=0 cr=0 L=0 R=0 s1=0 s2=0 s3=0 s4=0 s5=0 s6=0 s7=0 s8=0 rx=706 txdrop=0
478259,91,8226.0,0,14.0,0.0,0.0,0.0,0.35,0.0,0.0,1.314,3.5,-33.857,120.865,0.0,0.0,0.0,0,0,0,0,0.0,0.0,0.0,0.0,0.0,0.0,4766,4959,-193,0.0,0.0,0.0,0.0,0.0,0.0,0.0,0.0,0,0.0,line_missing,0,0,0,0,0,0,0,0,TRK tick=478259 exp_id=91 t_ms=8226 run=0 ts=14.000 kp=0.350 ki=0.000 kd=0.000 st=0.000 lt=0.000 rt=0.000 la=0.000 ra=0.000 lse=0.000 rse=0.000 lso=0.000 rso=0.000 lc=4766 rc=4959 cd=-193 cde=0.000 cdo=0.000 lp=1.314 lpr=3.500 y=-33.857 yr=120.865 el=0.000 er=0.000 ed=0.000 dl=0 dr=0 cl=0 cr=0 L=0 R=0 s1=0 s2=0 s3=0 s4=0 s5=0 s6=0 s7=0 s8=0 rx=706 txdrop=0
478457,91,8424.0,0,14.0,0.0,0.0,0.0,0.35,0.0,0.0,1.314,3.5,-33.857,120.865,0.0,0.0,0.0,0,0,0,0,0.0,0.0,0.0,0.0,0.0,0.0,4766,4959,-193,0.0,0.0,0.0,0.0,0.0,0.0,0.0,0.0,0,0.0,line_missing,0,0,0,0,0,0,0,0,TRK tick=478457 exp_id=91 t_ms=8424 run=0 ts=14.000 kp=0.350 ki=0.000 kd=0.000 st=0.000 lt=0.000 rt=0.000 la=0.000 ra=0.000 lse=0.000 rse=0.000 lso=0.000 rso=0.000 lc=4766 rc=4959 cd=-193 cde=0.000 cdo=0.000 lp=1.314 lpr=3.500 y=-33.857 yr=120.865 el=0.000 er=0.000 ed=0.000 dl=0 dr=0 cl=0 cr=0 L=0 R=0 s1=0 s2=0 s3=0 s4=0 s5=0 s6=0 s7=0 s8=0 rx=706 txdrop=0
478655,91,8622.0,0,14.0,0.0,0.0,0.0,0.35,0.0,0.0,1.314,3.5,-33.857,120.865,0.0,0.0,0.0,0,0,0,0,0.0,0.0,0.0,0.0,0.0,0.0,4766,4959,-193,0.0,0.0,0.0,0.0,0.0,0.0,0.0,0.0,0,0.0,line_missing,0,0,0,0,0,0,0,0,TRK tick=478655 exp_id=91 t_ms=8622 run=0 ts=14.000 kp=0.350 ki=0.000 kd=0.000 st=0.000 lt=0.000 rt=0.000 la=0.000 ra=0.000 lse=0.000 rse=0.000 lso=0.000 rso=0.000 lc=4766 rc=4959 cd=-193 cde=0.000 cdo=0.000 lp=1.314 lpr=3.500 y=-33.857 yr=120.865 el=0.000 er=0.000 ed=0.000 dl=0 dr=0 cl=0 cr=0 L=0 R=0 s1=0 s2=0 s3=0 s4=0 s5=0 s6=0 s7=0 s8=0 rx=706 txdrop=0
478853,91,8820.0,0,14.0,0.0,0.0,0.0,0.35,0.0,0.0,1.314,3.5,-33.857,120.865,0.0,0.0,0.0,0,0,0,0,0.0,0.0,0.0,0.0,0.0,0.0,4766,4959,-193,0.0,0.0,0.0,0.0,0.0,0.0,0.0,0.0,0,0.0,line_missing,0,0,0,0,0,0,0,0,TRK tick=478853 exp_id=91 t_ms=8820 run=0 ts=14.000 kp=0.350 ki=0.000 kd=0.000 st=0.000 lt=0.000 rt=0.000 la=0.000 ra=0.000 lse=0.000 rse=0.000 lso=0.000 rso=0.000 lc=4766 rc=4959 cd=-193 cde=0.000 cdo=0.000 lp=1.314 lpr=3.500 y=-33.857 yr=120.865 el=0.000 er=0.000 ed=0.000 dl=0 dr=0 cl=0 cr=0 L=0 R=0 s1=0 s2=0 s3=0 s4=0 s5=0 s6=0 s7=0 s8=0 rx=706 txdrop=0
479051,91,9018.0,0,14.0,0.0,0.0,0.0,0.35,0.0,0.0,1.314,3.5,-33.857,120.865,0.0,0.0,0.0,0,0,0,0,0.0,0.0,0.0,0.0,0.0,0.0,4766,4959,-193,0.0,0.0,0.0,0.0,0.0,0.0,0.0,0.0,0,0.0,line_missing,0,0,0,0,0,0,0,0,TRK tick=479051 exp_id=91 t_ms=9018 run=0 ts=14.000 kp=0.350 ki=0.000 kd=0.000 st=0.000 lt=0.000 rt=0.000 la=0.000 ra=0.000 lse=0.000 rse=0.000 lso=0.000 rso=0.000 lc=4766 rc=4959 cd=-193 cde=0.000 cdo=0.000 lp=1.314 lpr=3.500 y=-33.857 yr=120.865 el=0.000 er=0.000 ed=0.000 dl=0 dr=0 cl=0 cr=0 L=0 R=0 s1=0 s2=0 s3=0 s4=0 s5=0 s6=0 s7=0 s8=0 rx=706 txdrop=0
479248,91,9215.0,0,14.0,0.0,0.0,0.0,0.35,0.0,0.0,1.314,3.5,-33.857,120.865,0.0,0.0,0.0,0,0,0,0,0.0,0.0,0.0,0.0,0.0,0.0,4766,4959,-193,0.0,0.0,0.0,0.0,0.0,0.0,0.0,0.0,0,0.0,line_missing,0,0,0,0,0,0,0,0,TRK tick=479248 exp_id=91 t_ms=9215 run=0 ts=14.000 kp=0.350 ki=0.000 kd=0.000 st=0.000 lt=0.000 rt=0.000 la=0.000 ra=0.000 lse=0.000 rse=0.000 lso=0.000 rso=0.000 lc=4766 rc=4959 cd=-193 cde=0.000 cdo=0.000 lp=1.314 lpr=3.500 y=-33.857 yr=120.865 el=0.000 er=0.000 ed=0.000 dl=0 dr=0 cl=0 cr=0 L=0 R=0 s1=0 s2=0 s3=0 s4=0 s5=0 s6=0 s7=0 s8=0 rx=706 txdrop=0
479446,91,9413.0,0,14.0,0.0,0.0,0.0,0.35,0.0,0.0,1.314,3.5,-33.857,120.865,0.0,0.0,0.0,0,0,0,0,0.0,0.0,0.0,0.0,0.0,0.0,4766,4959,-193,0.0,0.0,0.0,0.0,0.0,0.0,0.0,0.0,0,0.0,line_missing,0,0,0,0,0,0,0,0,TRK tick=479446 exp_id=91 t_ms=9413 run=0 ts=14.000 kp=0.350 ki=0.000 kd=0.000 st=0.000 lt=0.000 rt=0.000 la=0.000 ra=0.000 lse=0.000 rse=0.000 lso=0.000 rso=0.000 lc=4766 rc=4959 cd=-193 cde=0.000 cdo=0.000 lp=1.314 lpr=3.500 y=-33.857 yr=120.865 el=0.000 er=0.000 ed=0.000 dl=0 dr=0 cl=0 cr=0 L=0 R=0 s1=0 s2=0 s3=0 s4=0 s5=0 s6=0 s7=0 s8=0 rx=706 txdrop=0
479644,91,9611.0,0,14.0,0.0,0.0,0.0,0.35,0.0,0.0,1.314,3.5,-33.857,120.865,0.0,0.0,0.0,0,0,0,0,0.0,0.0,0.0,0.0,0.0,0.0,4766,4959,-193,0.0,0.0,0.0,0.0,0.0,0.0,0.0,0.0,0,0.0,line_missing,0,0,0,0,0,0,0,0,TRK tick=479644 exp_id=91 t_ms=9611 run=0 ts=14.000 kp=0.350 ki=0.000 kd=0.000 st=0.000 lt=0.000 rt=0.000 la=0.000 ra=0.000 lse=0.000 rse=0.000 lso=0.000 rso=0.000 lc=4766 rc=4959 cd=-193 cde=0.000 cdo=0.000 lp=1.314 lpr=3.500 y=-33.857 yr=120.865 el=0.000 er=0.000 ed=0.000 dl=0 dr=0 cl=0 cr=0 L=0 R=0 s1=0 s2=0 s3=0 s4=0 s5=0 s6=0 s7=0 s8=0 rx=706 txdrop=0
479842,91,9809.0,0,14.0,0.0,0.0,0.0,0.35,0.0,0.0,1.314,3.5,-33.857,120.865,0.0,0.0,0.0,0,0,0,0,0.0,0.0,0.0,0.0,0.0,0.0,4766,4959,-193,0.0,0.0,0.0,0.0,0.0,0.0,0.0,0.0,0,0.0,line_missing,0,0,0,0,0,0,0,0,TRK tick=479842 exp_id=91 t_ms=9809 run=0 ts=14.000 kp=0.350 ki=0.000 kd=0.000 st=0.000 lt=0.000 rt=0.000 la=0.000 ra=0.000 lse=0.000 rse=0.000 lso=0.000 rso=0.000 lc=4766 rc=4959 cd=-193 cde=0.000 cdo=0.000 lp=1.314 lpr=3.500 y=-33.857 yr=120.865 el=0.000 er=0.000 ed=0.000 dl=0 dr=0 cl=0 cr=0 L=0 R=0 s1=0 s2=0 s3=0 s4=0 s5=0 s6=0 s7=0 s8=0 rx=706 txdrop=0
480040,91,10007.0,0,14.0,0.0,0.0,0.0,0.35,0.0,0.0,1.314,3.5,-33.857,120.865,0.0,0.0,0.0,0,0,0,0,0.0,0.0,0.0,0.0,0.0,0.0,4766,4959,-193,0.0,0.0,0.0,0.0,0.0,0.0,0.0,0.0,0,0.0,line_missing,0,0,0,0,0,0,0,0,TRK tick=480040 exp_id=91 t_ms=10007 run=0 ts=14.000 kp=0.350 ki=0.000 kd=0.000 st=0.000 lt=0.000 rt=0.000 la=0.000 ra=0.000 lse=0.000 rse=0.000 lso=0.000 rso=0.000 lc=4766 rc=4959 cd=-193 cde=0.000 cdo=0.000 lp=1.314 lpr=3.500 y=-33.857 yr=120.865 el=0.000 er=0.000 ed=0.000 dl=0 dr=0 cl=0 cr=0 L=0 R=0 s1=0 s2=0 s3=0 s4=0 s5=0 s6=0 s7=0 s8=0 rx=706 txdrop=0
480238,91,10205.0,0,14.0,0.0,0.0,0.0,0.35,0.0,0.0,1.314,3.5,-33.857,120.865,0.0,0.0,0.0,0,0,0,0,0.0,0.0,0.0,0.0,0.0,0.0,4766,4959,-193,0.0,0.0,0.0,0.0,0.0,0.0,0.0,0.0,0,0.0,line_missing,0,0,0,0,0,0,0,0,TRK tick=480238 exp_id=91 t_ms=10205 run=0 ts=14.000 kp=0.350 ki=0.000 kd=0.000 st=0.000 lt=0.000 rt=0.000 la=0.000 ra=0.000 lse=0.000 rse=0.000 lso=0.000 rso=0.000 lc=4766 rc=4959 cd=-193 cde=0.000 cdo=0.000 lp=1.314 lpr=3.500 y=-33.857 yr=120.865 el=0.000 er=0.000 ed=0.000 dl=0 dr=0 cl=0 cr=0 L=0 R=0 s1=0 s2=0 s3=0 s4=0 s5=0 s6=0 s7=0 s8=0 rx=706 txdrop=0
480436,91,10403.0,0,14.0,0.0,0.0,0.0,0.35,0.0,0.0,1.314,3.5,-33.857,120.865,0.0,0.0,0.0,0,0,0,0,0.0,0.0,0.0,0.0,0.0,0.0,4766,4959,-193,0.0,0.0,0.0,0.0,0.0,0.0,0.0,0.0,0,0.0,line_missing,0,0,0,0,0,0,0,0,TRK tick=480436 exp_id=91 t_ms=10403 run=0 ts=14.000 kp=0.350 ki=0.000 kd=0.000 st=0.000 lt=0.000 rt=0.000 la=0.000 ra=0.000 lse=0.000 rse=0.000 lso=0.000 rso=0.000 lc=4766 rc=4959 cd=-193 cde=0.000 cdo=0.000 lp=1.314 lpr=3.500 y=-33.857 yr=120.865 el=0.000 er=0.000 ed=0.000 dl=0 dr=0 cl=0 cr=0 L=0 R=0 s1=0 s2=0 s3=0 s4=0 s5=0 s6=0 s7=0 s8=0 rx=706 txdrop=0
480633,91,10600.0,0,14.0,0.0,0.0,0.0,0.35,0.0,0.0,1.314,3.5,-33.857,120.865,0.0,0.0,0.0,0,0,0,0,0.0,0.0,0.0,0.0,0.0,0.0,4766,4959,-193,0.0,0.0,0.0,0.0,0.0,0.0,0.0,0.0,0,0.0,line_missing,0,0,0,0,0,0,0,0,TRK tick=480633 exp_id=91 t_ms=10600 run=0 ts=14.000 kp=0.350 ki=0.000 kd=0.000 st=0.000 lt=0.000 rt=0.000 la=0.000 ra=0.000 lse=0.000 rse=0.000 lso=0.000 rso=0.000 lc=4766 rc=4959 cd=-193 cde=0.000 cdo=0.000 lp=1.314 lpr=3.500 y=-33.857 yr=120.865 el=0.000 er=0.000 ed=0.000 dl=0 dr=0 cl=0 cr=0 L=0 R=0 s1=0 s2=0 s3=0 s4=0 s5=0 s6=0 s7=0 s8=0 rx=706 txdrop=0
480831,91,10798.0,0,14.0,0.0,0.0,0.0,0.35,0.0,0.0,1.314,3.5,-33.857,120.865,0.0,0.0,0.0,0,0,0,0,0.0,0.0,0.0,0.0,0.0,0.0,4766,4959,-193,0.0,0.0,0.0,0.0,0.0,0.0,0.0,0.0,0,0.0,line_missing,0,0,0,0,0,0,0,0,TRK tick=480831 exp_id=91 t_ms=10798 run=0 ts=14.000 kp=0.350 ki=0.000 kd=0.000 st=0.000 lt=0.000 rt=0.000 la=0.000 ra=0.000 lse=0.000 rse=0.000 lso=0.000 rso=0.000 lc=4766 rc=4959 cd=-193 cde=0.000 cdo=0.000 lp=1.314 lpr=3.500 y=-33.857 yr=120.865 el=0.000 er=0.000 ed=0.000 dl=0 dr=0 cl=0 cr=0 L=0 R=0 s1=0 s2=0 s3=0 s4=0 s5=0 s6=0 s7=0 s8=0 rx=706 txdrop=0
481029,91,10996.0,0,14.0,0.0,0.0,0.0,0.35,0.0,0.0,1.314,3.5,-33.857,120.865,0.0,0.0,0.0,0,0,0,0,0.0,0.0,0.0,0.0,0.0,0.0,4766,4959,-193,0.0,0.0,0.0,0.0,0.0,0.0,0.0,0.0,0,0.0,line_missing,0,0,0,0,0,0,0,0,TRK tick=481029 exp_id=91 t_ms=10996 run=0 ts=14.000 kp=0.350 ki=0.000 kd=0.000 st=0.000 lt=0.000 rt=0.000 la=0.000 ra=0.000 lse=0.000 rse=0.000 lso=0.000 rso=0.000 lc=4766 rc=4959 cd=-193 cde=0.000 cdo=0.000 lp=1.314 lpr=3.500 y=-33.857 yr=120.865 el=0.000 er=0.000 ed=0.000 dl=0 dr=0 cl=0 cr=0 L=0 R=0 s1=0 s2=0 s3=0 s4=0 s5=0 s6=0 s7=0 s8=0 rx=706 txdrop=0
481227,91,11194.0,0,14.0,0.0,0.0,0.0,0.35,0.0,0.0,1.314,3.5,-33.857,120.865,0.0,0.0,0.0,0,0,0,0,0.0,0.0,0.0,0.0,0.0,0.0,4766,4959,-193,0.0,0.0,0.0,0.0,0.0,0.0,0.0,0.0,0,0.0,line_missing,0,0,0,0,0,0,0,0,TRK tick=481227 exp_id=91 t_ms=11194 run=0 ts=14.000 kp=0.350 ki=0.000 kd=0.000 st=0.000 lt=0.000 rt=0.000 la=0.000 ra=0.000 lse=0.000 rse=0.000 lso=0.000 rso=0.000 lc=4766 rc=4959 cd=-193 cde=0.000 cdo=0.000 lp=1.314 lpr=3.500 y=-33.857 yr=120.865 el=0.000 er=0.000 ed=0.000 dl=0 dr=0 cl=0 cr=0 L=0 R=0 s1=0 s2=0 s3=0 s4=0 s5=0 s6=0 s7=0 s8=0 rx=706 txdrop=0
481425,91,11392.0,0,14.0,0.0,0.0,0.0,0.35,0.0,0.0,1.314,3.5,-33.857,120.865,0.0,0.0,0.0,0,0,0,0,0.0,0.0,0.0,0.0,0.0,0.0,4766,4959,-193,0.0,0.0,0.0,0.0,0.0,0.0,0.0,0.0,0,0.0,line_missing,0,0,0,0,0,0,0,0,TRK tick=481425 exp_id=91 t_ms=11392 run=0 ts=14.000 kp=0.350 ki=0.000 kd=0.000 st=0.000 lt=0.000 rt=0.000 la=0.000 ra=0.000 lse=0.000 rse=0.000 lso=0.000 rso=0.000 lc=4766 rc=4959 cd=-193 cde=0.000 cdo=0.000 lp=1.314 lpr=3.500 y=-33.857 yr=120.865 el=0.000 er=0.000 ed=0.000 dl=0 dr=0 cl=0 cr=0 L=0 R=0 s1=0 s2=0 s3=0 s4=0 s5=0 s6=0 s7=0 s8=0 rx=706 txdrop=0
481623,91,11590.0,0,14.0,0.0,0.0,0.0,0.35,0.0,0.0,1.314,3.5,-33.857,120.865,0.0,0.0,0.0,0,0,0,0,0.0,0.0,0.0,0.0,0.0,0.0,4766,4959,-193,0.0,0.0,0.0,0.0,0.0,0.0,0.0,0.0,0,0.0,line_missing,0,0,0,0,0,0,0,0,TRK tick=481623 exp_id=91 t_ms=11590 run=0 ts=14.000 kp=0.350 ki=0.000 kd=0.000 st=0.000 lt=0.000 rt=0.000 la=0.000 ra=0.000 lse=0.000 rse=0.000 lso=0.000 rso=0.000 lc=4766 rc=4959 cd=-193 cde=0.000 cdo=0.000 lp=1.314 lpr=3.500 y=-33.857 yr=120.865 el=0.000 er=0.000 ed=0.000 dl=0 dr=0 cl=0 cr=0 L=0 R=0 s1=0 s2=0 s3=0 s4=0 s5=0 s6=0 s7=0 s8=0 rx=706 txdrop=0
481820,91,11787.0,0,14.0,0.0,0.0,0.0,0.35,0.0,0.0,1.314,3.5,-33.857,120.865,0.0,0.0,0.0,0,0,0,0,0.0,0.0,0.0,0.0,0.0,0.0,4766,4959,-193,0.0,0.0,0.0,0.0,0.0,0.0,0.0,0.0,0,0.0,line_missing,0,0,0,0,0,0,0,0,TRK tick=481820 exp_id=91 t_ms=11787 run=0 ts=14.000 kp=0.350 ki=0.000 kd=0.000 st=0.000 lt=0.000 rt=0.000 la=0.000 ra=0.000 lse=0.000 rse=0.000 lso=0.000 rso=0.000 lc=4766 rc=4959 cd=-193 cde=0.000 cdo=0.000 lp=1.314 lpr=3.500 y=-33.857 yr=120.865 el=0.000 er=0.000 ed=0.000 dl=0 dr=0 cl=0 cr=0 L=0 R=0 s1=0 s2=0 s3=0 s4=0 s5=0 s6=0 s7=0 s8=0 rx=706 txdrop=0
482018,91,11985.0,0,14.0,0.0,0.0,0.0,0.35,0.0,0.0,1.314,3.5,-33.857,120.865,0.0,0.0,0.0,0,0,0,0,0.0,0.0,0.0,0.0,0.0,0.0,4766,4959,-193,0.0,0.0,0.0,0.0,0.0,0.0,0.0,0.0,0,0.0,line_missing,0,0,0,0,0,0,0,0,TRK tick=482018 exp_id=91 t_ms=11985 run=0 ts=14.000 kp=0.350 ki=0.000 kd=0.000 st=0.000 lt=0.000 rt=0.000 la=0.000 ra=0.000 lse=0.000 rse=0.000 lso=0.000 rso=0.000 lc=4766 rc=4959 cd=-193 cde=0.000 cdo=0.000 lp=1.314 lpr=3.500 y=-33.857 yr=120.865 el=0.000 er=0.000 ed=0.000 dl=0 dr=0 cl=0 cr=0 L=0 R=0 s1=0 s2=0 s3=0 s4=0 s5=0 s6=0 s7=0 s8=0 rx=706 txdrop=0
482216,91,12183.0,0,14.0,0.0,0.0,0.0,0.35,0.0,0.0,1.314,3.5,-33.857,120.865,0.0,0.0,0.0,0,0,0,0,0.0,0.0,0.0,0.0,0.0,0.0,4766,4959,-193,0.0,0.0,0.0,0.0,0.0,0.0,0.0,0.0,0,0.0,line_missing,0,0,0,0,0,0,0,0,TRK tick=482216 exp_id=91 t_ms=12183 run=0 ts=14.000 kp=0.350 ki=0.000 kd=0.000 st=0.000 lt=0.000 rt=0.000 la=0.000 ra=0.000 lse=0.000 rse=0.000 lso=0.000 rso=0.000 lc=4766 rc=4959 cd=-193 cde=0.000 cdo=0.000 lp=1.314 lpr=3.500 y=-33.857 yr=120.865 el=0.000 er=0.000 ed=0.000 dl=0 dr=0 cl=0 cr=0 L=0 R=0 s1=0 s2=0 s3=0 s4=0 s5=0 s6=0 s7=0 s8=0 rx=706 txdrop=0
482414,91,12381.0,0,14.0,0.0,0.0,0.0,0.35,0.0,0.0,1.314,3.5,-33.857,120.865,0.0,0.0,0.0,0,0,0,0,0.0,0.0,0.0,0.0,0.0,0.0,4766,4959,-193,0.0,0.0,0.0,0.0,0.0,0.0,0.0,0.0,0,0.0,line_missing,0,0,0,0,0,0,0,0,TRK tick=482414 exp_id=91 t_ms=12381 run=0 ts=14.000 kp=0.350 ki=0.000 kd=0.000 st=0.000 lt=0.000 rt=0.000 la=0.000 ra=0.000 lse=0.000 rse=0.000 lso=0.000 rso=0.000 lc=4766 rc=4959 cd=-193 cde=0.000 cdo=0.000 lp=1.314 lpr=3.500 y=-33.857 yr=120.865 el=0.000 er=0.000 ed=0.000 dl=0 dr=0 cl=0 cr=0 L=0 R=0 s1=0 s2=0 s3=0 s4=0 s5=0 s6=0 s7=0 s8=0 rx=706 txdrop=0
482612,91,12579.0,0,14.0,0.0,0.0,0.0,0.35,0.0,0.0,1.314,3.5,-33.857,120.865,0.0,0.0,0.0,0,0,0,0,0.0,0.0,0.0,0.0,0.0,0.0,4766,4959,-193,0.0,0.0,0.0,0.0,0.0,0.0,0.0,0.0,0,0.0,line_missing,0,0,0,0,0,0,0,0,TRK tick=482612 exp_id=91 t_ms=12579 run=0 ts=14.000 kp=0.350 ki=0.000 kd=0.000 st=0.000 lt=0.000 rt=0.000 la=0.000 ra=0.000 lse=0.000 rse=0.000 lso=0.000 rso=0.000 lc=4766 rc=4959 cd=-193 cde=0.000 cdo=0.000 lp=1.314 lpr=3.500 y=-33.857 yr=120.865 el=0.000 er=0.000 ed=0.000 dl=0 dr=0 cl=0 cr=0 L=0 R=0 s1=0 s2=0 s3=0 s4=0 s5=0 s6=0 s7=0 s8=0 rx=706 txdrop=0
482810,91,12777.0,0,14.0,0.0,0.0,0.0,0.35,0.0,0.0,1.314,3.5,-33.857,120.865,0.0,0.0,0.0,0,0,0,0,0.0,0.0,0.0,0.0,0.0,0.0,4766,4959,-193,0.0,0.0,0.0,0.0,0.0,0.0,0.0,0.0,0,0.0,line_missing,0,0,0,0,0,0,0,0,TRK tick=482810 exp_id=91 t_ms=12777 run=0 ts=14.000 kp=0.350 ki=0.000 kd=0.000 st=0.000 lt=0.000 rt=0.000 la=0.000 ra=0.000 lse=0.000 rse=0.000 lso=0.000 rso=0.000 lc=4766 rc=4959 cd=-193 cde=0.000 cdo=0.000 lp=1.314 lpr=3.500 y=-33.857 yr=120.865 el=0.000 er=0.000 ed=0.000 dl=0 dr=0 cl=0 cr=0 L=0 R=0 s1=0 s2=0 s3=0 s4=0 s5=0 s6=0 s7=0 s8=0 rx=706 txdrop=0
483008,91,12975.0,0,14.0,0.0,0.0,0.0,0.35,0.0,0.0,1.314,3.5,-33.857,120.865,0.0,0.0,0.0,0,0,0,0,0.0,0.0,0.0,0.0,0.0,0.0,4766,4959,-193,0.0,0.0,0.0,0.0,0.0,0.0,0.0,0.0,0,0.0,line_missing,0,0,0,0,0,0,0,0,TRK tick=483008 exp_id=91 t_ms=12975 run=0 ts=14.000 kp=0.350 ki=0.000 kd=0.000 st=0.000 lt=0.000 rt=0.000 la=0.000 ra=0.000 lse=0.000 rse=0.000 lso=0.000 rso=0.000 lc=4766 rc=4959 cd=-193 cde=0.000 cdo=0.000 lp=1.314 lpr=3.500 y=-33.857 yr=120.865 el=0.000 er=0.000 ed=0.000 dl=0 dr=0 cl=0 cr=0 L=0 R=0 s1=0 s2=0 s3=0 s4=0 s5=0 s6=0 s7=0 s8=0 rx=706 txdrop=0
483205,91,13172.0,0,14.0,0.0,0.0,0.0,0.35,0.0,0.0,1.314,3.5,-33.857,120.865,0.0,0.0,0.0,0,0,0,0,0.0,0.0,0.0,0.0,0.0,0.0,4766,4959,-193,0.0,0.0,0.0,0.0,0.0,0.0,0.0,0.0,0,0.0,line_missing,0,0,0,0,0,0,0,0,TRK tick=483205 exp_id=91 t_ms=13172 run=0 ts=14.000 kp=0.350 ki=0.000 kd=0.000 st=0.000 lt=0.000 rt=0.000 la=0.000 ra=0.000 lse=0.000 rse=0.000 lso=0.000 rso=0.000 lc=4766 rc=4959 cd=-193 cde=0.000 cdo=0.000 lp=1.314 lpr=3.500 y=-33.857 yr=120.865 el=0.000 er=0.000 ed=0.000 dl=0 dr=0 cl=0 cr=0 L=0 R=0 s1=0 s2=0 s3=0 s4=0 s5=0 s6=0 s7=0 s8=0 rx=706 txdrop=0
483403,91,13370.0,0,14.0,0.0,0.0,0.0,0.35,0.0,0.0,1.314,3.5,-33.857,120.865,0.0,0.0,0.0,0,0,0,0,0.0,0.0,0.0,0.0,0.0,0.0,4766,4959,-193,0.0,0.0,0.0,0.0,0.0,0.0,0.0,0.0,0,0.0,line_missing,0,0,0,0,0,0,0,0,TRK tick=483403 exp_id=91 t_ms=13370 run=0 ts=14.000 kp=0.350 ki=0.000 kd=0.000 st=0.000 lt=0.000 rt=0.000 la=0.000 ra=0.000 lse=0.000 rse=0.000 lso=0.000 rso=0.000 lc=4766 rc=4959 cd=-193 cde=0.000 cdo=0.000 lp=1.314 lpr=3.500 y=-33.857 yr=120.865 el=0.000 er=0.000 ed=0.000 dl=0 dr=0 cl=0 cr=0 L=0 R=0 s1=0 s2=0 s3=0 s4=0 s5=0 s6=0 s7=0 s8=0 rx=706 txdrop=0
483601,91,13568.0,0,14.0,0.0,0.0,0.0,0.35,0.0,0.0,1.314,3.5,-33.857,120.865,0.0,0.0,0.0,0,0,0,0,0.0,0.0,0.0,0.0,0.0,0.0,4766,4959,-193,0.0,0.0,0.0,0.0,0.0,0.0,0.0,0.0,0,0.0,line_missing,0,0,0,0,0,0,0,0,TRK tick=483601 exp_id=91 t_ms=13568 run=0 ts=14.000 kp=0.350 ki=0.000 kd=0.000 st=0.000 lt=0.000 rt=0.000 la=0.000 ra=0.000 lse=0.000 rse=0.000 lso=0.000 rso=0.000 lc=4766 rc=4959 cd=-193 cde=0.000 cdo=0.000 lp=1.314 lpr=3.500 y=-33.857 yr=120.865 el=0.000 er=0.000 ed=0.000 dl=0 dr=0 cl=0 cr=0 L=0 R=0 s1=0 s2=0 s3=0 s4=0 s5=0 s6=0 s7=0 s8=0 rx=706 txdrop=0
483799,91,13766.0,0,14.0,0.0,0.0,0.0,0.35,0.0,0.0,1.314,3.5,-33.857,120.865,0.0,0.0,0.0,0,0,0,0,0.0,0.0,0.0,0.0,0.0,0.0,4766,4959,-193,0.0,0.0,0.0,0.0,0.0,0.0,0.0,0.0,0,0.0,line_missing,0,0,0,0,0,0,0,0,TRK tick=483799 exp_id=91 t_ms=13766 run=0 ts=14.000 kp=0.350 ki=0.000 kd=0.000 st=0.000 lt=0.000 rt=0.000 la=0.000 ra=0.000 lse=0.000 rse=0.000 lso=0.000 rso=0.000 lc=4766 rc=4959 cd=-193 cde=0.000 cdo=0.000 lp=1.314 lpr=3.500 y=-33.857 yr=120.865 el=0.000 er=0.000 ed=0.000 dl=0 dr=0 cl=0 cr=0 L=0 R=0 s1=0 s2=0 s3=0 s4=0 s5=0 s6=0 s7=0 s8=0 rx=706 txdrop=0
483997,91,13964.0,0,14.0,0.0,0.0,0.0,0.35,0.0,0.0,1.314,3.5,-33.857,120.865,0.0,0.0,0.0,0,0,0,0,0.0,0.0,0.0,0.0,0.0,0.0,4766,4959,-193,0.0,0.0,0.0,0.0,0.0,0.0,0.0,0.0,0,0.0,line_missing,0,0,0,0,0,0,0,0,TRK tick=483997 exp_id=91 t_ms=13964 run=0 ts=14.000 kp=0.350 ki=0.000 kd=0.000 st=0.000 lt=0.000 rt=0.000 la=0.000 ra=0.000 lse=0.000 rse=0.000 lso=0.000 rso=0.000 lc=4766 rc=4959 cd=-193 cde=0.000 cdo=0.000 lp=1.314 lpr=3.500 y=-33.857 yr=120.865 el=0.000 er=0.000 ed=0.000 dl=0 dr=0 cl=0 cr=0 L=0 R=0 s1=0 s2=0 s3=0 s4=0 s5=0 s6=0 s7=0 s8=0 rx=706 txdrop=0
484195,91,14162.0,0,14.0,0.0,0.0,0.0,0.35,0.0,0.0,1.314,3.5,-33.857,120.865,0.0,0.0,0.0,0,0,0,0,0.0,0.0,0.0,0.0,0.0,0.0,4766,4959,-193,0.0,0.0,0.0,0.0,0.0,0.0,0.0,0.0,0,0.0,line_missing,0,0,0,0,0,0,0,0,TRK tick=484195 exp_id=91 t_ms=14162 run=0 ts=14.000 kp=0.350 ki=0.000 kd=0.000 st=0.000 lt=0.000 rt=0.000 la=0.000 ra=0.000 lse=0.000 rse=0.000 lso=0.000 rso=0.000 lc=4766 rc=4959 cd=-193 cde=0.000 cdo=0.000 lp=1.314 lpr=3.500 y=-33.857 yr=120.865 el=0.000 er=0.000 ed=0.000 dl=0 dr=0 cl=0 cr=0 L=0 R=0 s1=0 s2=0 s3=0 s4=0 s5=0 s6=0 s7=0 s8=0 rx=706 txdrop=0
484392,91,14359.0,0,14.0,0.0,0.0,0.0,0.35,0.0,0.0,1.314,3.5,-33.857,120.865,0.0,0.0,0.0,0,0,0,0,0.0,0.0,0.0,0.0,0.0,0.0,4766,4959,-193,0.0,0.0,0.0,0.0,0.0,0.0,0.0,0.0,0,0.0,line_missing,0,0,0,0,0,0,0,0,TRK tick=484392 exp_id=91 t_ms=14359 run=0 ts=14.000 kp=0.350 ki=0.000 kd=0.000 st=0.000 lt=0.000 rt=0.000 la=0.000 ra=0.000 lse=0.000 rse=0.000 lso=0.000 rso=0.000 lc=4766 rc=4959 cd=-193 cde=0.000 cdo=0.000 lp=1.314 lpr=3.500 y=-33.857 yr=120.865 el=0.000 er=0.000 ed=0.000 dl=0 dr=0 cl=0 cr=0 L=0 R=0 s1=0 s2=0 s3=0 s4=0 s5=0 s6=0 s7=0 s8=0 rx=706 txdrop=0
484590,91,14557.0,0,14.0,0.0,0.0,0.0,0.35,0.0,0.0,1.314,3.5,-33.857,120.865,0.0,0.0,0.0,0,0,0,0,0.0,0.0,0.0,0.0,0.0,0.0,4766,4959,-193,0.0,0.0,0.0,0.0,0.0,0.0,0.0,0.0,0,0.0,line_missing,0,0,0,0,0,0,0,0,TRK tick=484590 exp_id=91 t_ms=14557 run=0 ts=14.000 kp=0.350 ki=0.000 kd=0.000 st=0.000 lt=0.000 rt=0.000 la=0.000 ra=0.000 lse=0.000 rse=0.000 lso=0.000 rso=0.000 lc=4766 rc=4959 cd=-193 cde=0.000 cdo=0.000 lp=1.314 lpr=3.500 y=-33.857 yr=120.865 el=0.000 er=0.000 ed=0.000 dl=0 dr=0 cl=0 cr=0 L=0 R=0 s1=0 s2=0 s3=0 s4=0 s5=0 s6=0 s7=0 s8=0 rx=706 txdrop=0
484788,91,14755.0,0,14.0,0.0,0.0,0.0,0.35,0.0,0.0,1.314,3.5,-33.857,120.865,0.0,0.0,0.0,0,0,0,0,0.0,0.0,0.0,0.0,0.0,0.0,4766,4959,-193,0.0,0.0,0.0,0.0,0.0,0.0,0.0,0.0,0,0.0,line_missing,0,0,0,0,0,0,0,0,TRK tick=484788 exp_id=91 t_ms=14755 run=0 ts=14.000 kp=0.350 ki=0.000 kd=0.000 st=0.000 lt=0.000 rt=0.000 la=0.000 ra=0.000 lse=0.000 rse=0.000 lso=0.000 rso=0.000 lc=4766 rc=4959 cd=-193 cde=0.000 cdo=0.000 lp=1.314 lpr=3.500 y=-33.857 yr=120.865 el=0.000 er=0.000 ed=0.000 dl=0 dr=0 cl=0 cr=0 L=0 R=0 s1=0 s2=0 s3=0 s4=0 s5=0 s6=0 s7=0 s8=0 rx=706 txdrop=0
484986,91,0.0,0,14.0,0.0,0.0,0.0,0.35,0.0,0.0,1.314,3.5,-33.857,120.865,0.0,0.0,0.0,0,0,0,0,0.0,0.0,0.0,0.0,0.0,0.0,4766,4959,-193,0.0,0.0,0.0,0.0,0.0,0.0,0.0,0.0,0,0.0,line_missing,0,0,0,0,0,0,0,0,TRK tick=484986 exp_id=91 t_ms=0 run=0 ts=14.000 kp=0.350 ki=0.000 kd=0.000 st=0.000 lt=0.000 rt=0.000 la=0.000 ra=0.000 lse=0.000 rse=0.000 lso=0.000 rso=0.000 lc=4766 rc=4959 cd=-193 cde=0.000 cdo=0.000 lp=1.314 lpr=3.500 y=-33.857 yr=120.865 el=0.000 er=0.000 ed=0.000 dl=0 dr=0 cl=0 cr=0 L=0 R=0 s1=0 s2=0 s3=0 s4=0 s5=0 s6=0 s7=0 s8=0 rx=706 txdrop=0
485184,91,0.0,0,14.0,0.0,0.0,0.0,0.35,0.0,0.0,1.314,3.5,-33.857,120.865,0.0,0.0,0.0,0,0,0,0,0.0,0.0,0.0,0.0,0.0,0.0,4766,4959,-193,0.0,0.0,0.0,0.0,0.0,0.0,0.0,0.0,0,0.0,line_missing,0,0,0,0,0,0,0,0,TRK tick=485184 exp_id=91 t_ms=0 run=0 ts=14.000 kp=0.350 ki=0.000 kd=0.000 st=0.000 lt=0.000 rt=0.000 la=0.000 ra=0.000 lse=0.000 rse=0.000 lso=0.000 rso=0.000 lc=4766 rc=4959 cd=-193 cde=0.000 cdo=0.000 lp=1.314 lpr=3.500 y=-33.857 yr=120.865 el=0.000 er=0.000 ed=0.000 dl=0 dr=0 cl=0 cr=0 L=0 R=0 s1=0 s2=0 s3=0 s4=0 s5=0 s6=0 s7=0 s8=0 rx=706 txdrop=0
485382,91,0.0,0,14.0,0.0,0.0,0.0,0.35,0.0,0.0,1.314,3.5,-33.857,120.865,0.0,0.0,0.0,0,0,0,0,0.0,0.0,0.0,0.0,0.0,0.0,4766,4959,-193,0.0,0.0,0.0,0.0,0.0,0.0,0.0,0.0,0,0.0,line_missing,0,0,0,0,0,0,0,0,TRK tick=485382 exp_id=91 t_ms=0 run=0 ts=14.000 kp=0.350 ki=0.000 kd=0.000 st=0.000 lt=0.000 rt=0.000 la=0.000 ra=0.000 lse=0.000 rse=0.000 lso=0.000 rso=0.000 lc=4766 rc=4959 cd=-193 cde=0.000 cdo=0.000 lp=1.314 lpr=3.500 y=-33.857 yr=120.865 el=0.000 er=0.000 ed=0.000 dl=0 dr=0 cl=0 cr=0 L=0 R=0 s1=0 s2=0 s3=0 s4=0 s5=0 s6=0 s7=0 s8=0 rx=706 txdrop=0
485580,91,0.0,0,14.0,0.0,0.0,0.0,0.35,0.0,0.0,1.314,3.5,-33.857,120.865,0.0,0.0,0.0,0,0,0,0,0.0,0.0,0.0,0.0,0.0,0.0,4766,4959,-193,0.0,0.0,0.0,0.0,0.0,0.0,0.0,0.0,0,0.0,line_missing,0,0,0,0,0,0,0,0,TRK tick=485580 exp_id=91 t_ms=0 run=0 ts=14.000 kp=0.350 ki=0.000 kd=0.000 st=0.000 lt=0.000 rt=0.000 la=0.000 ra=0.000 lse=0.000 rse=0.000 lso=0.000 rso=0.000 lc=4766 rc=4959 cd=-193 cde=0.000 cdo=0.000 lp=1.314 lpr=3.500 y=-33.857 yr=120.865 el=0.000 er=0.000 ed=0.000 dl=0 dr=0 cl=0 cr=0 L=0 R=0 s1=0 s2=0 s3=0 s4=0 s5=0 s6=0 s7=0 s8=0 rx=706 txdrop=0
485777,91,0.0,0,14.0,0.0,0.0,0.0,0.35,0.0,0.0,1.314,3.5,-33.857,120.865,0.0,0.0,0.0,0,0,0,0,0.0,0.0,0.0,0.0,0.0,0.0,4766,4959,-193,0.0,0.0,0.0,0.0,0.0,0.0,0.0,0.0,0,0.0,line_missing,0,0,0,0,0,0,0,0,TRK tick=485777 exp_id=91 t_ms=0 run=0 ts=14.000 kp=0.350 ki=0.000 kd=0.000 st=0.000 lt=0.000 rt=0.000 la=0.000 ra=0.000 lse=0.000 rse=0.000 lso=0.000 rso=0.000 lc=4766 rc=4959 cd=-193 cde=0.000 cdo=0.000 lp=1.314 lpr=3.500 y=-33.857 yr=120.865 el=0.000 er=0.000 ed=0.000 dl=0 dr=0 cl=0 cr=0 L=0 R=0 s1=0 s2=0 s3=0 s4=0 s5=0 s6=0 s7=0 s8=0 rx=706 txdrop=0
485975,91,0.0,0,14.0,0.0,0.0,0.0,0.35,0.0,0.0,1.314,3.5,-33.857,120.865,0.0,0.0,0.0,0,0,0,0,0.0,0.0,0.0,0.0,0.0,0.0,4766,4959,-193,0.0,0.0,0.0,0.0,0.0,0.0,0.0,0.0,0,0.0,line_missing,0,0,0,0,0,0,0,0,TRK tick=485975 exp_id=91 t_ms=0 run=0 ts=14.000 kp=0.350 ki=0.000 kd=0.000 st=0.000 lt=0.000 rt=0.000 la=0.000 ra=0.000 lse=0.000 rse=0.000 lso=0.000 rso=0.000 lc=4766 rc=4959 cd=-193 cde=0.000 cdo=0.000 lp=1.314 lpr=3.500 y=-33.857 yr=120.865 el=0.000 er=0.000 ed=0.000 dl=0 dr=0 cl=0 cr=0 L=0 R=0 s1=0 s2=0 s3=0 s4=0 s5=0 s6=0 s7=0 s8=0 rx=706 txdrop=0
486173,91,0.0,0,14.0,0.0,0.0,0.0,0.35,0.0,0.0,1.314,3.5,-33.857,120.865,0.0,0.0,0.0,0,0,0,0,0.0,0.0,0.0,0.0,0.0,0.0,4766,4959,-193,0.0,0.0,0.0,0.0,0.0,0.0,0.0,0.0,0,0.0,line_missing,0,0,0,0,0,0,0,0,TRK tick=486173 exp_id=91 t_ms=0 run=0 ts=14.000 kp=0.350 ki=0.000 kd=0.000 st=0.000 lt=0.000 rt=0.000 la=0.000 ra=0.000 lse=0.000 rse=0.000 lso=0.000 rso=0.000 lc=4766 rc=4959 cd=-193 cde=0.000 cdo=0.000 lp=1.314 lpr=3.500 y=-33.857 yr=120.865 el=0.000 er=0.000 ed=0.000 dl=0 dr=0 cl=0 cr=0 L=0 R=0 s1=0 s2=0 s3=0 s4=0 s5=0 s6=0 s7=0 s8=0 rx=706 txdrop=0
486371,91,0.0,0,14.0,0.0,0.0,0.0,0.35,0.0,0.0,1.314,3.5,-33.857,120.865,0.0,0.0,0.0,0,0,0,0,0.0,0.0,0.0,0.0,0.0,0.0,4766,4959,-193,0.0,0.0,0.0,0.0,0.0,0.0,0.0,0.0,0,0.0,line_missing,0,0,0,0,0,0,0,0,TRK tick=486371 exp_id=91 t_ms=0 run=0 ts=14.000 kp=0.350 ki=0.000 kd=0.000 st=0.000 lt=0.000 rt=0.000 la=0.000 ra=0.000 lse=0.000 rse=0.000 lso=0.000 rso=0.000 lc=4766 rc=4959 cd=-193 cde=0.000 cdo=0.000 lp=1.314 lpr=3.500 y=-33.857 yr=120.865 el=0.000 er=0.000 ed=0.000 dl=0 dr=0 cl=0 cr=0 L=0 R=0 s1=0 s2=0 s3=0 s4=0 s5=0 s6=0 s7=0 s8=0 rx=706 txdrop=0
486569,91,0.0,0,14.0,0.0,0.0,0.0,0.35,0.0,0.0,1.314,3.5,-33.857,120.865,0.0,0.0,0.0,0,0,0,0,0.0,0.0,0.0,0.0,0.0,0.0,4766,4959,-193,0.0,0.0,0.0,0.0,0.0,0.0,0.0,0.0,0,0.0,line_missing,0,0,0,0,0,0,0,0,TRK tick=486569 exp_id=91 t_ms=0 run=0 ts=14.000 kp=0.350 ki=0.000 kd=0.000 st=0.000 lt=0.000 rt=0.000 la=0.000 ra=0.000 lse=0.000 rse=0.000 lso=0.000 rso=0.000 lc=4766 rc=4959 cd=-193 cde=0.000 cdo=0.000 lp=1.314 lpr=3.500 y=-33.857 yr=120.865 el=0.000 er=0.000 ed=0.000 dl=0 dr=0 cl=0 cr=0 L=0 R=0 s1=0 s2=0 s3=0 s4=0 s5=0 s6=0 s7=0 s8=0 rx=706 txdrop=0
486767,91,0.0,0,14.0,0.0,0.0,0.0,0.35,0.0,0.0,1.314,3.5,-33.857,120.865,0.0,0.0,0.0,0,0,0,0,0.0,0.0,0.0,0.0,0.0,0.0,4766,4959,-193,0.0,0.0,0.0,0.0,0.0,0.0,0.0,0.0,0,0.0,line_missing,0,0,0,0,0,0,0,0,TRK tick=486767 exp_id=91 t_ms=0 run=0 ts=14.000 kp=0.350 ki=0.000 kd=0.000 st=0.000 lt=0.000 rt=0.000 la=0.000 ra=0.000 lse=0.000 rse=0.000 lso=0.000 rso=0.000 lc=4766 rc=4959 cd=-193 cde=0.000 cdo=0.000 lp=1.314 lpr=3.500 y=-33.857 yr=120.865 el=0.000 er=0.000 ed=0.000 dl=0 dr=0 cl=0 cr=0 L=0 R=0 s1=0 s2=0 s3=0 s4=0 s5=0 s6=0 s7=0 s8=0 rx=706 txdrop=0
486964,91,0.0,0,14.0,0.0,0.0,0.0,0.35,0.0,0.0,1.314,3.5,-33.857,120.865,0.0,0.0,0.0,0,0,0,0,0.0,0.0,0.0,0.0,0.0,0.0,4766,4959,-193,0.0,0.0,0.0,0.0,0.0,0.0,0.0,0.0,0,0.0,line_missing,0,0,0,0,0,0,0,0,TRK tick=486964 exp_id=91 t_ms=0 run=0 ts=14.000 kp=0.350 ki=0.000 kd=0.000 st=0.000 lt=0.000 rt=0.000 la=0.000 ra=0.000 lse=0.000 rse=0.000 lso=0.000 rso=0.000 lc=4766 rc=4959 cd=-193 cde=0.000 cdo=0.000 lp=1.314 lpr=3.500 y=-33.857 yr=120.865 el=0.000 er=0.000 ed=0.000 dl=0 dr=0 cl=0 cr=0 L=0 R=0 s1=0 s2=0 s3=0 s4=0 s5=0 s6=0 s7=0 s8=0 rx=706 txdrop=0
487162,91,0.0,0,14.0,0.0,0.0,0.0,0.35,0.0,0.0,1.314,3.5,-33.857,120.865,0.0,0.0,0.0,0,0,0,0,0.0,0.0,0.0,0.0,0.0,0.0,4766,4959,-193,0.0,0.0,0.0,0.0,0.0,0.0,0.0,0.0,0,0.0,line_missing,0,0,0,0,0,0,0,0,TRK tick=487162 exp_id=91 t_ms=0 run=0 ts=14.000 kp=0.350 ki=0.000 kd=0.000 st=0.000 lt=0.000 rt=0.000 la=0.000 ra=0.000 lse=0.000 rse=0.000 lso=0.000 rso=0.000 lc=4766 rc=4959 cd=-193 cde=0.000 cdo=0.000 lp=1.314 lpr=3.500 y=-33.857 yr=120.865 el=0.000 er=0.000 ed=0.000 dl=0 dr=0 cl=0 cr=0 L=0 R=0 s1=0 s2=0 s3=0 s4=0 s5=0 s6=0 s7=0 s8=0 rx=706 txdrop=0
487360,91,0.0,0,14.0,0.0,0.0,0.0,0.35,0.0,0.0,1.314,3.5,-33.857,120.865,0.0,0.0,0.0,0,0,0,0,0.0,0.0,0.0,0.0,0.0,0.0,4766,4959,-193,0.0,0.0,0.0,0.0,0.0,0.0,0.0,0.0,0,0.0,line_missing,0,0,0,0,0,0,0,0,TRK tick=487360 exp_id=91 t_ms=0 run=0 ts=14.000 kp=0.350 ki=0.000 kd=0.000 st=0.000 lt=0.000 rt=0.000 la=0.000 ra=0.000 lse=0.000 rse=0.000 lso=0.000 rso=0.000 lc=4766 rc=4959 cd=-193 cde=0.000 cdo=0.000 lp=1.314 lpr=3.500 y=-33.857 yr=120.865 el=0.000 er=0.000 ed=0.000 dl=0 dr=0 cl=0 cr=0 L=0 R=0 s1=0 s2=0 s3=0 s4=0 s5=0 s6=0 s7=0 s8=0 rx=706 txdrop=0
487558,91,0.0,0,14.0,0.0,0.0,0.0,0.35,0.0,0.0,1.314,3.5,-33.857,120.865,0.0,0.0,0.0,0,0,0,0,0.0,0.0,0.0,0.0,0.0,0.0,4766,4959,-193,0.0,0.0,0.0,0.0,0.0,0.0,0.0,0.0,0,0.0,line_missing,0,0,0,0,0,0,0,0,TRK tick=487558 exp_id=91 t_ms=0 run=0 ts=14.000 kp=0.350 ki=0.000 kd=0.000 st=0.000 lt=0.000 rt=0.000 la=0.000 ra=0.000 lse=0.000 rse=0.000 lso=0.000 rso=0.000 lc=4766 rc=4959 cd=-193 cde=0.000 cdo=0.000 lp=1.314 lpr=3.500 y=-33.857 yr=120.865 el=0.000 er=0.000 ed=0.000 dl=0 dr=0 cl=0 cr=0 L=0 R=0 s1=0 s2=0 s3=0 s4=0 s5=0 s6=0 s7=0 s8=0 rx=706 txdrop=0
487756,91,0.0,0,14.0,0.0,0.0,0.0,0.35,0.0,0.0,1.314,3.5,-33.857,120.865,0.0,0.0,0.0,0,0,0,0,0.0,0.0,0.0,0.0,0.0,0.0,4766,4959,-193,0.0,0.0,0.0,0.0,0.0,0.0,0.0,0.0,0,0.0,line_missing,0,0,0,0,0,0,0,0,TRK tick=487756 exp_id=91 t_ms=0 run=0 ts=14.000 kp=0.350 ki=0.000 kd=0.000 st=0.000 lt=0.000 rt=0.000 la=0.000 ra=0.000 lse=0.000 rse=0.000 lso=0.000 rso=0.000 lc=4766 rc=4959 cd=-193 cde=0.000 cdo=0.000 lp=1.314 lpr=3.500 y=-33.857 yr=120.865 el=0.000 er=0.000 ed=0.000 dl=0 dr=0 cl=0 cr=0 L=0 R=0 s1=0 s2=0 s3=0 s4=0 s5=0 s6=0 s7=0 s8=0 rx=706 txdrop=0
487953,91,0.0,0,14.0,0.0,0.0,0.0,0.35,0.0,0.0,1.314,3.5,-33.857,120.865,0.0,0.0,0.0,0,0,0,0,0.0,0.0,0.0,0.0,0.0,0.0,4766,4959,-193,0.0,0.0,0.0,0.0,0.0,0.0,0.0,0.0,0,0.0,line_missing,0,0,0,0,0,0,0,0,TRK tick=487953 exp_id=91 t_ms=0 run=0 ts=14.000 kp=0.350 ki=0.000 kd=0.000 st=0.000 lt=0.000 rt=0.000 la=0.000 ra=0.000 lse=0.000 rse=0.000 lso=0.000 rso=0.000 lc=4766 rc=4959 cd=-193 cde=0.000 cdo=0.000 lp=1.314 lpr=3.500 y=-33.857 yr=120.865 el=0.000 er=0.000 ed=0.000 dl=0 dr=0 cl=0 cr=0 L=0 R=0 s1=0 s2=0 s3=0 s4=0 s5=0 s6=0 s7=0 s8=0 rx=706 txdrop=0
488151,91,0.0,0,14.0,0.0,0.0,0.0,0.35,0.0,0.0,1.314,3.5,-33.857,120.865,0.0,0.0,0.0,0,0,0,0,0.0,0.0,0.0,0.0,0.0,0.0,4766,4959,-193,0.0,0.0,0.0,0.0,0.0,0.0,0.0,0.0,0,0.0,line_missing,0,0,0,0,0,0,0,0,TRK tick=488151 exp_id=91 t_ms=0 run=0 ts=14.000 kp=0.350 ki=0.000 kd=0.000 st=0.000 lt=0.000 rt=0.000 la=0.000 ra=0.000 lse=0.000 rse=0.000 lso=0.000 rso=0.000 lc=4766 rc=4959 cd=-193 cde=0.000 cdo=0.000 lp=1.314 lpr=3.500 y=-33.857 yr=120.865 el=0.000 er=0.000 ed=0.000 dl=0 dr=0 cl=0 cr=0 L=0 R=0 s1=0 s2=0 s3=0 s4=0 s5=0 s6=0 s7=0 s8=0 rx=706 txdrop=0
488349,91,0.0,0,14.0,0.0,0.0,0.0,0.35,0.0,0.0,1.314,3.5,-33.857,120.865,0.0,0.0,0.0,0,0,0,0,0.0,0.0,0.0,0.0,0.0,0.0,4766,4959,-193,0.0,0.0,0.0,0.0,0.0,0.0,0.0,0.0,0,0.0,line_missing,0,0,0,0,0,0,0,0,TRK tick=488349 exp_id=91 t_ms=0 run=0 ts=14.000 kp=0.350 ki=0.000 kd=0.000 st=0.000 lt=0.000 rt=0.000 la=0.000 ra=0.000 lse=0.000 rse=0.000 lso=0.000 rso=0.000 lc=4766 rc=4959 cd=-193 cde=0.000 cdo=0.000 lp=1.314 lpr=3.500 y=-33.857 yr=120.865 el=0.000 er=0.000 ed=0.000 dl=0 dr=0 cl=0 cr=0 L=0 R=0 s1=0 s2=0 s3=0 s4=0 s5=0 s6=0 s7=0 s8=0 rx=706 txdrop=0
488547,91,0.0,0,14.0,0.0,0.0,0.0,0.35,0.0,0.0,1.314,3.5,-33.857,120.865,0.0,0.0,0.0,0,0,0,0,0.0,0.0,0.0,0.0,0.0,0.0,4766,4959,-193,0.0,0.0,0.0,0.0,0.0,0.0,0.0,0.0,0,0.0,line_missing,0,0,0,0,0,0,0,0,TRK tick=488547 exp_id=91 t_ms=0 run=0 ts=14.000 kp=0.350 ki=0.000 kd=0.000 st=0.000 lt=0.000 rt=0.000 la=0.000 ra=0.000 lse=0.000 rse=0.000 lso=0.000 rso=0.000 lc=4766 rc=4959 cd=-193 cde=0.000 cdo=0.000 lp=1.314 lpr=3.500 y=-33.857 yr=120.865 el=0.000 er=0.000 ed=0.000 dl=0 dr=0 cl=0 cr=0 L=0 R=0 s1=0 s2=0 s3=0 s4=0 s5=0 s6=0 s7=0 s8=0 rx=706 txdrop=0
488745,91,0.0,0,14.0,0.0,0.0,0.0,0.35,0.0,0.0,1.314,3.5,-33.857,120.865,0.0,0.0,0.0,0,0,0,0,0.0,0.0,0.0,0.0,0.0,0.0,4766,4959,-193,0.0,0.0,0.0,0.0,0.0,0.0,0.0,0.0,0,0.0,line_missing,0,0,0,0,0,0,0,0,TRK tick=488745 exp_id=91 t_ms=0 run=0 ts=14.000 kp=0.350 ki=0.000 kd=0.000 st=0.000 lt=0.000 rt=0.000 la=0.000 ra=0.000 lse=0.000 rse=0.000 lso=0.000 rso=0.000 lc=4766 rc=4959 cd=-193 cde=0.000 cdo=0.000 lp=1.314 lpr=3.500 y=-33.857 yr=120.865 el=0.000 er=0.000 ed=0.000 dl=0 dr=0 cl=0 cr=0 L=0 R=0 s1=0 s2=0 s3=0 s4=0 s5=0 s6=0 s7=0 s8=0 rx=706 txdrop=0
488943,91,0.0,0,14.0,0.0,0.0,0.0,0.35,0.0,0.0,1.314,3.5,-33.857,120.865,0.0,0.0,0.0,0,0,0,0,0.0,0.0,0.0,0.0,0.0,0.0,4766,4959,-193,0.0,0.0,0.0,0.0,0.0,0.0,0.0,0.0,0,0.0,line_missing,0,0,0,0,0,0,0,0,TRK tick=488943 exp_id=91 t_ms=0 run=0 ts=14.000 kp=0.350 ki=0.000 kd=0.000 st=0.000 lt=0.000 rt=0.000 la=0.000 ra=0.000 lse=0.000 rse=0.000 lso=0.000 rso=0.000 lc=4766 rc=4959 cd=-193 cde=0.000 cdo=0.000 lp=1.314 lpr=3.500 y=-33.857 yr=120.865 el=0.000 er=0.000 ed=0.000 dl=0 dr=0 cl=0 cr=0 L=0 R=0 s1=0 s2=0 s3=0 s4=0 s5=0 s6=0 s7=0 s8=0 rx=706 txdrop=0
489140,91,0.0,0,14.0,0.0,0.0,0.0,0.35,0.0,0.0,1.314,3.5,-33.857,120.865,0.0,0.0,0.0,0,0,0,0,0.0,0.0,0.0,0.0,0.0,0.0,4766,4959,-193,0.0,0.0,0.0,0.0,0.0,0.0,0.0,0.0,0,0.0,line_missing,0,0,0,0,0,0,0,0,TRK tick=489140 exp_id=91 t_ms=0 run=0 ts=14.000 kp=0.350 ki=0.000 kd=0.000 st=0.000 lt=0.000 rt=0.000 la=0.000 ra=0.000 lse=0.000 rse=0.000 lso=0.000 rso=0.000 lc=4766 rc=4959 cd=-193 cde=0.000 cdo=0.000 lp=1.314 lpr=3.500 y=-33.857 yr=120.865 el=0.000 er=0.000 ed=0.000 dl=0 dr=0 cl=0 cr=0 L=0 R=0 s1=0 s2=0 s3=0 s4=0 s5=0 s6=0 s7=0 s8=0 rx=706 txdrop=0
489338,91,0.0,0,14.0,0.0,0.0,0.0,0.35,0.0,0.0,1.314,3.5,-33.857,120.865,0.0,0.0,0.0,0,0,0,0,0.0,0.0,0.0,0.0,0.0,0.0,4766,4959,-193,0.0,0.0,0.0,0.0,0.0,0.0,0.0,0.0,0,0.0,line_missing,0,0,0,0,0,0,0,0,TRK tick=489338 exp_id=91 t_ms=0 run=0 ts=14.000 kp=0.350 ki=0.000 kd=0.000 st=0.000 lt=0.000 rt=0.000 la=0.000 ra=0.000 lse=0.000 rse=0.000 lso=0.000 rso=0.000 lc=4766 rc=4959 cd=-193 cde=0.000 cdo=0.000 lp=1.314 lpr=3.500 y=-33.857 yr=120.865 el=0.000 er=0.000 ed=0.000 dl=0 dr=0 cl=0 cr=0 L=0 R=0 s1=0 s2=0 s3=0 s4=0 s5=0 s6=0 s7=0 s8=0 rx=706 txdrop=0
489536,91,0.0,0,14.0,0.0,0.0,0.0,0.35,0.0,0.0,1.314,3.5,-33.857,120.865,0.0,0.0,0.0,0,0,0,0,0.0,0.0,0.0,0.0,0.0,0.0,4766,4959,-193,0.0,0.0,0.0,0.0,0.0,0.0,0.0,0.0,0,0.0,line_missing,0,0,0,0,0,0,0,0,TRK tick=489536 exp_id=91 t_ms=0 run=0 ts=14.000 kp=0.350 ki=0.000 kd=0.000 st=0.000 lt=0.000 rt=0.000 la=0.000 ra=0.000 lse=0.000 rse=0.000 lso=0.000 rso=0.000 lc=4766 rc=4959 cd=-193 cde=0.000 cdo=0.000 lp=1.314 lpr=3.500 y=-33.857 yr=120.865 el=0.000 er=0.000 ed=0.000 dl=0 dr=0 cl=0 cr=0 L=0 R=0 s1=0 s2=0 s3=0 s4=0 s5=0 s6=0 s7=0 s8=0 rx=719 txdrop=0
489734,91,0.0,0,14.0,0.0,0.0,0.0,0.35,0.0,0.0,1.314,3.5,-33.857,120.865,0.0,0.0,0.0,0,0,0,0,0.0,0.0,0.0,0.0,0.0,0.0,4766,4959,-193,0.0,0.0,0.0,0.0,0.0,0.0,0.0,0.0,0,0.0,line_missing,0,0,0,0,0,0,0,0,TRK tick=489734 exp_id=91 t_ms=0 run=0 ts=14.000 kp=0.350 ki=0.000 kd=0.000 st=0.000 lt=0.000 rt=0.000 la=0.000 ra=0.000 lse=0.000 rse=0.000 lso=0.000 rso=0.000 lc=4766 rc=4959 cd=-193 cde=0.000 cdo=0.000 lp=1.314 lpr=3.500 y=-33.857 yr=120.865 el=0.000 er=0.000 ed=0.000 dl=0 dr=0 cl=0 cr=0 L=0 R=0 s1=0 s2=0 s3=0 s4=0 s5=0 s6=0 s7=0 s8=0 rx=719 txdrop=0
489932,91,0.0,0,14.0,0.0,0.0,0.0,0.35,0.0,0.0,1.314,3.5,-33.857,120.865,0.0,0.0,0.0,0,0,0,0,0.0,0.0,0.0,0.0,0.0,0.0,4766,4959,-193,0.0,0.0,0.0,0.0,0.0,0.0,0.0,0.0,0,0.0,line_missing,0,0,0,0,0,0,0,0,TRK tick=489932 exp_id=91 t_ms=0 run=0 ts=14.000 kp=0.350 ki=0.000 kd=0.000 st=0.000 lt=0.000 rt=0.000 la=0.000 ra=0.000 lse=0.000 rse=0.000 lso=0.000 rso=0.000 lc=4766 rc=4959 cd=-193 cde=0.000 cdo=0.000 lp=1.314 lpr=3.500 y=-33.857 yr=120.865 el=0.000 er=0.000 ed=0.000 dl=0 dr=0 cl=0 cr=0 L=0 R=0 s1=0 s2=0 s3=0 s4=0 s5=0 s6=0 s7=0 s8=0 rx=719 txdrop=0
490130,91,0.0,0,14.0,0.0,0.0,0.0,0.35,0.0,0.0,1.314,3.5,-33.857,120.865,0.0,0.0,0.0,0,0,0,0,0.0,0.0,0.0,0.0,0.0,0.0,4766,4959,-193,0.0,0.0,0.0,0.0,0.0,0.0,0.0,0.0,0,0.0,line_missing,0,0,0,0,0,0,0,0,TRK tick=490130 exp_id=91 t_ms=0 run=0 ts=14.000 kp=0.350 ki=0.000 kd=0.000 st=0.000 lt=0.000 rt=0.000 la=0.000 ra=0.000 lse=0.000 rse=0.000 lso=0.000 rso=0.000 lc=4766 rc=4959 cd=-193 cde=0.000 cdo=0.000 lp=1.314 lpr=3.500 y=-33.857 yr=120.865 el=0.000 er=0.000 ed=0.000 dl=0 dr=0 cl=0 cr=0 L=0 R=0 s1=0 s2=0 s3=0 s4=0 s5=0 s6=0 s7=0 s8=0 rx=719 txdrop=0
