tick,exp_id,t_ms,run,ts,st,lt,rt,kp,ki,kd,lp,lpr,y,yr,el,er,ed,dl,dr,cl,cr,la,ra,lse,rse,lso,rso,lc,rc,cd,cde,cdi,cdo,L,R,pwm_max,miss,lost,sensor_count,sensor_score,sensor_state,s1,s2,s3,s4,s5,s6,s7,s8,raw_line
229739,83,0.0,0,14.0,0.0,0.0,0.0,0.25,0.0,0.0,-2.5,-2.5,0.0,0.0,0.0,0.0,0.0,0,0,0,0,0.0,0.0,0.0,0.0,0.0,0.0,4756,7389,-2633,0.0,0.0,0.0,0.0,0.0,0.0,0.0,0.0,0,0.0,line_missing,0,0,0,0,0,0,0,0,TRK tick=229739 exp_id=83 t_ms=0 run=0 ts=14.000 kp=0.250 ki=0.000 kd=0.000 st=0.000 lt=0.000 rt=0.000 la=0.000 ra=0.000 lse=0.000 rse=0.000 lso=0.000 rso=0.000 lc=4756 rc=7389 cd=-2633 cde=0.000 cdo=0.000 lp=-2.500 lpr=-2.500 y=0.000 yr=0.000 el=0.000 er=0.000 ed=0.000 dl=0 dr=0 cl=0 cr=0 L=0 R=0 s1=0 s2=0 s3=0 s4=0 s5=0 s6=0 s7=0 s8=0 rx=348 txdrop=0
229937,83,0.0,0,14.0,0.0,0.0,0.0,0.25,0.0,0.0,-2.5,-2.5,0.0,0.0,0.0,0.0,0.0,0,0,0,0,0.0,0.0,0.0,0.0,0.0,0.0,4756,7389,-2633,0.0,0.0,0.0,0.0,0.0,0.0,0.0,0.0,0,0.0,line_missing,0,0,0,0,0,0,0,0,TRK tick=229937 exp_id=83 t_ms=0 run=0 ts=14.000 kp=0.250 ki=0.000 kd=0.000 st=0.000 lt=0.000 rt=0.000 la=0.000 ra=0.000 lse=0.000 rse=0.000 lso=0.000 rso=0.000 lc=4756 rc=7389 cd=-2633 cde=0.000 cdo=0.000 lp=-2.500 lpr=-2.500 y=0.000 yr=0.000 el=0.000 er=0.000 ed=0.000 dl=0 dr=0 cl=0 cr=0 L=0 R=0 s1=0 s2=0 s3=0 s4=0 s5=0 s6=0 s7=0 s8=0 rx=348 txdrop=0
230135,83,0.0,0,14.0,0.0,0.0,0.0,0.25,0.0,0.0,-2.5,-2.5,0.0,0.0,0.0,0.0,0.0,0,0,0,0,0.0,0.0,0.0,0.0,0.0,0.0,4756,7389,-2633,0.0,0.0,0.0,0.0,0.0,0.0,0.0,0.0,0,0.0,line_missing,0,0,0,0,0,0,0,0,TRK tick=230135 exp_id=83 t_ms=0 run=0 ts=14.000 kp=0.250 ki=0.000 kd=0.000 st=0.000 lt=0.000 rt=0.000 la=0.000 ra=0.000 lse=0.000 rse=0.000 lso=0.000 rso=0.000 lc=4756 rc=7389 cd=-2633 cde=0.000 cdo=0.000 lp=-2.500 lpr=-2.500 y=0.000 yr=0.000 el=0.000 er=0.000 ed=0.000 dl=0 dr=0 cl=0 cr=0 L=0 R=0 s1=0 s2=0 s3=0 s4=0 s5=0 s6=0 s7=0 s8=0 rx=348 txdrop=0
230333,83,0.0,0,14.0,0.0,0.0,0.0,0.25,0.0,0.0,-2.5,-2.5,0.0,0.0,0.0,0.0,0.0,0,0,0,0,0.0,0.0,0.0,0.0,0.0,0.0,4756,7389,-2633,0.0,0.0,0.0,0.0,0.0,0.0,0.0,0.0,0,0.0,line_missing,0,0,0,0,0,0,0,0,TRK tick=230333 exp_id=83 t_ms=0 run=0 ts=14.000 kp=0.250 ki=0.000 kd=0.000 st=0.000 lt=0.000 rt=0.000 la=0.000 ra=0.000 lse=0.000 rse=0.000 lso=0.000 rso=0.000 lc=4756 rc=7389 cd=-2633 cde=0.000 cdo=0.000 lp=-2.500 lpr=-2.500 y=0.000 yr=0.000 el=0.000 er=0.000 ed=0.000 dl=0 dr=0 cl=0 cr=0 L=0 R=0 s1=0 s2=0 s3=0 s4=0 s5=0 s6=0 s7=0 s8=0 rx=348 txdrop=0
230531,83,0.0,0,14.0,0.0,0.0,0.0,0.25,0.0,0.0,-2.5,-2.5,0.0,0.0,0.0,0.0,0.0,0,0,0,0,0.0,0.0,0.0,0.0,0.0,0.0,4756,7389,-2633,0.0,0.0,0.0,0.0,0.0,0.0,0.0,0.0,0,0.0,line_missing,0,0,0,0,0,0,0,0,TRK tick=230531 exp_id=83 t_ms=0 run=0 ts=14.000 kp=0.250 ki=0.000 kd=0.000 st=0.000 lt=0.000 rt=0.000 la=0.000 ra=0.000 lse=0.000 rse=0.000 lso=0.000 rso=0.000 lc=4756 rc=7389 cd=-2633 cde=0.000 cdo=0.000 lp=-2.500 lpr=-2.500 y=0.000 yr=0.000 el=0.000 er=0.000 ed=0.000 dl=0 dr=0 cl=0 cr=0 L=0 R=0 s1=0 s2=0 s3=0 s4=0 s5=0 s6=0 s7=0 s8=0 rx=348 txdrop=0
230728,83,0.0,0,14.0,0.0,0.0,0.0,0.25,0.0,0.0,-2.5,-2.5,0.0,0.0,0.0,0.0,0.0,0,0,0,0,0.0,0.0,0.0,0.0,0.0,0.0,4756,7389,-2633,0.0,0.0,0.0,0.0,0.0,0.0,0.0,0.0,0,0.0,line_missing,0,0,0,0,0,0,0,0,TRK tick=230728 exp_id=83 t_ms=0 run=0 ts=14.000 kp=0.250 ki=0.000 kd=0.000 st=0.000 lt=0.000 rt=0.000 la=0.000 ra=0.000 lse=0.000 rse=0.000 lso=0.000 rso=0.000 lc=4756 rc=7389 cd=-2633 cde=0.000 cdo=0.000 lp=-2.500 lpr=-2.500 y=0.000 yr=0.000 el=0.000 er=0.000 ed=0.000 dl=0 dr=0 cl=0 cr=0 L=0 R=0 s1=0 s2=0 s3=0 s4=0 s5=0 s6=0 s7=0 s8=0 rx=348 txdrop=0
230926,83,0.0,0,14.0,0.0,0.0,0.0,0.25,0.0,0.0,-2.5,-2.5,0.0,0.0,0.0,0.0,0.0,0,0,0,0,0.0,0.0,0.0,0.0,0.0,0.0,4756,7389,-2633,0.0,0.0,0.0,0.0,0.0,72.0,0.0,0.0,0,0.0,line_missing,0,0,0,0,0,0,0,0,STAT tick=230926 exp_id=83 t_ms=0 run=0 ts=14.000000 skp=10.000000 ski=0.250000 skd=0.000000 kp=0.250000 ki=0.000000 kd=0.000000 st=0.000000 lt=0.000000 rt=0.000000 la=0.000000 ra=0.000000 lse=0.000000 rse=0.000000 lso=0.000000 rso=0.000000 lc=4756 rc=7389 cd=-2633 cde=0.000000 cdi=0.000000 cdo=0.000000 lp=-2.500000 lpr=-2.500000 le=0.000000 li=0.000000 lout=0.000000 diff=0.000000 y=0.000000 yr=0.000000 el=0.000 er=0.000 ed=0.000 dl=0 dr=0 cl=0 cr=0 L=0 R=0 pwm_max=72 miss=0 lost=0 s1=0 s2=0 s3=0 s4=0 s5=0 s6=0 s7=0 s8=0 rx=354 txdrop=0
230928,83,0.0,0,14.0,0.0,0.0,0.0,0.25,0.0,0.0,-2.5,-2.5,0.0,0.0,0.0,0.0,0.0,0,0,0,0,0.0,0.0,0.0,0.0,0.0,0.0,4756,7389,-2633,0.0,0.0,0.0,0.0,0.0,0.0,0.0,0.0,0,0.0,line_missing,0,0,0,0,0,0,0,0,TRK tick=230928 exp_id=83 t_ms=0 run=0 ts=14.000 kp=0.250 ki=0.000 kd=0.000 st=0.000 lt=0.000 rt=0.000 la=0.000 ra=0.000 lse=0.000 rse=0.000 lso=0.000 rso=0.000 lc=4756 rc=7389 cd=-2633 cde=0.000 cdo=0.000 lp=-2.500 lpr=-2.500 y=0.000 yr=0.000 el=0.000 er=0.000 ed=0.000 dl=0 dr=0 cl=0 cr=0 L=0 R=0 s1=0 s2=0 s3=0 s4=0 s5=0 s6=0 s7=0 s8=0 rx=354 txdrop=0
231127,83,0.0,0,14.0,0.0,0.0,0.0,0.25,0.0,0.0,-2.5,-2.5,0.0,0.0,0.0,0.0,0.0,0,0,0,0,0.0,0.0,0.0,0.0,0.0,0.0,4756,7389,-2633,0.0,0.0,0.0,0.0,0.0,0.0,0.0,0.0,0,0.0,line_missing,0,0,0,0,0,0,0,0,TRK tick=231127 exp_id=83 t_ms=0 run=0 ts=14.000 kp=0.250 ki=0.000 kd=0.000 st=0.000 lt=0.000 rt=0.000 la=0.000 ra=0.000 lse=0.000 rse=0.000 lso=0.000 rso=0.000 lc=4756 rc=7389 cd=-2633 cde=0.000 cdo=0.000 lp=-2.500 lpr=-2.500 y=0.000 yr=0.000 el=0.000 er=0.000 ed=0.000 dl=0 dr=0 cl=0 cr=0 L=0 R=0 s1=0 s2=0 s3=0 s4=0 s5=0 s6=0 s7=0 s8=0 rx=354 txdrop=0
231325,83,0.0,0,14.0,0.0,0.0,0.0,0.25,0.0,0.0,-2.5,-2.5,0.0,0.0,0.0,0.0,0.0,0,0,0,0,0.0,0.0,0.0,0.0,0.0,0.0,4756,7389,-2633,0.0,0.0,0.0,0.0,0.0,0.0,0.0,0.0,0,0.0,line_missing,0,0,0,0,0,0,0,0,TRK tick=231325 exp_id=83 t_ms=0 run=0 ts=14.000 kp=0.250 ki=0.000 kd=0.000 st=0.000 lt=0.000 rt=0.000 la=0.000 ra=0.000 lse=0.000 rse=0.000 lso=0.000 rso=0.000 lc=4756 rc=7389 cd=-2633 cde=0.000 cdo=0.000 lp=-2.500 lpr=-2.500 y=0.000 yr=0.000 el=0.000 er=0.000 ed=0.000 dl=0 dr=0 cl=0 cr=0 L=0 R=0 s1=0 s2=0 s3=0 s4=0 s5=0 s6=0 s7=0 s8=0 rx=354 txdrop=0
231523,83,0.0,0,14.0,0.0,0.0,0.0,0.25,0.0,0.0,-2.5,-2.5,0.0,0.0,0.0,0.0,0.0,0,0,0,0,0.0,0.0,0.0,0.0,0.0,0.0,4756,7389,-2633,0.0,0.0,0.0,0.0,0.0,0.0,0.0,0.0,0,0.0,line_missing,0,0,0,0,0,0,0,0,TRK tick=231523 exp_id=83 t_ms=0 run=0 ts=14.000 kp=0.250 ki=0.000 kd=0.000 st=0.000 lt=0.000 rt=0.000 la=0.000 ra=0.000 lse=0.000 rse=0.000 lso=0.000 rso=0.000 lc=4756 rc=7389 cd=-2633 cde=0.000 cdo=0.000 lp=-2.500 lpr=-2.500 y=0.000 yr=0.000 el=0.000 er=0.000 ed=0.000 dl=0 dr=0 cl=0 cr=0 L=0 R=0 s1=0 s2=0 s3=0 s4=0 s5=0 s6=0 s7=0 s8=0 rx=354 txdrop=0
231721,83,0.0,0,14.0,0.0,0.0,0.0,0.25,0.0,0.0,-2.5,-2.5,0.0,0.0,0.0,0.0,0.0,0,0,0,0,0.0,0.0,0.0,0.0,0.0,0.0,4756,7389,-2633,0.0,0.0,0.0,0.0,0.0,0.0,0.0,0.0,0,0.0,line_missing,0,0,0,0,0,0,0,0,TRK tick=231721 exp_id=83 t_ms=0 run=0 ts=14.000 kp=0.250 ki=0.000 kd=0.000 st=0.000 lt=0.000 rt=0.000 la=0.000 ra=0.000 lse=0.000 rse=0.000 lso=0.000 rso=0.000 lc=4756 rc=7389 cd=-2633 cde=0.000 cdo=0.000 lp=-2.500 lpr=-2.500 y=0.000 yr=0.000 el=0.000 er=0.000 ed=0.000 dl=0 dr=0 cl=0 cr=0 L=0 R=0 s1=0 s2=0 s3=0 s4=0 s5=0 s6=0 s7=0 s8=0 rx=354 txdrop=0
231919,83,0.0,0,14.0,0.0,0.0,0.0,0.25,0.0,0.0,-2.5,-2.5,0.0,0.0,0.0,0.0,0.0,0,0,0,0,0.0,0.0,0.0,0.0,0.0,0.0,4756,7389,-2633,0.0,0.0,0.0,0.0,0.0,0.0,0.0,0.0,0,0.0,line_missing,0,0,0,0,0,0,0,0,TRK tick=231919 exp_id=83 t_ms=0 run=0 ts=14.000 kp=0.250 ki=0.000 kd=0.000 st=0.000 lt=0.000 rt=0.000 la=0.000 ra=0.000 lse=0.000 rse=0.000 lso=0.000 rso=0.000 lc=4756 rc=7389 cd=-2633 cde=0.000 cdo=0.000 lp=-2.500 lpr=-2.500 y=0.000 yr=0.000 el=0.000 er=0.000 ed=0.000 dl=0 dr=0 cl=0 cr=0 L=0 R=0 s1=0 s2=0 s3=0 s4=0 s5=0 s6=0 s7=0 s8=0 rx=354 txdrop=0
232116,83,0.0,0,14.0,0.0,0.0,0.0,0.25,0.0,0.0,-2.5,-2.5,0.0,0.0,0.0,0.0,0.0,0,0,0,0,0.0,0.0,0.0,0.0,0.0,0.0,4756,7389,-2633,0.0,0.0,0.0,0.0,0.0,0.0,0.0,0.0,0,0.0,line_missing,0,0,0,0,0,0,0,0,TRK tick=232116 exp_id=83 t_ms=0 run=0 ts=14.000 kp=0.250 ki=0.000 kd=0.000 st=0.000 lt=0.000 rt=0.000 la=0.000 ra=0.000 lse=0.000 rse=0.000 lso=0.000 rso=0.000 lc=4756 rc=7389 cd=-2633 cde=0.000 cdo=0.000 lp=-2.500 lpr=-2.500 y=0.000 yr=0.000 el=0.000 er=0.000 ed=0.000 dl=0 dr=0 cl=0 cr=0 L=0 R=0 s1=0 s2=0 s3=0 s4=0 s5=0 s6=0 s7=0 s8=0 rx=354 txdrop=0
232314,83,0.0,0,14.0,0.0,0.0,0.0,0.25,0.0,0.0,-2.5,-2.5,0.0,0.0,0.0,0.0,0.0,0,0,0,0,0.0,0.0,0.0,0.0,0.0,0.0,4756,7389,-2633,0.0,0.0,0.0,0.0,0.0,0.0,0.0,0.0,0,0.0,line_missing,0,0,0,0,0,0,0,0,TRK tick=232314 exp_id=83 t_ms=0 run=0 ts=14.000 kp=0.250 ki=0.000 kd=0.000 st=0.000 lt=0.000 rt=0.000 la=0.000 ra=0.000 lse=0.000 rse=0.000 lso=0.000 rso=0.000 lc=4756 rc=7389 cd=-2633 cde=0.000 cdo=0.000 lp=-2.500 lpr=-2.500 y=0.000 yr=0.000 el=0.000 er=0.000 ed=0.000 dl=0 dr=0 cl=0 cr=0 L=0 R=0 s1=0 s2=0 s3=0 s4=0 s5=0 s6=0 s7=0 s8=0 rx=354 txdrop=0
232512,83,0.0,0,14.0,0.0,0.0,0.0,0.25,0.0,0.0,-2.5,-2.5,0.0,0.0,0.0,0.0,0.0,0,0,0,0,0.0,0.0,0.0,0.0,0.0,0.0,4756,7389,-2633,0.0,0.0,0.0,0.0,0.0,0.0,0.0,0.0,0,0.0,line_missing,0,0,0,0,0,0,0,0,TRK tick=232512 exp_id=83 t_ms=0 run=0 ts=14.000 kp=0.250 ki=0.000 kd=0.000 st=0.000 lt=0.000 rt=0.000 la=0.000 ra=0.000 lse=0.000 rse=0.000 lso=0.000 rso=0.000 lc=4756 rc=7389 cd=-2633 cde=0.000 cdo=0.000 lp=-2.500 lpr=-2.500 y=0.000 yr=0.000 el=0.000 er=0.000 ed=0.000 dl=0 dr=0 cl=0 cr=0 L=0 R=0 s1=0 s2=0 s3=0 s4=0 s5=0 s6=0 s7=0 s8=0 rx=354 txdrop=0
232710,83,0.0,0,14.0,0.0,0.0,0.0,0.25,0.0,0.0,-2.5,-2.5,0.0,0.0,0.0,0.0,0.0,0,0,0,0,0.0,0.0,0.0,0.0,0.0,0.0,4756,7389,-2633,0.0,0.0,0.0,0.0,0.0,0.0,0.0,0.0,0,0.0,line_missing,0,0,0,0,0,0,0,0,TRK tick=232710 exp_id=83 t_ms=0 run=0 ts=14.000 kp=0.250 ki=0.000 kd=0.000 st=0.000 lt=0.000 rt=0.000 la=0.000 ra=0.000 lse=0.000 rse=0.000 lso=0.000 rso=0.000 lc=4756 rc=7389 cd=-2633 cde=0.000 cdo=0.000 lp=-2.500 lpr=-2.500 y=0.000 yr=0.000 el=0.000 er=0.000 ed=0.000 dl=0 dr=0 cl=0 cr=0 L=0 R=0 s1=0 s2=0 s3=0 s4=0 s5=0 s6=0 s7=0 s8=0 rx=354 txdrop=0
232908,83,0.0,0,14.0,0.0,0.0,0.0,0.25,0.0,0.0,-2.5,-2.5,0.0,0.0,0.0,0.0,0.0,0,0,0,0,0.0,0.0,0.0,0.0,0.0,0.0,4756,7389,-2633,0.0,0.0,0.0,0.0,0.0,0.0,0.0,0.0,0,0.0,line_missing,0,0,0,0,0,0,0,0,TRK tick=232908 exp_id=83 t_ms=0 run=0 ts=14.000 kp=0.250 ki=0.000 kd=0.000 st=0.000 lt=0.000 rt=0.000 la=0.000 ra=0.000 lse=0.000 rse=0.000 lso=0.000 rso=0.000 lc=4756 rc=7389 cd=-2633 cde=0.000 cdo=0.000 lp=-2.500 lpr=-2.500 y=0.000 yr=0.000 el=0.000 er=0.000 ed=0.000 dl=0 dr=0 cl=0 cr=0 L=0 R=0 s1=0 s2=0 s3=0 s4=0 s5=0 s6=0 s7=0 s8=0 rx=354 txdrop=0
233105,83,0.0,0,14.0,0.0,0.0,0.0,0.25,0.0,0.0,-2.5,-2.5,0.0,0.0,0.0,0.0,0.0,0,0,0,0,0.0,0.0,0.0,0.0,0.0,0.0,4756,7389,-2633,0.0,0.0,0.0,0.0,0.0,0.0,0.0,0.0,0,0.0,line_missing,0,0,0,0,0,0,0,0,TRK tick=233105 exp_id=83 t_ms=0 run=0 ts=14.000 kp=0.250 ki=0.000 kd=0.000 st=0.000 lt=0.000 rt=0.000 la=0.000 ra=0.000 lse=0.000 rse=0.000 lso=0.000 rso=0.000 lc=4756 rc=7389 cd=-2633 cde=0.000 cdo=0.000 lp=-2.500 lpr=-2.500 y=0.000 yr=0.000 el=0.000 er=0.000 ed=0.000 dl=0 dr=0 cl=0 cr=0 L=0 R=0 s1=0 s2=0 s3=0 s4=0 s5=0 s6=0 s7=0 s8=0 rx=354 txdrop=0
233303,83,0.0,0,14.0,0.0,0.0,0.0,0.25,0.0,0.0,-2.5,-2.5,0.0,0.0,0.0,0.0,0.0,0,0,0,0,0.0,0.0,0.0,0.0,0.0,0.0,4756,7389,-2633,0.0,0.0,0.0,0.0,0.0,0.0,0.0,0.0,0,0.0,line_missing,0,0,0,0,0,0,0,0,TRK tick=233303 exp_id=83 t_ms=0 run=0 ts=14.000 kp=0.250 ki=0.000 kd=0.000 st=0.000 lt=0.000 rt=0.000 la=0.000 ra=0.000 lse=0.000 rse=0.000 lso=0.000 rso=0.000 lc=4756 rc=7389 cd=-2633 cde=0.000 cdo=0.000 lp=-2.500 lpr=-2.500 y=0.000 yr=0.000 el=0.000 er=0.000 ed=0.000 dl=0 dr=0 cl=0 cr=0 L=0 R=0 s1=0 s2=0 s3=0 s4=0 s5=0 s6=0 s7=0 s8=0 rx=354 txdrop=0
233501,83,0.0,0,14.0,0.0,0.0,0.0,0.25,0.0,0.0,-2.5,-2.5,0.0,0.0,0.0,0.0,0.0,0,0,0,0,0.0,0.0,0.0,0.0,0.0,0.0,4756,7389,-2633,0.0,0.0,0.0,0.0,0.0,0.0,0.0,0.0,0,0.0,line_missing,0,0,0,0,0,0,0,0,TRK tick=233501 exp_id=83 t_ms=0 run=0 ts=14.000 kp=0.250 ki=0.000 kd=0.000 st=0.000 lt=0.000 rt=0.000 la=0.000 ra=0.000 lse=0.000 rse=0.000 lso=0.000 rso=0.000 lc=4756 rc=7389 cd=-2633 cde=0.000 cdo=0.000 lp=-2.500 lpr=-2.500 y=0.000 yr=0.000 el=0.000 er=0.000 ed=0.000 dl=0 dr=0 cl=0 cr=0 L=0 R=0 s1=0 s2=0 s3=0 s4=0 s5=0 s6=0 s7=0 s8=0 rx=354 txdrop=0
233699,83,0.0,0,14.0,0.0,0.0,0.0,0.25,0.0,0.0,-2.5,-2.5,0.0,0.0,0.0,0.0,0.0,0,0,0,0,0.0,0.0,0.0,0.0,0.0,0.0,4756,7389,-2633,0.0,0.0,0.0,0.0,0.0,0.0,0.0,0.0,0,0.0,line_missing,0,0,0,0,0,0,0,0,TRK tick=233699 exp_id=83 t_ms=0 run=0 ts=14.000 kp=0.250 ki=0.000 kd=0.000 st=0.000 lt=0.000 rt=0.000 la=0.000 ra=0.000 lse=0.000 rse=0.000 lso=0.000 rso=0.000 lc=4756 rc=7389 cd=-2633 cde=0.000 cdo=0.000 lp=-2.500 lpr=-2.500 y=0.000 yr=0.000 el=0.000 er=0.000 ed=0.000 dl=0 dr=0 cl=0 cr=0 L=0 R=0 s1=0 s2=0 s3=0 s4=0 s5=0 s6=0 s7=0 s8=0 rx=354 txdrop=0
233897,83,0.0,0,14.0,0.0,0.0,0.0,0.25,0.0,0.0,-2.5,-2.5,0.0,0.0,0.0,0.0,0.0,0,0,0,0,0.0,0.0,0.0,0.0,0.0,0.0,4756,7389,-2633,0.0,0.0,0.0,0.0,0.0,0.0,0.0,0.0,0,0.0,line_missing,0,0,0,0,0,0,0,0,TRK tick=233897 exp_id=83 t_ms=0 run=0 ts=14.000 kp=0.250 ki=0.000 kd=0.000 st=0.000 lt=0.000 rt=0.000 la=0.000 ra=0.000 lse=0.000 rse=0.000 lso=0.000 rso=0.000 lc=4756 rc=7389 cd=-2633 cde=0.000 cdo=0.000 lp=-2.500 lpr=-2.500 y=0.000 yr=0.000 el=0.000 er=0.000 ed=0.000 dl=0 dr=0 cl=0 cr=0 L=0 R=0 s1=0 s2=0 s3=0 s4=0 s5=0 s6=0 s7=0 s8=0 rx=354 txdrop=0
234094,83,0.0,0,14.0,0.0,0.0,0.0,0.25,0.0,0.0,-2.5,-2.5,0.0,0.0,0.0,0.0,0.0,0,0,0,0,0.0,0.0,0.0,0.0,0.0,0.0,4756,7389,-2633,0.0,0.0,0.0,0.0,0.0,0.0,0.0,0.0,0,0.0,line_missing,0,0,0,0,0,0,0,0,TRK tick=234094 exp_id=83 t_ms=0 run=0 ts=14.000 kp=0.250 ki=0.000 kd=0.000 st=0.000 lt=0.000 rt=0.000 la=0.000 ra=0.000 lse=0.000 rse=0.000 lso=0.000 rso=0.000 lc=4756 rc=7389 cd=-2633 cde=0.000 cdo=0.000 lp=-2.500 lpr=-2.500 y=0.000 yr=0.000 el=0.000 er=0.000 ed=0.000 dl=0 dr=0 cl=0 cr=0 L=0 R=0 s1=0 s2=0 s3=0 s4=0 s5=0 s6=0 s7=0 s8=0 rx=354 txdrop=0
234292,83,0.0,0,14.0,0.0,0.0,0.0,0.25,0.0,0.0,-2.5,-2.5,0.0,0.0,0.0,0.0,0.0,0,0,0,0,0.0,0.0,0.0,0.0,0.0,0.0,4756,7389,-2633,0.0,0.0,0.0,0.0,0.0,0.0,0.0,0.0,0,0.0,line_missing,0,0,0,0,0,0,0,0,TRK tick=234292 exp_id=83 t_ms=0 run=0 ts=14.000 kp=0.250 ki=0.000 kd=0.000 st=0.000 lt=0.000 rt=0.000 la=0.000 ra=0.000 lse=0.000 rse=0.000 lso=0.000 rso=0.000 lc=4756 rc=7389 cd=-2633 cde=0.000 cdo=0.000 lp=-2.500 lpr=-2.500 y=0.000 yr=0.000 el=0.000 er=0.000 ed=0.000 dl=0 dr=0 cl=0 cr=0 L=0 R=0 s1=0 s2=0 s3=0 s4=0 s5=0 s6=0 s7=0 s8=0 rx=354 txdrop=0
234688,83,0.0,0,14.0,0.0,0.0,0.0,0.25,0.0,0.0,-2.5,-2.5,0.0,0.0,0.0,0.0,0.0,0,0,0,0,0.0,0.0,0.0,0.0,0.0,0.0,4756,7389,-2633,0.0,0.0,0.0,0.0,0.0,72.0,0.0,0.0,0,0.0,line_missing,0,0,0,0,0,0,0,0,STAT tick=234688 exp_id=83 t_ms=0 run=0 ts=14.000000 skp=10.000000 ski=0.250000 skd=0.000000 kp=0.250000 ki=0.000000 kd=0.000000 st=0.000000 lt=0.000000 rt=0.000000 la=0.000000 ra=0.000000 lse=0.000000 rse=0.000000 lso=0.000000 rso=0.000000 lc=4756 rc=7389 cd=-2633 cde=0.000000 cdi=0.000000 cdo=0.000000 lp=-2.500000 lpr=-2.500000 le=0.000000 li=0.000000 lout=0.000000 diff=0.000000 y=0.000000 yr=0.000000 el=0.000 er=0.000 ed=0.000 dl=0 dr=0 cl=0 cr=0 L=0 R=0 pwm_max=72 miss=0 lost=0 s1=0 s2=0 s3=0 s4=0 s5=0 s6=0 s7=0 s8=0 rx=360 txdrop=0
234690,83,0.0,0,14.0,0.0,0.0,0.0,0.25,0.0,0.0,-2.5,-2.5,0.0,0.0,0.0,0.0,0.0,0,0,0,0,0.0,0.0,0.0,0.0,0.0,0.0,4756,7389,-2633,0.0,0.0,0.0,0.0,0.0,0.0,0.0,0.0,0,0.0,line_missing,0,0,0,0,0,0,0,0,TRK tick=234690 exp_id=83 t_ms=0 run=0 ts=14.000 kp=0.250 ki=0.000 kd=0.000 st=0.000 lt=0.000 rt=0.000 la=0.000 ra=0.000 lse=0.000 rse=0.000 lso=0.000 rso=0.000 lc=4756 rc=7389 cd=-2633 cde=0.000 cdo=0.000 lp=-2.500 lpr=-2.500 y=0.000 yr=0.000 el=0.000 er=0.000 ed=0.000 dl=0 dr=0 cl=0 cr=0 L=0 R=0 s1=0 s2=0 s3=0 s4=0 s5=0 s6=0 s7=0 s8=0 rx=360 txdrop=0
234889,83,0.0,0,14.0,0.0,0.0,0.0,0.25,0.0,0.0,-2.5,-2.5,0.0,0.0,0.0,0.0,0.0,0,0,0,0,0.0,0.0,0.0,0.0,0.0,0.0,4756,7389,-2633,0.0,0.0,0.0,0.0,0.0,0.0,0.0,0.0,0,0.0,line_missing,0,0,0,0,0,0,0,0,TRK tick=234889 exp_id=83 t_ms=0 run=0 ts=14.000 kp=0.250 ki=0.000 kd=0.000 st=0.000 lt=0.000 rt=0.000 la=0.000 ra=0.000 lse=0.000 rse=0.000 lso=0.000 rso=0.000 lc=4756 rc=7389 cd=-2633 cde=0.000 cdo=0.000 lp=-2.500 lpr=-2.500 y=0.000 yr=0.000 el=0.000 er=0.000 ed=0.000 dl=0 dr=0 cl=0 cr=0 L=0 R=0 s1=0 s2=0 s3=0 s4=0 s5=0 s6=0 s7=0 s8=0 rx=360 txdrop=0
235087,83,0.0,0,14.0,0.0,0.0,0.0,0.25,0.0,0.0,-2.5,-2.5,0.0,0.0,0.0,0.0,0.0,0,0,0,0,0.0,0.0,0.0,0.0,0.0,0.0,4756,7389,-2633,0.0,0.0,0.0,0.0,0.0,0.0,0.0,0.0,0,0.0,line_missing,0,0,0,0,0,0,0,0,TRK tick=235087 exp_id=83 t_ms=0 run=0 ts=14.000 kp=0.250 ki=0.000 kd=0.000 st=0.000 lt=0.000 rt=0.000 la=0.000 ra=0.000 lse=0.000 rse=0.000 lso=0.000 rso=0.000 lc=4756 rc=7389 cd=-2633 cde=0.000 cdo=0.000 lp=-2.500 lpr=-2.500 y=0.000 yr=0.000 el=0.000 er=0.000 ed=0.000 dl=0 dr=0 cl=0 cr=0 L=0 R=0 s1=0 s2=0 s3=0 s4=0 s5=0 s6=0 s7=0 s8=0 rx=360 txdrop=0
235284,83,0.0,0,14.0,0.0,0.0,0.0,0.25,0.0,0.0,-2.5,-2.5,0.0,0.0,0.0,0.0,0.0,0,0,0,0,0.0,0.0,0.0,0.0,0.0,0.0,4756,7389,-2633,0.0,0.0,0.0,0.0,0.0,0.0,0.0,0.0,0,0.0,line_missing,0,0,0,0,0,0,0,0,TRK tick=235284 exp_id=83 t_ms=0 run=0 ts=14.000 kp=0.250 ki=0.000 kd=0.000 st=0.000 lt=0.000 rt=0.000 la=0.000 ra=0.000 lse=0.000 rse=0.000 lso=0.000 rso=0.000 lc=4756 rc=7389 cd=-2633 cde=0.000 cdo=0.000 lp=-2.500 lpr=-2.500 y=0.000 yr=0.000 el=0.000 er=0.000 ed=0.000 dl=0 dr=0 cl=0 cr=0 L=0 R=0 s1=0 s2=0 s3=0 s4=0 s5=0 s6=0 s7=0 s8=0 rx=360 txdrop=0
235482,83,0.0,0,14.0,0.0,0.0,0.0,0.25,0.0,0.0,-2.5,-2.5,0.0,0.0,0.0,0.0,0.0,0,0,0,0,0.0,0.0,0.0,0.0,0.0,0.0,4756,7389,-2633,0.0,0.0,0.0,0.0,0.0,0.0,0.0,0.0,0,0.0,line_missing,0,0,0,0,0,0,0,0,TRK tick=235482 exp_id=83 t_ms=0 run=0 ts=14.000 kp=0.250 ki=0.000 kd=0.000 st=0.000 lt=0.000 rt=0.000 la=0.000 ra=0.000 lse=0.000 rse=0.000 lso=0.000 rso=0.000 lc=4756 rc=7389 cd=-2633 cde=0.000 cdo=0.000 lp=-2.500 lpr=-2.500 y=0.000 yr=0.000 el=0.000 er=0.000 ed=0.000 dl=0 dr=0 cl=0 cr=0 L=0 R=0 s1=0 s2=0 s3=0 s4=0 s5=0 s6=0 s7=0 s8=0 rx=360 txdrop=0
235680,83,0.0,0,14.0,0.0,0.0,0.0,0.25,0.0,0.0,-2.5,-2.5,0.0,0.0,0.0,0.0,0.0,0,0,0,0,0.0,0.0,0.0,0.0,0.0,0.0,4756,7389,-2633,0.0,0.0,0.0,0.0,0.0,0.0,0.0,0.0,0,0.0,line_missing,0,0,0,0,0,0,0,0,TRK tick=235680 exp_id=83 t_ms=0 run=0 ts=14.000 kp=0.250 ki=0.000 kd=0.000 st=0.000 lt=0.000 rt=0.000 la=0.000 ra=0.000 lse=0.000 rse=0.000 lso=0.000 rso=0.000 lc=4756 rc=7389 cd=-2633 cde=0.000 cdo=0.000 lp=-2.500 lpr=-2.500 y=0.000 yr=0.000 el=0.000 er=0.000 ed=0.000 dl=0 dr=0 cl=0 cr=0 L=0 R=0 s1=0 s2=0 s3=0 s4=0 s5=0 s6=0 s7=0 s8=0 rx=360 txdrop=0
235878,83,0.0,0,14.0,0.0,0.0,0.0,0.25,0.0,0.0,-2.5,-2.5,0.0,0.0,0.0,0.0,0.0,0,0,0,0,0.0,0.0,0.0,0.0,0.0,0.0,4756,7389,-2633,0.0,0.0,0.0,0.0,0.0,0.0,0.0,0.0,0,0.0,line_missing,0,0,0,0,0,0,0,0,TRK tick=235878 exp_id=83 t_ms=0 run=0 ts=14.000 kp=0.250 ki=0.000 kd=0.000 st=0.000 lt=0.000 rt=0.000 la=0.000 ra=0.000 lse=0.000 rse=0.000 lso=0.000 rso=0.000 lc=4756 rc=7389 cd=-2633 cde=0.000 cdo=0.000 lp=-2.500 lpr=-2.500 y=0.000 yr=0.000 el=0.000 er=0.000 ed=0.000 dl=0 dr=0 cl=0 cr=0 L=0 R=0 s1=0 s2=0 s3=0 s4=0 s5=0 s6=0 s7=0 s8=0 rx=360 txdrop=0
236076,83,0.0,0,14.0,0.0,0.0,0.0,0.25,0.0,0.0,-2.5,-2.5,0.0,0.0,0.0,0.0,0.0,0,0,0,0,0.0,0.0,0.0,0.0,0.0,0.0,4756,7389,-2633,0.0,0.0,0.0,0.0,0.0,0.0,0.0,0.0,0,0.0,line_missing,0,0,0,0,0,0,0,0,TRK tick=236076 exp_id=83 t_ms=0 run=0 ts=14.000 kp=0.250 ki=0.000 kd=0.000 st=0.000 lt=0.000 rt=0.000 la=0.000 ra=0.000 lse=0.000 rse=0.000 lso=0.000 rso=0.000 lc=4756 rc=7389 cd=-2633 cde=0.000 cdo=0.000 lp=-2.500 lpr=-2.500 y=0.000 yr=0.000 el=0.000 er=0.000 ed=0.000 dl=0 dr=0 cl=0 cr=0 L=0 R=0 s1=0 s2=0 s3=0 s4=0 s5=0 s6=0 s7=0 s8=0 rx=360 txdrop=0
236273,83,0.0,0,14.0,0.0,0.0,0.0,0.25,0.0,0.0,-2.5,-2.5,0.0,0.0,0.0,0.0,0.0,0,0,0,0,0.0,0.0,0.0,0.0,0.0,0.0,4756,7389,-2633,0.0,0.0,0.0,0.0,0.0,0.0,0.0,0.0,0,0.0,line_missing,0,0,0,0,0,0,0,0,TRK tick=236273 exp_id=83 t_ms=0 run=0 ts=14.000 kp=0.250 ki=0.000 kd=0.000 st=0.000 lt=0.000 rt=0.000 la=0.000 ra=0.000 lse=0.000 rse=0.000 lso=0.000 rso=0.000 lc=4756 rc=7389 cd=-2633 cde=0.000 cdo=0.000 lp=-2.500 lpr=-2.500 y=0.000 yr=0.000 el=0.000 er=0.000 ed=0.000 dl=0 dr=0 cl=0 cr=0 L=0 R=0 s1=0 s2=0 s3=0 s4=0 s5=0 s6=0 s7=0 s8=0 rx=360 txdrop=0
236471,83,0.0,0,14.0,0.0,0.0,0.0,0.25,0.0,0.0,-2.5,-2.5,0.0,0.0,0.0,0.0,0.0,0,0,0,0,0.0,0.0,0.0,0.0,0.0,0.0,4756,7389,-2633,0.0,0.0,0.0,0.0,0.0,0.0,0.0,0.0,0,0.0,line_missing,0,0,0,0,0,0,0,0,TRK tick=236471 exp_id=83 t_ms=0 run=0 ts=14.000 kp=0.250 ki=0.000 kd=0.000 st=0.000 lt=0.000 rt=0.000 la=0.000 ra=0.000 lse=0.000 rse=0.000 lso=0.000 rso=0.000 lc=4756 rc=7389 cd=-2633 cde=0.000 cdo=0.000 lp=-2.500 lpr=-2.500 y=0.000 yr=0.000 el=0.000 er=0.000 ed=0.000 dl=0 dr=0 cl=0 cr=0 L=0 R=0 s1=0 s2=0 s3=0 s4=0 s5=0 s6=0 s7=0 s8=0 rx=360 txdrop=0
236669,83,0.0,0,14.0,0.0,0.0,0.0,0.25,0.0,0.0,-2.5,-2.5,0.0,0.0,0.0,0.0,0.0,0,0,0,0,0.0,0.0,0.0,0.0,0.0,0.0,4756,7389,-2633,0.0,0.0,0.0,0.0,0.0,0.0,0.0,0.0,0,0.0,line_missing,0,0,0,0,0,0,0,0,TRK tick=236669 exp_id=83 t_ms=0 run=0 ts=14.000 kp=0.250 ki=0.000 kd=0.000 st=0.000 lt=0.000 rt=0.000 la=0.000 ra=0.000 lse=0.000 rse=0.000 lso=0.000 rso=0.000 lc=4756 rc=7389 cd=-2633 cde=0.000 cdo=0.000 lp=-2.500 lpr=-2.500 y=0.000 yr=0.000 el=0.000 er=0.000 ed=0.000 dl=0 dr=0 cl=0 cr=0 L=0 R=0 s1=0 s2=0 s3=0 s4=0 s5=0 s6=0 s7=0 s8=0 rx=360 txdrop=0
236867,83,0.0,0,14.0,0.0,0.0,0.0,0.25,0.0,0.0,-2.5,-2.5,0.0,0.0,0.0,0.0,0.0,0,0,0,0,0.0,0.0,0.0,0.0,0.0,0.0,4756,7389,-2633,0.0,0.0,0.0,0.0,0.0,0.0,0.0,0.0,0,0.0,line_missing,0,0,0,0,0,0,0,0,TRK tick=236867 exp_id=83 t_ms=0 run=0 ts=14.000 kp=0.250 ki=0.000 kd=0.000 st=0.000 lt=0.000 rt=0.000 la=0.000 ra=0.000 lse=0.000 rse=0.000 lso=0.000 rso=0.000 lc=4756 rc=7389 cd=-2633 cde=0.000 cdo=0.000 lp=-2.500 lpr=-2.500 y=0.000 yr=0.000 el=0.000 er=0.000 ed=0.000 dl=0 dr=0 cl=0 cr=0 L=0 R=0 s1=0 s2=0 s3=0 s4=0 s5=0 s6=0 s7=0 s8=0 rx=360 txdrop=0
237065,83,0.0,0,14.0,0.0,0.0,0.0,0.25,0.0,0.0,-2.5,-2.5,0.0,0.0,0.0,0.0,0.0,0,0,0,0,0.0,0.0,0.0,0.0,0.0,0.0,4756,7389,-2633,0.0,0.0,0.0,0.0,0.0,0.0,0.0,0.0,0,0.0,line_missing,0,0,0,0,0,0,0,0,TRK tick=237065 exp_id=83 t_ms=0 run=0 ts=14.000 kp=0.250 ki=0.000 kd=0.000 st=0.000 lt=0.000 rt=0.000 la=0.000 ra=0.000 lse=0.000 rse=0.000 lso=0.000 rso=0.000 lc=4756 rc=7389 cd=-2633 cde=0.000 cdo=0.000 lp=-2.500 lpr=-2.500 y=0.000 yr=0.000 el=0.000 er=0.000 ed=0.000 dl=0 dr=0 cl=0 cr=0 L=0 R=0 s1=0 s2=0 s3=0 s4=0 s5=0 s6=0 s7=0 s8=0 rx=360 txdrop=0
237262,83,0.0,0,14.0,0.0,0.0,0.0,0.25,0.0,0.0,-2.5,-2.5,0.0,0.0,0.0,0.0,0.0,0,0,0,0,0.0,0.0,0.0,0.0,0.0,0.0,4756,7389,-2633,0.0,0.0,0.0,0.0,0.0,0.0,0.0,0.0,0,0.0,line_missing,0,0,0,0,0,0,0,0,TRK tick=237262 exp_id=83 t_ms=0 run=0 ts=14.000 kp=0.250 ki=0.000 kd=0.000 st=0.000 lt=0.000 rt=0.000 la=0.000 ra=0.000 lse=0.000 rse=0.000 lso=0.000 rso=0.000 lc=4756 rc=7389 cd=-2633 cde=0.000 cdo=0.000 lp=-2.500 lpr=-2.500 y=0.000 yr=0.000 el=0.000 er=0.000 ed=0.000 dl=0 dr=0 cl=0 cr=0 L=0 R=0 s1=0 s2=0 s3=0 s4=0 s5=0 s6=0 s7=0 s8=0 rx=360 txdrop=0
237460,83,0.0,0,14.0,0.0,0.0,0.0,0.25,0.0,0.0,-2.5,-2.5,0.0,0.0,0.0,0.0,0.0,0,0,0,0,0.0,0.0,0.0,0.0,0.0,0.0,4756,7389,-2633,0.0,0.0,0.0,0.0,0.0,0.0,0.0,0.0,0,0.0,line_missing,0,0,0,0,0,0,0,0,TRK tick=237460 exp_id=83 t_ms=0 run=0 ts=14.000 kp=0.250 ki=0.000 kd=0.000 st=0.000 lt=0.000 rt=0.000 la=0.000 ra=0.000 lse=0.000 rse=0.000 lso=0.000 rso=0.000 lc=4756 rc=7389 cd=-2633 cde=0.000 cdo=0.000 lp=-2.500 lpr=-2.500 y=0.000 yr=0.000 el=0.000 er=0.000 ed=0.000 dl=0 dr=0 cl=0 cr=0 L=0 R=0 s1=0 s2=0 s3=0 s4=0 s5=0 s6=0 s7=0 s8=0 rx=360 txdrop=0
237658,83,0.0,0,14.0,0.0,0.0,0.0,0.25,0.0,0.0,-2.5,-2.5,0.0,0.0,0.0,0.0,0.0,0,0,0,0,0.0,0.0,0.0,0.0,0.0,0.0,4756,7389,-2633,0.0,0.0,0.0,0.0,0.0,0.0,0.0,0.0,0,0.0,line_missing,0,0,0,0,0,0,0,0,TRK tick=237658 exp_id=83 t_ms=0 run=0 ts=14.000 kp=0.250 ki=0.000 kd=0.000 st=0.000 lt=0.000 rt=0.000 la=0.000 ra=0.000 lse=0.000 rse=0.000 lso=0.000 rso=0.000 lc=4756 rc=7389 cd=-2633 cde=0.000 cdo=0.000 lp=-2.500 lpr=-2.500 y=0.000 yr=0.000 el=0.000 er=0.000 ed=0.000 dl=0 dr=0 cl=0 cr=0 L=0 R=0 s1=0 s2=0 s3=0 s4=0 s5=0 s6=0 s7=0 s8=0 rx=360 txdrop=0
237856,83,0.0,0,14.0,0.0,0.0,0.0,0.25,0.0,0.0,-2.5,-2.5,0.0,0.0,0.0,0.0,0.0,0,0,0,0,0.0,0.0,0.0,0.0,0.0,0.0,4756,7389,-2633,0.0,0.0,0.0,0.0,0.0,0.0,0.0,0.0,0,0.0,line_missing,0,0,0,0,0,0,0,0,TRK tick=237856 exp_id=83 t_ms=0 run=0 ts=14.000 kp=0.250 ki=0.000 kd=0.000 st=0.000 lt=0.000 rt=0.000 la=0.000 ra=0.000 lse=0.000 rse=0.000 lso=0.000 rso=0.000 lc=4756 rc=7389 cd=-2633 cde=0.000 cdo=0.000 lp=-2.500 lpr=-2.500 y=0.000 yr=0.000 el=0.000 er=0.000 ed=0.000 dl=0 dr=0 cl=0 cr=0 L=0 R=0 s1=0 s2=0 s3=0 s4=0 s5=0 s6=0 s7=0 s8=0 rx=360 txdrop=0
238054,83,0.0,0,14.0,0.0,0.0,0.0,0.25,0.0,0.0,-2.5,-2.5,0.0,0.0,0.0,0.0,0.0,0,0,0,0,0.0,0.0,0.0,0.0,0.0,0.0,4756,7389,-2633,0.0,0.0,0.0,0.0,0.0,0.0,0.0,0.0,0,0.0,line_missing,0,0,0,0,0,0,0,0,TRK tick=238054 exp_id=83 t_ms=0 run=0 ts=14.000 kp=0.250 ki=0.000 kd=0.000 st=0.000 lt=0.000 rt=0.000 la=0.000 ra=0.000 lse=0.000 rse=0.000 lso=0.000 rso=0.000 lc=4756 rc=7389 cd=-2633 cde=0.000 cdo=0.000 lp=-2.500 lpr=-2.500 y=0.000 yr=0.000 el=0.000 er=0.000 ed=0.000 dl=0 dr=0 cl=0 cr=0 L=0 R=0 s1=0 s2=0 s3=0 s4=0 s5=0 s6=0 s7=0 s8=0 rx=360 txdrop=0
238251,83,0.0,0,14.0,0.0,0.0,0.0,0.25,0.0,0.0,-2.5,-2.5,0.0,0.0,0.0,0.0,0.0,0,0,0,0,0.0,0.0,0.0,0.0,0.0,0.0,4756,7389,-2633,0.0,0.0,0.0,0.0,0.0,72.0,0.0,0.0,0,0.0,line_missing,0,0,0,0,0,0,0,0,STAT tick=238251 exp_id=83 t_ms=0 run=0 ts=14.000000 skp=10.000000 ski=0.250000 skd=0.000000 kp=0.250000 ki=0.000000 kd=0.000000 st=0.000000 lt=0.000000 rt=0.000000 la=0.000000 ra=0.000000 lse=0.000000 rse=0.000000 lso=0.000000 rso=0.000000 lc=4756 rc=7389 cd=-2633 cde=0.000000 cdi=0.000000 cdo=0.000000 lp=-2.500000 lpr=-2.500000 le=0.000000 li=0.000000 lout=0.000000 diff=0.000000 y=0.000000 yr=0.000000 el=0.000 er=0.000 ed=0.000 dl=0 dr=0 cl=0 cr=0 L=0 R=0 pwm_max=72 miss=0 lost=0 s1=0 s2=0 s3=0 s4=0 s5=0 s6=0 s7=0 s8=0 rx=366 txdrop=0
238253,83,0.0,0,14.0,0.0,0.0,0.0,0.25,0.0,0.0,-2.5,-2.5,0.0,0.0,0.0,0.0,0.0,0,0,0,0,0.0,0.0,0.0,0.0,0.0,0.0,4756,7389,-2633,0.0,0.0,0.0,0.0,0.0,0.0,0.0,0.0,0,0.0,line_missing,0,0,0,0,0,0,0,0,TRK tick=238253 exp_id=83 t_ms=0 run=0 ts=14.000 kp=0.250 ki=0.000 kd=0.000 st=0.000 lt=0.000 rt=0.000 la=0.000 ra=0.000 lse=0.000 rse=0.000 lso=0.000 rso=0.000 lc=4756 rc=7389 cd=-2633 cde=0.000 cdo=0.000 lp=-2.500 lpr=-2.500 y=0.000 yr=0.000 el=0.000 er=0.000 ed=0.000 dl=0 dr=0 cl=0 cr=0 L=0 R=0 s1=0 s2=0 s3=0 s4=0 s5=0 s6=0 s7=0 s8=0 rx=366 txdrop=0
238453,83,0.0,0,14.0,0.0,0.0,0.0,0.25,0.0,0.0,-2.5,-2.5,0.0,0.0,0.0,0.0,0.0,0,0,0,0,0.0,0.0,0.0,0.0,0.0,0.0,4756,7389,-2633,0.0,0.0,0.0,0.0,0.0,0.0,0.0,0.0,0,0.0,line_missing,0,0,0,0,0,0,0,0,TRK tick=238453 exp_id=83 t_ms=0 run=0 ts=14.000 kp=0.250 ki=0.000 kd=0.000 st=0.000 lt=0.000 rt=0.000 la=0.000 ra=0.000 lse=0.000 rse=0.000 lso=0.000 rso=0.000 lc=4756 rc=7389 cd=-2633 cde=0.000 cdo=0.000 lp=-2.500 lpr=-2.500 y=0.000 yr=0.000 el=0.000 er=0.000 ed=0.000 dl=0 dr=0 cl=0 cr=0 L=0 R=0 s1=0 s2=0 s3=0 s4=0 s5=0 s6=0 s7=0 s8=0 rx=366 txdrop=0
238650,83,0.0,0,14.0,0.0,0.0,0.0,0.25,0.0,0.0,-2.5,-2.5,0.0,0.0,0.0,0.0,0.0,0,0,0,0,0.0,0.0,0.0,0.0,0.0,0.0,4756,7389,-2633,0.0,0.0,0.0,0.0,0.0,0.0,0.0,0.0,0,0.0,line_missing,0,0,0,0,0,0,0,0,TRK tick=238650 exp_id=83 t_ms=0 run=0 ts=14.000 kp=0.250 ki=0.000 kd=0.000 st=0.000 lt=0.000 rt=0.000 la=0.000 ra=0.000 lse=0.000 rse=0.000 lso=0.000 rso=0.000 lc=4756 rc=7389 cd=-2633 cde=0.000 cdo=0.000 lp=-2.500 lpr=-2.500 y=0.000 yr=0.000 el=0.000 er=0.000 ed=0.000 dl=0 dr=0 cl=0 cr=0 L=0 R=0 s1=0 s2=0 s3=0 s4=0 s5=0 s6=0 s7=0 s8=0 rx=366 txdrop=0
238848,83,0.0,0,14.0,0.0,0.0,0.0,0.25,0.0,0.0,-2.5,-2.5,0.0,0.0,0.0,0.0,0.0,0,0,0,0,0.0,0.0,0.0,0.0,0.0,0.0,4756,7389,-2633,0.0,0.0,0.0,0.0,0.0,0.0,0.0,0.0,0,0.0,line_missing,0,0,0,0,0,0,0,0,TRK tick=238848 exp_id=83 t_ms=0 run=0 ts=14.000 kp=0.250 ki=0.000 kd=0.000 st=0.000 lt=0.000 rt=0.000 la=0.000 ra=0.000 lse=0.000 rse=0.000 lso=0.000 rso=0.000 lc=4756 rc=7389 cd=-2633 cde=0.000 cdo=0.000 lp=-2.500 lpr=-2.500 y=0.000 yr=0.000 el=0.000 er=0.000 ed=0.000 dl=0 dr=0 cl=0 cr=0 L=0 R=0 s1=0 s2=0 s3=0 s4=0 s5=0 s6=0 s7=0 s8=0 rx=366 txdrop=0
239046,83,0.0,0,14.0,0.0,0.0,0.0,0.25,0.0,0.0,-2.5,-2.5,0.0,0.0,0.0,0.0,0.0,0,0,0,0,0.0,0.0,0.0,0.0,0.0,0.0,4756,7389,-2633,0.0,0.0,0.0,0.0,0.0,0.0,0.0,0.0,0,0.0,line_missing,0,0,0,0,0,0,0,0,TRK tick=239046 exp_id=83 t_ms=0 run=0 ts=14.000 kp=0.250 ki=0.000 kd=0.000 st=0.000 lt=0.000 rt=0.000 la=0.000 ra=0.000 lse=0.000 rse=0.000 lso=0.000 rso=0.000 lc=4756 rc=7389 cd=-2633 cde=0.000 cdo=0.000 lp=-2.500 lpr=-2.500 y=0.000 yr=0.000 el=0.000 er=0.000 ed=0.000 dl=0 dr=0 cl=0 cr=0 L=0 R=0 s1=0 s2=0 s3=0 s4=0 s5=0 s6=0 s7=0 s8=0 rx=366 txdrop=0
239244,83,0.0,0,14.0,0.0,0.0,0.0,0.25,0.0,0.0,-2.5,-2.5,0.0,0.0,0.0,0.0,0.0,0,0,0,0,0.0,0.0,0.0,0.0,0.0,0.0,4756,7389,-2633,0.0,0.0,0.0,0.0,0.0,0.0,0.0,0.0,0,0.0,line_missing,0,0,0,0,0,0,0,0,TRK tick=239244 exp_id=83 t_ms=0 run=0 ts=14.000 kp=0.250 ki=0.000 kd=0.000 st=0.000 lt=0.000 rt=0.000 la=0.000 ra=0.000 lse=0.000 rse=0.000 lso=0.000 rso=0.000 lc=4756 rc=7389 cd=-2633 cde=0.000 cdo=0.000 lp=-2.500 lpr=-2.500 y=0.000 yr=0.000 el=0.000 er=0.000 ed=0.000 dl=0 dr=0 cl=0 cr=0 L=0 R=0 s1=0 s2=0 s3=0 s4=0 s5=0 s6=0 s7=0 s8=0 rx=366 txdrop=0
239442,83,0.0,0,14.0,0.0,0.0,0.0,0.25,0.0,0.0,-2.5,-2.5,0.0,0.0,0.0,0.0,0.0,0,0,0,0,0.0,0.0,0.0,0.0,0.0,0.0,4756,7389,-2633,0.0,0.0,0.0,0.0,0.0,0.0,0.0,0.0,0,0.0,line_missing,0,0,0,0,0,0,0,0,TRK tick=239442 exp_id=83 t_ms=0 run=0 ts=14.000 kp=0.250 ki=0.000 kd=0.000 st=0.000 lt=0.000 rt=0.000 la=0.000 ra=0.000 lse=0.000 rse=0.000 lso=0.000 rso=0.000 lc=4756 rc=7389 cd=-2633 cde=0.000 cdo=0.000 lp=-2.500 lpr=-2.500 y=0.000 yr=0.000 el=0.000 er=0.000 ed=0.000 dl=0 dr=0 cl=0 cr=0 L=0 R=0 s1=0 s2=0 s3=0 s4=0 s5=0 s6=0 s7=0 s8=0 rx=366 txdrop=0
239639,83,0.0,0,14.0,0.0,0.0,0.0,0.25,0.0,0.0,-2.5,-2.5,0.0,0.0,0.0,0.0,0.0,0,0,0,0,0.0,0.0,0.0,0.0,0.0,0.0,4756,7389,-2633,0.0,0.0,0.0,0.0,0.0,0.0,0.0,0.0,0,0.0,line_missing,0,0,0,0,0,0,0,0,TRK tick=239639 exp_id=83 t_ms=0 run=0 ts=14.000 kp=0.250 ki=0.000 kd=0.000 st=0.000 lt=0.000 rt=0.000 la=0.000 ra=0.000 lse=0.000 rse=0.000 lso=0.000 rso=0.000 lc=4756 rc=7389 cd=-2633 cde=0.000 cdo=0.000 lp=-2.500 lpr=-2.500 y=0.000 yr=0.000 el=0.000 er=0.000 ed=0.000 dl=0 dr=0 cl=0 cr=0 L=0 R=0 s1=0 s2=0 s3=0 s4=0 s5=0 s6=0 s7=0 s8=0 rx=366 txdrop=0
239837,83,0.0,0,14.0,0.0,0.0,0.0,0.25,0.0,0.0,-2.5,-2.5,0.0,0.0,0.0,0.0,0.0,0,0,0,0,0.0,0.0,0.0,0.0,0.0,0.0,4756,7389,-2633,0.0,0.0,0.0,0.0,0.0,0.0,0.0,0.0,0,0.0,line_missing,0,0,0,0,0,0,0,0,TRK tick=239837 exp_id=83 t_ms=0 run=0 ts=14.000 kp=0.250 ki=0.000 kd=0.000 st=0.000 lt=0.000 rt=0.000 la=0.000 ra=0.000 lse=0.000 rse=0.000 lso=0.000 rso=0.000 lc=4756 rc=7389 cd=-2633 cde=0.000 cdo=0.000 lp=-2.500 lpr=-2.500 y=0.000 yr=0.000 el=0.000 er=0.000 ed=0.000 dl=0 dr=0 cl=0 cr=0 L=0 R=0 s1=0 s2=0 s3=0 s4=0 s5=0 s6=0 s7=0 s8=0 rx=366 txdrop=0
240035,83,0.0,0,14.0,0.0,0.0,0.0,0.25,0.0,0.0,-2.5,-2.5,0.0,0.0,0.0,0.0,0.0,0,0,0,0,0.0,0.0,0.0,0.0,0.0,0.0,4756,7389,-2633,0.0,0.0,0.0,0.0,0.0,0.0,0.0,0.0,0,0.0,line_missing,0,0,0,0,0,0,0,0,TRK tick=240035 exp_id=83 t_ms=0 run=0 ts=14.000 kp=0.250 ki=0.000 kd=0.000 st=0.000 lt=0.000 rt=0.000 la=0.000 ra=0.000 lse=0.000 rse=0.000 lso=0.000 rso=0.000 lc=4756 rc=7389 cd=-2633 cde=0.000 cdo=0.000 lp=-2.500 lpr=-2.500 y=0.000 yr=0.000 el=0.000 er=0.000 ed=0.000 dl=0 dr=0 cl=0 cr=0 L=0 R=0 s1=0 s2=0 s3=0 s4=0 s5=0 s6=0 s7=0 s8=0 rx=366 txdrop=0
240233,83,0.0,0,14.0,0.0,0.0,0.0,0.25,0.0,0.0,-2.5,-2.5,0.0,0.0,0.0,0.0,0.0,0,0,0,0,0.0,0.0,0.0,0.0,0.0,0.0,4756,7389,-2633,0.0,0.0,0.0,0.0,0.0,0.0,0.0,0.0,0,0.0,line_missing,0,0,0,0,0,0,0,0,TRK tick=240233 exp_id=83 t_ms=0 run=0 ts=14.000 kp=0.250 ki=0.000 kd=0.000 st=0.000 lt=0.000 rt=0.000 la=0.000 ra=0.000 lse=0.000 rse=0.000 lso=0.000 rso=0.000 lc=4756 rc=7389 cd=-2633 cde=0.000 cdo=0.000 lp=-2.500 lpr=-2.500 y=0.000 yr=0.000 el=0.000 er=0.000 ed=0.000 dl=0 dr=0 cl=0 cr=0 L=0 R=0 s1=0 s2=0 s3=0 s4=0 s5=0 s6=0 s7=0 s8=0 rx=366 txdrop=0
240431,83,0.0,0,14.0,0.0,0.0,0.0,0.25,0.0,0.0,-2.5,-2.5,0.0,0.0,0.0,0.0,0.0,0,0,0,0,0.0,0.0,0.0,0.0,0.0,0.0,4756,7389,-2633,0.0,0.0,0.0,0.0,0.0,0.0,0.0,0.0,0,0.0,line_missing,0,0,0,0,0,0,0,0,TRK tick=240431 exp_id=83 t_ms=0 run=0 ts=14.000 kp=0.250 ki=0.000 kd=0.000 st=0.000 lt=0.000 rt=0.000 la=0.000 ra=0.000 lse=0.000 rse=0.000 lso=0.000 rso=0.000 lc=4756 rc=7389 cd=-2633 cde=0.000 cdo=0.000 lp=-2.500 lpr=-2.500 y=0.000 yr=0.000 el=0.000 er=0.000 ed=0.000 dl=0 dr=0 cl=0 cr=0 L=0 R=0 s1=0 s2=0 s3=0 s4=0 s5=0 s6=0 s7=0 s8=0 rx=366 txdrop=0
240628,83,0.0,0,14.0,0.0,0.0,0.0,0.25,0.0,0.0,-2.5,-2.5,0.0,0.0,0.0,0.0,0.0,0,0,0,0,0.0,0.0,0.0,0.0,0.0,0.0,4756,7389,-2633,0.0,0.0,0.0,0.0,0.0,0.0,0.0,0.0,0,0.0,line_missing,0,0,0,0,0,0,0,0,TRK tick=240628 exp_id=83 t_ms=0 run=0 ts=14.000 kp=0.250 ki=0.000 kd=0.000 st=0.000 lt=0.000 rt=0.000 la=0.000 ra=0.000 lse=0.000 rse=0.000 lso=0.000 rso=0.000 lc=4756 rc=7389 cd=-2633 cde=0.000 cdo=0.000 lp=-2.500 lpr=-2.500 y=0.000 yr=0.000 el=0.000 er=0.000 ed=0.000 dl=0 dr=0 cl=0 cr=0 L=0 R=0 s1=0 s2=0 s3=0 s4=0 s5=0 s6=0 s7=0 s8=0 rx=366 txdrop=0
240826,83,0.0,0,14.0,0.0,0.0,0.0,0.25,0.0,0.0,-2.5,-2.5,0.0,0.0,0.0,0.0,0.0,0,0,0,0,0.0,0.0,0.0,0.0,0.0,0.0,4756,7389,-2633,0.0,0.0,0.0,0.0,0.0,0.0,0.0,0.0,0,0.0,line_missing,0,0,0,0,0,0,0,0,TRK tick=240826 exp_id=83 t_ms=0 run=0 ts=14.000 kp=0.250 ki=0.000 kd=0.000 st=0.000 lt=0.000 rt=0.000 la=0.000 ra=0.000 lse=0.000 rse=0.000 lso=0.000 rso=0.000 lc=4756 rc=7389 cd=-2633 cde=0.000 cdo=0.000 lp=-2.500 lpr=-2.500 y=0.000 yr=0.000 el=0.000 er=0.000 ed=0.000 dl=0 dr=0 cl=0 cr=0 L=0 R=0 s1=0 s2=0 s3=0 s4=0 s5=0 s6=0 s7=0 s8=0 rx=366 txdrop=0
241024,83,0.0,0,14.0,0.0,0.0,0.0,0.25,0.0,0.0,-2.5,-2.5,0.0,0.0,0.0,0.0,0.0,0,0,0,0,0.0,0.0,0.0,0.0,0.0,0.0,4756,7389,-2633,0.0,0.0,0.0,0.0,0.0,0.0,0.0,0.0,0,0.0,line_missing,0,0,0,0,0,0,0,0,TRK tick=241024 exp_id=83 t_ms=0 run=0 ts=14.000 kp=0.250 ki=0.000 kd=0.000 st=0.000 lt=0.000 rt=0.000 la=0.000 ra=0.000 lse=0.000 rse=0.000 lso=0.000 rso=0.000 lc=4756 rc=7389 cd=-2633 cde=0.000 cdo=0.000 lp=-2.500 lpr=-2.500 y=0.000 yr=0.000 el=0.000 er=0.000 ed=0.000 dl=0 dr=0 cl=0 cr=0 L=0 R=0 s1=0 s2=0 s3=0 s4=0 s5=0 s6=0 s7=0 s8=0 rx=366 txdrop=0
241222,83,0.0,0,14.0,0.0,0.0,0.0,0.25,0.0,0.0,-2.5,-2.5,0.0,0.0,0.0,0.0,0.0,0,0,0,0,0.0,0.0,0.0,0.0,0.0,0.0,4756,7389,-2633,0.0,0.0,0.0,0.0,0.0,0.0,0.0,0.0,0,0.0,line_missing,0,0,0,0,0,0,0,0,TRK tick=241222 exp_id=83 t_ms=0 run=0 ts=14.000 kp=0.250 ki=0.000 kd=0.000 st=0.000 lt=0.000 rt=0.000 la=0.000 ra=0.000 lse=0.000 rse=0.000 lso=0.000 rso=0.000 lc=4756 rc=7389 cd=-2633 cde=0.000 cdo=0.000 lp=-2.500 lpr=-2.500 y=0.000 yr=0.000 el=0.000 er=0.000 ed=0.000 dl=0 dr=0 cl=0 cr=0 L=0 R=0 s1=0 s2=0 s3=0 s4=0 s5=0 s6=0 s7=0 s8=0 rx=366 txdrop=0
241420,83,0.0,0,14.0,0.0,0.0,0.0,0.25,0.0,0.0,-2.5,-2.5,0.0,0.0,0.0,0.0,0.0,0,0,0,0,0.0,0.0,0.0,0.0,0.0,0.0,4756,7389,-2633,0.0,0.0,0.0,0.0,0.0,0.0,0.0,0.0,0,0.0,line_missing,0,0,0,0,0,0,0,0,TRK tick=241420 exp_id=83 t_ms=0 run=0 ts=14.000 kp=0.250 ki=0.000 kd=0.000 st=0.000 lt=0.000 rt=0.000 la=0.000 ra=0.000 lse=0.000 rse=0.000 lso=0.000 rso=0.000 lc=4756 rc=7389 cd=-2633 cde=0.000 cdo=0.000 lp=-2.500 lpr=-2.500 y=0.000 yr=0.000 el=0.000 er=0.000 ed=0.000 dl=0 dr=0 cl=0 cr=0 L=0 R=0 s1=0 s2=0 s3=0 s4=0 s5=0 s6=0 s7=0 s8=0 rx=372 txdrop=0
241618,83,0.0,0,14.0,0.0,0.0,0.0,0.25,0.0,0.0,-2.5,-2.5,0.0,0.0,0.0,0.0,0.0,0,0,0,0,0.0,0.0,0.0,0.0,0.0,0.0,4756,7389,-2633,0.0,0.0,0.0,0.0,0.0,0.0,0.0,0.0,0,0.0,line_missing,0,0,0,0,0,0,0,0,TRK tick=241618 exp_id=83 t_ms=0 run=0 ts=14.000 kp=0.250 ki=0.000 kd=0.000 st=0.000 lt=0.000 rt=0.000 la=0.000 ra=0.000 lse=0.000 rse=0.000 lso=0.000 rso=0.000 lc=4756 rc=7389 cd=-2633 cde=0.000 cdo=0.000 lp=-2.500 lpr=-2.500 y=0.000 yr=0.000 el=0.000 er=0.000 ed=0.000 dl=0 dr=0 cl=0 cr=0 L=0 R=0 s1=0 s2=0 s3=0 s4=0 s5=0 s6=0 s7=0 s8=0 rx=372 txdrop=0
241815,83,0.0,0,14.0,0.0,0.0,0.0,0.25,0.0,0.0,-2.5,-2.5,0.0,0.0,0.0,0.0,0.0,0,0,0,0,0.0,0.0,0.0,0.0,0.0,0.0,4756,7389,-2633,0.0,0.0,0.0,0.0,0.0,0.0,0.0,0.0,0,0.0,line_missing,0,0,0,0,0,0,0,0,TRK tick=241815 exp_id=83 t_ms=0 run=0 ts=14.000 kp=0.250 ki=0.000 kd=0.000 st=0.000 lt=0.000 rt=0.000 la=0.000 ra=0.000 lse=0.000 rse=0.000 lso=0.000 rso=0.000 lc=4756 rc=7389 cd=-2633 cde=0.000 cdo=0.000 lp=-2.500 lpr=-2.500 y=0.000 yr=0.000 el=0.000 er=0.000 ed=0.000 dl=0 dr=0 cl=0 cr=0 L=0 R=0 s1=0 s2=0 s3=0 s4=0 s5=0 s6=0 s7=0 s8=0 rx=372 txdrop=0
242013,83,0.0,0,14.0,0.0,0.0,0.0,0.25,0.0,0.0,-2.5,-2.5,0.0,0.0,0.0,0.0,0.0,0,0,0,0,0.0,0.0,0.0,0.0,0.0,0.0,4756,7389,-2633,0.0,0.0,0.0,0.0,0.0,0.0,0.0,0.0,0,0.0,line_missing,0,0,0,0,0,0,0,0,TRK tick=242013 exp_id=83 t_ms=0 run=0 ts=14.000 kp=0.250 ki=0.000 kd=0.000 st=0.000 lt=0.000 rt=0.000 la=0.000 ra=0.000 lse=0.000 rse=0.000 lso=0.000 rso=0.000 lc=4756 rc=7389 cd=-2633 cde=0.000 cdo=0.000 lp=-2.500 lpr=-2.500 y=0.000 yr=0.000 el=0.000 er=0.000 ed=0.000 dl=0 dr=0 cl=0 cr=0 L=0 R=0 s1=0 s2=0 s3=0 s4=0 s5=0 s6=0 s7=0 s8=0 rx=384 txdrop=0
242211,83,0.0,0,14.0,0.0,0.0,0.0,0.25,0.0,0.0,-2.5,-2.5,0.0,0.0,0.0,0.0,0.0,0,0,0,0,0.0,0.0,0.0,0.0,0.0,0.0,4756,7389,-2633,0.0,0.0,0.0,0.0,0.0,0.0,0.0,0.0,0,0.0,line_missing,0,0,0,0,0,0,0,0,TRK tick=242211 exp_id=83 t_ms=0 run=0 ts=14.000 kp=0.250 ki=0.000 kd=0.000 st=0.000 lt=0.000 rt=0.000 la=0.000 ra=0.000 lse=0.000 rse=0.000 lso=0.000 rso=0.000 lc=4756 rc=7389 cd=-2633 cde=0.000 cdo=0.000 lp=-2.500 lpr=-2.500 y=0.000 yr=0.000 el=0.000 er=0.000 ed=0.000 dl=0 dr=0 cl=0 cr=0 L=0 R=0 s1=0 s2=0 s3=0 s4=0 s5=0 s6=0 s7=0 s8=0 rx=390 txdrop=0
242409,83,0.0,0,14.0,0.0,0.0,0.0,0.25,0.0,0.0,-2.5,-2.5,0.0,0.0,0.0,0.0,0.0,0,0,0,0,0.0,0.0,0.0,0.0,0.0,0.0,4756,7389,-2633,0.0,0.0,0.0,0.0,0.0,0.0,0.0,0.0,0,0.0,line_missing,0,0,0,0,0,0,0,0,TRK tick=242409 exp_id=83 t_ms=0 run=0 ts=14.000 kp=0.250 ki=0.000 kd=0.000 st=0.000 lt=0.000 rt=0.000 la=0.000 ra=0.000 lse=0.000 rse=0.000 lso=0.000 rso=0.000 lc=4756 rc=7389 cd=-2633 cde=0.000 cdo=0.000 lp=-2.500 lpr=-2.500 y=0.000 yr=0.000 el=0.000 er=0.000 ed=0.000 dl=0 dr=0 cl=0 cr=0 L=0 R=0 s1=0 s2=0 s3=0 s4=0 s5=0 s6=0 s7=0 s8=0 rx=390 txdrop=0
242607,83,0.0,0,14.0,0.0,0.0,0.0,0.25,0.0,0.0,-2.5,-2.5,0.0,0.0,0.0,0.0,0.0,0,0,0,0,0.0,0.0,0.0,0.0,0.0,0.0,4756,7389,-2633,0.0,0.0,0.0,0.0,0.0,0.0,0.0,0.0,0,0.0,line_missing,0,0,0,0,0,0,0,0,TRK tick=242607 exp_id=83 t_ms=0 run=0 ts=14.000 kp=0.250 ki=0.000 kd=0.000 st=0.000 lt=0.000 rt=0.000 la=0.000 ra=0.000 lse=0.000 rse=0.000 lso=0.000 rso=0.000 lc=4756 rc=7389 cd=-2633 cde=0.000 cdo=0.000 lp=-2.500 lpr=-2.500 y=0.000 yr=0.000 el=0.000 er=0.000 ed=0.000 dl=0 dr=0 cl=0 cr=0 L=0 R=0 s1=0 s2=0 s3=0 s4=0 s5=0 s6=0 s7=0 s8=0 rx=390 txdrop=0
242805,83,0.0,0,14.0,0.0,0.0,0.0,0.25,0.0,0.0,-2.5,-2.5,0.0,0.0,0.0,0.0,0.0,0,0,0,0,0.0,0.0,0.0,0.0,0.0,0.0,4756,7389,-2633,0.0,0.0,0.0,0.0,0.0,0.0,0.0,0.0,0,0.0,line_missing,0,0,0,0,0,0,0,0,TRK tick=242805 exp_id=83 t_ms=0 run=0 ts=14.000 kp=0.250 ki=0.000 kd=0.000 st=0.000 lt=0.000 rt=0.000 la=0.000 ra=0.000 lse=0.000 rse=0.000 lso=0.000 rso=0.000 lc=4756 rc=7389 cd=-2633 cde=0.000 cdo=0.000 lp=-2.500 lpr=-2.500 y=0.000 yr=0.000 el=0.000 er=0.000 ed=0.000 dl=0 dr=0 cl=0 cr=0 L=0 R=0 s1=0 s2=0 s3=0 s4=0 s5=0 s6=0 s7=0 s8=0 rx=390 txdrop=0
243014,83,0.0,0,14.0,0.0,0.0,0.0,0.25,0.0,0.0,-2.5,-2.5,0.0,0.0,0.0,0.0,0.0,0,0,0,0,0.0,0.0,0.0,0.0,0.0,0.0,4756,7389,-2633,0.0,0.0,0.0,0.0,0.0,0.0,0.0,0.0,0,0.0,line_missing,0,0,0,0,0,0,0,0,TRK tick=243014 exp_id=83 t_ms=0 run=0 ts=14.000 kp=0.250 ki=0.000 kd=0.000 st=0.000 lt=0.000 rt=0.000 la=0.000 ra=0.000 lse=0.000 rse=0.000 lso=0.000 rso=0.000 lc=4756 rc=7389 cd=-2633 cde=0.000 cdo=0.000 lp=-2.500 lpr=-2.500 y=0.000 yr=0.000 el=0.000 er=0.000 ed=0.000 dl=0 dr=0 cl=0 cr=0 L=0 R=0 s1=0 s2=0 s3=0 s4=0 s5=0 s6=0 s7=0 s8=0 rx=395 txdrop=0
243212,83,0.0,0,14.0,0.0,0.0,0.0,0.25,0.0,0.0,-2.5,-2.5,0.0,0.0,0.0,0.0,0.0,0,0,0,0,0.0,0.0,0.0,0.0,0.0,0.0,4756,7389,-2633,0.0,0.0,0.0,0.0,0.0,0.0,0.0,0.0,0,0.0,line_missing,0,0,0,0,0,0,0,0,TRK tick=243212 exp_id=83 t_ms=0 run=0 ts=14.000 kp=0.250 ki=0.000 kd=0.000 st=0.000 lt=0.000 rt=0.000 la=0.000 ra=0.000 lse=0.000 rse=0.000 lso=0.000 rso=0.000 lc=4756 rc=7389 cd=-2633 cde=0.000 cdo=0.000 lp=-2.500 lpr=-2.500 y=0.000 yr=0.000 el=0.000 er=0.000 ed=0.000 dl=0 dr=0 cl=0 cr=0 L=0 R=0 s1=0 s2=0 s3=0 s4=0 s5=0 s6=0 s7=0 s8=0 rx=395 txdrop=0
243409,83,0.0,0,14.0,0.0,0.0,0.0,0.25,0.0,0.0,-2.5,-2.5,0.0,0.0,0.0,0.0,0.0,0,0,0,0,0.0,0.0,0.0,0.0,0.0,0.0,4756,7389,-2633,0.0,0.0,0.0,0.0,0.0,0.0,0.0,0.0,0,0.0,line_missing,0,0,0,0,0,0,0,0,TRK tick=243409 exp_id=83 t_ms=0 run=0 ts=14.000 kp=0.250 ki=0.000 kd=0.000 st=0.000 lt=0.000 rt=0.000 la=0.000 ra=0.000 lse=0.000 rse=0.000 lso=0.000 rso=0.000 lc=4756 rc=7389 cd=-2633 cde=0.000 cdo=0.000 lp=-2.500 lpr=-2.500 y=0.000 yr=0.000 el=0.000 er=0.000 ed=0.000 dl=0 dr=0 cl=0 cr=0 L=0 R=0 s1=0 s2=0 s3=0 s4=0 s5=0 s6=0 s7=0 s8=0 rx=395 txdrop=0
243607,83,0.0,0,14.0,0.0,0.0,0.0,0.25,0.0,0.0,-2.5,-2.5,0.0,0.0,0.0,0.0,0.0,0,0,0,0,0.0,0.0,0.0,0.0,0.0,0.0,4756,7389,-2633,0.0,0.0,0.0,0.0,0.0,0.0,0.0,0.0,0,0.0,line_missing,0,0,0,0,0,0,0,0,TRK tick=243607 exp_id=83 t_ms=0 run=0 ts=14.000 kp=0.250 ki=0.000 kd=0.000 st=0.000 lt=0.000 rt=0.000 la=0.000 ra=0.000 lse=0.000 rse=0.000 lso=0.000 rso=0.000 lc=4756 rc=7389 cd=-2633 cde=0.000 cdo=0.000 lp=-2.500 lpr=-2.500 y=0.000 yr=0.000 el=0.000 er=0.000 ed=0.000 dl=0 dr=0 cl=0 cr=0 L=0 R=0 s1=0 s2=0 s3=0 s4=0 s5=0 s6=0 s7=0 s8=0 rx=395 txdrop=0
243805,83,0.0,0,14.0,0.0,0.0,0.0,0.25,0.0,0.0,-2.5,-2.5,0.0,0.0,0.0,0.0,0.0,0,0,0,0,0.0,0.0,0.0,0.0,0.0,0.0,4756,7389,-2633,0.0,0.0,0.0,0.0,0.0,0.0,0.0,0.0,0,0.0,line_missing,0,0,0,0,0,0,0,0,TRK tick=243805 exp_id=83 t_ms=0 run=0 ts=14.000 kp=0.250 ki=0.000 kd=0.000 st=0.000 lt=0.000 rt=0.000 la=0.000 ra=0.000 lse=0.000 rse=0.000 lso=0.000 rso=0.000 lc=4756 rc=7389 cd=-2633 cde=0.000 cdo=0.000 lp=-2.500 lpr=-2.500 y=0.000 yr=0.000 el=0.000 er=0.000 ed=0.000 dl=0 dr=0 cl=0 cr=0 L=0 R=0 s1=0 s2=0 s3=0 s4=0 s5=0 s6=0 s7=0 s8=0 rx=404 txdrop=0
244003,83,0.0,0,14.0,0.0,0.0,0.0,0.25,0.0,0.0,-2.5,-2.5,0.0,0.0,0.0,0.0,0.0,0,0,0,0,0.0,0.0,0.0,0.0,0.0,0.0,4756,7389,-2633,0.0,0.0,0.0,0.0,0.0,0.0,0.0,0.0,0,0.0,line_missing,0,0,0,0,0,0,0,0,TRK tick=244003 exp_id=83 t_ms=0 run=0 ts=14.000 kp=0.250 ki=0.000 kd=0.000 st=0.000 lt=0.000 rt=0.000 la=0.000 ra=0.000 lse=0.000 rse=0.000 lso=0.000 rso=0.000 lc=4756 rc=7389 cd=-2633 cde=0.000 cdo=0.000 lp=-2.500 lpr=-2.500 y=0.000 yr=0.000 el=0.000 er=0.000 ed=0.000 dl=0 dr=0 cl=0 cr=0 L=0 R=0 s1=0 s2=0 s3=0 s4=0 s5=0 s6=0 s7=0 s8=0 rx=414 txdrop=0
244201,83,0.0,0,14.0,0.0,0.0,0.0,0.25,0.0,0.0,-2.5,-2.5,0.0,0.0,0.0,0.0,0.0,0,0,0,0,0.0,0.0,0.0,0.0,0.0,0.0,4756,7389,-2633,0.0,0.0,0.0,0.0,0.0,0.0,0.0,0.0,0,0.0,line_missing,0,0,0,0,0,0,0,0,TRK tick=244201 exp_id=83 t_ms=0 run=0 ts=14.000 kp=0.250 ki=0.000 kd=0.000 st=0.000 lt=0.000 rt=0.000 la=0.000 ra=0.000 lse=0.000 rse=0.000 lso=0.000 rso=0.000 lc=4756 rc=7389 cd=-2633 cde=0.000 cdo=0.000 lp=-2.500 lpr=-2.500 y=0.000 yr=0.000 el=0.000 er=0.000 ed=0.000 dl=0 dr=0 cl=0 cr=0 L=0 R=0 s1=0 s2=0 s3=0 s4=0 s5=0 s6=0 s7=0 s8=0 rx=424 txdrop=0
244399,83,0.0,0,14.0,0.0,0.0,0.0,0.25,0.0,0.0,-2.5,-2.5,0.0,0.0,0.0,0.0,0.0,0,0,0,0,0.0,0.0,0.0,0.0,0.0,0.0,4756,7389,-2633,0.0,0.0,0.0,0.0,0.0,0.0,0.0,0.0,0,0.0,line_missing,0,0,0,0,0,0,0,0,TRK tick=244399 exp_id=83 t_ms=0 run=0 ts=14.000 kp=0.250 ki=0.000 kd=0.000 st=0.000 lt=0.000 rt=0.000 la=0.000 ra=0.000 lse=0.000 rse=0.000 lso=0.000 rso=0.000 lc=4756 rc=7389 cd=-2633 cde=0.000 cdo=0.000 lp=-2.500 lpr=-2.500 y=0.000 yr=0.000 el=0.000 er=0.000 ed=0.000 dl=0 dr=0 cl=0 cr=0 L=0 R=0 s1=0 s2=0 s3=0 s4=0 s5=0 s6=0 s7=0 s8=0 rx=433 txdrop=0
244597,83,0.0,0,14.0,0.0,0.0,0.0,0.25,0.0,0.0,-2.5,-2.5,0.0,0.0,0.0,0.0,0.0,0,0,0,0,0.0,0.0,0.0,0.0,0.0,0.0,4756,7389,-2633,0.0,0.0,0.0,0.0,0.0,0.0,0.0,0.0,0,0.0,line_missing,0,0,0,0,0,0,0,0,TRK tick=244597 exp_id=83 t_ms=0 run=0 ts=14.000 kp=0.250 ki=0.000 kd=0.000 st=0.000 lt=0.000 rt=0.000 la=0.000 ra=0.000 lse=0.000 rse=0.000 lso=0.000 rso=0.000 lc=4756 rc=7389 cd=-2633 cde=0.000 cdo=0.000 lp=-2.500 lpr=-2.500 y=0.000 yr=0.000 el=0.000 er=0.000 ed=0.000 dl=0 dr=0 cl=0 cr=0 L=0 R=0 s1=0 s2=0 s3=0 s4=0 s5=0 s6=0 s7=0 s8=0 rx=443 txdrop=0
244795,83,0.0,0,14.0,0.0,0.0,0.0,0.25,0.0,0.0,-2.5,-2.5,0.0,0.0,0.0,0.0,0.0,0,0,0,0,0.0,0.0,0.0,0.0,0.0,0.0,4756,7389,-2633,0.0,0.0,0.0,0.0,0.0,0.0,0.0,0.0,0,0.0,line_missing,0,0,0,0,0,0,0,0,TRK tick=244795 exp_id=83 t_ms=0 run=0 ts=14.000 kp=0.250 ki=0.000 kd=0.000 st=0.000 lt=0.000 rt=0.000 la=0.000 ra=0.000 lse=0.000 rse=0.000 lso=0.000 rso=0.000 lc=4756 rc=7389 cd=-2633 cde=0.000 cdo=0.000 lp=-2.500 lpr=-2.500 y=0.000 yr=0.000 el=0.000 er=0.000 ed=0.000 dl=0 dr=0 cl=0 cr=0 L=0 R=0 s1=0 s2=0 s3=0 s4=0 s5=0 s6=0 s7=0 s8=0 rx=452 txdrop=0
244993,83,0.0,0,14.0,0.0,0.0,0.0,0.25,0.0,0.0,-2.5,-2.5,0.0,0.0,0.0,0.0,0.0,0,0,0,0,0.0,0.0,0.0,0.0,0.0,0.0,4756,7389,-2633,0.0,0.0,0.0,0.0,0.0,0.0,0.0,0.0,0,0.0,line_missing,0,0,0,0,0,0,0,0,TRK tick=244993 exp_id=83 t_ms=0 run=0 ts=14.000 kp=0.250 ki=0.000 kd=0.000 st=0.000 lt=0.000 rt=0.000 la=0.000 ra=0.000 lse=0.000 rse=0.000 lso=0.000 rso=0.000 lc=4756 rc=7389 cd=-2633 cde=0.000 cdo=0.000 lp=-2.500 lpr=-2.500 y=0.000 yr=0.000 el=0.000 er=0.000 ed=0.000 dl=0 dr=0 cl=0 cr=0 L=0 R=0 s1=0 s2=0 s3=0 s4=0 s5=0 s6=0 s7=0 s8=0 rx=461 txdrop=0
245191,83,0.0,0,14.0,0.0,0.0,0.0,0.25,0.0,0.0,-2.5,-2.5,0.0,0.0,0.0,0.0,0.0,0,0,0,0,0.0,0.0,0.0,0.0,0.0,0.0,4756,7389,-2633,0.0,0.0,0.0,0.0,0.0,0.0,0.0,0.0,0,0.0,line_missing,0,0,0,0,0,0,0,0,TRK tick=245191 exp_id=83 t_ms=0 run=0 ts=14.000 kp=0.250 ki=0.000 kd=0.000 st=0.000 lt=0.000 rt=0.000 la=0.000 ra=0.000 lse=0.000 rse=0.000 lso=0.000 rso=0.000 lc=4756 rc=7389 cd=-2633 cde=0.000 cdo=0.000 lp=-2.500 lpr=-2.500 y=0.000 yr=0.000 el=0.000 er=0.000 ed=0.000 dl=0 dr=0 cl=0 cr=0 L=0 R=0 s1=0 s2=0 s3=0 s4=0 s5=0 s6=0 s7=0 s8=0 rx=473 txdrop=0
245389,83,0.0,0,14.0,0.0,0.0,0.0,0.25,0.0,0.0,-2.5,-2.5,0.0,0.0,0.0,0.0,0.0,0,0,0,0,0.0,0.0,0.0,0.0,0.0,0.0,4756,7389,-2633,0.0,0.0,0.0,0.0,0.0,0.0,0.0,0.0,0,0.0,line_missing,0,0,0,0,0,0,0,0,TRK tick=245389 exp_id=83 t_ms=0 run=0 ts=14.000 kp=0.250 ki=0.000 kd=0.000 st=0.000 lt=0.000 rt=0.000 la=0.000 ra=0.000 lse=0.000 rse=0.000 lso=0.000 rso=0.000 lc=4756 rc=7389 cd=-2633 cde=0.000 cdo=0.000 lp=-2.500 lpr=-2.500 y=0.000 yr=0.000 el=0.000 er=0.000 ed=0.000 dl=0 dr=0 cl=0 cr=0 L=0 R=0 s1=0 s2=0 s3=0 s4=0 s5=0 s6=0 s7=0 s8=0 rx=473 txdrop=0
245587,83,0.0,0,14.0,0.0,0.0,0.0,0.25,0.0,0.0,-2.5,-2.5,0.0,0.0,0.0,0.0,0.0,0,0,0,0,0.0,0.0,0.0,0.0,0.0,0.0,4756,7389,-2633,0.0,0.0,0.0,0.0,0.0,0.0,0.0,0.0,0,0.0,line_missing,0,0,0,0,0,0,0,0,TRK tick=245587 exp_id=83 t_ms=0 run=0 ts=14.000 kp=0.250 ki=0.000 kd=0.000 st=0.000 lt=0.000 rt=0.000 la=0.000 ra=0.000 lse=0.000 rse=0.000 lso=0.000 rso=0.000 lc=4756 rc=7389 cd=-2633 cde=0.000 cdo=0.000 lp=-2.500 lpr=-2.500 y=0.000 yr=0.000 el=0.000 er=0.000 ed=0.000 dl=0 dr=0 cl=0 cr=0 L=0 R=0 s1=0 s2=0 s3=0 s4=0 s5=0 s6=0 s7=0 s8=0 rx=473 txdrop=0
245785,83,0.0,0,14.0,0.0,0.0,0.0,0.25,0.0,0.0,-2.5,-2.5,0.0,0.0,0.0,0.0,0.0,0,0,0,0,0.0,0.0,0.0,0.0,0.0,0.0,4756,7389,-2633,0.0,0.0,0.0,0.0,0.0,0.0,0.0,0.0,0,0.0,line_missing,0,0,0,0,0,0,0,0,TRK tick=245785 exp_id=83 t_ms=0 run=0 ts=14.000 kp=0.250 ki=0.000 kd=0.000 st=0.000 lt=0.000 rt=0.000 la=0.000 ra=0.000 lse=0.000 rse=0.000 lso=0.000 rso=0.000 lc=4756 rc=7389 cd=-2633 cde=0.000 cdo=0.000 lp=-2.500 lpr=-2.500 y=0.000 yr=0.000 el=0.000 er=0.000 ed=0.000 dl=0 dr=0 cl=0 cr=0 L=0 R=0 s1=0 s2=0 s3=0 s4=0 s5=0 s6=0 s7=0 s8=0 rx=473 txdrop=0
245983,83,0.0,0,14.0,0.0,0.0,0.0,0.25,0.0,0.0,-2.5,-2.5,0.0,0.0,0.0,0.0,0.0,0,0,0,0,0.0,0.0,0.0,0.0,0.0,0.0,4756,7389,-2633,0.0,0.0,0.0,0.0,0.0,72.0,0.0,0.0,0,0.0,line_missing,0,0,0,0,0,0,0,0,STAT tick=245983 exp_id=83 t_ms=0 run=0 ts=14.000000 skp=10.000000 ski=0.250000 skd=0.000000 kp=0.250000 ki=0.000000 kd=0.000000 st=0.000000 lt=0.000000 rt=0.000000 la=0.000000 ra=0.000000 lse=0.000000 rse=0.000000 lso=0.000000 rso=0.000000 lc=4756 rc=7389 cd=-2633 cde=0.000000 cdi=0.000000 cdo=0.000000 lp=-2.500000 lpr=-2.500000 le=0.000000 li=0.000000 lout=0.000000 diff=0.000000 y=0.000000 yr=0.000000 el=0.000 er=0.000 ed=0.000 dl=0 dr=0 cl=0 cr=0 L=0 R=0 pwm_max=72 miss=0 lost=0 s1=0 s2=0 s3=0 s4=0 s5=0 s6=0 s7=0 s8=0 rx=479 txdrop=0
245984,83,0.0,0,14.0,0.0,0.0,0.0,0.25,0.0,0.0,-2.5,-2.5,0.0,0.0,0.0,0.0,0.0,0,0,0,0,0.0,0.0,0.0,0.0,0.0,0.0,4756,7389,-2633,0.0,0.0,0.0,0.0,0.0,0.0,0.0,0.0,0,0.0,line_missing,0,0,0,0,0,0,0,0,TRK tick=245984 exp_id=83 t_ms=0 run=0 ts=14.000 kp=0.250 ki=0.000 kd=0.000 st=0.000 lt=0.000 rt=0.000 la=0.000 ra=0.000 lse=0.000 rse=0.000 lso=0.000 rso=0.000 lc=4756 rc=7389 cd=-2633 cde=0.000 cdo=0.000 lp=-2.500 lpr=-2.500 y=0.000 yr=0.000 el=0.000 er=0.000 ed=0.000 dl=0 dr=0 cl=0 cr=0 L=0 R=0 s1=0 s2=0 s3=0 s4=0 s5=0 s6=0 s7=0 s8=0 rx=479 txdrop=0
246184,83,0.0,0,14.0,0.0,0.0,0.0,0.25,0.0,0.0,0.0,0.0,0.0,0.0,0.0,0.0,0.0,0,0,0,0,0.0,0.0,0.0,0.0,0.0,0.0,0,0,0,0.0,0.0,0.0,0.0,0.0,0.0,0.0,0.0,0,0.0,line_missing,0,0,0,0,0,0,0,0,"TRK tick=246184 exp_id=83 t_ms=0 run=0 ts=14.000 kp=0.250 ki=0.000 kd=0.000 st=0.000 lt=0.000 rt=0.000 laCMD #EXP=RUN,84,15000!"
246772,84,301.0,1,14.0,1.4,1.072,0.822,0.25,0.0,0.0,0.5,0.5,0.011,0.087,0.0,0.0,0.0,0,0,0,0,0.0,0.0,1.072,0.822,26.0,26.0,1,0,1,0.0,0.0,0.0,26.0,26.0,0.0,0.0,0.0,1,-0.5,left_bias,0,0,0,0,1,0,0,0,TRK tick=246772 exp_id=84 t_ms=301 run=1 ts=14.000 kp=0.250 ki=0.000 kd=0.000 st=1.400 lt=1.072 rt=0.822 la=0.000 ra=0.000 lse=1.072 rse=0.822 lso=26.000 rso=26.000 lc=1 rc=0 cd=1 cde=0.000 cdo=0.000 lp=0.500 lpr=0.500 y=0.011 yr=0.087 el=0.000 er=0.000 ed=0.000 dl=0 dr=0 cl=0 cr=0 L=26 R=26 s1=0 s2=0 s3=0 s4=0 s5=1 s6=0 s7=0 s8=0 rx=511 txdrop=0
247069,84,598.0,1,14.0,1.4,1.522,1.272,0.25,0.0,0.0,0.5,0.5,-1.187,-40.33,0.25,0.25,0.0,0,0,0,0,0.25,0.25,1.272,1.022,26.0,26.0,586,642,-56,0.0,0.0,0.0,26.0,26.0,0.0,0.0,0.0,1,-0.5,left_bias,0,0,0,0,1,0,0,0,TRK tick=247069 exp_id=84 t_ms=598 run=1 ts=14.000 kp=0.250 ki=0.000 kd=0.000 st=1.400 lt=1.522 rt=1.272 la=0.250 ra=0.250 lse=1.272 rse=1.022 lso=26.000 rso=26.000 lc=586 rc=642 cd=-56 cde=0.000 cdo=0.000 lp=0.500 lpr=0.500 y=-1.187 yr=-40.330 el=0.250 er=0.250 ed=0.000 dl=0 dr=0 cl=0 cr=0 L=26 R=26 s1=0 s2=0 s3=0 s4=0 s5=1 s6=0 s7=0 s8=0 rx=511 txdrop=0
247373,84,902.0,1,14.0,1.4,1.775,1.025,0.25,0.0,0.0,1.5,1.5,-8.008,-101.61,0.25,0.0,0.25,0,0,0,0,0.25,0.0,1.525,1.025,24.761,15.888,1506,1669,-163,0.0,0.0,0.0,24.0,15.0,0.0,0.0,0.0,1,-1.5,left_bias,0,0,0,0,0,1,0,0,TRK tick=247373 exp_id=84 t_ms=902 run=1 ts=14.000 kp=0.250 ki=0.000 kd=0.000 st=1.400 lt=1.775 rt=1.025 la=0.250 ra=0.000 lse=1.525 rse=1.025 lso=24.761 rso=15.888 lc=1506 rc=1669 cd=-163 cde=0.000 cdo=0.000 lp=1.500 lpr=1.500 y=-8.008 yr=-101.610 el=0.250 er=0.000 ed=0.250 dl=0 dr=0 cl=0 cr=0 L=24 R=15 s1=0 s2=0 s3=0 s4=0 s5=0 s6=1 s7=0 s8=0 rx=511 txdrop=0
247669,84,1198.0,1,14.0,1.4,1.8,0.775,0.25,0.0,0.0,2.5,2.5,-2.84,84.636,0.0,0.0,0.0,0,0,0,0,0.0,0.0,1.8,0.775,27.892,12.149,2318,2327,-9,0.0,0.0,0.0,27.0,12.0,0.0,0.0,0.0,1,-2.5,left_bias,0,0,0,0,0,0,1,0,TRK tick=247669 exp_id=84 t_ms=1198 run=1 ts=14.000 kp=0.250 ki=0.000 kd=0.000 st=1.400 lt=1.800 rt=0.775 la=0.000 ra=0.000 lse=1.800 rse=0.775 lso=27.892 rso=12.149 lc=2318 rc=2327 cd=-9 cde=0.000 cdo=0.000 lp=2.500 lpr=2.500 y=-2.840 yr=84.636 el=0.000 er=0.000 ed=0.000 dl=0 dr=0 cl=0 cr=0 L=27 R=12 s1=0 s2=0 s3=0 s4=0 s5=0 s6=0 s7=1 s8=0 rx=511 txdrop=0
247973,84,1502.0,1,14.0,1.4,1.025,1.775,0.25,0.0,0.0,-1.5,-1.5,7.213,143.05,0.0,0.0,0.0,1,0,0,0,0.0,0.0,1.025,1.775,16.58,27.554,3223,2737,486,0.0,0.0,0.0,16.0,27.0,0.0,0.0,0.0,1,1.5,right_bias,0,0,1,0,0,0,0,0,TRK tick=247973 exp_id=84 t_ms=1502 run=1 ts=14.000 kp=0.250 ki=0.000 kd=0.000 st=1.400 lt=1.025 rt=1.775 la=0.000 ra=0.000 lse=1.025 rse=1.775 lso=16.580 rso=27.554 lc=3223 rc=2737 cd=486 cde=0.000 cdo=0.000 lp=-1.500 lpr=-1.500 y=7.213 yr=143.050 el=0.000 er=0.000 ed=0.000 dl=1 dr=0 cl=0 cr=0 L=16 R=27 s1=0 s2=0 s3=1 s4=0 s5=0 s6=0 s7=0 s8=0 rx=511 txdrop=0
248269,84,1798.0,1,14.0,1.4,1.025,1.775,0.25,0.0,0.0,-1.5,-1.5,37.416,40.068,0.0,0.0,0.0,0,0,0,0,0.0,0.0,1.025,1.775,16.76,28.402,3906,3435,471,0.0,0.0,0.0,16.0,28.0,0.0,0.0,0.0,0,0.0,line_missing,0,0,0,0,0,0,0,0,TRK tick=248269 exp_id=84 t_ms=1798 run=1 ts=14.000 kp=0.250 ki=0.000 kd=0.000 st=1.400 lt=1.025 rt=1.775 la=0.000 ra=0.000 lse=1.025 rse=1.775 lso=16.760 rso=28.402 lc=3906 rc=3435 cd=471 cde=0.000 cdo=0.000 lp=-1.500 lpr=-1.500 y=37.416 yr=40.068 el=0.000 er=0.000 ed=0.000 dl=0 dr=0 cl=0 cr=0 L=16 R=28 s1=0 s2=0 s3=0 s4=0 s5=0 s6=0 s7=0 s8=0 rx=511 txdrop=0
248573,84,2102.0,1,14.0,1.4,1.025,1.775,0.25,0.0,0.0,-1.5,-1.5,28.627,-124.059,0.25,0.25,0.0,0,0,0,0,0.25,0.25,0.775,1.525,14.618,26.698,4527,4493,34,0.0,0.0,0.0,14.0,26.0,0.0,0.0,0.0,0,0.0,line_missing,0,0,0,0,0,0,0,0,TRK tick=248573 exp_id=84 t_ms=2102 run=1 ts=14.000 kp=0.250 ki=0.000 kd=0.000 st=1.400 lt=1.025 rt=1.775 la=0.250 ra=0.250 lse=0.775 rse=1.525 lso=14.618 rso=26.698 lc=4527 rc=4493 cd=34 cde=0.000 cdo=0.000 lp=-1.500 lpr=-1.500 y=28.627 yr=-124.059 el=0.250 er=0.250 ed=0.000 dl=0 dr=0 cl=0 cr=0 L=14 R=26 s1=0 s2=0 s3=0 s4=0 s5=0 s6=0 s7=0 s8=0 rx=511 txdrop=0
248868,84,2397.0,0,14.0,0.0,0.0,0.0,0.25,0.0,0.0,-1.5,-1.5,2.399,-149.427,0.0,0.0,0.0,0,1,0,0,0.0,0.0,0.0,0.0,0.0,0.0,5031,5558,-527,0.0,0.0,0.0,0.0,0.0,0.0,0.0,0.0,0,0.0,line_missing,0,0,0,0,0,0,0,0,TRK tick=248868 exp_id=84 t_ms=2397 run=0 ts=14.000 kp=0.250 ki=0.000 kd=0.000 st=0.000 lt=0.000 rt=0.000 la=0.000 ra=0.000 lse=0.000 rse=0.000 lso=0.000 rso=0.000 lc=5031 rc=5558 cd=-527 cde=0.000 cdo=0.000 lp=-1.500 lpr=-1.500 y=2.399 yr=-149.427 el=0.000 er=0.000 ed=0.000 dl=0 dr=1 cl=0 cr=0 L=0 R=0 s1=0 s2=0 s3=0 s4=0 s5=0 s6=0 s7=0 s8=0 rx=511 txdrop=0
249067,84,2595.0,0,14.0,0.0,0.0,0.0,0.25,0.0,0.0,-1.5,-1.5,2.399,-149.427,0.0,0.0,0.0,0,1,0,0,0.0,0.0,0.0,0.0,0.0,0.0,5031,5558,-527,0.0,0.0,0.0,0.0,0.0,0.0,0.0,0.0,0,0.0,line_missing,0,0,0,0,0,0,0,0,TRK tick=249067 exp_id=84 t_ms=2595 run=0 ts=14.000 kp=0.250 ki=0.000 kd=0.000 st=0.000 lt=0.000 rt=0.000 la=0.000 ra=0.000 lse=0.000 rse=0.000 lso=0.000 rso=0.000 lc=5031 rc=5558 cd=-527 cde=0.000 cdo=0.000 lp=-1.500 lpr=-1.500 y=2.399 yr=-149.427 el=0.000 er=0.000 ed=0.000 dl=0 dr=1 cl=0 cr=0 L=0 R=0 s1=0 s2=0 s3=0 s4=0 s5=0 s6=0 s7=0 s8=0 rx=511 txdrop=0
249264,84,2793.0,0,14.0,0.0,0.0,0.0,0.25,0.0,0.0,-1.5,-1.5,2.399,-149.427,0.0,0.0,0.0,0,1,0,0,0.0,0.0,0.0,0.0,0.0,0.0,5031,5558,-527,0.0,0.0,0.0,0.0,0.0,0.0,0.0,0.0,0,0.0,line_missing,0,0,0,0,0,0,0,0,TRK tick=249264 exp_id=84 t_ms=2793 run=0 ts=14.000 kp=0.250 ki=0.000 kd=0.000 st=0.000 lt=0.000 rt=0.000 la=0.000 ra=0.000 lse=0.000 rse=0.000 lso=0.000 rso=0.000 lc=5031 rc=5558 cd=-527 cde=0.000 cdo=0.000 lp=-1.500 lpr=-1.500 y=2.399 yr=-149.427 el=0.000 er=0.000 ed=0.000 dl=0 dr=1 cl=0 cr=0 L=0 R=0 s1=0 s2=0 s3=0 s4=0 s5=0 s6=0 s7=0 s8=0 rx=511 txdrop=0
249462,84,2991.0,0,14.0,0.0,0.0,0.0,0.25,0.0,0.0,-1.5,-1.5,2.399,-149.427,0.0,0.0,0.0,0,1,0,0,0.0,0.0,0.0,0.0,0.0,0.0,5031,5558,-527,0.0,0.0,0.0,0.0,0.0,0.0,0.0,0.0,0,0.0,line_missing,0,0,0,0,0,0,0,0,TRK tick=249462 exp_id=84 t_ms=2991 run=0 ts=14.000 kp=0.250 ki=0.000 kd=0.000 st=0.000 lt=0.000 rt=0.000 la=0.000 ra=0.000 lse=0.000 rse=0.000 lso=0.000 rso=0.000 lc=5031 rc=5558 cd=-527 cde=0.000 cdo=0.000 lp=-1.500 lpr=-1.500 y=2.399 yr=-149.427 el=0.000 er=0.000 ed=0.000 dl=0 dr=1 cl=0 cr=0 L=0 R=0 s1=0 s2=0 s3=0 s4=0 s5=0 s6=0 s7=0 s8=0 rx=511 txdrop=0
249660,84,3189.0,0,14.0,0.0,0.0,0.0,0.25,0.0,0.0,-1.5,-1.5,2.399,-149.427,0.0,0.0,0.0,0,1,0,0,0.0,0.0,0.0,0.0,0.0,0.0,5031,5558,-527,0.0,0.0,0.0,0.0,0.0,0.0,0.0,0.0,0,0.0,line_missing,0,0,0,0,0,0,0,0,TRK tick=249660 exp_id=84 t_ms=3189 run=0 ts=14.000 kp=0.250 ki=0.000 kd=0.000 st=0.000 lt=0.000 rt=0.000 la=0.000 ra=0.000 lse=0.000 rse=0.000 lso=0.000 rso=0.000 lc=5031 rc=5558 cd=-527 cde=0.000 cdo=0.000 lp=-1.500 lpr=-1.500 y=2.399 yr=-149.427 el=0.000 er=0.000 ed=0.000 dl=0 dr=1 cl=0 cr=0 L=0 R=0 s1=0 s2=0 s3=0 s4=0 s5=0 s6=0 s7=0 s8=0 rx=511 txdrop=0
249858,84,3387.0,0,14.0,0.0,0.0,0.0,0.25,0.0,0.0,-1.5,-1.5,2.399,-149.427,0.0,0.0,0.0,0,1,0,0,0.0,0.0,0.0,0.0,0.0,0.0,5031,5558,-527,0.0,0.0,0.0,0.0,0.0,0.0,0.0,0.0,0,0.0,line_missing,0,0,0,0,0,0,0,0,TRK tick=249858 exp_id=84 t_ms=3387 run=0 ts=14.000 kp=0.250 ki=0.000 kd=0.000 st=0.000 lt=0.000 rt=0.000 la=0.000 ra=0.000 lse=0.000 rse=0.000 lso=0.000 rso=0.000 lc=5031 rc=5558 cd=-527 cde=0.000 cdo=0.000 lp=-1.500 lpr=-1.500 y=2.399 yr=-149.427 el=0.000 er=0.000 ed=0.000 dl=0 dr=1 cl=0 cr=0 L=0 R=0 s1=0 s2=0 s3=0 s4=0 s5=0 s6=0 s7=0 s8=0 rx=511 txdrop=0
250056,84,3585.0,0,14.0,0.0,0.0,0.0,0.25,0.0,0.0,-1.5,-1.5,2.399,-149.427,0.0,0.0,0.0,0,1,0,0,0.0,0.0,0.0,0.0,0.0,0.0,5031,5558,-527,0.0,0.0,0.0,0.0,0.0,0.0,0.0,0.0,0,0.0,line_missing,0,0,0,0,0,0,0,0,TRK tick=250056 exp_id=84 t_ms=3585 run=0 ts=14.000 kp=0.250 ki=0.000 kd=0.000 st=0.000 lt=0.000 rt=0.000 la=0.000 ra=0.000 lse=0.000 rse=0.000 lso=0.000 rso=0.000 lc=5031 rc=5558 cd=-527 cde=0.000 cdo=0.000 lp=-1.500 lpr=-1.500 y=2.399 yr=-149.427 el=0.000 er=0.000 ed=0.000 dl=0 dr=1 cl=0 cr=0 L=0 R=0 s1=0 s2=0 s3=0 s4=0 s5=0 s6=0 s7=0 s8=0 rx=511 txdrop=0
250254,84,3783.0,0,14.0,0.0,0.0,0.0,0.25,0.0,0.0,-1.5,-1.5,2.399,-149.427,0.0,0.0,0.0,0,1,0,0,0.0,0.0,0.0,0.0,0.0,0.0,5031,5558,-527,0.0,0.0,0.0,0.0,0.0,0.0,0.0,0.0,0,0.0,line_missing,0,0,0,0,0,0,0,0,TRK tick=250254 exp_id=84 t_ms=3783 run=0 ts=14.000 kp=0.250 ki=0.000 kd=0.000 st=0.000 lt=0.000 rt=0.000 la=0.000 ra=0.000 lse=0.000 rse=0.000 lso=0.000 rso=0.000 lc=5031 rc=5558 cd=-527 cde=0.000 cdo=0.000 lp=-1.500 lpr=-1.500 y=2.399 yr=-149.427 el=0.000 er=0.000 ed=0.000 dl=0 dr=1 cl=0 cr=0 L=0 R=0 s1=0 s2=0 s3=0 s4=0 s5=0 s6=0 s7=0 s8=0 rx=511 txdrop=0
250451,84,3980.0,0,14.0,0.0,0.0,0.0,0.25,0.0,0.0,-1.5,-1.5,2.399,-149.427,0.0,0.0,0.0,0,1,0,0,0.0,0.0,0.0,0.0,0.0,0.0,5031,5558,-527,0.0,0.0,0.0,0.0,0.0,0.0,0.0,0.0,0,0.0,line_missing,0,0,0,0,0,0,0,0,TRK tick=250451 exp_id=84 t_ms=3980 run=0 ts=14.000 kp=0.250 ki=0.000 kd=0.000 st=0.000 lt=0.000 rt=0.000 la=0.000 ra=0.000 lse=0.000 rse=0.000 lso=0.000 rso=0.000 lc=5031 rc=5558 cd=-527 cde=0.000 cdo=0.000 lp=-1.500 lpr=-1.500 y=2.399 yr=-149.427 el=0.000 er=0.000 ed=0.000 dl=0 dr=1 cl=0 cr=0 L=0 R=0 s1=0 s2=0 s3=0 s4=0 s5=0 s6=0 s7=0 s8=0 rx=511 txdrop=0
250649,84,4178.0,0,14.0,0.0,0.0,0.0,0.25,0.0,0.0,-1.5,-1.5,2.399,-149.427,0.0,0.0,0.0,0,1,0,0,0.0,0.0,0.0,0.0,0.0,0.0,5031,5558,-527,0.0,0.0,0.0,0.0,0.0,0.0,0.0,0.0,0,0.0,line_missing,0,0,0,0,0,0,0,0,TRK tick=250649 exp_id=84 t_ms=4178 run=0 ts=14.000 kp=0.250 ki=0.000 kd=0.000 st=0.000 lt=0.000 rt=0.000 la=0.000 ra=0.000 lse=0.000 rse=0.000 lso=0.000 rso=0.000 lc=5031 rc=5558 cd=-527 cde=0.000 cdo=0.000 lp=-1.500 lpr=-1.500 y=2.399 yr=-149.427 el=0.000 er=0.000 ed=0.000 dl=0 dr=1 cl=0 cr=0 L=0 R=0 s1=0 s2=0 s3=0 s4=0 s5=0 s6=0 s7=0 s8=0 rx=511 txdrop=0
250847,84,4376.0,0,14.0,0.0,0.0,0.0,0.25,0.0,0.0,-1.5,-1.5,2.399,-149.427,0.0,0.0,0.0,0,1,0,0,0.0,0.0,0.0,0.0,0.0,0.0,5031,5558,-527,0.0,0.0,0.0,0.0,0.0,0.0,0.0,0.0,0,0.0,line_missing,0,0,0,0,0,0,0,0,TRK tick=250847 exp_id=84 t_ms=4376 run=0 ts=14.000 kp=0.250 ki=0.000 kd=0.000 st=0.000 lt=0.000 rt=0.000 la=0.000 ra=0.000 lse=0.000 rse=0.000 lso=0.000 rso=0.000 lc=5031 rc=5558 cd=-527 cde=0.000 cdo=0.000 lp=-1.500 lpr=-1.500 y=2.399 yr=-149.427 el=0.000 er=0.000 ed=0.000 dl=0 dr=1 cl=0 cr=0 L=0 R=0 s1=0 s2=0 s3=0 s4=0 s5=0 s6=0 s7=0 s8=0 rx=511 txdrop=0
251045,84,4574.0,0,14.0,0.0,0.0,0.0,0.25,0.0,0.0,-1.5,-1.5,2.399,-149.427,0.0,0.0,0.0,0,1,0,0,0.0,0.0,0.0,0.0,0.0,0.0,5031,5558,-527,0.0,0.0,0.0,0.0,0.0,0.0,0.0,0.0,0,0.0,line_missing,0,0,0,0,0,0,0,0,TRK tick=251045 exp_id=84 t_ms=4574 run=0 ts=14.000 kp=0.250 ki=0.000 kd=0.000 st=0.000 lt=0.000 rt=0.000 la=0.000 ra=0.000 lse=0.000 rse=0.000 lso=0.000 rso=0.000 lc=5031 rc=5558 cd=-527 cde=0.000 cdo=0.000 lp=-1.500 lpr=-1.500 y=2.399 yr=-149.427 el=0.000 er=0.000 ed=0.000 dl=0 dr=1 cl=0 cr=0 L=0 R=0 s1=0 s2=0 s3=0 s4=0 s5=0 s6=0 s7=0 s8=0 rx=511 txdrop=0
251243,84,4772.0,0,14.0,0.0,0.0,0.0,0.25,0.0,0.0,-1.5,-1.5,2.399,-149.427,0.0,0.0,0.0,0,1,0,0,0.0,0.0,0.0,0.0,0.0,0.0,5031,5558,-527,0.0,0.0,0.0,0.0,0.0,0.0,0.0,0.0,0,0.0,line_missing,0,0,0,0,0,0,0,0,TRK tick=251243 exp_id=84 t_ms=4772 run=0 ts=14.000 kp=0.250 ki=0.000 kd=0.000 st=0.000 lt=0.000 rt=0.000 la=0.000 ra=0.000 lse=0.000 rse=0.000 lso=0.000 rso=0.000 lc=5031 rc=5558 cd=-527 cde=0.000 cdo=0.000 lp=-1.500 lpr=-1.500 y=2.399 yr=-149.427 el=0.000 er=0.000 ed=0.000 dl=0 dr=1 cl=0 cr=0 L=0 R=0 s1=0 s2=0 s3=0 s4=0 s5=0 s6=0 s7=0 s8=0 rx=511 txdrop=0
251441,84,4970.0,0,14.0,0.0,0.0,0.0,0.25,0.0,0.0,-1.5,-1.5,2.399,-149.427,0.0,0.0,0.0,0,1,0,0,0.0,0.0,0.0,0.0,0.0,0.0,5031,5558,-527,0.0,0.0,0.0,0.0,0.0,0.0,0.0,0.0,0,0.0,line_missing,0,0,0,0,0,0,0,0,TRK tick=251441 exp_id=84 t_ms=4970 run=0 ts=14.000 kp=0.250 ki=0.000 kd=0.000 st=0.000 lt=0.000 rt=0.000 la=0.000 ra=0.000 lse=0.000 rse=0.000 lso=0.000 rso=0.000 lc=5031 rc=5558 cd=-527 cde=0.000 cdo=0.000 lp=-1.500 lpr=-1.500 y=2.399 yr=-149.427 el=0.000 er=0.000 ed=0.000 dl=0 dr=1 cl=0 cr=0 L=0 R=0 s1=0 s2=0 s3=0 s4=0 s5=0 s6=0 s7=0 s8=0 rx=511 txdrop=0
251639,84,5168.0,0,14.0,0.0,0.0,0.0,0.25,0.0,0.0,-1.5,-1.5,2.399,-149.427,0.0,0.0,0.0,0,1,0,0,0.0,0.0,0.0,0.0,0.0,0.0,5031,5558,-527,0.0,0.0,0.0,0.0,0.0,0.0,0.0,0.0,0,0.0,line_missing,0,0,0,0,0,0,0,0,TRK tick=251639 exp_id=84 t_ms=5168 run=0 ts=14.000 kp=0.250 ki=0.000 kd=0.000 st=0.000 lt=0.000 rt=0.000 la=0.000 ra=0.000 lse=0.000 rse=0.000 lso=0.000 rso=0.000 lc=5031 rc=5558 cd=-527 cde=0.000 cdo=0.000 lp=-1.500 lpr=-1.500 y=2.399 yr=-149.427 el=0.000 er=0.000 ed=0.000 dl=0 dr=1 cl=0 cr=0 L=0 R=0 s1=0 s2=0 s3=0 s4=0 s5=0 s6=0 s7=0 s8=0 rx=511 txdrop=0
251836,84,5365.0,0,14.0,0.0,0.0,0.0,0.25,0.0,0.0,-1.5,-1.5,2.399,-149.427,0.0,0.0,0.0,0,1,0,0,0.0,0.0,0.0,0.0,0.0,0.0,5031,5558,-527,0.0,0.0,0.0,0.0,0.0,0.0,0.0,0.0,0,0.0,line_missing,0,0,0,0,0,0,0,0,TRK tick=251836 exp_id=84 t_ms=5365 run=0 ts=14.000 kp=0.250 ki=0.000 kd=0.000 st=0.000 lt=0.000 rt=0.000 la=0.000 ra=0.000 lse=0.000 rse=0.000 lso=0.000 rso=0.000 lc=5031 rc=5558 cd=-527 cde=0.000 cdo=0.000 lp=-1.500 lpr=-1.500 y=2.399 yr=-149.427 el=0.000 er=0.000 ed=0.000 dl=0 dr=1 cl=0 cr=0 L=0 R=0 s1=0 s2=0 s3=0 s4=0 s5=0 s6=0 s7=0 s8=0 rx=511 txdrop=0
252034,84,5563.0,0,14.0,0.0,0.0,0.0,0.25,0.0,0.0,-1.5,-1.5,2.399,-149.427,0.0,0.0,0.0,0,1,0,0,0.0,0.0,0.0,0.0,0.0,0.0,5031,5558,-527,0.0,0.0,0.0,0.0,0.0,0.0,0.0,0.0,0,0.0,line_missing,0,0,0,0,0,0,0,0,TRK tick=252034 exp_id=84 t_ms=5563 run=0 ts=14.000 kp=0.250 ki=0.000 kd=0.000 st=0.000 lt=0.000 rt=0.000 la=0.000 ra=0.000 lse=0.000 rse=0.000 lso=0.000 rso=0.000 lc=5031 rc=5558 cd=-527 cde=0.000 cdo=0.000 lp=-1.500 lpr=-1.500 y=2.399 yr=-149.427 el=0.000 er=0.000 ed=0.000 dl=0 dr=1 cl=0 cr=0 L=0 R=0 s1=0 s2=0 s3=0 s4=0 s5=0 s6=0 s7=0 s8=0 rx=511 txdrop=0
252232,84,5761.0,0,14.0,0.0,0.0,0.0,0.25,0.0,0.0,-1.5,-1.5,2.399,-149.427,0.0,0.0,0.0,0,1,0,0,0.0,0.0,0.0,0.0,0.0,0.0,5031,5558,-527,0.0,0.0,0.0,0.0,0.0,0.0,0.0,0.0,0,0.0,line_missing,0,0,0,0,0,0,0,0,TRK tick=252232 exp_id=84 t_ms=5761 run=0 ts=14.000 kp=0.250 ki=0.000 kd=0.000 st=0.000 lt=0.000 rt=0.000 la=0.000 ra=0.000 lse=0.000 rse=0.000 lso=0.000 rso=0.000 lc=5031 rc=5558 cd=-527 cde=0.000 cdo=0.000 lp=-1.500 lpr=-1.500 y=2.399 yr=-149.427 el=0.000 er=0.000 ed=0.000 dl=0 dr=1 cl=0 cr=0 L=0 R=0 s1=0 s2=0 s3=0 s4=0 s5=0 s6=0 s7=0 s8=0 rx=511 txdrop=0
252430,84,5959.0,0,14.0,0.0,0.0,0.0,0.25,0.0,0.0,-1.5,-1.5,2.399,-149.427,0.0,0.0,0.0,0,1,0,0,0.0,0.0,0.0,0.0,0.0,0.0,5031,5558,-527,0.0,0.0,0.0,0.0,0.0,0.0,0.0,0.0,0,0.0,line_missing,0,0,0,0,0,0,0,0,TRK tick=252430 exp_id=84 t_ms=5959 run=0 ts=14.000 kp=0.250 ki=0.000 kd=0.000 st=0.000 lt=0.000 rt=0.000 la=0.000 ra=0.000 lse=0.000 rse=0.000 lso=0.000 rso=0.000 lc=5031 rc=5558 cd=-527 cde=0.000 cdo=0.000 lp=-1.500 lpr=-1.500 y=2.399 yr=-149.427 el=0.000 er=0.000 ed=0.000 dl=0 dr=1 cl=0 cr=0 L=0 R=0 s1=0 s2=0 s3=0 s4=0 s5=0 s6=0 s7=0 s8=0 rx=511 txdrop=0
252628,84,6157.0,0,14.0,0.0,0.0,0.0,0.25,0.0,0.0,-1.5,-1.5,2.399,-149.427,0.0,0.0,0.0,0,1,0,0,0.0,0.0,0.0,0.0,0.0,0.0,5031,5558,-527,0.0,0.0,0.0,0.0,0.0,0.0,0.0,0.0,0,0.0,line_missing,0,0,0,0,0,0,0,0,TRK tick=252628 exp_id=84 t_ms=6157 run=0 ts=14.000 kp=0.250 ki=0.000 kd=0.000 st=0.000 lt=0.000 rt=0.000 la=0.000 ra=0.000 lse=0.000 rse=0.000 lso=0.000 rso=0.000 lc=5031 rc=5558 cd=-527 cde=0.000 cdo=0.000 lp=-1.500 lpr=-1.500 y=2.399 yr=-149.427 el=0.000 er=0.000 ed=0.000 dl=0 dr=1 cl=0 cr=0 L=0 R=0 s1=0 s2=0 s3=0 s4=0 s5=0 s6=0 s7=0 s8=0 rx=511 txdrop=0
252826,84,6355.0,0,14.0,0.0,0.0,0.0,0.25,0.0,0.0,-1.5,-1.5,2.399,-149.427,0.0,0.0,0.0,0,1,0,0,0.0,0.0,0.0,0.0,0.0,0.0,5031,5558,-527,0.0,0.0,0.0,0.0,0.0,0.0,0.0,0.0,0,0.0,line_missing,0,0,0,0,0,0,0,0,TRK tick=252826 exp_id=84 t_ms=6355 run=0 ts=14.000 kp=0.250 ki=0.000 kd=0.000 st=0.000 lt=0.000 rt=0.000 la=0.000 ra=0.000 lse=0.000 rse=0.000 lso=0.000 rso=0.000 lc=5031 rc=5558 cd=-527 cde=0.000 cdo=0.000 lp=-1.500 lpr=-1.500 y=2.399 yr=-149.427 el=0.000 er=0.000 ed=0.000 dl=0 dr=1 cl=0 cr=0 L=0 R=0 s1=0 s2=0 s3=0 s4=0 s5=0 s6=0 s7=0 s8=0 rx=511 txdrop=0
253024,84,6552.0,0,14.0,0.0,0.0,0.0,0.25,0.0,0.0,-1.5,-1.5,2.399,-149.427,0.0,0.0,0.0,0,1,0,0,0.0,0.0,0.0,0.0,0.0,0.0,5031,5558,-527,0.0,0.0,0.0,0.0,0.0,0.0,0.0,0.0,0,0.0,line_missing,0,0,0,0,0,0,0,0,TRK tick=253024 exp_id=84 t_ms=6552 run=0 ts=14.000 kp=0.250 ki=0.000 kd=0.000 st=0.000 lt=0.000 rt=0.000 la=0.000 ra=0.000 lse=0.000 rse=0.000 lso=0.000 rso=0.000 lc=5031 rc=5558 cd=-527 cde=0.000 cdo=0.000 lp=-1.500 lpr=-1.500 y=2.399 yr=-149.427 el=0.000 er=0.000 ed=0.000 dl=0 dr=1 cl=0 cr=0 L=0 R=0 s1=0 s2=0 s3=0 s4=0 s5=0 s6=0 s7=0 s8=0 rx=511 txdrop=0
253221,84,6750.0,0,14.0,0.0,0.0,0.0,0.25,0.0,0.0,-1.5,-1.5,2.399,-149.427,0.0,0.0,0.0,0,1,0,0,0.0,0.0,0.0,0.0,0.0,0.0,5031,5558,-527,0.0,0.0,0.0,0.0,0.0,0.0,0.0,0.0,0,0.0,line_missing,0,0,0,0,0,0,0,0,TRK tick=253221 exp_id=84 t_ms=6750 run=0 ts=14.000 kp=0.250 ki=0.000 kd=0.000 st=0.000 lt=0.000 rt=0.000 la=0.000 ra=0.000 lse=0.000 rse=0.000 lso=0.000 rso=0.000 lc=5031 rc=5558 cd=-527 cde=0.000 cdo=0.000 lp=-1.500 lpr=-1.500 y=2.399 yr=-149.427 el=0.000 er=0.000 ed=0.000 dl=0 dr=1 cl=0 cr=0 L=0 R=0 s1=0 s2=0 s3=0 s4=0 s5=0 s6=0 s7=0 s8=0 rx=511 txdrop=0
253419,84,6948.0,0,14.0,0.0,0.0,0.0,0.25,0.0,0.0,-1.5,-1.5,2.399,-149.427,0.0,0.0,0.0,0,1,0,0,0.0,0.0,0.0,0.0,0.0,0.0,5031,5558,-527,0.0,0.0,0.0,0.0,0.0,0.0,0.0,0.0,0,0.0,line_missing,0,0,0,0,0,0,0,0,TRK tick=253419 exp_id=84 t_ms=6948 run=0 ts=14.000 kp=0.250 ki=0.000 kd=0.000 st=0.000 lt=0.000 rt=0.000 la=0.000 ra=0.000 lse=0.000 rse=0.000 lso=0.000 rso=0.000 lc=5031 rc=5558 cd=-527 cde=0.000 cdo=0.000 lp=-1.500 lpr=-1.500 y=2.399 yr=-149.427 el=0.000 er=0.000 ed=0.000 dl=0 dr=1 cl=0 cr=0 L=0 R=0 s1=0 s2=0 s3=0 s4=0 s5=0 s6=0 s7=0 s8=0 rx=511 txdrop=0
253617,84,7146.0,0,14.0,0.0,0.0,0.0,0.25,0.0,0.0,-1.5,-1.5,2.399,-149.427,0.0,0.0,0.0,0,1,0,0,0.0,0.0,0.0,0.0,0.0,0.0,5031,5558,-527,0.0,0.0,0.0,0.0,0.0,0.0,0.0,0.0,0,0.0,line_missing,0,0,0,0,0,0,0,0,TRK tick=253617 exp_id=84 t_ms=7146 run=0 ts=14.000 kp=0.250 ki=0.000 kd=0.000 st=0.000 lt=0.000 rt=0.000 la=0.000 ra=0.000 lse=0.000 rse=0.000 lso=0.000 rso=0.000 lc=5031 rc=5558 cd=-527 cde=0.000 cdo=0.000 lp=-1.500 lpr=-1.500 y=2.399 yr=-149.427 el=0.000 er=0.000 ed=0.000 dl=0 dr=1 cl=0 cr=0 L=0 R=0 s1=0 s2=0 s3=0 s4=0 s5=0 s6=0 s7=0 s8=0 rx=511 txdrop=0
253815,84,7344.0,0,14.0,0.0,0.0,0.0,0.25,0.0,0.0,-1.5,-1.5,2.399,-149.427,0.0,0.0,0.0,0,1,0,0,0.0,0.0,0.0,0.0,0.0,0.0,5031,5558,-527,0.0,0.0,0.0,0.0,0.0,0.0,0.0,0.0,0,0.0,line_missing,0,0,0,0,0,0,0,0,TRK tick=253815 exp_id=84 t_ms=7344 run=0 ts=14.000 kp=0.250 ki=0.000 kd=0.000 st=0.000 lt=0.000 rt=0.000 la=0.000 ra=0.000 lse=0.000 rse=0.000 lso=0.000 rso=0.000 lc=5031 rc=5558 cd=-527 cde=0.000 cdo=0.000 lp=-1.500 lpr=-1.500 y=2.399 yr=-149.427 el=0.000 er=0.000 ed=0.000 dl=0 dr=1 cl=0 cr=0 L=0 R=0 s1=0 s2=0 s3=0 s4=0 s5=0 s6=0 s7=0 s8=0 rx=511 txdrop=0
254013,84,7542.0,0,14.0,0.0,0.0,0.0,0.25,0.0,0.0,-1.5,-1.5,2.399,-149.427,0.0,0.0,0.0,0,1,0,0,0.0,0.0,0.0,0.0,0.0,0.0,5031,5558,-527,0.0,0.0,0.0,0.0,0.0,0.0,0.0,0.0,0,0.0,line_missing,0,0,0,0,0,0,0,0,TRK tick=254013 exp_id=84 t_ms=7542 run=0 ts=14.000 kp=0.250 ki=0.000 kd=0.000 st=0.000 lt=0.000 rt=0.000 la=0.000 ra=0.000 lse=0.000 rse=0.000 lso=0.000 rso=0.000 lc=5031 rc=5558 cd=-527 cde=0.000 cdo=0.000 lp=-1.500 lpr=-1.500 y=2.399 yr=-149.427 el=0.000 er=0.000 ed=0.000 dl=0 dr=1 cl=0 cr=0 L=0 R=0 s1=0 s2=0 s3=0 s4=0 s5=0 s6=0 s7=0 s8=0 rx=511 txdrop=0
254211,84,7740.0,0,14.0,0.0,0.0,0.0,0.25,0.0,0.0,-1.5,-1.5,2.399,-149.427,0.0,0.0,0.0,0,1,0,0,0.0,0.0,0.0,0.0,0.0,0.0,5031,5558,-527,0.0,0.0,0.0,0.0,0.0,0.0,0.0,0.0,0,0.0,line_missing,0,0,0,0,0,0,0,0,TRK tick=254211 exp_id=84 t_ms=7740 run=0 ts=14.000 kp=0.250 ki=0.000 kd=0.000 st=0.000 lt=0.000 rt=0.000 la=0.000 ra=0.000 lse=0.000 rse=0.000 lso=0.000 rso=0.000 lc=5031 rc=5558 cd=-527 cde=0.000 cdo=0.000 lp=-1.500 lpr=-1.500 y=2.399 yr=-149.427 el=0.000 er=0.000 ed=0.000 dl=0 dr=1 cl=0 cr=0 L=0 R=0 s1=0 s2=0 s3=0 s4=0 s5=0 s6=0 s7=0 s8=0 rx=511 txdrop=0
254408,84,7937.0,0,14.0,0.0,0.0,0.0,0.25,0.0,0.0,-1.5,-1.5,2.399,-149.427,0.0,0.0,0.0,0,1,0,0,0.0,0.0,0.0,0.0,0.0,0.0,5031,5558,-527,0.0,0.0,0.0,0.0,0.0,0.0,0.0,0.0,0,0.0,line_missing,0,0,0,0,0,0,0,0,TRK tick=254408 exp_id=84 t_ms=7937 run=0 ts=14.000 kp=0.250 ki=0.000 kd=0.000 st=0.000 lt=0.000 rt=0.000 la=0.000 ra=0.000 lse=0.000 rse=0.000 lso=0.000 rso=0.000 lc=5031 rc=5558 cd=-527 cde=0.000 cdo=0.000 lp=-1.500 lpr=-1.500 y=2.399 yr=-149.427 el=0.000 er=0.000 ed=0.000 dl=0 dr=1 cl=0 cr=0 L=0 R=0 s1=0 s2=0 s3=0 s4=0 s5=0 s6=0 s7=0 s8=0 rx=511 txdrop=0
254606,84,8135.0,0,14.0,0.0,0.0,0.0,0.25,0.0,0.0,-1.5,-1.5,2.399,-149.427,0.0,0.0,0.0,0,1,0,0,0.0,0.0,0.0,0.0,0.0,0.0,5031,5558,-527,0.0,0.0,0.0,0.0,0.0,0.0,0.0,0.0,0,0.0,line_missing,0,0,0,0,0,0,0,0,TRK tick=254606 exp_id=84 t_ms=8135 run=0 ts=14.000 kp=0.250 ki=0.000 kd=0.000 st=0.000 lt=0.000 rt=0.000 la=0.000 ra=0.000 lse=0.000 rse=0.000 lso=0.000 rso=0.000 lc=5031 rc=5558 cd=-527 cde=0.000 cdo=0.000 lp=-1.500 lpr=-1.500 y=2.399 yr=-149.427 el=0.000 er=0.000 ed=0.000 dl=0 dr=1 cl=0 cr=0 L=0 R=0 s1=0 s2=0 s3=0 s4=0 s5=0 s6=0 s7=0 s8=0 rx=511 txdrop=0
254804,84,8333.0,0,14.0,0.0,0.0,0.0,0.25,0.0,0.0,-1.5,-1.5,2.399,-149.427,0.0,0.0,0.0,0,1,0,0,0.0,0.0,0.0,0.0,0.0,0.0,5031,5558,-527,0.0,0.0,0.0,0.0,0.0,0.0,0.0,0.0,0,0.0,line_missing,0,0,0,0,0,0,0,0,TRK tick=254804 exp_id=84 t_ms=8333 run=0 ts=14.000 kp=0.250 ki=0.000 kd=0.000 st=0.000 lt=0.000 rt=0.000 la=0.000 ra=0.000 lse=0.000 rse=0.000 lso=0.000 rso=0.000 lc=5031 rc=5558 cd=-527 cde=0.000 cdo=0.000 lp=-1.500 lpr=-1.500 y=2.399 yr=-149.427 el=0.000 er=0.000 ed=0.000 dl=0 dr=1 cl=0 cr=0 L=0 R=0 s1=0 s2=0 s3=0 s4=0 s5=0 s6=0 s7=0 s8=0 rx=511 txdrop=0
255002,84,8531.0,0,14.0,0.0,0.0,0.0,0.25,0.0,0.0,-1.5,-1.5,2.399,-149.427,0.0,0.0,0.0,0,1,0,0,0.0,0.0,0.0,0.0,0.0,0.0,5031,5558,-527,0.0,0.0,0.0,0.0,0.0,0.0,0.0,0.0,0,0.0,line_missing,0,0,0,0,0,0,0,0,TRK tick=255002 exp_id=84 t_ms=8531 run=0 ts=14.000 kp=0.250 ki=0.000 kd=0.000 st=0.000 lt=0.000 rt=0.000 la=0.000 ra=0.000 lse=0.000 rse=0.000 lso=0.000 rso=0.000 lc=5031 rc=5558 cd=-527 cde=0.000 cdo=0.000 lp=-1.500 lpr=-1.500 y=2.399 yr=-149.427 el=0.000 er=0.000 ed=0.000 dl=0 dr=1 cl=0 cr=0 L=0 R=0 s1=0 s2=0 s3=0 s4=0 s5=0 s6=0 s7=0 s8=0 rx=511 txdrop=0
255200,84,8729.0,0,14.0,0.0,0.0,0.0,0.25,0.0,0.0,-1.5,-1.5,2.399,-149.427,0.0,0.0,0.0,0,1,0,0,0.0,0.0,0.0,0.0,0.0,0.0,5031,5558,-527,0.0,0.0,0.0,0.0,0.0,0.0,0.0,0.0,0,0.0,line_missing,0,0,0,0,0,0,0,0,TRK tick=255200 exp_id=84 t_ms=8729 run=0 ts=14.000 kp=0.250 ki=0.000 kd=0.000 st=0.000 lt=0.000 rt=0.000 la=0.000 ra=0.000 lse=0.000 rse=0.000 lso=0.000 rso=0.000 lc=5031 rc=5558 cd=-527 cde=0.000 cdo=0.000 lp=-1.500 lpr=-1.500 y=2.399 yr=-149.427 el=0.000 er=0.000 ed=0.000 dl=0 dr=1 cl=0 cr=0 L=0 R=0 s1=0 s2=0 s3=0 s4=0 s5=0 s6=0 s7=0 s8=0 rx=511 txdrop=0
255398,84,8927.0,0,14.0,0.0,0.0,0.0,0.25,0.0,0.0,-1.5,-1.5,2.399,-149.427,0.0,0.0,0.0,0,1,0,0,0.0,0.0,0.0,0.0,0.0,0.0,5031,5558,-527,0.0,0.0,0.0,0.0,0.0,0.0,0.0,0.0,0,0.0,line_missing,0,0,0,0,0,0,0,0,TRK tick=255398 exp_id=84 t_ms=8927 run=0 ts=14.000 kp=0.250 ki=0.000 kd=0.000 st=0.000 lt=0.000 rt=0.000 la=0.000 ra=0.000 lse=0.000 rse=0.000 lso=0.000 rso=0.000 lc=5031 rc=5558 cd=-527 cde=0.000 cdo=0.000 lp=-1.500 lpr=-1.500 y=2.399 yr=-149.427 el=0.000 er=0.000 ed=0.000 dl=0 dr=1 cl=0 cr=0 L=0 R=0 s1=0 s2=0 s3=0 s4=0 s5=0 s6=0 s7=0 s8=0 rx=511 txdrop=0
255596,84,9125.0,0,14.0,0.0,0.0,0.0,0.25,0.0,0.0,-1.5,-1.5,2.399,-149.427,0.0,0.0,0.0,0,1,0,0,0.0,0.0,0.0,0.0,0.0,0.0,5031,5558,-527,0.0,0.0,0.0,0.0,0.0,0.0,0.0,0.0,0,0.0,line_missing,0,0,0,0,0,0,0,0,TRK tick=255596 exp_id=84 t_ms=9125 run=0 ts=14.000 kp=0.250 ki=0.000 kd=0.000 st=0.000 lt=0.000 rt=0.000 la=0.000 ra=0.000 lse=0.000 rse=0.000 lso=0.000 rso=0.000 lc=5031 rc=5558 cd=-527 cde=0.000 cdo=0.000 lp=-1.500 lpr=-1.500 y=2.399 yr=-149.427 el=0.000 er=0.000 ed=0.000 dl=0 dr=1 cl=0 cr=0 L=0 R=0 s1=0 s2=0 s3=0 s4=0 s5=0 s6=0 s7=0 s8=0 rx=511 txdrop=0
255793,84,9322.0,0,14.0,0.0,0.0,0.0,0.25,0.0,0.0,-1.5,-1.5,2.399,-149.427,0.0,0.0,0.0,0,1,0,0,0.0,0.0,0.0,0.0,0.0,0.0,5031,5558,-527,0.0,0.0,0.0,0.0,0.0,0.0,0.0,0.0,0,0.0,line_missing,0,0,0,0,0,0,0,0,TRK tick=255793 exp_id=84 t_ms=9322 run=0 ts=14.000 kp=0.250 ki=0.000 kd=0.000 st=0.000 lt=0.000 rt=0.000 la=0.000 ra=0.000 lse=0.000 rse=0.000 lso=0.000 rso=0.000 lc=5031 rc=5558 cd=-527 cde=0.000 cdo=0.000 lp=-1.500 lpr=-1.500 y=2.399 yr=-149.427 el=0.000 er=0.000 ed=0.000 dl=0 dr=1 cl=0 cr=0 L=0 R=0 s1=0 s2=0 s3=0 s4=0 s5=0 s6=0 s7=0 s8=0 rx=511 txdrop=0
255991,84,9520.0,0,14.0,0.0,0.0,0.0,0.25,0.0,0.0,-1.5,-1.5,2.399,-149.427,0.0,0.0,0.0,0,1,0,0,0.0,0.0,0.0,0.0,0.0,0.0,5031,5558,-527,0.0,0.0,0.0,0.0,0.0,0.0,0.0,0.0,0,0.0,line_missing,0,0,0,0,0,0,0,0,TRK tick=255991 exp_id=84 t_ms=9520 run=0 ts=14.000 kp=0.250 ki=0.000 kd=0.000 st=0.000 lt=0.000 rt=0.000 la=0.000 ra=0.000 lse=0.000 rse=0.000 lso=0.000 rso=0.000 lc=5031 rc=5558 cd=-527 cde=0.000 cdo=0.000 lp=-1.500 lpr=-1.500 y=2.399 yr=-149.427 el=0.000 er=0.000 ed=0.000 dl=0 dr=1 cl=0 cr=0 L=0 R=0 s1=0 s2=0 s3=0 s4=0 s5=0 s6=0 s7=0 s8=0 rx=511 txdrop=0
256189,84,9718.0,0,14.0,0.0,0.0,0.0,0.25,0.0,0.0,-1.5,-1.5,2.399,-149.427,0.0,0.0,0.0,0,1,0,0,0.0,0.0,0.0,0.0,0.0,0.0,5031,5558,-527,0.0,0.0,0.0,0.0,0.0,0.0,0.0,0.0,0,0.0,line_missing,0,0,0,0,0,0,0,0,TRK tick=256189 exp_id=84 t_ms=9718 run=0 ts=14.000 kp=0.250 ki=0.000 kd=0.000 st=0.000 lt=0.000 rt=0.000 la=0.000 ra=0.000 lse=0.000 rse=0.000 lso=0.000 rso=0.000 lc=5031 rc=5558 cd=-527 cde=0.000 cdo=0.000 lp=-1.500 lpr=-1.500 y=2.399 yr=-149.427 el=0.000 er=0.000 ed=0.000 dl=0 dr=1 cl=0 cr=0 L=0 R=0 s1=0 s2=0 s3=0 s4=0 s5=0 s6=0 s7=0 s8=0 rx=511 txdrop=0
256387,84,9916.0,0,14.0,0.0,0.0,0.0,0.25,0.0,0.0,-1.5,-1.5,2.399,-149.427,0.0,0.0,0.0,0,1,0,0,0.0,0.0,0.0,0.0,0.0,0.0,5031,5558,-527,0.0,0.0,0.0,0.0,0.0,0.0,0.0,0.0,0,0.0,line_missing,0,0,0,0,0,0,0,0,TRK tick=256387 exp_id=84 t_ms=9916 run=0 ts=14.000 kp=0.250 ki=0.000 kd=0.000 st=0.000 lt=0.000 rt=0.000 la=0.000 ra=0.000 lse=0.000 rse=0.000 lso=0.000 rso=0.000 lc=5031 rc=5558 cd=-527 cde=0.000 cdo=0.000 lp=-1.500 lpr=-1.500 y=2.399 yr=-149.427 el=0.000 er=0.000 ed=0.000 dl=0 dr=1 cl=0 cr=0 L=0 R=0 s1=0 s2=0 s3=0 s4=0 s5=0 s6=0 s7=0 s8=0 rx=511 txdrop=0
256585,84,10114.0,0,14.0,0.0,0.0,0.0,0.25,0.0,0.0,-1.5,-1.5,2.399,-149.427,0.0,0.0,0.0,0,1,0,0,0.0,0.0,0.0,0.0,0.0,0.0,5031,5558,-527,0.0,0.0,0.0,0.0,0.0,0.0,0.0,0.0,0,0.0,line_missing,0,0,0,0,0,0,0,0,TRK tick=256585 exp_id=84 t_ms=10114 run=0 ts=14.000 kp=0.250 ki=0.000 kd=0.000 st=0.000 lt=0.000 rt=0.000 la=0.000 ra=0.000 lse=0.000 rse=0.000 lso=0.000 rso=0.000 lc=5031 rc=5558 cd=-527 cde=0.000 cdo=0.000 lp=-1.500 lpr=-1.500 y=2.399 yr=-149.427 el=0.000 er=0.000 ed=0.000 dl=0 dr=1 cl=0 cr=0 L=0 R=0 s1=0 s2=0 s3=0 s4=0 s5=0 s6=0 s7=0 s8=0 rx=511 txdrop=0
256783,84,10312.0,0,14.0,0.0,0.0,0.0,0.25,0.0,0.0,-1.5,-1.5,2.399,-149.427,0.0,0.0,0.0,0,1,0,0,0.0,0.0,0.0,0.0,0.0,0.0,5031,5558,-527,0.0,0.0,0.0,0.0,0.0,0.0,0.0,0.0,0,0.0,line_missing,0,0,0,0,0,0,0,0,TRK tick=256783 exp_id=84 t_ms=10312 run=0 ts=14.000 kp=0.250 ki=0.000 kd=0.000 st=0.000 lt=0.000 rt=0.000 la=0.000 ra=0.000 lse=0.000 rse=0.000 lso=0.000 rso=0.000 lc=5031 rc=5558 cd=-527 cde=0.000 cdo=0.000 lp=-1.500 lpr=-1.500 y=2.399 yr=-149.427 el=0.000 er=0.000 ed=0.000 dl=0 dr=1 cl=0 cr=0 L=0 R=0 s1=0 s2=0 s3=0 s4=0 s5=0 s6=0 s7=0 s8=0 rx=511 txdrop=0
256981,84,10510.0,0,14.0,0.0,0.0,0.0,0.25,0.0,0.0,-1.5,-1.5,2.399,-149.427,0.0,0.0,0.0,0,1,0,0,0.0,0.0,0.0,0.0,0.0,0.0,5031,5558,-527,0.0,0.0,0.0,0.0,0.0,0.0,0.0,0.0,0,0.0,line_missing,0,0,0,0,0,0,0,0,TRK tick=256981 exp_id=84 t_ms=10510 run=0 ts=14.000 kp=0.250 ki=0.000 kd=0.000 st=0.000 lt=0.000 rt=0.000 la=0.000 ra=0.000 lse=0.000 rse=0.000 lso=0.000 rso=0.000 lc=5031 rc=5558 cd=-527 cde=0.000 cdo=0.000 lp=-1.500 lpr=-1.500 y=2.399 yr=-149.427 el=0.000 er=0.000 ed=0.000 dl=0 dr=1 cl=0 cr=0 L=0 R=0 s1=0 s2=0 s3=0 s4=0 s5=0 s6=0 s7=0 s8=0 rx=511 txdrop=0
257178,84,10707.0,0,14.0,0.0,0.0,0.0,0.25,0.0,0.0,-1.5,-1.5,2.399,-149.427,0.0,0.0,0.0,0,1,0,0,0.0,0.0,0.0,0.0,0.0,0.0,5031,5558,-527,0.0,0.0,0.0,0.0,0.0,0.0,0.0,0.0,0,0.0,line_missing,0,0,0,0,0,0,0,0,TRK tick=257178 exp_id=84 t_ms=10707 run=0 ts=14.000 kp=0.250 ki=0.000 kd=0.000 st=0.000 lt=0.000 rt=0.000 la=0.000 ra=0.000 lse=0.000 rse=0.000 lso=0.000 rso=0.000 lc=5031 rc=5558 cd=-527 cde=0.000 cdo=0.000 lp=-1.500 lpr=-1.500 y=2.399 yr=-149.427 el=0.000 er=0.000 ed=0.000 dl=0 dr=1 cl=0 cr=0 L=0 R=0 s1=0 s2=0 s3=0 s4=0 s5=0 s6=0 s7=0 s8=0 rx=511 txdrop=0
257376,84,10905.0,0,14.0,0.0,0.0,0.0,0.25,0.0,0.0,-1.5,-1.5,2.399,-149.427,0.0,0.0,0.0,0,1,0,0,0.0,0.0,0.0,0.0,0.0,0.0,5031,5558,-527,0.0,0.0,0.0,0.0,0.0,0.0,0.0,0.0,0,0.0,line_missing,0,0,0,0,0,0,0,0,TRK tick=257376 exp_id=84 t_ms=10905 run=0 ts=14.000 kp=0.250 ki=0.000 kd=0.000 st=0.000 lt=0.000 rt=0.000 la=0.000 ra=0.000 lse=0.000 rse=0.000 lso=0.000 rso=0.000 lc=5031 rc=5558 cd=-527 cde=0.000 cdo=0.000 lp=-1.500 lpr=-1.500 y=2.399 yr=-149.427 el=0.000 er=0.000 ed=0.000 dl=0 dr=1 cl=0 cr=0 L=0 R=0 s1=0 s2=0 s3=0 s4=0 s5=0 s6=0 s7=0 s8=0 rx=511 txdrop=0
257574,84,11103.0,0,14.0,0.0,0.0,0.0,0.25,0.0,0.0,-1.5,-1.5,2.399,-149.427,0.0,0.0,0.0,0,1,0,0,0.0,0.0,0.0,0.0,0.0,0.0,5031,5558,-527,0.0,0.0,0.0,0.0,0.0,0.0,0.0,0.0,0,0.0,line_missing,0,0,0,0,0,0,0,0,TRK tick=257574 exp_id=84 t_ms=11103 run=0 ts=14.000 kp=0.250 ki=0.000 kd=0.000 st=0.000 lt=0.000 rt=0.000 la=0.000 ra=0.000 lse=0.000 rse=0.000 lso=0.000 rso=0.000 lc=5031 rc=5558 cd=-527 cde=0.000 cdo=0.000 lp=-1.500 lpr=-1.500 y=2.399 yr=-149.427 el=0.000 er=0.000 ed=0.000 dl=0 dr=1 cl=0 cr=0 L=0 R=0 s1=0 s2=0 s3=0 s4=0 s5=0 s6=0 s7=0 s8=0 rx=511 txdrop=0
257772,84,11301.0,0,14.0,0.0,0.0,0.0,0.25,0.0,0.0,-1.5,-1.5,2.399,-149.427,0.0,0.0,0.0,0,1,0,0,0.0,0.0,0.0,0.0,0.0,0.0,5031,5558,-527,0.0,0.0,0.0,0.0,0.0,0.0,0.0,0.0,0,0.0,line_missing,0,0,0,0,0,0,0,0,TRK tick=257772 exp_id=84 t_ms=11301 run=0 ts=14.000 kp=0.250 ki=0.000 kd=0.000 st=0.000 lt=0.000 rt=0.000 la=0.000 ra=0.000 lse=0.000 rse=0.000 lso=0.000 rso=0.000 lc=5031 rc=5558 cd=-527 cde=0.000 cdo=0.000 lp=-1.500 lpr=-1.500 y=2.399 yr=-149.427 el=0.000 er=0.000 ed=0.000 dl=0 dr=1 cl=0 cr=0 L=0 R=0 s1=0 s2=0 s3=0 s4=0 s5=0 s6=0 s7=0 s8=0 rx=511 txdrop=0
257970,84,11499.0,0,14.0,0.0,0.0,0.0,0.25,0.0,0.0,-1.5,-1.5,2.399,-149.427,0.0,0.0,0.0,0,1,0,0,0.0,0.0,0.0,0.0,0.0,0.0,5031,5558,-527,0.0,0.0,0.0,0.0,0.0,0.0,0.0,0.0,0,0.0,line_missing,0,0,0,0,0,0,0,0,TRK tick=257970 exp_id=84 t_ms=11499 run=0 ts=14.000 kp=0.250 ki=0.000 kd=0.000 st=0.000 lt=0.000 rt=0.000 la=0.000 ra=0.000 lse=0.000 rse=0.000 lso=0.000 rso=0.000 lc=5031 rc=5558 cd=-527 cde=0.000 cdo=0.000 lp=-1.500 lpr=-1.500 y=2.399 yr=-149.427 el=0.000 er=0.000 ed=0.000 dl=0 dr=1 cl=0 cr=0 L=0 R=0 s1=0 s2=0 s3=0 s4=0 s5=0 s6=0 s7=0 s8=0 rx=511 txdrop=0
258168,84,11697.0,0,14.0,0.0,0.0,0.0,0.25,0.0,0.0,-1.5,-1.5,2.399,-149.427,0.0,0.0,0.0,0,1,0,0,0.0,0.0,0.0,0.0,0.0,0.0,5031,5558,-527,0.0,0.0,0.0,0.0,0.0,0.0,0.0,0.0,0,0.0,line_missing,0,0,0,0,0,0,0,0,TRK tick=258168 exp_id=84 t_ms=11697 run=0 ts=14.000 kp=0.250 ki=0.000 kd=0.000 st=0.000 lt=0.000 rt=0.000 la=0.000 ra=0.000 lse=0.000 rse=0.000 lso=0.000 rso=0.000 lc=5031 rc=5558 cd=-527 cde=0.000 cdo=0.000 lp=-1.500 lpr=-1.500 y=2.399 yr=-149.427 el=0.000 er=0.000 ed=0.000 dl=0 dr=1 cl=0 cr=0 L=0 R=0 s1=0 s2=0 s3=0 s4=0 s5=0 s6=0 s7=0 s8=0 rx=511 txdrop=0
258366,84,11894.0,0,14.0,0.0,0.0,0.0,0.25,0.0,0.0,-1.5,-1.5,2.399,-149.427,0.0,0.0,0.0,0,1,0,0,0.0,0.0,0.0,0.0,0.0,0.0,5031,5558,-527,0.0,0.0,0.0,0.0,0.0,0.0,0.0,0.0,0,0.0,line_missing,0,0,0,0,0,0,0,0,TRK tick=258366 exp_id=84 t_ms=11894 run=0 ts=14.000 kp=0.250 ki=0.000 kd=0.000 st=0.000 lt=0.000 rt=0.000 la=0.000 ra=0.000 lse=0.000 rse=0.000 lso=0.000 rso=0.000 lc=5031 rc=5558 cd=-527 cde=0.000 cdo=0.000 lp=-1.500 lpr=-1.500 y=2.399 yr=-149.427 el=0.000 er=0.000 ed=0.000 dl=0 dr=1 cl=0 cr=0 L=0 R=0 s1=0 s2=0 s3=0 s4=0 s5=0 s6=0 s7=0 s8=0 rx=511 txdrop=0
258563,84,12092.0,0,14.0,0.0,0.0,0.0,0.25,0.0,0.0,-1.5,-1.5,2.399,-149.427,0.0,0.0,0.0,0,1,0,0,0.0,0.0,0.0,0.0,0.0,0.0,5031,5558,-527,0.0,0.0,0.0,0.0,0.0,0.0,0.0,0.0,0,0.0,line_missing,0,0,0,0,0,0,0,0,TRK tick=258563 exp_id=84 t_ms=12092 run=0 ts=14.000 kp=0.250 ki=0.000 kd=0.000 st=0.000 lt=0.000 rt=0.000 la=0.000 ra=0.000 lse=0.000 rse=0.000 lso=0.000 rso=0.000 lc=5031 rc=5558 cd=-527 cde=0.000 cdo=0.000 lp=-1.500 lpr=-1.500 y=2.399 yr=-149.427 el=0.000 er=0.000 ed=0.000 dl=0 dr=1 cl=0 cr=0 L=0 R=0 s1=0 s2=0 s3=0 s4=0 s5=0 s6=0 s7=0 s8=0 rx=511 txdrop=0
258761,84,12290.0,0,14.0,0.0,0.0,0.0,0.25,0.0,0.0,-1.5,-1.5,2.399,-149.427,0.0,0.0,0.0,0,1,0,0,0.0,0.0,0.0,0.0,0.0,0.0,5031,5558,-527,0.0,0.0,0.0,0.0,0.0,0.0,0.0,0.0,0,0.0,line_missing,0,0,0,0,0,0,0,0,TRK tick=258761 exp_id=84 t_ms=12290 run=0 ts=14.000 kp=0.250 ki=0.000 kd=0.000 st=0.000 lt=0.000 rt=0.000 la=0.000 ra=0.000 lse=0.000 rse=0.000 lso=0.000 rso=0.000 lc=5031 rc=5558 cd=-527 cde=0.000 cdo=0.000 lp=-1.500 lpr=-1.500 y=2.399 yr=-149.427 el=0.000 er=0.000 ed=0.000 dl=0 dr=1 cl=0 cr=0 L=0 R=0 s1=0 s2=0 s3=0 s4=0 s5=0 s6=0 s7=0 s8=0 rx=511 txdrop=0
258959,84,12488.0,0,14.0,0.0,0.0,0.0,0.25,0.0,0.0,-1.5,-1.5,2.399,-149.427,0.0,0.0,0.0,0,1,0,0,0.0,0.0,0.0,0.0,0.0,0.0,5031,5558,-527,0.0,0.0,0.0,0.0,0.0,0.0,0.0,0.0,0,0.0,line_missing,0,0,0,0,0,0,0,0,TRK tick=258959 exp_id=84 t_ms=12488 run=0 ts=14.000 kp=0.250 ki=0.000 kd=0.000 st=0.000 lt=0.000 rt=0.000 la=0.000 ra=0.000 lse=0.000 rse=0.000 lso=0.000 rso=0.000 lc=5031 rc=5558 cd=-527 cde=0.000 cdo=0.000 lp=-1.500 lpr=-1.500 y=2.399 yr=-149.427 el=0.000 er=0.000 ed=0.000 dl=0 dr=1 cl=0 cr=0 L=0 R=0 s1=0 s2=0 s3=0 s4=0 s5=0 s6=0 s7=0 s8=0 rx=511 txdrop=0
259157,84,12686.0,0,14.0,0.0,0.0,0.0,0.25,0.0,0.0,-1.5,-1.5,2.399,-149.427,0.0,0.0,0.0,0,1,0,0,0.0,0.0,0.0,0.0,0.0,0.0,5031,5558,-527,0.0,0.0,0.0,0.0,0.0,0.0,0.0,0.0,0,0.0,line_missing,0,0,0,0,0,0,0,0,TRK tick=259157 exp_id=84 t_ms=12686 run=0 ts=14.000 kp=0.250 ki=0.000 kd=0.000 st=0.000 lt=0.000 rt=0.000 la=0.000 ra=0.000 lse=0.000 rse=0.000 lso=0.000 rso=0.000 lc=5031 rc=5558 cd=-527 cde=0.000 cdo=0.000 lp=-1.500 lpr=-1.500 y=2.399 yr=-149.427 el=0.000 er=0.000 ed=0.000 dl=0 dr=1 cl=0 cr=0 L=0 R=0 s1=0 s2=0 s3=0 s4=0 s5=0 s6=0 s7=0 s8=0 rx=511 txdrop=0
259355,84,12884.0,0,14.0,0.0,0.0,0.0,0.25,0.0,0.0,-1.5,-1.5,2.399,-149.427,0.0,0.0,0.0,0,1,0,0,0.0,0.0,0.0,0.0,0.0,0.0,5031,5558,-527,0.0,0.0,0.0,0.0,0.0,0.0,0.0,0.0,0,0.0,line_missing,0,0,0,0,0,0,0,0,TRK tick=259355 exp_id=84 t_ms=12884 run=0 ts=14.000 kp=0.250 ki=0.000 kd=0.000 st=0.000 lt=0.000 rt=0.000 la=0.000 ra=0.000 lse=0.000 rse=0.000 lso=0.000 rso=0.000 lc=5031 rc=5558 cd=-527 cde=0.000 cdo=0.000 lp=-1.500 lpr=-1.500 y=2.399 yr=-149.427 el=0.000 er=0.000 ed=0.000 dl=0 dr=1 cl=0 cr=0 L=0 R=0 s1=0 s2=0 s3=0 s4=0 s5=0 s6=0 s7=0 s8=0 rx=511 txdrop=0
259553,84,13082.0,0,14.0,0.0,0.0,0.0,0.25,0.0,0.0,-1.5,-1.5,2.399,-149.427,0.0,0.0,0.0,0,1,0,0,0.0,0.0,0.0,0.0,0.0,0.0,5031,5558,-527,0.0,0.0,0.0,0.0,0.0,0.0,0.0,0.0,0,0.0,line_missing,0,0,0,0,0,0,0,0,TRK tick=259553 exp_id=84 t_ms=13082 run=0 ts=14.000 kp=0.250 ki=0.000 kd=0.000 st=0.000 lt=0.000 rt=0.000 la=0.000 ra=0.000 lse=0.000 rse=0.000 lso=0.000 rso=0.000 lc=5031 rc=5558 cd=-527 cde=0.000 cdo=0.000 lp=-1.500 lpr=-1.500 y=2.399 yr=-149.427 el=0.000 er=0.000 ed=0.000 dl=0 dr=1 cl=0 cr=0 L=0 R=0 s1=0 s2=0 s3=0 s4=0 s5=0 s6=0 s7=0 s8=0 rx=511 txdrop=0
259750,84,13279.0,0,14.0,0.0,0.0,0.0,0.25,0.0,0.0,-1.5,-1.5,2.399,-149.427,0.0,0.0,0.0,0,1,0,0,0.0,0.0,0.0,0.0,0.0,0.0,5031,5558,-527,0.0,0.0,0.0,0.0,0.0,0.0,0.0,0.0,0,0.0,line_missing,0,0,0,0,0,0,0,0,TRK tick=259750 exp_id=84 t_ms=13279 run=0 ts=14.000 kp=0.250 ki=0.000 kd=0.000 st=0.000 lt=0.000 rt=0.000 la=0.000 ra=0.000 lse=0.000 rse=0.000 lso=0.000 rso=0.000 lc=5031 rc=5558 cd=-527 cde=0.000 cdo=0.000 lp=-1.500 lpr=-1.500 y=2.399 yr=-149.427 el=0.000 er=0.000 ed=0.000 dl=0 dr=1 cl=0 cr=0 L=0 R=0 s1=0 s2=0 s3=0 s4=0 s5=0 s6=0 s7=0 s8=0 rx=511 txdrop=0
259948,84,13477.0,0,14.0,0.0,0.0,0.0,0.25,0.0,0.0,-1.5,-1.5,2.399,-149.427,0.0,0.0,0.0,0,1,0,0,0.0,0.0,0.0,0.0,0.0,0.0,5031,5558,-527,0.0,0.0,0.0,0.0,0.0,0.0,0.0,0.0,0,0.0,line_missing,0,0,0,0,0,0,0,0,TRK tick=259948 exp_id=84 t_ms=13477 run=0 ts=14.000 kp=0.250 ki=0.000 kd=0.000 st=0.000 lt=0.000 rt=0.000 la=0.000 ra=0.000 lse=0.000 rse=0.000 lso=0.000 rso=0.000 lc=5031 rc=5558 cd=-527 cde=0.000 cdo=0.000 lp=-1.500 lpr=-1.500 y=2.399 yr=-149.427 el=0.000 er=0.000 ed=0.000 dl=0 dr=1 cl=0 cr=0 L=0 R=0 s1=0 s2=0 s3=0 s4=0 s5=0 s6=0 s7=0 s8=0 rx=511 txdrop=0
260146,84,13675.0,0,14.0,0.0,0.0,0.0,0.25,0.0,0.0,-1.5,-1.5,2.399,-149.427,0.0,0.0,0.0,0,1,0,0,0.0,0.0,0.0,0.0,0.0,0.0,5031,5558,-527,0.0,0.0,0.0,0.0,0.0,0.0,0.0,0.0,0,0.0,line_missing,0,0,0,0,0,0,0,0,TRK tick=260146 exp_id=84 t_ms=13675 run=0 ts=14.000 kp=0.250 ki=0.000 kd=0.000 st=0.000 lt=0.000 rt=0.000 la=0.000 ra=0.000 lse=0.000 rse=0.000 lso=0.000 rso=0.000 lc=5031 rc=5558 cd=-527 cde=0.000 cdo=0.000 lp=-1.500 lpr=-1.500 y=2.399 yr=-149.427 el=0.000 er=0.000 ed=0.000 dl=0 dr=1 cl=0 cr=0 L=0 R=0 s1=0 s2=0 s3=0 s4=0 s5=0 s6=0 s7=0 s8=0 rx=511 txdrop=0
260344,84,13873.0,0,14.0,0.0,0.0,0.0,0.25,0.0,0.0,-1.5,-1.5,2.399,-149.427,0.0,0.0,0.0,0,1,0,0,0.0,0.0,0.0,0.0,0.0,0.0,5031,5558,-527,0.0,0.0,0.0,0.0,0.0,0.0,0.0,0.0,0,0.0,line_missing,0,0,0,0,0,0,0,0,TRK tick=260344 exp_id=84 t_ms=13873 run=0 ts=14.000 kp=0.250 ki=0.000 kd=0.000 st=0.000 lt=0.000 rt=0.000 la=0.000 ra=0.000 lse=0.000 rse=0.000 lso=0.000 rso=0.000 lc=5031 rc=5558 cd=-527 cde=0.000 cdo=0.000 lp=-1.500 lpr=-1.500 y=2.399 yr=-149.427 el=0.000 er=0.000 ed=0.000 dl=0 dr=1 cl=0 cr=0 L=0 R=0 s1=0 s2=0 s3=0 s4=0 s5=0 s6=0 s7=0 s8=0 rx=511 txdrop=0
260542,84,14071.0,0,14.0,0.0,0.0,0.0,0.25,0.0,0.0,-1.5,-1.5,2.399,-149.427,0.0,0.0,0.0,0,1,0,0,0.0,0.0,0.0,0.0,0.0,0.0,5031,5558,-527,0.0,0.0,0.0,0.0,0.0,0.0,0.0,0.0,0,0.0,line_missing,0,0,0,0,0,0,0,0,TRK tick=260542 exp_id=84 t_ms=14071 run=0 ts=14.000 kp=0.250 ki=0.000 kd=0.000 st=0.000 lt=0.000 rt=0.000 la=0.000 ra=0.000 lse=0.000 rse=0.000 lso=0.000 rso=0.000 lc=5031 rc=5558 cd=-527 cde=0.000 cdo=0.000 lp=-1.500 lpr=-1.500 y=2.399 yr=-149.427 el=0.000 er=0.000 ed=0.000 dl=0 dr=1 cl=0 cr=0 L=0 R=0 s1=0 s2=0 s3=0 s4=0 s5=0 s6=0 s7=0 s8=0 rx=511 txdrop=0
260740,84,14269.0,0,14.0,0.0,0.0,0.0,0.25,0.0,0.0,-1.5,-1.5,2.399,-149.427,0.0,0.0,0.0,0,1,0,0,0.0,0.0,0.0,0.0,0.0,0.0,5031,5558,-527,0.0,0.0,0.0,0.0,0.0,0.0,0.0,0.0,0,0.0,line_missing,0,0,0,0,0,0,0,0,TRK tick=260740 exp_id=84 t_ms=14269 run=0 ts=14.000 kp=0.250 ki=0.000 kd=0.000 st=0.000 lt=0.000 rt=0.000 la=0.000 ra=0.000 lse=0.000 rse=0.000 lso=0.000 rso=0.000 lc=5031 rc=5558 cd=-527 cde=0.000 cdo=0.000 lp=-1.500 lpr=-1.500 y=2.399 yr=-149.427 el=0.000 er=0.000 ed=0.000 dl=0 dr=1 cl=0 cr=0 L=0 R=0 s1=0 s2=0 s3=0 s4=0 s5=0 s6=0 s7=0 s8=0 rx=511 txdrop=0
260938,84,14467.0,0,14.0,0.0,0.0,0.0,0.25,0.0,0.0,-1.5,-1.5,2.399,-149.427,0.0,0.0,0.0,0,1,0,0,0.0,0.0,0.0,0.0,0.0,0.0,5031,5558,-527,0.0,0.0,0.0,0.0,0.0,0.0,0.0,0.0,0,0.0,line_missing,0,0,0,0,0,0,0,0,TRK tick=260938 exp_id=84 t_ms=14467 run=0 ts=14.000 kp=0.250 ki=0.000 kd=0.000 st=0.000 lt=0.000 rt=0.000 la=0.000 ra=0.000 lse=0.000 rse=0.000 lso=0.000 rso=0.000 lc=5031 rc=5558 cd=-527 cde=0.000 cdo=0.000 lp=-1.500 lpr=-1.500 y=2.399 yr=-149.427 el=0.000 er=0.000 ed=0.000 dl=0 dr=1 cl=0 cr=0 L=0 R=0 s1=0 s2=0 s3=0 s4=0 s5=0 s6=0 s7=0 s8=0 rx=511 txdrop=0
261135,84,14664.0,0,14.0,0.0,0.0,0.0,0.25,0.0,0.0,-1.5,-1.5,2.399,-149.427,0.0,0.0,0.0,0,1,0,0,0.0,0.0,0.0,0.0,0.0,0.0,5031,5558,-527,0.0,0.0,0.0,0.0,0.0,0.0,0.0,0.0,0,0.0,line_missing,0,0,0,0,0,0,0,0,TRK tick=261135 exp_id=84 t_ms=14664 run=0 ts=14.000 kp=0.250 ki=0.000 kd=0.000 st=0.000 lt=0.000 rt=0.000 la=0.000 ra=0.000 lse=0.000 rse=0.000 lso=0.000 rso=0.000 lc=5031 rc=5558 cd=-527 cde=0.000 cdo=0.000 lp=-1.500 lpr=-1.500 y=2.399 yr=-149.427 el=0.000 er=0.000 ed=0.000 dl=0 dr=1 cl=0 cr=0 L=0 R=0 s1=0 s2=0 s3=0 s4=0 s5=0 s6=0 s7=0 s8=0 rx=511 txdrop=0
261333,84,14862.0,0,14.0,0.0,0.0,0.0,0.25,0.0,0.0,-1.5,-1.5,2.399,-149.427,0.0,0.0,0.0,0,1,0,0,0.0,0.0,0.0,0.0,0.0,0.0,5031,5558,-527,0.0,0.0,0.0,0.0,0.0,0.0,0.0,0.0,0,0.0,line_missing,0,0,0,0,0,0,0,0,TRK tick=261333 exp_id=84 t_ms=14862 run=0 ts=14.000 kp=0.250 ki=0.000 kd=0.000 st=0.000 lt=0.000 rt=0.000 la=0.000 ra=0.000 lse=0.000 rse=0.000 lso=0.000 rso=0.000 lc=5031 rc=5558 cd=-527 cde=0.000 cdo=0.000 lp=-1.500 lpr=-1.500 y=2.399 yr=-149.427 el=0.000 er=0.000 ed=0.000 dl=0 dr=1 cl=0 cr=0 L=0 R=0 s1=0 s2=0 s3=0 s4=0 s5=0 s6=0 s7=0 s8=0 rx=511 txdrop=0
261531,84,0.0,0,14.0,0.0,0.0,0.0,0.25,0.0,0.0,-1.5,-1.5,2.399,-149.427,0.0,0.0,0.0,0,1,0,0,0.0,0.0,0.0,0.0,0.0,0.0,5031,5558,-527,0.0,0.0,0.0,0.0,0.0,0.0,0.0,0.0,0,0.0,line_missing,0,0,0,0,0,0,0,0,TRK tick=261531 exp_id=84 t_ms=0 run=0 ts=14.000 kp=0.250 ki=0.000 kd=0.000 st=0.000 lt=0.000 rt=0.000 la=0.000 ra=0.000 lse=0.000 rse=0.000 lso=0.000 rso=0.000 lc=5031 rc=5558 cd=-527 cde=0.000 cdo=0.000 lp=-1.500 lpr=-1.500 y=2.399 yr=-149.427 el=0.000 er=0.000 ed=0.000 dl=0 dr=1 cl=0 cr=0 L=0 R=0 s1=0 s2=0 s3=0 s4=0 s5=0 s6=0 s7=0 s8=0 rx=511 txdrop=0
261729,84,0.0,0,14.0,0.0,0.0,0.0,0.25,0.0,0.0,-1.5,-1.5,2.399,-149.427,0.0,0.0,0.0,0,1,0,0,0.0,0.0,0.0,0.0,0.0,0.0,5031,5558,-527,0.0,0.0,0.0,0.0,0.0,0.0,0.0,0.0,0,0.0,line_missing,0,0,0,0,0,0,0,0,TRK tick=261729 exp_id=84 t_ms=0 run=0 ts=14.000 kp=0.250 ki=0.000 kd=0.000 st=0.000 lt=0.000 rt=0.000 la=0.000 ra=0.000 lse=0.000 rse=0.000 lso=0.000 rso=0.000 lc=5031 rc=5558 cd=-527 cde=0.000 cdo=0.000 lp=-1.500 lpr=-1.500 y=2.399 yr=-149.427 el=0.000 er=0.000 ed=0.000 dl=0 dr=1 cl=0 cr=0 L=0 R=0 s1=0 s2=0 s3=0 s4=0 s5=0 s6=0 s7=0 s8=0 rx=511 txdrop=0
261927,84,0.0,0,14.0,0.0,0.0,0.0,0.25,0.0,0.0,-1.5,-1.5,2.399,-149.427,0.0,0.0,0.0,0,1,0,0,0.0,0.0,0.0,0.0,0.0,0.0,5031,5558,-527,0.0,0.0,0.0,0.0,0.0,0.0,0.0,0.0,0,0.0,line_missing,0,0,0,0,0,0,0,0,TRK tick=261927 exp_id=84 t_ms=0 run=0 ts=14.000 kp=0.250 ki=0.000 kd=0.000 st=0.000 lt=0.000 rt=0.000 la=0.000 ra=0.000 lse=0.000 rse=0.000 lso=0.000 rso=0.000 lc=5031 rc=5558 cd=-527 cde=0.000 cdo=0.000 lp=-1.500 lpr=-1.500 y=2.399 yr=-149.427 el=0.000 er=0.000 ed=0.000 dl=0 dr=1 cl=0 cr=0 L=0 R=0 s1=0 s2=0 s3=0 s4=0 s5=0 s6=0 s7=0 s8=0 rx=511 txdrop=0
262125,84,0.0,0,14.0,0.0,0.0,0.0,0.25,0.0,0.0,-1.5,-1.5,2.399,-149.427,0.0,0.0,0.0,0,1,0,0,0.0,0.0,0.0,0.0,0.0,0.0,5031,5558,-527,0.0,0.0,0.0,0.0,0.0,0.0,0.0,0.0,0,0.0,line_missing,0,0,0,0,0,0,0,0,TRK tick=262125 exp_id=84 t_ms=0 run=0 ts=14.000 kp=0.250 ki=0.000 kd=0.000 st=0.000 lt=0.000 rt=0.000 la=0.000 ra=0.000 lse=0.000 rse=0.000 lso=0.000 rso=0.000 lc=5031 rc=5558 cd=-527 cde=0.000 cdo=0.000 lp=-1.500 lpr=-1.500 y=2.399 yr=-149.427 el=0.000 er=0.000 ed=0.000 dl=0 dr=1 cl=0 cr=0 L=0 R=0 s1=0 s2=0 s3=0 s4=0 s5=0 s6=0 s7=0 s8=0 rx=511 txdrop=0
262323,84,0.0,0,14.0,0.0,0.0,0.0,0.25,0.0,0.0,-1.5,-1.5,2.399,-149.427,0.0,0.0,0.0,0,1,0,0,0.0,0.0,0.0,0.0,0.0,0.0,5031,5558,-527,0.0,0.0,0.0,0.0,0.0,0.0,0.0,0.0,0,0.0,line_missing,0,0,0,0,0,0,0,0,TRK tick=262323 exp_id=84 t_ms=0 run=0 ts=14.000 kp=0.250 ki=0.000 kd=0.000 st=0.000 lt=0.000 rt=0.000 la=0.000 ra=0.000 lse=0.000 rse=0.000 lso=0.000 rso=0.000 lc=5031 rc=5558 cd=-527 cde=0.000 cdo=0.000 lp=-1.500 lpr=-1.500 y=2.399 yr=-149.427 el=0.000 er=0.000 ed=0.000 dl=0 dr=1 cl=0 cr=0 L=0 R=0 s1=0 s2=0 s3=0 s4=0 s5=0 s6=0 s7=0 s8=0 rx=511 txdrop=0
262520,84,0.0,0,14.0,0.0,0.0,0.0,0.25,0.0,0.0,-1.5,-1.5,2.399,-149.427,0.0,0.0,0.0,0,1,0,0,0.0,0.0,0.0,0.0,0.0,0.0,5031,5558,-527,0.0,0.0,0.0,0.0,0.0,0.0,0.0,0.0,0,0.0,line_missing,0,0,0,0,0,0,0,0,TRK tick=262520 exp_id=84 t_ms=0 run=0 ts=14.000 kp=0.250 ki=0.000 kd=0.000 st=0.000 lt=0.000 rt=0.000 la=0.000 ra=0.000 lse=0.000 rse=0.000 lso=0.000 rso=0.000 lc=5031 rc=5558 cd=-527 cde=0.000 cdo=0.000 lp=-1.500 lpr=-1.500 y=2.399 yr=-149.427 el=0.000 er=0.000 ed=0.000 dl=0 dr=1 cl=0 cr=0 L=0 R=0 s1=0 s2=0 s3=0 s4=0 s5=0 s6=0 s7=0 s8=0 rx=511 txdrop=0
262718,84,0.0,0,14.0,0.0,0.0,0.0,0.25,0.0,0.0,-1.5,-1.5,2.399,-149.427,0.0,0.0,0.0,0,1,0,0,0.0,0.0,0.0,0.0,0.0,0.0,5031,5558,-527,0.0,0.0,0.0,0.0,0.0,0.0,0.0,0.0,0,0.0,line_missing,0,0,0,0,0,0,0,0,TRK tick=262718 exp_id=84 t_ms=0 run=0 ts=14.000 kp=0.250 ki=0.000 kd=0.000 st=0.000 lt=0.000 rt=0.000 la=0.000 ra=0.000 lse=0.000 rse=0.000 lso=0.000 rso=0.000 lc=5031 rc=5558 cd=-527 cde=0.000 cdo=0.000 lp=-1.500 lpr=-1.500 y=2.399 yr=-149.427 el=0.000 er=0.000 ed=0.000 dl=0 dr=1 cl=0 cr=0 L=0 R=0 s1=0 s2=0 s3=0 s4=0 s5=0 s6=0 s7=0 s8=0 rx=511 txdrop=0
262916,84,0.0,0,14.0,0.0,0.0,0.0,0.25,0.0,0.0,-1.5,-1.5,2.399,-149.427,0.0,0.0,0.0,0,1,0,0,0.0,0.0,0.0,0.0,0.0,0.0,5031,5558,-527,0.0,0.0,0.0,0.0,0.0,0.0,0.0,0.0,0,0.0,line_missing,0,0,0,0,0,0,0,0,TRK tick=262916 exp_id=84 t_ms=0 run=0 ts=14.000 kp=0.250 ki=0.000 kd=0.000 st=0.000 lt=0.000 rt=0.000 la=0.000 ra=0.000 lse=0.000 rse=0.000 lso=0.000 rso=0.000 lc=5031 rc=5558 cd=-527 cde=0.000 cdo=0.000 lp=-1.500 lpr=-1.500 y=2.399 yr=-149.427 el=0.000 er=0.000 ed=0.000 dl=0 dr=1 cl=0 cr=0 L=0 R=0 s1=0 s2=0 s3=0 s4=0 s5=0 s6=0 s7=0 s8=0 rx=511 txdrop=0
263114,84,0.0,0,14.0,0.0,0.0,0.0,0.25,0.0,0.0,-1.5,-1.5,2.399,-149.427,0.0,0.0,0.0,0,1,0,0,0.0,0.0,0.0,0.0,0.0,0.0,5031,5558,-527,0.0,0.0,0.0,0.0,0.0,0.0,0.0,0.0,0,0.0,line_missing,0,0,0,0,0,0,0,0,TRK tick=263114 exp_id=84 t_ms=0 run=0 ts=14.000 kp=0.250 ki=0.000 kd=0.000 st=0.000 lt=0.000 rt=0.000 la=0.000 ra=0.000 lse=0.000 rse=0.000 lso=0.000 rso=0.000 lc=5031 rc=5558 cd=-527 cde=0.000 cdo=0.000 lp=-1.500 lpr=-1.500 y=2.399 yr=-149.427 el=0.000 er=0.000 ed=0.000 dl=0 dr=1 cl=0 cr=0 L=0 R=0 s1=0 s2=0 s3=0 s4=0 s5=0 s6=0 s7=0 s8=0 rx=511 txdrop=0
263312,84,0.0,0,14.0,0.0,0.0,0.0,0.25,0.0,0.0,-1.5,-1.5,2.399,-149.427,0.0,0.0,0.0,0,1,0,0,0.0,0.0,0.0,0.0,0.0,0.0,5031,5558,-527,0.0,0.0,0.0,0.0,0.0,0.0,0.0,0.0,0,0.0,line_missing,0,0,0,0,0,0,0,0,TRK tick=263312 exp_id=84 t_ms=0 run=0 ts=14.000 kp=0.250 ki=0.000 kd=0.000 st=0.000 lt=0.000 rt=0.000 la=0.000 ra=0.000 lse=0.000 rse=0.000 lso=0.000 rso=0.000 lc=5031 rc=5558 cd=-527 cde=0.000 cdo=0.000 lp=-1.500 lpr=-1.500 y=2.399 yr=-149.427 el=0.000 er=0.000 ed=0.000 dl=0 dr=1 cl=0 cr=0 L=0 R=0 s1=0 s2=0 s3=0 s4=0 s5=0 s6=0 s7=0 s8=0 rx=511 txdrop=0
263510,84,0.0,0,14.0,0.0,0.0,0.0,0.25,0.0,0.0,-1.5,-1.5,2.399,-149.427,0.0,0.0,0.0,0,1,0,0,0.0,0.0,0.0,0.0,0.0,0.0,5031,5558,-527,0.0,0.0,0.0,0.0,0.0,0.0,0.0,0.0,0,0.0,line_missing,0,0,0,0,0,0,0,0,TRK tick=263510 exp_id=84 t_ms=0 run=0 ts=14.000 kp=0.250 ki=0.000 kd=0.000 st=0.000 lt=0.000 rt=0.000 la=0.000 ra=0.000 lse=0.000 rse=0.000 lso=0.000 rso=0.000 lc=5031 rc=5558 cd=-527 cde=0.000 cdo=0.000 lp=-1.500 lpr=-1.500 y=2.399 yr=-149.427 el=0.000 er=0.000 ed=0.000 dl=0 dr=1 cl=0 cr=0 L=0 R=0 s1=0 s2=0 s3=0 s4=0 s5=0 s6=0 s7=0 s8=0 rx=511 txdrop=0
263707,84,0.0,0,14.0,0.0,0.0,0.0,0.25,0.0,0.0,-1.5,-1.5,2.399,-149.427,0.0,0.0,0.0,0,1,0,0,0.0,0.0,0.0,0.0,0.0,0.0,5031,5558,-527,0.0,0.0,0.0,0.0,0.0,0.0,0.0,0.0,0,0.0,line_missing,0,0,0,0,0,0,0,0,TRK tick=263707 exp_id=84 t_ms=0 run=0 ts=14.000 kp=0.250 ki=0.000 kd=0.000 st=0.000 lt=0.000 rt=0.000 la=0.000 ra=0.000 lse=0.000 rse=0.000 lso=0.000 rso=0.000 lc=5031 rc=5558 cd=-527 cde=0.000 cdo=0.000 lp=-1.500 lpr=-1.500 y=2.399 yr=-149.427 el=0.000 er=0.000 ed=0.000 dl=0 dr=1 cl=0 cr=0 L=0 R=0 s1=0 s2=0 s3=0 s4=0 s5=0 s6=0 s7=0 s8=0 rx=511 txdrop=0
263905,84,0.0,0,14.0,0.0,0.0,0.0,0.25,0.0,0.0,-1.5,-1.5,2.399,-149.427,0.0,0.0,0.0,0,1,0,0,0.0,0.0,0.0,0.0,0.0,0.0,5031,5558,-527,0.0,0.0,0.0,0.0,0.0,0.0,0.0,0.0,0,0.0,line_missing,0,0,0,0,0,0,0,0,TRK tick=263905 exp_id=84 t_ms=0 run=0 ts=14.000 kp=0.250 ki=0.000 kd=0.000 st=0.000 lt=0.000 rt=0.000 la=0.000 ra=0.000 lse=0.000 rse=0.000 lso=0.000 rso=0.000 lc=5031 rc=5558 cd=-527 cde=0.000 cdo=0.000 lp=-1.500 lpr=-1.500 y=2.399 yr=-149.427 el=0.000 er=0.000 ed=0.000 dl=0 dr=1 cl=0 cr=0 L=0 R=0 s1=0 s2=0 s3=0 s4=0 s5=0 s6=0 s7=0 s8=0 rx=511 txdrop=0
264103,84,0.0,0,14.0,0.0,0.0,0.0,0.25,0.0,0.0,-1.5,-1.5,2.399,-149.427,0.0,0.0,0.0,0,1,0,0,0.0,0.0,0.0,0.0,0.0,0.0,5031,5558,-527,0.0,0.0,0.0,0.0,0.0,0.0,0.0,0.0,0,0.0,line_missing,0,0,0,0,0,0,0,0,TRK tick=264103 exp_id=84 t_ms=0 run=0 ts=14.000 kp=0.250 ki=0.000 kd=0.000 st=0.000 lt=0.000 rt=0.000 la=0.000 ra=0.000 lse=0.000 rse=0.000 lso=0.000 rso=0.000 lc=5031 rc=5558 cd=-527 cde=0.000 cdo=0.000 lp=-1.500 lpr=-1.500 y=2.399 yr=-149.427 el=0.000 er=0.000 ed=0.000 dl=0 dr=1 cl=0 cr=0 L=0 R=0 s1=0 s2=0 s3=0 s4=0 s5=0 s6=0 s7=0 s8=0 rx=511 txdrop=0
264301,84,0.0,0,14.0,0.0,0.0,0.0,0.25,0.0,0.0,-1.5,-1.5,2.399,-149.427,0.0,0.0,0.0,0,1,0,0,0.0,0.0,0.0,0.0,0.0,0.0,5031,5558,-527,0.0,0.0,0.0,0.0,0.0,0.0,0.0,0.0,0,0.0,line_missing,0,0,0,0,0,0,0,0,TRK tick=264301 exp_id=84 t_ms=0 run=0 ts=14.000 kp=0.250 ki=0.000 kd=0.000 st=0.000 lt=0.000 rt=0.000 la=0.000 ra=0.000 lse=0.000 rse=0.000 lso=0.000 rso=0.000 lc=5031 rc=5558 cd=-527 cde=0.000 cdo=0.000 lp=-1.500 lpr=-1.500 y=2.399 yr=-149.427 el=0.000 er=0.000 ed=0.000 dl=0 dr=1 cl=0 cr=0 L=0 R=0 s1=0 s2=0 s3=0 s4=0 s5=0 s6=0 s7=0 s8=0 rx=511 txdrop=0
264499,84,0.0,0,14.0,0.0,0.0,0.0,0.25,0.0,0.0,-1.5,-1.5,2.399,-149.427,0.0,0.0,0.0,0,1,0,0,0.0,0.0,0.0,0.0,0.0,0.0,5031,5558,-527,0.0,0.0,0.0,0.0,0.0,0.0,0.0,0.0,0,0.0,line_missing,0,0,0,0,0,0,0,0,TRK tick=264499 exp_id=84 t_ms=0 run=0 ts=14.000 kp=0.250 ki=0.000 kd=0.000 st=0.000 lt=0.000 rt=0.000 la=0.000 ra=0.000 lse=0.000 rse=0.000 lso=0.000 rso=0.000 lc=5031 rc=5558 cd=-527 cde=0.000 cdo=0.000 lp=-1.500 lpr=-1.500 y=2.399 yr=-149.427 el=0.000 er=0.000 ed=0.000 dl=0 dr=1 cl=0 cr=0 L=0 R=0 s1=0 s2=0 s3=0 s4=0 s5=0 s6=0 s7=0 s8=0 rx=511 txdrop=0
264697,84,0.0,0,14.0,0.0,0.0,0.0,0.25,0.0,0.0,-1.5,-1.5,2.399,-149.427,0.0,0.0,0.0,0,1,0,0,0.0,0.0,0.0,0.0,0.0,0.0,5031,5558,-527,0.0,0.0,0.0,0.0,0.0,0.0,0.0,0.0,0,0.0,line_missing,0,0,0,0,0,0,0,0,TRK tick=264697 exp_id=84 t_ms=0 run=0 ts=14.000 kp=0.250 ki=0.000 kd=0.000 st=0.000 lt=0.000 rt=0.000 la=0.000 ra=0.000 lse=0.000 rse=0.000 lso=0.000 rso=0.000 lc=5031 rc=5558 cd=-527 cde=0.000 cdo=0.000 lp=-1.500 lpr=-1.500 y=2.399 yr=-149.427 el=0.000 er=0.000 ed=0.000 dl=0 dr=1 cl=0 cr=0 L=0 R=0 s1=0 s2=0 s3=0 s4=0 s5=0 s6=0 s7=0 s8=0 rx=511 txdrop=0
264894,84,0.0,0,14.0,0.0,0.0,0.0,0.25,0.0,0.0,-1.5,-1.5,2.399,-149.427,0.0,0.0,0.0,0,1,0,0,0.0,0.0,0.0,0.0,0.0,0.0,5031,5558,-527,0.0,0.0,0.0,0.0,0.0,0.0,0.0,0.0,0,0.0,line_missing,0,0,0,0,0,0,0,0,TRK tick=264894 exp_id=84 t_ms=0 run=0 ts=14.000 kp=0.250 ki=0.000 kd=0.000 st=0.000 lt=0.000 rt=0.000 la=0.000 ra=0.000 lse=0.000 rse=0.000 lso=0.000 rso=0.000 lc=5031 rc=5558 cd=-527 cde=0.000 cdo=0.000 lp=-1.500 lpr=-1.500 y=2.399 yr=-149.427 el=0.000 er=0.000 ed=0.000 dl=0 dr=1 cl=0 cr=0 L=0 R=0 s1=0 s2=0 s3=0 s4=0 s5=0 s6=0 s7=0 s8=0 rx=511 txdrop=0
265092,84,0.0,0,14.0,0.0,0.0,0.0,0.25,0.0,0.0,-1.5,-1.5,2.399,-149.427,0.0,0.0,0.0,0,1,0,0,0.0,0.0,0.0,0.0,0.0,0.0,5031,5558,-527,0.0,0.0,0.0,0.0,0.0,0.0,0.0,0.0,0,0.0,line_missing,0,0,0,0,0,0,0,0,TRK tick=265092 exp_id=84 t_ms=0 run=0 ts=14.000 kp=0.250 ki=0.000 kd=0.000 st=0.000 lt=0.000 rt=0.000 la=0.000 ra=0.000 lse=0.000 rse=0.000 lso=0.000 rso=0.000 lc=5031 rc=5558 cd=-527 cde=0.000 cdo=0.000 lp=-1.500 lpr=-1.500 y=2.399 yr=-149.427 el=0.000 er=0.000 ed=0.000 dl=0 dr=1 cl=0 cr=0 L=0 R=0 s1=0 s2=0 s3=0 s4=0 s5=0 s6=0 s7=0 s8=0 rx=511 txdrop=0
265290,84,0.0,0,14.0,0.0,0.0,0.0,0.25,0.0,0.0,-1.5,-1.5,2.399,-149.427,0.0,0.0,0.0,0,1,0,0,0.0,0.0,0.0,0.0,0.0,0.0,5031,5558,-527,0.0,0.0,0.0,0.0,0.0,0.0,0.0,0.0,0,0.0,line_missing,0,0,0,0,0,0,0,0,TRK tick=265290 exp_id=84 t_ms=0 run=0 ts=14.000 kp=0.250 ki=0.000 kd=0.000 st=0.000 lt=0.000 rt=0.000 la=0.000 ra=0.000 lse=0.000 rse=0.000 lso=0.000 rso=0.000 lc=5031 rc=5558 cd=-527 cde=0.000 cdo=0.000 lp=-1.500 lpr=-1.500 y=2.399 yr=-149.427 el=0.000 er=0.000 ed=0.000 dl=0 dr=1 cl=0 cr=0 L=0 R=0 s1=0 s2=0 s3=0 s4=0 s5=0 s6=0 s7=0 s8=0 rx=511 txdrop=0
265488,84,0.0,0,14.0,0.0,0.0,0.0,0.25,0.0,0.0,-1.5,-1.5,2.399,-149.427,0.0,0.0,0.0,0,1,0,0,0.0,0.0,0.0,0.0,0.0,0.0,5031,5558,-527,0.0,0.0,0.0,0.0,0.0,0.0,0.0,0.0,0,0.0,line_missing,0,0,0,0,0,0,0,0,TRK tick=265488 exp_id=84 t_ms=0 run=0 ts=14.000 kp=0.250 ki=0.000 kd=0.000 st=0.000 lt=0.000 rt=0.000 la=0.000 ra=0.000 lse=0.000 rse=0.000 lso=0.000 rso=0.000 lc=5031 rc=5558 cd=-527 cde=0.000 cdo=0.000 lp=-1.500 lpr=-1.500 y=2.399 yr=-149.427 el=0.000 er=0.000 ed=0.000 dl=0 dr=1 cl=0 cr=0 L=0 R=0 s1=0 s2=0 s3=0 s4=0 s5=0 s6=0 s7=0 s8=0 rx=511 txdrop=0
265686,84,0.0,0,14.0,0.0,0.0,0.0,0.25,0.0,0.0,-1.5,-1.5,2.399,-149.427,0.0,0.0,0.0,0,1,0,0,0.0,0.0,0.0,0.0,0.0,0.0,5031,5558,-527,0.0,0.0,0.0,0.0,0.0,0.0,0.0,0.0,0,0.0,line_missing,0,0,0,0,0,0,0,0,TRK tick=265686 exp_id=84 t_ms=0 run=0 ts=14.000 kp=0.250 ki=0.000 kd=0.000 st=0.000 lt=0.000 rt=0.000 la=0.000 ra=0.000 lse=0.000 rse=0.000 lso=0.000 rso=0.000 lc=5031 rc=5558 cd=-527 cde=0.000 cdo=0.000 lp=-1.500 lpr=-1.500 y=2.399 yr=-149.427 el=0.000 er=0.000 ed=0.000 dl=0 dr=1 cl=0 cr=0 L=0 R=0 s1=0 s2=0 s3=0 s4=0 s5=0 s6=0 s7=0 s8=0 rx=511 txdrop=0
265884,84,0.0,0,14.0,0.0,0.0,0.0,0.25,0.0,0.0,-1.5,-1.5,2.399,-149.427,0.0,0.0,0.0,0,1,0,0,0.0,0.0,0.0,0.0,0.0,0.0,5031,5558,-527,0.0,0.0,0.0,0.0,0.0,0.0,0.0,0.0,0,0.0,line_missing,0,0,0,0,0,0,0,0,TRK tick=265884 exp_id=84 t_ms=0 run=0 ts=14.000 kp=0.250 ki=0.000 kd=0.000 st=0.000 lt=0.000 rt=0.000 la=0.000 ra=0.000 lse=0.000 rse=0.000 lso=0.000 rso=0.000 lc=5031 rc=5558 cd=-527 cde=0.000 cdo=0.000 lp=-1.500 lpr=-1.500 y=2.399 yr=-149.427 el=0.000 er=0.000 ed=0.000 dl=0 dr=1 cl=0 cr=0 L=0 R=0 s1=0 s2=0 s3=0 s4=0 s5=0 s6=0 s7=0 s8=0 rx=524 txdrop=0
266082,84,0.0,0,14.0,0.0,0.0,0.0,0.25,0.0,0.0,-1.5,-1.5,2.399,-149.427,0.0,0.0,0.0,0,1,0,0,0.0,0.0,0.0,0.0,0.0,0.0,5031,5558,-527,0.0,0.0,0.0,0.0,0.0,0.0,0.0,0.0,0,0.0,line_missing,0,0,0,0,0,0,0,0,TRK tick=266082 exp_id=84 t_ms=0 run=0 ts=14.000 kp=0.250 ki=0.000 kd=0.000 st=0.000 lt=0.000 rt=0.000 la=0.000 ra=0.000 lse=0.000 rse=0.000 lso=0.000 rso=0.000 lc=5031 rc=5558 cd=-527 cde=0.000 cdo=0.000 lp=-1.500 lpr=-1.500 y=2.399 yr=-149.427 el=0.000 er=0.000 ed=0.000 dl=0 dr=1 cl=0 cr=0 L=0 R=0 s1=0 s2=0 s3=0 s4=0 s5=0 s6=0 s7=0 s8=0 rx=524 txdrop=0
266280,84,0.0,0,14.0,0.0,0.0,0.0,0.25,0.0,0.0,-1.5,-1.5,2.399,-149.427,0.0,0.0,0.0,0,1,0,0,0.0,0.0,0.0,0.0,0.0,0.0,5031,5558,-527,0.0,0.0,0.0,0.0,0.0,0.0,0.0,0.0,0,0.0,line_missing,0,0,0,0,0,0,0,0,TRK tick=266280 exp_id=84 t_ms=0 run=0 ts=14.000 kp=0.250 ki=0.000 kd=0.000 st=0.000 lt=0.000 rt=0.000 la=0.000 ra=0.000 lse=0.000 rse=0.000 lso=0.000 rso=0.000 lc=5031 rc=5558 cd=-527 cde=0.000 cdo=0.000 lp=-1.500 lpr=-1.500 y=2.399 yr=-149.427 el=0.000 er=0.000 ed=0.000 dl=0 dr=1 cl=0 cr=0 L=0 R=0 s1=0 s2=0 s3=0 s4=0 s5=0 s6=0 s7=0 s8=0 rx=524 txdrop=0
266477,84,0.0,0,14.0,0.0,0.0,0.0,0.25,0.0,0.0,-1.5,-1.5,2.399,-149.427,0.0,0.0,0.0,0,1,0,0,0.0,0.0,0.0,0.0,0.0,0.0,5031,5558,-527,0.0,0.0,0.0,0.0,0.0,0.0,0.0,0.0,0,0.0,line_missing,0,0,0,0,0,0,0,0,TRK tick=266477 exp_id=84 t_ms=0 run=0 ts=14.000 kp=0.250 ki=0.000 kd=0.000 st=0.000 lt=0.000 rt=0.000 la=0.000 ra=0.000 lse=0.000 rse=0.000 lso=0.000 rso=0.000 lc=5031 rc=5558 cd=-527 cde=0.000 cdo=0.000 lp=-1.500 lpr=-1.500 y=2.399 yr=-149.427 el=0.000 er=0.000 ed=0.000 dl=0 dr=1 cl=0 cr=0 L=0 R=0 s1=0 s2=0 s3=0 s4=0 s5=0 s6=0 s7=0 s8=0 rx=524 txdrop=0
266675,84,0.0,0,14.0,0.0,0.0,0.0,0.25,0.0,0.0,-1.5,-1.5,2.399,-149.427,0.0,0.0,0.0,0,1,0,0,0.0,0.0,0.0,0.0,0.0,0.0,5031,5558,-527,0.0,0.0,0.0,0.0,0.0,0.0,0.0,0.0,0,0.0,line_missing,0,0,0,0,0,0,0,0,TRK tick=266675 exp_id=84 t_ms=0 run=0 ts=14.000 kp=0.250 ki=0.000 kd=0.000 st=0.000 lt=0.000 rt=0.000 la=0.000 ra=0.000 lse=0.000 rse=0.000 lso=0.000 rso=0.000 lc=5031 rc=5558 cd=-527 cde=0.000 cdo=0.000 lp=-1.500 lpr=-1.500 y=2.399 yr=-149.427 el=0.000 er=0.000 ed=0.000 dl=0 dr=1 cl=0 cr=0 L=0 R=0 s1=0 s2=0 s3=0 s4=0 s5=0 s6=0 s7=0 s8=0 rx=524 txdrop=0
