:020000040800F2
:1000000008480020C5010008514F00089D3F000826
:10001000314D0008F93400087F5C00080000000042
:10002000000000000000000000000000055500086E
:10003000E53A0008000000009D530008F75500084D
:10004000DF010008DF010008DF010008DF01000810
:10005000DF010008DF010008DF010008DF01000800
:10006000DF010008DF010008DF010008DF010008F0
:10007000DF010008DF010008DF010008DF010008E0
:10008000DF010008DF010008DF010008DF010008D0
:10009000DF010008DF010008DF010008DF010008C0
:1000A000DF010008DF010008DF010008DF010008B0
:1000B000DF010008DF01000859560008DF010008D1
:1000C000DF010008DF010008DF010008DF01000890
:1000D000DF010008AD590008355A0008DF010008AB
:1000E000DF010008DF010008DF01000800F002F86E
:1000F00000F059F80AA090E8000C82448344AAF169
:100100000107DA4501D100F04EF8AFF2090EBAE866
:100110000F0013F0010F18BFFB1A43F0010318473B
:100120008CA90000ACA90000103A24BF78C878C19F
:10013000FAD8520724BF30C830C144BF04680C60ED
:10014000704700000023002400250026103A28BF35
:1001500078C1FBD8520728BF30C148BF0B60704739
:10016000662909F0E584642900F0B880752900F05B
:10017000B580782900F0EE80732900F05E860020BB
:1001800070471FB500F0F4FE04000020002108F0C5
:100190008BFF401C60600020002108F06FFFE060D2
:1001A0001FBD10B510BD01F0A9F91146FFF7E9FF19
:1001B00008F0D6FC01F04CFC03B4FFF7F2FF03BCDF
:1001C00006F0CAF80948804709480047FEE7FEE7FD
:1001D000FEE7FEE7FEE7FEE7FEE7FEE7FEE7FEE7F7
:1001E00004480549054A064B70470000F9550008C8
:1001F000ED000008084200200848002008440020C4
:1002000008440020704700000FB41CB50C0007AA7A
:10021000009001D02044401E074B7B44694601906A
:10022000069800F0D8FD002C03D06946002000F0AD
:10023000E5FD1CBC5DF814FBE90B000070B504463D
:1002400085690068C10601D5302600E02026C00778
:1002500007D070BDD4E9012130469047206A401C88
:1002600020626D1EF6D570BD70B5044685690078B4
:10027000C00707D170BDD4E9012120209047206A32
:10028000401C20626D1EF6D570BD70B50C4605464B
:10029000012A05D02878800600D5EA69002302E00B
:1002A000012305E05B1C934202D2E05C0028F9D1F7
:1002B000A869E618C01AA861286A18442862284666
:1002C000FFF7BCFF04E0D5E9012114F8010B9047CA
:1002D000B442F8D32846FFF7C7FF70BD2DE9F041BF
:1002E0000646002410687529314616A510D0AFF3D4
:1002F0000080002802DA404213A507E031688A072F
:1003000001D512A502E0490704D511A5012401E099
:10031000AFF3008000210A2206F1240709E0B0FBB8
:10032000F2FCB0FBF2F302FB1C00303078541846AC
:10033000491C0028F3D123462A463046BDE8F04147
:1003400000F0DBBA000000002D0000002B000000D0
:100350002000000070B504460D4621461068AFF33A
:1003600000802188090502D50F4A7A4402E00E4A2E
:100370007A440E32002104F1240305E000F00F0658
:100380000009965D5E54491C0028F7D120780023AF
:10039000000704D5702D02D009B102231132204686
:1003A000BDE8704000F0A9BA029F00002DE9F05F9F
:1003B000894604464FF0000ADFF874B1FB44C0F8E8
:1003C00020A02046E1688847002874D0252806D060
:1003D000D4E901219047206A401C2062F1E7002601
:1003E0005F462046E16888472028054607DB312D17
:1003F00005D2781910F8200C08B10643F1E7B007D0
:1004000001D526F00406C4F81CA00027C4F818A0E3
:100410002A2D09D0284605F098FF38B304EB870849
:10042000303DC8F8185019E059F8041B204604EB79
:1004300087029161E1688847012F054618D1E0697C
:10044000002820DA26F020061DE0D8F8180000EB7E
:10045000800005EB40003038C8F818002046E168FD
:100460008847054605F071FF0028EED1012F0AD01C
:100470002E2D08D12046E16888477F1C0546022FB3
:1004800046F02006C4DBA069002803DA404246F0AB
:100490000106A061F00701D026F010066C2D0BD0EC
:1004A000682D09D04C2D39D06A2D35D0742D35D01A
:1004B0007A2D33D016E038E0E1682F462046884791
:1004C000B842054609D16C2F26D04FF48060E16810
:1004D000064320468847054604E06C2F1AD04FF4A7
:1004E000807006430DB3A5F14100192802D82035CC
:1004F00046F400664A462946204626604E46FFF7E7
:100500002FFE80B101280BD0F61D26F0070000F168
:10051000080956E74020E4E78020D8E70020D6E726
:1005200006F104094DE7284652E7206ABDE8F09F2E
:10053000D89E00000FB400B58DB010A909900091AD
:100540000B904FF0FF300A9000200C900648784442
:100550000690064878446A4607900F9909A800F06B
:1005600085FC0DB05DF814FB3B0900005309000049
:100570002DE9FF5F1D464FF0FF3B91464FF000080D
:100580005F46D5E90146A96901987F1C8847296A19
:10059000824688470028F6D1BAF1FF3F0CD0002EE2
:1005A00024F4C06419DD600614D5BAF12B0F09D00C
:1005B000BAF12D0F0ED103E0584604B0BDE8F09F0C
:1005C00044F48064A96901987F1C8847761E82469E
:1005D000002E02DDBAF1300F03D0B9F1000F26D0A2
:1005E00032E0A969761E01987F1C44F400748847A4
:1005F000002E824605DDBAF1780F06D0BAF1580F09
:1006000003D0B9F1000F10D01EE0B9F1000F02D0F5
:10061000B9F1100F18D1A969761E01987F1C24F436
:10062000007488478246102002E0082000E00A207B
:10063000814609E0A96908FB0908761E01987F1C1C
:1006400044F4007488478246002E05DD4946504632
:1006500000F0F7FB0028EDDAE96901988847A0056A
:1006600002D46FF00100A8E7E00725D1600613D59A
:10067000600502D5C8F1000000E0404629680A1D67
:100680002A600968220501D5087015E0220701D506
:10069000088011E008600FE02868011D29600068EB
:1006A000210502D580F8008006E0210702D5A0F8D8
:1006B000008001E0C0F8008038467EE7401ECAB2E4
:1006C00010F8011F8A4202D00029F9D1002070479A
:1006D00040EA010370B59B072ED14FF00136042A82
:1006E0002AD308C810C99D1B9D43121F15EAC615C1
:1006F00017D0D8B2E1B2401A50EA056110D198B2D1
:10070000A1B2401A50EA05410AD123F07F4024F0FB
:100710007F41401A50EA052102D1180EA0EB146067
:1007200070BDA342DBD018BA21BA884201D901209A
:1007300070BD4FF0FF3070BD0AB9002070BD10F8D9
:10074000013B11F8014B63B1A3420AD1521E08D0FC
:1007500010F8013B11F8014B1BB1A34201D1521E0D
:10076000EDD1181B70BD10B5203AC0F00B80B1E878
:100770001850203AA0E81850B1E81850A0E81850D6
:10078000BFF4F5AF5FEA027C24BFB1E81850A0E8DF
:10079000185044BF18C918C0BDE810405FEA827CF9
:1007A00024BF51F8043B40F8043B08BF7047D20710
:1007B00028BF31F8023B48BF11F8012B28BF20F8B1
:1007C000023B48BF00F8012B70474FF0000204299C
:1007D000C0F0128010F0030C00F01B80CCF1040C70
:1007E000BCF1020F18BF00F8012BA8BF20F8022BA4
:1007F000A1EB0C0100F00DB85FEAC17C24BF00F84A
:10080000012B00F8012B48BF00F8012B70474FF077
:10081000000200B5134694469646203922BFA0E850
:100820000C50A0E80C50B1F12001BFF4F7AF09075C
:1008300028BFA0E80C5048BF0CC05DF804EB89004D
:1008400028BF40F8042B08BF704748BF20F8022B90
:1008500011F0804F18BF00F8012B70474FF0013C9A
:1008600050F8042B51F8043B9A4221D1A2EB0C031F
:10087000934313EACC1317D150F8042B51F8043BDF
:100880009A4215D1A2EB0C03934313EACC130BD17C
:1008900050F8042B51F8043B9A4209D1A2EB0C0307
:1008A000934313EACC13DBD04FF00000704700BF36
:1008B000D01A01BAB1FA81F101F0180122FA01F05F
:1008C000CB40C1F12001DBB2C0B2C01A2CFA01F357
:1008D000D11A914311EAC311E6D1704770477047AE
:1008E0007047704710B500F047FB006810BD10B5A9
:1008F000044600F041FB046010BD2DE9F0470D46B1
:1009000099469246044600F124080168880604D5F9
:10091000E06921F01001216000E00120A84201DD22
:10092000471B00E00027A1697A1902EB0900081AA9
:10093000A0612078C00602D42046FFF77FFC002685
:1009400008E0D4E901211AF806009047206A401C0B
:10095000761C20624E45F4DB2078C0060AD520467E
:10096000FFF76CFC06E0D4E9012130209047206AB3
:10097000401C2062381EA7F10107F4DC07E0D4E92F
:10098000012118F805009047206A401C2062281EAB
:10099000A5F10105F3DC2046FFF766FC2078000690
:1009A00002D50220BDE8F0870120FBE770472DE962
:1009B000FF4F0C461E464FF0FF378BB0D2E90001C7
:1009C000DDF860800A908A46C1F30A5505B93D46B4
:1009D000002108464FF00000BAF1000F00F440007B
:1009E00005DA00EB80004FF4400101EA50004FEAC5
:1009F0009059B9F1010F00DDB9460A9850EA4A0052
:100A00000ED044F61050A5F2FF3545432F14B8F12F
:100A1000000F1ED07542291E1EDDC9F100021CE028
:100A2000B8F1010F4FF0000001D0302103E0F24394
:100A300005E02154401CB042FBDB3046002200217F
:100A400021540B99C1F80880C1E900200FB0BDE81E
:100A5000F08FBD1B6D1CDEE74A4600DA694206A82E
:100A600000F0D6FC06AB93E8070003AB83E8070071
:100A700050460A9901F033FA8DE80700A0F50050BE
:100A80001F3800900398002D0ADD42F21F014A46EC
:100A90000844002303A90390684601F0DFFC09E045
:100AA000A0F500504A461F38002303A9039068466A
:100AB00001F0FEFC8DE807000004000C03D04FF0AD
:100AC000FF30410800E01046B8F1000F03D00022CB
:100AD000009215461EE0751E05D400F051FA303222
:100AE00062556D1EF9D5B3460122084302D000229B
:100AF0007F1C04E02078302801D100227F1E002ACC
:100B0000099784D01DE0112D07DA00F039FA303250
:100B100062556D1C50EA0102F5D1084302D00098DD
:100B2000C8B10EE00021681E05E0235C625C6354DE
:100B30002254401E491C8142F7DBAB46A81B401ED5
:100B40000990002004F80B000B98099AC0F808805F
:100B5000C0E9002B7AE711264FF0000857E72DE98E
:100B6000F04F88460446D21D22F0070191B0D1E92A
:100B70000001CDE90A0105F033FB02460B98C00FD6
:100B800001D02D2007E02068810701D52B2002E04D
:100B9000202101EAC000032A099001D0072A05DBC1
:100BA00003464146204600F039FA0BE120788006E2
:100BB00001D5E06900E00620B8F1650F814606D056
:100BC000B8F1660F18D0B8F1670F70D131E000208E
:100BD000B9F1110F009001DB112301E009F10103CC
:100BE0000AAA01A90CA8FFF7E2FEDDE90C700026B5
:100BF00009F10105834647E001204B4600904FF084
:100C000000470AAA01A90CA8FFF7D1FEDDE90DB043
:100C10000C995D46002610B909F101000D18B9EBD9
:100C2000050003D4C0F1FF3609F10105A5EB090069
:100C30002BE0B9F1010F01DA4FF001090020B9F101
:100C4000110F0090484601DD112300E003460AAA77
:100C500001A90CA8FFF7ABFEDDE90C704D4600269C
:100C60008346207800070AD4AB4500DA5D4601A828
:100C7000012D04DD411911F8011C302907D04F4521
:100C800002DA17F1040F04DA012082460FE06D1E2C
:100C9000EEE7002F02DCED1B3E4403E0781CA84287
:100CA00000DD7D1CB81B00F1010A4FF000472078E1
:100CB000000703D4AA4501DB4FF0FF3A0021B7F14A
:100CC000004F0DF143088DF8431024D002202B2350
:100CD000002F01DA7F422D230A21021EA0F101001C
:100CE00000DC5FB197FBF1FC97FBF1F201FB1C7C90
:100CF00017460CF1300C08F801CDEEE7A8F1010021
:100D000003702188090501D5452100E06521A0F186
:100D1000010800F8011C09980FA9A1EB0807FF1DA5
:100D200000B10120411901EBEA70A1693844081AA9
:100D3000401EA0612078C00602D42046FFF77EFA4C
:100D4000099828B1D4E901219047206A401C20620B
:100D50002078C00622D52046FFF770FA1EE0002E4C
:100D600004DBB34502DD01A8805D00E03020D4E95A
:100D700001219047206A401C2062761CAAF10100E4
:100D80005FEA000A0AD100F0F3F8C0680168405C2D
:100D9000D4E901219047206A401C2062281EA5F159
:100DA0000105DCDC07E0D4E9012118F8010B9047CC
:100DB000206A401C2062381EA7F10107F3DC2046A0
:100DC000FFF752FA032011B041E6000001694A1C06
:100DD00002610878704700B58FB0CDE9013100217C
:100DE000059105497944CDE9031011466846FFF79E
:100DF000DDFA0FB000BD0000E5FFFFFF0A6802F852
:100E0000010B0A607047D1E900239A4202D2531CB9
:100E10000B601070704710B5436913B1AFF30080D9
:100E200001E0FFF732FA012010BD127800F1240131
:100E30000A7000224A700122EDE711684FF0FF327C
:100E4000E9E73A2800D2303820F02002412A01D3C5
:100E5000A2F13700884201D34FF0FF307047000005
:100E6000026811441378016018467047D160054943
:100E7000794451610449794411620021116111469C
:100E800000F00CB9EDFFFFFF91010000426842B194
:100E9000016811F8013B23B1521EC0E90012184647
:100EA00070470121C160881E704742685AB1C3680B
:100EB000016843B983688B4205D0491E521CC0E9C2
:100EC0000012002070474FF0FF3070470FB400232E
:100ED00000B589B00CA900910B99CB60214B7B44E4
:100EE0000693214B7B44079304236FF00042CDE926
:100EF00001321E4A7A446B4608920246002008F0EE
:100F00009FFE09B05DF814FB70B506464FF0FF3048
:100F100015460C46324686B00091CDE9010169467E
:100F20000020049004A8FFF7D1FF0246049821187E
:100F300025B108B1084600E0204628600498002842
:100F40000DD0002A02DD0098884208D03246081BE6
:100F500069460094CDE9010404A8FFF7B7FF06B085
:100F600070BD0000ABFFFFFFC3FFFFFF13010000D8
:100F700000487047C441002000487047A441002049
:100F800030B5B0F10A024FEA900E71F100034EEA5B
:100F9000817EB0EB0E0061EB91014FEA101E4EEA2C
:100FA000017E10EB0E0041EB11114FEA102E4EEABC
:100FB000016E10EB0E0041EB11214FEA104E4EEA8C
:100FC000014E10EB0E0041EB1141401841F10001C0
:100FD0004FEAD00040EA41704FEAD10110EB8005A2
:100FE0004FEA810444EA907444EB01046D1944EB28
:100FF0000404521BA3414FF0000348BF0A3200D53E
:1010000030BD401C41F1000130BD10B5044600F078
:101010009BFA0068005D00F0010010BD2DE9F04171
:101020001F46044603260168072A01F4006004DB1A
:1010300008B116A505E016A503E008B115A500E066
:1010400015A521F010002060A069C01EA0610FB19D
:10105000401EA0612046FFF7F1F84FB1D4E901210D
:1010600038469047206A401C2062C01C206206E07F
:10107000206AFAE7D4E9012115F8010B9047761EA2
:10108000F8D22046FFF7F0F8BDE8F0814E414E005F
:101090006E616E00494E4600696E66002DE9F34FA1
:1010A0004FF0000A0C4656468DB001200C9001F11D
:1010B0000C000B9062690B9801219047051E2DD002
:1010C000252D2CD0216A8847C0B162690B98012177
:1010D0009047216A88470028F7D16269411E0B9822
:1010E000904700E0761CA1690D988847216A8847DF
:1010F0000028F7D1E1690D988847DBE7A1690D98D1
:101100008847A842074601D1761CD3E7E1690D98CC
:1011100088477F1C02D1BAF1000F6FD06BE1626982
:101120000B9800273D46394690472A2804D162692A
:101130000B98012190470125DFF8D08262690B9856
:1011400001219047A0F130010A290AD24745E5DC88
:1011500007EB870100EB4107303FDFD445F0100576
:10116000ECE7E90601D46FF000476C280AD04C2860
:1011700014D0682815D06A280DD074281CD07A287D
:101180001AD01DE062690B98012190476C2802D0AB
:1011900045F0040514E045F002050DE045F020059A
:1011A0000AE062690B9801219047682802D045F057
:1011B000080505E045F4006562690B980121904738
:1011C000C4E9015765283DD019DC58287AD00CDCD9
:1011D000452837D004DC252826D041289ED131E08F
:1011E00046282FD0472899D12CE05B2877D061285A
:1011F00028D063287CD0642823D15AE0F6E06F28F9
:1012000048D008DC66281DD067281BD0692821D06B
:101210006E2816D127E0702845D0732868D075282D
:1012200047D078280DD14DE0A1690D988847252831
:1012300005463FF469AFE1690D9888476D1C3FF49E
:101240006AAFD8E00D9923466A466FF0010008F0B6
:10125000F7FCC5E045F0400023464FF00002606017
:10126000A80736D43EE0E8077FF447AF2068011DA9
:1012700021600068290501D506701BE7290701D503
:10128000068017E7A90703D5F117C0E9006111E748
:1012900006600FE745F0400023464FF0080260600B
:1012A000A80716D41EE040F60E0125EA0100606092
:1012B00016E045F0400023464FF00A026060A807A0
:1012C00007D40FE045F040006060A80708D523462A
:1012D00010220D996FF00100AFF3008080E007E06D
:1012E000102223460D996FF00100FFF741F977E0D6
:1012F0004FF0000963284F46C8464B46CB4602D004
:101300005B2806D038E0E80601D40120A060012760
:1013100032E06269D4F80CB00B98012190475E2846
:1013200007D14FF0010949466269D4F80CB00B9817
:101330009047216939B900210A4603AB43F82120BF
:10134000491C0829FADBD8B3216949B308F101081F
:1013500062690B98012190475D28F4D1B9F1000F23
:1013600009D0002003A951F82020D24341F82020C1
:10137000401C0828F7DB03AB2069002820794FEADE
:1013800040701ED05B462246CDF80080CDE9019723
:101390000D9900286FF0010020DAAFF300801FE004
:1013A000C11703AA00EBD1614B1121F01F0102EB21
:1013B0008302411A13680120884003431360C7E782
:1013C00019E00D99224600286FF00100009702DA1B
:1013D000AFF3008004E0AFF3008001E0AFF30080E2
:1013E00000280ADA401C06D10C9820B14FF0FF30DB
:1013F0000FB0BDE8F08F5046FAE7E90701D10AF1D6
:10140000010A064400200C9054E60000CCCCCC0C21
:101410002DE9F047814616468AB0354878440DC814
:101420008DE80D0032487844801C03AC0DC884E878
:101430000D0041F69B300844372190FBF1F290FB00
:10144000F1F5A5F1800501FB12041B3C02D56442B5
:10145000012000E00020DFF898A080460027FA4431
:10146000AAF1BE0A0EE0E0070AD03246684607EB52
:10147000470101230AEB810101F01AF88DE807000A
:1014800064107F1C002CEED1194F7F44AE3F19E051
:10149000E80715D007EB04100DF1180A90E80E00CC
:1014A0008AE80E00C068F04201D1981908903246CF
:1014B000012306A903A800F0FBFF03AB83E80700A4
:1014C0006D10641C002DE3D14FF0010332466946D4
:1014D000B8F1000F03A802D000F0C0FF01E000F057
:1014E000E7FFC9E90001C9F808200AB0BDE8F087A4
:1014F000088F000000487047A44100207546FFF7A0
:10150000F9FFAE4605006946534620F007008546C0
:1015100018B020B5FEF764FEBDE820404FF000068D
:101520004FF000074FF000084FF0000B21F00701CB
:10153000AC46ACE8C009ACE8C009ACE8C009ACE80E
:10154000C0098D467047000010B5FFF711FD001D62
:1015500010BD00BF557B00002DE9FF4F06468BB044
:101560000878FF2806D0491C2D2805D000244FF00C
:10157000000908E000200CE00124F8E709EB8903EA
:10158000491C00EB43090878FF28F7D114B1C9F1D1
:1015900000008146107800252C46AA4629462D28B1
:1015A00001D02B2804D1521C2D2813D000208246B4
:1015B0008B461078FF280FD04FF0000C0A21521CE8
:1015C000A5FB017804FB018105FB0C11C5194BEB50
:1015D0000104EEE70120EAE7002108464FF0000091
:1015E000BAF1000F02D000EB80004008C0F3815731
:1015F000012F01DD4FF0FF370E9955EA040009EB8A
:1016000001080BD04FF0020918F5FA7F16DA4FEAFD
:10161000CA70002F706008DD012007E04FEACA7031
:10162000C6E900B00FB0BDE8F08F00203060FFF7D2
:10163000A3FCC0F800901821084616E0B8F5FA7F20
:1016400018DD002F02DAF748784401E0F6487844C4
:10165000D0E90010C6E9001040EACA707060FFF7D8
:101660008BFCC0F80090142108460FB0BDE8F04F85
:1016700008F05BBA002108464FF00000B8F1000105
:10168000099002DAC7F1000200E03A4601DAC8F137
:10169000000106A8FFF7BCFE06AB93E8070003AB0A
:1016A00083E8070044F23E005BEA040100905846DC
:1016B00004D144F21E012C465D460091210C090420
:1016C000014306D10099240444EA15442D0410393D
:1016D000009104F07F41014306D10099240244EABD
:1016E00015642D020839009104F07041014306D1C0
:1016F0000099240144EA15742D01091F009104F09A
:101700004041014306D10099A40044EA9574AD001C
:10171000891E009104F00041084304D100986D191E
:101720006441401E00904FF001033A466846B8F10C
:10173000000FCDE9014503A902DD00F0CEFE01E076
:1017400000F0A1FEBAF1000F04460D4601D084F06E
:101750000044002108464FF00000099940F2FF774D
:10176000484010F00C0F07D124F00040284303D06C
:10177000C4F30A50B84212D1FFF7FEFBC0F8009044
:10178000C4F30A50B8420AD1A8487844D0E90010FE
:10179000C6E9001004F000410843706042E7C6E962
:1017A00000543FE72DE9FF4F1F464FF0000A4FF06E
:1017B000FF38454691B0D7E90146CDF83CA0FFF788
:1017C000D7FBC0680168405C1090B96912986D1C25
:1017D0008847396A814688470028F6D1B9F1FF3F2A
:1017E0000AD0002E24F4D06411DDB9F12B0F08D0FB
:1017F000B9F12D0F0BD102E0404615B013E744F4C8
:101800008064B96912986D1C8847761E8146600510
:1018100004A901D52D2000E02B20002E01F1010BA1
:101820000DF130088DF810003FDDB9F1690F08D0D7
:10183000B9F1490F05D0B9F16E0F02D0B9F14E0FD1
:101840001CD13B4601A8009580E85002DDE9121248
:101850006FF0020008F0F8F9C11CCED10EE0B969B2
:1018600012986D1C884781461398761E44F40074C4
:1018700005600F98401C002E0F9016DDB9F1300F57
:10188000EDD0B9F1780F02D0B9F1580F0DD10F9802
:1018900001280AD13B46CDE90054DDE91212001FB0
:1018A000029608F0CFF9C11CA7D1109989453ED105
:1018B00044F0800406E01399681CAAF1010A44F47C
:1018C00000740860B9696D1C1298761E884730282C
:1018D0008146F0D02BE01099894505D1200603D42C
:1018E000761E44F0800418E0484604F02EFD08B34C
:1018F000761E0DF123018B4544F4007408D2A9F142
:1019000030000BF8010B200607D5AAF1010003E017
:10191000200602D40AF101008246A00502D51399DF
:10192000681C0860B96912986D1C88478146002EB2
:10193000D1DC53E0002E51DDB9F1650F02D0B9F1D1
:10194000450F4BD1A00549D5B9696D1C1298761E7B
:1019500024F440748847002E81460CDD2B2804D0E7
:10196000B9F12D0F07D144F48074B96912986D1C38
:101970008847761E8146E00501D52D2100E02B2108
:1019800008F8011BCDF8008021E0761E0DF1390129
:10199000884544F400740CD2A9F1300010F0FF0027
:1019A00088F8000002D10099884509D908F101089A
:1019B00006E0E00501D51E4801E042F20F708246C4
:1019C000B96912986D1C8847814613980560002EEE
:1019D00004DD484604F0B9FC0028D6D1F969129814
:1019E0008847FF2053468BF8000088F8000000204D
:1019F0000A900B9004AA0CA90AA8FFF7ADFDA00558
:101A000002D46FF00100F8E614F0240F12D0E007C2
:101A10001CD13868DDE90A12031D3B600068C0E98B
:101A2000001213E0889400007A9400003E930000B6
:101A3000F1D8FFFF0AA9684604F016FCE00705D1BB
:101A40003868009A011D3960006802602846D4E6B3
:101A500010B50446AFF300802046BDE81040FEF705
:101A6000ABBB00002DE9FF4F1F464FF03C0987B08C
:101A70004FF00042DDE9141001F10108DDF858A033
:101A800002EA405003900020059083460546044634
:101A90000490B969461E08988847AAF1010A029085
:101AA000BAF1000F3BDD02982E2815D01021FFF768
:101AB000C8F900282EDB4FF0010B0599014317D020
:101AC000B9F1000F0BDB4A46C11700F0F5F90543E9
:101AD0000C43A9F1040905E0012004900BE008B1D2
:101AE00045F0010501200590049820B9361D02E05B
:101AF000049800B1361FB969089808F101088847B1
:101B0000BBF1000FAAF1010A0290C9D00999C1F8EE
:101B10000080C5E70298702808D0502806D0F969DF
:101B200008988847BBF1000F14D04FE000200290C6
:101B30000120BBF1000F049009D0B969089808F1A1
:101B400001088847AAF10109B9F1000F07DCF9691A
:101B5000089888476FF001000BB0BDE8F08F2B2884
:101B600004D02D280CD14FF0FF300490B9690898AB
:101B700008F101088847A9F10109B9F1000FE6DD74
:101B8000411CE4D00A21FFF75CF90028DFDB029951
:101B900008F1010801EB810100EB41000290B969F5
:101BA000089888470A21FFF74CF9099AA9F1010919
:101BB000B9F1000FC2F8008001DD0028E7DAF96909
:101BC000089888470499029800FB016655EA0400CA
:101BD00004D004F04041090002D006E0039898E0E8
:101BE000A40044EA9574AD00B61E04F0004108005C
:101BF00002D16D196441761E159810F0240F03D0A0
:101C00004FF00B095C4803E04FF028096FF07D00AE
:101C10008246564507DAAAEB06018944B9F1410F1D
:101C200001DD4FF0410901200021A9F1010200F07E
:101C300043F9024628400B462140084301D00121C8
:101C400000E00021501E029143F1FF312840214065
:101C5000084301D0012000E000200299834651EAA8
:101C60000B014FD0002108464FF00000039900F40B
:101C7000400039B100EB80004FF4400100EBD07020
:101C800001EA60008015012802DD4FF0FF3000E01E
:101C900013D0401C36D0029860B3BBF1000F0CD1BA
:101CA0004A460120002100F007F92840214008435E
:101CB00001D0012000E00020E0B101204A460021CF
:101CC00000F0FAF8034640190A4661412D1A8C418A
:101CD00011D3B9F1400F09DD159810F0240F02D08F
:101CE000AAF1340603E0AAF1170600E0761C0025ED
:101CF0004FF0004406E05B1E42F1FF3220EA03058C
:101D000021EA0204CAF10100B04206DA1B49039835
:101D100008430190002000900EE0039AC4F3D32101
:101D2000E80A0A43164940EA44500A433146CDE9DD
:101D30000002684604F0FEFA159810F0240F0BD04C
:101D40001598C00715D13868DDE90012031D3B6006
:101D50000068C0E900120CE002A8694604F084FAA9
:101D60001598C00705D13868029A011D39600068CE
:101D700002604046F0E6000002FCFFFF0000F07F3A
:101D80000000F03F2DE9FF4F92461D4685B04FF011
:101D90000041DDE9124BDDE914727F1E01EA4B5070
:101DA000414940F0FF4940EA0108002122F02000AB
:101DB0004928049102D04E2828D04CE03BA00126AF
:101DC00007C88DE80700A9690698641C88477F1E2C
:101DD000014606D41DF8060018B121F02001814209
:101DE0000BD0E96906988847032E34D0082E32D0EC
:101DF0006FF0010009B0BDE8F08F761C032E01D012
:101E0000082EE0D1601CCAF80000DCE7A96906983A
:101E1000641C88477F1E2AD420F02000412826D148
:101E2000A9690698641C88477F1E20D420F02000F2
:101E30004E281CD1A9690698641C88477F1E48F467
:101E4000002849F48009CAF8004001D4282806D0A7
:101E5000E969069888475FEACB7012D022E0A96949
:101E60000698641C88477F1E01D4002803DAE969BC
:101E700006988847BCE72928F1D1641CCAF80040BD
:101E8000E9E71BF0240F07D028680499031D2B6095
:101E90000068C0E9001805E02868021D2A60006893
:101EA000C0F800902046A5E70000F07F494E464963
:101EB0004E49545900000000B2F120030AD5C2F186
:101EC000200301FA02F120FA03F300FA02F041EADA
:101ED0000301704700FA03F14FF0000070475FEA1A
:101EE000400C08BF91F0000F4FEA8C234FEAC1224B
:101EF00043EA51514FEA1C5018BF00F5F0404FEA39
:101F0000300018BF41F000415FEA6C5C00F02980AE
:101F1000BCF1FF3F08BF40F080407047130C06BF84
:101F200012044FF0100C4FF0000C130E04BF1202FD
:101F30000CF1080C130F04BF12010CF1040C930FE9
:101F400004BF92000CF1020CD30F04BF52000CF13D
:101F5000010C11464FF00002A0F11F00A0EB0C0095
:101F6000704711F0004F08BF704731F000413FF457
:101F7000D5AF0B0C06BF09044FF0100C4FF0000C4E
:101F80000B0E04BF09020CF1080C0B0F04BF090172
:101F90000CF1040C8B0F04BF89000CF1020CCB0F69
:101FA00004BF49000CF1010CCCF12003A0EB0C00A4
:101FB00022FA03F302FA0CF241EA030100F10100F4
:101FC000704720F07F4C80EA030023F07F47ACEBA2
:101FD000070303F57C5300F0004003F1FF032DE9F4
:101FE00080494FEA154B09B44FEA144325EA0B4EDA
:101FF00024EA03480FF2042606EB132749083E782B
:102000005FEA320203FB0667C7F5000707FB06F627
:102010004FEA54374FEAD64606F1020607FB066C34
:10202000CCF1005C4FEA1C472CEA074C07FB06F496
:102030000CFB06F504EB15464FEA961634BF00205C
:102040004FF000404FEAD13706FB07FC4FEA1C4C2B
:102050000CFB0BF7D21B03FB0CF761EB07010CFB2E
:102060000EF7B0EB074072EB17420CFB08F734BFDA
:10207000A2EB0742B2EB074261EB17414FEA0C4477
:102080004FEA910706FB07FC4FEA1C4C0CFB0BF7D1
:10209000B0EBC74072EB573203FB0CF734BFA2EB37
:1020A000C742B2EBC74261EB57310CFB0EF7B0EB06
:1020B000C70072EB57720CFB08F734BFA2EBC702E4
:1020C000B2EBC70261EB5771039F4FEA816141EAAE
:1020D000921104EBCC044FEAD1374FEA826206FB3F
:1020E00007FC42EA90124FEA80604FEA1C4C0CFB5E
:1020F0000BF7D21B03FB0CF761EB07010CFB0EF790
:10210000B0EB074072EB17420CFB08F734BFA2EBB1
:102110000742B2EB074261EB17414FEA8C554FEA99
:10212000910704EB9C2406FB07FC4FEA1C4C0CFBBC
:102130000BF7B0EBC74072EB573203FB0CF734BF21
:10214000A2EBC742B2EBC74261EB57310CFB0EF773
:10215000B0EBC70072EB57720CFB08F734BFA2EB71
:10216000C702B2EBC70261EB577115EB4C254FEA82
:10217000816141EA92114FEA82624FEAD13742EA25
:10218000901206FB07FC44F100044FEA80604FEA1E
:102190001C4C0CFB0BF7D21B03FB0CF761EB07018C
:1021A0000CFB0EF7B0EB074072EB17420CFB08F785
:1021B00034BFA2EB0742B2EB074261EB174115EBCC
:1021C0001C154FEA813141EA92414FEA823242EADC
:1021D00090424FEA80304FEA0C7644F1000448EA1E
:1021E00003434EEA0B484FF0000EB2EB080C71EBC4
:1021F000030724BF624639464EEB0E0E4FF0000B2C
:102200000018524149414BEB0B0BB2EB080C71EB40
:1022100003077BF1000B24BF624639464EEB0E0EDE
:102220004FF0000B0018524149414BEB0B0BB2EB46
:10223000080C71EB03077BF1000B24BF62463946A3
:102240004EEB0E0E51EA020718BF46F0010616EBE0
:102250000E7655F1000254F1000103D5BDE8890165
:10226000BDE80088BDE88901BDE80048B6195241C3
:1022700041EB0101A3F10103704780807F7E7D7CEB
:102280007B7A7978777676757473727171706F6E08
:102290006E6D6C6C6B6A6A696868676666656464B3
:1022A000636362616160605F5F5E5E5D5D5C5C5B3D
:1022B0005B5A5A59595858575756565555555454AC
:1022C000535352525251515050504F4F4F4E4E4D0A
:1022D0004D4D4C4C4C4B4B4B4A4A4A494949484856
:1022E0004847474747464646454545444444444396
:1022F00043434342424242414141000046EA0646CE
:10230000A3F570534FEA164646EA42564FEAD222E8
:1023100042EA415210B54FEAD121A3F1010300F086
:102320002FF820F0004000F1020C00F0004701EB14
:1023300000501146BCF5006F40EA070000D210BD06
:10234000BAF1000F0AD01CB503B44FF004004FF0EF
:1023500004014FF000000FBCBDE810404FF0000139
:10236000BBF1010FB9BF04484FF0FF310348002112
:1023700040EA070010BD00BFFFFFEF7F0000F07FC5
:10238000002B9C4630D477002BD01CB54FEA370782
:1023900003B44FF010004FF01001BAF1000F06D057
:1023A000BCF1000FDCBF40F0080040F008014FF026
:1023B00000000FBCBDE810400BF1010BBBF1010F99
:1023C00008BF5FEA170722BF12F1010211F10101F4
:1023D0004FF0004143F1000300F0004043EA0000E9
:1023E0007047F9D35708D0E746EA064613F1400F85
:1023F0004FEA16461FDD13F1200FDFBF16430A46D2
:10240000002120335B42BED0C3F1200746EA0646D6
:1024100002FA07F74FEA164646EA0706C3F1200715
:1024200022FA03F201FA07F721FA03F14FF0000351
:1024300042EA0702A7E746EA020646EA06464FEAEC
:10244000164646EA0106BCBF46EA0646360C4FF081
:1024500000034FF000024FF0000194E72DE9804C9B
:102460009A46934670B491E8380007C831EA400CA8
:1024700048BF34EA430C03D5FFF7A3FDFFF780FF05
:10248000F0BCBDE8008C2DE9804C9A46934670B4B0
:1024900091E8380007C831EA400C48BF34EA430CE1
:1024A00003D5FFF78EFDFFF729FFF0BCBDE8008CD8
:1024B0002DE9804C9A46934670B491E8380007C8DD
:1024C00010F0804F08BF13F0804F03D100F01AF8CE
:1024D000FFF756FFF0BCBDE8008C2DE9804C9A4612
:1024E000934670B491E8380007C810F0804F08BFD9
:1024F00013F0804F03D100F005F8FFF7FFFEF0BCAA
:10250000BDE8008C20F07F4780EA030023F07F4C79
:1025100007EB0C03A3F57C5300F00040A3F1FE038E
:1025200092F0000F00F0B38095F0000F00F077807C
:102530002DE901494FEA11404FEA144621EA0048CB
:1025400000FB06FC24EA064708FB06F607FB08F832
:1025500000FB07F718EB06484CEB164C4FEA124B02
:1025600018EB07484FEA15464CEB174022EA0B4E92
:102570000BFB06FC25EA06470EFB06F607FB0EFEE4
:102580000BFB07F71EEB064E4CEB164C4FF000060C
:102590001EEB074E4CEB174B18EB0B0840F10000FD
:1025A00018EB0E0B58EB000840F100008F1A4FF0AB
:1025B00000013CBFC943661B14BFB5EB040C0021EE
:1025C0003CBFC943F61B4FEA17444EEA8E0E27EA7A
:1025D00004454FEA1C4704FB07622CEA074C05FB45
:1025E00007F70CFB05F604FB0CFC16EB074642EB69
:1025F000174216EB0C4642EB1C421BEB060658EB4F
:102600000202414146EA9E0601D5BDE80189B6199C
:10261000524141EB0101A3F10103BDE801894FEAF9
:1026200014454FEA114724EA054621EA074C05FB09
:1026300007F406FB07F70CFB06F105FB0CFC11EB9E
:10264000074144EB17444FEA124711EB0C4144EBAE
:102650001C4422EA074C05FB07F206FB07F70CFBBC
:1026600006F605FB0CFC16EB074642EB174216EB91
:102670000C4642EB1C456A1854F1000148BF7047F4
:10268000B619524141EB0101A3F10103704795F0E6
:10269000000F37D04FEA11424FEA144721EA0246B1
:1026A00024EA074C02FB07F106FB07F70CFB06F4D4
:1026B00002FB0CFC14EB074441EB17414FEA1547B2
:1026C00014EB0C4441EB1C4125EA074C02FB07F5D7
:1026D00006FB07F70CFB06F602FB0CFC16EB0746A5
:1026E00045EB174516EB0C4645EB1C42121951F110
:1026F000000148BF7047B619524141EB0101A3F1F7
:10270000010370474FEA14454FEA114724EA054692
:1027100021EA074C05FB07F106FB07F70CFB06F265
:102720004FF0000605FB0CFC12EB074241EB174192
:1027300012EB0C4251EB1C4148BF7047921841EB21
:102740000101A3F10103704708B501460020009084
:10275000034800900098084400900098008808BD45
:10276000006C004008B500220092044A0092009AD2
:1027700002440092009A116008BD0000006C004005
:102780002DE9F04104460D4616461F4642480470A6
:10279000424804700120424908704248002101600B
:1027A00081800020404908704049087045B140A030
:1027B00000F092FC00F0F2F9502001F094F905E0ED
:1027C0003DA000F089FCFA2001F08DF93DA000F059
:1027D00083FC304600F00CFE38B93DA000F07CFCD4
:1027E00000202D490870BDE8F0810321B42000F0DD
:1027F00011FE30B939A000F06FFC002026490870A6
:10280000F1E70220264908700020374908700320AC
:102810002349087035A000F05FFC00F06BFB10B995
:1028200035A000F059FC04201D49087035A000F0C7
:1028300053FC44F62061082000F07CF930B934A044
:1028400000F04AFC002014490870CCE7012016492A
:10285000087005201249087030A000F03DFC40F2DD
:10286000DC51384600F018FD50B92FA000F034FCC0
:1028700000200D4908700D49087007490870B2E73B
:1028800085200A49087006200549087029A000F033
:1028900023FC0120A7E70000280000204D000020B5
:1028A0004E000020380000204C00002029000020AD
:1028B00042493A48520D0A0042493A57544E0D0ACD
:1028C0000000000042493A5052450D0A0000000045
:1028D00042493A465052450D0A00000042493A46E4
:1028E0005052530D0A0000004F00002042493A5058
:1028F00049440D0A0000000042493A465049440D3F
:102900000A00000042493A4654520D0A00000000F5
:1029100042493A464654520D0A00000042493A578D
:1029200046520D0A0000000042493A465746520DF1
:102930000A00000042493A5244590D0A00000000C2
:102940002DE9F04FC1B081468A4693465C4614B9E2
:1029500041B0BDE8F08FBAF1000F02D04FF4C8705B
:1029600001E04FF47A7040905D48006858B15C48CF
:102970000068814507D35A480068A9EB00014098D8
:10298000814200D2E4E75648C0F8009003F0DEF937
:102990003F9003F0D5F93E9001F0A0FB3D9001F08F
:1029A000DBFB3C9001F006FC3B9001F0F5FB3A901C
:1029B00001F0C6FB399001F0BDFB389001F0B4FB8B
:1029C000379001F09FFB369001F0A8FB359001F0A5
:1029D00093FB349001F0D4FB339001F0D7FB32909D
:1029E00001F0C8FB319001F0B1FB309001F070FBB9
:1029F0002F9001F08DFB2E9001F064FB2D9001F0E3
:102A0000E7FB2C90206D06F0ADFC05460E46E06C11
:102A100006F0A8FC07468846A06C06F0A3FCCDE9AA
:102A20002A01606C06F09EFCCDE92801206B06F0BF
:102A300099FCCDE92601606B06F094FCCDE92401F8
:102A4000284ADDE93E101268274B1B68CDE9203289
:102A5000CDE92210DDE93A23DDE93C10CDE91C2364
:102A6000CDE91E10DDE93623DDE93810CDE9182364
:102A7000CDE91A10DDE93223DDE93410CDE9142364
:102A8000CDE91610DDE92E23DDE93010CDE9102364
:102A9000CDE91210DDE92C01CDE90A78CDE90C561B
:102AA000CDE90E01DDE92A01CDE90801DDE92801C2
:102AB000CDE90601DDE92601CDE90401DDE92401C6
:102AC0004B460A4ACDF800A0CDE902014FF4C0718F
:102AD0000748FDF799FB064803F0D4FA00BF37E733
:102AE000AC0000209C00002098000020A8A900084D
:102AF000E41A002010B5002415E001F079FE0C491D
:102B000009784906080E01F01BFE01F0B3FE18B962
:102B100001F08EFE012010BD01F08AFE012000F0C0
:102B2000E2FF601CC4B2032CE7D30020F3E70000EF
:102B30002800002030B585B005460C4614216846B3
:102B4000FDF765FEFD208DF800008DF80150E0B224
:102B50008DF80500200A8DF80600200C8DF807007E
:102B6000200E8DF8080011226946022000F06AFA52
:102B700005B030BD7CB5044600250BE0694601A8D0
:102B800000F042F918B9022000F0ADFF00E000BFEC
:102B9000681CC5B2A542F1DB7CBD000010B54FF446
:102BA0008041074801F0F1F90A2000F09CFF4FF442
:102BB0008041034801F0EBF9502000F094FF10BD74
:102BC000000C01402DE9F04104460E46092E02D2C8
:102BD0000020BDE8F08162480078FB2801D0002089
:102BE000F7E75F4845795F480570012D39D10F2E11
:102BF00037D35B48093000F0FFF80746082100F0A2
:102C0000B9F8A06156480B3000F0F6F807460821E5
:102C100000F0B0F8E06152480D3000F0EDF80746E2
:102C2000082100F0A7F820624F49A06906F078FD5E
:102C3000074606F0F9FC00B220804B49E06906F037
:102C40006FFD074606F0F0FC00B260804649206A3E
:102C500006F066FD074606F0E7FC00B2A080012002
:102C6000B7E7022D45D10F2E43D33D48093000F080
:102C7000C3F88046092100F07DF807463B4906F07D
:102C80004FFD606236480B3000F0B6F880460921EF
:102C900000F070F80746354906F042FDA062304862
:102CA0000D3000F0A9F88046092100F063F80746CE
:102CB0002E4906F035FDE0622D49606A06F030FDD0
:102CC000074606F0B1FC00B2E0802949A06A06F090
:102CD00027FD074606F0A8FC00B220812449E06ADF
:102CE00006F01EFD074606F09FFC00B26081012041
:102CF0006FE7052D01D0082D2FD1112E2DD31848A7
:102D0000093000F079F807460E2100F033F8A0648E
:102D100013480B3000F070F807460E2100F02AF837
:102D2000E0640F480D3000F067F807460E2100F010
:102D300021F820650A480F3000F05EF807460E21A2
:102D400000F018F86064012084F8600084F86200E4
:102D5000204600F0DFF901203BE7002039E70000C2
:102D6000440600205400002000007A44E12E654211
:102D70000000C8422DE9F04105460C46012101FA48
:102D800004F006F085FC0646284606F069FC074676
:102D9000314606F087FBBDE8F081000070B50646BD
:102DA0000D460DB9002070BD01F022FD11490978D2
:102DB000012202EB4101C8B201F0C2FC01F05AFD50
:102DC00018B101F035FD0020EDE700240CE001F022
:102DD00067FC3055601CA84202D201F097FC01E06C
:102DE00001F0ECFC601C84B2AC42F0DB01F020FD91
:102DF0000120D8E728000020014608784A7840EAF8
:102E0000022000B2704700002DE9F041E2B0064612
:102E10000F464FF40041314801F0AEF818B10020E0
:102E200062B0BDE8F0812E480068401C2C49086063
:102E300000202C4908702C48002101600421FFF774
:102E4000ADFF20B90120274908700020E8E7264897
:102E500000782549497840EA0128C8F30E08B8F1FE
:102E6000040F04D202201F4908700020D8E7A8F1FF
:102E7000040084B214B1B4F5C07F04D90320194909
:102E800008700020CCE7201D81B201A8FFF786FF63
:102E900020B90420134908700020C1E74FF4C07125
:102EA0001248FDF7B4FC002506E001A9281D085CC6
:102EB0000E494855681C85B2A542F6DB0020094939
:102EC00008700B480068401C0949086016B10648A4
:102ED0008078307007B13C800120A1E700080140F4
:102EE000640000206C0000203E000020440600200A
:102EF000680000203EB50025F9208DF8080000206C
:102F00008DF809000820FFF735FE142000F0EBFDD6
:102F10001FA000F0E1F8022202A9104600F092F88A
:102F200020B91EA000F0D8F800203EBD002426E005
:102F3000694601A8FFF768FFE0B11DB901251AA095
:102F400000F0CAF81B4800781B4908709DF804007F
:102F500002280FD1BDF8000002280BD315480078D5
:102F6000F82807D115A000F0B7F885201649087099
:102F70000120DAE7012000F0B6FD601C84B2B4F550
:102F8000FA6FD5D311A000F0A7F80020CDE700001C
:102F900042493A504944530D0A00000042493A461A
:102FA000504944530D0A000042493A504944504B9D
:102FB0000D0A0000440600204F00002042493A500C
:102FC0004944520D0A0000002900002042493A54A9
:102FD0005049440D0A00000070B5164805780020DD
:102FE00015490870154908701549087008241BE038
:102FF00010480470FFF77EFD00B913E01048007818
:1030000008B90D4804700D4804700D480078FF2879
:1030100004D20B480078401C09490870012000F0D8
:1030200062FD00BF601CC4B2782CE1D3014805707A
:1030300070BD00002800002050000020510000203A
:10304000520000202DE9F047E0B0044689461746BB
:103050003D1DB5F5C07F03D9002060B0BDE8F08705
:103060001A4804701A4805801A4810F804A0005D38
:10307000401C18490855E8B28DF80000280A8DF860
:1030800001008DF802408DF803A0002606E019F833
:103090000610301D0DF80010701CC6B2BE42F6DBE3
:1030A0004FF000080DE02946684600F0F1F908B13C
:1030B0000120D2E7052000F016FD08F1010000F024
:1030C000FF08B8F1030FEED30020C6E75800002038
:1030D0005A0000203800002010B50446204602F0B7
:1030E000D1FF10BD10B504460948007800B110BDED
:1030F0004CB1002084F8600060632063A06384F812
:10310000610084F8620001F069F800BFEFE7000099
:103110005E0000202DE9FF5F0446656CA06C039003
:10312000E06C0290206D01904FF08040019906F014
:10313000F7FA0090019906F0F3FA82464FF040400A
:10314000029906F0EDFA0090029906F0E9FA83463A
:10315000514606F075FC81464FF07E5106F02EF97F
:10316000074629464FF0804006F0DAFA8346019977
:1031700006F0D6FA81464FF08040039906F0D0FA67
:103180008346029906F0CCFA8246494606F016F9C3
:103190008046394603F08AF980F000463A493046C5
:1031A00006F0BEFA394908603948016837480068B6
:1031B00006F046FC064600F04BF9606329464FF0E6
:1031C000804006F0ADFA8346029906F0A9FA8146DE
:1031D0004FF04040039906F0A3FA8346019906F0A8
:1031E0009FFA8246494606F0E9F880464FF07E5243
:1031F000284900F028FF074603F0C6F880F0004693
:103200002149304606F08CFAE0634FF08040029985
:1032100006F086FA0090029906F082FA82464FF094
:103220004040039906F07CFA0090039906F078FA82
:103230008346514606F004FC81464FF07E5106F06D
:10324000BDF8074629464FF0804006F069FA8346EC
:10325000039906F065FA81464FF08040029906F026
:103260005FFA8346019906F05BFA8246494606F00A
:10327000A5F88046394603F019F90646024906F0DA
:103280004FFA2064BDE8FF9FE12E65424800002010
:1032900044000020000080BF2DE9F04790B00446B4
:1032A0000D463148D0F800903048D0F800A00026F4
:1032B000B046002724E0204601F096F848B194F883
:1032C000600030B12AA0FFF707FF012010B0BDE871
:1032D000F087B8F1000F05D123480068484501D0B8
:1032E0004FF001083EB921480068504503D001263F
:1032F00022A0FFF7F1FE012000F0F5FB781C87B259
:10330000AF42D8DB86B12048008820490978CDE952
:1033100000101F4803781FA2302104A8FCF774FF97
:1033200004A8FFF7D9FE1CE0B8F1000F16D0224820
:10333000C07821498978204A52781F4B1B78CDE903
:103340000032CDE902101D4803781DA2302104A8E7
:10335000FCF75AFF04A8FFF7BFFE02E021A0FFF729
:10336000BBFE0020B2E700006400002068000020DF
:1033700042493A5250540D0A0000000042493A575F
:1033800046504B0D0A00000056000020540000205B
:103390005300002042493A57464E502063683D256D
:1033A00075207269643D307825303258206C656E26
:1033B0003D25750D0A0000003E0000206C00002035
:1033C00042493A5746524120633D257520683D25C4
:1033D0003032582530325825303258253032580D89
:1033E0000A00000042493A57464E4F0D0A000000BD
:1033F00070B50446002509E0FFF77CFB08B1012009
:1034000070BD052000F06FFB681D85B2A542F3DB9F
:103410000020F5E72DE9F04106460C46002700257F
:1034200012E0FFF767FB40B1A54201DA681CC5B2A4
:10343000A54203DB0120BDE8F08100250A2000F051
:1034400052FB07F10A0087B2B742EADB0020F2E73D
:1034500010B5044604E00B49204606F0F1FA044694
:103460000949204606F028FAF5D304E0054920462C
:1034700005F0A4FF04460549204606F01DF9F5D3E2
:10348000204610BD0000B44300003443000034C3A4
:1034900070B505460E4600201549088001F0A8F9D0
:1034A000144909784906080E01F04AF901F0E2F9D9
:1034B00030B100200E49088001F0BAF9002070BD3B
:1034C00000240EE0285D01F03BF901F0D3F930B1A2
:1034D000601C0749088001F0ABF90020EFE7601C91
:1034E00084B2B442EEDB01F0A3F90120E7E700006B
:1034F0005C00002028000020032005F07DFA000079
:1035000070B59EB0044600260CE050210AA802F0D7
:10351000DDFD054605B907E00AA9204603F01CFCBD
:10352000701CC6B2102EF0DB00BF42F224500159CD
:1035300042F210500059081A052802D3204603F021
:1035400097FF42480078D0B142F22450015942F22C
:1035500018500059081A0A282CD342F22450015955
:1035600042F21850015139480078052803D120460D
:1035700004F01BF91EE0204604F005F91AE094F867
:103580009C0010B194F89D00A0B994F8A80088B9E7
:1035900042F22450015942F214500059081AC82826
:1035A00008D342F22450015942F2145001512046EE
:1035B00004F0BCF994F89C00C8B194F89D00B0B137
:1035C00042F224500059D4F8A010461A42F220507A
:1035D0000059301A0A2809D342F2205006511B48DC
:1035E000007818B93146204605F0F8F900BF94F884
:1035F0009C0048B3D4F8A40030B342F224500059E0
:10360000D4F8A010461AD4F8A400B0421BD8204623
:1036100000F0F8F9002004F89C0F01202073638863
:103620000BA228216846FCF7EFFD684604F01EFF58
:1036300063889C3C0BA2242101A8FCF7E5FD01A8AE
:1036400004F014FF00BF00BF1EB070BD8400002056
:103650004558505F54494D454F55542069643D25A8
:10366000750D0A004558505F454E442069643D255C
:10367000750D0A0070B504460D464FF415512046ED
:10368000FDF7C5F801F068FB01F048FC01F054FBC0
:1036900000F0C6FA02F060FB05F024FC012000F007
:1036A0003FFF204600F058F8002D38D100F096FD7D
:1036B00000F08EFD85282ED16421204600F071FC9B
:1036C000204600F091FE204603F026FB204600F045
:1036D00013FF42F2B840E16B015142F23050E16B0E
:1036E0000151001D616B0151001D216B015142F21E
:1036F000B8421159E06B06F0A3F942F2C4410851F7
:1037000042F22450015942F208500151012142F283
:103710002850015503E064212046FDF778F8002089
:1037200007490860074908600749086007490860B9
:103730000749086007490860204605F0CBF870BDCE
:10374000880000208C0000209000002094000020C1
:10375000980000209C00002010B504461F488034CB
:1037600060601F48A0600020E0604FF07E50206144
:10377000002060611B48A0611B4844F880090021BB
:1037800042F2B840015142F2D840015142F20C508D
:103790000151001F015142F210500151001D015111
:1037A000001D0151001D0151001D015142F2285020
:1037B0000155001D0151001D0151001D0151001D49
:1037C000015142F2E840015142F23C50015520467D
:1037D00003F09DFF204603F0B5FF10BD9A99193FF5
:1037E000A69B443C8FC2F53D00000C4270B50446D8
:1037F00003F0D7F8054642F23050015942F2B84082
:10380000015142F23450015942F2D8400151002195
:1038100042F23C500155204603F079FF284603F060
:10382000C6F870BD70B504465CA005F0E1FB20460B
:1038300000F0E8F85DA005F0DBFB4FF49671204640
:1038400004F046FF40B9002142F2FA4001555CA065
:1038500005F0CEFB002070BD5EA005F0C9FB204640
:1038600003F05AFA204600F047FE42F2B840E16BFE
:10387000015142F2D840616B0151002142F23C50AB
:10388000015542F23050E16B0151001D616B015155
:10389000001D216B015142F22450015942F22C507B
:1038A000015142F22450015942F2085001510121C4
:1038B00042F2285001551421204604F08DFE204686
:1038C00003F025FF204603F03DFF42F2245001594A
:1038D00042F20450015142F22450015942F2085080
:1038E000015142F22450015942F21050015142F26A
:1038F0002450015942F20C50015142F22450015916
:1039000042F21450015142F22450015942F218502F
:1039100001510021001D0151001D015142F23050A2
:10392000E16B0151001D616B0151001D216B0151C3
:1039300042F2B842115942F23052105906F080F862
:1039400042F2C441085142F22450015942F22C5033
:1039500001510121001F015522A005F049FB03F090
:1039600020F80546012142F2FA40015542F2245066
:10397000015942F2FC400151204603F0E3FE00F001
:1039800029F9002000F0CCFD01F0DEF9284603F013
:103990000EF818A005F02CFB01205CE752554E5F95
:1039A000535445503D454E544552000052554E5FCC
:1039B000535445503D524541445F494D5500000028
:1039C00052554E5F535445503D494D555F46414910
:1039D0004C00000052554E5F535445503D494D55E3
:1039E0005F4F4B0052554E5F535445503D454E413D
:1039F000424C450052554E5F535445503D444F4E46
:103A00004500000070B5044602F0CBFF05460021DA
:103A100042F2FA400155204603F094FE204603F09E
:103A200076FE002142F23C50015542F20450015111
:103A300042F210500151001F0151012000F070FDB1
:103A400001F06CFA01F078F900F0C4F8284602F0B1
:103A5000AEFF70BD70B5044604B970BD42F224508B
:103A60000059401C42F2245108514FF4145000599F
:103A7000401C4FF414510851084600590A21B0FB6C
:103A8000F1F201FB120010B9204604F00DFD42F2E4
:103A90002450015942F20C500059081A052802D34B
:103AA000204603F023F894F89C00C8B1B4F8AC00A9
:103AB000002815DD42F224500059D4F8A010451A10
:103AC00042F21C500059281AB4F8AC10884206D3B0
:103AD00042F21C5005512946204602F09FFE00BFCD
:103AE00000BFBAE7704700B5034603E04FF47A70B1
:103AF00000F005F8181EA3F10103F7D100BD00EB9B
:103B0000C001C9004FF0E0225161002191610521FF
:103B1000116100BF4FF0E021096901F480310029F3
:103B2000F8D004214FF0E022116170472DE9F047F1
:103B300006460C4614B90020BDE8F08700F020F8D6
:103B400005460DB90020F7E7204605F0A1FD8146A6
:103B500049460A4805F0A6FC0746284605F098FDA8
:103B60008146304605F07CFD8246494605F09AFCC8
:103B70008046394605F0D4FDDEE7000000606A4764
:103B80000D48008810B10C48008800E00B20014669
:103B90000948408810B10848408800E01E200246CD
:103BA0000548007910B10448007900E0042003467C
:103BB00001FB02F0584370471C00002070B504461A
:103BC000204601F09AFD05B20021204601F05EFE7C
:103BD000284670BD10B500214FF0804001F056FE20
:103BE0000021024801F052FE10BD00000004004018
:103BF000002801DB012101E04FF0FF31014A517142
:103C0000704700001C000020002801DB012101E0BA
:103C10004FF0FF31014A9171704700001C000020F5
:103C20001FB50121084601F0BBFB0121022001F074
:103C3000B7FB0121042001F0C3FB48208DF80F00E1
:103C400003208DF80E00C320ADF80C0003A929480D
:103C500000F0BEF80020ADF80600ADF802004FF607
:103C6000FF70ADF804000020ADF800008DF80800EA
:103C700069464FF0804001F00BFE00231A460321F5
:103C80004FF0804001F018FD4FF08040008B40F66F
:103C90000F71084040F0C00040F440404FF08041B8
:103CA00008836946144801F0F3FD00231A460321F6
:103CB000114801F001FD10481830008840F60F71DE
:103CC000084040F0C00040F440400B4918310880E3
:103CD0000121880701F0D5FC0121074801F0D1FC42
:103CE00000214FF0804001F0D1FD0021024801F099
:103CF000CDFD1FBD00080140000400402DE9F0414A
:103D000004460F464FF08040FFF758FF0546214814
:103D1000FFF754FF0646204890F90500684305B2B6
:103D20001D4890F90600704306B2A581E681002087
:103D300020746074284602F01EFB1749098909B2F5
:103D4000884202DD002501202074304602F013FB7A
:103D50001149098909B2884202DD002601206074F8
:103D600025816681B4F90810206808442060B4F900
:103D70000A10606808446060B4F908003946FFF72B
:103D8000D5FE6061B4F90A003946FFF7CFFEA061A5
:103D9000BDE8F081000400401C00002070B5002543
:103DA00001214FF0C05001F0FBFA012001F0F0FAC0
:103DB0000420FEF7C9FC044604F47F40B0F5254F0B
:103DC00000D1E5B200210420FEF7CCFC284670BDEE
:103DD0002DE9F041024600250026002000230024A2
:103DE000002791F803C00CF00F0591F803C00CF008
:103DF000100CBCF1000F03D091F802C04CEA05058D
:103E000091F800C0BCF1000F31D0146800202BE005
:103E10004FF0010C0CFA00F3B1F800C00CEA0306F5
:103E20009E4220D183004FF00F0C0CFA03F7BC43E5
:103E300005FA03FC4CEA040491F803C0BCF1280F16
:103E400006D14FF0010C0CFA00FCC2F814C00AE0D5
:103E500091F803C0BCF1480F05D14FF0010C0CFAEA
:103E600000FCC2F810C0401C0828D1D31460B1F87F
:103E700000C0BCF1FF0F34DD546800202EE000F1DB
:103E8000080C4FF0010808FA0CF3B1F800C00CEA76
:103E900003069E4221D183004FF00F0C0CFA03F76A
:103EA000BC4305FA03FC4CEA040491F803C0BCF1DE
:103EB000280F05D100F1080C08FA0CF8C2F814809C
:103EC00091F803C0BCF1480F07D100F1080C4FF086
:103ED000010808FA0CF8C2F81080401C0828CED35C
:103EE0005460BDE8F0810000F0B50A4600230024CC
:103EF0000021002500F00046B6F1004F02D11D4E12
:103F0000F16901E01B4E7168C0F3034583B200F410
:103F10004016B6F5401F08D121F07061154E766845
:103F200026F07066134F7E6012E000F48016B6F53E
:103F3000801F06D1032606FA05F4A14341F0706103
:103F400006E0460D360103FA06F6B14341F0706112
:103F500022B1460D360103FA06F6314300F0004661
:103F6000B6F1004F02D1034EF16101E0014E7160E4
:103F7000F0BD0000000001400246002093680B40A5
:103F80000BB1012000E000207047416170470161E2
:103F900070470AB1016100E041617047012004F0FF
:103FA0002BFD2DE9F05F04460E464FF00008C14698
:103FB000C246002500271EE0204600F015FA18B979
:103FC0000520FFF790FD14E04046616A05F0F6F920
:103FD00080464846A16A05F0F1F981465046E16AFB
:103FE00005F0ECF98246681C85B20520FFF77BFDE1
:103FF00000BF781C87B2B742DEDBDDB1284605F092
:1040000047FB83465946404605F04CFAE060284697
:1040100005F03EFB83465946484605F043FA2061C9
:10402000284605F035FB83465946504605F03AFAD6
:10403000606103E00020E06020616061204600F0E4
:104040005BFABDE8F09F70B506460D46144629465A
:10405000304605F031FB01D2284670BD214630467E
:1040600005F02AFC01D22046F7E73046F5E70000CC
:1040700008B501210D2001F0A3F901210848FFF73F
:1040800033FF4FF40040ADF8000048208DF80300E6
:1040900003208DF8020069460248FFF799FE08BD2B
:1040A000000230000008014070B50446044805785D
:1040B0000470FEF71FFD064601480570304670BDCE
:1040C00028000020014800787047000028000020E8
:1040D00001480078704700004E00002010B54FF4F2
:1040E00000410448FFF748FF012800D110BD00201F
:1040F000FCE700000008014001480078704700001C
:10410000530000200148008870470000560000203E
:1041100001480078704700004D00002001480078F9
:1041200070470000540000200148007870470000EC
:104130005800002001480088704700005A00002005
:1041400001480088704700005C00002001480078AA
:10415000704700004F00002010B54FF48041044824
:10416000FFF70AFF012800D110BD0020FCE7000086
:10417000000C01400148007870470000500000200A
:104180000148007870470000520000200148007884
:10419000704700005100002010B54FF480510448D2
:1041A000FFF7EAFE012800D110BD0020FCE7000067
:1041B000000C014010B54FF400510448FFF7DCFE3D
:1041C000012800D110BD0020FCE70000000C0140D8
:1041D00001480078704700002900002010B59AB00F
:1041E00001206149087061A0FEF776FF01210D20D2
:1041F00001F0E6F801216048FFF776FE4FF44050E9
:10420000ADF8640014208DF8670003208DF8660077
:1042100019A95A48FFF7DCFD4FF48040ADF864005F
:1042200010208DF8670003208DF8660019A9534807
:10423000FFF7CEFD4FF40040ADF8640048208DF844
:10424000670003208DF8660019A94D48FFF7C0FDEF
:104250004FF480414948FFF79AFE4FF48051474898
:10426000FFF795FE4FF400514448FFF790FE454894
:10427000002101608180444801604FF4C0714348CF
:10428000FCF7C5FA002042490860424908604249EB
:104290000870424908704249087042490870424912
:1042A0000870424908704249087042490870424902
:1042B00008704249087042490870424908804249E2
:1042C000088064216846FCF7A2FA00240BE03F490D
:1042D000085D6B464FF47A720021FEF751FA00B187
:1042E00003E0601CC4B2042CF1DB00BF314800784D
:1042F00085281FD036A0FEF7EFFEFEF76DFE2C4896
:104300000078B8B135A0FEF7E7FE6B469622002193
:1043100025480078FEF734FA60B92448007822492D
:104320000978884206D06B46962200211F48007803
:10433000FEF726FA1F480078852810D000240BE0ED
:104340002249085D6B464FF47A720121FEF718FA94
:1043500000B103E0601CC4B2042CF1DB00BF0020FC
:10436000014908701AB010BD5E00002042493A4968
:104370004E490D0A0000000000023000000C014010
:1043800000080140380000203E00002044060020C4
:1043900044000020480000204C0000204D00002078
:1043A0004E0000204F00002050000020510000204F
:1043B0005200002029000020280000205300002087
:1043C0005400002056000020600000206CA200086D
:1043D00042493A53434E0D0A0000000042493A5305
:1043E0004849540D0A0000002DE9FC41044600270D
:1043F000002514B1002084F8620038480078D0B954
:1044000037480078A0B9374800884FF6FF718842D6
:1044100004D234480088401C324908803148008862
:10442000C82805D300202F4908802046FEF75AFEF1
:104430000020BDE8FC8100261EE0694601A8FEF7C9
:10444000E3FC00B91AE001279DF804002649087032
:10445000BDF80000254908809DF80400032803D01A
:104460009DF80400042805D1BDF800102046FEF791
:10447000A9FB0543701CC6B2062EDED300BF1DB9D2
:1044800094F8600028B127B900201649088001205F
:10449000CFE713480078D8B9124800884FF6FF716B
:1044A000884204D20F480088401C0E4908800D48FD
:1044B000008828280CD300200A4908800749087082
:1044C0000B49087001200B4908702046FEF70AFED0
:1044D0000DB10120ADE70020ABE700004C0000204B
:1044E0005E000020600000205300002056000020E5
:1044F000290000204E00002007490968074A116082
:10450000002141658165C16541638163016380F874
:10451000611080F8621070474800002044000020BD
:1045200008B1012100E00021014A1170704700002C
:10453000370000202DE9F0470446894694F86000D2
:1045400008B9BDE8F0874B4801684B48006805F0A2
:1045500077FA0746FEF77CFF804694F86100002852
:104560007DD00021484605F0A7F978D24046A16BDE
:1045700005F066FA054604E04049284605F060FA71
:1045800005463F49284605F097F9F5D304E03B4935
:10459000284604F013FF05463A49284605F08CF8F2
:1045A000F5D34946284604F07DFF064600BF25F0B6
:1045B00000400746344905F07FF907D300BF26F0D5
:1045C000004007462E4905F077F92DD249462C4880
:1045D00005F0A6F807460021384605F06DF800D82A
:1045E000294F2949384605F067F900D2264F394648
:1045F000284605F061F900D23D4687F0004A294679
:10460000504605F059F901D287F000452946A06BC4
:1046100004F0D4FE8246FEF71BFF8046494628463A
:1046200004F040FF064600BF1549304605F044F946
:1046300000D2134E1349304605F03EF800D2114E19
:104640003046216B05F0FCF98246104905F068F808
:104650000746216B04F0B2FE206305E0FFE700206F
:104660002063012084F86100C4F83480C4F83880E5
:1046700000BF66E744000020480000200000B4436B
:1046800000003443000034C3000034423333B33EEF
:10469000002002E000BF411CC8B2FF28FADB7047CF
:1046A00070B5002400F042F9002523E04FF480515A
:1046B0001548FFF76AFCFFF7EBFF4FF480511248F3
:1046C000FFF765FC00F01AF930B94FF480510E483D
:1046D000FFF75BFC204670BD6006040E4FF40051EE
:1046E0000948FFF749FC08B144F00104FFF7D0FF87
:1046F000681CC5B2082DD9DB4FF480510248FFF782
:1047000044FC2046E7E70000000C014010B500F033
:104710001DF94FF400510948FFF737FC4FF4805161
:104720000648FFF734FC00F0E9F8FFF7B1FF4FF45B
:1047300080510248FFF729FC10BD0000000C014029
:1047400070B5044600F002F94FF480511A48FFF7A3
:104750001CFCFFF79DFF00252AE004F0800028B133
:104760004FF400511448FFF712FC04E04FF40051DD
:104770001148FFF70AFC6006040EFFF789FF4FF4AB
:1047800080510D48FFF703FC00F0B8F828B94FF44A
:1047900080510948FFF7F9FB70BDFFF779FF4FF42F
:1047A00080510548FFF7F1FBFFF772FF681CC5B2A7
:1047B000082DD2DB00BFEFE7000C014010B500F080
:1047C000C5F84FF400510948FFF7E1FB4FF4805161
:1047D0000648FFF7DCFB00F091F8FFF759FF4FF4B4
:1047E00080510248FFF7D1FB10BD0000000C0140D2
:1047F00010B500F0ABF84FF400510C48FFF7C7FBC1
:104800004FF480510948FFF7C2FB00F077F8FFF73B
:104810003FFF4FF400510548FFF7B7FBFFF738FFA4
:104820004FF480510148FFF7B0FB10BD000C014070
:1048300010B500F08BF84FF480510D48FFF7A5FB41
:104840004FF400510A48FFF7A0FBFFF721FF4FF498
:1048500080510748FFF79BFB00F050F8FFF718FF67
:104860004FF400510248FFF792FBFFF711FF10BD14
:10487000000C014010B5002400F058F84FF400512E
:104880001D48FFF784FB4FF480511B48FFF77FFB67
:1048900000F034F840B94FF480511748FFF775FB2A
:1048A00000F054F8012010BDFFF7F2FE10E0601C8C
:1048B00080B20446B0F5966F08DB4FF480510E4885
:1048C000FFF763FB00F042F80120ECE7FFF7E0FEA2
:1048D0004FF400510848FFF74FFB0028E7D14FF491
:1048E00080510548FFF751FBFFF7D2FE00F02EF88C
:1048F000FFF7CEFE0020D6E7000C014010B50024E3
:1049000009E0601C80B20446B0F5166F01DB0020A0
:1049100010BDFFF7BDFE4FF480510348FFF72CFB9D
:104920000028EED00120F3E7000C014008B54FF459
:104930000050ADF8000048208DF803006946024899
:10494000FFF746FA08BD0000000C014008B54FF41F
:104950000050ADF8000014208DF8030003208DF8FE
:10496000020069460148FFF733FA08BD000C014018
:1049700070B520211C4804F0ADF805466DB31B4806
:10498000007850BB0F20FFF7AEF82021164804F046
:10499000A1F808B3002403E00A20FFF7A4F80A34C2
:1049A0002021114804F096F810B1B4F57A7FF3D3C2
:1049B00000BF20210C4804F08DF80028F9D10F2009
:1049C000FFF791F8012009490870B4F5487F01D339
:1049D000022070BD0120FCE700BF15B9002003498B
:1049E00008700020F5E70000000C01401A000020CC
:1049F00008B50121082000F0E3FC48208DF80300F1
:104A000003208DF802002020ADF80000694602481E
:104A1000FFF7DEF908BD0000000C014010B57E2054
:104A200000F052FD08B111A010BD7D2000F04CFD3A
:104A300008B110A0F8E77C2000F046FD08B10FA0F7
:104A4000F2E77B2000F040FD08B10EA0ECE77A20F1
:104A500000F03AFD08B10DA0E6E77F2000F034FD3C
:104A600008B10CA0E0E70DA0DEE70000575744476F
:104A700000000000495744470000000053465420FE
:104A800000000000504F52200000000050494E200E
:104A9000000000004C50575200000000554E4B4E95
:104AA0000000000010B50AA20121084600F015FC24
:104AB0000CA20121022000F010FC0EA20121032013
:104AC00000F00BFC0FA20121042000F006FC10BD39
:104AD00044494147205430303030204F4B30303043
:104AE0000000000046303030205930303030204552
:104AF0003030300043303030204C303030205230B5
:104B00003030200052305730304130305330503048
:104B10003020000070B596B00446002C24D148A285
:104B2000112111A8FBF770FBFFF744FB0546FFF7C7
:104B300033FB0646334646A211210CA80095FBF72D
:104B400063FBFFF7CBFA0546FFF706FB0646334645
:104B500044A2112107A80095FBF756FB46A211219C
:104B600002A8FBF751FB55E0012C14D146A21121FC
:104B700011A8FBF749FB48A211210CA8FBF744FB45
:104B800049A2112107A8FBF73FFB4BA2112102A864
:104B9000FBF73AFB3EE0022C14D14BA2112111A8E5
:104BA000FBF732FB4CA211210CA8FBF72DFB4EA208
:104BB000112107A8FBF728FB2FA2112102A8FBF760
:104BC00023FB27E04CA2112111A8FBF71DFB292094
:104BD000FFF76AFA05462820FFF766FA06463346CD
:104BE00049A211210CA80095FBF70EFB4B20FFF703
:104BF0005BFA05464A20FFF757FA0646334647A2B6
:104C0000112107A80095FBF7FFFA1BA2112102A8AA
:104C1000FBF7FAFA11AA0121084600F05EFB0CAA84
:104C20000121022000F059FB07AA0121032000F016
:104C300054FB02AA0121042000F04FFB16B070BD06
:104C400050494E204C49564520312F342020200019
:104C500053434C3D2575205344413D25752020206C
:104C6000200000005253543D257520494E543D25E7
:104C70007520202020000000314E45585420324538
:104C8000584954202020200050494E2043464720B8
:104C900020322F3420202000414444523D30204314
:104CA000533D4D414E2020005053303D3020505355
:104CB000313D3020202020004346473D4D414E5598
:104CC000414C20202020200050494E204D415020B2
:104CD00020332F342020200053434C3D42313220DA
:104CE00053444131332020005253543D423134204B
:104CF000494E543D413135004932432041434B2018
:104D000020342F342020200032383D2575203239C0
:104D10003D257520202020202000000034413D2525
:104D2000752034423D2575202020202020000000E1
:104D3000022003F061FE000010B501210148FFF7D9
:104D400024F910BD000C014010B501210148FFF706
:104D50001EF910BD000C014000B589B001210420EE
:104D600000F02EFB0121082000F02AFB0121C802DF
:104D700000F026FB10208DF8230003208DF8220080
:104D80000120ADF8200008A92E48FFF721F80121E5
:104D90002C48FFF7FAF83020ADF8200008A92A487F
:104DA000FFF716F830212848FFF7EFF840F20240ED
:104DB000ADF8200008A92348FFF70AF840F20241A5
:104DC0002048FFF7E2F818208DF823004001ADF8E5
:104DD000200008A91C48FEF7FBFF0020ADF81A00D0
:104DE000ADF816006320ADF8180040F2CF20ADF802
:104DF000140000208DF81C0005A9144800F048FD9F
:104E000001A800F035FD6020ADF804000020ADF8E9
:104E10000C000120ADF806000020ADF80A0001A941
:104E20000A4800F087FC01A9084800F0CFFC0121E6
:104E3000064800F032FC0121044800F022FC09B0D1
:104E400000BD0000000C014000080140002C0140A2
:104E500070B505460C46002D04DB0021284600F005
:104E600013F804E00121684200B200F00DF8002CB4
:104E700004DB0021204600F02BF804E00121604211
:104E800000B200F025F870BD70B504460D46642CE4
:104E900000DD6424002C00DA002445B910210A4802
:104EA000FFF775F820210848FFF76FF807E0102199
:104EB0000548FFF76AF820210348FFF768F8A1B218
:104EC000024800F0DFFC70BD00080140002C0140EA
:104ED00070B504460D46642C00DD6424002C00DA15
:104EE00000244DB902210B48FFF751F84FF48061BF
:104EF0000848FFF74AF808E002210648FFF745F89E
:104F00004FF480610348FFF742F8A1B2024800F075
:104F1000BBFC70BD000C0140002C014010B53021DD
:104F20000848FFF732F840F202410748FFF72DF832
:104F30000021064800F0A6FC0021044800F0A4FC73
:104F400010BD000000080140000C0140002C014091
:104F50007047000070B5002100230F22C47804B30D
:104F6000154C246804F4E064C4F5E064210AC1F13E
:104F70000403CA40447804FA03F1847814402143BE
:104F800009010E4C0678A155047804F01F05012490
:104F9000AC4005786D11AD0005F1E025C5F8004184
:104FA00009E0047804F01F050124AC40044D0678A4
:104FB000761145F8264070BD0CED00E000E400E0FD
:104FC00080E100E002490143024A1160704700009D
:104FD0000000FA050CED00E070B500240EE00021A1
:104FE000204600F0CAF8002504E0002000F0C0F9D7
:104FF000681CC5B2802DF8DB601CC4B2082CEEDB47
:1050000070BD000008B50121082000F0D9F910207A
:105010008DF8030003208DF802008020ADF8000019
:1050200069460948FEF7D4FE4FF48070ADF80000E1
:1050300069460548FEF7CCFE012000F06BF901201F
:1050400000F076F908BD0000000C014070B5044680
:10505000002511E0C4F3C01000F06AF903F016FF58
:10506000012000F057F903F011FF002000F052F981
:105070006006040E681CC5B2082DEBDB012000F0B1
:1050800049F903F003FF002000F044F970BD10B5AA
:10509000012000F04DF9012000F03CF903F0F6FE8C
:1050A000002000F045F903F0F1FE002000F032F995
:1050B00010BD10B5002000F03BF9012000F02AF9E6
:1050C00003F0E4FE012000F033F903F0DFFE10BD31
:1050D00010B5FFF797FFAE2000F03AF9D52000F0A9
:1050E00037F9802000F034F9A82000F031F93F2092
:1050F00000F02EF9D32000F02BF9002000F028F961
:10510000402000F025F9A12000F022F9C82000F08D
:105110001FF9DA2000F01CF9122000F019F98120A3
:1051200000F016F9CF2000F013F9D92000F010F9A3
:10513000F12000F00DF9DB2000F00AF9302000F03A
:1051400007F9A42000F004F9A62000F001F98D2051
:1051500000F0FEF8142000F0FBF8AF2000F0F8F8A3
:10516000FFF73AFF10BD10B50246012000E05043A2
:105170000B1EA1F10101FAD110BD70B505460C4618
:1051800045F0B00000F0E4F8102141EA141000F0FE
:10519000DFF804F00F0000F0DBF870BD2DE9F047F8
:1051A00004460D4616463746202F01DB7E2F00DDD4
:1051B0002027A7F1200000F0FF086A1ED206110E7A
:1051C000621E5206100EFFF7D8FF4FF000090AE0EA
:1051D000154901EB081111F8090000F0C9F809F1AF
:1051E000010000F0FF09B9F1080FF1DB6A1ED206D9
:1051F000110E621E012303EB4202D0B2FFF7BDFF86
:105200004FF000090BE0084901EB081209F1080111
:10521000505C00F0ADF809F1010000F0FF09B9F1B0
:10522000080FF0DBBDE8F0877C9C00082DE9F04713
:1052300080460E4617461D46002416E0281B411ED8
:105240000A20FFF790FF8146B7FBF9F00A21B0FB77
:10525000F1F201FB120000F1300A3019C1B25246DE
:105260004046FFF79BFF601CC4B2AC42E6DBBDE8E2
:10527000F0872DE9F05F8146884614461E46002CD3
:1052800006DB2B2241464846FFF788FF274605E00C
:105290002D2241464846FFF781FF6742002518E06E
:1052A000701B411E0A20FFF75EFF8246B7FBFAF033
:1052B0000A21B0FBF1F201FB120000F1300B08EB08
:1052C0000500401CC1B25A464846FFF767FF681CFC
:1052D000C5B2B542E4DBBDE8F09F2DE9F0410746D9
:1052E0000E46154600240DB9BDE8F0810CE02A5D9C
:1052F0003019C1B23846FFF751FF601CC4B23019F3
:10530000C0B2102800DD02E0285D0028EFD100BF08
:1053100000BFE9E710B504460CB1012000E0002011
:10532000024680210148FEF734FE10BD000C01400A
:1053300010B504460CB1012000E0002002464FF4F5
:1053400080710248FEF725FE10BD0000000C0140F0
:1053500010B50446FFF79BFE7820FFF777FE00208C
:10536000FFF774FE2046FFF771FEFFF7A2FE10BDA7
:1053700010B50446FFF78BFE7820FFF767FE40204C
:10538000FFF764FE2046FFF761FEFFF792FE10BDB7
:10539000014908627047000000000E42704700009B
:1053A00029B1064AD2690243044BDA6104E0034A98
:1053B000D2698243014BDA6170470000001002405D
:1053C00029B1064A92690243044B9A6104E0034AF8
:1053D00092698243014B9A617047000000100240BD
:1053E0000348406A40F080700149486270470000FD
:1053F0000010024030B500210022002400232D4D72
:105400006D6805F00C0121B1042905D0082923D1CC
:1054100005E0294D056022E0274D05601FE0254D80
:105420006D6805F47012234D6D6805F48034022513
:1054300005EB92421CB9214D554305600BE01D4D13
:105440006D6805F400351DB11C4D5543056002E043
:10545000194D5543056002E0174D056000BF00BFC0
:10546000144D6D6805F0F0010909154D6B5C056878
:10547000DD4045600F4D6D6805F4E061090A104D8F
:105480006B5C4568DD4085600A4D6D6805F46051D0
:10549000C90A0B4D6B5C4568DD40C560054D6D6804
:1054A00005F44041890B074D6B5CC568B5FBF3F50E
:1054B000056130BD0010024000127A0000093D0075
:1054C000000000201000002010B50146002200233B
:1054D00000204A11012A02D1094C236806E0022A61
:1054E00002D1074C236A01E0054C636A01F01F02F8
:1054F000012494401C400CB1012000E0002010BDAC
:1055000000100240704710B500F002F810BD000016
:105510000CB50020019000903348006840F48030C2
:105520003149086000BF3048006800F40030009046
:105530000198401C0190009818B90198B0F5A06F2F
:10554000F1D12948006800F4003010B1012000902A
:1055500001E0002000900098012843D12348006812
:1055600040F01000214908600846006820F0030060
:1055700008600846006840F0020008601A48406869
:10558000194948600846406848600846406840F449
:10559000806048600846406820F47C1048600846F7
:1055A000406840F4E81048600846006840F08070A9
:1055B000086000BF0C48006800F000700028F9D0B7
:1055C0000948406820F003000749486008464068E1
:1055D00040F00200486000BF0348406800F00C0043
:1055E0000828F9D10CBD0000001002400020024044
:1055F000704770477047704710B51348006840F017
:1056000001001149086008464068104908400E49E9
:105610004860084600680E4908400B490860084683
:10562000006820F4802008600846406820F4FE00EE
:1056300048604FF41F008860FFF765FF4FF000607F
:105640000449086010BD0000001002400000FFF88F
:10565000FFFFF6FE08ED00E010B50121054800F05F
:105660004FF830B10121034800F008F80248FEF776
:10567000F1F910BD00080040641C0020CA430282FA
:10568000704721B1028842F00102028004E00288E2
:105690004FF6FE731A400280704731B1B0F84420D3
:1056A00042F40042A0F8442005E0B0F84420C2F3E0
:1056B0000E02A0F844207047F0B50C4615461E4671
:1056C0000021002200230189028B038C4FF6F8771A
:1056D000394021434FF6FC473A4040F201173A4324
:1056E0004FF6DD773B404FF6FF7707EA06172F436B
:1056F0003B43018102830384F0BD0146888C7047DF
:1057000030B50246002000230024158A05EA010373
:10571000958905EA010413B10CB1012000E00020D5
:1057200030BD1AB183890B43838102E083898B43A7
:105730008381704770B5002400220023058C4FF64A
:10574000FE7635400584028C8388048B4FF68F7576
:105750002C40B51E2C400D882C43751E2A400D8907
:105760002A434D882A43144DA8420BD0134DA8421A
:1057700008D0134DA84205D0124DA84202D0124DB8
:10578000A84213D14FF6F7752A404D892A434FF6A8
:10579000FB752A408D882A434FF6FF652B404FF654
:1057A000FF552B408D892B43CD892B438380048368
:1057B000CD888586028470BD002C014000340140F4
:1057C00000400140004401400048014070B5002401
:1057D00000220023058C4FF6EF7635400584028CBD
:1057E0008388048B48F6FF752C404FF6FF452C400C
:1057F0000D884FF6FF7606EA05252C434FF6DF7538
:105800002A400D8906EA05152A434D8806EA051542
:105810002A43154DA84202D0144DA8421DD14FF67F
:105820007F752A404D894FF6FF7606EA05152A4313
:105830004FF6BF752A408D8806EA05152A434FF6B4
:10584000FF352B404FF2FF752B408D8906EA850509
:105850002B43CD8906EA85052B4383800483CD88BD
:105860000587028470BD0000002C01400034014017
:105870000021018041808180C1800181418181813D
:10588000C181704781867047018770478184704766
:10589000002202881D4B98420ED01D4B98420BD01F
:1058A000B0F1804F08D01B4B984205D01A4B98425C
:1058B00002D01A4B984204D14FF68F731A404B888E
:1058C0001A43174B984207D0164B984204D04FF614
:1058D000FF431A40CB881A4302808B8883850B884C
:1058E00003850A4B98420BD0094B984208D00E4BC7
:1058F000984205D00D4B984202D00D4B984201D1F1
:105900000B7A03860123838270470000002C01403C
:10591000003401400004004000080040000C00403A
:1059200000100040001400400040014000440140CD
:10593000004801401FB501210420FFF731FD002080
:10594000ADF80A00ADF8060040F2E730ADF8080007
:105950004720ADF8040000208DF80C0001A9124882
:10596000FFF796FF012211460F48FFF7DAFE0121EB
:105970000D48FFF783FE4FF4A060FFF723FB1E20C6
:105980008DF8000001208DF8030002208DF8010041
:1059900000208DF802006846FFF7DCFA012102487A
:1059A000FFF76FFE1FBD00000008004010B540F279
:1059B00025511D4800F09FF810B31B4800F056F920
:1059C000C4B21A48008800F40040C8B917480088DB
:1059D00000F4804060B10A2C03D0002013490880F5
:1059E00020E01248008840F400401049088019E087
:1059F0000D2C06D10D48008840F480400B490880EA
:105A000010E00A480088C0F30D0009490C5407480B
:105A10000088401C0549088008460088C72801DD29
:105A20000020088010BD0000003801401800002050
:105A3000B400002010B540F225511D4800F05BF87D
:105A400060B11B4800F012F9C4B21A480068401C4B
:105A500018490860204600F015F900BF08211448D5
:105A600000F03CF810B1124800F000F940F2277144
:105A70000F4800F040F8D0B10F4800880F4909885E
:105A800088420ED00E480C490988445C0A480088B8
:105A900003F0ECFA084908802146054800F0EBF8CD
:105AA00005E0002240F22771014800F04EF810BDD9
:105AB00000440040740000207A000020780000209C
:105AC0000408002021B1828942F40052828104E05E
:105AD00082894DF6FF731A4082817047024600208A
:105AE000B1F5007F00D100BF13880B400BB101203E
:105AF00000E00020704770B5024600240023002516
:105B0000002040F66A16B14200D100BFC1F3421531
:105B100001F01F03012606FA03F3012D02D1968935
:105B2000334006E0022D02D1168A334001E0968A06
:105B300033400C12012606FA04F41688344013B1DF
:105B40000CB1012000E0002070BDF0B50346002438
:105B500000260025002040F66A17B94200D100BF98
:105B60001846C1F3421401F01F06012707FA06F593
:105B7000012C01D10C3004E0022C01D1103000E0E6
:105B800014301AB107682F43076002E00768AF437B
:105B90000760F0BD2DE9F04786B005460E460024AB
:105BA000A24600BFA1460027B08900B100BF2F4622
:105BB0002C8A4CF6FF700440F08804432C82AC8998
:105BC0004EF6F3100440B0883189084371890843C8
:105BD0000443AC81AC8A4FF6FF400440B0890443D3
:105BE000AC8201A8FFF706FC1F48874202D1DDF80E
:105BF00010A001E0DDF80CA0A88900F4004040B13D
:105C00000AEBCA0000EB0A1031684900B0FBF1F85A
:105C100007E00AEBCA0000EB0A1031688900B0FB0C
:105C2000F1F86420B8FBF0F004012009642101FBC5
:105C30001089A88900F4004040B1322000EBC9006F
:105C4000B0FBF1F000F00700044308E0322000EB65
:105C500009106421B0FBF1F000F00F0004432C8127
:105C600006B0BDE8F0870000003801400146888892
:105C7000C0F308007047C1F3080282807047042017
:105C800002F0BAFE2B49097821B1012911D002296D
:105C90004DD13DE023280BD10021274A1170117806
:105CA0004A1C254B1A70254A50540121214A117073
:105CB0003DE021280ED1204909783F2906DA1E4A05
:105CC00011784A1C1C4B1A701C4A50540221194A64
:105CD00011701CE0232809D10021174A1170117896
:105CE0004A1C154B1A70154A505410E01249097895
:105CF0003F2907DA104A11784A1C0F4B1A700F4AD5
:105D0000505404E000210B4A11700B4A11700EE050
:105D100023280BD10021084A117011784A1C064B28
:105D20001A70064A50540121024A117000BF00BF88
:105D3000704700007100002070000020C4070020A0
:105D400001480068704700007400002001480068A6
:105D5000704700007C00002000B587B001210420BE
:105D6000FFF72EFB01214804FFF71AFB03208DF8F3
:105D70001A000420ADF8180018208DF81B0006A9A1
:105D80002A48FEF725F80820ADF8180048208DF8BD
:105D90001B0006A92548FEF71BF84FF4E1300290DE
:105DA0000020ADF814000C20ADF812000020ADF872
:105DB0001000ADF80E00ADF80C0002A91C48FFF76A
:105DC000E9FE012240F225511948FFF7BEFE0022EC
:105DD00040F227711648FFF7B8FE4FF4A060FFF7B6
:105DE000F1F826208DF8040001208DF807008DF8C9
:105DF00005008DF8060001A8FFF7ACF801210C485A
:105E0000FFF760FEFFF7F4FB00200A4908700A491B
:105E1000087040210948FAF7D8FC0020084908809A
:105E2000084908800849086007B000BD0008014023
:105E3000004400407000002071000020C4070020D2
:105E4000780000207A0000207C00002010B50CE0D3
:105E50000D48FFF70BFFC4B20C480068401C0B490B
:105E600008602046FFF70EFF00BF20210648FFF71D
:105E700035FE0028ECD108210348FFF72FFE10B1B2
:105E80000148FFF7F3FE10BD0044004074000020FD
:105E900010B50446204600F06FF910BD7CB50446ED
:105EA0000D4616462DA0006800902D48007818B1C8
:105EB0002B480078022842D101949DF80400FFF796
:105EC000E7FF9DF80500FFF7E3FF9DF80600FFF7E9
:105ED000DFFF9DF80700FFF7DBFF01959DF8040049
:105EE000FFF7D6FF9DF80500FFF7D2FF9DF80600EB
:105EF000FFF7CEFF9DF80700FFF7CAFF01969DF858
:105F00000400FFF7C5FF9DF80500FFF7C1FF9DF8EE
:105F10000600FFF7BDFF9DF80700FFF7B9FF9DF8EA
:105F20000000FFF7B5FF9DF80100FFF7B1FF9DF8F6
:105F30000200FFF7ADFF9DF80300FFF7A9FF084837
:105F40000078012803D006480078022804D13246A0
:105F500029462046FFF74DFB7CBD00000000807FF6
:105F6000720000202DE9FC4105460E4617461C46EE
:105F7000DDF8208041A0006800904148007818B109
:105F80003F480078022865D101959DF80400FFF78D
:105F90007FFF9DF80500FFF77BFF9DF80600FFF7E8
:105FA00077FF9DF80700FFF773FF01969DF8040047
:105FB000FFF76EFF9DF80500FFF76AFF9DF80600EA
:105FC000FFF766FF9DF80700FFF762FF01979DF856
:105FD0000400FFF75DFF9DF80500FFF759FF9DF8EE
:105FE0000600FFF755FF9DF80700FFF751FF0194EA
:105FF0009DF80400FFF74CFF9DF80500FFF748FFF0
:106000009DF80600FFF744FF9DF80700FFF740FFEB
:10601000CDF804809DF80400FFF73AFF9DF80500D5
:10602000FFF736FF9DF80600FFF732FF9DF80700E7
:10603000FFF72EFF9DF80000FFF72AFF9DF80100F3
:10604000FFF726FF9DF80200FFF722FF9DF80300EF
:10605000FFF71EFF0A480078012803D0084800789F
:10606000022809D13A4631462846FFF7C2FA0022F3
:1060700041462046FFF7BDFABDE8FC810000807F65
:106080007200002070B5054605B970BD2C460E485B
:10609000007818B10C480078022807D103E014F802
:1060A000010BFFF7F5FE20780028F8D106480078AC
:1060B000012803D004480078022802D12846FFF7BF
:1060C00099FA00BFE1E70000720000202DE9F041DD
:1060D00004460F4604B117B90020BDE8F081FFF770
:1060E000B5FE00BFEFF31080064672B61F48007879
:1060F000022803D006B962B60020EEE71C480078FB
:1061000002280ADB1B480078232806D118480078AB
:10611000401E1849085C212809D000201349087046
:1061200013490870207006B962B60020D5E7104800
:106130000078401E00F0FF08B84502DB781E00F032
:10614000FF08002504E00B48405D6055681CC5B29F
:106150004545F8DB002004F80800044908700449AC
:10616000087006B962B60120B7E700007100002090
:1061700070000020C407002070B5044600BFEFF394
:106180001080064672B60D48008802F06FFF054683
:106190000B480088854208D00A48084909884454B9
:1061A0000648058000F012F804E007480068401C2B
:1061B0000549086006B962B670BD0000780000208D
:1061C0007A000020040800207C00002010B5012285
:1061D00040F227710148FFF7B8FC10BD00440040B1
:1061E000490050EAC12018BF04204A0D18BF40F0F2
:1061F000010040F2FF72B2EB515F08BF40F00200B5
:10620000012808BF052070474100080218BF04207C
:106210000A0E18BF40F001004FF07F4232EA010140
:1062200008BF40F00200012808BF0520704740F277
:10623000013200204FF0E04103F0AEBC024A0020E2
:10624000110703F0A9BC000001FDFFFF012103F0CD
:10625000D1BC03F0B3B80021084603F023B96FF0B6
:106260005E01080703F0C6BC10B50446D1E9000181
:1062700000F002F8206010BDF8B504460D466A46ED
:1062800002F0FCFB00987E30009000281EDC00220B
:1062900013462046294602F063FF17D0002140F63E
:1062A00008004FF0000006462046294602F012FF83
:1062B000044640F6080006EA00014FF0000034F002
:1062C000004004BF0220FAF712FB29E00098FF28E3
:1062D00028DB002108464FF0000000F440060022B1
:1062E00013462046294603F007F88CBF00250125F8
:1062F0000220FAF7FCFA4FF0FF4446B1002D0CBF24
:106300004FF400004FF48000B04218BF084C042145
:1063100008464FF00000002D04BF84F00040F8BD97
:106320002046F8BD20462946BDE8F84002F0D2BE1E
:10633000FFFF7F7F10B504460A46D4E900031946E3
:1063400002F0D4FBC4E9000110BD30380A2801D2A4
:106350000120704700207047014600BF704710B50C
:1063600004460021204603F0A7F902D284F0004041
:1063700010BD2046FCE70146002902DA484200B27F
:1063800070470846FCE700002DE9F04104464FF055
:106390000E4000EB4400B0F1506F204655D84FF04E
:1063A000FC41B1EB440F1CD224F000404FF07E5171
:1063B00003F0B3FA4FF0FF3103F01CFC054602F086
:1063C0002BFE14F0004F1DBF2F4F304E80F00040C9
:1063D0002F4F08BF2F4E4FF0404103F0A1F9044664
:1063E00005E000273E46014603F09AF905462A4992
:1063F000284603F095F9294902F0E0FF294603F009
:106400008FF9274902F0DAFF294603F089F9254977
:1064100002F0D4FF294603F083F9234902F0CEFFAE
:1064200080462946204603F07BF9414603F078F97F
:1064300005463146204602F0C1FF294602F0BEFF64
:106440003946BDE8F04102F0B9BF4FF0E441B1EB8D
:10645000440F08D9FFF7D8FE042808BFFFF7FFFE56
:106460002046BDE8F0814FF07F41B1EB440F03D2ED
:10647000BDE8F041FFF7EABE0120FAF738FABDE8BF
:10648000F041FFF7E8BE00000000C9BF22AAFDB935
:106490000000C93F22AAFD3924FE1C3DC78AD83C12
:1064A0001E67383D1B93993DAFAA2A3E2DE9F04760
:1064B0004FF0684202EB40030C460546B3F1654FCE
:1064C0003CBF02EB4102B2F1654F7CD2C0F3C7532F
:1064D000C1F3C7529A1A1B2A06DD10F0004F14BFF1
:1064E00076487748BDE8F08712F11A0F17DA11F0F5
:1064F000004F06D010F0004F0CBF72487248BDE844
:10650000F0872146284602F0CDFF0446FFF77CFEC7
:10651000042808BFFFF7A3FE2046BDE8F08742002D
:10652000B2EB410F25D910F0004F19BF674F684EED
:10653000684F694E224685F0004415460A4680F0B1
:10654000004110460A1A5200B2F1807F40D2484002
:106550006249DFF88CA110F0004F18D04FF03F488F
:10656000384603F06DFA07465146304603F068FAA4
:1065700017E011F0004F04BF00263746E2D010F0BC
:10658000004F19BF574F584E584F594EDAE74FF04A
:106590007C58384602F012FF07465146304602F05A
:1065A0000DFF06464146284603F0BAF8214602F0A0
:1065B00005FF82462146404603F0B2F8294603F023
:1065C000ACF9514600E037E002F06CFF044604E00D
:1065D0002146284602F066FF0446014603F0A0F873
:1065E0008046444903F09CF8434902F0E7FE4146E7
:1065F00003F096F8414902F0E1FE414603F090F8BD
:106600003F4902F0DBFE414603F08AF83D4902F0C3
:10661000D5FE05464146204603F082F8294603F0A0
:106620007FF8314602F0CAFE214602F0C7FE394625
:10663000BDE8F04702F0C2BE4FF07F42B2EB400F20
:1066400028BFB2EB410F03D2BDE8F047FFF701BE10
:1066500040EA01035B0008BF44F0FF410AD0B2EBFF
:10666000400F08BFB2EB410F06D125F0804024F067
:10667000804105460C4629E7B2EB400F12BF5FEAA6
:10668000410245F0FF4004F000413FF41FAF4A00D3
:1066900092EA40033FF51AAF002AACBF4FF09F4685
:1066A0004FF03E56314603F03BF805463146204652
:1066B00003F036F804462846214607E7DB0FC9BF3A
:1066C000DB0FC93FDB0F4940DB0F49C00000C9BFEA
:1066D00022AAFDB90000C93F22AAFD390060ED3EA3
:1066E000C30ACE37000049C022AA7DBA0000494043
:1066F00022AA7D3A2DAD65BD8FB8D53D0FB511BE2F
:1067000061C84C3EA8AAAABE30B583B00446FAF7C9
:10671000E9F805460020CDE900000246214668461A
:10672000FAF7F2FB2846FAF7E2F8DDE9000103B0D8
:1067300030BD70B506460D4614462946304602F077
:10674000BBFF01D2284670BD2146304603F0B4F8A5
:1067500001D22046F7E73046F5E703468B4201DADF
:1067600008467047934201DD1046FAE71846F8E7FD
:106770002DE9FE4F04460E46904645464FF0000B6D
:10678000002002908146824601900027304600F0AA
:1067900002F901902A463046019900F053F9074664
:1067A000BD4201DD3D4604E07842854201DA78428F
:1067B00005B2701900F0E6F88346701B00F0E2F8AD
:1067C0000290584600F0E7F88146029800F0E3F89E
:1067D000824642F2F6400653801C055342F2EC40DA
:1067E00020F804B042F2EE4102980853881C20F8C9
:1067F0000490801C20F804A009EB0A0000EBD07183
:106800000090481000F0BEF842F2F441085351469F
:106810004846FEF71DFB2846BDE8FE8F2DE9F047F0
:1068200004460E46B4F8AA00C8287DDA42F2FA40BF
:10683000005D002878D034F8AA7F2088401C24F816
:10684000AA09C7EBC70000EB071104F1AE0000EB8B
:1068500041056C20015B6E20005B081A0FFA80F87E
:106860002E8042F2FA40005DA87042F2A041085921
:10687000424902F055FF814602F0D6FE00B2A880E0
:1068800042F2A44108593D4902F04AFF814602F014
:10689000CBFE00B2E88042F2BC410859374902F011
:1068A0003FFF814602F0C0FE00B228814FF4135131
:1068B0000859324902F034FF814602F0B5FE00B2B9
:1068C000688142F2A84108592C4902F029FF81460B
:1068D00002F0AAFE00B2A88142F2B4410859274949
:1068E00002F01EFF814602F09FFE00B2E88142F2F4
:1068F000C8410859214902F013FF814602F094FE75
:1069000000B2288242F2D44108591C4902F008FF23
:10691000814602F089FE00B2688242F2EC40005BE0
:10692000A88242F2EE4000E025E0005BE8826C20A5
:10693000005B28836E20005B6883A5F81C8042F210
:10694000F440005BE88342F2385108590C4902F0E8
:10695000E7FE814602F068FE00B228842088688441
:106960006088A884A088E884E088288520896885D4
:106970006089A88500BFBDE8F087000000002041C5
:106980000000C84210B504463C2251422046FFF7A1
:10699000E4FE00B210BD10B504462046FFF7F2FF3A
:1069A00010BD00BFEFF31081084672B6704700B902
:1069B00062B670470146052901D104A0704703293A
:1069C00001D105A0FAE707A0F8E700006A75737423
:1069D000666C6F61743500006A757374666C6F6104
:1069E0007433000066697265776174657200000037
:1069F00070B5044642F2FA40005D08B9002070BD4F
:106A000042F22450015942F2FC400059814201D225
:106A10000020F4E742F22450015942F2FC400059B0
:106A20000D1AB5F5487F02D34FF07E50E7E72846B0
:106A300002F02EFE0646024902F034FDDFE70000B8
:106A4000000048442DE9F04305460E461746281E2F
:106A500001DB814601E0C0F100090FFA89F1301E27
:106A600001DB814601E0C0F100090FFA89FC072231
:106A7000002300244FF00808002902DC0020BDE8B4
:106A8000F083BCF1000F01DC0020F8E7381E01DBC9
:106A9000814601E0C0F100090FFA89F9B9F1040F4C
:106AA00001DB4FF00708ACEB080003B2002B00DA63
:106AB0000023934200DA1A46012901DC012409E08F
:106AC000032901DC022405E0052901DC032401E09F
:106AD000881E04B2002C00DA0024944200DA224618
:106AE000002A00DA00221046C9E700002DE9F04F25
:106AF00085B00446804E00250027A946002004905A
:106B000003900290804642F20C500059D8B142F2F4
:106B10002450015942F20C500059814213D342F2E1
:106B200024510A5942F20C510959501A02F0B0FD91
:106B30008246724902F0F4FD06460021304602F01A
:106B4000BBFD00D86C4E42F22450015942F20C5069
:106B5000015142F2FA40005D40B9204600F0D7FDF5
:106B6000204600F0EFFD05B0BDE8F08F002142F2B5
:106B7000BC40015142F2B441085901F081FC02903D
:106B800042F22850005DB0B900214FF4135001517A
:106B900042F2CC40015142F2D440015142F2E04075
:106BA0000151001D0151001D015100222046029992
:106BB000FFF7DEFDD7E742F2D842115942F23452D4
:106BC000105902F03DFF824601F0ACFD4FF4135125
:106BD000085142F23452115942F2D842105902F08F
:106BE0002FFF824601F09EFD054642F2C840055146
:106BF000015942F2D04001514FF413500159001D88
:106C0000015142F2DC40055142F2385050F80490F4
:106C100049464FF07A5002F083FD824642F2E4404A
:106C200001594FF07D5002F07BFD8346514602F042
:106C3000C5FB42F2E44108510859314A3149FFF796
:106C400078FD074642F2E44007512046FFF7D0FEA8
:106C500003903146284602F063FD824642F2CC4062
:106C60000159504602F0AAFB42F2CC4108510859A2
:106C7000254A2649FFF75DFD42F2CC4108513946CD
:106C8000D4F8980002F04CFD0190039902F048FD01
:106C900080F0004A42F2CC421159D4F8940002F03C
:106CA0003FFD01902946D4F8900002F039FD009094
:106CB000019902F083FB8346514602F07FFB04906A
:106CC000134A14490498FFF734FD42F2D4410851A5
:106CD00008460159204600F051FC804642462046B5
:106CE0000299FFF745FD8046404602F0B9FC42F2AA
:106CF000E041085100BF36E70AD7A33B6F12833A41
:106D00000000C8410000C8C100004843000048C35B
:106D100000007042000070C20188094A1180418859
:106D2000084A11808188084A1180C188074A118069
:106D30000189074A11804189064A11807047000085
:106D4000A0000020A2000020A4000020A600002037
:106D5000A8000020AA0000202DE9FC4104460D46B1
:106D60000DB9BDE8FC81FDA12846F9F777FD20B1FA
:106D7000FCA12846F9F772FDF0B942F2FA40005D35
:106D800018B1FAA002F022F9EBE7F9A002F030F90D
:106D90002046FCF747FD48B1F7A002F029F9F3A01F
:106DA00002F014F9204600F015FD04E0F4A002F012
:106DB0001FF902F001F9D4E7F4A12846F9F74EFDD6
:106DC00020B1F4A12846F9F749FD30B92046FCF777
:106DD00019FEF2A002F0FAF8C3E7F2A12846F9F78B
:106DE0003DFD20B1F1A12846F9F738FD18B920463C
:106DF00000F0F4FFB5E7EFA12846F9F72FFD20B129
:106E0000EEA12846F9F72AFD70B942F2FA40005D7A
:106E100018B1ECA002F0DAF8A3E72046FCF7E6FC94
:106E2000E8A002F0D3F89CE7E7A12846F9F716FDA1
:106E300020B1E8A12846F9F711FD00BB64212046E6
:106E4000F9F7E5FCFDF7CAF9FDF7C2F9852813D17A
:106E50002046FDF7C9FA2046FFF75EFF2046FDF702
:106E60004BFB42F2B840E16B0151204600F04FFC71
:106E7000DBA002F0ABF801E002F09EF871E705221A
:106E8000DAA12846F9F724FCD8B9284602F01FF801
:106E900007460326002F01DC002602E0052F00D163
:106EA00005262EB9D3480670D3A002F08FF807E06C
:106EB00001F004FC10B1D0A002F088F8CD480670B3
:106EC0004FE70622CDA12846F9F702FCD8B928469B
:106ED00001F0FDFF07460326002F01DC002602E03B
:106EE000052F00D105262EB9C2480670C5A002F0B4
:106EF0006DF807E001F0E2FB10B1C2A002F066F805
:106F0000BC4806702DE70C22C0A12846F9F7E0FB2B
:106F100080B9284601F0DBFF0646002E01DB012187
:106F200001E04FF0FF310846FCF762FEBBA002F023
:106F30004DF816E70C22BCA12846F9F7C9FB80B929
:106F4000284601F0C4FF0646002E01DB012101E0C6
:106F50004FF0FF310846FCF757FEB7A002F036F8B5
:106F6000FFE6B8A1284602F06DF838B30020019082
:106F700000906B4601AAB6A12846F9F7DBFA022871
:106F800019D194F89C0060B1B4F89E00019989B2BF
:106F9000884203D1B3A002F019F801E002F00CF826
:106FA000DFE6019881B22046009A01F0A1FCADA075
:106FB00002F00CF801E001F0FFFFD2E6ACA1284698
:106FC00002F040F8B0B10020019001AAABA1284620
:106FD000F9F7B0FA01280AD1019808B1012000E0C0
:106FE000002084F89D00A9A001F0F0FF01E001F06D
:106FF000E3FFB6E6A8A1284602F024F8E8B3002093
:10700000019000906B4601AAA6A12846F9F792FAD2
:1070100002283CD142F2FA40005D10B994F89C007D
:10702000B0B142F2FA40005D78B194F89C0060B1D2
:10703000B4F89E00019989B2884206D189A001F076
:10704000C5FF4AA001F0C2FF01E001F0B5FF88E6EC
:10705000019881B22046009A01F04AFC81A001F01B
:10706000B5FF2046FCF7C2FB56A001F0AFFF20465B
:10707000FCF7D8FB40B13DA000E00BE001F0A6FF1B
:10708000204600F0A7FB04E001F096FF01E001F0CC
:1070900093FF66E687A1284601F0D4FF88B100205F
:1070A000019001AA86A12846F9F744FA012805D1E2
:1070B000019881B2204601F05DFC01E001F07CFF07
:1070C0004FE683A1284601F0BDFF88B10020019062
:1070D00001AA82A12846F9F72DFA012805D10198C5
:1070E00081B2204601F03EFB01E001F065FF38E689
:1070F00007227EA12846F9F7EBFA10B901F05CFFF0
:107100002FE67CA12846F9F7A9FB20B17BA12846F0
:10711000F9F7A4FB10B901F04FFF22E6042279A190
:107120002846F9F7D5FA40B9284601F0BDFEC4F863
:10713000800076A001F04AFF13E6052274A12846DC
:10714000F9F7C6FA48B9284601F0AEFEC4F8840043
:10715000204600F0DCFA70A0E0E0E2E02352554E59
:10716000000000002352554E2100000052554E00F1
:1071700052554E5F434D440052554E5F4F4B0000F9
:1071800052554E5F4641494C000000002353544F76
:10719000500000002353544F5021000053544F50CF
:1071A0000000000023535441540000002353544175
:1071B000542100002343414C000000002343414C74
:1071C0002100000043414C0023494D555F494E4981
:1071D0005400000023494D555F494E495421000099
:1071E000494D555F494E4954000000002342494E25
:1071F0003D0000008400002042494E0023564F46C7
:10720000413D0000564F46410000000023454E43DB
:107210005F4C5F5349474E3D00000000454E435FC1
:107220004C5F5349474E000023454E435F525F5326
:1072300049474E3D00000000454E435F525F5349B1
:10724000474E0000234558503D53544152540000CE
:10725000234558503D53544152542C25752C2575C7
:10726000000000004558505F535441525400000044
:10727000234558503D53545245414D0023455850E5
:107280003D53545245414D2C257500004558505FE3
:1072900053545245414D0000234558503D52554EE0
:1072A00000000000234558503D52554E2C25752CAA
:1072B00025750000234558503D53544F50000000A1
:1072C000234558503D53544F502C25750000000065
:1072D000234558503D44554D50000000234558501B
:1072E0003D44554D502C2575000000002353444962
:1072F00041473D00235344554D500000235344550E
:107300004D5021002354533D000000005453000011
:1073100023534B503D000000534B500001F056FEEC
:107320001FE505223BA12846F9F7D2F958B92846AE
:1073300001F0BAFDC4F88800204600F0E8F937A053
:1073400001F044FE0DE5052235A12846F9F7C0F904
:1073500058B9284601F0A8FDC4F88C00204600F07A
:10736000D6F931A001F032FEFBE405222FA1284618
:10737000F9F7AEF928B104222EA12846F9F7A8F9A9
:1073800058B9284601F090FDC4F89000204600F05E
:10739000BEF92AA001F01AFEE3E4052228A128463E
:1073A000F9F796F928B1042227A12846F9F790F9B0
:1073B00058B9284601F078FDC4F89400204600F042
:1073C000A6F923A001F002FECBE4052221A1284664
:1073D000F9F77EF928B1042220A12846F9F778F9B7
:1073E00058B9284601F060FDC4F89800204600F026
:1073F0008EF91CA001F0EAFDB3E405221AA128468B
:10740000F9F766F910B901F0D7FDAAE401F0D4FD4F
:1074100000BFA6E423534B493D000000534B4900F5
:1074200023534B443D000000534B440023414B5039
:107430003D000000234B503D00000000414B500038
:1074400023414B493D000000234B493D0000000013
:10745000414B490023414B443D000000234B443D38
:1074600000000000414B4400235241573D00000002
:107470002DE9F0419AB004463A4F6422214601A812
:10748000F9F771F942F20850065901A8FCF7ACFF70
:10749000002855D034480068401C3349086008462D
:1074A00000683249086042F2245005599DF8660090
:1074B000A0B17EB1B5420DD3A81B02F0E9F8804619
:1074C0002B4902F02DF907460021384602F0F4F866
:1074D00000D8244F394601A8FDF72CF8FFF761FAD0
:1074E0008046642201A92046F9F73DF942F2305066
:1074F00010990151001D0E990151001D0D99015166
:1075000042F22C5005519DF8660070B142F23C5099
:10751000005D38B142F2D8400E990151002142F28B
:107520003C50015542F208500551012142F22850C9
:1075300001554046FFF73BFA42F20450055108E07E
:107540000C480068401C0B490860084600680A495E
:10755000086042F22450015942F2105001511AB011
:10756000BDE8F0810AD7A33B9000002098000020DE
:107570006F12833A940000209C0000202DE9F05FF8
:1075800004460D464FF081463146284601F08AFFF9
:107590008146134A1349FFF7CCF8074642F2E84008
:1075A0000159384601F00AFF8246504601F04DFA73
:1075B0008146FFF7E7F98046404602F051F88346DE
:1075C000514602F0AAF981464FF07C524FF03F41FC
:1075D000FFF7AFF842F2E84108514046BDE8F09F9E
:1075E0000000E0400000E0C02DE9FC5F0446884652
:1075F0004046FEF7B4FE05464FF08246002128467D
:1076000002F05AF802D80020BDE8FC9F42F2FA408E
:10761000005D08B94046F7E72946304602F04CF9CC
:1076200000D22E463146284602F046F801D84046A0
:10763000EAE742F22450015942F2FC4000598142EB
:1076400009D80021404602F037F901D83046DBE77F
:1076500086F00040D8E73146284602F0F1F921498A
:10766000009001F01FFF83461F4902F059F80746BA
:107670000021384602F020F801D84046C4E742F223
:1076800024510A5942F2FC410959501A02F000F8FB
:1076900001903946019802F00FF901D84046B3E74E
:1076A0003946019801F0FEFE83464FF07E520021DC
:1076B000FFF73FF881463146284602F0C1F94946B6
:1076C000009002F02DF88346314601F077FE8246A5
:1076D0000021404602F0F0F801D8504694E78AF0C5
:1076E000004091E70000404100007A44002242F24D
:1076F000BC410A50091D0A50091D0A50091D0A50B3
:10770000091D0A50091D0A50091D0A50704710B57D
:107710000446204600F027F82046FFF7E7FF204602
:1077200000F005F8002142F2F440015310BD0022A0
:1077300042F2DC410A50091D0A50091D0A50091D78
:107740000A507047002242F2EC410A52891C0A5248
:10775000891C0A52891C0A52891C0A52891C0A5225
:10776000891C0A527047002242F2A8410A50091DA2
:107770000A50091D0A50091D0A5042F2A0410A5040
:10778000091D0A50704770B5044642F2F441085F83
:1077900001F066FF054642F2A44211594FF413521C
:1077A00010592A46FEF77AFB70BD38B5044642F2FE
:1077B000D440005942F2B44500902B5942F2A445FE
:1077C0002A594FF4135529592D1F2859FEF7CAFB82
:1077D00038BD00002DE9F04798B0824600F06EFFFA
:1077E00010B918B0BDE8F0879AF89C0000284BD07B
:1077F000DAF8980001F0B6FD04460D46DAF8940078
:1078000001F0B0FD06460F46DAF8900001F0AAFD3F
:1078100080468946DAF88C0001F0A4FDCDE9160116
:10782000DAF8880001F09EFDCDE91401DAF8840051
:1078300001F098FDCDE91201DAF8800001F092FD27
:10784000CDE90A89CDE90C67CDE90E45CDE91001F6
:10785000DDE91601CDE90801DDE91401CDE90601F4
:10786000DDE91201CDE90401DDE91001CDE90201F4
:10787000DAF8A4000090BAF89E30294A4FF420713B
:107880002848F8F7C1FC45E0DAF8980001F06AFDF5
:1078900004460D46DAF8940001F064FDCDE91601C6
:1078A000DAF8900001F05EFD06460F46DAF88C002B
:1078B00001F058FDCDE91401DAF8880001F052FD1D
:1078C000CDE91201DAF8840001F04CFDCDE9100198
:1078D000DAF8800001F046FD80468946CDE90C4586
:1078E000DDE91601CDE90867CDE90A01DDE91401FA
:1078F000CDE90601DDE91201CDE90401DDE9100160
:10790000094ACDE90089CDE902014FF4207105480B
:10791000F8F77AFC034800F0A9FD00BF61E700001A
:10792000D0A30008041000208CA3000810B5044662
:1079300000F0C4FE00B910BD42F2FA42115D42F2FD
:10794000245210592246FAF7FBFF00221146204626
:1079500000F002F800BFEEE707B5C6B04698B0F8F1
:107960006C10B0F86E00081A00B2459000F0A6FE48
:1079700008B949B000BD479800287DD0FEF7E6F968
:107980004490FEF7DDF94390FD480078FFF712F8C8
:1079900042904698006B2D9001F0E4FC419140909C
:1079A0004698406B2D9001F0DDFCCDE93E014698F4
:1079B00000F50050D0F8D4042D9001F0D3FCCDE9AF
:1079C0003C01469800F50050D0F8C8042D9001F015
:1079D000C9FCCDE93A01469800F50050D0F8B4044E
:1079E0002D9001F0BFFCCDE93801469800F500501C
:1079F000D0F8A8042D9001F0B5FCCDE936014698E9
:107A000000F50050D0F8C0042D9001F0ABFCCDE99A
:107A10003401469800F50050D0F8BC042D9001F0D8
:107A2000A1FCCDE93201469800F50050D0F8A4043D
:107A30002D9001F097FCCDE93001469800F50050FB
:107A4000D0F8A0042D9001F08DFCCDE92E01CD4B96
:107A5000429A439944981B68CDE92832CDE92A100F
:107A6000C9480368469890F8751090F87420B0F9EA
:107A70007200CDE9261300E06FE0CDE924024698BC
:107A8000B0F97010B0F96E30B0F96C00459ACDE9DC
:107A900021322391209042F2F2414698415E42F217
:107AA000F042825E42F2EE43C35E00F50050B0F950
:107AB000EC04CDE91D321F911C9041994098CDE90D
:107AC0001A01DDE93E01CDE9180142F2F84146987C
:107AD000415E42F2F642825E00F50050B0F9F404D5
:107AE000CDE915211490DDE93C01CDE91201DDE974
:107AF0003A01CDE91001DDE93801CDE90E01DDE9FA
:107B00003601CDE90C01DDE93401CDE90A01DDE9F9
:107B10003201CDE90801DDE93001CDE90601DDE9F9
:107B20002E01CDE90401469800F5005090F8FA14B2
:107B3000469AB2F89E204898CDE9002002914698D6
:107B400000F50050D0F824050346904A4FF44071E8
:107B50002D908F48F8F758FBE5E0FEF7F7F84490D2
:107B6000FEF7EEF8439086480078FEF723FF429038
:107B70004698006B2D9001F0F5FB4191409046989E
:107B8000406B2D9001F0EEFBCDE93E01469800F5EB
:107B90000050D0F8D4042D9001F0E4FBCDE93C0175
:107BA000469800F50050D0F8C8042D9001F0DAFB9B
:107BB000CDE93A01469800F50050D0F8B4042D9074
:107BC00001F0D0FBCDE93801469800F50050D0F81F
:107BD000A8042D9001F0C6FBCDE93601469800F5CA
:107BE0000050D0F8C0042D9001F0BCFBCDE9340169
:107BF000469800F50050D0F8BC042D9001F0B2FB7F
:107C0000CDE93201469800F50050D0F8A4042D903B
:107C100001F0A8FBCDE93001469800F50050D0F8FE
:107C2000A0042D9001F09EFBCDE92E01554B429A08
:107C3000439944981B68CDE92632CDE92810524873
:107C40000368469890F8751090F87420B0F97200A7
:107C5000CDE92413CDE922024698B0F97010B0F9AD
:107C60006E30B0F96C00459ACDE91F3221911E901B
:107C700042F2F2414698415E42F2F042825E42F2A6
:107C8000EE43C35E00F50050B0F9EC04CDE91B32C1
:107C90001D911A9041994098CDE91801DDE93E0106
:107CA000CDE9160142F2F8414698415E42F2F642B1
:107CB000825E00F50050B0F9F404CDE91321129072
:107CC000DDE93C01CDE91001DDE93A01CDE90E0124
:107CD000DDE93801CDE90C01DDE93601CDE90A0124
:107CE000DDE93401CDE90801DDE93201CDE9060124
:107CF000DDE93001CDE90401DDE92E01CDE9020124
:107D0000469800F5005090F8FA040090469800F567
:107D10000050D0F8240503461E4A4FF440712D90C0
:107D20001B48F8F771FA1A4800F0A0FB479830BBDF
:107D3000469800F5005090F8FA0400B3469800F514
:107D40000050D0F8A4043F9001F00CFB4391429006
:107D5000469800F50050D0F8C0043F9001F002FBB7
:107D600041914090469800F50050B0F9F404049019
:107D700043994298CDE90201419940980CE015E001
:107D8000840000208C000020880000200CA5000842
:107D90008412002028A4000808A2CDE90001602177
:107DA0000C48F8F731FA0B4800F060FB0A4800680D
:107DB000401C0949086000BFDBE5000073616D707D
:107DC0006C65733A252E36662C252E36662C256476
:107DD0000D0A0000841500208800002011B5F3B0C2
:107DE0007398B0F86C10B0F86E00081A00B2719079
:107DF0000020709000F062FC08B974B010BD739858
:107E000090F89C0000287CD0739800F50050D0F8C2
:107E100024157398D0F8A000081A7090FDF796FF0B
:107E20006F90FDF78DFF6E907398D0F89800479093
:107E300001F098FA6D916C907398D0F89400479087
:107E400001F090FA6B916A907398D0F89000479087
:107E500001F088FA699168907398D0F88C00479087
:107E600001F080FA679166907398D0F88800479087
:107E700001F078FA659164907398D0F88400479087
:107E800001F070FA63916290FCF71CF96190FCF7C5
:107E90009FF960907398006B479001F063FA5F91CF
:107EA0005E907398006C479001F05CFA5D915C9075
:107EB0007398C06B479001F055FA5B915A90739894
:107EC000406B479001F04EFA59915890739800F525
:107ED0000050D0F8D404479001F044FA57915690DE
:107EE000739800F50050D0F8C804479001F03AFAB2
:107EF00055915490739800F50050D0F8B404479011
:107F000000E011E101F02EFA53915290739800F5C0
:107F10000050D0F8A804479001F024FA51915090F5
:107F2000739800F50050D0F8C004479001F01AFA99
:107F30004F914E90739800F50050D0F8BC044790D4
:107F400001F010FA4D914C90739800F50050D0F864
:107F5000A404479001F006FA4B914A90739800F5FB
:107F60000050D0F8A004479001F0FCF949914890E6
:107F7000FE4A6E996F981268FD4B1B6842934392BC
:107F8000449145906D996C98419140906B996A9895
:107F9000CDE93E0169996898CDE93C0167996698F9
:107FA000CDE93A0165996498CDE938016399629801
:107FB000CDE93601739890F8751090F87420B0F9F7
:107FC0007230B0F97000CDE932323491319073984B
:107FD000B0F96E20B0F96C3000F50050B0F9F20441
:107FE0007199CDE92E3230912D9042F2F041739883
:107FF000415E42F2EE42825E00F50050B0F9EC04C0
:10800000DC4B1B68CDE92930CDE92B21DA48036828
:10801000739AB2F90A20D94CB4F90040121B619945
:10802000609826AC0BC425927398B0F90800D44927
:10803000B1F90010411A7398B0F90600D14AB2F9AB
:108040000020821A7398B0F90400CF4BB3F90030C6
:10805000C01A739BB3F90230CC4CB4F900401B1B1F
:10806000CDE92130CDE923217398B0F90000C8494A
:10807000B1F90010401A20905F995E98CDE91E0179
:108080005D995C98CDE91C015B995A98CDE91A017C
:1080900059995898CDE9180142F2F8417398415E18
:1080A00042F2F642825E00F50050B0F9F404CDE9E8
:1080B0001521149057995698CDE912015599549865
:1080C000CDE9100153995298CDE90E01519950987C
:1080D000CDE90C014F994E98CDE90A014D994C9884
:1080E000CDE908014B994A98CDE90601499948988C
:1080F000CDE90401739800F5005090F8FA04739AE2
:10810000B2F89E207099CDE900210290739800F595
:108110000050D0F8240503469E4A4FF4A0614790D2
:108120009D48F8F771F896E1FDF710FE6F90FDF7A6
:1081300007FE6E907398D0F89800479001F012F9FE
:108140006D916C907398D0F89400479001F00AF903
:108150006B916A907398D0F89000479001F002F903
:10816000699168907398D0F88C00479001F0FAF804
:10817000679166907398D0F88800479001F0F2F804
:10818000659164907398D0F88400479001F0EAF804
:1081900063916290FBF796FF6190FCF719F860908D
:1081A0007398006B479001F0DDF85F915E907398D3
:1081B000006C479001F0D6F85D915C907398C06BAD
:1081C000479001F0CFF85B915A907398406B4790BD
:1081D00001F0C8F859915890739800F50050D0F804
:1081E000D404479001F0BEF857915690739800F56B
:1081F0000050D0F8C804479001F0B4F8559154905D
:10820000739800F50050D0F8B404479001F0AAF834
:1082100053915290739800F50050D0F8A8044790FD
:1082200001F0A0F851915090739800F50050D0F8EB
:10823000C004479001F096F84F914E90739800F566
:108240000050D0F8BC04479001F08CF84D914C9050
:10825000739800F50050D0F8A404479001F082F81C
:108260004B914A90739800F50050D0F8A0044790C5
:1082700001F078F8499148903C4A6E996F981268DD
:108280003B4B1B6840934192429143906D996C988F
:10829000CDE93E016B996A98CDE93C0169996898EE
:1082A000CDE93A0167996698CDE9380165996498F6
:1082B000CDE9360163996298CDE93401739890F85D
:1082C000751090F87420B0F97230B0F97000CDE9F3
:1082D000303232912F907398B0F96E20B0F96C3033
:1082E00000F50050B0F9F2047199CDE92C322E91CD
:1082F0002B9042F2F0427398825E42F2EE41415E70
:1083000000F50050B0F9EC041A4B1B68CDE927309A
:10831000CDE9291218480368739AB2F90A20174C5C
:10832000B4F90040121B6199609824AC0BC42392ED
:108330007398B0F908001249B1F90010411A739806
:10834000B0F906000F4AB2F90020821A7398B0F90A
:1083500004000D4BB3F90030C01A739BB3F902301F
:108360000A4CB4F900401B1B18E000008C000020F0
:10837000880000209400002090000020AA00002027
:10838000A8000020A6000020A4000020A2000020D9
:10839000A000002074A70008E4150020CDE91F30DC
:1083A000CDE921217398B0F900002D49B1F90010F1
:1083B000401A1E905F995E98CDE91C015D995C980A
:1083C000CDE91A015B995A98CDE918015999589845
:1083D000CDE9160142F2F8417398415E42F2F6424D
:1083E000825E00F50050B0F9F404CDE9132112903B
:1083F00057995698CDE9100155995498CDE90E0139
:1084000053995298CDE90C0151995098CDE90A0140
:108410004F994E98CDE908014D994C98CDE9060148
:108420004B994A98CDE9040149994898CDE9020150
:10843000739800F5005090F8FA040090739800F5D6
:108440000050D0F824050346064A4FF4A061479037
:108450000548F7F7D9FE044800F008F800BFCCE45F
:10846000A000002000A60008E415002010B5044676
:1084700004B910BD2046FDF705FE00BFF9E7000076
:1084800070B50446064A07492046FEF752F90446ED
:10849000204600F0DAFA0546FEF774FA70BD0000D7
:1084A00000007042000070C22DE9F047044600252C
:1084B0000A2104F16400FBF721FC42F2FA40005D5E
:1084C00040B92046FFF73EF9FCF728FDFCF734FCE5
:1084D000BDE8F0872046D4F88010FFF785F842F217
:1084E000A0410851B4F96E0001F0BAF80746B4F99A
:1084F0006C0001F0B5F88046394600F05FFF064693
:108500004FF07C5101F00CF942F2A44108510A46A7
:108510001159121F105901F093FA42F2A841085163
:108520000859284901F0FCF8064642F2AC400159CE
:10853000304600F043FF42F2AC4108510859224A4C
:108540002249FEF7F6F842F2AC4108510A1D1159D2
:1085500042F2A842105901F073FA0646194900F098
:10856000A1FF05462946D4F88C0001F0D9F807464A
:1085700042F2AC421159D4F8880001F0D1F880469B
:1085800042F2A8421159D4F8840001F0C9F881469A
:10859000414600F013FF0646394600F00FFF42F255
:1085A000B441085108590A4A0A49FEF7C2F842F292
:1085B000B441085142F2A840015942F2B040015181
:1085C00000BF85E70AD7233C0000C8430000C8C3AA
:1085D00000007042000070C2F0B599B004460D462C
:1085E000642221466846F8F7BEF8002658E068463F
:1085F000FBF7FAFE002845D09DF86000002841D026
:1086000029480068401C2849086008460068274936
:1086100008609DF8620098B325496846FBF78AFF19
:10862000FEF7BFF90746642269462046F8F79BF833
:1086300042F230500F990151001D0D990151001D5A
:108640000C99015142F22450015942F22C5001512F
:1086500042F22450015942F208500151012142F2E4
:108660002850015542F2D8400D990151002142F2A3
:108670003C5001553846FEF79AF9012019B0F0BD7B
:10868000FFE708E00B480068401C0A4908600846FC
:108690000068094908600120FBF725FA701C86B2C2
:1086A000AE42A4DB0020E9E7900000209800002003
:1086B0000AD7A33B940000209C00002003480078C8
:1086C00008B9012070470020FCE70000840000206A
:1086D00070B504460D4600261AE02046FBF784FEDE
:1086E00088B194F8600070B10B480068401C0A49DA
:1086F0000860084600680949086009492046FBF7F8
:1087000019FF012070BD0120FBF7EDF9701C86B246
:10871000AE42E2DB0020F5E7900000209800002048
:108720000AD7A33B10B5044604E00B49204601F0EC
:1087300087F904460949204601F0BEF8F5D304E064
:108740000549204600F03AFE04460549204600F05F
:10875000B3FFF5D3204610BD0000B44300003443FE
:10876000000034C3F0B5D7B005460E46FFF7A6FFAC
:1087700008B957B0F0BDB5F89E00B04202D000F085
:108780001BFCF6E795F89C0010B995F8A80010B905
:1087900000F012FCEDE733463DA24FF4807117A8BC
:1087A000F7F732FD17A8FFF761FE3F48FFF75EFEBF
:1087B000002757E0C7EBC70000EB071105F1AE003B
:1087C00000EB4104B4F92C00B4F92A10B4F92820C4
:1087D000B4F92630CDE91332CDE91510B4F92400EF
:1087E000B4F92210B4F92020B4F91E30CDE90F32CB
:1087F000CDE91110B4F91C10B4F91A00B4F918201D
:10880000B4F91630CDE90B32CDE90D01B4F91400FD
:10881000B4F91210B4F91020B4F90E30CDE90732D2
:10882000CDE90910B4F90C10B4F90A20B4F9080024
:10883000B4F90630CDE90330CDE90521B4F90410CF
:10884000A0782288CDE900200291B5F89E30174A21
:108850004FF4807117A8F7F7D7FC17A8FFF706FEAB
:10886000781C87B2B5F8AA00B842A3DC334610A240
:108870004FF4807117A8F7F7C7FC17A8FFF7F6FDAC
:10888000002085F8A80010A000F0A0FB00BF70E752
:108890004558505F44554D505F424547494E206909
:1088A000643D25750D0A0000FCA8000840A30008DF
:1088B0004558505F44554D505F454E442069643DD6
:1088C00025750D0A000000004558505F44554D5075
:1088D00000000000002100F89C1F417041804160B1
:1088E00081600173C1810A2101829C3870470000B8
:1088F00070B58EB004460E461546012084F89C00E3
:10890000A4F89E6042F22450005944F8A00F65601C
:10891000002020726081A03C002142F21C500151D5
:10892000001D01510DB90A2007E005F1C701C82259
:10893000B1FBF2F00A2800D20A20A4F8AC003346BA
:1089400005A2302102A80095F7F75EFC02A8FFF708
:108950008DFD0EB070BD00004558505F535441521C
:10896000542069643D2575206D733D256C750D0A95
:108970000000000030B589B004460D4694F89C0014
:10898000D0B1B4F89E00A84216D12046FBF73AF8C1
:10899000002084F89C00012084F8A8002B4608A23F
:1089A00024216846F7F730FC6846FFF75FFD08A012
:1089B00000F00CFB09B030BD00F0FEFA00BFF9E793
:1089C0004558505F454E442069643D25750D0A00A9
:1089D0004558505F53544F500000000070B5054695
:1089E0000C46FFF76BFE00B970BD224601212846F8
:1089F000FEF7B2FF00BFF7E70446204600F014F888
:108A000000BF0748006800F4E06006490843001D05
:108A100003490860BFF34F8F00BF00BFFEE70000AF
:108A20000CED00E00000FA0510B5044601214FF0FE
:108A3000C050FCF7B5FC0120FCF7AAFCE0B240F402
:108A400025410420F9F78EFE10BD10B50446002123
:108A5000204600F031FF06D84FF07C51204600F050
:108A6000ADFC044605E04FF07C51204600F0E8FFE5
:108A70000446204600F0D8FD00B210BD10B51446E3
:108A800000222260114A21F000439342A8BF10BD8A
:108A900053EA000208BF10BDB3F5801FA8BF2268CB
:108AA00007DA362201F078F86FF0350221F0004342
:108AB0002260DFF81CC06FF31E510CEB23531A44E5
:108AC00041F0FF5141F00051226010BD0000F07FE5
:108AD00002FCFFFF70B504460D4629462046FBF711
:108AE0004BFA08B9012070BD0020FCE72DE9F041E8
:108AF00006460C4640F2FF75174635EA14502BD057
:108B000000221346304600F02BFB25D03A46304673
:108B1000214601F041F806460C4635EA145010D0C3
:108B200000221346304600F01BFB15D10220F7F758
:108B3000DEFEFDF783FB0A46214662F31E01BDE817
:108B4000F0810220F7F7D3FEFDF771FB0A462146BC
:108B500062F31E01BDE8F08130462146BDE8F08198
:108B600090B0FBF75BFF0F90FBF718F90746002466
:108B70000025FCF7ADFA8FA201210846FCF7ADFBFA
:108B80008FA201210220FCF7A8FB009790A21121DF
:108B90000AA80F9BF7F738FB0AAA01210320FCF76C
:108BA0009CFB8FA201210420FCF797FBFCF718FC2B
:108BB0008FA201210420FCF790FBFBF719FFFBF7C4
:108BC00057FA8FA201210420FCF787FB002190486F
:108BD000FAF750FD8FA201210420FCF77EFBFCF781
:108BE000A9FEFBF75FFFE4E08948FAF789FCFBF791
:108BF000BFFE0646022E0DD10CB9012000E0002078
:108C0000044624B100252846FBF784FF36E0FBF735
:108C100049FF33E054B1012E08D1681CC5B2042DC0
:108C200000D300252846FBF775FF27E0012E25D14C
:108C30007C4890F8FA04E0B97BA201210846FCF7D1
:108C40004CFB7348FAF788FD7148FAF7CFFD70487E
:108C5000FAF7E8FD28B179A201210846FCF73DFBAF
:108C60000CE07BA201210846FCF737FBFBF71AFF5B
:108C700004E06748FAF7C6FEFBF714FF6948D0F82E
:108C8000240578490968401A322808D36548D0F885
:108C90002405744908601CB12846FBF73BFF87E0B8
:108CA0006048D0F8240542F21071B0FBF1F201FBEC
:108CB00012080423424607210120FCF7B7FA6A484C
:108CC00000684FF47A71B0FBF1F201FB1208032344
:108CD00042460E210120FCF7A9FA644800684FF4CF
:108CE0007A71B0FBF1F201FB120803234246022124
:108CF0000846FCF79BFA4649486B5D4900F010FDB9
:108D0000814600F091FC8046042342460721022060
:108D1000FCF7AFFA4349D1F8C804554900F000FD0B
:108D2000814600F081FC8046032342460D2102204B
:108D3000FCF79FFA3B49D1F8D4044D4900F0F0FC10
:108D4000814600F071FC804603234246022118460A
:108D5000FCF78FFA3348B0F9EC24032308211846B6
:108D6000FCF787FA2F48B0F9EE2403230D211846AB
:108D7000FCF77FFAFBF7CCF98046FBF7A9F98146AF
:108D8000FBF7A0F98246FBF723FA8346CDE901A958
:108D9000CDF80C800090234890F8FA3435A21121C8
:108DA00005A8F7F731FA05AA01210420FCF795FA86
:108DB00000BF19E7436172204578616D706C6500F2
:108DC000496E697469616C697A696E672E2E2E002E
:108DD0005253543D257320463D2530327500000026
:108DE000424F4F543D4F4C4544202020202020002E
:108DF000424F4F543D4B4559202020202020200039
:108E0000424F4F543D4354524C20202020202000FC
:108E1000641C0020424F4F543D544D5220202020CE
:108E200020202000643C00205374617274696E67D6
:108E30002E2E2E20202020200000000052756E6E65
:108E4000696E672E2E2E202020202020000000009A
:108E50005374617274204661696C202020202020A8
:108E600000000000B0000020980000209C000020BE
:108E700000002041522575572530325841253032A7
:108E800058532575502530325800000008B5002091
:108E9000009004E09DF80000401CC0B200909DF8D6
:108EA00000000C28F6DB08BD2DE9F04105463D2108
:108EB0002846F7F703FC044614B90020BDE8F0810A
:108EC000601CFDF721FC064600F004F9F6E770B5DA
:108ED00004462046FFF7E8FF054600F0A5FB00B278
:108EE00070BD00002DE9F047A6B0FAF757FF8246A3
:108EF0007F20FCF7E9FA08B1012000E000200446D9
:108F00007E20FCF7E1FA08B1012000E000200546D0
:108F10007D20FCF7D9FA08B1012000E000200646C8
:108F20007C20FCF7D1FA08B1012000E000200746C0
:108F30007B20FCF7C9FA08B1012000E00020804640
:108F40007A20FCF7C1FA08B1012000E00020814638
:108F50004B4609A2802106A8CDE9044ACDE9008745
:108F6000CDE90265F7F750F906A8FFF77FFAFCF79D
:108F700037FA26B0BDE8F087424F4F542070696E33
:108F80003D257520706F723D257520736674723DA6
:108F9000257520697764673D257520777764673D7F
:108FA0002575206C7077723D2575206661756C742F
:108FB0003D25750D0A00000010B502A0FFF756FA16
:108FC00010BD00004552520D0A00000010B586B0D9
:108FD0000446234604A218216846F7F715F96846A7
:108FE000FFF744FA06B010BD4F4B2025730D0A0061
:108FF00010B58CB00446234604A230216846F7F72A
:1090000003F96846FFF732FA0CB010BD54524143E1
:10901000452025730D0A000070B5054600F088FC58
:10902000044620F00040C0F1FF40C00F08D025F0FA
:109030000040C0F1FF40C00F04BF0120F7F757FC0C
:10904000204670BD10B5024602B109B9002010BD1E
:1090500007E012F8013B11F8014BA34201D00020B8
:10906000F5E708780028F4D10120F0E7411C88B228
:10907000B0F5006F00DB00207047000010B500293C
:109080000AD00878002807D005487844F7F7E6FBAF
:10909000002801D0002010BD0248784410BD000017
:1090A000521A00004A1A000010B500290AD00878A8
:1090B000002807D005487844F7F7D0FB002801D0F6
:1090C000002010BD0248784410BD0000421A000084
:1090D0003A1A000021F00042A2F16052B2F5801F5E
:1090E00001F0004328BFD2F17F6C0BD95FEA001C6E
:1090F00043EAC20242EB507018BF704728BF20F00D
:1091000001007047B2F5801FBCBF184670474FEA98
:10911000410C1CF5001F02D2084600F0C8BB70B518
:1091200000F096F800000089FFF7F6BF4FF000400E
:10913000A0F580007047000002494FF0000000F0E9
:10914000F9BC00BF0000F87F491058BFC1F1404191
:109150005B1058BFC3F140438B42EFF30080704770
:1091600051EA030C17D41CF5801F58BFBCF5801FB3
:1091700000F10680994218BF704708BF90427047BF
:1091800007D711F5801F58BF13F5801F19D49942D6
:109190007047894270471CF5801F08D5BCF5801FB9
:1091A000F7D58B4218BF704708BF824270474FF413
:1091B000001C1CEB410F38BF1CEB430F01D28B424C
:1091C000704770B500F044F8922449004FF0005108
:1091D0004FF08053FFF7B8BF51EA030C17D41CF5CA
:1091E000801F58BFBCF5801F00F10680994218BF50
:1091F000704708BF9042704707D711F5801F58BFCE
:1092000013F5801F19D499427047894270471CF5A5
:10921000801F08D5BCF5801FF7D58B4218BF70475B
:1092200008BF824270474FF4001C1CEB410F38BF4F
:109230001CEB430F01D28B42704770B500F008F869
:10924000922449004FF000514FF08053FFF77CBF4C
:109250000EF1020E2EF0030E5EF8046B364205D4BA
:10926000012A43EB030515F5001F12D8012841EB35
:10927000010C1CF5001F0CD80ED14FEAD17C15F55E
:10928000001F0CEB4C0C0CF1020C08BF4CEBD37C18
:1092900004E04FF0080C01E04FEAD37C0CEB4C05E6
:1092A00026FA05F606F00706B6F1040C06D20EEB18
:1092B000860CBDE870404CF0010C6047DFE80CF014
:1092C000090B02024FF000414FF00000A1F5002110
:1092D00070BD19461046012851EB010418BFD4F5A2
:1092E000001484BF002001F0004170BD0808A0F503
:1092F00000114FEA3101704753EA010C17D41CF5F5
:10930000801F58BFBCF5801F00F106808B4218BF3C
:10931000704708BF8242704707D713F5801F58BFB8
:1093200011F5801F19D48B4270479B4270471CF582
:10933000801F08D5BCF5801FF7D5994218BF70472C
:1093400008BF904270474FF4001C1CEB430F38BF1E
:109350001CEB410F01D2994270470FB40CBC03BC07
:10936000FFF76BBF43004FEAD30C4FEA3C0C43407E
:109370001FBF40070CF1605113F0FE4F70471CF007
:10938000006F03D100200CF0004170470CF0004347
:1093900043EA507010B540EACC0000F042FA00BF3A
:1093A000000000924FEA0001FFF7A0BF4FF000411C
:1093B0004FF00000A1F500217047000090EA010F76
:1093C00048BF81F0004100F14283421A3CBF801A3D
:1093D00089184FEAD0524FF07F4C1CEA410FA2EBA4
:1093E000D15318BF9CEA026F00F03B804FF0004C55
:1093F0004CEA00204CEA012121FA03FC10EB0C0C92
:109400001ED202F1FF325FEA1C2040EBC25038BF8F
:1094100070471CF07F0F4FEA400C18BFBCF17F4F24
:1094200038BF7047C3F12003994008BF20F0010006
:10943000BCF17F4F38BF7047A0F1C04000F037BA91
:109440004FEA3C00000A40EBC25028BF1CF0FF0F5F
:109450004FEA400CE6D018BFBCF17F4F38BF7047D1
:10946000EAE79CEA026F05D010EA5C0F08BF00F043
:109470000040704710B500F0D4F900BF64FBBE3E59
:10948000014800F057BB00BF0000C07F401058BF2C
:10949000C0F14040491058BFC1F140418142EFF353
:1094A000008070474FF47F0C1CEAD0121EBF1CEAEC
:1094B000D11392EA0C0F93EA0C0F00F0858090EA2A
:1094C000010F48BF42F4807240F4000C41F40000E8
:1094D0002CF07F4120F07F4000B58142A2EB0302D7
:1094E0000FF2081CACEB504EC0F100009EF800E0FB
:1094F0004FEA4E0E00FB0EFC38BF49004FEA2C1C11
:1095000002F5FA020CFB0EF34FEACE1E4FEA112CC5
:109510004FEAC1210EEB635E42EB22420EFB0CFCD4
:109520004FEA1C5300FB03114FEA112C4FEA0131A3
:109530000EFB0CFC4FEADC4C00FB0C11C14228BFB7
:1095400009184CEB03335DF804EB10EB410143EBDE
:10955000C250B2F57C0F38BF704729D512F0F00F1A
:109560001CBF00F1C04000F00040704700818283C2
:109570008485868788898B8C8D8E8F919293959622
:1095800097999A9C9D9FA0A2A3A5A7A8AAACAEB0AC
:10959000B2B3B5B7B9BCBEC0C2C5C7C9CCCED1D4B1
:1095A000D7D9DCDFE2E6E9ECF0F3F7FAFE000000E1
:1095B0004FEA400C0CF1807CBCF17E4F28BF704715
:1095C000B0F1C04000F073B990EA010F0CEAD1137A
:1095D00048BF42F48072624538BF634507D213F436
:1095E0007F0F16D080EA010000F00040704710B5F0
:1095F00000F017F9097EFC3E00F005B880EA010092
:1096000000F00040704780EA010000F0004000F0E8
:109610004EB912F47F0F04BF0248704780EA010080
:1096200000F045B90000C07F41000B0ED3F19E024F
:1096300008D950F400034FEA032323FA02F048BF8D
:109640004042704710B500F0ECF800BF499224800A
:10965000002070476FF0004282EA2000704700004F
:1096600010F0004148BF4042B0FA80F310FA03F214
:10967000C3F19D030BD051EAC35101EB12205306F5
:1096800038BF704700F1010008BF20F001007047AB
:10969000B0FA80F310FA03F2C3F19D030AD0D905A2
:1096A00001EB1220530638BF704700F1010008BFDC
:1096B00020F001007047000050EA010C00F1138017
:1096C0001CF5000F58BFBCF5000F01D4884270474D
:1096D00007D710F5000F58BF11F5000F15D48842B9
:1096E0007047894270471CF5000F04D5BCF5000F88
:1096F000F7D5814270474FF0807C1CEB400F38BF9C
:109700001CEB410F01D28142704710B500F089F87F
:10971000922449004FF000504FF08051FFF7B6BE41
:109720004FF47F0C1CEAD0121EBF1CEAD11392EA40
:109730000C0F93EA0C0F00F0478090EA010F48BF2E
:1097400042F480724FF0004C4CEA00204CEA0121B8
:1097500002EB0302A0FB0113A2F50002002918BFCF
:1097600043F001035B0028BF4FEA330342EB224280
:109770005FEA132C4CEBC2502EBFBCEB436FB2F52B
:109780007C0F70474FEA036CBCF1004F08BF20F01C
:109790000100B2F57C0F38BF70470BD582F0FF0295
:1097A00012F5803FC8BF704700F1C040D8BF00F03D
:1097B0000040704700F5000C5FEA4C0C48BF704752
:1097C000B0F1C04000F073B890EA010F0CEAD11379
:1097D00048BF42F48072624538BF634504D280EAD4
:1097E000010000F00040704710B500F01AF800BF0B
:1097F0008900013E00F007B800F009B85FEA410CAB
:109800005FEA1C6C08D080EA010000F050B85FEA03
:10981000400C5FEA1C6CF6D14FF00040A0F58000D0
:1098200070470EF1020E2EF0030E5EF8044B244238
:1098300004D44FEA4102B2F17F4F11D84FEA4003FE
:10984000B3F17F4F0CD80ED14FEAD07CB2F17F4FED
:109850000CEB4C0C0CF1020C08BF4CEBD17C04E07F
:109860004FF0080C01E04FEAD17C0CEB4C0324FADA
:1098700003F404F00704B4F1040C06D20EEB840CDC
:10988000BDE810404CF0010C6047DFE80CF0070821
:1098900002024FF00040A0F5800010BD08464200D3
:1098A00018BFD2F1807288BF00F0004010BDFF21C8
:1098B00041EAD050C005704751EA000C00F1138016
:1098C0001CF5000F58BFBCF5000F01D48142704752
:1098D00007D711F5000F58BF10F5000F15D48142BE
:1098E0007047894270471CF5000F04D5BCF5000F86
:1098F000F7D5884270474FF0807C1CEB410F38BF92
:109900001CEB400F01D28842704780EA010081EAD7
:10991000000180EA0100FFF7F8BE80F0004090EA05
:10992000010F7FF552AD81F0004100F090B80000CA
:109930004FEAD051002988BFD1F1FF0240F2758073
:1099400001F17D014FEA002070B5490840F0004068
:1099500038BF40080EA2430E040CD25C02FB02F397
:1099600004FB03F3C3F14043A3FB0254ED0D45EAAE
:10997000442202FB02F3A0FB03546D42C4F14044B5
:1099800038BF641EA2FB05350023E2FB0453EA0B3B
:1099900042EA4342A0FB023212F14004A2F1210349
:1099A000E40903F07F031F2B32D904EBC15070BDD3
:1099B000FEFAF7F3F0ECE9E6E4E1DEDCD9D7D4D245
:1099C000D0CECCCAC8C6C4C2C1BFBDBCBAB9B7B676
:1099D000B4B3B2B0AFAEACABAAA9A8A7A6A4A3A2D9
:1099E000A1A09F9E9E9D9C9B9A99989797969594CF
:1099F0009393929190908F8E8E8D8C8C8B8A8A8986
:109A00008988878786868584848383828281818012
:109A100004FB04F6B6EB004603D5E64248BF641CDF
:109A2000C3E7A64258BF641CBFE711F0FF0F02D185
:109A300000F00040704710B5FFF7F3FE7FDBFFBE7C
:109A400090EA010F48BF81F000413FF5BEAC421AD9
:109A500004D882F00042A0EB020011444FEAD05239
:109A60004FF07F4C1CEA410FA2EBD15318BF9CEA88
:109A7000026F4AD04FF0004C4CEA00204CEA012122
:109A800021FA03FCB0EB0C0C0FD412F0FE0F36D011
:109A90005FEA4C001DD5001240EBC25038BF704742
:109AA0001CF03F0F18BF70470BE0A2F101025FEA04
:109AB0001C2040EBC25038BF70471CF07F0F18BF0E
:109AC0007047C3F12003994014BF401E20F00100ED
:109AD000704780084FEA122308BF7047B0FA80FC35
:109AE000A2EB0C02CCF1280C60FA0CF093EA122FD6
:109AF00004BF00EBC25070474FEAC3707047130AAF
:109B00005FEADC1008BF7047F6E79CEA026F04D0FA
:109B100010EA5C0F08BF0020704710B5FFF781FE08
:109B200040DFF63E81F0004070474FF00000704784
:109B3000F7F715B80CF00F03092B08BF082000F049
:109B400085800A2B0BD0082B18BF704708BF1CF06C
:109B5000400F0AD04FF000004FF0000170471CF09A
:109B6000400F18BF4FF0004070471CF0100F08D096
:109B700020F0704300F07F4242EAD3014FEA437085
:109B8000704700F0604021F07F4242EA000201F09D
:109B90007F4040EA727070474FF0FF0C4CF4E06C6D
:109BA0001CEA11531CBF9CEA030C9445C2BFDA4265
:109BB00001EB02517047002B0DD0BCF1000F0FD00C
:109BC000002A01F00041A4BF41F0E04141F07F6173
:109BD0004FF00000704701F000414FF00000704767
:109BE00050EA01334FF09B0C18BF4CF0806C7FF4AF
:109BF000A3AA70474FF0FF0212EAD0521CBF92F0A6
:109C0000FF038B42C2BFD14200EBC1507047002A14
:109C10000AD0002B0BD0002900F00040A4BF40F078
:109C2000FE4040F40000704700F0004070474302DF
:109C30004FF00B0C18BF4CF0806C7FF421AC7047D8
:109C4000F7F7B0BDF7F70EBFF8F79CB81CF4801F0C
:109C500011D01CF4E02F03D06FEACC3149007047DB
:109C60004FF04050EFF3008222F0704242EA0002CF
:109C700082F3008870474FF000007047000000003A
:109C8000000000000000000000000000000000F8DC
:109C900000000000000000333000000000100C063F
:109CA000100C0600000000000000000040C07840DA
:109CB000C0784000043F04043F040400007088FCA6
:109CC00008300000001820FF211E0000F008F000FE
:109CD000E018000000211C031E211E0000F008886F
:109CE000700000001E2123241927211010160E00D9
:109CF000000000000000000000000000000000E084
:109D00001804020000000007182040000002041898
:109D1000E00000000040201807000000404080F0F4
:109D2000804040000202010F01020200000000F02A
:109D3000000000000101011F0101010000000000FE
:109D40000000000080B07000000000000000000073
:109D500000000000000101010101010100000000FC
:109D60000000000000303000000000000000000093
:109D700080601804006018060100000000E0100870
:109D80000810E000000F102020100F00001010F845
:109D9000000000000020203F202000000070080884
:109DA0000888700000302824222130000030088804
:109DB000884830000018202020110E000000C0202C
:109DC00010F8000000070424243F240000F808884D
:109DD000880808000019212020110E0000E01088DA
:109DE00088180000000F112020110E00003808080C
:109DF000C83808000000003F00000000007088081C
:109E000008887000001C222121221C0000E010089C
:109E10000810E0000000312222110F00000000C0F5
:109E2000C000000000000030300000000000008092
:109E30000000000000008060000000000000804082
:109E4000201008000001020408102000404040409B
:109E500040404000040404040404040000081020EE
:109E60004080000000201008040201000070480833
:109E70000808F0000000003036010000C030C8289B
:109E8000E810E0000718272423140B000000C03856
:109E9000E0000000203C23020227382008F88888D0
:109EA00088700000203F202020110E00C0300808DC
:109EB00008083800071820202010080008F80808B3
:109EC0000810E000203F202020100F0008F88888AC
:109ED000E8081000203F20202320180008F8888878
:109EE000E8081000203F200003000000C0300808F0
:109EF0000838000007182020221E020008F8080079
:109F00000008F808203F210101213F20000808F83F
:109F1000080800000020203F202000000000080862
:109F2000F8080800C08080807F00000008F888C022
:109F300028180800203F20012638200008F80800D3
:109F400000000000203F20202020300008F8F8000A
:109F5000F8F80800203F003F003F200008F830C01C
:109F60000008F808203F200007183F00E01008080C
:109F70000810E0000F10202020100F0008F808083B
:109F80000808F000203F210101010000E01008084E
:109F90000810E0000F18242438504F0008F8888873
:109FA00088887000203F2000030C30200070880853
:109FB000080838000038202121221C00180808F861
:109FC000080818000000203F2000000008F80800E2
:109FD0000008F808001F202020201F0008788800B3
:109FE00000C83808000007380E010000F80800F823
:109FF0000008F800033C0700073C030008186880CD
:10A000008068180820302C03032C30200838C80042
:10A01000C83808000000203F200000001008080891
:10A02000C83808002038262120201800000000FE33
:10A03000020202000000007F40404000000C30C0DF
:10A0400000000000000000010638C000000202020B
:10A05000FE000000004040407F00000000000402BD
:10A0600002020400000000000000000000000000E8
:10A0700000000000808080808080808000020204D8
:10A0800000000000000000000000000000008080D0
:10A09000808000000019242222223F2008F800803E
:10A0A00080000000003F112020110E000000008001
:10A0B00080800000000E1120202011000000008090
:10A0C0008088F800000E112020103F2000008080C2
:10A0D00080800000001F222222221300008080F0D6
:10A0E000888888180020203F202000000000808001
:10A0F00080808000006B94949493600008F8008046
:10A1000080800000203F210000203F2000809898A0
:10A11000000000000020203F202000000000008000
:10A120009898000000C08080807F000008F8000040
:10A1300080808000203F24022D302000000808F895
:10A14000000000000020203F202000008080808050
:10A1500080808000203F20003F20003F80800080E2
:10A1600080800000203F210000203F2000008080F0
:10A1700080800000001F202020201F0080800080A1
:10A180008000000080FFA12020110E000000008050
:10A1900080808000000E112020A0FF808080800041
:10A1A0008080800020203F2120000100000080806E
:10A1B000808080000033242424241900008080E063
:10A1C000808000000000001F202000008080000030
:10A1D00000808000001F202020103F208080800011
:10A1E0000080808000010E30080601008080008021
:10A1F000008080800F300C030C300F000080800046
:10A20000808080000020312E0E3120008080800070
:10A210000080808080818E70180601000080808020
:10A22000808080000021302C2221300000000000BE
:10A23000807C020200000000003F4040000000005F
:10A24000FF00000000000000FF0000000002027C90
:10A25000800000000040403F0000000000060101B7
:10A260000202040400000000000000004A4B2928FC
:10A27000303132333435363738394142434445463C
:10A280004030580030313233343536373839616236
:10A290006364656640307800040000080000000038
:10A2A0000000000200010000100000000240000059
:10A2B000000000A00000000005400000000000C8F1
:10A2C000000000000C4000000000409C0000000066
:10A2D000194000000020BCBE000000003440000017
:10A2E000BFC91B8E00000004B5400000504BCFD00A
:10A2F0006607E2CF010000006C4100003E8251AAD7
:10A30000DFEEA73401000000D9420000DCB5A0E276
:10A310003A301F97FFFFFFFFB4450000FD25A0C89E
:10A32000E9A3C14FFFFFFFFFFF3F000000000080D7
:10A3300000000000FF3F000000000080000000005F
:10A34000442025752C25752C25752C25642C256419
:10A350002C25642C25642C25642C25642C25642C48
:10A3600025642C25642C25642C25642C25642C253F
:10A37000642C25642C25642C25642C25642C2564F0
:10A380002C25642C25642C25640D0A0043464720A7
:10A3900074733D252E366620736B703D252E366610
:10A3A00020736B693D252E366620736B643D252E28
:10A3B000366620616B703D252E366620616B693DE7
:10A3C000252E366620616B643D252E36660D0A000B
:10A3D000434647206578705F69643D2575206D733D
:10A3E0003D256C752074733D252E366620736B7089
:10A3F0003D252E366620736B693D252E366620730B
:10A400006B643D252E366620616B703D252E3666C9
:10A4100020616B693D252E366620616B643D252EDB
:10A4200036660D0A000000004842207469636B3DE7
:10A43000256C752072756E3D25752074733D252E33
:10A4400033662061733D252E33662074613D252ED1
:10A4500033662061613D252E33662073653D252ED0
:10A46000336620736F3D252E33662061653D252EB2
:10A47000336620616F3D252E33662070776D3D2554
:10A48000642070633D25642068643D256420793D27
:10A49000252E33662079723D252E3366204C3D25CE
:10A4A0006420523D2564204F4C3D2564204F523D91
:10A4B000256420656C3D25642065723D256420651A
:10A4C000643D256420646C3D25642064723D2564F0
:10A4D00020636C3D25752063723D2575206F6B3DB3
:10A4E000256C75206661696C3D256C7520766F66FC
:10A4F000613D25732072783D256C752074786472F7
:10A500006F703D256C750D0A0000000048422074F4
:10A5100069636B3D256C75206578705F69643D25C6
:10A520007520745F6D733D256C752072756E3D25C9
:10A53000752074733D252E33662061733D252E33BF
:10A54000662074613D252E33662061613D252E33E2
:10A55000662073653D252E336620736F3D252E33AF
:10A56000662061653D252E336620616F3D252E33C3
:10A57000662070776D3D25642070633D25642068FA
:10A58000643D256420793D252E33662079723D2572
:10A590002E3366204C3D256420523D2564204F4CCF
:10A5A0003D2564204F523D256420656C3D25642087
:10A5B00065723D25642065643D256420646C3D25FD
:10A5C000642064723D256420636C3D2575206372B0
:10A5D0003D2575206F6B3D256C75206661696C3D6E
:10A5E000256C7520766F66613D25732072783D2558
:10A5F0006C7520747864726F703D256C750D0A005F
:10A6000053544154207469636B3D256C75207275F9
:10A610006E3D25752074733D252E36662061733D91
:10A62000252E36662074613D252E36662061613DFB
:10A63000252E36662073653D252E366620736F3DC8
:10A64000252E36662061653D252E366620616F3DDC
:10A65000252E36662070776D3D25642070633D257C
:10A66000642068643D256420793D252E366620707F
:10A670003D252E366620723D252E36662079723DA8
:10A68000252E36662061783D25642061793D25645C
:10A6900020617A3D25642067783D25642067793DF7
:10A6A000256420677A3D25642077686F3D307825E2
:10A6B00030325820616464723D3078253032582041
:10A6C00069636D5F6F6B3D256C752069636D5F66B7
:10A6D00061696C3D256C75204C3D256420523D25FB
:10A6E00064204F4C3D2564204F523D256420656C0D
:10A6F0003D25642065723D25642065643D25642008
:10A70000646C3D25642064723D256420636C3D25A6
:10A71000752063723D257520736B703D252E36665E
:10A7200020736B693D252E366620736B643D252EA4
:10A73000366620616B703D252E366620616B693D63
:10A74000252E366620616B643D252E3666206F6BA4
:10A750003D256C75206661696C3D256C75207278AD
:10A760003D256C7520747864726F703D256C750D95
:10A770000A00000053544154207469636B3D256CFA
:10A7800075206578705F69643D257520745F6D7311
:10A790003D256C752072756E3D25752074733D25C1
:10A7A0002E36662061733D252E36662074613D2568
:10A7B0002E36662061613D252E36662073653D2567
:10A7C0002E366620736F3D252E36662061653D2549
:10A7D0002E366620616F3D252E36662070776D3DE2
:10A7E00025642070633D25642068643D25642079DC
:10A7F0003D252E366620703D252E366620723D257D
:10A800002E36662079723D252E36662061783D25EC
:10A81000642061793D256420617A3D256420677854
:10A820003D25642067793D256420677A3D256420B5
:10A8300077686F3D30782530325820616464723D0E
:10A840003078253032582069636D5F6F6B3D256C21
:10A85000752069636D5F6661696C3D256C75204C80
:10A860003D256420523D2564204F4C3D2564204FFA
:10A87000523D256420656C3D25642065723D25644C
:10A880002065643D256420646C3D25642064723D30
:10A89000256420636C3D25752063723D257520730A
:10A8A0006B703D252E366620736B693D252E36660E
:10A8B00020736B643D252E366620616B703D252E1E
:10A8C000366620616B693D252E366620616B643DDE
:10A8D000252E3666206F6B3D256C75206661696C90
:10A8E0003D256C752072783D256C752074786472F6
:10A8F0006F703D256C750D0A000000004649454CFF
:10A9000044533A6578705F69642C745F6D732C7280
:10A91000756E2C746172676574537065656431304F
:10A920002C61637475616C537065656431302C748F
:10A930006172676574416E676C6531302C61637458
:10A9400075616C416E676C6531302C737065656440
:10A9500045727231302C73706565644F7574313097
:10A960002C616E676C6545727231302C616E676C5C
:10A97000654F757431302C4C2C522C656C2C6572E3
:10A980002C65642C70776D2C796177526174653118
:10A9900030302C61782C61792C617A2C67782C67A7
:10A9A000792C677A0D0A0000424E4F207469636B60
:10A9B0003D256C752072756E3D257520793D252EDF
:10A9C00033662079723D252E33662071303D252E69
:10A9D00035662071313D252E35662071323D252E9C
:10A9E00035662071333D252E35662077686F3D3002
:10A9F000782530325820616464723D3078253032D9
:10AA0000582070616464723D30782530325820736C
:10AA1000743D2575207077686F3D30782530325849
:10AA2000207366613D30782530325820736C613D6B
:10AA3000307825303258207368633D25752063686F
:10AA40003D2575207269643D307825303258206C80
:10AA5000656E3D257520747863683D257520747892
:10AA60006C656E3D257520776661696C3D257520A6
:10AA700073636C3D2575207364613D257520727389
:10AA8000743D257520696E743D257520696F6B3D99
:10AA9000256C752069663D256C752072783D256CA6
:10AAA00075207478643D256C750D0A0008AC0008AB
:10AAB00000000020B400000028010008BCAC000821
:10AAC000B4000020544700004401000800000000CA
:10AAD0000000F07FFFFFFFFFFFFFEF7F1C00000083
:10AAE00043000000F8FFFFFF0C0000000E00000014
:10AAF0000F0000002E0000001001000043000000C5
:10AB0000F8FFFFFF0040404040404040404041418E
:10AB10004141414040404040404040404040404032
:10AB200040404040400502020202020202020202CC
:10AB300002020202022020202020202020202002C9
:10AB40000202020202029090909090901010101059
:10AB500010101010101010101010101010101010F5
:10AB60000202020202028888888888880808080889
:10AB70000808080808080808080808080808080855
:10AB8000020202024000000000000000000000007D
:10AB900000000000000000000000000000000000B5
:10ABA00000000000000000000000000000000000A5
:10ABB0000000000000000000000000000000000095
:10ABC0000000000000000000000000000000000085
:10ABD0000000000000000000000000000000000075
:10ABE0000000000000000000000000000000000065
:10ABF0000000000000000000000000000000000055
:10AC0000000000000000000000000000010203043A
:10AC100001020304060708090204060800000000F8
:10AC2000000000000B001E0004FF0100280A0000C5
:10AC3000680000000000FA3D0000FA3C000000013E
:10AC40000000000000000000000000000000000004
:10AC500000000000000000000000000000000000F4
:10AC600000000000000000000000000000000000E4
:10AC700000000000000000000000000000000000D4
:10AC800000000000000000000000000000000000C4
:10AC900000000000000000000000000000000000B4
:10ACA00000000000000000000000000000000000A4
:0CACB00000000000000000000000000098
:04000005080000ED02
:00000001FF
